kind,probe,cond_A,cond_B,ep_A,ep_B,t0,t_rel_s,cmd_mismatch,D_state,d_lin_vel,d_ang_vel,d_gravity,d_joint_pos,window_type,max_du
cross,probe_1_straight,normal,friction_low,d0_ep00386,d0_ep00339,19,0.95,0.0,2.437137447297573,0.0648680180311203,1.7736204862594604,0.07218191772699356,1.0529340505599976,steady,0.0
cross,probe_1_straight,normal,friction_low,d0_ep00386,d0_ep00340,19,0.95,0.0,4.432433471083641,0.6174418926239014,3.3112895488739014,0.10445748269557953,0.7984890937805176,steady,0.0
cross,probe_1_straight,normal,friction_low,d0_ep00386,d0_ep00353,19,0.95,0.0,1.8683816641569138,0.08271460235118866,1.2878116369247437,0.032715678215026855,0.9302794933319092,steady,0.0
cross,probe_1_straight,normal,friction_low,d0_ep00386,d1_ep00038,19,0.95,0.0,1.8217506371438503,0.08962564170360565,1.1205700635910034,0.035625409334897995,1.1518590450286865,steady,0.0
cross,probe_1_straight,normal,friction_low,d0_ep00387,d0_ep00339,19,0.95,0.0,2.3745579048991203,0.1029321476817131,1.786202073097229,0.08272022008895874,0.805406928062439,steady,0.0
cross,probe_1_straight,normal,friction_low,d0_ep00387,d0_ep00340,19,0.95,0.0,4.425610177218914,0.6179448962211609,3.326122999191284,0.09655284136533737,0.7699788808822632,steady,0.0
cross,probe_1_straight,normal,friction_low,d0_ep00387,d0_ep00353,119,5.95,0.0,1.8148703519254923,0.10908707976341248,1.177972674369812,0.021586203947663307,1.012448787689209,steady,0.0
cross,probe_1_straight,normal,friction_low,d0_ep00388,d0_ep00339,19,0.95,0.0,1.7846514359116554,0.08610189706087112,1.3273789882659912,0.1002352237701416,0.541870653629303,steady,0.0
cross,probe_1_straight,normal,friction_low,d0_ep00388,d0_ep00339,99,4.95,0.0,1.783957364037633,0.2296360582113266,1.2777577638626099,0.027086036279797554,0.49895501136779785,steady,0.0
cross,probe_1_straight,normal,friction_low,d0_ep00388,d0_ep00340,19,0.95,0.0,4.024438135325909,0.554870069026947,2.859220504760742,0.0765414759516716,1.0676121711730957,steady,0.0
cross,probe_1_straight,normal,friction_low,d0_ep00388,d1_ep00034,99,4.95,0.0,1.7664190158247948,0.2708844840526581,1.0833626985549927,0.039361946284770966,0.7456197738647461,steady,0.0
cross,probe_1_straight,normal,friction_low,d0_ep00398,d0_ep00339,19,0.95,0.0,2.2866366282105446,0.09781934320926666,1.8430981636047363,0.0877697691321373,0.5158987045288086,steady,0.0
cross,probe_1_straight,normal,friction_low,d0_ep00398,d0_ep00340,19,0.95,0.0,4.486317105591297,0.5341895222663879,3.37972354888916,0.08624769002199173,0.9723126888275146,steady,0.0
cross,probe_1_straight,normal,friction_low,d0_ep00398,d0_ep00353,19,0.95,0.0,1.8218185566365719,0.12451350688934326,1.352244257926941,0.03408753499388695,0.6219465136528015,steady,0.0
cross,probe_1_straight,normal,friction_low,d0_ep00398,d1_ep00033,19,0.95,0.0,1.8243515770882368,0.13472533226013184,1.3165158033370972,0.02954527549445629,0.687130331993103,steady,0.0
cross,probe_1_straight,normal,friction_low,d0_ep00398,d1_ep00037,19,0.95,0.0,1.9853003397583961,0.1516166776418686,1.4374827146530151,0.03824525326490402,0.7159113883972168,steady,0.0
cross,probe_1_straight,normal,friction_low,d0_ep00398,d1_ep00039,19,0.95,0.0,1.8766722567379475,0.16049496829509735,1.2889082431793213,0.034222815185785294,0.7860924601554871,steady,0.0
cross,probe_1_straight,normal,friction_low,d0_ep00399,d0_ep00340,19,0.95,0.0,3.6676267087459564,0.7579970955848694,2.3469014167785645,0.1142357885837555,0.8969848155975342,steady,0.0
cross,probe_1_straight,normal,friction_low,d0_ep00399,d0_ep00341,19,0.95,0.0,2.1041448209434748,0.7253711223602295,1.071395754814148,0.024493703618645668,0.5657684803009033,steady,0.0
cross,probe_1_straight,normal,friction_low,d0_ep00400,d0_ep00339,19,0.95,0.0,2.453839920461178,0.13080629706382751,2.035247325897217,0.06703466922044754,0.44150325655937195,steady,0.0
cross,probe_1_straight,normal,friction_low,d0_ep00400,d0_ep00339,79,3.95,0.0,1.763137586414814,0.3384121060371399,1.078224778175354,0.042870618402957916,0.6072601675987244,steady,0.0
cross,probe_1_straight,normal,friction_low,d0_ep00400,d0_ep00340,19,0.95,0.0,4.744922369718552,0.5438235402107239,3.575850486755371,0.10479888319969177,1.0408989191055298,steady,0.0
cross,probe_1_straight,normal,friction_low,d0_ep00400,d0_ep00352,19,0.95,0.0,1.799274830147624,0.19816072285175323,1.3146581649780273,0.01829574815928936,0.5363203883171082,steady,0.0
cross,probe_1_straight,normal,friction_low,d0_ep00400,d0_ep00353,19,0.95,0.0,1.8693533036857843,0.11232340335845947,1.5290807485580444,0.019456425681710243,0.4169854521751404,steady,0.0
cross,probe_1_straight,normal,friction_low,d0_ep00400,d1_ep00033,19,0.95,0.0,1.9609086066484451,0.144081711769104,1.4899301528930664,0.019331499934196472,0.6151304841041565,steady,0.0
cross,probe_1_straight,normal,friction_low,d0_ep00400,d1_ep00034,79,3.95,0.0,1.986319910734892,0.32199859619140625,1.292295217514038,0.04388163611292839,0.6562889218330383,steady,0.0
cross,probe_1_straight,normal,friction_low,d0_ep00400,d1_ep00037,19,0.95,0.0,2.030405068770051,0.13948296010494232,1.6047166585922241,0.019279668107628822,0.5338515639305115,steady,0.0
cross,probe_1_straight,normal,friction_low,d0_ep00400,d1_ep00038,19,0.95,0.0,1.8384971916675568,0.1355445235967636,1.3651771545410156,0.02337460219860077,0.6288018226623535,steady,0.0
cross,probe_1_straight,normal,friction_low,d0_ep00400,d1_ep00039,19,0.95,0.0,1.9419037010520697,0.1501709669828415,1.4677270650863647,0.01969841681420803,0.6086145043373108,steady,0.0
cross,probe_1_straight,normal,friction_low,d0_ep00410,d0_ep00340,19,0.95,0.0,3.4526770189404488,0.6396186351776123,2.2867271900177,0.1113763228058815,0.8299097418785095,steady,0.0
cross,probe_1_straight,normal,friction_low,d0_ep00410,d0_ep00341,19,0.95,0.0,2.21799142844975,0.6564577221870422,1.1373361349105835,0.025768326595425606,0.7968584895133972,steady,0.0
cross,probe_1_straight,normal,friction_low,d0_ep00410,d0_ep00352,119,5.95,0.0,1.855325374752283,0.23710909485816956,1.253145456314087,0.04907045140862465,0.632000744342804,steady,0.0
cross,probe_1_straight,normal,friction_low,d0_ep00411,d0_ep00340,19,0.95,0.0,3.6004095375537872,0.676501452922821,2.2849574089050293,0.09194603562355042,1.094009280204773,steady,0.0
cross,probe_1_straight,normal,friction_low,d0_ep00411,d0_ep00341,19,0.95,0.0,2.2882752306759357,0.7134529948234558,1.1945407390594482,0.04483424499630928,0.6708945035934448,steady,0.0
cross,probe_1_straight,normal,friction_low,d0_ep00412,d0_ep00339,19,0.95,0.0,1.9719401448965073,0.08807811886072159,1.3924767971038818,0.06610659509897232,0.850557267665863,steady,0.0
cross,probe_1_straight,normal,friction_low,d0_ep00412,d0_ep00339,79,3.95,0.0,2.1355659030377865,0.18298394978046417,1.6430171728134155,0.02712063118815422,0.5648882985115051,steady,0.0
cross,probe_1_straight,normal,friction_low,d0_ep00412,d0_ep00340,19,0.95,0.0,4.035511068999767,0.6138414144515991,2.9330878257751465,0.10475432127714157,0.7676550149917603,steady,0.0
cross,probe_1_straight,normal,friction_low,d0_ep00412,d0_ep00353,119,5.95,0.0,1.7533777710050344,0.1820983588695526,1.2761588096618652,0.027724122628569603,0.534792959690094,steady,0.0
cross,probe_1_straight,normal,friction_low,d0_ep00412,d0_ep00363,79,3.95,0.0,1.7766902297735214,0.18133066594600677,1.2569419145584106,0.037339359521865845,0.6021565794944763,steady,0.0
cross,probe_1_straight,normal,friction_low,d0_ep00412,d1_ep00034,79,3.95,0.0,2.3545997627079487,0.15780483186244965,1.83863365650177,0.0289214588701725,0.658479630947113,steady,0.0
cross,probe_1_straight,normal,friction_low,d0_ep00412,d1_ep00038,79,3.95,0.0,2.0029824674129486,0.20920595526695251,1.502078890800476,0.03700569272041321,0.5093838572502136,steady,0.0
cross,probe_1_straight,normal,friction_low,d0_ep00030,d0_ep00340,19,0.95,0.0,3.922308288514614,0.6916583776473999,2.5776472091674805,0.0960213765501976,1.1139626502990723,steady,0.0
cross,probe_1_straight,normal,friction_low,d0_ep00030,d0_ep00341,19,0.95,0.0,1.936520829796791,0.7411242127418518,0.8339216709136963,0.04203464090824127,0.6388806104660034,steady,0.0
cross,probe_1_straight,normal,friction_low,d0_ep00030,d1_ep00034,79,3.95,0.0,1.7508989870548248,0.09741081297397614,1.200952172279358,0.033820852637290955,0.8374302983283997,steady,0.0
cross,probe_1_straight,normal,friction_low,d0_ep00031,d0_ep00340,19,0.95,0.0,3.852480724453926,0.5458208918571472,2.5876147747039795,0.0957116037607193,1.2466669082641602,steady,0.0
cross,probe_1_straight,normal,friction_low,d0_ep00031,d0_ep00341,19,0.95,0.0,1.9038438647985458,0.6185249090194702,0.8588274121284485,0.04170314967632294,0.7695767879486084,steady,0.0
cross,probe_1_straight,normal,friction_low,d0_ep00031,d1_ep00039,39,1.95,0.0,1.8283773586153984,0.1191474199295044,1.1932575702667236,0.04058956354856491,0.9507656097412109,steady,0.0
cross,probe_1_straight,normal,friction_low,d0_ep00032,d0_ep00340,19,0.95,0.0,3.7404680401086807,0.6003808975219727,2.4596757888793945,0.0819714218378067,1.1968798637390137,steady,0.0
cross,probe_1_straight,normal,friction_low,d0_ep00032,d0_ep00341,19,0.95,0.0,2.023113179951906,0.6527534127235413,0.9539143443107605,0.055222559720277786,0.7224457263946533,steady,0.0
cross,probe_1_straight,normal,friction_low,d0_ep00032,d0_ep00353,79,3.95,0.0,1.8933196049183607,0.09241367131471634,1.271748423576355,0.024404218420386314,1.0095065832138062,steady,0.0
cross,probe_1_straight,normal,friction_low,d0_ep00032,d0_ep00364,79,3.95,0.0,1.9691740330308676,0.09486845880746841,1.371472954750061,0.013186810538172722,0.9792916178703308,steady,0.0
cross,probe_1_straight,normal,friction_low,d1_ep00000,d0_ep00340,19,0.95,0.0,3.642518550157547,0.6584299206733704,2.3579366207122803,0.0936950147151947,1.0649139881134033,steady,0.0
cross,probe_1_straight,normal,friction_low,d1_ep00000,d0_ep00341,19,0.95,0.0,2.1732748970389366,0.6986792087554932,1.138365387916565,0.0448220893740654,0.5828164219856262,steady,0.0
cross,probe_1_straight,normal,friction_low,d1_ep00001,d0_ep00340,19,0.95,0.0,3.904452823102474,0.6163625717163086,2.565878391265869,0.10491963475942612,1.2345844507217407,steady,0.0
cross,probe_1_straight,normal,friction_low,d1_ep00001,d0_ep00341,19,0.95,0.0,1.9859156645834446,0.6529574990272522,0.9318417906761169,0.03323698416352272,0.7357587814331055,steady,0.0
cross,probe_1_straight,normal,friction_low,d1_ep00002,d0_ep00340,19,0.95,0.0,4.145169660449028,0.6916351318359375,2.772012948989868,0.12101499736309052,1.1210131645202637,steady,0.0
cross,probe_1_straight,normal,friction_low,d1_ep00003,d0_ep00340,19,0.95,0.0,3.7178422063589096,0.723530650138855,2.36586856842041,0.10728524625301361,1.0423154830932617,steady,0.0
cross,probe_1_straight,normal,friction_low,d1_ep00003,d0_ep00341,19,0.95,0.0,2.191497541964054,0.7852261662483215,1.0837360620498657,0.03253871947526932,0.5799931883811951,steady,0.0
cross,probe_1_straight,normal,friction_low,d1_ep00004,d0_ep00340,19,0.95,0.0,3.784074604511261,0.6680431365966797,2.469505548477173,0.09391289949417114,1.1052260398864746,steady,0.0
cross,probe_1_straight,normal,friction_low,d1_ep00004,d0_ep00341,19,0.95,0.0,2.062952969223261,0.7203086614608765,0.9626396298408508,0.0439281202852726,0.672153115272522,steady,0.0
cross,probe_1_straight,normal,friction_low,d1_ep00005,d0_ep00340,19,0.95,0.0,4.053899221122265,0.5570788979530334,2.787829875946045,0.10614144057035446,1.205698013305664,steady,0.0
cross,probe_1_straight,normal,friction_low,d1_ep00006,d0_ep00340,19,0.95,0.0,3.933458097279072,0.6045892834663391,2.5985910892486572,0.1109696701169014,1.2386161088943481,steady,0.0
cross,probe_1_straight,normal,friction_low,d1_ep00006,d0_ep00341,19,0.95,0.0,1.9607126507908106,0.6579375863075256,0.8867747187614441,0.02576375938951969,0.7804731726646423,steady,0.0
cross,probe_1_straight,normal,friction_low,d1_ep00007,d0_ep00340,19,0.95,0.0,3.8486718758940697,0.5830845832824707,2.681744337081909,0.10621418803930283,0.9552575349807739,steady,0.0
cross,probe_1_straight,normal,friction_low,d1_ep00007,d0_ep00341,19,0.95,0.0,1.8487602658569813,0.6297516226768494,0.786247193813324,0.03355063870549202,0.7984216213226318,steady,0.0
cross,probe_1_straight,normal,friction_low,d1_ep00007,d0_ep00352,119,5.95,0.0,1.8599376268684864,0.22247850894927979,1.2177176475524902,0.05872737243771553,0.7220281958580017,steady,0.0
cross,probe_2_accel_decel,normal,friction_low,d0_ep00033,d1_ep00041,79,3.95,0.0,2.067236728966236,0.1171688511967659,1.6327780485153198,0.017101645469665527,0.6003763675689697,steady,0.0
cross,probe_2_accel_decel,normal,friction_low,d0_ep00035,d1_ep00041,79,3.95,0.0,1.9162372276186943,0.19007381796836853,1.3807700872421265,0.07068177312612534,0.549423098564148,steady,0.0
cross,probe_2_accel_decel,normal,friction_low,d1_ep00009,d1_ep00041,79,3.95,0.0,1.9393323231488466,0.0737842321395874,1.530434489250183,0.020638572052121162,0.6289500594139099,steady,0.0
cross,probe_2_accel_decel,normal,friction_low,d1_ep00011,d1_ep00041,79,3.95,0.0,2.143123034387827,0.12904322147369385,1.7012141942977905,0.025365177541971207,0.5750008821487427,steady,0.0
cross,probe_2_accel_decel,normal,friction_low,d1_ep00012,d1_ep00041,79,3.95,0.0,1.8995935888960958,0.21223898231983185,1.2019307613372803,0.013029766269028187,0.9447881579399109,steady,0.0
cross,probe_2_accel_decel,normal,friction_low,d1_ep00014,d1_ep00041,79,3.95,0.0,1.852233201265335,0.21968349814414978,1.185590147972107,0.019766956567764282,0.8543851971626282,steady,0.0
cross,probe_3_turn,normal,friction_low,d0_ep00392,d0_ep00345,19,0.95,0.0,2.132911089807749,0.24401172995567322,1.6824315786361694,0.023469436913728714,0.36599668860435486,steady,0.0
cross,probe_3_turn,normal,friction_low,d0_ep00392,d0_ep00345,39,1.95,0.0,1.8764566890895367,0.17342939972877502,1.3099267482757568,0.03020913526415825,0.7257828116416931,transition,1.399999976158142
cross,probe_3_turn,normal,friction_low,d0_ep00392,d0_ep00345,59,2.95,0.0,1.963943924754858,0.12692108750343323,1.653102159500122,0.027132701128721237,0.31357595324516296,steady,0.0
cross,probe_3_turn,normal,friction_low,d0_ep00392,d0_ep00347,19,0.95,0.0,3.2599712312221527,0.6898205280303955,1.2626726627349854,0.3346421420574188,1.945671796798706,steady,0.0
cross,probe_3_turn,normal,friction_low,d0_ep00392,d0_ep00347,39,1.95,0.0,3.4089812636375427,0.3956739008426666,1.9526664018630981,0.3322623670101166,1.4567571878433228,transition,1.399999976158142
cross,probe_3_turn,normal,friction_low,d0_ep00392,d0_ep00347,59,2.95,0.0,2.3286077678203583,0.541491687297821,0.9826339483261108,0.19372627139091492,1.221511721611023,steady,0.0
cross,probe_3_turn,normal,friction_low,d0_ep00392,d1_ep00050,19,0.95,0.0,2.6900976821780205,0.2368296980857849,2.2160754203796387,0.04583831876516342,0.38270848989486694,steady,0.0
cross,probe_3_turn,normal,friction_low,d0_ep00392,d1_ep00054,39,1.95,0.0,1.93985559605062,0.059909652918577194,1.4921116828918457,0.01746673323214054,0.7407350540161133,transition,1.399999976158142
cross,probe_3_turn,normal,friction_low,d0_ep00392,d1_ep00055,59,2.95,0.0,1.9244233444333076,0.18084004521369934,1.5636165142059326,0.02813350409269333,0.3036665618419647,steady,0.0
cross,probe_3_turn,normal,friction_low,d0_ep00393,d0_ep00345,19,0.95,0.0,2.3589506931602955,0.2777002453804016,1.7208360433578491,0.04451655223965645,0.6317957043647766,steady,0.0
cross,probe_3_turn,normal,friction_low,d0_ep00393,d0_ep00345,39,1.95,0.0,1.8518208917230368,0.17344479262828827,1.2485369443893433,0.028793087229132652,0.8020921349525452,transition,1.399999976158142
cross,probe_3_turn,normal,friction_low,d0_ep00393,d0_ep00345,59,2.95,0.0,2.0678299888968468,0.17863652110099792,1.5415552854537964,0.034118376672267914,0.6270396113395691,steady,0.0
cross,probe_3_turn,normal,friction_low,d0_ep00393,d0_ep00347,19,0.95,0.0,2.3411315381526947,0.45198068022727966,0.6535320281982422,0.33674222230911255,1.7977532148361206,steady,0.0
cross,probe_3_turn,normal,friction_low,d0_ep00393,d0_ep00347,39,1.95,0.0,3.2062883973121643,0.4035959541797638,1.7994838953018188,0.332116037607193,1.3421850204467773,transition,1.399999976158142
cross,probe_3_turn,normal,friction_low,d0_ep00393,d0_ep00347,59,2.95,0.0,2.0018273442983627,0.3515384793281555,0.9340637922286987,0.20198117196559906,1.0284878015518188,steady,0.0
cross,probe_3_turn,normal,friction_low,d0_ep00393,d0_ep00357,19,0.95,0.0,2.0537379756569862,0.2013825923204422,1.505595088005066,0.04611610621213913,0.601288378238678,steady,0.0
cross,probe_3_turn,normal,friction_low,d0_ep00393,d0_ep00359,19,0.95,0.0,1.890452902764082,0.17224305868148804,1.386500358581543,0.03233332559466362,0.5987523198127747,steady,0.0
cross,probe_3_turn,normal,friction_low,d0_ep00393,d1_ep00050,19,0.95,0.0,2.684212528169155,0.23340873420238495,2.1774485111236572,0.06485296040773392,0.41700464487075806,steady,0.0
cross,probe_3_turn,normal,friction_low,d0_ep00393,d1_ep00052,19,0.95,0.0,1.9222831428050995,0.24743661284446716,1.2455421686172485,0.08053964376449585,0.6975294351577759,steady,0.0
cross,probe_3_turn,normal,friction_low,d0_ep00393,d1_ep00053,19,0.95,0.0,1.8086372576653957,0.2552393972873688,1.1733986139297485,0.05060794577002525,0.6587826013565063,steady,0.0
cross,probe_3_turn,normal,friction_low,d0_ep00393,d1_ep00054,39,1.95,0.0,1.9258168637752533,0.09756270051002502,1.4381816387176514,0.016133129596710205,0.7478787899017334,transition,1.399999976158142
cross,probe_3_turn,normal,friction_low,d0_ep00393,d1_ep00055,59,2.95,0.0,2.001828610897064,0.220246359705925,1.451490044593811,0.03435315191745758,0.5914781093597412,steady,0.0
cross,probe_3_turn,normal,friction_low,d0_ep00393,d1_ep00055,79,3.95,0.0,1.8638893589377403,0.12259778380393982,1.2978039979934692,0.06490468233823776,0.757165789604187,steady,0.0
cross,probe_3_turn,normal,friction_low,d0_ep00394,d0_ep00345,19,0.95,0.0,2.4073698297142982,0.2353004515171051,1.9320400953292847,0.02927315980195999,0.421512246131897,steady,0.0
cross,probe_3_turn,normal,friction_low,d0_ep00394,d0_ep00345,59,2.95,0.0,2.0936984131112695,0.06379935145378113,1.8684391975402832,0.004104183055460453,0.3147113621234894,steady,0.0
cross,probe_3_turn,normal,friction_low,d0_ep00394,d0_ep00346,39,1.95,0.0,1.9555070586502552,0.1446724534034729,1.4850633144378662,0.037817467004060745,0.5759076476097107,transition,1.399999976158142
cross,probe_3_turn,normal,friction_low,d0_ep00394,d0_ep00347,19,0.95,0.0,3.206857144832611,0.7631748914718628,1.1061506271362305,0.3471130132675171,1.9808372259140015,steady,0.0
cross,probe_3_turn,normal,friction_low,d0_ep00394,d0_ep00347,39,1.95,0.0,3.3003609776496887,0.4638189971446991,1.7753950357437134,0.33699414134025574,1.448305606842041,transition,1.399999976158142
cross,probe_3_turn,normal,friction_low,d0_ep00394,d0_ep00347,59,2.95,0.0,2.6540682166814804,0.5318045020103455,1.1976380348205566,0.20877675712108612,1.4316978454589844,steady,0.0
cross,probe_3_turn,normal,friction_low,d0_ep00394,d0_ep00357,19,0.95,0.0,1.8656035922467709,0.1326477974653244,1.6130592823028564,0.01768171414732933,0.20442959666252136,steady,0.0
cross,probe_3_turn,normal,friction_low,d0_ep00394,d0_ep00359,19,0.95,0.0,1.8167169915977865,0.18460334837436676,1.49392569065094,0.0008261429611593485,0.274723619222641,steady,0.0
cross,probe_3_turn,normal,friction_low,d0_ep00394,d1_ep00050,19,0.95,0.0,2.960789155215025,0.24171392619609833,2.450782299041748,0.05158739909529686,0.4334110617637634,steady,0.0
cross,probe_3_turn,normal,friction_low,d0_ep00394,d1_ep00051,19,0.95,0.0,1.9550643227994442,0.2089604139328003,1.4552971124649048,0.03322580084204674,0.5151619911193848,steady,0.0
cross,probe_3_turn,normal,friction_low,d0_ep00394,d1_ep00052,19,0.95,0.0,1.9033731669187546,0.08267401158809662,1.4883852005004883,0.04863739013671875,0.5673531293869019,steady,0.0
cross,probe_3_turn,normal,friction_low,d0_ep00394,d1_ep00053,19,0.95,0.0,1.8269857373088598,0.18851788341999054,1.3728221654891968,0.022264545783400536,0.48676228523254395,steady,0.0
cross,probe_3_turn,normal,friction_low,d0_ep00394,d1_ep00055,59,2.95,0.0,2.0384087185375392,0.10230986773967743,1.7814531326293945,0.0059949676506221294,0.2973015010356903,steady,0.0
cross,probe_3_turn,normal,friction_low,d0_ep00404,d0_ep00345,19,0.95,0.0,2.178240534849465,0.3002474308013916,1.4949193000793457,0.013762054033577442,0.7386234998703003,steady,0.0
cross,probe_3_turn,normal,friction_low,d0_ep00404,d0_ep00345,59,2.95,0.0,1.7547447439283133,0.10605176538228989,1.2374192476272583,0.027523500844836235,0.7675004601478577,steady,0.0
cross,probe_3_turn,normal,friction_low,d0_ep00404,d0_ep00347,19,0.95,0.0,3.0744385421276093,0.6710540652275085,1.2001383304595947,0.33081862330436707,1.7448550462722778,steady,0.0
cross,probe_3_turn,normal,friction_low,d0_ep00404,d0_ep00347,39,1.95,0.0,3.4453086853027344,0.4143727421760559,1.8325434923171997,0.33334600925445557,1.7300928831100464,transition,1.399999976158142
cross,probe_3_turn,normal,friction_low,d0_ep00404,d0_ep00347,59,2.95,0.0,2.327756479382515,0.5015352964401245,1.0654621124267578,0.19385679066181183,1.1338045597076416,steady,0.0
cross,probe_3_turn,normal,friction_low,d0_ep00404,d0_ep00357,19,0.95,0.0,1.8036870630457997,0.1823910027742386,1.256422758102417,0.01512185949832201,0.6995028853416443,steady,0.0
cross,probe_3_turn,normal,friction_low,d0_ep00404,d0_ep00359,19,0.95,0.0,1.7990218847990036,0.22051836550235748,1.1910443305969238,0.016016751527786255,0.7428848743438721,steady,0.0
cross,probe_3_turn,normal,friction_low,d0_ep00404,d0_ep00359,59,2.95,0.0,1.7810218315571547,0.09645882993936539,1.3638991117477417,0.017666807398200035,0.6059941649436951,steady,0.0
cross,probe_3_turn,normal,friction_low,d0_ep00404,d0_ep00359,119,5.95,0.0,1.8443270027637482,0.23000989854335785,1.3199384212493896,0.009448513388633728,0.5698603391647339,steady,0.0
cross,probe_3_turn,normal,friction_low,d0_ep00404,d1_ep00050,19,0.95,0.0,2.658890664577484,0.28466859459877014,2.007265329360962,0.03651425242424011,0.6608849763870239,steady,0.0
cross,probe_3_turn,normal,friction_low,d0_ep00404,d1_ep00054,39,1.95,0.0,1.7761906888335943,0.13994354009628296,1.411437749862671,0.016107147559523582,0.41740450263023376,transition,1.399999976158142
cross,probe_3_turn,normal,friction_low,d0_ep00404,d1_ep00054,119,5.95,0.0,1.9455272275954485,0.26471853256225586,1.3876515626907349,0.021978886798024178,0.5423564910888672,steady,0.0
cross,probe_3_turn,normal,friction_low,d0_ep00405,d0_ep00345,19,0.95,0.0,1.9779720026999712,0.21877150237560272,1.5579612255096436,0.026035772636532784,0.3504070043563843,steady,0.0
cross,probe_3_turn,normal,friction_low,d0_ep00405,d0_ep00345,39,1.95,0.0,1.9897100683301687,0.23484721779823303,1.520065426826477,0.029500490054488182,0.4105938673019409,transition,1.399999976158142
cross,probe_3_turn,normal,friction_low,d0_ep00405,d0_ep00345,59,2.95,0.0,2.094951704144478,0.16386306285858154,1.7711235284805298,0.015781179070472717,0.2883678674697876,steady,0.0
cross,probe_3_turn,normal,friction_low,d0_ep00405,d0_ep00347,19,0.95,0.0,3.267958104610443,0.6974265575408936,1.2299398183822632,0.3437895178794861,1.9936044216156006,steady,0.0
cross,probe_3_turn,normal,friction_low,d0_ep00405,d0_ep00347,39,1.95,0.0,3.582673341035843,0.3387864828109741,2.188546895980835,0.330687016248703,1.4493058919906616,transition,1.399999976158142
cross,probe_3_turn,normal,friction_low,d0_ep00405,d0_ep00347,59,2.95,0.0,2.481342613697052,0.5387572646141052,1.109729528427124,0.20319980382919312,1.2593120336532593,steady,0.0
cross,probe_3_turn,normal,friction_low,d0_ep00405,d1_ep00050,19,0.95,0.0,2.537941697984934,0.21169129014015198,2.0870442390441895,0.048482660204172134,0.3814470171928406,steady,0.0
cross,probe_3_turn,normal,friction_low,d0_ep00405,d1_ep00052,39,1.95,0.0,1.8959677778184414,0.15257295966148376,1.4454058408737183,0.027553196996450424,0.5408715605735779,transition,1.399999976158142
cross,probe_3_turn,normal,friction_low,d0_ep00405,d1_ep00054,39,1.95,0.0,2.1776842270046473,0.1112275943160057,1.809047818183899,0.01927952654659748,0.4762585759162903,transition,1.399999976158142
cross,probe_3_turn,normal,friction_low,d0_ep00405,d1_ep00055,59,2.95,0.0,2.068608909845352,0.21986070275306702,1.6844919919967651,0.0165833979845047,0.29534563422203064,steady,0.0
cross,probe_3_turn,normal,friction_low,d0_ep00406,d0_ep00345,19,0.95,0.0,1.773274613544345,0.17702600359916687,1.4139537811279297,0.021367250010371208,0.3218551576137543,steady,0.0
cross,probe_3_turn,normal,friction_low,d0_ep00406,d0_ep00345,59,2.95,0.0,2.0523843560367823,0.10329782962799072,1.804165244102478,0.010850662365555763,0.2681412398815155,steady,0.0
cross,probe_3_turn,normal,friction_low,d0_ep00406,d0_ep00346,39,1.95,0.0,1.777219608426094,0.1793108731508255,1.2576042413711548,0.03403341770172119,0.6125421524047852,transition,1.399999976158142
cross,probe_3_turn,normal,friction_low,d0_ep00406,d0_ep00347,19,0.95,0.0,3.106543868780136,0.6953415274620056,1.0823101997375488,0.33526143431663513,1.987261414527893,steady,0.0
cross,probe_3_turn,normal,friction_low,d0_ep00406,d0_ep00347,39,1.95,0.0,3.559438943862915,0.5153977274894714,1.8243640661239624,0.338329553604126,1.7626951932907104,transition,1.399999976158142
cross,probe_3_turn,normal,friction_low,d0_ep00406,d0_ep00347,59,2.95,0.0,2.386698216199875,0.5173146724700928,0.9994469285011292,0.20447781682014465,1.3309175968170166,steady,0.0
cross,probe_3_turn,normal,friction_low,d0_ep00406,d1_ep00050,19,0.95,0.0,2.292541205883026,0.17528942227363586,1.9209635257720947,0.04402269423007965,0.30453112721443176,steady,0.0
cross,probe_3_turn,normal,friction_low,d0_ep00406,d1_ep00055,59,2.95,0.0,1.9869783660396934,0.15843431651592255,1.7159234285354614,0.012011616490781307,0.20121800899505615,steady,0.0
cross,probe_3_turn,normal,friction_low,d0_ep00416,d0_ep00345,19,0.95,0.0,1.7903824746608734,0.14665324985980988,1.4412829875946045,0.03952917456626892,0.32583412528038025,steady,0.0
cross,probe_3_turn,normal,friction_low,d0_ep00416,d0_ep00345,59,2.95,0.0,2.128526414744556,0.13072045147418976,1.7859961986541748,0.012321258895099163,0.39897701144218445,steady,0.0
cross,probe_3_turn,normal,friction_low,d0_ep00416,d0_ep00346,39,1.95,0.0,1.9819121696054935,0.25500866770744324,1.4637033939361572,0.04149392619729042,0.4434123635292053,transition,1.399999976158142
cross,probe_3_turn,normal,friction_low,d0_ep00416,d0_ep00347,19,0.95,0.0,3.0659003853797913,0.6423092484474182,1.0882010459899902,0.33880937099456787,1.9931614398956299,steady,0.0
cross,probe_3_turn,normal,friction_low,d0_ep00416,d0_ep00347,39,1.95,0.0,3.3464611172676086,0.4884951114654541,1.739959478378296,0.3456506133079529,1.5447118282318115,transition,1.399999976158142
cross,probe_3_turn,normal,friction_low,d0_ep00416,d0_ep00347,59,2.95,0.0,2.358722686767578,0.5185191035270691,0.9822887778282166,0.21550339460372925,1.2848228216171265,steady,0.0
cross,probe_3_turn,normal,friction_low,d0_ep00416,d1_ep00050,19,0.95,0.0,2.29546982049942,0.1330907642841339,1.9513312578201294,0.06082978844642639,0.30043601989746094,steady,0.0
cross,probe_3_turn,normal,friction_low,d0_ep00416,d1_ep00055,59,2.95,0.0,2.0664485646411777,0.1865292638540268,1.697837233543396,0.011532525531947613,0.3410990834236145,steady,0.0
cross,probe_3_turn,normal,friction_low,d0_ep00417,d0_ep00345,19,0.95,0.0,2.615773022174835,0.16588610410690308,1.9327501058578491,0.022742927074432373,0.9887877702713013,steady,0.0
cross,probe_3_turn,normal,friction_low,d0_ep00417,d0_ep00345,59,2.95,0.0,1.8797836229205132,0.09822118282318115,1.6094905138015747,0.022721104323863983,0.2987016439437866,steady,0.0
cross,probe_3_turn,normal,friction_low,d0_ep00417,d0_ep00347,19,0.95,0.0,3.077004909515381,0.6361928582191467,1.3201286792755127,0.3419133424758911,1.5575400590896606,steady,0.0
cross,probe_3_turn,normal,friction_low,d0_ep00417,d0_ep00347,39,1.95,0.0,3.5371402502059937,0.5061352252960205,1.9570415019989014,0.3366912007331848,1.474544644355774,transition,1.399999976158142
cross,probe_3_turn,normal,friction_low,d0_ep00417,d0_ep00347,59,2.95,0.0,2.4577119052410126,0.5386360883712769,1.065057635307312,0.1986541450023651,1.3107280731201172,steady,0.0
cross,probe_3_turn,normal,friction_low,d0_ep00417,d0_ep00357,19,0.95,0.0,2.1784157287329435,0.10073354095220566,1.5806024074554443,0.011326154693961143,0.9715072512626648,steady,0.0
cross,probe_3_turn,normal,friction_low,d0_ep00417,d0_ep00359,19,0.95,0.0,2.1055829697288573,0.1369796097278595,1.4617918729782104,0.006704139057546854,1.000214695930481,steady,0.0
cross,probe_3_turn,normal,friction_low,d0_ep00417,d1_ep00050,19,0.95,0.0,3.117662902921438,0.15438324213027954,2.463451862335205,0.044767554849386215,0.9101204872131348,steady,0.0
cross,probe_3_turn,normal,friction_low,d0_ep00417,d1_ep00051,19,0.95,0.0,2.1294664423912764,0.1308925449848175,1.4815870523452759,0.02640637569129467,0.9811609387397766,steady,0.0
cross,probe_3_turn,normal,friction_low,d0_ep00417,d1_ep00052,19,0.95,0.0,2.1500724852085114,0.10999827831983566,1.5498316287994385,0.04901442676782608,0.8824563026428223,steady,0.0
cross,probe_3_turn,normal,friction_low,d0_ep00417,d1_ep00053,19,0.95,0.0,1.9436042215675116,0.1263384371995926,1.3870198726654053,0.0160351749509573,0.8284214735031128,steady,0.0
cross,probe_3_turn,normal,friction_low,d0_ep00417,d1_ep00054,39,1.95,0.0,1.9246612135320902,0.13115151226520538,1.4204809665679932,0.0296542439609766,0.6867489814758301,transition,1.399999976158142
cross,probe_3_turn,normal,friction_low,d0_ep00417,d1_ep00055,59,2.95,0.0,1.8395398203283548,0.15150780975818634,1.5212980508804321,0.023548254743218422,0.2863714098930359,steady,0.0
cross,probe_3_turn,normal,friction_low,d0_ep00417,d1_ep00055,79,3.95,0.0,1.888096809387207,0.06655888259410858,1.4945236444473267,0.060556426644325256,0.5329157114028931,steady,0.0
cross,probe_3_turn,normal,friction_low,d0_ep00036,d0_ep00345,39,1.95,0.0,1.8771083047613502,0.22034598886966705,1.2138522863388062,0.009680732153356075,0.8664585947990417,transition,1.399999976158142
cross,probe_3_turn,normal,friction_low,d0_ep00036,d0_ep00345,59,2.95,0.0,2.3563900627195835,0.21793043613433838,1.6632155179977417,0.04214343801140785,0.8662013411521912,steady,0.0
cross,probe_3_turn,normal,friction_low,d0_ep00036,d0_ep00347,19,0.95,0.0,3.404849410057068,0.708581268787384,1.408087134361267,0.3473511338233948,1.881659746170044,steady,0.0
cross,probe_3_turn,normal,friction_low,d0_ep00036,d0_ep00347,39,1.95,0.0,3.587052822113037,0.40892520546913147,2.2012829780578613,0.31805166602134705,1.3175859451293945,transition,1.399999976158142
cross,probe_3_turn,normal,friction_low,d0_ep00036,d0_ep00347,59,2.95,0.0,2.202383413910866,0.5472451448440552,0.9661117792129517,0.1715327650308609,1.034987449645996,steady,0.0
cross,probe_3_turn,normal,friction_low,d0_ep00036,d0_ep00357,59,2.95,0.0,1.7804625108838081,0.18397004902362823,1.1165554523468018,0.048773519694805145,0.862326979637146,steady,0.0
cross,probe_3_turn,normal,friction_low,d0_ep00036,d0_ep00370,119,5.95,0.0,1.7608766052871943,0.07350600510835648,1.3685246706008911,0.008851440623402596,0.6199889779090881,steady,0.0
cross,probe_3_turn,normal,friction_low,d0_ep00036,d1_ep00050,19,0.95,0.0,2.2338385693728924,0.24652324616909027,1.6880704164505005,0.04666190966963768,0.5051659941673279,steady,0.0
cross,probe_3_turn,normal,friction_low,d0_ep00036,d1_ep00052,39,1.95,0.0,1.8487295843660831,0.1728699952363968,1.2394967079162598,0.03639407828450203,0.7999376058578491,transition,1.399999976158142
cross,probe_3_turn,normal,friction_low,d0_ep00036,d1_ep00054,39,1.95,0.0,2.2011631689965725,0.06058569625020027,1.693015694618225,0.02870393544435501,0.8377156853675842,transition,1.399999976158142
cross,probe_3_turn,normal,friction_low,d0_ep00036,d1_ep00055,59,2.95,0.0,2.3183568790555,0.25823041796684265,1.5738826990127563,0.04384554177522659,0.8847964406013489,steady,0.0
cross,probe_3_turn,normal,friction_low,d0_ep00037,d0_ep00345,19,0.95,0.0,2.2038916032761335,0.20587794482707977,1.7839629650115967,0.02605624310672283,0.3759889006614685,steady,0.0
cross,probe_3_turn,normal,friction_low,d0_ep00037,d0_ep00345,59,2.95,0.0,1.9198460131883621,0.012281682342290878,1.5107415914535522,0.01701422408223152,0.759617030620575,steady,0.0
cross,probe_3_turn,normal,friction_low,d0_ep00037,d0_ep00346,39,1.95,0.0,1.898929439485073,0.21581712365150452,1.2950471639633179,0.0336170420050621,0.7088962197303772,transition,1.399999976158142
cross,probe_3_turn,normal,friction_low,d0_ep00037,d0_ep00347,19,0.95,0.0,2.8779907524585724,0.6276110410690308,1.014585256576538,0.3420334756374359,1.7875219583511353,steady,0.0
cross,probe_3_turn,normal,friction_low,d0_ep00037,d0_ep00347,39,1.95,0.0,3.5534893572330475,0.5736661553382874,1.7070375680923462,0.3448953330516815,1.8557806015014648,transition,1.399999976158142
cross,probe_3_turn,normal,friction_low,d0_ep00037,d0_ep00347,59,2.95,0.0,2.685246542096138,0.49916893243789673,1.3735754489898682,0.19612117111682892,1.2327619791030884,steady,0.0
cross,probe_3_turn,normal,friction_low,d0_ep00037,d0_ep00357,19,0.95,0.0,1.9313398953527212,0.1077464371919632,1.6008930206298828,0.018651267513632774,0.40809834003448486,steady,0.0
cross,probe_3_turn,normal,friction_low,d0_ep00037,d0_ep00359,19,0.95,0.0,1.8727086605504155,0.1428235024213791,1.5367294549942017,0.005143952555954456,0.3760235011577606,steady,0.0
cross,probe_3_turn,normal,friction_low,d0_ep00037,d0_ep00359,59,2.95,0.0,1.8383431620895863,0.031111203134059906,1.4885891675949097,0.023884382098913193,0.589516818523407,steady,0.0
cross,probe_3_turn,normal,friction_low,d0_ep00037,d1_ep00050,19,0.95,0.0,2.6205941066145897,0.1883852332830429,2.2560369968414307,0.048774994909763336,0.25479376316070557,steady,0.0
cross,probe_3_turn,normal,friction_low,d0_ep00037,d1_ep00055,59,2.95,0.0,1.9201474785804749,0.06546172499656677,1.4303499460220337,0.01889750361442566,0.8108766078948975,steady,0.0
cross,probe_3_turn,normal,friction_low,d0_ep00038,d0_ep00345,19,0.95,0.0,2.5390466121025383,0.18720006942749023,2.1086437702178955,0.0071735200472176075,0.47205850481987,steady,0.0
cross,probe_3_turn,normal,friction_low,d0_ep00038,d0_ep00345,59,2.95,0.0,2.0560285821557045,0.2316993772983551,1.4878101348876953,0.036991991102695465,0.5990541577339172,steady,0.0
cross,probe_3_turn,normal,friction_low,d0_ep00038,d0_ep00347,19,0.95,0.0,2.893865019083023,0.6082636117935181,1.1124547719955444,0.32262560725212097,1.7010420560836792,steady,0.0
cross,probe_3_turn,normal,friction_low,d0_ep00038,d0_ep00347,39,1.95,0.0,4.328046411275864,0.5230080485343933,2.531607151031494,0.3550681173801422,1.836726188659668,transition,1.399999976158142
cross,probe_3_turn,normal,friction_low,d0_ep00038,d0_ep00347,59,2.95,0.0,2.458468645811081,0.2978464961051941,1.554184079170227,0.18732190132141113,0.8382323384284973,steady,0.0
cross,probe_3_turn,normal,friction_low,d0_ep00038,d0_ep00357,19,0.95,0.0,2.217683820053935,0.10374502092599869,1.817796230316162,0.016688665375113487,0.5589078068733215,steady,0.0
cross,probe_3_turn,normal,friction_low,d0_ep00038,d0_ep00359,19,0.95,0.0,2.147186743095517,0.13157199323177338,1.7188822031021118,0.03072613663971424,0.5320128202438354,steady,0.0
cross,probe_3_turn,normal,friction_low,d0_ep00038,d0_ep00359,59,2.95,0.0,2.305161565542221,0.21287865936756134,1.7569059133529663,0.04149125516414642,0.587771475315094,steady,0.0
cross,probe_3_turn,normal,friction_low,d0_ep00038,d1_ep00048,59,2.95,0.0,1.7544098980724812,0.3186489939689636,1.0620989799499512,0.03332294896245003,0.6806779503822327,steady,0.0
cross,probe_3_turn,normal,friction_low,d0_ep00038,d1_ep00050,19,0.95,0.0,2.950464941561222,0.16675803065299988,2.6267735958099365,0.020993076264858246,0.27188047766685486,steady,0.0
cross,probe_3_turn,normal,friction_low,d0_ep00038,d1_ep00051,19,0.95,0.0,1.9791700025089085,0.1449296772480011,1.642410159111023,0.004040934611111879,0.37557846307754517,steady,0.0
cross,probe_3_turn,normal,friction_low,d0_ep00038,d1_ep00052,19,0.95,0.0,2.008813690394163,0.11302988976240158,1.5455926656723022,0.05954938009381294,0.5812835097312927,steady,0.0
cross,probe_3_turn,normal,friction_low,d0_ep00038,d1_ep00053,19,0.95,0.0,1.920538547448814,0.14872662723064423,1.5615650415420532,0.015355709008872509,0.3897823393344879,steady,0.0
cross,probe_3_turn,normal,friction_low,d0_ep00038,d1_ep00054,39,1.95,0.0,2.275743266567588,0.11581301689147949,1.950607180595398,0.013440882787108421,0.391764372587204,transition,1.399999976158142
cross,probe_3_turn,normal,friction_low,d0_ep00038,d1_ep00055,59,2.95,0.0,2.006455145776272,0.24463340640068054,1.4155927896499634,0.03797777742147446,0.6165023446083069,steady,0.0
cross,probe_3_turn,normal,friction_low,d1_ep00016,d0_ep00345,59,2.95,0.0,1.8952629808336496,0.07432327419519424,1.6029995679855347,0.01989126391708851,0.39609774947166443,steady,0.0
cross,probe_3_turn,normal,friction_low,d1_ep00016,d0_ep00346,39,1.95,0.0,1.7694981396198273,0.13810712099075317,1.1922821998596191,0.040564388036727905,0.7970888614654541,transition,1.399999976158142
cross,probe_3_turn,normal,friction_low,d1_ep00016,d0_ep00347,19,0.95,0.0,2.7873587012290955,0.4486139714717865,1.1908462047576904,0.33123502135276794,1.6333270072937012,steady,0.0
cross,probe_3_turn,normal,friction_low,d1_ep00016,d0_ep00347,39,1.95,0.0,3.669089376926422,0.5015851259231567,1.8499335050582886,0.35661834478378296,1.9219048023223877,transition,1.399999976158142
cross,probe_3_turn,normal,friction_low,d1_ep00016,d0_ep00347,59,2.95,0.0,2.338696986436844,0.567689836025238,0.9643216729164124,0.195441335439682,1.222488284111023,steady,0.0
cross,probe_3_turn,normal,friction_low,d1_ep00016,d1_ep00050,19,0.95,0.0,1.9763034209609032,0.18665608763694763,1.5594359636306763,0.04373446851968765,0.3729538023471832,steady,0.0
cross,probe_3_turn,normal,friction_low,d1_ep00016,d1_ep00055,19,0.95,0.0,1.8846843652427197,0.21874527633190155,1.208407998085022,0.023745086044073105,0.867572009563446,steady,0.0
cross,probe_3_turn,normal,friction_low,d1_ep00016,d1_ep00055,59,2.95,0.0,1.8335117492824793,0.110584557056427,1.5132689476013184,0.021278241649270058,0.37676000595092773,steady,0.0
cross,probe_3_turn,normal,friction_low,d1_ep00017,d0_ep00345,19,0.95,0.0,1.8574786316603422,0.23460881412029266,1.4360477924346924,0.024720830842852592,0.32420238852500916,steady,0.0
cross,probe_3_turn,normal,friction_low,d1_ep00017,d0_ep00345,39,1.95,0.0,2.0818495638668537,0.3371831774711609,1.3943276405334473,0.03902720287442207,0.622623085975647,transition,1.399999976158142
cross,probe_3_turn,normal,friction_low,d1_ep00017,d0_ep00345,59,2.95,0.0,2.238303271122277,0.2383585125207901,1.7160228490829468,0.011914295144379139,0.5440152287483215,steady,0.0
cross,probe_3_turn,normal,friction_low,d1_ep00017,d0_ep00347,19,0.95,0.0,2.983214944601059,0.6830857992172241,1.014849305152893,0.3331860601902008,1.904187560081482,steady,0.0
cross,probe_3_turn,normal,friction_low,d1_ep00017,d0_ep00347,39,1.95,0.0,3.6177849173545837,0.23546487092971802,2.3833444118499756,0.3392680883407593,1.3194150924682617,transition,1.399999976158142
cross,probe_3_turn,normal,friction_low,d1_ep00017,d0_ep00347,59,2.95,0.0,2.4594058841466904,0.4119962155818939,1.251502275466919,0.20381410419940948,1.184186577796936,steady,0.0
cross,probe_3_turn,normal,friction_low,d1_ep00017,d1_ep00050,19,0.95,0.0,2.2999515011906624,0.22295169532299042,1.9301657676696777,0.046656377613544464,0.20035532116889954,steady,0.0
cross,probe_3_turn,normal,friction_low,d1_ep00017,d1_ep00052,39,1.95,0.0,2.02273135073483,0.2500905990600586,1.4502907991409302,0.024324314668774605,0.5960512757301331,transition,1.399999976158142
cross,probe_3_turn,normal,friction_low,d1_ep00017,d1_ep00054,39,1.95,0.0,2.440517082810402,0.19134944677352905,1.9079458713531494,0.018002226948738098,0.6464390754699707,transition,1.399999976158142
cross,probe_3_turn,normal,friction_low,d1_ep00017,d1_ep00055,59,2.95,0.0,2.1914841225370765,0.291085422039032,1.6302770376205444,0.013041346333920956,0.5141606330871582,steady,0.0
cross,probe_3_turn,normal,friction_low,d1_ep00018,d0_ep00345,19,0.95,0.0,1.9687794968485832,0.1879921555519104,1.520606517791748,0.03446926921606064,0.45142310857772827,steady,0.0
cross,probe_3_turn,normal,friction_low,d1_ep00018,d0_ep00345,39,1.95,0.0,1.9459408707916737,0.1980346143245697,1.472520112991333,0.021346140652894974,0.508080005645752,transition,1.399999976158142
cross,probe_3_turn,normal,friction_low,d1_ep00018,d0_ep00345,59,2.95,0.0,2.195660788565874,0.17940182983875275,1.7290291786193848,0.01574498787522316,0.5429695844650269,steady,0.0
cross,probe_3_turn,normal,friction_low,d1_ep00018,d0_ep00347,19,0.95,0.0,3.187646508216858,0.7396456003189087,1.0539854764938354,0.35333240032196045,2.0813660621643066,steady,0.0
cross,probe_3_turn,normal,friction_low,d1_ep00018,d0_ep00347,39,1.95,0.0,3.8309575617313385,0.3758975863456726,2.398574113845825,0.3293095529079437,1.454352617263794,transition,1.399999976158142
cross,probe_3_turn,normal,friction_low,d1_ep00018,d0_ep00347,59,2.95,0.0,2.2558525651693344,0.5068503618240356,0.9589529633522034,0.1980617493391037,1.1839749813079834,steady,0.0
cross,probe_3_turn,normal,friction_low,d1_ep00018,d1_ep00050,19,0.95,0.0,2.53108174726367,0.19715145230293274,2.0160906314849854,0.056123387068510056,0.5234325528144836,steady,0.0
cross,probe_3_turn,normal,friction_low,d1_ep00018,d1_ep00052,39,1.95,0.0,1.8638529442250729,0.11991167068481445,1.4793016910552979,0.024573426693677902,0.4801323115825653,transition,1.399999976158142
cross,probe_3_turn,normal,friction_low,d1_ep00018,d1_ep00054,39,1.95,0.0,2.2833685968071222,0.08773043751716614,1.9118223190307617,0.016637811437249184,0.5343560576438904,transition,1.399999976158142
cross,probe_3_turn,normal,friction_low,d1_ep00018,d1_ep00055,59,2.95,0.0,2.1751311644911766,0.23084445297718048,1.6400126218795776,0.017642207443714142,0.5732637643814087,steady,0.0
cross,probe_3_turn,normal,friction_low,d1_ep00019,d0_ep00345,19,0.95,0.0,2.2228007316589355,0.25681939721107483,1.6444588899612427,0.05505472421646118,0.5329354405403137,steady,0.0
cross,probe_3_turn,normal,friction_low,d1_ep00019,d0_ep00345,39,1.95,0.0,1.8209429159760475,0.2990870177745819,1.249399185180664,0.04439396411180496,0.45612549781799316,transition,1.399999976158142
cross,probe_3_turn,normal,friction_low,d1_ep00019,d0_ep00345,59,2.95,0.0,2.046656674472615,0.0714128315448761,1.8473057746887207,0.002721703378483653,0.25043272972106934,steady,0.0
cross,probe_3_turn,normal,friction_low,d1_ep00019,d0_ep00347,19,0.95,0.0,3.0647808015346527,0.7234978079795837,0.9773159027099609,0.3709140121936798,1.9861061573028564,steady,0.0
cross,probe_3_turn,normal,friction_low,d1_ep00019,d0_ep00347,39,1.95,0.0,3.2350770235061646,0.2747766375541687,1.8717920780181885,0.3390384316444397,1.4989397525787354,transition,1.399999976158142
cross,probe_3_turn,normal,friction_low,d1_ep00019,d0_ep00347,59,2.95,0.0,2.5664654076099396,0.5784305334091187,1.0825740098953247,0.2109602391719818,1.3890012502670288,steady,0.0
cross,probe_3_turn,normal,friction_low,d1_ep00019,d1_ep00050,19,0.95,0.0,2.7174003794789314,0.2519098222255707,2.1489975452423096,0.07719915360212326,0.47858771681785583,steady,0.0
cross,probe_3_turn,normal,friction_low,d1_ep00019,d1_ep00054,39,1.95,0.0,1.924856960773468,0.16145047545433044,1.5184129476547241,0.026544511318206787,0.43689805269241333,transition,1.399999976158142
cross,probe_3_turn,normal,friction_low,d1_ep00019,d1_ep00055,59,2.95,0.0,1.9461199771612883,0.07424140721559525,1.7601920366287231,0.003923637792468071,0.2155257910490036,steady,0.0
cross,probe_3_turn,normal,friction_low,d1_ep00020,d0_ep00345,19,0.95,0.0,2.0409962702542543,0.15188069641590118,1.4505012035369873,0.026745440438389778,0.8237378597259521,steady,0.0
cross,probe_3_turn,normal,friction_low,d1_ep00020,d0_ep00345,59,2.95,0.0,2.4137463495135307,0.06358800083398819,1.980378270149231,0.015536800026893616,0.7084865570068359,steady,0.0
cross,probe_3_turn,normal,friction_low,d1_ep00020,d0_ep00347,19,0.95,0.0,3.0850115716457367,0.6914884448051453,1.179080605506897,0.346250981092453,1.736383080482483,steady,0.0
cross,probe_3_turn,normal,friction_low,d1_ep00020,d0_ep00347,39,1.95,0.0,3.7693924605846405,0.471695214509964,2.0900330543518066,0.33360958099365234,1.748109221458435,transition,1.399999976158142
cross,probe_3_turn,normal,friction_low,d1_ep00020,d0_ep00347,59,2.95,0.0,2.333162099123001,0.4810107946395874,1.0409486293792725,0.19799211621284485,1.2264211177825928,steady,0.0
cross,probe_3_turn,normal,friction_low,d1_ep00020,d0_ep00357,19,0.95,0.0,1.7661654371768236,0.11578620225191116,1.2132724523544312,0.008136386051774025,0.8579407930374146,steady,0.0
cross,probe_3_turn,normal,friction_low,d1_ep00020,d0_ep00357,59,2.95,0.0,1.784043412655592,0.019536195322871208,1.3752273321151733,0.02262861840426922,0.7333025336265564,steady,0.0
cross,probe_3_turn,normal,friction_low,d1_ep00020,d0_ep00359,19,0.95,0.0,1.7523083426058292,0.16055423021316528,1.143778681755066,0.018771354109048843,0.8584081530570984,steady,0.0
cross,probe_3_turn,normal,friction_low,d1_ep00020,d1_ep00048,59,2.95,0.0,1.9217925695702434,0.13989920914173126,1.3229397535324097,0.01472173910588026,0.8884637355804443,steady,0.0
cross,probe_3_turn,normal,friction_low,d1_ep00020,d1_ep00050,19,0.95,0.0,2.5767203085124493,0.1589304357767105,1.9610294103622437,0.044296588748693466,0.8249277472496033,steady,0.0
cross,probe_3_turn,normal,friction_low,d1_ep00020,d1_ep00054,39,1.95,0.0,1.9735414031893015,0.16541264951229095,1.5751780271530151,0.025228479877114296,0.4154444932937622,transition,1.399999976158142
cross,probe_3_turn,normal,friction_low,d1_ep00020,d1_ep00055,59,2.95,0.0,2.400748409330845,0.10861440747976303,1.8916536569595337,0.01743467152118683,0.7660913467407227,steady,0.0
cross,probe_3_turn,normal,friction_low,d1_ep00020,d1_ep00055,79,3.95,0.0,1.797061763703823,0.14906898140907288,1.2149137258529663,0.06294884532690048,0.7402604222297668,steady,0.0
cross,probe_3_turn,normal,friction_low,d1_ep00021,d0_ep00345,19,0.95,0.0,1.8456235844641924,0.23242463171482086,1.3715626001358032,0.01479359157383442,0.4536855220794678,steady,0.0
cross,probe_3_turn,normal,friction_low,d1_ep00021,d0_ep00345,59,2.95,0.0,2.0935187861323357,0.15850606560707092,1.6618835926055908,0.030564092099666595,0.48513007164001465,steady,0.0
cross,probe_3_turn,normal,friction_low,d1_ep00021,d0_ep00347,19,0.95,0.0,2.7866804003715515,0.6164513230323792,0.9387635588645935,0.32330453395843506,1.8163219690322876,steady,0.0
cross,probe_3_turn,normal,friction_low,d1_ep00021,d0_ep00347,39,1.95,0.0,3.3841435313224792,0.426965594291687,1.9487625360488892,0.3261180520057678,1.3645946979522705,transition,1.399999976158142
cross,probe_3_turn,normal,friction_low,d1_ep00021,d0_ep00347,59,2.95,0.0,2.0751985758543015,0.4649914503097534,0.8749070167541504,0.19606010615825653,1.0784800052642822,steady,0.0
cross,probe_3_turn,normal,friction_low,d1_ep00021,d1_ep00050,19,0.95,0.0,2.2165059745311737,0.21341337263584137,1.8378957509994507,0.03526201844215393,0.25986966490745544,steady,0.0
cross,probe_3_turn,normal,friction_low,d1_ep00021,d1_ep00054,39,1.95,0.0,1.8685406241565943,0.07612783461809158,1.3851062059402466,0.023186298087239265,0.7682405710220337,transition,1.399999976158142
cross,probe_3_turn,normal,friction_low,d1_ep00021,d1_ep00055,59,2.95,0.0,2.057818343862891,0.21624217927455902,1.5717531442642212,0.031247129663825035,0.4771517813205719,steady,0.0
cross,probe_3_turn,normal,friction_low,d1_ep00021,d1_ep00055,79,3.95,0.0,1.8110751807689667,0.12963686883449554,1.2543531656265259,0.05328582227230072,0.7475986480712891,steady,0.0
cross,probe_3_turn,normal,friction_low,d1_ep00022,d0_ep00345,19,0.95,0.0,1.7736984081566334,0.19002707302570343,1.4605112075805664,0.014973234385251999,0.21637378633022308,steady,0.0
cross,probe_3_turn,normal,friction_low,d1_ep00022,d0_ep00345,59,2.95,0.0,2.3712145276367664,0.054123178124427795,1.930223822593689,0.02389303222298622,0.7259489893913269,steady,0.0
cross,probe_3_turn,normal,friction_low,d1_ep00022,d0_ep00346,39,1.95,0.0,2.0302783213555813,0.13129885494709015,1.5701115131378174,0.046627651900053024,0.5644806027412415,transition,1.399999976158142
cross,probe_3_turn,normal,friction_low,d1_ep00022,d0_ep00347,19,0.95,0.0,3.12154284119606,0.7217569351196289,1.0803433656692505,0.32511118054389954,1.9886627197265625,steady,0.0
cross,probe_3_turn,normal,friction_low,d1_ep00022,d0_ep00347,39,1.95,0.0,3.0219636857509613,0.47370752692222595,1.5038799047470093,0.33456140756607056,1.419629693031311,transition,1.399999976158142
cross,probe_3_turn,normal,friction_low,d1_ep00022,d0_ep00347,59,2.95,0.0,2.371920347213745,0.46786636114120483,1.107079029083252,0.19083237648010254,1.2122851610183716,steady,0.0
cross,probe_3_turn,normal,friction_low,d1_ep00022,d1_ep00048,59,2.95,0.0,1.8957763616926968,0.13631078600883484,1.2958773374557495,0.0068746511824429035,0.9134271740913391,steady,0.0
cross,probe_3_turn,normal,friction_low,d1_ep00022,d1_ep00050,19,0.95,0.0,2.3078887835144997,0.19417139887809753,1.9617269039154053,0.036147959530353546,0.23168504238128662,steady,0.0
cross,probe_3_turn,normal,friction_low,d1_ep00022,d1_ep00055,59,2.95,0.0,2.3614302203059196,0.10273566842079163,1.8428164720535278,0.0257868692278862,0.780182421207428,steady,0.0
cross,probe_3_turn,normal,friction_low,d1_ep00023,d0_ep00345,19,0.95,0.0,2.698671668767929,0.21330077946186066,2.1430249214172363,0.018786445260047913,0.6471190452575684,steady,0.0
cross,probe_3_turn,normal,friction_low,d1_ep00023,d0_ep00345,59,2.95,0.0,2.3796225488185883,0.18892215192317963,1.8331937789916992,0.018436089158058167,0.6781410574913025,steady,0.0
cross,probe_3_turn,normal,friction_low,d1_ep00023,d0_ep00347,19,0.95,0.0,2.610367238521576,0.5359898805618286,0.9339044690132141,0.31351011991500854,1.6539255380630493,steady,0.0
cross,probe_3_turn,normal,friction_low,d1_ep00023,d0_ep00347,39,1.95,0.0,3.8951466381549835,0.5504759550094604,2.0984044075012207,0.35423699021339417,1.7840585708618164,transition,1.399999976158142
cross,probe_3_turn,normal,friction_low,d1_ep00023,d0_ep00347,59,2.95,0.0,2.4241143465042114,0.5657025575637817,1.144883155822754,0.1964043378829956,1.0342485904693604,steady,0.0
cross,probe_3_turn,normal,friction_low,d1_ep00023,d0_ep00357,19,0.95,0.0,2.4412294067442417,0.13652735948562622,1.8956576585769653,0.033234599977731705,0.7516195774078369,steady,0.0
cross,probe_3_turn,normal,friction_low,d1_ep00023,d0_ep00357,59,2.95,0.0,1.784617442637682,0.16484655439853668,1.2513607740402222,0.025413159281015396,0.6859939098358154,steady,0.0
cross,probe_3_turn,normal,friction_low,d1_ep00023,d0_ep00359,19,0.95,0.0,2.342064432799816,0.13531333208084106,1.8003407716751099,0.033911071717739105,0.7449985146522522,steady,0.0
cross,probe_3_turn,normal,friction_low,d1_ep00023,d1_ep00048,59,2.95,0.0,1.7854522382840514,0.21499738097190857,1.140164852142334,0.01249601598829031,0.8355879783630371,steady,0.0
cross,probe_3_turn,normal,friction_low,d1_ep00023,d1_ep00050,19,0.95,0.0,3.1396806985139847,0.17845064401626587,2.636706590652466,0.03313039243221283,0.5827861428260803,steady,0.0
cross,probe_3_turn,normal,friction_low,d1_ep00023,d1_ep00051,19,0.95,0.0,2.196238623932004,0.1651155948638916,1.6677924394607544,0.02317945845425129,0.6803022623062134,steady,0.0
cross,probe_3_turn,normal,friction_low,d1_ep00023,d1_ep00052,19,0.95,0.0,2.1073299050331116,0.1676943153142929,1.5296533107757568,0.07845152914524078,0.6630614995956421,steady,0.0
cross,probe_3_turn,normal,friction_low,d1_ep00023,d1_ep00053,19,0.95,0.0,2.053383469581604,0.18349553644657135,1.6032217741012573,0.03553536534309387,0.4622615873813629,steady,0.0
cross,probe_3_turn,normal,friction_low,d1_ep00023,d1_ep00054,39,1.95,0.0,1.8898611785843968,0.17495772242546082,1.560659408569336,0.009565991349518299,0.2893561124801636,transition,1.399999976158142
cross,probe_3_turn,normal,friction_low,d1_ep00023,d1_ep00054,99,4.95,0.0,1.7795555926859379,0.19844479858875275,1.2271891832351685,0.04408343508839607,0.6196763515472412,transition,0.699999988079071
cross,probe_3_turn,normal,friction_low,d1_ep00023,d1_ep00055,59,2.95,0.0,2.351279452443123,0.22866526246070862,1.745486855506897,0.020316287875175476,0.7136220932006836,steady,0.0
cross,probe_4_lateral,normal,friction_low,d0_ep00396,d1_ep00059,79,3.95,0.0,1.8033721446990967,0.2158159762620926,1.1775034666061401,0.08109848201274872,0.6579084396362305,steady,0.0
cross,probe_4_lateral,normal,friction_low,d0_ep00396,d1_ep00060,79,3.95,0.0,1.8666975274682045,0.2824481427669525,1.2044600248336792,0.07654006034135818,0.6064985990524292,steady,0.0
cross,probe_4_lateral,normal,friction_low,d0_ep00396,d1_ep00063,79,3.95,0.0,1.9680516347289085,0.2728836238384247,1.3015179634094238,0.08538158982992172,0.6165369153022766,steady,0.0
cross,probe_4_lateral,normal,friction_low,d0_ep00397,d0_ep00350,79,3.95,0.0,1.9214351996779442,0.31936290860176086,0.985822856426239,0.10764335840940475,1.017212152481079,steady,0.0
cross,probe_4_lateral,normal,friction_low,d0_ep00397,d0_ep00360,79,3.95,0.0,1.9911280423402786,0.2526944875717163,1.2058031558990479,0.06325961649417877,0.9387415647506714,steady,0.0
cross,probe_4_lateral,normal,friction_low,d0_ep00397,d0_ep00361,79,3.95,0.0,2.1756082251667976,0.24466624855995178,1.348305583000183,0.07155493646860123,1.022162914276123,steady,0.0
cross,probe_4_lateral,normal,friction_low,d0_ep00397,d0_ep00362,79,3.95,0.0,1.7868672162294388,0.2651914954185486,0.9848329424858093,0.07624657452106476,0.9211924076080322,steady,0.0
cross,probe_4_lateral,normal,friction_low,d0_ep00397,d1_ep00056,79,3.95,0.0,1.8468074053525925,0.2525065243244171,0.9948340058326721,0.07639463245868683,1.0461444854736328,steady,0.0
cross,probe_4_lateral,normal,friction_low,d0_ep00397,d1_ep00057,79,3.95,0.0,2.137990042567253,0.25114375352859497,1.2745051383972168,0.0946725457906723,1.035337209701538,steady,0.0
cross,probe_4_lateral,normal,friction_low,d0_ep00397,d1_ep00058,79,3.95,0.0,2.0428708642721176,0.27728813886642456,1.1786657571792603,0.08126048743724823,1.0113129615783691,steady,0.0
cross,probe_4_lateral,normal,friction_low,d0_ep00397,d1_ep00059,79,3.95,0.0,2.153816133737564,0.24571387469768524,1.2777231931686401,0.090094193816185,1.0805697441101074,steady,0.0
cross,probe_4_lateral,normal,friction_low,d0_ep00397,d1_ep00060,79,3.95,0.0,2.015924759209156,0.3122658431529999,1.0991979837417603,0.0840241089463234,1.040873646736145,steady,0.0
cross,probe_4_lateral,normal,friction_low,d0_ep00397,d1_ep00061,79,3.95,0.0,2.1709556207060814,0.28510916233062744,1.2889068126678467,0.09221412986516953,1.0094510316848755,steady,0.0
cross,probe_4_lateral,normal,friction_low,d0_ep00397,d1_ep00062,79,3.95,0.0,2.0727572441101074,0.2699969708919525,1.2010482549667358,0.09105530381202698,1.0213134288787842,steady,0.0
cross,probe_4_lateral,normal,friction_low,d0_ep00397,d1_ep00063,79,3.95,0.0,2.2288109958171844,0.30247762799263,1.3029106855392456,0.0931999683380127,1.0604454278945923,steady,0.0
cross,probe_4_lateral,normal,friction_low,d0_ep00407,d0_ep00350,79,3.95,0.0,1.7854310274124146,0.33426469564437866,0.8000792264938354,0.11972033977508545,1.06273353099823,steady,0.0
cross,probe_4_lateral,normal,friction_low,d0_ep00407,d0_ep00360,79,3.95,0.0,1.9589703530073166,0.2650071382522583,1.1360119581222534,0.07409955561161041,0.9677034020423889,steady,0.0
cross,probe_4_lateral,normal,friction_low,d0_ep00407,d0_ep00361,79,3.95,0.0,2.182409279048443,0.25846022367477417,1.3112496137619019,0.08340590447187424,1.0585870742797852,steady,0.0
cross,probe_4_lateral,normal,friction_low,d0_ep00407,d0_ep00362,79,3.95,0.0,1.811585895717144,0.2799949645996094,0.970253586769104,0.08714713901281357,0.9483804106712341,steady,0.0
cross,probe_4_lateral,normal,friction_low,d0_ep00407,d1_ep00057,79,3.95,0.0,2.1284043565392494,0.26334288716316223,1.2196404933929443,0.10646993666887283,1.07790207862854,steady,0.0
cross,probe_4_lateral,normal,friction_low,d0_ep00407,d1_ep00058,79,3.95,0.0,2.127621941268444,0.2900265157222748,1.2188812494277954,0.09280242770910263,1.0518234968185425,steady,0.0
cross,probe_4_lateral,normal,friction_low,d0_ep00407,d1_ep00059,79,3.95,0.0,1.9475762620568275,0.26120904088020325,1.0272079706192017,0.10165578871965408,1.115006923675537,steady,0.0
cross,probe_4_lateral,normal,friction_low,d0_ep00407,d1_ep00060,79,3.95,0.0,1.778822124004364,0.328804075717926,0.8056041598320007,0.09634155035018921,1.096144676208496,steady,0.0
cross,probe_4_lateral,normal,friction_low,d0_ep00407,d1_ep00061,79,3.95,0.0,2.2077793553471565,0.2953251898288727,1.2851457595825195,0.10380414873361588,1.0470085144042969,steady,0.0
cross,probe_4_lateral,normal,friction_low,d0_ep00407,d1_ep00062,79,3.95,0.0,2.1680961921811104,0.28300246596336365,1.25309157371521,0.10248164087533951,1.0590410232543945,steady,0.0
cross,probe_4_lateral,normal,friction_low,d0_ep00407,d1_ep00063,79,3.95,0.0,1.9744949415326118,0.3189723789691925,0.9935316443443298,0.10544208437204361,1.1130976676940918,steady,0.0
cross,probe_4_lateral,normal,friction_low,d0_ep00408,d0_ep00361,79,3.95,0.0,1.9072837829589844,0.2351236790418625,1.1953473091125488,0.07829542458057404,0.797034740447998,steady,0.0
cross,probe_4_lateral,normal,friction_low,d0_ep00408,d1_ep00057,79,3.95,0.0,1.8388998955488205,0.24029238522052765,1.096076250076294,0.10140591859817505,0.8022506833076477,steady,0.0
cross,probe_4_lateral,normal,friction_low,d0_ep00408,d1_ep00058,79,3.95,0.0,1.914416842162609,0.2650805413722992,1.163360595703125,0.08794870227575302,0.7960540056228638,steady,0.0
cross,probe_4_lateral,normal,friction_low,d0_ep00408,d1_ep00061,79,3.95,0.0,1.9714422896504402,0.2747478187084198,1.2034894227981567,0.09891317039728165,0.7885837554931641,steady,0.0
cross,probe_4_lateral,normal,friction_low,d0_ep00408,d1_ep00062,79,3.95,0.0,1.976061299443245,0.25943246483802795,1.2061941623687744,0.09771905839443207,0.825431227684021,steady,0.0
cross,probe_4_lateral,normal,friction_low,d0_ep00409,d0_ep00349,79,3.95,0.0,1.8624032363295555,0.27407896518707275,1.0513306856155396,0.0779784545302391,0.9180302619934082,steady,0.0
cross,probe_4_lateral,normal,friction_low,d0_ep00409,d0_ep00350,79,3.95,0.0,2.0758999586105347,0.3160035312175751,1.0907142162322998,0.11491706967353821,1.1085302829742432,steady,0.0
cross,probe_4_lateral,normal,friction_low,d0_ep00409,d0_ep00360,79,3.95,0.0,2.2572541385889053,0.2532178461551666,1.4452009201049805,0.07014183700084686,0.9773870706558228,steady,0.0
cross,probe_4_lateral,normal,friction_low,d0_ep00409,d0_ep00361,79,3.95,0.0,2.477479711174965,0.24473564326763153,1.6092278957366943,0.07879051566123962,1.0894513130187988,steady,0.0
cross,probe_4_lateral,normal,friction_low,d0_ep00409,d0_ep00362,79,3.95,0.0,2.098225809633732,0.26365789771080017,1.2799633741378784,0.08316261321306229,0.9428838491439819,steady,0.0
cross,probe_4_lateral,normal,friction_low,d0_ep00409,d1_ep00056,79,3.95,0.0,1.9681924283504486,0.2508482038974762,1.0699609518051147,0.08367353677749634,1.1274194717407227,steady,0.0
cross,probe_4_lateral,normal,friction_low,d0_ep00409,d1_ep00057,79,3.95,0.0,2.425724074244499,0.24856656789779663,1.5229275226593018,0.10189668834209442,1.1046665906906128,steady,0.0
cross,probe_4_lateral,normal,friction_low,d0_ep00409,d1_ep00058,79,3.95,0.0,2.4017532989382744,0.2740094065666199,1.5029528141021729,0.08841072767972946,1.0727607011795044,steady,0.0
cross,probe_4_lateral,normal,friction_low,d0_ep00409,d1_ep00059,79,3.95,0.0,2.1720581501722336,0.24295124411582947,1.2515745162963867,0.09725214540958405,1.1605604887008667,steady,0.0
cross,probe_4_lateral,normal,friction_low,d0_ep00409,d1_ep00060,79,3.95,0.0,1.767933040857315,0.30740711092948914,0.7882239818572998,0.09127974510192871,1.1620444059371948,steady,0.0
cross,probe_4_lateral,normal,friction_low,d0_ep00409,d1_ep00061,79,3.95,0.0,2.50965715944767,0.281343013048172,1.5948270559310913,0.09938101470470428,1.0682121515274048,steady,0.0
cross,probe_4_lateral,normal,friction_low,d0_ep00409,d1_ep00062,79,3.95,0.0,2.439838543534279,0.2684851586818695,1.5360689163208008,0.09817014634609222,1.0742286443710327,steady,0.0
cross,probe_4_lateral,normal,friction_low,d0_ep00409,d1_ep00063,79,3.95,0.0,2.147446021437645,0.2986825406551361,1.162807822227478,0.10047502815723419,1.1709612607955933,steady,0.0
cross,probe_4_lateral,normal,friction_low,d0_ep00039,d1_ep00059,79,3.95,0.0,1.8392904326319695,0.2190382480621338,1.2633122205734253,0.08518236130475998,0.5435152053833008,steady,0.0
cross,probe_4_lateral,normal,friction_low,d0_ep00039,d1_ep00060,79,3.95,0.0,2.18707986921072,0.2705059051513672,1.5745455026626587,0.07846235483884811,0.5271322131156921,steady,0.0
cross,probe_4_lateral,normal,friction_low,d0_ep00039,d1_ep00063,79,3.95,0.0,2.1136477887630463,0.26563966274261475,1.5087480545043945,0.08771964907646179,0.5030808448791504,steady,0.0
cross,probe_4_lateral,normal,friction_low,d0_ep00040,d0_ep00360,19,0.95,0.0,1.806891642510891,0.5308300852775574,0.7651588916778564,0.1091100201010704,0.8035852909088135,steady,0.0
cross,probe_4_lateral,normal,friction_low,d0_ep00040,d0_ep00360,79,3.95,0.0,1.9090469405055046,0.24583324790000916,1.1657458543777466,0.07647993415594101,0.8419758081436157,steady,0.0
cross,probe_4_lateral,normal,friction_low,d0_ep00040,d0_ep00361,19,0.95,0.0,1.819240614771843,0.2364363819360733,1.2507903575897217,0.04796221852302551,0.5681033134460449,steady,0.0
cross,probe_4_lateral,normal,friction_low,d0_ep00040,d0_ep00361,79,3.95,0.0,2.1067639589309692,0.2372954934835434,1.3264422416687012,0.08353732526302338,0.9189777970314026,steady,0.0
cross,probe_4_lateral,normal,friction_low,d0_ep00040,d1_ep00057,79,3.95,0.0,2.0610952600836754,0.24398954212665558,1.2420774698257446,0.1066264882683754,0.9368035197257996,steady,0.0
cross,probe_4_lateral,normal,friction_low,d0_ep00040,d1_ep00058,79,3.95,0.0,2.03043345361948,0.26983997225761414,1.2112199068069458,0.09369079023599625,0.9113655686378479,steady,0.0
cross,probe_4_lateral,normal,friction_low,d0_ep00040,d1_ep00059,79,3.95,0.0,1.9231082573533058,0.23757700622081757,1.0946139097213745,0.10245531052350998,0.9769240617752075,steady,0.0
cross,probe_4_lateral,normal,friction_low,d0_ep00040,d1_ep00061,79,3.95,0.0,2.1386769488453865,0.2783733904361725,1.3019577264785767,0.10452467948198318,0.9076423048973083,steady,0.0
cross,probe_4_lateral,normal,friction_low,d0_ep00040,d1_ep00062,19,0.95,0.0,1.9396414142102003,0.11198249459266663,1.644721508026123,0.029646528884768486,0.3065817654132843,steady,0.0
cross,probe_4_lateral,normal,friction_low,d0_ep00040,d1_ep00062,79,3.95,0.0,2.071814239025116,0.2626456618309021,1.2437810897827148,0.10359305143356323,0.9235888719558716,steady,0.0
cross,probe_4_lateral,normal,friction_low,d0_ep00040,d1_ep00063,79,3.95,0.0,1.9747583270072937,0.2939021587371826,1.091938853263855,0.10388916730880737,0.9700562953948975,steady,0.0
cross,probe_4_lateral,normal,friction_low,d0_ep00041,d0_ep00361,79,3.95,0.0,1.7697877511382103,0.24000786244869232,1.0472519397735596,0.08730066567659378,0.7904545664787292,steady,0.0
cross,probe_4_lateral,normal,friction_low,d0_ep00041,d1_ep00061,79,3.95,0.0,1.8111182376742363,0.27745068073272705,1.034559726715088,0.10842662304639816,0.7813624143600464,steady,0.0
cross,probe_4_lateral,normal,friction_low,d0_ep00041,d1_ep00062,79,3.95,0.0,1.7579152062535286,0.26184457540512085,0.9839650392532349,0.10764289647340775,0.8089253902435303,steady,0.0
cross,probe_4_lateral,normal,friction_low,d0_ep00041,d1_ep00063,79,3.95,0.0,1.8089688867330551,0.27495667338371277,1.0244866609573364,0.10686181485652924,0.8053274750709534,steady,0.0
cross,probe_4_lateral,normal,friction_low,d1_ep00024,d0_ep00348,39,1.95,0.0,1.8543279115110636,0.102976493537426,1.3610460758209229,0.026199253275990486,0.7282121777534485,transition,1.2000000476837158
cross,probe_4_lateral,normal,friction_low,d1_ep00025,d1_ep00060,79,3.95,0.0,1.8271882981061935,0.29682210087776184,1.1508891582489014,0.08355675637722015,0.5918405652046204,steady,0.0
cross,probe_4_lateral,normal,friction_low,d1_ep00025,d1_ep00063,79,3.95,0.0,1.8065900579094887,0.2895284593105316,1.1318341493606567,0.0926210954785347,0.5852127075195312,steady,0.0
cross,probe_4_lateral,normal,friction_low,d1_ep00026,d0_ep00350,39,1.95,0.0,1.8930127937346697,0.19819213449954987,1.4076405763626099,0.024274425581097603,0.5258113145828247,transition,1.2000000476837158
cross,probe_4_lateral,normal,friction_low,d1_ep00026,d1_ep00060,79,3.95,0.0,1.8328871577978134,0.2814256548881531,1.1638704538345337,0.09214948117733002,0.5908831357955933,steady,0.0
cross,probe_4_lateral,normal,friction_low,d1_ep00027,d0_ep00361,79,3.95,0.0,2.0161338970065117,0.31419095396995544,1.1912258863449097,0.07892682403326035,0.8635804653167725,steady,0.0
cross,probe_4_lateral,normal,friction_low,d1_ep00027,d1_ep00057,79,3.95,0.0,1.9488067328929901,0.3121771514415741,1.086206078529358,0.10197862982749939,0.8968897461891174,steady,0.0
cross,probe_4_lateral,normal,friction_low,d1_ep00027,d1_ep00058,79,3.95,0.0,2.0711009800434113,0.3325405716896057,1.230300784111023,0.08827477693557739,0.8399696946144104,steady,0.0
cross,probe_4_lateral,normal,friction_low,d1_ep00027,d1_ep00061,79,3.95,0.0,2.1002111062407494,0.34244292974472046,1.2379937171936035,0.09928172081708908,0.8409854769706726,steady,0.0
cross,probe_4_lateral,normal,friction_low,d1_ep00027,d1_ep00062,79,3.95,0.0,2.12187896668911,0.3329195976257324,1.2801145315170288,0.09794388711452484,0.8218019008636475,steady,0.0
cross,probe_4_lateral,normal,friction_low,d1_ep00029,d0_ep00360,79,3.95,0.0,1.792663998901844,0.258370041847229,1.0621432065963745,0.07468248158693314,0.7949365377426147,steady,0.0
cross,probe_4_lateral,normal,friction_low,d1_ep00029,d0_ep00361,79,3.95,0.0,2.009810231626034,0.24728380143642426,1.2542855739593506,0.0830543115735054,0.8503730893135071,steady,0.0
cross,probe_4_lateral,normal,friction_low,d1_ep00029,d1_ep00057,79,3.95,0.0,1.9353848323225975,0.24982193112373352,1.1524416208267212,0.1061711236834526,0.8539003133773804,steady,0.0
cross,probe_4_lateral,normal,friction_low,d1_ep00029,d1_ep00058,79,3.95,0.0,2.024540200829506,0.27307194471359253,1.2399851083755493,0.09278999269008636,0.8373863101005554,steady,0.0
cross,probe_4_lateral,normal,friction_low,d1_ep00029,d1_ep00061,79,3.95,0.0,2.0731878131628036,0.2834613025188446,1.27056884765625,0.10373909771442413,0.8308371305465698,steady,0.0
cross,probe_4_lateral,normal,friction_low,d1_ep00029,d1_ep00062,79,3.95,0.0,2.085100904107094,0.2697286009788513,1.284254789352417,0.10258008539676666,0.8570748567581177,steady,0.0
cross,probe_4_lateral,normal,friction_low,d1_ep00030,d0_ep00350,79,3.95,0.0,2.099795028567314,0.36137667298316956,1.0427680015563965,0.12721671164035797,1.1368672847747803,steady,0.0
cross,probe_4_lateral,normal,friction_low,d1_ep00030,d0_ep00360,79,3.95,0.0,2.0482398718595505,0.2990216314792633,1.1687997579574585,0.0803302675485611,1.0001764297485352,steady,0.0
cross,probe_4_lateral,normal,friction_low,d1_ep00030,d0_ep00361,79,3.95,0.0,2.2155086770653725,0.2916348874568939,1.276126742362976,0.09064931422472,1.114195466041565,steady,0.0
cross,probe_4_lateral,normal,friction_low,d1_ep00030,d0_ep00362,79,3.95,0.0,1.8207209184765816,0.3104439675807953,0.9302476644515991,0.09335998445749283,0.9733386039733887,steady,0.0
cross,probe_4_lateral,normal,friction_low,d1_ep00030,d1_ep00056,79,3.95,0.0,2.0088060721755028,0.2965680658817291,1.0435237884521484,0.09645383805036545,1.1445207595825195,steady,0.0
cross,probe_4_lateral,normal,friction_low,d1_ep00030,d1_ep00057,79,3.95,0.0,2.1936326697468758,0.29360270500183105,1.220335841178894,0.11359239369630814,1.132203459739685,steady,0.0
cross,probe_4_lateral,normal,friction_low,d1_ep00030,d1_ep00058,79,3.95,0.0,2.0349080115556717,0.3187705874443054,1.0636959075927734,0.09965439140796661,1.1055742502212524,steady,0.0
cross,probe_4_lateral,normal,friction_low,d1_ep00030,d1_ep00059,79,3.95,0.0,2.3530541211366653,0.28981247544288635,1.36851966381073,0.10850547254085541,1.1724330186843872,steady,0.0
cross,probe_4_lateral,normal,friction_low,d1_ep00030,d1_ep00060,79,3.95,0.0,2.349977694451809,0.35231199860572815,1.2987936735153198,0.10431837290525436,1.1891072988510132,steady,0.0
cross,probe_4_lateral,normal,friction_low,d1_ep00030,d1_ep00061,79,3.95,0.0,2.1967436894774437,0.3241574466228485,1.210206151008606,0.11068134754896164,1.1033974885940552,steady,0.0
cross,probe_4_lateral,normal,friction_low,d1_ep00030,d1_ep00062,79,3.95,0.0,2.057456262409687,0.3141252100467682,1.079461932182312,0.10917738825082779,1.109383463859558,steady,0.0
cross,probe_4_lateral,normal,friction_low,d1_ep00030,d1_ep00063,79,3.95,0.0,2.5219590440392494,0.3445252776145935,1.467455267906189,0.11324099451303482,1.1934750080108643,steady,0.0
cross,probe_4_lateral,normal,friction_low,d1_ep00031,d1_ep00062,79,3.95,0.0,1.7687193900346756,0.2732331454753876,1.042822241783142,0.09868548810482025,0.7079570293426514,steady,0.0
cross,probe_1_straight,friction_low,normal,d0_ep00339,d0_ep00386,19,0.95,0.0,2.437137447297573,0.0648680180311203,1.7736204862594604,0.07218191772699356,1.0529340505599976,steady,0.0
cross,probe_1_straight,friction_low,normal,d0_ep00339,d0_ep00387,19,0.95,0.0,2.3745579048991203,0.1029321476817131,1.786202073097229,0.08272022008895874,0.805406928062439,steady,0.0
cross,probe_1_straight,friction_low,normal,d0_ep00339,d0_ep00388,19,0.95,0.0,1.7846514359116554,0.08610189706087112,1.3273789882659912,0.1002352237701416,0.541870653629303,steady,0.0
cross,probe_1_straight,friction_low,normal,d0_ep00339,d0_ep00388,99,4.95,0.0,1.783957364037633,0.2296360582113266,1.2777577638626099,0.027086036279797554,0.49895501136779785,steady,0.0
cross,probe_1_straight,friction_low,normal,d0_ep00339,d0_ep00398,19,0.95,0.0,2.2866366282105446,0.09781934320926666,1.8430981636047363,0.0877697691321373,0.5158987045288086,steady,0.0
cross,probe_1_straight,friction_low,normal,d0_ep00339,d0_ep00400,19,0.95,0.0,2.453839920461178,0.13080629706382751,2.035247325897217,0.06703466922044754,0.44150325655937195,steady,0.0
cross,probe_1_straight,friction_low,normal,d0_ep00339,d0_ep00400,79,3.95,0.0,1.763137586414814,0.3384121060371399,1.078224778175354,0.042870618402957916,0.6072601675987244,steady,0.0
cross,probe_1_straight,friction_low,normal,d0_ep00339,d0_ep00412,19,0.95,0.0,1.9719401448965073,0.08807811886072159,1.3924767971038818,0.06610659509897232,0.850557267665863,steady,0.0
cross,probe_1_straight,friction_low,normal,d0_ep00339,d0_ep00412,79,3.95,0.0,2.1355659030377865,0.18298394978046417,1.6430171728134155,0.02712063118815422,0.5648882985115051,steady,0.0
cross,probe_1_straight,friction_low,normal,d0_ep00340,d0_ep00386,19,0.95,0.0,4.432433471083641,0.6174418926239014,3.3112895488739014,0.10445748269557953,0.7984890937805176,steady,0.0
cross,probe_1_straight,friction_low,normal,d0_ep00340,d0_ep00387,19,0.95,0.0,4.425610177218914,0.6179448962211609,3.326122999191284,0.09655284136533737,0.7699788808822632,steady,0.0
cross,probe_1_straight,friction_low,normal,d0_ep00340,d0_ep00388,19,0.95,0.0,4.024438135325909,0.554870069026947,2.859220504760742,0.0765414759516716,1.0676121711730957,steady,0.0
cross,probe_1_straight,friction_low,normal,d0_ep00340,d0_ep00398,19,0.95,0.0,4.486317105591297,0.5341895222663879,3.37972354888916,0.08624769002199173,0.9723126888275146,steady,0.0
cross,probe_1_straight,friction_low,normal,d0_ep00340,d0_ep00399,19,0.95,0.0,3.6676267087459564,0.7579970955848694,2.3469014167785645,0.1142357885837555,0.8969848155975342,steady,0.0
cross,probe_1_straight,friction_low,normal,d0_ep00340,d0_ep00400,19,0.95,0.0,4.744922369718552,0.5438235402107239,3.575850486755371,0.10479888319969177,1.0408989191055298,steady,0.0
cross,probe_1_straight,friction_low,normal,d0_ep00340,d0_ep00410,19,0.95,0.0,3.4526770189404488,0.6396186351776123,2.2867271900177,0.1113763228058815,0.8299097418785095,steady,0.0
cross,probe_1_straight,friction_low,normal,d0_ep00340,d0_ep00411,19,0.95,0.0,3.6004095375537872,0.676501452922821,2.2849574089050293,0.09194603562355042,1.094009280204773,steady,0.0
cross,probe_1_straight,friction_low,normal,d0_ep00340,d0_ep00412,19,0.95,0.0,4.035511068999767,0.6138414144515991,2.9330878257751465,0.10475432127714157,0.7676550149917603,steady,0.0
cross,probe_1_straight,friction_low,normal,d0_ep00340,d0_ep00030,19,0.95,0.0,3.922308288514614,0.6916583776473999,2.5776472091674805,0.0960213765501976,1.1139626502990723,steady,0.0
cross,probe_1_straight,friction_low,normal,d0_ep00340,d0_ep00031,19,0.95,0.0,3.852480724453926,0.5458208918571472,2.5876147747039795,0.0957116037607193,1.2466669082641602,steady,0.0
cross,probe_1_straight,friction_low,normal,d0_ep00340,d0_ep00032,19,0.95,0.0,3.7404680401086807,0.6003808975219727,2.4596757888793945,0.0819714218378067,1.1968798637390137,steady,0.0
cross,probe_1_straight,friction_low,normal,d0_ep00340,d1_ep00000,19,0.95,0.0,3.642518550157547,0.6584299206733704,2.3579366207122803,0.0936950147151947,1.0649139881134033,steady,0.0
cross,probe_1_straight,friction_low,normal,d0_ep00340,d1_ep00001,19,0.95,0.0,3.904452823102474,0.6163625717163086,2.565878391265869,0.10491963475942612,1.2345844507217407,steady,0.0
cross,probe_1_straight,friction_low,normal,d0_ep00340,d1_ep00002,19,0.95,0.0,4.145169660449028,0.6916351318359375,2.772012948989868,0.12101499736309052,1.1210131645202637,steady,0.0
cross,probe_1_straight,friction_low,normal,d0_ep00340,d1_ep00003,19,0.95,0.0,3.7178422063589096,0.723530650138855,2.36586856842041,0.10728524625301361,1.0423154830932617,steady,0.0
cross,probe_1_straight,friction_low,normal,d0_ep00340,d1_ep00004,19,0.95,0.0,3.784074604511261,0.6680431365966797,2.469505548477173,0.09391289949417114,1.1052260398864746,steady,0.0
cross,probe_1_straight,friction_low,normal,d0_ep00340,d1_ep00005,19,0.95,0.0,4.053899221122265,0.5570788979530334,2.787829875946045,0.10614144057035446,1.205698013305664,steady,0.0
cross,probe_1_straight,friction_low,normal,d0_ep00340,d1_ep00006,19,0.95,0.0,3.933458097279072,0.6045892834663391,2.5985910892486572,0.1109696701169014,1.2386161088943481,steady,0.0
cross,probe_1_straight,friction_low,normal,d0_ep00340,d1_ep00007,19,0.95,0.0,3.8486718758940697,0.5830845832824707,2.681744337081909,0.10621418803930283,0.9552575349807739,steady,0.0
cross,probe_1_straight,friction_low,normal,d0_ep00341,d0_ep00399,19,0.95,0.0,2.1041448209434748,0.7253711223602295,1.071395754814148,0.024493703618645668,0.5657684803009033,steady,0.0
cross,probe_1_straight,friction_low,normal,d0_ep00341,d0_ep00410,19,0.95,0.0,2.21799142844975,0.6564577221870422,1.1373361349105835,0.025768326595425606,0.7968584895133972,steady,0.0
cross,probe_1_straight,friction_low,normal,d0_ep00341,d0_ep00411,19,0.95,0.0,2.2882752306759357,0.7134529948234558,1.1945407390594482,0.04483424499630928,0.6708945035934448,steady,0.0
cross,probe_1_straight,friction_low,normal,d0_ep00341,d0_ep00030,19,0.95,0.0,1.936520829796791,0.7411242127418518,0.8339216709136963,0.04203464090824127,0.6388806104660034,steady,0.0
cross,probe_1_straight,friction_low,normal,d0_ep00341,d0_ep00031,19,0.95,0.0,1.9038438647985458,0.6185249090194702,0.8588274121284485,0.04170314967632294,0.7695767879486084,steady,0.0
cross,probe_1_straight,friction_low,normal,d0_ep00341,d0_ep00032,19,0.95,0.0,2.023113179951906,0.6527534127235413,0.9539143443107605,0.055222559720277786,0.7224457263946533,steady,0.0
cross,probe_1_straight,friction_low,normal,d0_ep00341,d1_ep00000,19,0.95,0.0,2.1732748970389366,0.6986792087554932,1.138365387916565,0.0448220893740654,0.5828164219856262,steady,0.0
cross,probe_1_straight,friction_low,normal,d0_ep00341,d1_ep00001,19,0.95,0.0,1.9859156645834446,0.6529574990272522,0.9318417906761169,0.03323698416352272,0.7357587814331055,steady,0.0
cross,probe_1_straight,friction_low,normal,d0_ep00341,d1_ep00003,19,0.95,0.0,2.191497541964054,0.7852261662483215,1.0837360620498657,0.03253871947526932,0.5799931883811951,steady,0.0
cross,probe_1_straight,friction_low,normal,d0_ep00341,d1_ep00004,19,0.95,0.0,2.062952969223261,0.7203086614608765,0.9626396298408508,0.0439281202852726,0.672153115272522,steady,0.0
cross,probe_1_straight,friction_low,normal,d0_ep00341,d1_ep00006,19,0.95,0.0,1.9607126507908106,0.6579375863075256,0.8867747187614441,0.02576375938951969,0.7804731726646423,steady,0.0
cross,probe_1_straight,friction_low,normal,d0_ep00341,d1_ep00007,19,0.95,0.0,1.8487602658569813,0.6297516226768494,0.786247193813324,0.03355063870549202,0.7984216213226318,steady,0.0
cross,probe_1_straight,friction_low,normal,d0_ep00352,d0_ep00400,19,0.95,0.0,1.799274830147624,0.19816072285175323,1.3146581649780273,0.01829574815928936,0.5363203883171082,steady,0.0
cross,probe_1_straight,friction_low,normal,d0_ep00352,d0_ep00410,119,5.95,0.0,1.855325374752283,0.23710909485816956,1.253145456314087,0.04907045140862465,0.632000744342804,steady,0.0
cross,probe_1_straight,friction_low,normal,d0_ep00352,d1_ep00007,119,5.95,0.0,1.8599376268684864,0.22247850894927979,1.2177176475524902,0.05872737243771553,0.7220281958580017,steady,0.0
cross,probe_1_straight,friction_low,normal,d0_ep00353,d0_ep00386,19,0.95,0.0,1.8683816641569138,0.08271460235118866,1.2878116369247437,0.032715678215026855,0.9302794933319092,steady,0.0
cross,probe_1_straight,friction_low,normal,d0_ep00353,d0_ep00387,119,5.95,0.0,1.8148703519254923,0.10908707976341248,1.177972674369812,0.021586203947663307,1.012448787689209,steady,0.0
cross,probe_1_straight,friction_low,normal,d0_ep00353,d0_ep00398,19,0.95,0.0,1.8218185566365719,0.12451350688934326,1.352244257926941,0.03408753499388695,0.6219465136528015,steady,0.0
cross,probe_1_straight,friction_low,normal,d0_ep00353,d0_ep00400,19,0.95,0.0,1.8693533036857843,0.11232340335845947,1.5290807485580444,0.019456425681710243,0.4169854521751404,steady,0.0
cross,probe_1_straight,friction_low,normal,d0_ep00353,d0_ep00412,119,5.95,0.0,1.7533777710050344,0.1820983588695526,1.2761588096618652,0.027724122628569603,0.534792959690094,steady,0.0
cross,probe_1_straight,friction_low,normal,d0_ep00353,d0_ep00032,79,3.95,0.0,1.8933196049183607,0.09241367131471634,1.271748423576355,0.024404218420386314,1.0095065832138062,steady,0.0
cross,probe_1_straight,friction_low,normal,d0_ep00363,d0_ep00412,79,3.95,0.0,1.7766902297735214,0.18133066594600677,1.2569419145584106,0.037339359521865845,0.6021565794944763,steady,0.0
cross,probe_1_straight,friction_low,normal,d0_ep00364,d0_ep00032,79,3.95,0.0,1.9691740330308676,0.09486845880746841,1.371472954750061,0.013186810538172722,0.9792916178703308,steady,0.0
cross,probe_1_straight,friction_low,normal,d1_ep00033,d0_ep00398,19,0.95,0.0,1.8243515770882368,0.13472533226013184,1.3165158033370972,0.02954527549445629,0.687130331993103,steady,0.0
cross,probe_1_straight,friction_low,normal,d1_ep00033,d0_ep00400,19,0.95,0.0,1.9609086066484451,0.144081711769104,1.4899301528930664,0.019331499934196472,0.6151304841041565,steady,0.0
cross,probe_1_straight,friction_low,normal,d1_ep00034,d0_ep00388,99,4.95,0.0,1.7664190158247948,0.2708844840526581,1.0833626985549927,0.039361946284770966,0.7456197738647461,steady,0.0
cross,probe_1_straight,friction_low,normal,d1_ep00034,d0_ep00400,79,3.95,0.0,1.986319910734892,0.32199859619140625,1.292295217514038,0.04388163611292839,0.6562889218330383,steady,0.0
cross,probe_1_straight,friction_low,normal,d1_ep00034,d0_ep00412,79,3.95,0.0,2.3545997627079487,0.15780483186244965,1.83863365650177,0.0289214588701725,0.658479630947113,steady,0.0
cross,probe_1_straight,friction_low,normal,d1_ep00034,d0_ep00030,79,3.95,0.0,1.7508989870548248,0.09741081297397614,1.200952172279358,0.033820852637290955,0.8374302983283997,steady,0.0
cross,probe_1_straight,friction_low,normal,d1_ep00037,d0_ep00398,19,0.95,0.0,1.9853003397583961,0.1516166776418686,1.4374827146530151,0.03824525326490402,0.7159113883972168,steady,0.0
cross,probe_1_straight,friction_low,normal,d1_ep00037,d0_ep00400,19,0.95,0.0,2.030405068770051,0.13948296010494232,1.6047166585922241,0.019279668107628822,0.5338515639305115,steady,0.0
cross,probe_1_straight,friction_low,normal,d1_ep00038,d0_ep00386,19,0.95,0.0,1.8217506371438503,0.08962564170360565,1.1205700635910034,0.035625409334897995,1.1518590450286865,steady,0.0
cross,probe_1_straight,friction_low,normal,d1_ep00038,d0_ep00400,19,0.95,0.0,1.8384971916675568,0.1355445235967636,1.3651771545410156,0.02337460219860077,0.6288018226623535,steady,0.0
cross,probe_1_straight,friction_low,normal,d1_ep00038,d0_ep00412,79,3.95,0.0,2.0029824674129486,0.20920595526695251,1.502078890800476,0.03700569272041321,0.5093838572502136,steady,0.0
cross,probe_1_straight,friction_low,normal,d1_ep00039,d0_ep00398,19,0.95,0.0,1.8766722567379475,0.16049496829509735,1.2889082431793213,0.034222815185785294,0.7860924601554871,steady,0.0
cross,probe_1_straight,friction_low,normal,d1_ep00039,d0_ep00400,19,0.95,0.0,1.9419037010520697,0.1501709669828415,1.4677270650863647,0.01969841681420803,0.6086145043373108,steady,0.0
cross,probe_1_straight,friction_low,normal,d1_ep00039,d0_ep00031,39,1.95,0.0,1.8283773586153984,0.1191474199295044,1.1932575702667236,0.04058956354856491,0.9507656097412109,steady,0.0
cross,probe_2_accel_decel,friction_low,normal,d1_ep00041,d0_ep00033,79,3.95,0.0,2.067236728966236,0.1171688511967659,1.6327780485153198,0.017101645469665527,0.6003763675689697,steady,0.0
cross,probe_2_accel_decel,friction_low,normal,d1_ep00041,d0_ep00035,79,3.95,0.0,1.9162372276186943,0.19007381796836853,1.3807700872421265,0.07068177312612534,0.549423098564148,steady,0.0
cross,probe_2_accel_decel,friction_low,normal,d1_ep00041,d1_ep00009,79,3.95,0.0,1.9393323231488466,0.0737842321395874,1.530434489250183,0.020638572052121162,0.6289500594139099,steady,0.0
cross,probe_2_accel_decel,friction_low,normal,d1_ep00041,d1_ep00011,79,3.95,0.0,2.143123034387827,0.12904322147369385,1.7012141942977905,0.025365177541971207,0.5750008821487427,steady,0.0
cross,probe_2_accel_decel,friction_low,normal,d1_ep00041,d1_ep00012,79,3.95,0.0,1.8995935888960958,0.21223898231983185,1.2019307613372803,0.013029766269028187,0.9447881579399109,steady,0.0
cross,probe_2_accel_decel,friction_low,normal,d1_ep00041,d1_ep00014,79,3.95,0.0,1.852233201265335,0.21968349814414978,1.185590147972107,0.019766956567764282,0.8543851971626282,steady,0.0
cross,probe_3_turn,friction_low,normal,d0_ep00345,d0_ep00392,19,0.95,0.0,2.132911089807749,0.24401172995567322,1.6824315786361694,0.023469436913728714,0.36599668860435486,steady,0.0
cross,probe_3_turn,friction_low,normal,d0_ep00345,d0_ep00392,39,1.95,0.0,1.8764566890895367,0.17342939972877502,1.3099267482757568,0.03020913526415825,0.7257828116416931,transition,1.399999976158142
cross,probe_3_turn,friction_low,normal,d0_ep00345,d0_ep00392,59,2.95,0.0,1.963943924754858,0.12692108750343323,1.653102159500122,0.027132701128721237,0.31357595324516296,steady,0.0
cross,probe_3_turn,friction_low,normal,d0_ep00345,d0_ep00393,19,0.95,0.0,2.3589506931602955,0.2777002453804016,1.7208360433578491,0.04451655223965645,0.6317957043647766,steady,0.0
cross,probe_3_turn,friction_low,normal,d0_ep00345,d0_ep00393,39,1.95,0.0,1.8518208917230368,0.17344479262828827,1.2485369443893433,0.028793087229132652,0.8020921349525452,transition,1.399999976158142
cross,probe_3_turn,friction_low,normal,d0_ep00345,d0_ep00393,59,2.95,0.0,2.0678299888968468,0.17863652110099792,1.5415552854537964,0.034118376672267914,0.6270396113395691,steady,0.0
cross,probe_3_turn,friction_low,normal,d0_ep00345,d0_ep00394,19,0.95,0.0,2.4073698297142982,0.2353004515171051,1.9320400953292847,0.02927315980195999,0.421512246131897,steady,0.0
cross,probe_3_turn,friction_low,normal,d0_ep00345,d0_ep00394,59,2.95,0.0,2.0936984131112695,0.06379935145378113,1.8684391975402832,0.004104183055460453,0.3147113621234894,steady,0.0
cross,probe_3_turn,friction_low,normal,d0_ep00345,d0_ep00404,19,0.95,0.0,2.178240534849465,0.3002474308013916,1.4949193000793457,0.013762054033577442,0.7386234998703003,steady,0.0
cross,probe_3_turn,friction_low,normal,d0_ep00345,d0_ep00404,59,2.95,0.0,1.7547447439283133,0.10605176538228989,1.2374192476272583,0.027523500844836235,0.7675004601478577,steady,0.0
cross,probe_3_turn,friction_low,normal,d0_ep00345,d0_ep00405,19,0.95,0.0,1.9779720026999712,0.21877150237560272,1.5579612255096436,0.026035772636532784,0.3504070043563843,steady,0.0
cross,probe_3_turn,friction_low,normal,d0_ep00345,d0_ep00405,39,1.95,0.0,1.9897100683301687,0.23484721779823303,1.520065426826477,0.029500490054488182,0.4105938673019409,transition,1.399999976158142
cross,probe_3_turn,friction_low,normal,d0_ep00345,d0_ep00405,59,2.95,0.0,2.094951704144478,0.16386306285858154,1.7711235284805298,0.015781179070472717,0.2883678674697876,steady,0.0
cross,probe_3_turn,friction_low,normal,d0_ep00345,d0_ep00406,19,0.95,0.0,1.773274613544345,0.17702600359916687,1.4139537811279297,0.021367250010371208,0.3218551576137543,steady,0.0
cross,probe_3_turn,friction_low,normal,d0_ep00345,d0_ep00406,59,2.95,0.0,2.0523843560367823,0.10329782962799072,1.804165244102478,0.010850662365555763,0.2681412398815155,steady,0.0
cross,probe_3_turn,friction_low,normal,d0_ep00345,d0_ep00416,19,0.95,0.0,1.7903824746608734,0.14665324985980988,1.4412829875946045,0.03952917456626892,0.32583412528038025,steady,0.0
cross,probe_3_turn,friction_low,normal,d0_ep00345,d0_ep00416,59,2.95,0.0,2.128526414744556,0.13072045147418976,1.7859961986541748,0.012321258895099163,0.39897701144218445,steady,0.0
cross,probe_3_turn,friction_low,normal,d0_ep00345,d0_ep00417,19,0.95,0.0,2.615773022174835,0.16588610410690308,1.9327501058578491,0.022742927074432373,0.9887877702713013,steady,0.0
cross,probe_3_turn,friction_low,normal,d0_ep00345,d0_ep00417,59,2.95,0.0,1.8797836229205132,0.09822118282318115,1.6094905138015747,0.022721104323863983,0.2987016439437866,steady,0.0
cross,probe_3_turn,friction_low,normal,d0_ep00345,d0_ep00036,39,1.95,0.0,1.8771083047613502,0.22034598886966705,1.2138522863388062,0.009680732153356075,0.8664585947990417,transition,1.399999976158142
cross,probe_3_turn,friction_low,normal,d0_ep00345,d0_ep00036,59,2.95,0.0,2.3563900627195835,0.21793043613433838,1.6632155179977417,0.04214343801140785,0.8662013411521912,steady,0.0
cross,probe_3_turn,friction_low,normal,d0_ep00345,d0_ep00037,19,0.95,0.0,2.2038916032761335,0.20587794482707977,1.7839629650115967,0.02605624310672283,0.3759889006614685,steady,0.0
cross,probe_3_turn,friction_low,normal,d0_ep00345,d0_ep00037,59,2.95,0.0,1.9198460131883621,0.012281682342290878,1.5107415914535522,0.01701422408223152,0.759617030620575,steady,0.0
cross,probe_3_turn,friction_low,normal,d0_ep00345,d0_ep00038,19,0.95,0.0,2.5390466121025383,0.18720006942749023,2.1086437702178955,0.0071735200472176075,0.47205850481987,steady,0.0
cross,probe_3_turn,friction_low,normal,d0_ep00345,d0_ep00038,59,2.95,0.0,2.0560285821557045,0.2316993772983551,1.4878101348876953,0.036991991102695465,0.5990541577339172,steady,0.0
cross,probe_3_turn,friction_low,normal,d0_ep00345,d1_ep00016,59,2.95,0.0,1.8952629808336496,0.07432327419519424,1.6029995679855347,0.01989126391708851,0.39609774947166443,steady,0.0
cross,probe_3_turn,friction_low,normal,d0_ep00345,d1_ep00017,19,0.95,0.0,1.8574786316603422,0.23460881412029266,1.4360477924346924,0.024720830842852592,0.32420238852500916,steady,0.0
cross,probe_3_turn,friction_low,normal,d0_ep00345,d1_ep00017,39,1.95,0.0,2.0818495638668537,0.3371831774711609,1.3943276405334473,0.03902720287442207,0.622623085975647,transition,1.399999976158142
cross,probe_3_turn,friction_low,normal,d0_ep00345,d1_ep00017,59,2.95,0.0,2.238303271122277,0.2383585125207901,1.7160228490829468,0.011914295144379139,0.5440152287483215,steady,0.0
cross,probe_3_turn,friction_low,normal,d0_ep00345,d1_ep00018,19,0.95,0.0,1.9687794968485832,0.1879921555519104,1.520606517791748,0.03446926921606064,0.45142310857772827,steady,0.0
cross,probe_3_turn,friction_low,normal,d0_ep00345,d1_ep00018,39,1.95,0.0,1.9459408707916737,0.1980346143245697,1.472520112991333,0.021346140652894974,0.508080005645752,transition,1.399999976158142
cross,probe_3_turn,friction_low,normal,d0_ep00345,d1_ep00018,59,2.95,0.0,2.195660788565874,0.17940182983875275,1.7290291786193848,0.01574498787522316,0.5429695844650269,steady,0.0
cross,probe_3_turn,friction_low,normal,d0_ep00345,d1_ep00019,19,0.95,0.0,2.2228007316589355,0.25681939721107483,1.6444588899612427,0.05505472421646118,0.5329354405403137,steady,0.0
cross,probe_3_turn,friction_low,normal,d0_ep00345,d1_ep00019,39,1.95,0.0,1.8209429159760475,0.2990870177745819,1.249399185180664,0.04439396411180496,0.45612549781799316,transition,1.399999976158142
cross,probe_3_turn,friction_low,normal,d0_ep00345,d1_ep00019,59,2.95,0.0,2.046656674472615,0.0714128315448761,1.8473057746887207,0.002721703378483653,0.25043272972106934,steady,0.0
cross,probe_3_turn,friction_low,normal,d0_ep00345,d1_ep00020,19,0.95,0.0,2.0409962702542543,0.15188069641590118,1.4505012035369873,0.026745440438389778,0.8237378597259521,steady,0.0
cross,probe_3_turn,friction_low,normal,d0_ep00345,d1_ep00020,59,2.95,0.0,2.4137463495135307,0.06358800083398819,1.980378270149231,0.015536800026893616,0.7084865570068359,steady,0.0
cross,probe_3_turn,friction_low,normal,d0_ep00345,d1_ep00021,19,0.95,0.0,1.8456235844641924,0.23242463171482086,1.3715626001358032,0.01479359157383442,0.4536855220794678,steady,0.0
cross,probe_3_turn,friction_low,normal,d0_ep00345,d1_ep00021,59,2.95,0.0,2.0935187861323357,0.15850606560707092,1.6618835926055908,0.030564092099666595,0.48513007164001465,steady,0.0
cross,probe_3_turn,friction_low,normal,d0_ep00345,d1_ep00022,19,0.95,0.0,1.7736984081566334,0.19002707302570343,1.4605112075805664,0.014973234385251999,0.21637378633022308,steady,0.0
cross,probe_3_turn,friction_low,normal,d0_ep00345,d1_ep00022,59,2.95,0.0,2.3712145276367664,0.054123178124427795,1.930223822593689,0.02389303222298622,0.7259489893913269,steady,0.0
cross,probe_3_turn,friction_low,normal,d0_ep00345,d1_ep00023,19,0.95,0.0,2.698671668767929,0.21330077946186066,2.1430249214172363,0.018786445260047913,0.6471190452575684,steady,0.0
cross,probe_3_turn,friction_low,normal,d0_ep00345,d1_ep00023,59,2.95,0.0,2.3796225488185883,0.18892215192317963,1.8331937789916992,0.018436089158058167,0.6781410574913025,steady,0.0
cross,probe_3_turn,friction_low,normal,d0_ep00346,d0_ep00394,39,1.95,0.0,1.9555070586502552,0.1446724534034729,1.4850633144378662,0.037817467004060745,0.5759076476097107,transition,1.399999976158142
cross,probe_3_turn,friction_low,normal,d0_ep00346,d0_ep00406,39,1.95,0.0,1.777219608426094,0.1793108731508255,1.2576042413711548,0.03403341770172119,0.6125421524047852,transition,1.399999976158142
cross,probe_3_turn,friction_low,normal,d0_ep00346,d0_ep00416,39,1.95,0.0,1.9819121696054935,0.25500866770744324,1.4637033939361572,0.04149392619729042,0.4434123635292053,transition,1.399999976158142
cross,probe_3_turn,friction_low,normal,d0_ep00346,d0_ep00037,39,1.95,0.0,1.898929439485073,0.21581712365150452,1.2950471639633179,0.0336170420050621,0.7088962197303772,transition,1.399999976158142
cross,probe_3_turn,friction_low,normal,d0_ep00346,d1_ep00016,39,1.95,0.0,1.7694981396198273,0.13810712099075317,1.1922821998596191,0.040564388036727905,0.7970888614654541,transition,1.399999976158142
cross,probe_3_turn,friction_low,normal,d0_ep00346,d1_ep00022,39,1.95,0.0,2.0302783213555813,0.13129885494709015,1.5701115131378174,0.046627651900053024,0.5644806027412415,transition,1.399999976158142
cross,probe_3_turn,friction_low,normal,d0_ep00347,d0_ep00392,19,0.95,0.0,3.2599712312221527,0.6898205280303955,1.2626726627349854,0.3346421420574188,1.945671796798706,steady,0.0
cross,probe_3_turn,friction_low,normal,d0_ep00347,d0_ep00392,39,1.95,0.0,3.4089812636375427,0.3956739008426666,1.9526664018630981,0.3322623670101166,1.4567571878433228,transition,1.399999976158142
cross,probe_3_turn,friction_low,normal,d0_ep00347,d0_ep00392,59,2.95,0.0,2.3286077678203583,0.541491687297821,0.9826339483261108,0.19372627139091492,1.221511721611023,steady,0.0
cross,probe_3_turn,friction_low,normal,d0_ep00347,d0_ep00393,19,0.95,0.0,2.3411315381526947,0.45198068022727966,0.6535320281982422,0.33674222230911255,1.7977532148361206,steady,0.0
cross,probe_3_turn,friction_low,normal,d0_ep00347,d0_ep00393,39,1.95,0.0,3.2062883973121643,0.4035959541797638,1.7994838953018188,0.332116037607193,1.3421850204467773,transition,1.399999976158142
cross,probe_3_turn,friction_low,normal,d0_ep00347,d0_ep00393,59,2.95,0.0,2.0018273442983627,0.3515384793281555,0.9340637922286987,0.20198117196559906,1.0284878015518188,steady,0.0
cross,probe_3_turn,friction_low,normal,d0_ep00347,d0_ep00394,19,0.95,0.0,3.206857144832611,0.7631748914718628,1.1061506271362305,0.3471130132675171,1.9808372259140015,steady,0.0
cross,probe_3_turn,friction_low,normal,d0_ep00347,d0_ep00394,39,1.95,0.0,3.3003609776496887,0.4638189971446991,1.7753950357437134,0.33699414134025574,1.448305606842041,transition,1.399999976158142
cross,probe_3_turn,friction_low,normal,d0_ep00347,d0_ep00394,59,2.95,0.0,2.6540682166814804,0.5318045020103455,1.1976380348205566,0.20877675712108612,1.4316978454589844,steady,0.0
cross,probe_3_turn,friction_low,normal,d0_ep00347,d0_ep00404,19,0.95,0.0,3.0744385421276093,0.6710540652275085,1.2001383304595947,0.33081862330436707,1.7448550462722778,steady,0.0
cross,probe_3_turn,friction_low,normal,d0_ep00347,d0_ep00404,39,1.95,0.0,3.4453086853027344,0.4143727421760559,1.8325434923171997,0.33334600925445557,1.7300928831100464,transition,1.399999976158142
cross,probe_3_turn,friction_low,normal,d0_ep00347,d0_ep00404,59,2.95,0.0,2.327756479382515,0.5015352964401245,1.0654621124267578,0.19385679066181183,1.1338045597076416,steady,0.0
cross,probe_3_turn,friction_low,normal,d0_ep00347,d0_ep00405,19,0.95,0.0,3.267958104610443,0.6974265575408936,1.2299398183822632,0.3437895178794861,1.9936044216156006,steady,0.0
cross,probe_3_turn,friction_low,normal,d0_ep00347,d0_ep00405,39,1.95,0.0,3.582673341035843,0.3387864828109741,2.188546895980835,0.330687016248703,1.4493058919906616,transition,1.399999976158142
cross,probe_3_turn,friction_low,normal,d0_ep00347,d0_ep00405,59,2.95,0.0,2.481342613697052,0.5387572646141052,1.109729528427124,0.20319980382919312,1.2593120336532593,steady,0.0
cross,probe_3_turn,friction_low,normal,d0_ep00347,d0_ep00406,19,0.95,0.0,3.106543868780136,0.6953415274620056,1.0823101997375488,0.33526143431663513,1.987261414527893,steady,0.0
cross,probe_3_turn,friction_low,normal,d0_ep00347,d0_ep00406,39,1.95,0.0,3.559438943862915,0.5153977274894714,1.8243640661239624,0.338329553604126,1.7626951932907104,transition,1.399999976158142
cross,probe_3_turn,friction_low,normal,d0_ep00347,d0_ep00406,59,2.95,0.0,2.386698216199875,0.5173146724700928,0.9994469285011292,0.20447781682014465,1.3309175968170166,steady,0.0
cross,probe_3_turn,friction_low,normal,d0_ep00347,d0_ep00416,19,0.95,0.0,3.0659003853797913,0.6423092484474182,1.0882010459899902,0.33880937099456787,1.9931614398956299,steady,0.0
cross,probe_3_turn,friction_low,normal,d0_ep00347,d0_ep00416,39,1.95,0.0,3.3464611172676086,0.4884951114654541,1.739959478378296,0.3456506133079529,1.5447118282318115,transition,1.399999976158142
cross,probe_3_turn,friction_low,normal,d0_ep00347,d0_ep00416,59,2.95,0.0,2.358722686767578,0.5185191035270691,0.9822887778282166,0.21550339460372925,1.2848228216171265,steady,0.0
cross,probe_3_turn,friction_low,normal,d0_ep00347,d0_ep00417,19,0.95,0.0,3.077004909515381,0.6361928582191467,1.3201286792755127,0.3419133424758911,1.5575400590896606,steady,0.0
cross,probe_3_turn,friction_low,normal,d0_ep00347,d0_ep00417,39,1.95,0.0,3.5371402502059937,0.5061352252960205,1.9570415019989014,0.3366912007331848,1.474544644355774,transition,1.399999976158142
cross,probe_3_turn,friction_low,normal,d0_ep00347,d0_ep00417,59,2.95,0.0,2.4577119052410126,0.5386360883712769,1.065057635307312,0.1986541450023651,1.3107280731201172,steady,0.0
cross,probe_3_turn,friction_low,normal,d0_ep00347,d0_ep00036,19,0.95,0.0,3.404849410057068,0.708581268787384,1.408087134361267,0.3473511338233948,1.881659746170044,steady,0.0
cross,probe_3_turn,friction_low,normal,d0_ep00347,d0_ep00036,39,1.95,0.0,3.587052822113037,0.40892520546913147,2.2012829780578613,0.31805166602134705,1.3175859451293945,transition,1.399999976158142
cross,probe_3_turn,friction_low,normal,d0_ep00347,d0_ep00036,59,2.95,0.0,2.202383413910866,0.5472451448440552,0.9661117792129517,0.1715327650308609,1.034987449645996,steady,0.0
cross,probe_3_turn,friction_low,normal,d0_ep00347,d0_ep00037,19,0.95,0.0,2.8779907524585724,0.6276110410690308,1.014585256576538,0.3420334756374359,1.7875219583511353,steady,0.0
cross,probe_3_turn,friction_low,normal,d0_ep00347,d0_ep00037,39,1.95,0.0,3.5534893572330475,0.5736661553382874,1.7070375680923462,0.3448953330516815,1.8557806015014648,transition,1.399999976158142
cross,probe_3_turn,friction_low,normal,d0_ep00347,d0_ep00037,59,2.95,0.0,2.685246542096138,0.49916893243789673,1.3735754489898682,0.19612117111682892,1.2327619791030884,steady,0.0
cross,probe_3_turn,friction_low,normal,d0_ep00347,d0_ep00038,19,0.95,0.0,2.893865019083023,0.6082636117935181,1.1124547719955444,0.32262560725212097,1.7010420560836792,steady,0.0
cross,probe_3_turn,friction_low,normal,d0_ep00347,d0_ep00038,39,1.95,0.0,4.328046411275864,0.5230080485343933,2.531607151031494,0.3550681173801422,1.836726188659668,transition,1.399999976158142
cross,probe_3_turn,friction_low,normal,d0_ep00347,d0_ep00038,59,2.95,0.0,2.458468645811081,0.2978464961051941,1.554184079170227,0.18732190132141113,0.8382323384284973,steady,0.0
cross,probe_3_turn,friction_low,normal,d0_ep00347,d1_ep00016,19,0.95,0.0,2.7873587012290955,0.4486139714717865,1.1908462047576904,0.33123502135276794,1.6333270072937012,steady,0.0
cross,probe_3_turn,friction_low,normal,d0_ep00347,d1_ep00016,39,1.95,0.0,3.669089376926422,0.5015851259231567,1.8499335050582886,0.35661834478378296,1.9219048023223877,transition,1.399999976158142
cross,probe_3_turn,friction_low,normal,d0_ep00347,d1_ep00016,59,2.95,0.0,2.338696986436844,0.567689836025238,0.9643216729164124,0.195441335439682,1.222488284111023,steady,0.0
cross,probe_3_turn,friction_low,normal,d0_ep00347,d1_ep00017,19,0.95,0.0,2.983214944601059,0.6830857992172241,1.014849305152893,0.3331860601902008,1.904187560081482,steady,0.0
cross,probe_3_turn,friction_low,normal,d0_ep00347,d1_ep00017,39,1.95,0.0,3.6177849173545837,0.23546487092971802,2.3833444118499756,0.3392680883407593,1.3194150924682617,transition,1.399999976158142
cross,probe_3_turn,friction_low,normal,d0_ep00347,d1_ep00017,59,2.95,0.0,2.4594058841466904,0.4119962155818939,1.251502275466919,0.20381410419940948,1.184186577796936,steady,0.0
cross,probe_3_turn,friction_low,normal,d0_ep00347,d1_ep00018,19,0.95,0.0,3.187646508216858,0.7396456003189087,1.0539854764938354,0.35333240032196045,2.0813660621643066,steady,0.0
cross,probe_3_turn,friction_low,normal,d0_ep00347,d1_ep00018,39,1.95,0.0,3.8309575617313385,0.3758975863456726,2.398574113845825,0.3293095529079437,1.454352617263794,transition,1.399999976158142
cross,probe_3_turn,friction_low,normal,d0_ep00347,d1_ep00018,59,2.95,0.0,2.2558525651693344,0.5068503618240356,0.9589529633522034,0.1980617493391037,1.1839749813079834,steady,0.0
cross,probe_3_turn,friction_low,normal,d0_ep00347,d1_ep00019,19,0.95,0.0,3.0647808015346527,0.7234978079795837,0.9773159027099609,0.3709140121936798,1.9861061573028564,steady,0.0
cross,probe_3_turn,friction_low,normal,d0_ep00347,d1_ep00019,39,1.95,0.0,3.2350770235061646,0.2747766375541687,1.8717920780181885,0.3390384316444397,1.4989397525787354,transition,1.399999976158142
cross,probe_3_turn,friction_low,normal,d0_ep00347,d1_ep00019,59,2.95,0.0,2.5664654076099396,0.5784305334091187,1.0825740098953247,0.2109602391719818,1.3890012502670288,steady,0.0
cross,probe_3_turn,friction_low,normal,d0_ep00347,d1_ep00020,19,0.95,0.0,3.0850115716457367,0.6914884448051453,1.179080605506897,0.346250981092453,1.736383080482483,steady,0.0
cross,probe_3_turn,friction_low,normal,d0_ep00347,d1_ep00020,39,1.95,0.0,3.7693924605846405,0.471695214509964,2.0900330543518066,0.33360958099365234,1.748109221458435,transition,1.399999976158142
cross,probe_3_turn,friction_low,normal,d0_ep00347,d1_ep00020,59,2.95,0.0,2.333162099123001,0.4810107946395874,1.0409486293792725,0.19799211621284485,1.2264211177825928,steady,0.0
cross,probe_3_turn,friction_low,normal,d0_ep00347,d1_ep00021,19,0.95,0.0,2.7866804003715515,0.6164513230323792,0.9387635588645935,0.32330453395843506,1.8163219690322876,steady,0.0
cross,probe_3_turn,friction_low,normal,d0_ep00347,d1_ep00021,39,1.95,0.0,3.3841435313224792,0.426965594291687,1.9487625360488892,0.3261180520057678,1.3645946979522705,transition,1.399999976158142
cross,probe_3_turn,friction_low,normal,d0_ep00347,d1_ep00021,59,2.95,0.0,2.0751985758543015,0.4649914503097534,0.8749070167541504,0.19606010615825653,1.0784800052642822,steady,0.0
cross,probe_3_turn,friction_low,normal,d0_ep00347,d1_ep00022,19,0.95,0.0,3.12154284119606,0.7217569351196289,1.0803433656692505,0.32511118054389954,1.9886627197265625,steady,0.0
cross,probe_3_turn,friction_low,normal,d0_ep00347,d1_ep00022,39,1.95,0.0,3.0219636857509613,0.47370752692222595,1.5038799047470093,0.33456140756607056,1.419629693031311,transition,1.399999976158142
cross,probe_3_turn,friction_low,normal,d0_ep00347,d1_ep00022,59,2.95,0.0,2.371920347213745,0.46786636114120483,1.107079029083252,0.19083237648010254,1.2122851610183716,steady,0.0
cross,probe_3_turn,friction_low,normal,d0_ep00347,d1_ep00023,19,0.95,0.0,2.610367238521576,0.5359898805618286,0.9339044690132141,0.31351011991500854,1.6539255380630493,steady,0.0
cross,probe_3_turn,friction_low,normal,d0_ep00347,d1_ep00023,39,1.95,0.0,3.8951466381549835,0.5504759550094604,2.0984044075012207,0.35423699021339417,1.7840585708618164,transition,1.399999976158142
cross,probe_3_turn,friction_low,normal,d0_ep00347,d1_ep00023,59,2.95,0.0,2.4241143465042114,0.5657025575637817,1.144883155822754,0.1964043378829956,1.0342485904693604,steady,0.0
cross,probe_3_turn,friction_low,normal,d0_ep00357,d0_ep00393,19,0.95,0.0,2.0537379756569862,0.2013825923204422,1.505595088005066,0.04611610621213913,0.601288378238678,steady,0.0
cross,probe_3_turn,friction_low,normal,d0_ep00357,d0_ep00394,19,0.95,0.0,1.8656035922467709,0.1326477974653244,1.6130592823028564,0.01768171414732933,0.20442959666252136,steady,0.0
cross,probe_3_turn,friction_low,normal,d0_ep00357,d0_ep00404,19,0.95,0.0,1.8036870630457997,0.1823910027742386,1.256422758102417,0.01512185949832201,0.6995028853416443,steady,0.0
cross,probe_3_turn,friction_low,normal,d0_ep00357,d0_ep00417,19,0.95,0.0,2.1784157287329435,0.10073354095220566,1.5806024074554443,0.011326154693961143,0.9715072512626648,steady,0.0
cross,probe_3_turn,friction_low,normal,d0_ep00357,d0_ep00036,59,2.95,0.0,1.7804625108838081,0.18397004902362823,1.1165554523468018,0.048773519694805145,0.862326979637146,steady,0.0
cross,probe_3_turn,friction_low,normal,d0_ep00357,d0_ep00037,19,0.95,0.0,1.9313398953527212,0.1077464371919632,1.6008930206298828,0.018651267513632774,0.40809834003448486,steady,0.0
cross,probe_3_turn,friction_low,normal,d0_ep00357,d0_ep00038,19,0.95,0.0,2.217683820053935,0.10374502092599869,1.817796230316162,0.016688665375113487,0.5589078068733215,steady,0.0
cross,probe_3_turn,friction_low,normal,d0_ep00357,d1_ep00020,19,0.95,0.0,1.7661654371768236,0.11578620225191116,1.2132724523544312,0.008136386051774025,0.8579407930374146,steady,0.0
cross,probe_3_turn,friction_low,normal,d0_ep00357,d1_ep00020,59,2.95,0.0,1.784043412655592,0.019536195322871208,1.3752273321151733,0.02262861840426922,0.7333025336265564,steady,0.0
cross,probe_3_turn,friction_low,normal,d0_ep00357,d1_ep00023,19,0.95,0.0,2.4412294067442417,0.13652735948562622,1.8956576585769653,0.033234599977731705,0.7516195774078369,steady,0.0
cross,probe_3_turn,friction_low,normal,d0_ep00357,d1_ep00023,59,2.95,0.0,1.784617442637682,0.16484655439853668,1.2513607740402222,0.025413159281015396,0.6859939098358154,steady,0.0
cross,probe_3_turn,friction_low,normal,d0_ep00359,d0_ep00393,19,0.95,0.0,1.890452902764082,0.17224305868148804,1.386500358581543,0.03233332559466362,0.5987523198127747,steady,0.0
cross,probe_3_turn,friction_low,normal,d0_ep00359,d0_ep00394,19,0.95,0.0,1.8167169915977865,0.18460334837436676,1.49392569065094,0.0008261429611593485,0.274723619222641,steady,0.0
cross,probe_3_turn,friction_low,normal,d0_ep00359,d0_ep00404,19,0.95,0.0,1.7990218847990036,0.22051836550235748,1.1910443305969238,0.016016751527786255,0.7428848743438721,steady,0.0
cross,probe_3_turn,friction_low,normal,d0_ep00359,d0_ep00404,59,2.95,0.0,1.7810218315571547,0.09645882993936539,1.3638991117477417,0.017666807398200035,0.6059941649436951,steady,0.0
cross,probe_3_turn,friction_low,normal,d0_ep00359,d0_ep00404,119,5.95,0.0,1.8443270027637482,0.23000989854335785,1.3199384212493896,0.009448513388633728,0.5698603391647339,steady,0.0
cross,probe_3_turn,friction_low,normal,d0_ep00359,d0_ep00417,19,0.95,0.0,2.1055829697288573,0.1369796097278595,1.4617918729782104,0.006704139057546854,1.000214695930481,steady,0.0
cross,probe_3_turn,friction_low,normal,d0_ep00359,d0_ep00037,19,0.95,0.0,1.8727086605504155,0.1428235024213791,1.5367294549942017,0.005143952555954456,0.3760235011577606,steady,0.0
cross,probe_3_turn,friction_low,normal,d0_ep00359,d0_ep00037,59,2.95,0.0,1.8383431620895863,0.031111203134059906,1.4885891675949097,0.023884382098913193,0.589516818523407,steady,0.0
cross,probe_3_turn,friction_low,normal,d0_ep00359,d0_ep00038,19,0.95,0.0,2.147186743095517,0.13157199323177338,1.7188822031021118,0.03072613663971424,0.5320128202438354,steady,0.0
cross,probe_3_turn,friction_low,normal,d0_ep00359,d0_ep00038,59,2.95,0.0,2.305161565542221,0.21287865936756134,1.7569059133529663,0.04149125516414642,0.587771475315094,steady,0.0
cross,probe_3_turn,friction_low,normal,d0_ep00359,d1_ep00020,19,0.95,0.0,1.7523083426058292,0.16055423021316528,1.143778681755066,0.018771354109048843,0.8584081530570984,steady,0.0
cross,probe_3_turn,friction_low,normal,d0_ep00359,d1_ep00023,19,0.95,0.0,2.342064432799816,0.13531333208084106,1.8003407716751099,0.033911071717739105,0.7449985146522522,steady,0.0
cross,probe_3_turn,friction_low,normal,d0_ep00370,d0_ep00036,119,5.95,0.0,1.7608766052871943,0.07350600510835648,1.3685246706008911,0.008851440623402596,0.6199889779090881,steady,0.0
cross,probe_3_turn,friction_low,normal,d1_ep00048,d0_ep00038,59,2.95,0.0,1.7544098980724812,0.3186489939689636,1.0620989799499512,0.03332294896245003,0.6806779503822327,steady,0.0
cross,probe_3_turn,friction_low,normal,d1_ep00048,d1_ep00020,59,2.95,0.0,1.9217925695702434,0.13989920914173126,1.3229397535324097,0.01472173910588026,0.8884637355804443,steady,0.0
cross,probe_3_turn,friction_low,normal,d1_ep00048,d1_ep00022,59,2.95,0.0,1.8957763616926968,0.13631078600883484,1.2958773374557495,0.0068746511824429035,0.9134271740913391,steady,0.0
cross,probe_3_turn,friction_low,normal,d1_ep00048,d1_ep00023,59,2.95,0.0,1.7854522382840514,0.21499738097190857,1.140164852142334,0.01249601598829031,0.8355879783630371,steady,0.0
cross,probe_3_turn,friction_low,normal,d1_ep00050,d0_ep00392,19,0.95,0.0,2.6900976821780205,0.2368296980857849,2.2160754203796387,0.04583831876516342,0.38270848989486694,steady,0.0
cross,probe_3_turn,friction_low,normal,d1_ep00050,d0_ep00393,19,0.95,0.0,2.684212528169155,0.23340873420238495,2.1774485111236572,0.06485296040773392,0.41700464487075806,steady,0.0
cross,probe_3_turn,friction_low,normal,d1_ep00050,d0_ep00394,19,0.95,0.0,2.960789155215025,0.24171392619609833,2.450782299041748,0.05158739909529686,0.4334110617637634,steady,0.0
cross,probe_3_turn,friction_low,normal,d1_ep00050,d0_ep00404,19,0.95,0.0,2.658890664577484,0.28466859459877014,2.007265329360962,0.03651425242424011,0.6608849763870239,steady,0.0
cross,probe_3_turn,friction_low,normal,d1_ep00050,d0_ep00405,19,0.95,0.0,2.537941697984934,0.21169129014015198,2.0870442390441895,0.048482660204172134,0.3814470171928406,steady,0.0
cross,probe_3_turn,friction_low,normal,d1_ep00050,d0_ep00406,19,0.95,0.0,2.292541205883026,0.17528942227363586,1.9209635257720947,0.04402269423007965,0.30453112721443176,steady,0.0
cross,probe_3_turn,friction_low,normal,d1_ep00050,d0_ep00416,19,0.95,0.0,2.29546982049942,0.1330907642841339,1.9513312578201294,0.06082978844642639,0.30043601989746094,steady,0.0
cross,probe_3_turn,friction_low,normal,d1_ep00050,d0_ep00417,19,0.95,0.0,3.117662902921438,0.15438324213027954,2.463451862335205,0.044767554849386215,0.9101204872131348,steady,0.0
cross,probe_3_turn,friction_low,normal,d1_ep00050,d0_ep00036,19,0.95,0.0,2.2338385693728924,0.24652324616909027,1.6880704164505005,0.04666190966963768,0.5051659941673279,steady,0.0
cross,probe_3_turn,friction_low,normal,d1_ep00050,d0_ep00037,19,0.95,0.0,2.6205941066145897,0.1883852332830429,2.2560369968414307,0.048774994909763336,0.25479376316070557,steady,0.0
cross,probe_3_turn,friction_low,normal,d1_ep00050,d0_ep00038,19,0.95,0.0,2.950464941561222,0.16675803065299988,2.6267735958099365,0.020993076264858246,0.27188047766685486,steady,0.0
cross,probe_3_turn,friction_low,normal,d1_ep00050,d1_ep00016,19,0.95,0.0,1.9763034209609032,0.18665608763694763,1.5594359636306763,0.04373446851968765,0.3729538023471832,steady,0.0
cross,probe_3_turn,friction_low,normal,d1_ep00050,d1_ep00017,19,0.95,0.0,2.2999515011906624,0.22295169532299042,1.9301657676696777,0.046656377613544464,0.20035532116889954,steady,0.0
cross,probe_3_turn,friction_low,normal,d1_ep00050,d1_ep00018,19,0.95,0.0,2.53108174726367,0.19715145230293274,2.0160906314849854,0.056123387068510056,0.5234325528144836,steady,0.0
cross,probe_3_turn,friction_low,normal,d1_ep00050,d1_ep00019,19,0.95,0.0,2.7174003794789314,0.2519098222255707,2.1489975452423096,0.07719915360212326,0.47858771681785583,steady,0.0
cross,probe_3_turn,friction_low,normal,d1_ep00050,d1_ep00020,19,0.95,0.0,2.5767203085124493,0.1589304357767105,1.9610294103622437,0.044296588748693466,0.8249277472496033,steady,0.0
cross,probe_3_turn,friction_low,normal,d1_ep00050,d1_ep00021,19,0.95,0.0,2.2165059745311737,0.21341337263584137,1.8378957509994507,0.03526201844215393,0.25986966490745544,steady,0.0
cross,probe_3_turn,friction_low,normal,d1_ep00050,d1_ep00022,19,0.95,0.0,2.3078887835144997,0.19417139887809753,1.9617269039154053,0.036147959530353546,0.23168504238128662,steady,0.0
cross,probe_3_turn,friction_low,normal,d1_ep00050,d1_ep00023,19,0.95,0.0,3.1396806985139847,0.17845064401626587,2.636706590652466,0.03313039243221283,0.5827861428260803,steady,0.0
cross,probe_3_turn,friction_low,normal,d1_ep00051,d0_ep00394,19,0.95,0.0,1.9550643227994442,0.2089604139328003,1.4552971124649048,0.03322580084204674,0.5151619911193848,steady,0.0
cross,probe_3_turn,friction_low,normal,d1_ep00051,d0_ep00417,19,0.95,0.0,2.1294664423912764,0.1308925449848175,1.4815870523452759,0.02640637569129467,0.9811609387397766,steady,0.0
cross,probe_3_turn,friction_low,normal,d1_ep00051,d0_ep00038,19,0.95,0.0,1.9791700025089085,0.1449296772480011,1.642410159111023,0.004040934611111879,0.37557846307754517,steady,0.0
cross,probe_3_turn,friction_low,normal,d1_ep00051,d1_ep00023,19,0.95,0.0,2.196238623932004,0.1651155948638916,1.6677924394607544,0.02317945845425129,0.6803022623062134,steady,0.0
cross,probe_3_turn,friction_low,normal,d1_ep00052,d0_ep00393,19,0.95,0.0,1.9222831428050995,0.24743661284446716,1.2455421686172485,0.08053964376449585,0.6975294351577759,steady,0.0
cross,probe_3_turn,friction_low,normal,d1_ep00052,d0_ep00394,19,0.95,0.0,1.9033731669187546,0.08267401158809662,1.4883852005004883,0.04863739013671875,0.5673531293869019,steady,0.0
cross,probe_3_turn,friction_low,normal,d1_ep00052,d0_ep00405,39,1.95,0.0,1.8959677778184414,0.15257295966148376,1.4454058408737183,0.027553196996450424,0.5408715605735779,transition,1.399999976158142
cross,probe_3_turn,friction_low,normal,d1_ep00052,d0_ep00417,19,0.95,0.0,2.1500724852085114,0.10999827831983566,1.5498316287994385,0.04901442676782608,0.8824563026428223,steady,0.0
cross,probe_3_turn,friction_low,normal,d1_ep00052,d0_ep00036,39,1.95,0.0,1.8487295843660831,0.1728699952363968,1.2394967079162598,0.03639407828450203,0.7999376058578491,transition,1.399999976158142
cross,probe_3_turn,friction_low,normal,d1_ep00052,d0_ep00038,19,0.95,0.0,2.008813690394163,0.11302988976240158,1.5455926656723022,0.05954938009381294,0.5812835097312927,steady,0.0
cross,probe_3_turn,friction_low,normal,d1_ep00052,d1_ep00017,39,1.95,0.0,2.02273135073483,0.2500905990600586,1.4502907991409302,0.024324314668774605,0.5960512757301331,transition,1.399999976158142
cross,probe_3_turn,friction_low,normal,d1_ep00052,d1_ep00018,39,1.95,0.0,1.8638529442250729,0.11991167068481445,1.4793016910552979,0.024573426693677902,0.4801323115825653,transition,1.399999976158142
cross,probe_3_turn,friction_low,normal,d1_ep00052,d1_ep00023,19,0.95,0.0,2.1073299050331116,0.1676943153142929,1.5296533107757568,0.07845152914524078,0.6630614995956421,steady,0.0
cross,probe_3_turn,friction_low,normal,d1_ep00053,d0_ep00393,19,0.95,0.0,1.8086372576653957,0.2552393972873688,1.1733986139297485,0.05060794577002525,0.6587826013565063,steady,0.0
cross,probe_3_turn,friction_low,normal,d1_ep00053,d0_ep00394,19,0.95,0.0,1.8269857373088598,0.18851788341999054,1.3728221654891968,0.022264545783400536,0.48676228523254395,steady,0.0
cross,probe_3_turn,friction_low,normal,d1_ep00053,d0_ep00417,19,0.95,0.0,1.9436042215675116,0.1263384371995926,1.3870198726654053,0.0160351749509573,0.8284214735031128,steady,0.0
cross,probe_3_turn,friction_low,normal,d1_ep00053,d0_ep00038,19,0.95,0.0,1.920538547448814,0.14872662723064423,1.5615650415420532,0.015355709008872509,0.3897823393344879,steady,0.0
cross,probe_3_turn,friction_low,normal,d1_ep00053,d1_ep00023,19,0.95,0.0,2.053383469581604,0.18349553644657135,1.6032217741012573,0.03553536534309387,0.4622615873813629,steady,0.0
cross,probe_3_turn,friction_low,normal,d1_ep00054,d0_ep00392,39,1.95,0.0,1.93985559605062,0.059909652918577194,1.4921116828918457,0.01746673323214054,0.7407350540161133,transition,1.399999976158142
cross,probe_3_turn,friction_low,normal,d1_ep00054,d0_ep00393,39,1.95,0.0,1.9258168637752533,0.09756270051002502,1.4381816387176514,0.016133129596710205,0.7478787899017334,transition,1.399999976158142
cross,probe_3_turn,friction_low,normal,d1_ep00054,d0_ep00404,39,1.95,0.0,1.7761906888335943,0.13994354009628296,1.411437749862671,0.016107147559523582,0.41740450263023376,transition,1.399999976158142
cross,probe_3_turn,friction_low,normal,d1_ep00054,d0_ep00404,119,5.95,0.0,1.9455272275954485,0.26471853256225586,1.3876515626907349,0.021978886798024178,0.5423564910888672,steady,0.0
cross,probe_3_turn,friction_low,normal,d1_ep00054,d0_ep00405,39,1.95,0.0,2.1776842270046473,0.1112275943160057,1.809047818183899,0.01927952654659748,0.4762585759162903,transition,1.399999976158142
cross,probe_3_turn,friction_low,normal,d1_ep00054,d0_ep00417,39,1.95,0.0,1.9246612135320902,0.13115151226520538,1.4204809665679932,0.0296542439609766,0.6867489814758301,transition,1.399999976158142
cross,probe_3_turn,friction_low,normal,d1_ep00054,d0_ep00036,39,1.95,0.0,2.2011631689965725,0.06058569625020027,1.693015694618225,0.02870393544435501,0.8377156853675842,transition,1.399999976158142
cross,probe_3_turn,friction_low,normal,d1_ep00054,d0_ep00038,39,1.95,0.0,2.275743266567588,0.11581301689147949,1.950607180595398,0.013440882787108421,0.391764372587204,transition,1.399999976158142
cross,probe_3_turn,friction_low,normal,d1_ep00054,d1_ep00017,39,1.95,0.0,2.440517082810402,0.19134944677352905,1.9079458713531494,0.018002226948738098,0.6464390754699707,transition,1.399999976158142
cross,probe_3_turn,friction_low,normal,d1_ep00054,d1_ep00018,39,1.95,0.0,2.2833685968071222,0.08773043751716614,1.9118223190307617,0.016637811437249184,0.5343560576438904,transition,1.399999976158142
cross,probe_3_turn,friction_low,normal,d1_ep00054,d1_ep00019,39,1.95,0.0,1.924856960773468,0.16145047545433044,1.5184129476547241,0.026544511318206787,0.43689805269241333,transition,1.399999976158142
cross,probe_3_turn,friction_low,normal,d1_ep00054,d1_ep00020,39,1.95,0.0,1.9735414031893015,0.16541264951229095,1.5751780271530151,0.025228479877114296,0.4154444932937622,transition,1.399999976158142
cross,probe_3_turn,friction_low,normal,d1_ep00054,d1_ep00021,39,1.95,0.0,1.8685406241565943,0.07612783461809158,1.3851062059402466,0.023186298087239265,0.7682405710220337,transition,1.399999976158142
cross,probe_3_turn,friction_low,normal,d1_ep00054,d1_ep00023,39,1.95,0.0,1.8898611785843968,0.17495772242546082,1.560659408569336,0.009565991349518299,0.2893561124801636,transition,1.399999976158142
cross,probe_3_turn,friction_low,normal,d1_ep00054,d1_ep00023,99,4.95,0.0,1.7795555926859379,0.19844479858875275,1.2271891832351685,0.04408343508839607,0.6196763515472412,transition,0.699999988079071
cross,probe_3_turn,friction_low,normal,d1_ep00055,d0_ep00392,59,2.95,0.0,1.9244233444333076,0.18084004521369934,1.5636165142059326,0.02813350409269333,0.3036665618419647,steady,0.0
cross,probe_3_turn,friction_low,normal,d1_ep00055,d0_ep00393,59,2.95,0.0,2.001828610897064,0.220246359705925,1.451490044593811,0.03435315191745758,0.5914781093597412,steady,0.0
cross,probe_3_turn,friction_low,normal,d1_ep00055,d0_ep00393,79,3.95,0.0,1.8638893589377403,0.12259778380393982,1.2978039979934692,0.06490468233823776,0.757165789604187,steady,0.0
cross,probe_3_turn,friction_low,normal,d1_ep00055,d0_ep00394,59,2.95,0.0,2.0384087185375392,0.10230986773967743,1.7814531326293945,0.0059949676506221294,0.2973015010356903,steady,0.0
cross,probe_3_turn,friction_low,normal,d1_ep00055,d0_ep00405,59,2.95,0.0,2.068608909845352,0.21986070275306702,1.6844919919967651,0.0165833979845047,0.29534563422203064,steady,0.0
cross,probe_3_turn,friction_low,normal,d1_ep00055,d0_ep00406,59,2.95,0.0,1.9869783660396934,0.15843431651592255,1.7159234285354614,0.012011616490781307,0.20121800899505615,steady,0.0
cross,probe_3_turn,friction_low,normal,d1_ep00055,d0_ep00416,59,2.95,0.0,2.0664485646411777,0.1865292638540268,1.697837233543396,0.011532525531947613,0.3410990834236145,steady,0.0
cross,probe_3_turn,friction_low,normal,d1_ep00055,d0_ep00417,59,2.95,0.0,1.8395398203283548,0.15150780975818634,1.5212980508804321,0.023548254743218422,0.2863714098930359,steady,0.0
cross,probe_3_turn,friction_low,normal,d1_ep00055,d0_ep00417,79,3.95,0.0,1.888096809387207,0.06655888259410858,1.4945236444473267,0.060556426644325256,0.5329157114028931,steady,0.0
cross,probe_3_turn,friction_low,normal,d1_ep00055,d0_ep00036,59,2.95,0.0,2.3183568790555,0.25823041796684265,1.5738826990127563,0.04384554177522659,0.8847964406013489,steady,0.0
cross,probe_3_turn,friction_low,normal,d1_ep00055,d0_ep00037,59,2.95,0.0,1.9201474785804749,0.06546172499656677,1.4303499460220337,0.01889750361442566,0.8108766078948975,steady,0.0
cross,probe_3_turn,friction_low,normal,d1_ep00055,d0_ep00038,59,2.95,0.0,2.006455145776272,0.24463340640068054,1.4155927896499634,0.03797777742147446,0.6165023446083069,steady,0.0
cross,probe_3_turn,friction_low,normal,d1_ep00055,d1_ep00016,19,0.95,0.0,1.8846843652427197,0.21874527633190155,1.208407998085022,0.023745086044073105,0.867572009563446,steady,0.0
cross,probe_3_turn,friction_low,normal,d1_ep00055,d1_ep00016,59,2.95,0.0,1.8335117492824793,0.110584557056427,1.5132689476013184,0.021278241649270058,0.37676000595092773,steady,0.0
cross,probe_3_turn,friction_low,normal,d1_ep00055,d1_ep00017,59,2.95,0.0,2.1914841225370765,0.291085422039032,1.6302770376205444,0.013041346333920956,0.5141606330871582,steady,0.0
cross,probe_3_turn,friction_low,normal,d1_ep00055,d1_ep00018,59,2.95,0.0,2.1751311644911766,0.23084445297718048,1.6400126218795776,0.017642207443714142,0.5732637643814087,steady,0.0
cross,probe_3_turn,friction_low,normal,d1_ep00055,d1_ep00019,59,2.95,0.0,1.9461199771612883,0.07424140721559525,1.7601920366287231,0.003923637792468071,0.2155257910490036,steady,0.0
cross,probe_3_turn,friction_low,normal,d1_ep00055,d1_ep00020,59,2.95,0.0,2.400748409330845,0.10861440747976303,1.8916536569595337,0.01743467152118683,0.7660913467407227,steady,0.0
cross,probe_3_turn,friction_low,normal,d1_ep00055,d1_ep00020,79,3.95,0.0,1.797061763703823,0.14906898140907288,1.2149137258529663,0.06294884532690048,0.7402604222297668,steady,0.0
cross,probe_3_turn,friction_low,normal,d1_ep00055,d1_ep00021,59,2.95,0.0,2.057818343862891,0.21624217927455902,1.5717531442642212,0.031247129663825035,0.4771517813205719,steady,0.0
cross,probe_3_turn,friction_low,normal,d1_ep00055,d1_ep00021,79,3.95,0.0,1.8110751807689667,0.12963686883449554,1.2543531656265259,0.05328582227230072,0.7475986480712891,steady,0.0
cross,probe_3_turn,friction_low,normal,d1_ep00055,d1_ep00022,59,2.95,0.0,2.3614302203059196,0.10273566842079163,1.8428164720535278,0.0257868692278862,0.780182421207428,steady,0.0
cross,probe_3_turn,friction_low,normal,d1_ep00055,d1_ep00023,59,2.95,0.0,2.351279452443123,0.22866526246070862,1.745486855506897,0.020316287875175476,0.7136220932006836,steady,0.0
cross,probe_4_lateral,friction_low,normal,d0_ep00348,d1_ep00024,39,1.95,0.0,1.8543279115110636,0.102976493537426,1.3610460758209229,0.026199253275990486,0.7282121777534485,transition,1.2000000476837158
cross,probe_4_lateral,friction_low,normal,d0_ep00349,d0_ep00409,79,3.95,0.0,1.8624032363295555,0.27407896518707275,1.0513306856155396,0.0779784545302391,0.9180302619934082,steady,0.0
cross,probe_4_lateral,friction_low,normal,d0_ep00350,d0_ep00397,79,3.95,0.0,1.9214351996779442,0.31936290860176086,0.985822856426239,0.10764335840940475,1.017212152481079,steady,0.0
cross,probe_4_lateral,friction_low,normal,d0_ep00350,d0_ep00407,79,3.95,0.0,1.7854310274124146,0.33426469564437866,0.8000792264938354,0.11972033977508545,1.06273353099823,steady,0.0
cross,probe_4_lateral,friction_low,normal,d0_ep00350,d0_ep00409,79,3.95,0.0,2.0758999586105347,0.3160035312175751,1.0907142162322998,0.11491706967353821,1.1085302829742432,steady,0.0
cross,probe_4_lateral,friction_low,normal,d0_ep00350,d1_ep00026,39,1.95,0.0,1.8930127937346697,0.19819213449954987,1.4076405763626099,0.024274425581097603,0.5258113145828247,transition,1.2000000476837158
cross,probe_4_lateral,friction_low,normal,d0_ep00350,d1_ep00030,79,3.95,0.0,2.099795028567314,0.36137667298316956,1.0427680015563965,0.12721671164035797,1.1368672847747803,steady,0.0
cross,probe_4_lateral,friction_low,normal,d0_ep00360,d0_ep00397,79,3.95,0.0,1.9911280423402786,0.2526944875717163,1.2058031558990479,0.06325961649417877,0.9387415647506714,steady,0.0
cross,probe_4_lateral,friction_low,normal,d0_ep00360,d0_ep00407,79,3.95,0.0,1.9589703530073166,0.2650071382522583,1.1360119581222534,0.07409955561161041,0.9677034020423889,steady,0.0
cross,probe_4_lateral,friction_low,normal,d0_ep00360,d0_ep00409,79,3.95,0.0,2.2572541385889053,0.2532178461551666,1.4452009201049805,0.07014183700084686,0.9773870706558228,steady,0.0
cross,probe_4_lateral,friction_low,normal,d0_ep00360,d0_ep00040,19,0.95,0.0,1.806891642510891,0.5308300852775574,0.7651588916778564,0.1091100201010704,0.8035852909088135,steady,0.0
cross,probe_4_lateral,friction_low,normal,d0_ep00360,d0_ep00040,79,3.95,0.0,1.9090469405055046,0.24583324790000916,1.1657458543777466,0.07647993415594101,0.8419758081436157,steady,0.0
cross,probe_4_lateral,friction_low,normal,d0_ep00360,d1_ep00029,79,3.95,0.0,1.792663998901844,0.258370041847229,1.0621432065963745,0.07468248158693314,0.7949365377426147,steady,0.0
cross,probe_4_lateral,friction_low,normal,d0_ep00360,d1_ep00030,79,3.95,0.0,2.0482398718595505,0.2990216314792633,1.1687997579574585,0.0803302675485611,1.0001764297485352,steady,0.0
cross,probe_4_lateral,friction_low,normal,d0_ep00361,d0_ep00397,79,3.95,0.0,2.1756082251667976,0.24466624855995178,1.348305583000183,0.07155493646860123,1.022162914276123,steady,0.0
cross,probe_4_lateral,friction_low,normal,d0_ep00361,d0_ep00407,79,3.95,0.0,2.182409279048443,0.25846022367477417,1.3112496137619019,0.08340590447187424,1.0585870742797852,steady,0.0
cross,probe_4_lateral,friction_low,normal,d0_ep00361,d0_ep00408,79,3.95,0.0,1.9072837829589844,0.2351236790418625,1.1953473091125488,0.07829542458057404,0.797034740447998,steady,0.0
cross,probe_4_lateral,friction_low,normal,d0_ep00361,d0_ep00409,79,3.95,0.0,2.477479711174965,0.24473564326763153,1.6092278957366943,0.07879051566123962,1.0894513130187988,steady,0.0
cross,probe_4_lateral,friction_low,normal,d0_ep00361,d0_ep00040,19,0.95,0.0,1.819240614771843,0.2364363819360733,1.2507903575897217,0.04796221852302551,0.5681033134460449,steady,0.0
cross,probe_4_lateral,friction_low,normal,d0_ep00361,d0_ep00040,79,3.95,0.0,2.1067639589309692,0.2372954934835434,1.3264422416687012,0.08353732526302338,0.9189777970314026,steady,0.0
cross,probe_4_lateral,friction_low,normal,d0_ep00361,d0_ep00041,79,3.95,0.0,1.7697877511382103,0.24000786244869232,1.0472519397735596,0.08730066567659378,0.7904545664787292,steady,0.0
cross,probe_4_lateral,friction_low,normal,d0_ep00361,d1_ep00027,79,3.95,0.0,2.0161338970065117,0.31419095396995544,1.1912258863449097,0.07892682403326035,0.8635804653167725,steady,0.0
cross,probe_4_lateral,friction_low,normal,d0_ep00361,d1_ep00029,79,3.95,0.0,2.009810231626034,0.24728380143642426,1.2542855739593506,0.0830543115735054,0.8503730893135071,steady,0.0
cross,probe_4_lateral,friction_low,normal,d0_ep00361,d1_ep00030,79,3.95,0.0,2.2155086770653725,0.2916348874568939,1.276126742362976,0.09064931422472,1.114195466041565,steady,0.0
cross,probe_4_lateral,friction_low,normal,d0_ep00362,d0_ep00397,79,3.95,0.0,1.7868672162294388,0.2651914954185486,0.9848329424858093,0.07624657452106476,0.9211924076080322,steady,0.0
cross,probe_4_lateral,friction_low,normal,d0_ep00362,d0_ep00407,79,3.95,0.0,1.811585895717144,0.2799949645996094,0.970253586769104,0.08714713901281357,0.9483804106712341,steady,0.0
cross,probe_4_lateral,friction_low,normal,d0_ep00362,d0_ep00409,79,3.95,0.0,2.098225809633732,0.26365789771080017,1.2799633741378784,0.08316261321306229,0.9428838491439819,steady,0.0
cross,probe_4_lateral,friction_low,normal,d0_ep00362,d1_ep00030,79,3.95,0.0,1.8207209184765816,0.3104439675807953,0.9302476644515991,0.09335998445749283,0.9733386039733887,steady,0.0
cross,probe_4_lateral,friction_low,normal,d1_ep00056,d0_ep00397,79,3.95,0.0,1.8468074053525925,0.2525065243244171,0.9948340058326721,0.07639463245868683,1.0461444854736328,steady,0.0
cross,probe_4_lateral,friction_low,normal,d1_ep00056,d0_ep00409,79,3.95,0.0,1.9681924283504486,0.2508482038974762,1.0699609518051147,0.08367353677749634,1.1274194717407227,steady,0.0
cross,probe_4_lateral,friction_low,normal,d1_ep00056,d1_ep00030,79,3.95,0.0,2.0088060721755028,0.2965680658817291,1.0435237884521484,0.09645383805036545,1.1445207595825195,steady,0.0
cross,probe_4_lateral,friction_low,normal,d1_ep00057,d0_ep00397,79,3.95,0.0,2.137990042567253,0.25114375352859497,1.2745051383972168,0.0946725457906723,1.035337209701538,steady,0.0
cross,probe_4_lateral,friction_low,normal,d1_ep00057,d0_ep00407,79,3.95,0.0,2.1284043565392494,0.26334288716316223,1.2196404933929443,0.10646993666887283,1.07790207862854,steady,0.0
cross,probe_4_lateral,friction_low,normal,d1_ep00057,d0_ep00408,79,3.95,0.0,1.8388998955488205,0.24029238522052765,1.096076250076294,0.10140591859817505,0.8022506833076477,steady,0.0
cross,probe_4_lateral,friction_low,normal,d1_ep00057,d0_ep00409,79,3.95,0.0,2.425724074244499,0.24856656789779663,1.5229275226593018,0.10189668834209442,1.1046665906906128,steady,0.0
cross,probe_4_lateral,friction_low,normal,d1_ep00057,d0_ep00040,79,3.95,0.0,2.0610952600836754,0.24398954212665558,1.2420774698257446,0.1066264882683754,0.9368035197257996,steady,0.0
cross,probe_4_lateral,friction_low,normal,d1_ep00057,d1_ep00027,79,3.95,0.0,1.9488067328929901,0.3121771514415741,1.086206078529358,0.10197862982749939,0.8968897461891174,steady,0.0
cross,probe_4_lateral,friction_low,normal,d1_ep00057,d1_ep00029,79,3.95,0.0,1.9353848323225975,0.24982193112373352,1.1524416208267212,0.1061711236834526,0.8539003133773804,steady,0.0
cross,probe_4_lateral,friction_low,normal,d1_ep00057,d1_ep00030,79,3.95,0.0,2.1936326697468758,0.29360270500183105,1.220335841178894,0.11359239369630814,1.132203459739685,steady,0.0
cross,probe_4_lateral,friction_low,normal,d1_ep00058,d0_ep00397,79,3.95,0.0,2.0428708642721176,0.27728813886642456,1.1786657571792603,0.08126048743724823,1.0113129615783691,steady,0.0
cross,probe_4_lateral,friction_low,normal,d1_ep00058,d0_ep00407,79,3.95,0.0,2.127621941268444,0.2900265157222748,1.2188812494277954,0.09280242770910263,1.0518234968185425,steady,0.0
cross,probe_4_lateral,friction_low,normal,d1_ep00058,d0_ep00408,79,3.95,0.0,1.914416842162609,0.2650805413722992,1.163360595703125,0.08794870227575302,0.7960540056228638,steady,0.0
cross,probe_4_lateral,friction_low,normal,d1_ep00058,d0_ep00409,79,3.95,0.0,2.4017532989382744,0.2740094065666199,1.5029528141021729,0.08841072767972946,1.0727607011795044,steady,0.0
cross,probe_4_lateral,friction_low,normal,d1_ep00058,d0_ep00040,79,3.95,0.0,2.03043345361948,0.26983997225761414,1.2112199068069458,0.09369079023599625,0.9113655686378479,steady,0.0
cross,probe_4_lateral,friction_low,normal,d1_ep00058,d1_ep00027,79,3.95,0.0,2.0711009800434113,0.3325405716896057,1.230300784111023,0.08827477693557739,0.8399696946144104,steady,0.0
cross,probe_4_lateral,friction_low,normal,d1_ep00058,d1_ep00029,79,3.95,0.0,2.024540200829506,0.27307194471359253,1.2399851083755493,0.09278999269008636,0.8373863101005554,steady,0.0
cross,probe_4_lateral,friction_low,normal,d1_ep00058,d1_ep00030,79,3.95,0.0,2.0349080115556717,0.3187705874443054,1.0636959075927734,0.09965439140796661,1.1055742502212524,steady,0.0
cross,probe_4_lateral,friction_low,normal,d1_ep00059,d0_ep00396,79,3.95,0.0,1.8033721446990967,0.2158159762620926,1.1775034666061401,0.08109848201274872,0.6579084396362305,steady,0.0
cross,probe_4_lateral,friction_low,normal,d1_ep00059,d0_ep00397,79,3.95,0.0,2.153816133737564,0.24571387469768524,1.2777231931686401,0.090094193816185,1.0805697441101074,steady,0.0
cross,probe_4_lateral,friction_low,normal,d1_ep00059,d0_ep00407,79,3.95,0.0,1.9475762620568275,0.26120904088020325,1.0272079706192017,0.10165578871965408,1.115006923675537,steady,0.0
cross,probe_4_lateral,friction_low,normal,d1_ep00059,d0_ep00409,79,3.95,0.0,2.1720581501722336,0.24295124411582947,1.2515745162963867,0.09725214540958405,1.1605604887008667,steady,0.0
cross,probe_4_lateral,friction_low,normal,d1_ep00059,d0_ep00039,79,3.95,0.0,1.8392904326319695,0.2190382480621338,1.2633122205734253,0.08518236130475998,0.5435152053833008,steady,0.0
cross,probe_4_lateral,friction_low,normal,d1_ep00059,d0_ep00040,79,3.95,0.0,1.9231082573533058,0.23757700622081757,1.0946139097213745,0.10245531052350998,0.9769240617752075,steady,0.0
cross,probe_4_lateral,friction_low,normal,d1_ep00059,d1_ep00030,79,3.95,0.0,2.3530541211366653,0.28981247544288635,1.36851966381073,0.10850547254085541,1.1724330186843872,steady,0.0
cross,probe_4_lateral,friction_low,normal,d1_ep00060,d0_ep00396,79,3.95,0.0,1.8666975274682045,0.2824481427669525,1.2044600248336792,0.07654006034135818,0.6064985990524292,steady,0.0
cross,probe_4_lateral,friction_low,normal,d1_ep00060,d0_ep00397,79,3.95,0.0,2.015924759209156,0.3122658431529999,1.0991979837417603,0.0840241089463234,1.040873646736145,steady,0.0
cross,probe_4_lateral,friction_low,normal,d1_ep00060,d0_ep00407,79,3.95,0.0,1.778822124004364,0.328804075717926,0.8056041598320007,0.09634155035018921,1.096144676208496,steady,0.0
cross,probe_4_lateral,friction_low,normal,d1_ep00060,d0_ep00409,79,3.95,0.0,1.767933040857315,0.30740711092948914,0.7882239818572998,0.09127974510192871,1.1620444059371948,steady,0.0
cross,probe_4_lateral,friction_low,normal,d1_ep00060,d0_ep00039,79,3.95,0.0,2.18707986921072,0.2705059051513672,1.5745455026626587,0.07846235483884811,0.5271322131156921,steady,0.0
cross,probe_4_lateral,friction_low,normal,d1_ep00060,d1_ep00025,79,3.95,0.0,1.8271882981061935,0.29682210087776184,1.1508891582489014,0.08355675637722015,0.5918405652046204,steady,0.0
cross,probe_4_lateral,friction_low,normal,d1_ep00060,d1_ep00026,79,3.95,0.0,1.8328871577978134,0.2814256548881531,1.1638704538345337,0.09214948117733002,0.5908831357955933,steady,0.0
cross,probe_4_lateral,friction_low,normal,d1_ep00060,d1_ep00030,79,3.95,0.0,2.349977694451809,0.35231199860572815,1.2987936735153198,0.10431837290525436,1.1891072988510132,steady,0.0
cross,probe_4_lateral,friction_low,normal,d1_ep00061,d0_ep00397,79,3.95,0.0,2.1709556207060814,0.28510916233062744,1.2889068126678467,0.09221412986516953,1.0094510316848755,steady,0.0
cross,probe_4_lateral,friction_low,normal,d1_ep00061,d0_ep00407,79,3.95,0.0,2.2077793553471565,0.2953251898288727,1.2851457595825195,0.10380414873361588,1.0470085144042969,steady,0.0
cross,probe_4_lateral,friction_low,normal,d1_ep00061,d0_ep00408,79,3.95,0.0,1.9714422896504402,0.2747478187084198,1.2034894227981567,0.09891317039728165,0.7885837554931641,steady,0.0
cross,probe_4_lateral,friction_low,normal,d1_ep00061,d0_ep00409,79,3.95,0.0,2.50965715944767,0.281343013048172,1.5948270559310913,0.09938101470470428,1.0682121515274048,steady,0.0
cross,probe_4_lateral,friction_low,normal,d1_ep00061,d0_ep00040,79,3.95,0.0,2.1386769488453865,0.2783733904361725,1.3019577264785767,0.10452467948198318,0.9076423048973083,steady,0.0
cross,probe_4_lateral,friction_low,normal,d1_ep00061,d0_ep00041,79,3.95,0.0,1.8111182376742363,0.27745068073272705,1.034559726715088,0.10842662304639816,0.7813624143600464,steady,0.0
cross,probe_4_lateral,friction_low,normal,d1_ep00061,d1_ep00027,79,3.95,0.0,2.1002111062407494,0.34244292974472046,1.2379937171936035,0.09928172081708908,0.8409854769706726,steady,0.0
cross,probe_4_lateral,friction_low,normal,d1_ep00061,d1_ep00029,79,3.95,0.0,2.0731878131628036,0.2834613025188446,1.27056884765625,0.10373909771442413,0.8308371305465698,steady,0.0
cross,probe_4_lateral,friction_low,normal,d1_ep00061,d1_ep00030,79,3.95,0.0,2.1967436894774437,0.3241574466228485,1.210206151008606,0.11068134754896164,1.1033974885940552,steady,0.0
cross,probe_4_lateral,friction_low,normal,d1_ep00062,d0_ep00397,79,3.95,0.0,2.0727572441101074,0.2699969708919525,1.2010482549667358,0.09105530381202698,1.0213134288787842,steady,0.0
cross,probe_4_lateral,friction_low,normal,d1_ep00062,d0_ep00407,79,3.95,0.0,2.1680961921811104,0.28300246596336365,1.25309157371521,0.10248164087533951,1.0590410232543945,steady,0.0
cross,probe_4_lateral,friction_low,normal,d1_ep00062,d0_ep00408,79,3.95,0.0,1.976061299443245,0.25943246483802795,1.2061941623687744,0.09771905839443207,0.825431227684021,steady,0.0
cross,probe_4_lateral,friction_low,normal,d1_ep00062,d0_ep00409,79,3.95,0.0,2.439838543534279,0.2684851586818695,1.5360689163208008,0.09817014634609222,1.0742286443710327,steady,0.0
cross,probe_4_lateral,friction_low,normal,d1_ep00062,d0_ep00040,19,0.95,0.0,1.9396414142102003,0.11198249459266663,1.644721508026123,0.029646528884768486,0.3065817654132843,steady,0.0
cross,probe_4_lateral,friction_low,normal,d1_ep00062,d0_ep00040,79,3.95,0.0,2.071814239025116,0.2626456618309021,1.2437810897827148,0.10359305143356323,0.9235888719558716,steady,0.0
cross,probe_4_lateral,friction_low,normal,d1_ep00062,d0_ep00041,79,3.95,0.0,1.7579152062535286,0.26184457540512085,0.9839650392532349,0.10764289647340775,0.8089253902435303,steady,0.0
cross,probe_4_lateral,friction_low,normal,d1_ep00062,d1_ep00027,79,3.95,0.0,2.12187896668911,0.3329195976257324,1.2801145315170288,0.09794388711452484,0.8218019008636475,steady,0.0
cross,probe_4_lateral,friction_low,normal,d1_ep00062,d1_ep00029,79,3.95,0.0,2.085100904107094,0.2697286009788513,1.284254789352417,0.10258008539676666,0.8570748567581177,steady,0.0
cross,probe_4_lateral,friction_low,normal,d1_ep00062,d1_ep00030,79,3.95,0.0,2.057456262409687,0.3141252100467682,1.079461932182312,0.10917738825082779,1.109383463859558,steady,0.0
cross,probe_4_lateral,friction_low,normal,d1_ep00062,d1_ep00031,79,3.95,0.0,1.7687193900346756,0.2732331454753876,1.042822241783142,0.09868548810482025,0.7079570293426514,steady,0.0
cross,probe_4_lateral,friction_low,normal,d1_ep00063,d0_ep00396,79,3.95,0.0,1.9680516347289085,0.2728836238384247,1.3015179634094238,0.08538158982992172,0.6165369153022766,steady,0.0
cross,probe_4_lateral,friction_low,normal,d1_ep00063,d0_ep00397,79,3.95,0.0,2.2288109958171844,0.30247762799263,1.3029106855392456,0.0931999683380127,1.0604454278945923,steady,0.0
cross,probe_4_lateral,friction_low,normal,d1_ep00063,d0_ep00407,79,3.95,0.0,1.9744949415326118,0.3189723789691925,0.9935316443443298,0.10544208437204361,1.1130976676940918,steady,0.0
cross,probe_4_lateral,friction_low,normal,d1_ep00063,d0_ep00409,79,3.95,0.0,2.147446021437645,0.2986825406551361,1.162807822227478,0.10047502815723419,1.1709612607955933,steady,0.0
cross,probe_4_lateral,friction_low,normal,d1_ep00063,d0_ep00039,79,3.95,0.0,2.1136477887630463,0.26563966274261475,1.5087480545043945,0.08771964907646179,0.5030808448791504,steady,0.0
cross,probe_4_lateral,friction_low,normal,d1_ep00063,d0_ep00040,79,3.95,0.0,1.9747583270072937,0.2939021587371826,1.091938853263855,0.10388916730880737,0.9700562953948975,steady,0.0
cross,probe_4_lateral,friction_low,normal,d1_ep00063,d0_ep00041,79,3.95,0.0,1.8089688867330551,0.27495667338371277,1.0244866609573364,0.10686181485652924,0.8053274750709534,steady,0.0
cross,probe_4_lateral,friction_low,normal,d1_ep00063,d1_ep00025,79,3.95,0.0,1.8065900579094887,0.2895284593105316,1.1318341493606567,0.0926210954785347,0.5852127075195312,steady,0.0
cross,probe_4_lateral,friction_low,normal,d1_ep00063,d1_ep00030,79,3.95,0.0,2.5219590440392494,0.3445252776145935,1.467455267906189,0.11324099451303482,1.1934750080108643,steady,0.0
same,probe_1_straight,normal,normal,d0_ep00386,d0_ep00411,19,0.95,0.0,1.9258032254874706,0.1414179652929306,1.2582165002822876,0.020847972482442856,1.0106415748596191,steady,0.0
same,probe_1_straight,normal,normal,d0_ep00386,d0_ep00031,39,1.95,0.0,1.8709346316754818,0.06495456397533417,1.3317275047302246,0.05827335640788078,0.8319584131240845,steady,0.0
same,probe_1_straight,normal,normal,d0_ep00386,d1_ep00000,19,0.95,0.0,1.8652597703039646,0.11513034999370575,1.2078286409378052,0.027990777045488358,1.0286200046539307,steady,0.0
same,probe_1_straight,normal,normal,d0_ep00386,d1_ep00003,19,0.95,0.0,1.8668402172625065,0.15892979502677917,1.1895835399627686,0.02818841114640236,0.9802769422531128,steady,0.0
same,probe_1_straight,normal,normal,d0_ep00387,d0_ep00411,19,0.95,0.0,1.7789387870579958,0.09528698772192001,1.2605282068252563,0.02320813573896885,0.7998309135437012,steady,0.0
same,probe_1_straight,normal,normal,d0_ep00387,d0_ep00412,79,3.95,0.0,1.7665057554841042,0.10321832448244095,1.3203905820846558,0.021362751722335815,0.6430681943893433,steady,0.0
same,probe_1_straight,normal,normal,d0_ep00399,d0_ep00400,19,0.95,0.0,1.8652607267722487,0.28001686930656433,1.34661066532135,0.01459727343171835,0.44807183742523193,steady,0.0
same,probe_1_straight,normal,normal,d0_ep00400,d0_ep00411,19,0.95,0.0,1.9293171958997846,0.16245466470718384,1.4682334661483765,0.013539363630115986,0.5701794028282166,steady,0.0
same,probe_1_straight,normal,normal,d0_ep00400,d0_ep00031,39,1.95,0.0,1.7706036418676376,0.07236150652170181,1.202466607093811,0.03112439066171646,0.9293022751808167,steady,0.0
same,probe_1_straight,normal,normal,d0_ep00400,d1_ep00000,19,0.95,0.0,1.8939907271414995,0.1404436081647873,1.4118478298187256,0.017349230125546455,0.6487001180648804,steady,0.0
same,probe_1_straight,normal,normal,d0_ep00400,d1_ep00003,19,0.95,0.0,1.897207897156477,0.18527519702911377,1.391249179840088,0.014869999140501022,0.6116270422935486,steady,0.0
same,probe_1_straight,normal,normal,d0_ep00412,d0_ep00031,79,3.95,0.0,1.9283148422837257,0.13472256064414978,1.4551903009414673,0.0357976034283638,0.6052087545394897,steady,0.0
same,probe_1_straight,normal,normal,d0_ep00412,d0_ep00032,79,3.95,0.0,1.9859751090407372,0.15195533633232117,1.60810124874115,0.03177803009748459,0.388280987739563,steady,0.0
same,probe_1_straight,normal,normal,d0_ep00412,d1_ep00000,79,3.95,0.0,1.9882673416286707,0.08662987500429153,1.5255835056304932,0.02202370949089527,0.7080605030059814,steady,0.0
same,probe_1_straight,normal,normal,d0_ep00412,d1_ep00001,79,3.95,0.0,1.9814136922359467,0.14380061626434326,1.4383788108825684,0.03923484683036804,0.719998836517334,steady,0.0
same,probe_1_straight,normal,normal,d0_ep00412,d1_ep00003,79,3.95,0.0,1.7811663150787354,0.1397441327571869,1.2804663181304932,0.031057775020599365,0.6597961783409119,steady,0.0
same,probe_1_straight,normal,normal,d0_ep00412,d1_ep00005,79,3.95,0.0,1.7839844226837158,0.06281337887048721,1.3506158590316772,0.028613410890102386,0.683883547782898,steady,0.0
same,probe_1_straight,normal,normal,d0_ep00412,d1_ep00007,119,5.95,0.0,1.7667040526866913,0.2952192723751068,1.0403672456741333,0.06211856007575989,0.7379979491233826,steady,0.0
same,probe_3_turn,normal,normal,d0_ep00404,d0_ep00416,119,5.95,0.0,1.7963506542146206,0.1566345989704132,1.3883370161056519,0.009612571448087692,0.48353293538093567,steady,0.0
same,probe_3_turn,normal,normal,d0_ep00404,d0_ep00036,119,5.95,0.0,1.8544011376798153,0.21019574999809265,1.5259692668914795,0.02201424166560173,0.19244375824928284,steady,0.0
same,probe_3_turn,normal,normal,d0_ep00404,d1_ep00023,119,5.95,0.0,1.803711449727416,0.2446502149105072,1.4174625873565674,0.02216503582894802,0.23886722326278687,steady,0.0
same,probe_3_turn,normal,normal,d0_ep00405,d0_ep00038,59,2.95,0.0,1.822280265390873,0.30901387333869934,1.2467472553253174,0.021487124264240265,0.49006402492523193,steady,0.0
same,probe_3_turn,normal,normal,d0_ep00406,d0_ep00038,59,2.95,0.0,1.792183382436633,0.2613679766654968,1.2162832021713257,0.02617625705897808,0.576711893081665,steady,0.0
same,probe_3_turn,normal,normal,d0_ep00416,d0_ep00038,59,2.95,0.0,1.789413534104824,0.27366119623184204,1.2360267639160156,0.03234768658876419,0.4947557747364044,steady,0.0
same,probe_3_turn,normal,normal,d0_ep00417,d0_ep00036,79,3.95,0.0,1.8600452428217977,0.16196656227111816,1.4094561338424683,0.0025152151938527822,0.572214663028717,steady,0.0
same,probe_3_turn,normal,normal,d0_ep00038,d1_ep00019,59,2.95,0.0,1.910293746739626,0.2921988368034363,1.2780104875564575,0.03428163006901741,0.6116055846214294,steady,0.0
same,probe_1_straight,friction_low,friction_low,d0_ep00339,d0_ep00340,19,0.95,0.0,2.8731752932071686,0.5819084048271179,1.5439281463623047,0.17071226239204407,1.1532529592514038,steady,0.0
same,probe_1_straight,friction_low,friction_low,d0_ep00339,d0_ep00341,19,0.95,0.0,2.8710744753479958,0.6112862229347229,1.8425312042236328,0.035424716770648956,0.7636646628379822,steady,0.0
same,probe_1_straight,friction_low,friction_low,d0_ep00339,d0_ep00351,19,0.95,0.0,2.104712098836899,0.25269246101379395,1.4285848140716553,0.03264009952545166,0.7815894484519958,steady,0.0
same,probe_1_straight,friction_low,friction_low,d0_ep00339,d0_ep00364,79,3.95,0.0,1.7967367516830564,0.09020224213600159,1.4075802564620972,0.009936188347637653,0.5780361294746399,steady,0.0
same,probe_1_straight,friction_low,friction_low,d0_ep00339,d0_ep00365,19,0.95,0.0,1.9596869871020317,0.1800488531589508,1.276767373085022,0.03848426789045334,0.9287729859352112,steady,0.0
same,probe_1_straight,friction_low,friction_low,d0_ep00339,d1_ep00035,19,0.95,0.0,2.1670344471931458,0.17252245545387268,1.6872098445892334,0.033652544021606445,0.5472992062568665,steady,0.0
same,probe_1_straight,friction_low,friction_low,d0_ep00340,d0_ep00341,19,0.95,0.0,4.442992001771927,0.3927996754646301,3.377784252166748,0.13665756583213806,1.0715010166168213,steady,0.0
same,probe_1_straight,friction_low,friction_low,d0_ep00340,d0_ep00351,19,0.95,0.0,4.080697685480118,0.4962233304977417,2.967031955718994,0.1388072967529297,0.9572702050209045,steady,0.0
same,probe_1_straight,friction_low,friction_low,d0_ep00340,d0_ep00352,19,0.95,0.0,3.613226182758808,0.7360421419143677,2.357205629348755,0.09772080928087234,0.8445152044296265,steady,0.0
same,probe_1_straight,friction_low,friction_low,d0_ep00340,d0_ep00353,19,0.95,0.0,3.376857712864876,0.6551637053489685,2.0960347652435303,0.10594196617603302,1.039434552192688,steady,0.0
same,probe_1_straight,friction_low,friction_low,d0_ep00340,d0_ep00363,19,0.95,0.0,3.7553237676620483,0.7024430632591248,2.4033942222595215,0.1121976375579834,1.0745776891708374,steady,0.0
same,probe_1_straight,friction_low,friction_low,d0_ep00340,d0_ep00364,19,0.95,0.0,3.9712657257914543,0.5837889909744263,2.728212356567383,0.10900472849607468,1.1005192995071411,steady,0.0
same,probe_1_straight,friction_low,friction_low,d0_ep00340,d0_ep00365,19,0.95,0.0,4.167254462838173,0.7446256279945374,2.8196792602539062,0.132415309548378,0.9410685300827026,steady,0.0
same,probe_1_straight,friction_low,friction_low,d0_ep00340,d1_ep00032,19,0.95,0.0,3.5907904878258705,0.6491686701774597,2.437147617340088,0.09027943760156631,0.8283895254135132,steady,0.0
same,probe_1_straight,friction_low,friction_low,d0_ep00340,d1_ep00033,19,0.95,0.0,3.3134692162275314,0.6509058475494385,2.178901195526123,0.09908296167850494,0.7691584229469299,steady,0.0
same,probe_1_straight,friction_low,friction_low,d0_ep00340,d1_ep00034,19,0.95,0.0,3.8880090415477753,0.6440972685813904,2.637873649597168,0.13766109943389893,0.936754047870636,steady,0.0
same,probe_1_straight,friction_low,friction_low,d0_ep00340,d1_ep00035,19,0.95,0.0,4.611619338393211,0.6651992201805115,3.2029929161071777,0.13922034204006195,1.2084137201309204,steady,0.0
same,probe_1_straight,friction_low,friction_low,d0_ep00340,d1_ep00036,19,0.95,0.0,3.5204136669635773,0.5991023182868958,2.3022427558898926,0.11915946006774902,0.9998182654380798,steady,0.0
same,probe_1_straight,friction_low,friction_low,d0_ep00340,d1_ep00037,19,0.95,0.0,3.3066157773137093,0.6748373508453369,2.0712809562683105,0.11454088240861893,0.8919131755828857,steady,0.0
same,probe_1_straight,friction_low,friction_low,d0_ep00340,d1_ep00038,19,0.95,0.0,3.6359089091420174,0.6772254705429077,2.2497854232788086,0.11940307170152664,1.1789898872375488,steady,0.0
same,probe_1_straight,friction_low,friction_low,d0_ep00340,d1_ep00039,19,0.95,0.0,3.3839917704463005,0.6826769113540649,2.1472771167755127,0.10586660355329514,0.8963422775268555,steady,0.0
same,probe_1_straight,friction_low,friction_low,d0_ep00341,d0_ep00352,19,0.95,0.0,2.2794524915516376,0.7794721722602844,1.034023642539978,0.04236375167965889,0.8471858501434326,steady,0.0
same,probe_1_straight,friction_low,friction_low,d0_ep00341,d0_ep00353,19,0.95,0.0,2.46656534075737,0.7293896079063416,1.2845942974090576,0.03634762763977051,0.8324676156044006,steady,0.0
same,probe_1_straight,friction_low,friction_low,d0_ep00341,d0_ep00363,19,0.95,0.0,2.2080560605973005,0.7711523771286011,1.02961266040802,0.02711680345237255,0.7603484392166138,steady,0.0
same,probe_1_straight,friction_low,friction_low,d0_ep00341,d0_ep00364,19,0.95,0.0,1.849921353161335,0.6939222812652588,0.7144168615341187,0.04080808907747269,0.8015482425689697,steady,0.0
same,probe_1_straight,friction_low,friction_low,d0_ep00341,d0_ep00365,19,0.95,0.0,1.8758332701399922,0.7761927247047424,0.641094982624054,0.011315342970192432,0.8944604396820068,steady,0.0
same,probe_1_straight,friction_low,friction_low,d0_ep00341,d1_ep00032,19,0.95,0.0,2.161399770528078,0.7151950597763062,0.9608813524246216,0.05215920880436897,0.8663282990455627,steady,0.0
same,probe_1_straight,friction_low,friction_low,d0_ep00341,d1_ep00033,19,0.95,0.0,2.3267606496810913,0.6761130094528198,1.2213542461395264,0.04187113046646118,0.7748445272445679,steady,0.0
same,probe_1_straight,friction_low,friction_low,d0_ep00341,d1_ep00034,19,0.95,0.0,1.9807702638208866,0.7017354965209961,0.8160549402236938,0.02510044351220131,0.8757587671279907,steady,0.0
same,probe_1_straight,friction_low,friction_low,d0_ep00341,d1_ep00036,19,0.95,0.0,2.1732973344624043,0.677966833114624,1.076613426208496,0.025758225470781326,0.7859176993370056,steady,0.0
same,probe_1_straight,friction_low,friction_low,d0_ep00341,d1_ep00037,19,0.95,0.0,2.5085403453558683,0.7295506596565247,1.3325040340423584,0.027356816455721855,0.8382576704025269,steady,0.0
same,probe_1_straight,friction_low,friction_low,d0_ep00341,d1_ep00038,19,0.95,0.0,2.316431164741516,0.7430804967880249,1.1644734144210815,0.024823158979415894,0.7681081891059875,steady,0.0
same,probe_1_straight,friction_low,friction_low,d0_ep00341,d1_ep00039,19,0.95,0.0,2.4466085955500603,0.7305825352668762,1.2309006452560425,0.03656258434057236,0.8971256613731384,steady,0.0
same,probe_1_straight,friction_low,friction_low,d0_ep00352,d0_ep00353,119,5.95,0.0,1.8840679600834846,0.06185773387551308,1.4233258962631226,0.02420765534043312,0.7493533492088318,steady,0.0
same,probe_1_straight,friction_low,friction_low,d0_ep00353,d1_ep00034,79,3.95,0.0,1.7755273468792439,0.049680113792419434,1.5176329612731934,0.035650525242090225,0.34512749314308167,steady,0.0
same,probe_1_straight,friction_low,friction_low,d0_ep00364,d1_ep00034,79,3.95,0.0,1.9473977382585872,0.0627182349562645,1.6207329034805298,0.0001817117736209184,0.527529776096344,steady,0.0
same,probe_1_straight,friction_low,friction_low,d1_ep00035,d1_ep00037,19,0.95,0.0,1.7974327132105827,0.033207301050424576,1.2366420030593872,0.024753380566835403,1.005660057067871,steady,0.0
same,probe_2_accel_decel,friction_low,friction_low,d1_ep00040,d1_ep00041,79,3.95,0.0,2.0120763815939426,0.22638437151908875,1.6210529804229736,0.011254686862230301,0.3067686855792999,steady,0.0
same,probe_2_accel_decel,friction_low,friction_low,d1_ep00041,d1_ep00045,79,3.95,0.0,1.78855724260211,0.17176632583141327,1.389136552810669,0.025342848151922226,0.40462303161621094,steady,0.0
same,probe_2_accel_decel,friction_low,friction_low,d1_ep00041,d1_ep00046,79,3.95,0.0,1.971147257834673,0.1497429609298706,1.6153894662857056,0.025278855115175247,0.361471951007843,steady,0.0
same,probe_2_accel_decel,friction_low,friction_low,d1_ep00041,d1_ep00047,79,3.95,0.0,1.8260109908878803,0.18480928242206573,1.1478831768035889,0.034364525228738785,0.9179080128669739,steady,0.0
same,probe_2_accel_decel,friction_low,friction_low,d1_ep00042,d1_ep00047,139,6.95,0.0,1.7830702997744083,0.19947484135627747,1.2470988035202026,0.04280189052224159,0.5873895287513733,transition,0.4000000059604645
same,probe_2_accel_decel,friction_low,friction_low,d1_ep00044,d1_ep00047,139,6.95,0.0,1.892279390245676,0.16983214020729065,1.353615403175354,0.03773770108819008,0.6621882915496826,transition,0.4000000059604645
same,probe_3_turn,friction_low,friction_low,d0_ep00345,d0_ep00346,19,0.95,0.0,2.3470361419022083,0.24538519978523254,1.678807020187378,0.03530498221516609,0.7750778794288635,steady,0.0
same,probe_3_turn,friction_low,friction_low,d0_ep00345,d0_ep00346,39,1.95,0.0,2.249308293685317,0.19328175485134125,1.789699912071228,0.029495900496840477,0.4736614525318146,transition,1.399999976158142
same,probe_3_turn,friction_low,friction_low,d0_ep00345,d0_ep00347,19,0.95,0.0,4.117191731929779,0.6328161954879761,2.179797410964966,0.3205946087837219,1.9679670333862305,steady,0.0
same,probe_3_turn,friction_low,friction_low,d0_ep00345,d0_ep00347,39,1.95,0.0,3.3339416682720184,0.5640227794647217,1.6000367403030396,0.30850455164909363,1.7227551937103271,transition,1.399999976158142
same,probe_3_turn,friction_low,friction_low,d0_ep00345,d0_ep00347,59,2.95,0.0,3.443770185112953,0.5110253691673279,2.0678060054779053,0.21277840435504913,1.3043208122253418,steady,0.0
same,probe_3_turn,friction_low,friction_low,d0_ep00345,d0_ep00359,59,2.95,0.0,2.853638716042042,0.032385315746068954,2.5127038955688477,0.040209244936704636,0.5366805195808411,steady,0.0
same,probe_3_turn,friction_low,friction_low,d0_ep00345,d0_ep00369,59,2.95,0.0,2.233382973819971,0.012964786030352116,1.855468988418579,0.013118925504386425,0.7036605477333069,steady,0.0
same,probe_3_turn,friction_low,friction_low,d0_ep00345,d1_ep00049,19,0.95,0.0,1.9005799144506454,0.2042497992515564,1.3153828382492065,0.04880683124065399,0.664280891418457,steady,0.0
same,probe_3_turn,friction_low,friction_low,d0_ep00345,d1_ep00049,59,2.95,0.0,2.1414053421467543,0.06932809948921204,1.7080217599868774,0.018802819773554802,0.69050532579422,steady,0.0
same,probe_3_turn,friction_low,friction_low,d0_ep00345,d1_ep00050,59,2.95,0.0,1.867024876177311,0.051399048417806625,1.6406261920928955,0.024162616580724716,0.3016740381717682,steady,0.0
same,probe_3_turn,friction_low,friction_low,d0_ep00345,d1_ep00051,59,2.95,0.0,2.310875367373228,0.05045567452907562,1.9286311864852905,0.016774054616689682,0.6300289034843445,steady,0.0
same,probe_3_turn,friction_low,friction_low,d0_ep00345,d1_ep00052,59,2.95,0.0,1.960259662475437,0.09138515591621399,1.6400079727172852,0.00485639413818717,0.4480202794075012,steady,0.0
same,probe_3_turn,friction_low,friction_low,d0_ep00345,d1_ep00053,39,1.95,0.0,2.0005527436733246,0.1161617711186409,1.5130716562271118,0.020266734063625336,0.7021051645278931,transition,1.399999976158142
same,probe_3_turn,friction_low,friction_low,d0_ep00345,d1_ep00053,59,2.95,0.0,1.9897616941598244,0.1543770581483841,1.5449823141098022,0.0007682729628868401,0.5792680978775024,steady,0.0
same,probe_3_turn,friction_low,friction_low,d0_ep00345,d1_ep00054,19,0.95,0.0,2.2972858771681786,0.18024802207946777,1.6830977201461792,0.0417950376868248,0.7842901945114136,steady,0.0
same,probe_3_turn,friction_low,friction_low,d0_ep00345,d1_ep00054,59,2.95,0.0,2.625553749501705,0.10577414929866791,2.1221673488616943,0.03731710463762283,0.7205902934074402,steady,0.0
same,probe_3_turn,friction_low,friction_low,d0_ep00345,d1_ep00055,19,0.95,0.0,2.814845628105104,0.13468430936336517,2.2775719165802,0.002167872153222561,0.8008430600166321,steady,0.0
same,probe_3_turn,friction_low,friction_low,d0_ep00346,d0_ep00347,19,0.95,0.0,3.062714606523514,0.7154818177223206,1.1156656742095947,0.35449132323265076,1.7541515827178955,steady,0.0
same,probe_3_turn,friction_low,friction_low,d0_ep00346,d0_ep00347,39,1.95,0.0,4.358373910188675,0.3810136020183563,2.9288604259490967,0.3166354298591614,1.463728904724121,transition,1.399999976158142
same,probe_3_turn,friction_low,friction_low,d0_ep00346,d0_ep00347,59,2.95,0.0,2.6290742307901382,0.5758829712867737,1.2823622226715088,0.16252990067005157,1.2165982723236084,steady,0.0
same,probe_3_turn,friction_low,friction_low,d0_ep00346,d0_ep00357,19,0.95,0.0,2.0468079540878534,0.11964503675699234,1.5021004676818848,0.019939901307225227,0.8102450966835022,steady,0.0
same,probe_3_turn,friction_low,friction_low,d0_ep00346,d0_ep00357,39,1.95,0.0,1.7757344916462898,0.13793404400348663,1.3360430002212524,0.01633264869451523,0.570849597454071,transition,1.399999976158142
same,probe_3_turn,friction_low,friction_low,d0_ep00346,d0_ep00359,19,0.95,0.0,2.0337876649573445,0.17158232629299164,1.449070930480957,0.009242516942322254,0.8077837824821472,steady,0.0
same,probe_3_turn,friction_low,friction_low,d0_ep00346,d0_ep00359,39,1.95,0.0,1.927097026258707,0.13919682800769806,1.4980056285858154,0.0444641150534153,0.4908609092235565,transition,1.399999976158142
same,probe_3_turn,friction_low,friction_low,d0_ep00346,d0_ep00370,39,1.95,0.0,1.8785082176327705,0.15007196366786957,1.4203327894210815,0.04335009306669235,0.5295067429542542,transition,1.399999976158142
same,probe_3_turn,friction_low,friction_low,d0_ep00346,d1_ep00050,19,0.95,0.0,2.8430779092013836,0.24031075835227966,2.154125452041626,0.056689631193876266,0.7839041352272034,steady,0.0
same,probe_3_turn,friction_low,friction_low,d0_ep00346,d1_ep00050,39,1.95,0.0,2.0968509688973427,0.13946136832237244,1.592075228691101,0.027415849268436432,0.6757970452308655,transition,1.399999976158142
same,probe_3_turn,friction_low,friction_low,d0_ep00346,d1_ep00051,19,0.95,0.0,1.926699087023735,0.20859020948410034,1.2620718479156494,0.03848843276500702,0.8350971937179565,steady,0.0
same,probe_3_turn,friction_low,friction_low,d0_ep00346,d1_ep00052,39,1.95,0.0,2.4551465958356857,0.10605420172214508,1.9857778549194336,0.04491990804672241,0.6367892622947693,transition,1.399999976158142
same,probe_3_turn,friction_low,friction_low,d0_ep00346,d1_ep00054,39,1.95,0.0,2.914814591407776,0.08724890649318695,2.4892311096191406,0.03657625615596771,0.6035166382789612,transition,1.399999976158142
same,probe_3_turn,friction_low,friction_low,d0_ep00347,d0_ep00357,19,0.95,0.0,4.027436912059784,0.6363886594772339,2.033656597137451,0.33870404958724976,2.0373752117156982,steady,0.0
same,probe_3_turn,friction_low,friction_low,d0_ep00347,d0_ep00357,39,1.95,0.0,3.6666776537895203,0.518369734287262,1.9076136350631714,0.3268744945526123,1.8276395797729492,transition,1.399999976158142
same,probe_3_turn,friction_low,friction_low,d0_ep00347,d0_ep00357,59,2.95,0.0,2.9821853041648865,0.4707343578338623,1.6202061176300049,0.21965765953063965,1.3431743383407593,steady,0.0
same,probe_3_turn,friction_low,friction_low,d0_ep00347,d0_ep00359,19,0.95,0.0,3.8502379059791565,0.5947273969650269,1.9051342010498047,0.3463824391365051,2.0079877376556396,steady,0.0
same,probe_3_turn,friction_low,friction_low,d0_ep00347,d0_ep00359,39,1.95,0.0,3.220795154571533,0.4499475359916687,1.6331911087036133,0.295937716960907,1.6834375858306885,transition,1.399999976158142
same,probe_3_turn,friction_low,friction_low,d0_ep00347,d0_ep00359,59,2.95,0.0,2.488277167081833,0.49999088048934937,1.2474265098571777,0.17639502882957458,1.1289294958114624,steady,0.0
same,probe_3_turn,friction_low,friction_low,d0_ep00347,d0_ep00369,19,0.95,0.0,3.031764954328537,0.45479950308799744,1.3514349460601807,0.35793018341064453,1.7352006435394287,steady,0.0
same,probe_3_turn,friction_low,friction_low,d0_ep00347,d0_ep00369,39,1.95,0.0,3.8563992381095886,0.5209224820137024,2.2157909870147705,0.3224756121635437,1.594420313835144,transition,1.399999976158142
same,probe_3_turn,friction_low,friction_low,d0_ep00347,d0_ep00369,59,2.95,0.0,2.6620836555957794,0.5195524096488953,1.2626359462738037,0.20781859755516052,1.3441534042358398,steady,0.0
same,probe_3_turn,friction_low,friction_low,d0_ep00347,d0_ep00370,19,0.95,0.0,3.1946645379066467,0.6547679901123047,1.2722803354263306,0.32655221223831177,1.8821280002593994,steady,0.0
same,probe_3_turn,friction_low,friction_low,d0_ep00347,d0_ep00370,39,1.95,0.0,3.3411237001419067,0.46076178550720215,1.6937599182128906,0.34408867359161377,1.6850266456604004,transition,1.399999976158142
same,probe_3_turn,friction_low,friction_low,d0_ep00347,d0_ep00370,59,2.95,0.0,2.7135220915079117,0.5908803343772888,1.2762470245361328,0.18758554756641388,1.3176183700561523,steady,0.0
same,probe_3_turn,friction_low,friction_low,d0_ep00347,d1_ep00048,19,0.95,0.0,3.338440418243408,0.6932909488677979,1.3455890417099,0.35647737979888916,1.8861660957336426,steady,0.0
same,probe_3_turn,friction_low,friction_low,d0_ep00347,d1_ep00048,39,1.95,0.0,4.0789554715156555,0.5732151865959167,2.1741669178009033,0.3391979932785034,1.984750747680664,transition,1.399999976158142
same,probe_3_turn,friction_low,friction_low,d0_ep00347,d1_ep00048,59,2.95,0.0,3.0776564329862595,0.5923234224319458,1.5805606842041016,0.18398962914943695,1.4415653944015503,steady,0.0
same,probe_3_turn,friction_low,friction_low,d0_ep00347,d1_ep00049,19,0.95,0.0,3.175022691488266,0.6734570860862732,1.202834129333496,0.3686729371547699,1.8601170778274536,steady,0.0
same,probe_3_turn,friction_low,friction_low,d0_ep00347,d1_ep00049,39,1.95,0.0,3.6707860231399536,0.552580714225769,2.0277435779571533,0.3248808979988098,1.5311616659164429,transition,1.399999976158142
same,probe_3_turn,friction_low,friction_low,d0_ep00347,d1_ep00049,59,2.95,0.0,2.5486247688531876,0.4865140914916992,1.2820266485214233,0.20275075733661652,1.154666543006897,steady,0.0
same,probe_3_turn,friction_low,friction_low,d0_ep00347,d1_ep00050,19,0.95,0.0,4.36221170425415,0.5904545187950134,2.549656391143799,0.3035270571708679,1.8371474742889404,steady,0.0
same,probe_3_turn,friction_low,friction_low,d0_ep00347,d1_ep00050,39,1.95,0.0,3.2581365406513214,0.4725405275821686,1.5459787845611572,0.3017778992652893,1.8756786584854126,transition,1.399999976158142
same,probe_3_turn,friction_low,friction_low,d0_ep00347,d1_ep00050,59,2.95,0.0,2.2674923092126846,0.5136279463768005,0.9390530586242676,0.1952342540025711,1.2391541004180908,steady,0.0
same,probe_3_turn,friction_low,friction_low,d0_ep00347,d1_ep00051,19,0.95,0.0,3.5401419401168823,0.607207179069519,1.673892855644226,0.31895649433135986,1.8801708221435547,steady,0.0
same,probe_3_turn,friction_low,friction_low,d0_ep00347,d1_ep00051,39,1.95,0.0,3.343610793352127,0.4891369342803955,1.7468860149383545,0.32883742451667786,1.5575008392333984,transition,1.399999976158142
same,probe_3_turn,friction_low,friction_low,d0_ep00347,d1_ep00051,59,2.95,0.0,2.480553761124611,0.5223261713981628,1.1915559768676758,0.19796033203601837,1.1374225616455078,steady,0.0
same,probe_3_turn,friction_low,friction_low,d0_ep00347,d1_ep00052,19,0.95,0.0,3.7964788675308228,0.6963024139404297,1.7490843534469604,0.37932640314102173,1.9435313940048218,steady,0.0
same,probe_3_turn,friction_low,friction_low,d0_ep00347,d1_ep00052,39,1.95,0.0,2.9974906742572784,0.47125816345214844,1.3347491025924683,0.353458970785141,1.6760488748550415,transition,1.399999976158142
same,probe_3_turn,friction_low,friction_low,d0_ep00347,d1_ep00052,59,2.95,0.0,2.526290625333786,0.4976770281791687,1.2542203664779663,0.21742573380470276,1.1139349937438965,steady,0.0
same,probe_3_turn,friction_low,friction_low,d0_ep00347,d1_ep00053,19,0.95,0.0,3.577034443616867,0.6411904096603394,1.677497386932373,0.3377421796321869,1.8412089347839355,steady,0.0
same,probe_3_turn,friction_low,friction_low,d0_ep00347,d1_ep00053,39,1.95,0.0,3.926122099161148,0.4999527633190155,2.3398563861846924,0.3252338767051697,1.522158145904541,transition,1.399999976158142
same,probe_3_turn,friction_low,friction_low,d0_ep00347,d1_ep00053,59,2.95,0.0,2.4040243178606033,0.488087922334671,1.1702057123184204,0.21207158267498016,1.0673182010650635,steady,0.0
same,probe_3_turn,friction_low,friction_low,d0_ep00347,d1_ep00054,19,0.95,0.0,2.9972278475761414,0.7503026723861694,0.9630709290504456,0.36173015832901,1.8442481756210327,steady,0.0
same,probe_3_turn,friction_low,friction_low,d0_ep00347,d1_ep00054,39,1.95,0.0,2.61687433719635,0.4190376400947571,1.0087971687316895,0.3451944589614868,1.6876901388168335,transition,1.399999976158142
same,probe_3_turn,friction_low,friction_low,d0_ep00347,d1_ep00054,59,2.95,0.0,2.7240178883075714,0.5726994872093201,1.2948120832443237,0.18526342511177063,1.342485785484314,steady,0.0
same,probe_3_turn,friction_low,friction_low,d0_ep00347,d1_ep00055,19,0.95,0.0,2.7826027870178223,0.6631478071212769,0.9358710050582886,0.3187769055366516,1.7296141386032104,steady,0.0
same,probe_3_turn,friction_low,friction_low,d0_ep00347,d1_ep00055,39,1.95,0.0,3.4500445127487183,0.5080084800720215,1.901025414466858,0.33879148960113525,1.4044382572174072,transition,1.399999976158142
same,probe_3_turn,friction_low,friction_low,d0_ep00347,d1_ep00055,59,2.95,0.0,3.3976071029901505,0.5318419337272644,1.9826902151107788,0.21458043158054352,1.3369890451431274,steady,0.0
same,probe_3_turn,friction_low,friction_low,d0_ep00357,d0_ep00359,59,2.95,0.0,2.4231749773025513,0.04939504340291023,1.9889566898345947,0.04723016545176506,0.6751861572265625,steady,0.0
same,probe_3_turn,friction_low,friction_low,d0_ep00357,d1_ep00054,19,0.95,0.0,2.0230553336441517,0.11969824880361557,1.4651540517807007,0.02409183606505394,0.828222393989563,steady,0.0
same,probe_3_turn,friction_low,friction_low,d0_ep00357,d1_ep00054,59,2.95,0.0,2.074763771146536,0.1354726403951645,1.5009316205978394,0.04382513090968132,0.7890687584877014,steady,0.0
same,probe_3_turn,friction_low,friction_low,d0_ep00357,d1_ep00055,19,0.95,0.0,2.5709950234740973,0.0829075500369072,2.0319414138793945,0.020331529900431633,0.8716290593147278,steady,0.0
same,probe_3_turn,friction_low,friction_low,d0_ep00359,d0_ep00370,59,2.95,0.0,2.1983110830187798,0.09142297506332397,1.6808522939682007,0.021273605525493622,0.809524416923523,steady,0.0
same,probe_3_turn,friction_low,friction_low,d0_ep00359,d1_ep00048,59,2.95,0.0,2.273487037047744,0.11255871504545212,1.8136169910430908,0.010707063600420952,0.6732085347175598,steady,0.0
same,probe_3_turn,friction_low,friction_low,d0_ep00359,d1_ep00053,59,2.95,0.0,1.7643382176756859,0.17514759302139282,1.2056989669799805,0.03966548293828964,0.6876523494720459,steady,0.0
same,probe_3_turn,friction_low,friction_low,d0_ep00359,d1_ep00054,19,0.95,0.0,2.0004053227603436,0.16420434415340424,1.383354902267456,0.018796171993017197,0.8680998086929321,steady,0.0
same,probe_3_turn,friction_low,friction_low,d0_ep00359,d1_ep00055,19,0.95,0.0,2.5270019415766,0.12452132999897003,1.9343971014022827,0.030887017026543617,0.8743929862976074,steady,0.0
same,probe_3_turn,friction_low,friction_low,d0_ep00359,d1_ep00055,59,2.95,0.0,2.840663231909275,0.049442876130342484,2.4249136447906494,0.042100388556718826,0.6484126448631287,steady,0.0
same,probe_3_turn,friction_low,friction_low,d0_ep00369,d1_ep00050,19,0.95,0.0,2.1228576712310314,0.32654720544815063,1.5067099332809448,0.0605958066880703,0.4580094516277313,steady,0.0
same,probe_3_turn,friction_low,friction_low,d0_ep00369,d1_ep00054,39,1.95,0.0,1.9258335251361132,0.15816298127174377,1.5942634344100952,0.024452658370137215,0.2979089021682739,transition,1.399999976158142
same,probe_3_turn,friction_low,friction_low,d0_ep00369,d1_ep00055,19,0.95,0.0,1.9868564084172249,0.3159334361553192,1.2994307279586792,0.04119197279214859,0.6606005430221558,steady,0.0
same,probe_3_turn,friction_low,friction_low,d0_ep00369,d1_ep00055,59,2.95,0.0,2.229275547899306,0.06047400087118149,1.7693763971328735,0.014442951418459415,0.7699643969535828,steady,0.0
same,probe_3_turn,friction_low,friction_low,d0_ep00370,d1_ep00050,19,0.95,0.0,2.2889976389706135,0.18436254560947418,1.8267706632614136,0.04255211725831032,0.4706246256828308,steady,0.0
same,probe_3_turn,friction_low,friction_low,d1_ep00048,d1_ep00050,19,0.95,0.0,2.1401463635265827,0.1545076072216034,1.6930614709854126,0.05434199050068855,0.47647058963775635,steady,0.0
same,probe_3_turn,friction_low,friction_low,d1_ep00048,d1_ep00054,39,1.95,0.0,2.0326849981211126,0.15551704168319702,1.6135064363479614,0.006341354455798864,0.5146403312683105,transition,1.399999976158142
same,probe_3_turn,friction_low,friction_low,d1_ep00048,d1_ep00054,59,2.95,0.0,2.035214346833527,0.08062023669481277,1.4812740087509155,0.015112672932446003,0.9164148569107056,steady,0.0
same,probe_3_turn,friction_low,friction_low,d1_ep00049,d1_ep00050,19,0.95,0.0,2.397330492734909,0.19239197671413422,1.808531403541565,0.06785549223423004,0.6571032404899597,steady,0.0
same,probe_3_turn,friction_low,friction_low,d1_ep00049,d1_ep00054,39,1.95,0.0,2.006601881235838,0.1421545445919037,1.511060357093811,0.03300849720835686,0.6407569646835327,transition,1.399999976158142
same,probe_3_turn,friction_low,friction_low,d1_ep00049,d1_ep00055,59,2.95,0.0,2.0984604973345995,0.1242990493774414,1.6232222318649292,0.020330699160695076,0.6612170338630676,steady,0.0
same,probe_3_turn,friction_low,friction_low,d1_ep00050,d1_ep00052,19,0.95,0.0,1.880197525024414,0.22760772705078125,1.268937587738037,0.07713857293128967,0.6130272746086121,steady,0.0
same,probe_3_turn,friction_low,friction_low,d1_ep00050,d1_ep00054,19,0.95,0.0,2.8404133208096027,0.1946742981672287,2.1715171337127686,0.06161520257592201,0.8252133727073669,steady,0.0
same,probe_3_turn,friction_low,friction_low,d1_ep00050,d1_ep00055,19,0.95,0.0,3.311808403581381,0.13340553641319275,2.767218589782715,0.020615573972463608,0.7811374068260193,steady,0.0
same,probe_3_turn,friction_low,friction_low,d1_ep00050,d1_ep00055,59,2.95,0.0,1.8474153988063335,0.1083863377571106,1.5521732568740845,0.025914084166288376,0.3218834400177002,steady,0.0
same,probe_3_turn,friction_low,friction_low,d1_ep00051,d1_ep00054,19,0.95,0.0,1.8690627962350845,0.1638612598180771,1.2205419540405273,0.044065773487091064,0.8811876177787781,steady,0.0
same,probe_3_turn,friction_low,friction_low,d1_ep00051,d1_ep00054,39,1.95,0.0,1.7624425627291203,0.0984674021601677,1.3223819732666016,0.02395419403910637,0.6352779865264893,transition,1.399999976158142
same,probe_3_turn,friction_low,friction_low,d1_ep00051,d1_ep00055,19,0.95,0.0,2.3554811580106616,0.10517467558383942,1.7989797592163086,0.004102434031665325,0.8944485783576965,steady,0.0
same,probe_3_turn,friction_low,friction_low,d1_ep00051,d1_ep00055,59,2.95,0.0,2.2626049369573593,0.1055380254983902,1.8416022062301636,0.01865139603614807,0.5936266183853149,steady,0.0
same,probe_3_turn,friction_low,friction_low,d1_ep00052,d1_ep00053,39,1.95,0.0,1.9546829462051392,0.1117524802684784,1.4873095750808716,0.03343722224235535,0.6443673372268677,transition,1.399999976158142
same,probe_3_turn,friction_low,friction_low,d1_ep00052,d1_ep00055,19,0.95,0.0,2.2479795813560486,0.11070287972688675,1.660478949546814,0.06504976004362106,0.8234959840774536,steady,0.0
same,probe_3_turn,friction_low,friction_low,d1_ep00052,d1_ep00055,59,2.95,0.0,1.9473187495023012,0.14692732691764832,1.5551542043685913,0.0034312624484300613,0.48361191153526306,steady,0.0
same,probe_3_turn,friction_low,friction_low,d1_ep00053,d1_ep00054,39,1.95,0.0,2.379015687853098,0.08214248716831207,1.8940950632095337,0.028053808957338333,0.7494486570358276,transition,1.399999976158142
same,probe_3_turn,friction_low,friction_low,d1_ep00053,d1_ep00055,19,0.95,0.0,2.1461582239717245,0.0899849459528923,1.7368478775024414,0.020383043214678764,0.5978847146034241,steady,0.0
same,probe_3_turn,friction_low,friction_low,d1_ep00053,d1_ep00055,59,2.95,0.0,1.9649326943326741,0.21265731751918793,1.4582643508911133,0.0025377266574651003,0.5829465985298157,steady,0.0
same,probe_3_turn,friction_low,friction_low,d1_ep00054,d1_ep00055,39,1.95,0.0,1.847076490521431,0.10221235454082489,1.4231044054031372,0.02995440363883972,0.5836106538772583,transition,1.399999976158142
same,probe_3_turn,friction_low,friction_low,d1_ep00054,d1_ep00055,59,2.95,0.0,2.6197318248450756,0.1496884524822235,2.0364201068878174,0.03909052535891533,0.7890654802322388,steady,0.0
same,probe_4_lateral,friction_low,friction_low,d0_ep00348,d0_ep00350,39,1.95,0.0,2.0330544500611722,0.11341048777103424,1.6760379076004028,0.004945242311805487,0.4773216247558594,transition,1.2000000476837158
same,probe_4_lateral,friction_low,friction_low,d0_ep00348,d0_ep00362,39,1.95,0.0,1.9690715111792088,0.08736888319253922,1.4272663593292236,0.024187501519918442,0.8604975342750549,transition,1.2000000476837158
same,probe_4_lateral,friction_low,friction_low,d0_ep00348,d1_ep00060,79,3.95,0.0,1.7842602506279945,0.11665481328964233,1.0735764503479004,0.04748747497797012,1.0930830240249634,steady,0.0
same,probe_4_lateral,friction_low,friction_low,d0_ep00348,d1_ep00062,19,0.95,0.0,1.926253093406558,0.18930160999298096,1.3526389598846436,0.030820412561297417,0.7069842219352722,steady,0.0
same,probe_4_lateral,friction_low,friction_low,d0_ep00349,d1_ep00060,79,3.95,0.0,1.939259622246027,0.10077013075351715,1.3190622329711914,0.03076033666729927,0.9773338437080383,steady,0.0
same,probe_4_lateral,friction_low,friction_low,d0_ep00349,d1_ep00062,19,0.95,0.0,1.855369234457612,0.18436460196971893,1.3116225004196167,0.018645206466317177,0.6814738512039185,steady,0.0
same,probe_4_lateral,friction_low,friction_low,d0_ep00350,d0_ep00361,39,1.95,0.0,1.8199728950858116,0.10765375941991806,1.4695504903793335,0.018768310546875,0.4480006694793701,transition,1.2000000476837158
same,probe_4_lateral,friction_low,friction_low,d0_ep00350,d1_ep00057,39,1.95,0.0,1.817493436159566,0.16963504254817963,1.4104970693588257,0.002076846780255437,0.4705689549446106,transition,1.2000000476837158
same,probe_4_lateral,friction_low,friction_low,d0_ep00350,d1_ep00062,19,0.95,0.0,1.7528767324984074,0.2008225917816162,1.136528491973877,0.015281472355127335,0.8004883527755737,steady,0.0
same,probe_4_lateral,friction_low,friction_low,d0_ep00360,d1_ep00056,19,0.95,0.0,1.751525230705738,0.4821901023387909,0.7350565791130066,0.07068923860788345,0.9271786212921143,steady,0.0
same,probe_4_lateral,friction_low,friction_low,d0_ep00360,d1_ep00059,19,0.95,0.0,1.7912389189004898,0.4767771363258362,0.8788782954216003,0.07299093902111053,0.7251850962638855,steady,0.0
same,probe_4_lateral,friction_low,friction_low,d0_ep00360,d1_ep00060,79,3.95,0.0,2.0839640721678734,0.13771952688694,1.5190049409866333,0.038039036095142365,0.7784011363983154,steady,0.0
same,probe_4_lateral,friction_low,friction_low,d0_ep00360,d1_ep00061,19,0.95,0.0,1.8019238114356995,0.45290711522102356,0.9135685563087463,0.07905861735343933,0.7127790451049805,steady,0.0
same,probe_4_lateral,friction_low,friction_low,d0_ep00360,d1_ep00062,19,0.95,0.0,2.2426564693450928,0.49743619561195374,1.2096898555755615,0.07964181900024414,0.9117771983146667,steady,0.0
same,probe_4_lateral,friction_low,friction_low,d0_ep00360,d1_ep00063,19,0.95,0.0,1.8827907294034958,0.45194387435913086,0.7625020742416382,0.05300234258174896,1.2306848764419556,steady,0.0
same,probe_4_lateral,friction_low,friction_low,d0_ep00361,d1_ep00060,79,3.95,0.0,2.1606608517467976,0.12137198448181152,1.7116183042526245,0.020436573773622513,0.614467978477478,steady,0.0
same,probe_4_lateral,friction_low,friction_low,d0_ep00362,d1_ep00060,79,3.95,0.0,2.027974996715784,0.0864449143409729,1.4897418022155762,0.03439033403992653,0.8347958922386169,steady,0.0
same,probe_4_lateral,friction_low,friction_low,d0_ep00362,d1_ep00062,19,0.95,0.0,2.110044138506055,0.20051081478595734,1.4780471324920654,0.024218322709202766,0.8145357370376587,steady,0.0
same,probe_4_lateral,friction_low,friction_low,d1_ep00057,d1_ep00060,79,3.95,0.0,1.9981484394520521,0.10878677666187286,1.6075124740600586,0.022060943767428398,0.5195764899253845,steady,0.0
same,probe_4_lateral,friction_low,friction_low,d1_ep00058,d1_ep00060,79,3.95,0.0,2.172668520361185,0.08608292788267136,1.7595467567443848,0.023821067065000534,0.6064355373382568,steady,0.0
same,probe_4_lateral,friction_low,friction_low,d1_ep00058,d1_ep00063,79,3.95,0.0,1.8321326933801174,0.06617678701877594,1.5368512868881226,0.023895304650068283,0.41041862964630127,steady,0.0
same,probe_4_lateral,friction_low,friction_low,d1_ep00060,d1_ep00061,79,3.95,0.0,2.202675800770521,0.11002922058105469,1.7716175317764282,0.025234054774045944,0.5915899872779846,steady,0.0
same,probe_4_lateral,friction_low,friction_low,d1_ep00060,d1_ep00062,19,0.95,0.0,2.0427608340978622,0.14605818688869476,1.4919157028198242,0.02027985453605652,0.7690141797065735,steady,0.0
same,probe_4_lateral,friction_low,friction_low,d1_ep00060,d1_ep00062,79,3.95,0.0,2.281774163246155,0.10477069020271301,1.8096565008163452,0.027941882610321045,0.678810179233551,steady,0.0
same,probe_4_lateral,friction_low,friction_low,d1_ep00061,d1_ep00063,79,3.95,0.0,1.7966764513403177,0.0908733457326889,1.4862210750579834,0.020652377977967262,0.3978593051433563,steady,0.0
same,probe_4_lateral,friction_low,friction_low,d1_ep00062,d1_ep00063,79,3.95,0.0,1.9437787346541882,0.08407119661569595,1.5917978286743164,0.024108756333589554,0.4876019060611725,steady,0.0
cross,probe_1_straight,normal,friction_vlow,d0_ep00386,d1_ep00064,19,0.95,0.0,2.9694821760058403,0.30467861890792847,2.451528787612915,0.01383858174085617,0.39887237548828125,steady,0.0
cross,probe_1_straight,normal,friction_vlow,d0_ep00386,d1_ep00065,19,0.95,0.0,3.0180971790105104,0.4930485486984253,1.82020103931427,0.017929689958691597,1.373835802078247,steady,0.0
cross,probe_1_straight,normal,friction_vlow,d0_ep00386,d1_ep00066,19,0.95,0.0,2.222052186727524,0.3538079559803009,1.5241330862045288,0.047632187604904175,0.5929579138755798,steady,0.0
cross,probe_1_straight,normal,friction_vlow,d0_ep00386,d1_ep00067,19,0.95,0.0,2.6248623579740524,0.2830637991428375,2.0786516666412354,0.05312667787075043,0.42004042863845825,steady,0.0
cross,probe_1_straight,normal,friction_vlow,d0_ep00386,d1_ep00069,19,0.95,0.0,2.437967050820589,0.39621514081954956,1.3209308385849,0.03392611816525459,1.37378990650177,steady,0.0
cross,probe_1_straight,normal,friction_vlow,d0_ep00386,d1_ep00069,39,1.95,0.0,1.7675015591084957,0.0822133794426918,1.3273341655731201,0.03431831672787666,0.6472713947296143,steady,0.0
cross,probe_1_straight,normal,friction_vlow,d0_ep00386,d1_ep00070,19,0.95,0.0,3.3645517863333225,0.22655919194221497,2.915367841720581,0.031760323792696,0.381728857755661,steady,0.0
cross,probe_1_straight,normal,friction_vlow,d0_ep00386,d1_ep00071,19,0.95,0.0,2.2419013418257236,0.3228694200515747,1.2632412910461426,0.062221769243478775,1.1871377229690552,steady,0.0
cross,probe_1_straight,normal,friction_vlow,d0_ep00387,d1_ep00064,19,0.95,0.0,2.943882771767676,0.3019893765449524,2.460279703140259,0.007077106274664402,0.3490731716156006,steady,0.0
cross,probe_1_straight,normal,friction_vlow,d0_ep00387,d1_ep00065,19,0.95,0.0,2.9238357171416283,0.4805309772491455,1.8104103803634644,0.028543733060359955,1.208701252937317,steady,0.0
cross,probe_1_straight,normal,friction_vlow,d0_ep00387,d1_ep00066,19,0.95,0.0,2.141892608255148,0.3401547968387604,1.5320061445236206,0.05660405382514,0.4262552261352539,steady,0.0
cross,probe_1_straight,normal,friction_vlow,d0_ep00387,d1_ep00067,19,0.95,0.0,2.6423435136675835,0.28303399682044983,2.079683303833008,0.06377386301755905,0.43170469999313354,steady,0.0
cross,probe_1_straight,normal,friction_vlow,d0_ep00387,d1_ep00069,19,0.95,0.0,2.319799304008484,0.38329410552978516,1.3098936080932617,0.04452705383300781,1.1641690731048584,steady,0.0
cross,probe_1_straight,normal,friction_vlow,d0_ep00387,d1_ep00070,19,0.95,0.0,3.431284260004759,0.23155200481414795,2.919123649597168,0.03665636107325554,0.48790448904037476,steady,0.0
cross,probe_1_straight,normal,friction_vlow,d0_ep00387,d1_ep00071,19,0.95,0.0,2.1361347064375877,0.3214597702026367,1.2776302099227905,0.07288413494825363,0.9283211827278137,steady,0.0
cross,probe_1_straight,normal,friction_vlow,d0_ep00388,d1_ep00064,19,0.95,0.0,2.6268988000229,0.24071893095970154,1.9376651048660278,0.015167002566158772,0.8666955232620239,steady,0.0
cross,probe_1_straight,normal,friction_vlow,d0_ep00388,d1_ep00064,99,4.95,0.0,1.8415381759405136,0.22680719196796417,1.1322485208511353,0.04762199521064758,0.8697209358215332,steady,0.0
cross,probe_1_straight,normal,friction_vlow,d0_ep00388,d1_ep00065,19,0.95,0.0,3.1702411994338036,0.4333925247192383,2.320406913757324,0.0463438555598259,0.7401958107948303,steady,0.0
cross,probe_1_straight,normal,friction_vlow,d0_ep00388,d1_ep00065,99,4.95,0.0,1.9112159796059132,0.2138122022151947,1.295072317123413,0.03969048336148262,0.7252819538116455,steady,0.0
cross,probe_1_straight,normal,friction_vlow,d0_ep00388,d1_ep00066,19,0.95,0.0,1.7724579647183418,0.29160889983177185,1.0083502531051636,0.06583485752344131,0.8133279085159302,steady,0.0
cross,probe_1_straight,normal,friction_vlow,d0_ep00388,d1_ep00067,19,0.95,0.0,2.3532946705818176,0.22168496251106262,1.5833015441894531,0.07896050810813904,0.9386953115463257,steady,0.0
cross,probe_1_straight,normal,friction_vlow,d0_ep00388,d1_ep00068,19,0.95,0.0,1.7502919733524323,0.2616361975669861,1.0551193952560425,0.05393505096435547,0.7592026591300964,steady,0.0
cross,probe_1_straight,normal,friction_vlow,d0_ep00388,d1_ep00069,19,0.95,0.0,2.5001869313418865,0.3353000283241272,1.7647908926010132,0.05981336161494255,0.6805652976036072,steady,0.0
cross,probe_1_straight,normal,friction_vlow,d0_ep00388,d1_ep00070,19,0.95,0.0,3.1022171936929226,0.17255575954914093,2.40358304977417,0.039769064635038376,0.9726186394691467,steady,0.0
cross,probe_1_straight,normal,friction_vlow,d0_ep00388,d1_ep00070,79,3.95,0.0,1.9243541732430458,0.14880992472171783,1.4940590858459473,0.05983417481184006,0.4433019757270813,steady,0.0
cross,probe_1_straight,normal,friction_vlow,d0_ep00398,d1_ep00064,19,0.95,0.0,3.0907133454456925,0.2240225076675415,2.5105056762695312,0.0062131816521286964,0.6999439597129822,steady,0.0
cross,probe_1_straight,normal,friction_vlow,d0_ep00398,d1_ep00065,19,0.95,0.0,2.6209269799292088,0.42678338289260864,1.749664306640625,0.03442681208252907,0.8201049566268921,steady,0.0
cross,probe_1_straight,normal,friction_vlow,d0_ep00398,d1_ep00066,19,0.95,0.0,2.2554283812642097,0.2848168611526489,1.5808662176132202,0.053347148001194,0.6727963089942932,steady,0.0
cross,probe_1_straight,normal,friction_vlow,d0_ep00398,d1_ep00067,19,0.95,0.0,2.7981832027435303,0.2057357281446457,2.1479809284210205,0.06607149541378021,0.7567901015281677,steady,0.0
cross,probe_1_straight,normal,friction_vlow,d0_ep00398,d1_ep00069,19,0.95,0.0,2.020244523882866,0.3286474645137787,1.2374249696731567,0.04698805510997772,0.8143680691719055,steady,0.0
cross,probe_1_straight,normal,friction_vlow,d0_ep00398,d1_ep00069,59,2.95,0.0,1.7889582440257072,0.22585199773311615,0.9648069143295288,0.05604846030473709,1.0845017433166504,steady,0.0
cross,probe_1_straight,normal,friction_vlow,d0_ep00398,d1_ep00070,19,0.95,0.0,3.569871164858341,0.16054271161556244,2.981123924255371,0.02863859385251999,0.7991318702697754,steady,0.0
cross,probe_1_straight,normal,friction_vlow,d0_ep00398,d1_ep00071,19,0.95,0.0,1.944789007306099,0.240543931722641,1.3096145391464233,0.07699750363826752,0.6352660655975342,steady,0.0
cross,probe_1_straight,normal,friction_vlow,d0_ep00399,d1_ep00064,19,0.95,0.0,2.1589961983263493,0.438754677772522,1.3848133087158203,0.03495777025818825,0.6009408831596375,steady,0.0
cross,probe_1_straight,normal,friction_vlow,d0_ep00399,d1_ep00065,19,0.95,0.0,3.878275092691183,0.5427873730659485,2.884986400604248,0.01871195062994957,0.863578736782074,steady,0.0
cross,probe_1_straight,normal,friction_vlow,d0_ep00399,d1_ep00067,19,0.95,0.0,1.8700171783566475,0.41755831241607666,1.078141450881958,0.03240255266427994,0.6838297247886658,steady,0.0
cross,probe_1_straight,normal,friction_vlow,d0_ep00399,d1_ep00068,19,0.95,0.0,2.3000213615596294,0.39280012249946594,1.6060473918914795,0.0524851493537426,0.4973773956298828,steady,0.0
cross,probe_1_straight,normal,friction_vlow,d0_ep00399,d1_ep00068,39,1.95,0.0,1.8861600514501333,0.08272044360637665,1.4725737571716309,0.018914034590125084,0.6239036321640015,steady,0.0
cross,probe_1_straight,normal,friction_vlow,d0_ep00399,d1_ep00069,19,0.95,0.0,3.2233062209561467,0.4596422016620636,2.3149569034576416,0.015376639552414417,0.8666609525680542,steady,0.0
cross,probe_1_straight,normal,friction_vlow,d0_ep00399,d1_ep00070,19,0.95,0.0,2.570998702198267,0.35809847712516785,1.8581146001815796,0.01874152198433876,0.6720882058143616,steady,0.0
cross,probe_1_straight,normal,friction_vlow,d0_ep00400,d1_ep00064,19,0.95,0.0,3.2720855716615915,0.23734092712402344,2.697545289993286,0.02048432268202305,0.6334300637245178,steady,0.0
cross,probe_1_straight,normal,friction_vlow,d0_ep00400,d1_ep00065,19,0.95,0.0,2.5127077903598547,0.43642953038215637,1.5650726556777954,0.016352077946066856,0.9897070527076721,steady,0.0
cross,probe_1_straight,normal,friction_vlow,d0_ep00400,d1_ep00066,19,0.95,0.0,2.3903595581650734,0.2939163148403168,1.7667820453643799,0.03498444706201553,0.5893535017967224,steady,0.0
cross,probe_1_straight,normal,friction_vlow,d0_ep00400,d1_ep00067,19,0.95,0.0,2.904803391546011,0.22238968312740326,2.314910650253296,0.044893693178892136,0.6452187299728394,steady,0.0
cross,probe_1_straight,normal,friction_vlow,d0_ep00400,d1_ep00067,79,3.95,0.0,1.8715232945978642,0.3796084523200989,1.1747536659240723,0.0358029343187809,0.5627164840698242,steady,0.0
cross,probe_1_straight,normal,friction_vlow,d0_ep00400,d1_ep00069,19,0.95,0.0,1.9026553966104984,0.3382634222507477,1.0635147094726562,0.02584115043282509,0.9500722289085388,steady,0.0
cross,probe_1_straight,normal,friction_vlow,d0_ep00400,d1_ep00070,19,0.95,0.0,3.737167926505208,0.18477030098438263,3.1557023525238037,0.01967446692287922,0.7540416121482849,steady,0.0
cross,probe_1_straight,normal,friction_vlow,d0_ep00400,d1_ep00070,79,3.95,0.0,2.294746719300747,0.3175218403339386,1.635964274406433,0.044458501040935516,0.5936042070388794,steady,0.0
cross,probe_1_straight,normal,friction_vlow,d0_ep00400,d1_ep00071,19,0.95,0.0,2.1397816576063633,0.2531854808330536,1.5061455965042114,0.05601224675774574,0.6488766670227051,steady,0.0
cross,probe_1_straight,normal,friction_vlow,d0_ep00410,d1_ep00064,19,0.95,0.0,1.9990931209176779,0.3203599452972412,1.4427801370620728,0.029855629429221153,0.4121948182582855,steady,0.0
cross,probe_1_straight,normal,friction_vlow,d0_ep00410,d1_ep00065,19,0.95,0.0,3.943471407517791,0.4808303713798523,2.8418827056884766,0.015636062249541283,1.2102445363998413,steady,0.0
cross,probe_1_straight,normal,friction_vlow,d0_ep00410,d1_ep00068,19,0.95,0.0,2.1791238225996494,0.30970415472984314,1.479100227355957,0.05289033427834511,0.6748582124710083,steady,0.0
cross,probe_1_straight,normal,friction_vlow,d0_ep00410,d1_ep00069,19,0.95,0.0,3.3273363541811705,0.387046217918396,2.311469793319702,0.017878277227282524,1.2218841314315796,steady,0.0
cross,probe_1_straight,normal,friction_vlow,d0_ep00410,d1_ep00070,19,0.95,0.0,2.3744362257421017,0.23534193634986877,1.9277902841567993,0.018627073615789413,0.38535386323928833,steady,0.0
cross,probe_1_straight,normal,friction_vlow,d0_ep00411,d1_ep00064,19,0.95,0.0,2.13059963285923,0.35833144187927246,1.302720069885254,0.018002912402153015,0.9030904173851013,steady,0.0
cross,probe_1_straight,normal,friction_vlow,d0_ep00411,d1_ep00065,19,0.95,0.0,3.8009936083108187,0.49992743134498596,2.9857966899871826,0.029866592958569527,0.5708057880401611,steady,0.0
cross,probe_1_straight,normal,friction_vlow,d0_ep00411,d1_ep00067,19,0.95,0.0,1.9636170864105225,0.34076640009880066,1.074769377708435,0.05548390746116638,0.9851948022842407,steady,0.0
cross,probe_1_straight,normal,friction_vlow,d0_ep00411,d1_ep00068,19,0.95,0.0,2.4496323466300964,0.3404880464076996,1.7147308588027954,0.04108017683029175,0.7066665291786194,steady,0.0
cross,probe_1_straight,normal,friction_vlow,d0_ep00411,d1_ep00069,19,0.95,0.0,3.0995784401893616,0.40741026401519775,2.4017014503479004,0.03742679953575134,0.5060798525810242,steady,0.0
cross,probe_1_straight,normal,friction_vlow,d0_ep00411,d1_ep00070,19,0.95,0.0,2.613551908172667,0.29017317295074463,1.802187204360962,0.014184706844389439,1.014013648033142,steady,0.0
cross,probe_1_straight,normal,friction_vlow,d0_ep00412,d1_ep00064,19,0.95,0.0,2.5101573541760445,0.2982752323150635,2.0589683055877686,0.02730225771665573,0.2512231171131134,steady,0.0
cross,probe_1_straight,normal,friction_vlow,d0_ep00412,d1_ep00064,79,3.95,0.0,2.0286742001771927,0.17106859385967255,1.5518786907196045,0.036424994468688965,0.5386038422584534,steady,0.0
cross,probe_1_straight,normal,friction_vlow,d0_ep00412,d1_ep00065,19,0.95,0.0,3.3325005620718002,0.480655699968338,2.204477310180664,0.02178807556629181,1.2511589527130127,steady,0.0
cross,probe_1_straight,normal,friction_vlow,d0_ep00412,d1_ep00066,79,3.95,0.0,1.9806225299835205,0.15684257447719574,1.5172792673110962,0.03378264605998993,0.5454360842704773,steady,0.0
cross,probe_1_straight,normal,friction_vlow,d0_ep00412,d1_ep00067,19,0.95,0.0,2.1693149022758007,0.27847689390182495,1.6950029134750366,0.04202338680624962,0.30762341618537903,steady,0.0
cross,probe_1_straight,normal,friction_vlow,d0_ep00412,d1_ep00067,79,3.95,0.0,2.231273051351309,0.20648863911628723,1.7222414016723633,0.020224686712026596,0.5646366477012634,steady,0.0
cross,probe_1_straight,normal,friction_vlow,d0_ep00412,d1_ep00069,19,0.95,0.0,2.706997273489833,0.3833141028881073,1.679215669631958,0.024523107334971428,1.2398887872695923,steady,0.0
cross,probe_1_straight,normal,friction_vlow,d0_ep00412,d1_ep00070,19,0.95,0.0,2.94684203248471,0.22537630796432495,2.524998426437378,0.011920216493308544,0.3690941631793976,steady,0.0
cross,probe_1_straight,normal,friction_vlow,d0_ep00412,d1_ep00070,79,3.95,0.0,2.680456604808569,0.1546175628900528,2.178886890411377,0.028976183384656906,0.6359519362449646,steady,0.0
cross,probe_1_straight,normal,friction_vlow,d0_ep00412,d1_ep00071,19,0.95,0.0,1.7644531428813934,0.3174093961715698,0.8883779048919678,0.054516226053237915,1.0082992315292358,steady,0.0
cross,probe_1_straight,normal,friction_vlow,d0_ep00030,d1_ep00064,19,0.95,0.0,2.499805943109095,0.37465670704841614,1.6554265022277832,0.009527460671961308,0.9203905463218689,steady,0.0
cross,probe_1_straight,normal,friction_vlow,d0_ep00030,d1_ep00065,19,0.95,0.0,3.419615626335144,0.5320729613304138,2.5952694416046143,0.024225503206253052,0.5360954403877258,steady,0.0
cross,probe_1_straight,normal,friction_vlow,d0_ep00030,d1_ep00065,99,4.95,0.0,1.7538947351276875,0.3081701397895813,1.0165939331054688,0.045265693217515945,0.7677299380302429,steady,0.0
cross,probe_1_straight,normal,friction_vlow,d0_ep00030,d1_ep00067,19,0.95,0.0,2.256737671792507,0.3567720651626587,1.3450921773910522,0.05590664595365524,0.997933566570282,steady,0.0
cross,probe_1_straight,normal,friction_vlow,d0_ep00030,d1_ep00068,19,0.95,0.0,2.05025564879179,0.36831557750701904,1.2917227745056152,0.05197375267744064,0.6764870882034302,steady,0.0
cross,probe_1_straight,normal,friction_vlow,d0_ep00030,d1_ep00069,19,0.95,0.0,2.741596531122923,0.4375167191028595,2.03359317779541,0.03671814128756523,0.467536985874176,steady,0.0
cross,probe_1_straight,normal,friction_vlow,d0_ep00030,d1_ep00070,19,0.95,0.0,2.981201644986868,0.30579158663749695,2.1427111625671387,0.024079110473394394,1.0172395706176758,steady,0.0
cross,probe_1_straight,normal,friction_vlow,d0_ep00030,d1_ep00070,79,3.95,0.0,2.0571261812001467,0.10007340461015701,1.5297585725784302,0.01596660353243351,0.822655200958252,steady,0.0
cross,probe_1_straight,normal,friction_vlow,d0_ep00031,d1_ep00064,19,0.95,0.0,2.44381860550493,0.23028254508972168,1.6625523567199707,0.011460757814347744,1.0790458917617798,steady,0.0
cross,probe_1_straight,normal,friction_vlow,d0_ep00031,d1_ep00065,19,0.95,0.0,3.3151953779160976,0.42080026865005493,2.5914764404296875,0.024470563977956772,0.5568962097167969,steady,0.0
cross,probe_1_straight,normal,friction_vlow,d0_ep00031,d1_ep00067,19,0.95,0.0,2.2212099097669125,0.21120253205299377,1.3857522010803223,0.0549277625977993,1.1386548280715942,steady,0.0
cross,probe_1_straight,normal,friction_vlow,d0_ep00031,d1_ep00068,19,0.95,0.0,2.0218318849802017,0.24914346635341644,1.287986159324646,0.0498119592666626,0.8697806000709534,steady,0.0
cross,probe_1_straight,normal,friction_vlow,d0_ep00031,d1_ep00069,19,0.95,0.0,2.6634182073175907,0.32272154092788696,2.0217502117156982,0.0358792282640934,0.5661344528198242,steady,0.0
cross,probe_1_straight,normal,friction_vlow,d0_ep00031,d1_ep00070,19,0.95,0.0,2.929176604375243,0.16195616126060486,2.1662280559539795,0.021612709388136864,1.158759355545044,steady,0.0
cross,probe_1_straight,normal,friction_vlow,d0_ep00032,d1_ep00064,19,0.95,0.0,2.2891824739053845,0.2815019190311432,1.498158574104309,0.013045121915638447,0.9929537177085876,steady,0.0
cross,probe_1_straight,normal,friction_vlow,d0_ep00032,d1_ep00065,19,0.95,0.0,3.545970667153597,0.4453437626361847,2.7914199829101562,0.038214702159166336,0.5419844388961792,steady,0.0
cross,probe_1_straight,normal,friction_vlow,d0_ep00032,d1_ep00067,19,0.95,0.0,1.9992793947458267,0.2630535066127777,1.1413015127182007,0.06735502183437347,1.0551387071609497,steady,0.0
cross,probe_1_straight,normal,friction_vlow,d0_ep00032,d1_ep00068,19,0.95,0.0,2.231248628348112,0.27782195806503296,1.5370372533798218,0.04322073981165886,0.746337354183197,steady,0.0
cross,probe_1_straight,normal,friction_vlow,d0_ep00032,d1_ep00068,79,3.95,0.0,1.9001967944204807,0.09051409363746643,1.399143099784851,0.04417652264237404,0.7327261567115784,steady,0.0
cross,probe_1_straight,normal,friction_vlow,d0_ep00032,d1_ep00069,19,0.95,0.0,2.835057597607374,0.3490976095199585,2.2270865440368652,0.048758428543806076,0.42023003101348877,steady,0.0
cross,probe_1_straight,normal,friction_vlow,d0_ep00032,d1_ep00070,19,0.95,0.0,2.7283271495252848,0.21216470003128052,1.9442839622497559,0.025346452370285988,1.0930640697479248,steady,0.0
cross,probe_1_straight,normal,friction_vlow,d1_ep00000,d1_ep00064,19,0.95,0.0,2.1862023789435625,0.3394303023815155,1.3758732080459595,0.026683690026402473,0.8884303569793701,steady,0.0
cross,probe_1_straight,normal,friction_vlow,d1_ep00000,d1_ep00065,19,0.95,0.0,3.6791236884891987,0.4898890256881714,2.9202723503112793,0.03291011229157448,0.47210440039634705,steady,0.0
cross,probe_1_straight,normal,friction_vlow,d1_ep00000,d1_ep00067,19,0.95,0.0,2.0164694152772427,0.321112722158432,1.1505391597747803,0.05261942371726036,0.98439621925354,steady,0.0
cross,probe_1_straight,normal,friction_vlow,d1_ep00000,d1_ep00068,19,0.95,0.0,2.2938562147319317,0.3265213370323181,1.6582797765731812,0.03513706848025322,0.5478360652923584,steady,0.0
cross,probe_1_straight,normal,friction_vlow,d1_ep00000,d1_ep00069,19,0.95,0.0,2.9655831828713417,0.3958769142627716,2.33280086517334,0.03617829829454422,0.40145421028137207,steady,0.0
cross,probe_1_straight,normal,friction_vlow,d1_ep00000,d1_ep00070,19,0.95,0.0,2.6482191276736557,0.2691848874092102,1.8778163194656372,0.005832691211253405,0.9907704591751099,steady,0.0
cross,probe_1_straight,normal,friction_vlow,d1_ep00001,d1_ep00064,19,0.95,0.0,2.4606649968773127,0.29822373390197754,1.6072205305099487,0.02883077599108219,1.0527799129486084,steady,0.0
cross,probe_1_straight,normal,friction_vlow,d1_ep00001,d1_ep00065,19,0.95,0.0,3.4489423241466284,0.4713776409626007,2.6752400398254395,0.02307405136525631,0.5585011839866638,steady,0.0
cross,probe_1_straight,normal,friction_vlow,d1_ep00001,d1_ep00067,19,0.95,0.0,2.2368362694978714,0.276086688041687,1.3645931482315063,0.04159511625766754,1.109122633934021,steady,0.0
cross,probe_1_straight,normal,friction_vlow,d1_ep00001,d1_ep00068,19,0.95,0.0,2.1841113045811653,0.298458993434906,1.411475419998169,0.04498762637376785,0.858378529548645,steady,0.0
cross,probe_1_straight,normal,friction_vlow,d1_ep00001,d1_ep00069,19,0.95,0.0,2.7951517086476088,0.37558069825172424,2.0881869792938232,0.024577198550105095,0.6136136651039124,steady,0.0
cross,probe_1_straight,normal,friction_vlow,d1_ep00001,d1_ep00070,19,0.95,0.0,2.907099802978337,0.21687553822994232,2.116361618041992,0.01073059905320406,1.1262640953063965,steady,0.0
cross,probe_1_straight,normal,friction_vlow,d1_ep00002,d1_ep00064,19,0.95,0.0,2.766634479165077,0.3796241581439972,1.8764628171920776,0.042251214385032654,0.9365925788879395,steady,0.0
cross,probe_1_straight,normal,friction_vlow,d1_ep00002,d1_ep00065,19,0.95,0.0,3.210321703925729,0.5538784861564636,2.407879590988159,0.02156379260122776,0.45399966835975647,steady,0.0
cross,probe_1_straight,normal,friction_vlow,d1_ep00002,d1_ep00066,19,0.95,0.0,1.8162502963095903,0.41439089179039,0.9569092392921448,0.015756817534565926,0.8583866953849792,steady,0.0
cross,probe_1_straight,normal,friction_vlow,d1_ep00002,d1_ep00067,19,0.95,0.0,2.3662031162530184,0.36245739459991455,1.4695457220077515,0.025294529274106026,1.0178109407424927,steady,0.0
cross,probe_1_straight,normal,friction_vlow,d1_ep00002,d1_ep00067,119,5.95,0.0,1.7871676869690418,0.2550449073314667,1.015472650527954,0.013067472726106644,1.0071653127670288,steady,0.0
cross,probe_1_straight,normal,friction_vlow,d1_ep00002,d1_ep00068,19,0.95,0.0,1.9413674175739288,0.38750404119491577,1.130764365196228,0.05648353695869446,0.7332309484481812,steady,0.0
cross,probe_1_straight,normal,friction_vlow,d1_ep00002,d1_ep00069,19,0.95,0.0,2.558580863289535,0.4574085772037506,1.8808908462524414,0.010783377103507519,0.418996125459671,steady,0.0
cross,probe_1_straight,normal,friction_vlow,d1_ep00002,d1_ep00070,19,0.95,0.0,3.1737668327987194,0.31409820914268494,2.3116726875305176,0.024233531206846237,1.0475248098373413,steady,0.0
cross,probe_1_straight,normal,friction_vlow,d1_ep00002,d1_ep00070,79,3.95,0.0,1.9133434183895588,0.20570698380470276,1.414575457572937,0.046470481902360916,0.4931809902191162,steady,0.0
cross,probe_1_straight,normal,friction_vlow,d1_ep00003,d1_ep00064,19,0.95,0.0,2.246737014502287,0.41025853157043457,1.3843101263046265,0.03312648460268974,0.8380837440490723,steady,0.0
cross,probe_1_straight,normal,friction_vlow,d1_ep00003,d1_ep00065,19,0.95,0.0,3.798964036628604,0.570591926574707,2.919245958328247,0.024930013343691826,0.568392276763916,steady,0.0
cross,probe_1_straight,normal,friction_vlow,d1_ep00003,d1_ep00067,19,0.95,0.0,1.9568798914551735,0.3936775028705597,1.0584315061569214,0.039013512432575226,0.9315147399902344,steady,0.0
cross,probe_1_straight,normal,friction_vlow,d1_ep00003,d1_ep00068,19,0.95,0.0,2.3925035260617733,0.4087582230567932,1.6708581447601318,0.04448273405432701,0.5368088483810425,steady,0.0
cross,probe_1_straight,normal,friction_vlow,d1_ep00003,d1_ep00069,19,0.95,0.0,3.074207032099366,0.4760257303714752,2.3462295532226562,0.023249397054314613,0.4574047029018402,steady,0.0
cross,probe_1_straight,normal,friction_vlow,d1_ep00003,d1_ep00070,19,0.95,0.0,2.6652346113696694,0.3456117510795593,1.8353147506713867,0.010736958123743534,0.9471423029899597,steady,0.0
cross,probe_1_straight,normal,friction_vlow,d1_ep00004,d1_ep00064,19,0.95,0.0,2.329300280660391,0.3508870303630829,1.4999628067016602,0.008909519761800766,0.9390818476676941,steady,0.0
cross,probe_1_straight,normal,friction_vlow,d1_ep00004,d1_ep00065,19,0.95,0.0,3.5859091579914093,0.5162143111228943,2.7856369018554688,0.026295781135559082,0.5155243277549744,steady,0.0
cross,probe_1_straight,normal,friction_vlow,d1_ep00004,d1_ep00067,19,0.95,0.0,2.089168380945921,0.3323248624801636,1.1785688400268555,0.057465147227048874,1.041619062423706,steady,0.0
cross,probe_1_straight,normal,friction_vlow,d1_ep00004,d1_ep00068,19,0.95,0.0,2.261074546724558,0.34927529096603394,1.5323423147201538,0.05037698522210121,0.6581599116325378,steady,0.0
cross,probe_1_straight,normal,friction_vlow,d1_ep00004,d1_ep00069,19,0.95,0.0,2.84869447350502,0.4205125868320465,2.2124876976013184,0.03835703432559967,0.3546743094921112,steady,0.0
cross,probe_1_straight,normal,friction_vlow,d1_ep00004,d1_ep00070,19,0.95,0.0,2.801806705072522,0.2803567349910736,1.9635493755340576,0.023582326248288155,1.0686365365982056,steady,0.0
cross,probe_1_straight,normal,friction_vlow,d1_ep00005,d1_ep00064,19,0.95,0.0,2.6672430261969566,0.24114026129245758,1.8798454999923706,0.0222708061337471,1.0479729175567627,steady,0.0
cross,probe_1_straight,normal,friction_vlow,d1_ep00005,d1_ep00065,19,0.95,0.0,3.098353306762874,0.4267885982990265,2.3763134479522705,0.015624265186488628,0.559253990650177,steady,0.0
cross,probe_1_straight,normal,friction_vlow,d1_ep00005,d1_ep00066,19,0.95,0.0,1.7631802707910538,0.28504645824432373,0.9492580890655518,0.03333427011966705,0.9910829067230225,steady,0.0
cross,probe_1_straight,normal,friction_vlow,d1_ep00005,d1_ep00067,19,0.95,0.0,2.3458528593182564,0.22274985909461975,1.5217236280441284,0.04316911846399307,1.1164205074310303,steady,0.0
cross,probe_1_straight,normal,friction_vlow,d1_ep00005,d1_ep00068,19,0.95,0.0,1.8197989240288734,0.25622648000717163,1.0854730606079102,0.052605487406253815,0.8509877920150757,steady,0.0
cross,probe_1_straight,normal,friction_vlow,d1_ep00005,d1_ep00069,19,0.95,0.0,2.459080098196864,0.3287791311740875,1.8292757272720337,0.024172542616724968,0.5537053942680359,steady,0.0
cross,probe_1_straight,normal,friction_vlow,d1_ep00005,d1_ep00070,19,0.95,0.0,3.107780558988452,0.17445357143878937,2.3452041149139404,0.01930185966193676,1.1376420259475708,steady,0.0
cross,probe_1_straight,normal,friction_vlow,d1_ep00006,d1_ep00064,19,0.95,0.0,2.4914452396333218,0.2867682874202728,1.6439255475997925,0.02623775228857994,1.069027304649353,steady,0.0
cross,probe_1_straight,normal,friction_vlow,d1_ep00006,d1_ep00065,19,0.95,0.0,3.409568033181131,0.46327969431877136,2.632538080215454,0.011781773529946804,0.6039369702339172,steady,0.0
cross,probe_1_straight,normal,friction_vlow,d1_ep00006,d1_ep00067,19,0.95,0.0,2.258942611515522,0.26664668321609497,1.388069748878479,0.0387117937207222,1.1310287714004517,steady,0.0
cross,probe_1_straight,normal,friction_vlow,d1_ep00006,d1_ep00068,19,0.95,0.0,2.158539790660143,0.29169949889183044,1.3673585653305054,0.05597822740674019,0.8870069980621338,steady,0.0
cross,probe_1_straight,normal,friction_vlow,d1_ep00006,d1_ep00069,19,0.95,0.0,2.739059431478381,0.36631718277931213,2.0478038787841797,0.01954681985080242,0.6107831001281738,steady,0.0
cross,probe_1_straight,normal,friction_vlow,d1_ep00006,d1_ep00070,19,0.95,0.0,2.9607654847204685,0.21238327026367188,2.1492056846618652,0.021979931741952896,1.154393196105957,steady,0.0
cross,probe_1_straight,normal,friction_vlow,d1_ep00007,d1_ep00064,19,0.95,0.0,2.290930602699518,0.2630307376384735,1.7716385126113892,0.016493458300828934,0.4795357882976532,steady,0.0
cross,probe_1_straight,normal,friction_vlow,d1_ep00007,d1_ep00065,19,0.95,0.0,3.481933598406613,0.4311383366584778,2.481945753097534,0.014747981913387775,1.1082030534744263,steady,0.0
cross,probe_1_straight,normal,friction_vlow,d1_ep00007,d1_ep00067,19,0.95,0.0,2.0173176303505898,0.24293258786201477,1.491300106048584,0.04930917173624039,0.4675515294075012,steady,0.0
cross,probe_1_straight,normal,friction_vlow,d1_ep00007,d1_ep00067,119,5.95,0.0,1.9307681042701006,0.3207513689994812,1.0888550281524658,0.021619589999318123,0.9990842342376709,steady,0.0
cross,probe_1_straight,normal,friction_vlow,d1_ep00007,d1_ep00068,19,0.95,0.0,1.8909028507769108,0.2604655921459198,1.1683796644210815,0.06045940890908241,0.803196370601654,steady,0.0
cross,probe_1_straight,normal,friction_vlow,d1_ep00007,d1_ep00069,19,0.95,0.0,2.8333447240293026,0.334595263004303,1.916548252105713,0.03004935011267662,1.1043037176132202,steady,0.0
cross,probe_1_straight,normal,friction_vlow,d1_ep00007,d1_ep00070,19,0.95,0.0,2.778310613706708,0.18846039474010468,2.2773935794830322,0.02908972091972828,0.5667338371276855,steady,0.0
cross,probe_1_straight,normal,friction_vlow,d1_ep00007,d1_ep00070,79,3.95,0.0,1.9067823141813278,0.11322861909866333,1.355104684829712,0.010432854294776917,0.8560323119163513,steady,0.0
cross,probe_2_accel_decel,normal,friction_vlow,d0_ep00033,d1_ep00073,19,0.95,0.0,1.8736134245991707,0.16170164942741394,1.294415831565857,0.06951955705881119,0.6959527730941772,transition,0.29999998211860657
cross,probe_2_accel_decel,normal,friction_vlow,d0_ep00033,d1_ep00074,19,0.95,0.0,2.1175428591668606,0.17750078439712524,1.650882601737976,0.02855050191283226,0.521217942237854,transition,0.29999998211860657
cross,probe_2_accel_decel,normal,friction_vlow,d0_ep00033,d1_ep00075,99,4.95,0.0,2.0433280244469643,0.2939089238643646,1.1228948831558228,0.10567236691713333,1.041703701019287,transition,0.5
cross,probe_2_accel_decel,normal,friction_vlow,d0_ep00033,d1_ep00076,99,4.95,0.0,2.53302463889122,0.2792668342590332,1.6347453594207764,0.10163477063179016,1.0347553491592407,transition,0.5
cross,probe_2_accel_decel,normal,friction_vlow,d0_ep00033,d1_ep00077,99,4.95,0.0,1.9112634509801865,0.24280083179473877,1.069169044494629,0.09517888724803925,1.008229374885559,transition,0.5
cross,probe_2_accel_decel,normal,friction_vlow,d0_ep00033,d1_ep00078,39,1.95,0.0,2.194563982076943,0.07816354930400848,1.865931749343872,0.013129484839737415,0.4746783971786499,steady,0.0
cross,probe_2_accel_decel,normal,friction_vlow,d0_ep00033,d1_ep00079,19,0.95,0.0,2.0436061397194862,0.19439701735973358,1.4820200204849243,0.07065107673406601,0.5930760502815247,transition,0.29999998211860657
cross,probe_2_accel_decel,normal,friction_vlow,d0_ep00033,d1_ep00079,99,4.95,0.0,1.834652841091156,0.21337729692459106,1.0542123317718506,0.09102889895439148,0.9520686268806458,transition,0.5
cross,probe_2_accel_decel,normal,friction_vlow,d0_ep00034,d1_ep00073,19,0.95,0.0,1.9631500709801912,0.031101224943995476,1.5624496936798096,0.053653646260499954,0.6318910121917725,transition,0.29999998211860657
cross,probe_2_accel_decel,normal,friction_vlow,d0_ep00034,d1_ep00074,19,0.95,0.0,1.8188525848090649,0.0978134274482727,1.3514376878738403,0.04567752406001091,0.6478478908538818,transition,0.29999998211860657
cross,probe_2_accel_decel,normal,friction_vlow,d0_ep00034,d1_ep00075,19,0.95,0.0,1.7793571390211582,0.11945248395204544,1.1773622035980225,0.05412432178854942,0.8568362593650818,transition,0.29999998211860657
cross,probe_2_accel_decel,normal,friction_vlow,d0_ep00034,d1_ep00075,79,3.95,0.0,1.8213820792734623,0.2049960494041443,1.302408218383789,0.04762798920273781,0.5326996445655823,steady,0.0
cross,probe_2_accel_decel,normal,friction_vlow,d0_ep00034,d1_ep00075,99,4.95,0.0,1.9242836087942123,0.27629080414772034,1.0375957489013672,0.10566486418247223,1.0094643831253052,transition,0.5
cross,probe_2_accel_decel,normal,friction_vlow,d0_ep00034,d1_ep00076,99,4.95,0.0,2.2644365951418877,0.2688598334789276,1.3957988023757935,0.10220848768949509,0.995138943195343,transition,0.5
cross,probe_2_accel_decel,normal,friction_vlow,d0_ep00034,d1_ep00077,79,3.95,0.0,1.8363139368593693,0.17058445513248444,1.4097235202789307,0.03537176921963692,0.4412683844566345,steady,0.0
cross,probe_2_accel_decel,normal,friction_vlow,d0_ep00034,d1_ep00077,99,4.95,0.0,1.7994014993309975,0.22670692205429077,0.991237461566925,0.0948488786816597,0.9732164740562439,transition,0.5
cross,probe_2_accel_decel,normal,friction_vlow,d0_ep00034,d1_ep00078,19,0.95,0.0,1.7972008995711803,0.12356817722320557,1.3270070552825928,0.04511256143450737,0.6030262112617493,transition,0.29999998211860657
cross,probe_2_accel_decel,normal,friction_vlow,d0_ep00034,d1_ep00078,39,1.95,0.0,1.8104012664407492,0.14873388409614563,1.4132167100906372,0.020634135231375694,0.4556330740451813,steady,0.0
cross,probe_2_accel_decel,normal,friction_vlow,d0_ep00035,d1_ep00073,19,0.95,0.0,2.0348238572478294,0.10036691278219223,1.6265512704849243,0.03156289458274841,0.552685558795929,transition,0.29999998211860657
cross,probe_2_accel_decel,normal,friction_vlow,d0_ep00035,d1_ep00074,19,0.95,0.0,1.9093477446585894,0.1423613429069519,1.2894505262374878,0.026882322505116463,0.9013071060180664,transition,0.29999998211860657
cross,probe_2_accel_decel,normal,friction_vlow,d0_ep00035,d1_ep00075,99,4.95,0.0,2.2271602004766464,0.3012063205242157,1.3650784492492676,0.09652800858020782,0.9286948442459106,transition,0.5
cross,probe_2_accel_decel,normal,friction_vlow,d0_ep00035,d1_ep00076,99,4.95,0.0,2.84557331353426,0.2832074463367462,1.9969710111618042,0.09653464704751968,0.9377204179763794,transition,0.5
cross,probe_2_accel_decel,normal,friction_vlow,d0_ep00035,d1_ep00077,99,4.95,0.0,2.1319493800401688,0.25393566489219666,1.3436195850372314,0.08480678498744965,0.899174690246582,transition,0.5
cross,probe_2_accel_decel,normal,friction_vlow,d0_ep00035,d1_ep00078,39,1.95,0.0,1.8381261341273785,0.13438047468662262,1.4689302444458008,0.02190813049674034,0.42581456899642944,steady,0.0
cross,probe_2_accel_decel,normal,friction_vlow,d0_ep00035,d1_ep00078,99,4.95,0.0,1.8947604969143867,0.25153642892837524,1.1547107696533203,0.07285238057374954,0.8313218355178833,transition,0.5
cross,probe_2_accel_decel,normal,friction_vlow,d0_ep00035,d1_ep00079,99,4.95,0.0,2.123645558953285,0.22105175256729126,1.388847827911377,0.08504398167133331,0.8574039936065674,transition,0.5
cross,probe_2_accel_decel,normal,friction_vlow,d1_ep00008,d1_ep00074,19,0.95,0.0,2.2844479540362954,0.10854493081569672,1.9631682634353638,0.009129242040216923,0.407211035490036,transition,0.29999998211860657
cross,probe_2_accel_decel,normal,friction_vlow,d1_ep00008,d1_ep00074,39,1.95,0.0,1.8566285111010075,0.0874270424246788,1.5235416889190674,0.03425685688853264,0.4228058457374573,steady,0.0
cross,probe_2_accel_decel,normal,friction_vlow,d1_ep00008,d1_ep00075,99,4.95,0.0,1.905141368508339,0.34658175706863403,0.9440793395042419,0.11465699970722198,0.9996465444564819,transition,0.5
cross,probe_2_accel_decel,normal,friction_vlow,d1_ep00008,d1_ep00076,99,4.95,0.0,2.311366692185402,0.3325030505657196,1.3777925968170166,0.10736314952373505,0.9874157905578613,transition,0.5
cross,probe_2_accel_decel,normal,friction_vlow,d1_ep00008,d1_ep00077,99,4.95,0.0,1.7874344810843468,0.2913020849227905,0.8983638882637024,0.1071443185210228,0.9812483787536621,transition,0.5
cross,probe_2_accel_decel,normal,friction_vlow,d1_ep00008,d1_ep00078,39,1.95,0.0,2.5048317927867174,0.11495515704154968,2.0869762897491455,0.010018469765782356,0.5857637524604797,steady,0.0
cross,probe_2_accel_decel,normal,friction_vlow,d1_ep00008,d1_ep00079,19,0.95,0.0,2.173586953431368,0.10512325167655945,1.7954407930374146,0.03889528289437294,0.46825525164604187,transition,0.29999998211860657
cross,probe_2_accel_decel,normal,friction_vlow,d1_ep00009,d1_ep00074,19,0.95,0.0,2.2661380246281624,0.18859699368476868,1.6318254470825195,0.021431781351566315,0.8485676050186157,transition,0.29999998211860657
cross,probe_2_accel_decel,normal,friction_vlow,d1_ep00009,d1_ep00075,99,4.95,0.0,2.342428080737591,0.3538733124732971,1.3317115306854248,0.10963600128889084,1.094414472579956,transition,0.5
cross,probe_2_accel_decel,normal,friction_vlow,d1_ep00009,d1_ep00076,99,4.95,0.0,2.7256517559289932,0.3399287462234497,1.7414162158966064,0.1038331538438797,1.0809472799301147,transition,0.5
cross,probe_2_accel_decel,normal,friction_vlow,d1_ep00009,d1_ep00077,99,4.95,0.0,2.2024742141366005,0.29145166277885437,1.2756906747817993,0.10046560317277908,1.0697325468063354,transition,0.5
cross,probe_2_accel_decel,normal,friction_vlow,d1_ep00009,d1_ep00078,39,1.95,0.0,1.7623465871438384,0.15052664279937744,1.2254003286361694,0.015426418744027615,0.7419863939285278,steady,0.0
cross,probe_2_accel_decel,normal,friction_vlow,d1_ep00009,d1_ep00078,99,4.95,0.0,1.7784861102700233,0.30313095450401306,0.9274071455001831,0.08295092731714249,0.9299941658973694,transition,0.5
cross,probe_2_accel_decel,normal,friction_vlow,d1_ep00009,d1_ep00079,19,0.95,0.0,2.1027917452156544,0.1726861149072647,1.4769257307052612,0.03694174066185951,0.8324763178825378,transition,0.29999998211860657
cross,probe_2_accel_decel,normal,friction_vlow,d1_ep00009,d1_ep00079,99,4.95,0.0,2.0788065418601036,0.26289597153663635,1.2158666849136353,0.09448754042387009,1.0111126899719238,transition,0.5
cross,probe_2_accel_decel,normal,friction_vlow,d1_ep00010,d1_ep00072,139,6.95,0.0,1.7941366760060191,0.10382753610610962,1.353440761566162,0.012968036346137524,0.6478006839752197,transition,0.4000000059604645
cross,probe_2_accel_decel,normal,friction_vlow,d1_ep00010,d1_ep00073,19,0.95,0.0,2.0995886884629726,0.07397501915693283,1.6621414422988892,0.03038603439927101,0.6661723852157593,transition,0.29999998211860657
cross,probe_2_accel_decel,normal,friction_vlow,d1_ep00010,d1_ep00073,139,6.95,0.0,2.0035619772970676,0.05620132386684418,1.575819492340088,0.021602589637041092,0.699877142906189,transition,0.4000000059604645
cross,probe_2_accel_decel,normal,friction_vlow,d1_ep00010,d1_ep00074,19,0.95,0.0,1.8597899749875069,0.11499131470918655,1.2528170347213745,0.04272940754890442,0.8985044360160828,transition,0.29999998211860657
cross,probe_2_accel_decel,normal,friction_vlow,d1_ep00010,d1_ep00075,99,4.95,0.0,2.149439461529255,0.3187476396560669,1.1528537273406982,0.11380500346422195,1.1280661821365356,transition,0.5
cross,probe_2_accel_decel,normal,friction_vlow,d1_ep00010,d1_ep00076,99,4.95,0.0,2.530963435769081,0.3008654713630676,1.5477924346923828,0.11009736359119415,1.144416332244873,transition,0.5
cross,probe_2_accel_decel,normal,friction_vlow,d1_ep00010,d1_ep00077,99,4.95,0.0,2.026834584772587,0.25985783338546753,1.108852744102478,0.10309997946023941,1.1100480556488037,transition,0.5
cross,probe_2_accel_decel,normal,friction_vlow,d1_ep00010,d1_ep00078,19,0.95,0.0,1.8961802087724209,0.10351986438035965,1.4504286050796509,0.035550136119127274,0.6133632063865662,transition,0.29999998211860657
cross,probe_2_accel_decel,normal,friction_vlow,d1_ep00010,d1_ep00079,99,4.95,0.0,1.887116052210331,0.22663050889968872,1.0290409326553345,0.09933445602655411,1.0642203092575073,transition,0.5
cross,probe_2_accel_decel,normal,friction_vlow,d1_ep00011,d1_ep00074,19,0.95,0.0,2.450546108186245,0.13724975287914276,1.8234341144561768,0.04180631786584854,0.8961118459701538,transition,0.29999998211860657
cross,probe_2_accel_decel,normal,friction_vlow,d1_ep00011,d1_ep00075,99,4.95,0.0,2.2333347871899605,0.3069232702255249,1.2918179035186768,0.10719127207994461,1.0548046827316284,transition,0.5
cross,probe_2_accel_decel,normal,friction_vlow,d1_ep00011,d1_ep00076,99,4.95,0.0,2.6071867644786835,0.2962358891963959,1.6970057487487793,0.10056591033935547,1.0267584323883057,transition,0.5
cross,probe_2_accel_decel,normal,friction_vlow,d1_ep00011,d1_ep00077,99,4.95,0.0,2.11381097137928,0.2503628134727478,1.2514533996582031,0.09888483583927155,1.0262198448181152,transition,0.5
cross,probe_2_accel_decel,normal,friction_vlow,d1_ep00011,d1_ep00078,39,1.95,0.0,1.7543497635051608,0.1515018194913864,1.3836170434951782,0.011498655192553997,0.41546449065208435,steady,0.0
cross,probe_2_accel_decel,normal,friction_vlow,d1_ep00011,d1_ep00079,19,0.95,0.0,2.271505333483219,0.13763049244880676,1.6601732969284058,0.009882397949695587,0.9276382923126221,transition,0.29999998211860657
cross,probe_2_accel_decel,normal,friction_vlow,d1_ep00011,d1_ep00079,99,4.95,0.0,1.9805232658982277,0.22556981444358826,1.181792140007019,0.09206191450357437,0.962198793888092,transition,0.5
cross,probe_2_accel_decel,normal,friction_vlow,d1_ep00012,d1_ep00073,19,0.95,0.0,2.2040905468165874,0.06060357019305229,1.8998210430145264,0.05009046196937561,0.38715094327926636,transition,0.29999998211860657
cross,probe_2_accel_decel,normal,friction_vlow,d1_ep00012,d1_ep00073,139,6.95,0.0,1.7519704876467586,0.07302259653806686,1.3921045064926147,0.011572803370654583,0.5505411624908447,transition,0.4000000059604645
cross,probe_2_accel_decel,normal,friction_vlow,d1_ep00012,d1_ep00073,159,7.95,0.0,1.7584133483469486,0.05677657574415207,1.3751932382583618,0.038117509335279465,0.5766520500183105,steady,0.0
cross,probe_2_accel_decel,normal,friction_vlow,d1_ep00012,d1_ep00075,19,0.95,0.0,1.9736117795109749,0.1650320291519165,1.5288366079330444,0.04134374111890793,0.47679880261421204,transition,0.29999998211860657
cross,probe_2_accel_decel,normal,friction_vlow,d1_ep00012,d1_ep00075,99,4.95,0.0,2.0218949541449547,0.29289281368255615,1.117992639541626,0.10215123742818832,1.0177165269851685,transition,0.5
cross,probe_2_accel_decel,normal,friction_vlow,d1_ep00012,d1_ep00076,99,4.95,0.0,2.587298795580864,0.2825896441936493,1.7035222053527832,0.09623034298419952,1.0099132061004639,transition,0.5
cross,probe_2_accel_decel,normal,friction_vlow,d1_ep00012,d1_ep00077,19,0.95,0.0,1.7529073469340801,0.06022558733820915,1.3771355152130127,0.06318923830986023,0.5047140121459961,transition,0.29999998211860657
cross,probe_2_accel_decel,normal,friction_vlow,d1_ep00012,d1_ep00077,99,4.95,0.0,1.914816953241825,0.2451358288526535,1.0789613723754883,0.09313147515058517,0.9951765537261963,transition,0.5
cross,probe_2_accel_decel,normal,friction_vlow,d1_ep00012,d1_ep00078,19,0.95,0.0,2.0889637880027294,0.16842247545719147,1.7173107862472534,0.03315353021025658,0.3401539921760559,transition,0.29999998211860657
cross,probe_2_accel_decel,normal,friction_vlow,d1_ep00012,d1_ep00078,39,1.95,0.0,1.7788466699421406,0.08271750807762146,1.4585752487182617,0.0295964814722538,0.4159148633480072,steady,0.0
cross,probe_2_accel_decel,normal,friction_vlow,d1_ep00012,d1_ep00079,99,4.95,0.0,1.873166024684906,0.22105984389781952,1.0990041494369507,0.08698995411396027,0.9322241544723511,transition,0.5
cross,probe_2_accel_decel,normal,friction_vlow,d1_ep00013,d1_ep00073,19,0.95,0.0,2.0979990027844906,0.07775820791721344,1.6439440250396729,0.055007319897413254,0.6425788998603821,transition,0.29999998211860657
cross,probe_2_accel_decel,normal,friction_vlow,d1_ep00013,d1_ep00075,19,0.95,0.0,1.9178718216717243,0.1836838722229004,1.2645455598831177,0.041798729449510574,0.8556873202323914,transition,0.29999998211860657
cross,probe_2_accel_decel,normal,friction_vlow,d1_ep00013,d1_ep00075,99,4.95,0.0,2.0723590925335884,0.2832152247428894,1.2150483131408691,0.08850333839654922,0.9711844325065613,transition,0.5
cross,probe_2_accel_decel,normal,friction_vlow,d1_ep00013,d1_ep00076,99,4.95,0.0,2.632229872047901,0.2759067714214325,1.7752889394760132,0.08985332399606705,0.9823616743087769,transition,0.5
cross,probe_2_accel_decel,normal,friction_vlow,d1_ep00013,d1_ep00077,79,3.95,0.0,1.8561401888728142,0.17536255717277527,1.2277435064315796,0.03701474517583847,0.8320387601852417,steady,0.0
cross,probe_2_accel_decel,normal,friction_vlow,d1_ep00013,d1_ep00077,99,4.95,0.0,1.9379693195223808,0.22797326743602753,1.166723370552063,0.07686112076044083,0.932823121547699,transition,0.5
cross,probe_2_accel_decel,normal,friction_vlow,d1_ep00013,d1_ep00078,19,0.95,0.0,1.9600848890841007,0.18446648120880127,1.437423586845398,0.034604642540216446,0.6071803569793701,transition,0.29999998211860657
cross,probe_2_accel_decel,normal,friction_vlow,d1_ep00013,d1_ep00078,39,1.95,0.0,1.7855431456118822,0.145308256149292,1.3454358577728271,0.028974266722798347,0.5316495299339294,steady,0.0
cross,probe_2_accel_decel,normal,friction_vlow,d1_ep00013,d1_ep00079,99,4.95,0.0,1.9173694103956223,0.20772799849510193,1.1803526878356934,0.07859091460704803,0.9013956189155579,transition,0.5
cross,probe_2_accel_decel,normal,friction_vlow,d1_ep00014,d1_ep00072,139,6.95,0.0,1.8501907987520099,0.1431005895137787,1.3739665746688843,0.011800001375377178,0.6426472663879395,transition,0.4000000059604645
cross,probe_2_accel_decel,normal,friction_vlow,d1_ep00014,d1_ep00073,139,6.95,0.0,2.076944287866354,0.10182005912065506,1.6005325317382812,0.02849452570080757,0.6921943426132202,transition,0.4000000059604645
cross,probe_2_accel_decel,normal,friction_vlow,d1_ep00014,d1_ep00074,19,0.95,0.0,2.4274924881756306,0.1433783918619156,2.0509278774261475,0.036986056715250015,0.392400324344635,transition,0.29999998211860657
cross,probe_2_accel_decel,normal,friction_vlow,d1_ep00014,d1_ep00075,99,4.95,0.0,2.2848304957151413,0.30655649304389954,1.288244605064392,0.12346179783344269,1.133135199546814,transition,0.5
cross,probe_2_accel_decel,normal,friction_vlow,d1_ep00014,d1_ep00076,99,4.95,0.0,2.8618743270635605,0.2960585951805115,1.8735073804855347,0.12043224275112152,1.1437522172927856,transition,0.5
cross,probe_2_accel_decel,normal,friction_vlow,d1_ep00014,d1_ep00077,99,4.95,0.0,2.164160802960396,0.25110945105552673,1.2403690814971924,0.11240951716899872,1.120545506477356,transition,0.5
cross,probe_2_accel_decel,normal,friction_vlow,d1_ep00014,d1_ep00078,99,4.95,0.0,1.8954417631030083,0.2579290568828583,1.0460776090621948,0.0965893492102623,0.9896914958953857,transition,0.5
cross,probe_2_accel_decel,normal,friction_vlow,d1_ep00014,d1_ep00079,19,0.95,0.0,2.3609654903411865,0.1443110853433609,1.884712815284729,0.06792427599430084,0.5280346274375916,transition,0.29999998211860657
cross,probe_2_accel_decel,normal,friction_vlow,d1_ep00014,d1_ep00079,99,4.95,0.0,2.1391283571720123,0.22654208540916443,1.2710424661636353,0.10939466953277588,1.0642982721328735,transition,0.5
cross,probe_2_accel_decel,normal,friction_vlow,d1_ep00015,d1_ep00073,19,0.95,0.0,1.776330977678299,0.08891309797763824,1.4101364612579346,0.03234291076660156,0.48987701535224915,transition,0.29999998211860657
cross,probe_2_accel_decel,normal,friction_vlow,d1_ep00015,d1_ep00074,19,0.95,0.0,1.9366772174835205,0.1450747549533844,1.543482780456543,0.015146970748901367,0.46594542264938354,transition,0.29999998211860657
cross,probe_2_accel_decel,normal,friction_vlow,d1_ep00015,d1_ep00075,99,4.95,0.0,1.9269961342215538,0.28167223930358887,1.0924230813980103,0.1052185520529747,0.89536452293396,transition,0.5
cross,probe_2_accel_decel,normal,friction_vlow,d1_ep00015,d1_ep00076,99,4.95,0.0,2.2766568437218666,0.26955175399780273,1.4434683322906494,0.10467950254678726,0.9179145097732544,transition,0.5
cross,probe_2_accel_decel,normal,friction_vlow,d1_ep00015,d1_ep00077,99,4.95,0.0,1.767918974161148,0.23117096722126007,1.0117403268814087,0.09353141486644745,0.8629525303840637,transition,0.5
cross,probe_2_accel_decel,normal,friction_vlow,d1_ep00015,d1_ep00078,39,1.95,0.0,2.080179963260889,0.1546046882867813,1.5395750999450684,0.04335339739918709,0.6852935552597046,steady,0.0
cross,probe_2_accel_decel,normal,friction_vlow,d1_ep00015,d1_ep00079,19,0.95,0.0,1.7949427403509617,0.11516527086496353,1.374908685684204,0.03074106201529503,0.548255443572998,transition,0.29999998211860657
cross,probe_3_turn,normal,friction_vlow,d0_ep00392,d1_ep00080,19,0.95,0.0,1.7784949764609337,0.24159526824951172,1.1464358568191528,0.08024709671735764,0.620433509349823,steady,0.0
cross,probe_3_turn,normal,friction_vlow,d0_ep00392,d1_ep00082,59,2.95,0.0,1.9960725847631693,0.1735098958015442,1.4450165033340454,0.025867903605103493,0.7033565640449524,steady,0.0
cross,probe_3_turn,normal,friction_vlow,d0_ep00392,d1_ep00083,19,0.95,0.0,2.007501356303692,0.24583256244659424,1.321002721786499,0.10185255855321884,0.6776270270347595,steady,0.0
cross,probe_3_turn,normal,friction_vlow,d0_ep00392,d1_ep00083,39,1.95,0.0,2.4025927633047104,0.12332527339458466,1.8243227005004883,0.05509868264198303,0.7996922135353088,transition,1.399999976158142
cross,probe_3_turn,normal,friction_vlow,d0_ep00392,d1_ep00084,19,0.95,0.0,2.5022710859775543,0.2353857159614563,1.8941620588302612,0.06606927514076233,0.6133080720901489,steady,0.0
cross,probe_3_turn,normal,friction_vlow,d0_ep00392,d1_ep00084,39,1.95,0.0,2.0561504550278187,0.15816016495227814,1.5337196588516235,0.013026360422372818,0.7024885416030884,transition,1.399999976158142
cross,probe_3_turn,normal,friction_vlow,d0_ep00392,d1_ep00085,19,0.95,0.0,2.4821382761001587,0.20046882331371307,1.9964419603347778,0.031395360827445984,0.5076642632484436,steady,0.0
cross,probe_3_turn,normal,friction_vlow,d0_ep00392,d1_ep00086,19,0.95,0.0,2.3484085462987423,0.19702939689159393,1.8252289295196533,0.0516609363257885,0.5489785671234131,steady,0.0
cross,probe_3_turn,normal,friction_vlow,d0_ep00392,d1_ep00087,39,1.95,0.0,2.347013309597969,0.14617712795734406,1.6857599020004272,0.01926124095916748,0.9916300773620605,transition,1.399999976158142
cross,probe_3_turn,normal,friction_vlow,d0_ep00392,d1_ep00087,59,2.95,0.0,1.8795266970992088,0.23050165176391602,1.3205734491348267,0.014101468026638031,0.6287002563476562,steady,0.0
cross,probe_3_turn,normal,friction_vlow,d0_ep00393,d1_ep00080,19,0.95,0.0,1.815016694366932,0.08656775951385498,1.2585986852645874,0.0946730449795723,0.7503544092178345,steady,0.0
cross,probe_3_turn,normal,friction_vlow,d0_ep00393,d1_ep00082,39,1.95,0.0,1.8168656416237354,0.11926010251045227,1.4019416570663452,0.021365422755479813,0.5485969185829163,transition,1.399999976158142
cross,probe_3_turn,normal,friction_vlow,d0_ep00393,d1_ep00082,59,2.95,0.0,2.2665590085089207,0.21432994306087494,1.5558826923370361,0.02841861918568611,0.935855507850647,steady,0.0
cross,probe_3_turn,normal,friction_vlow,d0_ep00393,d1_ep00083,19,0.95,0.0,1.904049776494503,0.1088862344622612,1.3017446994781494,0.11465707421302795,0.7575235366821289,steady,0.0
cross,probe_3_turn,normal,friction_vlow,d0_ep00393,d1_ep00083,39,1.95,0.0,2.3836249858140945,0.16439542174339294,1.7609795331954956,0.054788991808891296,0.8069220781326294,transition,1.399999976158142
cross,probe_3_turn,normal,friction_vlow,d0_ep00393,d1_ep00084,19,0.95,0.0,2.4461180716753006,0.0783466026186943,1.9211310148239136,0.07734032720327377,0.7386002540588379,steady,0.0
cross,probe_3_turn,normal,friction_vlow,d0_ep00393,d1_ep00084,39,1.95,0.0,2.142076320014894,0.2006358653306961,1.51882004737854,0.011321893893182278,0.8225970268249512,transition,1.399999976158142
cross,probe_3_turn,normal,friction_vlow,d0_ep00393,d1_ep00084,59,2.95,0.0,2.041083913296461,0.19571217894554138,1.2975733280181885,0.04110337421298027,1.013390064239502,steady,0.0
cross,probe_3_turn,normal,friction_vlow,d0_ep00393,d1_ep00085,19,0.95,0.0,2.504605807363987,0.12114127725362778,2.0327858924865723,0.05026264488697052,0.6008319854736328,steady,0.0
cross,probe_3_turn,normal,friction_vlow,d0_ep00393,d1_ep00086,19,0.95,0.0,2.4043006747961044,0.1322718858718872,1.859336018562317,0.06541062891483307,0.6945642828941345,steady,0.0
cross,probe_3_turn,normal,friction_vlow,d0_ep00393,d1_ep00086,59,2.95,0.0,1.864461712539196,0.2074381560087204,1.0635511875152588,0.04489827901124954,1.0971481800079346,steady,0.0
cross,probe_3_turn,normal,friction_vlow,d0_ep00393,d1_ep00087,39,1.95,0.0,2.3559464626014233,0.1867537796497345,1.6369144916534424,0.018227409571409225,1.0281015634536743,transition,1.399999976158142
cross,probe_3_turn,normal,friction_vlow,d0_ep00393,d1_ep00087,59,2.95,0.0,2.0325790252536535,0.22357171773910522,1.4224525690078735,0.025126954540610313,0.7228555679321289,steady,0.0
cross,probe_3_turn,normal,friction_vlow,d0_ep00393,d1_ep00087,79,3.95,0.0,1.8264210522174835,0.1286405771970749,1.2212343215942383,0.046781644225120544,0.8595290184020996,steady,0.0
cross,probe_3_turn,normal,friction_vlow,d0_ep00394,d1_ep00080,19,0.95,0.0,2.1295937225222588,0.2711601257324219,1.4260400533676147,0.08848195523023605,0.6878231763839722,steady,0.0
cross,probe_3_turn,normal,friction_vlow,d0_ep00394,d1_ep00082,39,1.95,0.0,1.8841626439243555,0.06107862666249275,1.5996103286743164,0.02259797416627407,0.40175142884254456,transition,1.399999976158142
cross,probe_3_turn,normal,friction_vlow,d0_ep00394,d1_ep00083,19,0.95,0.0,2.3718709647655487,0.27647915482521057,1.6061058044433594,0.11069867014884949,0.7571746706962585,steady,0.0
cross,probe_3_turn,normal,friction_vlow,d0_ep00394,d1_ep00083,39,1.95,0.0,2.0623181238770485,0.0813305452466011,1.522897481918335,0.050432026386260986,0.8153161406517029,transition,1.399999976158142
cross,probe_3_turn,normal,friction_vlow,d0_ep00394,d1_ep00083,59,2.95,0.0,1.806337408721447,0.18088079988956451,1.4297267198562622,0.016877733170986176,0.3577043116092682,steady,0.0
cross,probe_3_turn,normal,friction_vlow,d0_ep00394,d1_ep00084,19,0.95,0.0,2.81746181845665,0.2746669352054596,2.1260790824890137,0.07660886645317078,0.6802138686180115,steady,0.0
cross,probe_3_turn,normal,friction_vlow,d0_ep00394,d1_ep00085,19,0.95,0.0,2.7580020762979984,0.23398303985595703,2.2343361377716064,0.03872901573777199,0.5019077658653259,steady,0.0
cross,probe_3_turn,normal,friction_vlow,d0_ep00394,d1_ep00086,19,0.95,0.0,2.6430371291935444,0.22668300569057465,2.048346519470215,0.06139514222741127,0.6132249236106873,steady,0.0
cross,probe_3_turn,normal,friction_vlow,d0_ep00394,d1_ep00087,39,1.95,0.0,1.9869627077132463,0.09129967540502548,1.3754938840866089,0.016023704782128334,1.0082908868789673,transition,1.399999976158142
cross,probe_3_turn,normal,friction_vlow,d0_ep00404,d1_ep00081,19,0.95,0.0,1.8095765337347984,0.2514360845088959,1.0555098056793213,0.07080575078725815,0.8636497855186462,steady,0.0
cross,probe_3_turn,normal,friction_vlow,d0_ep00404,d1_ep00082,39,1.95,0.0,2.0688865818083286,0.1481812596321106,1.449097752571106,0.020471159368753433,0.9022728204727173,transition,1.399999976158142
cross,probe_3_turn,normal,friction_vlow,d0_ep00404,d1_ep00082,59,2.95,0.0,2.4548209607601166,0.19289442896842957,1.864869236946106,0.03683692216873169,0.7204407453536987,steady,0.0
cross,probe_3_turn,normal,friction_vlow,d0_ep00404,d1_ep00083,19,0.95,0.0,1.8806355372071266,0.2608759105205536,1.0572328567504883,0.09444142132997513,0.9361706972122192,steady,0.0
cross,probe_3_turn,normal,friction_vlow,d0_ep00404,d1_ep00083,39,1.95,0.0,2.218343634158373,0.20128071308135986,1.6778302192687988,0.05385126546025276,0.5707628726959229,transition,1.399999976158142
cross,probe_3_turn,normal,friction_vlow,d0_ep00404,d1_ep00083,119,5.95,0.0,1.8029545322060585,0.26629820466041565,1.1272648572921753,0.04699603468179703,0.7247908711433411,steady,0.0
cross,probe_3_turn,normal,friction_vlow,d0_ep00404,d1_ep00084,19,0.95,0.0,2.4835667684674263,0.24180452525615692,1.7198072671890259,0.05993878096342087,0.9240323901176453,steady,0.0
cross,probe_3_turn,normal,friction_vlow,d0_ep00404,d1_ep00084,39,1.95,0.0,2.054331250488758,0.2188819944858551,1.4679046869277954,0.01173681765794754,0.7116155028343201,transition,1.399999976158142
cross,probe_3_turn,normal,friction_vlow,d0_ep00404,d1_ep00084,59,2.95,0.0,2.173691015690565,0.184439554810524,1.6060032844543457,0.02056911215186119,0.7253581285476685,steady,0.0
cross,probe_3_turn,normal,friction_vlow,d0_ep00404,d1_ep00084,119,5.95,0.0,2.0163253396749496,0.2824321389198303,1.4727814197540283,0.033442750573158264,0.4553380608558655,steady,0.0
cross,probe_3_turn,normal,friction_vlow,d0_ep00404,d1_ep00085,19,0.95,0.0,2.5090867690742016,0.22040927410125732,1.8208767175674438,0.022668611258268356,0.8902643322944641,steady,0.0
cross,probe_3_turn,normal,friction_vlow,d0_ep00404,d1_ep00086,19,0.95,0.0,2.367269165813923,0.2205001711845398,1.6632987260818481,0.04479748755693436,0.8773455619812012,steady,0.0
cross,probe_3_turn,normal,friction_vlow,d0_ep00404,d1_ep00086,59,2.95,0.0,1.7783292438834906,0.17420481145381927,1.361127495765686,0.013707747682929039,0.4585783779621124,steady,0.0
cross,probe_3_turn,normal,friction_vlow,d0_ep00404,d1_ep00087,39,1.95,0.0,2.010687865316868,0.2229011356830597,1.5452426671981812,0.01789640635251999,0.449295312166214,transition,1.399999976158142
cross,probe_3_turn,normal,friction_vlow,d0_ep00404,d1_ep00087,59,2.95,0.0,2.398995803669095,0.19903019070625305,1.7145200967788696,0.026322470977902412,0.9182460904121399,steady,0.0
cross,probe_3_turn,normal,friction_vlow,d0_ep00405,d1_ep00080,39,1.95,0.0,1.8282337728887796,0.19405010342597961,1.2307231426239014,0.012846672907471657,0.781227707862854,transition,1.399999976158142
cross,probe_3_turn,normal,friction_vlow,d0_ep00405,d1_ep00082,59,2.95,0.0,1.8412269661203027,0.19939762353897095,1.2968971729278564,0.014466197229921818,0.6609319448471069,steady,0.0
cross,probe_3_turn,normal,friction_vlow,d0_ep00405,d1_ep00083,19,0.95,0.0,1.9242905527353287,0.21818451583385468,1.2643789052963257,0.10741031169891357,0.6686336398124695,steady,0.0
cross,probe_3_turn,normal,friction_vlow,d0_ep00405,d1_ep00083,39,1.95,0.0,2.6650357358157635,0.16299626231193542,2.129056215286255,0.05686540529131889,0.6322357058525085,transition,1.399999976158142
cross,probe_3_turn,normal,friction_vlow,d0_ep00405,d1_ep00083,59,2.95,0.0,1.9272844232618809,0.26091063022613525,1.4538934230804443,0.020490217953920364,0.38398030400276184,steady,0.0
cross,probe_3_turn,normal,friction_vlow,d0_ep00405,d1_ep00084,19,0.95,0.0,2.3246883526444435,0.21161963045597076,1.7531076669692993,0.07322754710912704,0.5734670162200928,steady,0.0
cross,probe_3_turn,normal,friction_vlow,d0_ep00405,d1_ep00084,39,1.95,0.0,2.3513463977724314,0.20716920495033264,1.860352873802185,0.014727050438523293,0.5381945371627808,transition,1.399999976158142
cross,probe_3_turn,normal,friction_vlow,d0_ep00405,d1_ep00085,19,0.95,0.0,2.280117843300104,0.17555585503578186,1.8594794273376465,0.03544509783387184,0.4192749261856079,steady,0.0
cross,probe_3_turn,normal,friction_vlow,d0_ep00405,d1_ep00085,59,2.95,0.0,1.7725129909813404,0.30383768677711487,1.2550065517425537,0.018989671021699905,0.38935816287994385,steady,0.0
cross,probe_3_turn,normal,friction_vlow,d0_ep00405,d1_ep00086,19,0.95,0.0,2.1596993021667004,0.1700996309518814,1.6756243705749512,0.05803072080016136,0.5118891596794128,steady,0.0
cross,probe_3_turn,normal,friction_vlow,d0_ep00405,d1_ep00087,39,1.95,0.0,2.5391149781644344,0.18666760623455048,1.9937597513198853,0.02110801264643669,0.675159215927124,transition,1.399999976158142
cross,probe_3_turn,normal,friction_vlow,d0_ep00406,d1_ep00081,19,0.95,0.0,1.7551371827721596,0.20251944661140442,1.0893166065216064,0.07755670696496964,0.7714888453483582,steady,0.0
cross,probe_3_turn,normal,friction_vlow,d0_ep00406,d1_ep00082,39,1.95,0.0,2.0222358498722315,0.11708301305770874,1.5713908672332764,0.017704615369439125,0.6321147084236145,transition,1.399999976158142
cross,probe_3_turn,normal,friction_vlow,d0_ep00406,d1_ep00082,59,2.95,0.0,1.8079462479799986,0.16155381500720978,1.2498008012771606,0.012737570330500603,0.7677081227302551,steady,0.0
cross,probe_3_turn,normal,friction_vlow,d0_ep00406,d1_ep00083,39,1.95,0.0,1.938703764230013,0.182498037815094,1.5192933082580566,0.04803851619362831,0.3777478039264679,transition,1.399999976158142
cross,probe_3_turn,normal,friction_vlow,d0_ep00406,d1_ep00083,59,2.95,0.0,1.9006594121456146,0.21046896278858185,1.4730119705200195,0.018661081790924072,0.39703479409217834,steady,0.0
cross,probe_3_turn,normal,friction_vlow,d0_ep00406,d1_ep00084,19,0.95,0.0,2.170930363237858,0.20628583431243896,1.62357759475708,0.06574205309152603,0.5506497621536255,steady,0.0
cross,probe_3_turn,normal,friction_vlow,d0_ep00406,d1_ep00085,19,0.95,0.0,2.1132220402359962,0.16320638358592987,1.7315692901611328,0.029842384159564972,0.3772079646587372,steady,0.0
cross,probe_3_turn,normal,friction_vlow,d0_ep00406,d1_ep00085,59,2.95,0.0,1.7780853025615215,0.24643513560295105,1.2714593410491943,0.018471430987119675,0.48343878984451294,steady,0.0
cross,probe_3_turn,normal,friction_vlow,d0_ep00406,d1_ep00086,19,0.95,0.0,2.004396680742502,0.15535350143909454,1.5576019287109375,0.051005054265260696,0.48087239265441895,steady,0.0
cross,probe_3_turn,normal,friction_vlow,d0_ep00406,d1_ep00087,39,1.95,0.0,1.8106327559798956,0.19529587030410767,1.3682465553283691,0.011327659711241722,0.4715253412723541,transition,1.399999976158142
cross,probe_3_turn,normal,friction_vlow,d0_ep00416,d1_ep00082,39,1.95,0.0,2.066179816611111,0.25967299938201904,1.5654594898223877,0.014977832324802876,0.4521389901638031,transition,1.399999976158142
cross,probe_3_turn,normal,friction_vlow,d0_ep00416,d1_ep00082,59,2.95,0.0,1.8424347566906363,0.1828850954771042,1.2717721462249756,0.0035693126264959574,0.7684164047241211,steady,0.0
cross,probe_3_turn,normal,friction_vlow,d0_ep00416,d1_ep00083,39,1.95,0.0,2.1702004559338093,0.3171082139015198,1.557773470878601,0.0412154383957386,0.5082066655158997,transition,1.399999976158142
cross,probe_3_turn,normal,friction_vlow,d0_ep00416,d1_ep00083,59,2.95,0.0,1.9162698164582253,0.23400917649269104,1.4710068702697754,0.008570291101932526,0.4053669571876526,steady,0.0
cross,probe_3_turn,normal,friction_vlow,d0_ep00416,d1_ep00084,19,0.95,0.0,2.163784310221672,0.15484768152236938,1.6500264406204224,0.07607020437717438,0.5656799674034119,steady,0.0
cross,probe_3_turn,normal,friction_vlow,d0_ep00416,d1_ep00084,39,1.95,0.0,1.8905893079936504,0.3497839570045471,1.27212655544281,0.010011713951826096,0.5173341631889343,transition,1.399999976158142
cross,probe_3_turn,normal,friction_vlow,d0_ep00416,d1_ep00085,19,0.95,0.0,2.1266033947467804,0.10933660715818405,1.757888913154602,0.04614918678998947,0.42645737528800964,steady,0.0
cross,probe_3_turn,normal,friction_vlow,d0_ep00416,d1_ep00085,59,2.95,0.0,1.8361131735146046,0.27264678478240967,1.266640067100525,0.030349869281053543,0.5329529047012329,steady,0.0
cross,probe_3_turn,normal,friction_vlow,d0_ep00416,d1_ep00086,19,0.95,0.0,2.0030444636940956,0.10112886130809784,1.5828677415847778,0.06321664899587631,0.5116624236106873,steady,0.0
cross,probe_3_turn,normal,friction_vlow,d0_ep00416,d1_ep00087,39,1.95,0.0,2.11517496034503,0.3375413119792938,1.4189646244049072,0.008829336613416672,0.6996793746948242,transition,1.399999976158142
cross,probe_3_turn,normal,friction_vlow,d0_ep00417,d1_ep00080,19,0.95,0.0,2.282170370221138,0.18651379644870758,1.4358739852905273,0.08190929889678955,1.155746579170227,steady,0.0
cross,probe_3_turn,normal,friction_vlow,d0_ep00417,d1_ep00082,59,2.95,0.0,1.9486939162015915,0.1273941546678543,1.4443750381469727,0.02071318030357361,0.7124230861663818,steady,0.0
cross,probe_3_turn,normal,friction_vlow,d0_ep00417,d1_ep00083,19,0.95,0.0,2.5194318741559982,0.1788681298494339,1.6679177284240723,0.10421064496040344,1.1368707418441772,steady,0.0
cross,probe_3_turn,normal,friction_vlow,d0_ep00417,d1_ep00083,39,1.95,0.0,2.3484918996691704,0.1863306313753128,1.7211816310882568,0.05821780115365982,0.7655236721038818,transition,1.399999976158142
cross,probe_3_turn,normal,friction_vlow,d0_ep00417,d1_ep00084,19,0.95,0.0,2.937633879482746,0.17683492600917816,2.116119623184204,0.07068344205617905,1.1479917764663696,steady,0.0
cross,probe_3_turn,normal,friction_vlow,d0_ep00417,d1_ep00084,39,1.95,0.0,1.9761089198291302,0.22167406976222992,1.4355244636535645,0.02922859415411949,0.5793635845184326,transition,1.399999976158142
cross,probe_3_turn,normal,friction_vlow,d0_ep00417,d1_ep00085,19,0.95,0.0,2.9649897180497646,0.13340827822685242,2.221508502960205,0.03229042515158653,1.1555650234222412,steady,0.0
cross,probe_3_turn,normal,friction_vlow,d0_ep00417,d1_ep00086,19,0.95,0.0,2.7645753026008606,0.1280086636543274,2.0325067043304443,0.05530083179473877,1.0975182056427002,steady,0.0
cross,probe_3_turn,normal,friction_vlow,d0_ep00417,d1_ep00087,39,1.95,0.0,2.255020149052143,0.19972270727157593,1.5714296102523804,0.031902022659778595,0.9039316177368164,transition,1.399999976158142
cross,probe_3_turn,normal,friction_vlow,d0_ep00417,d1_ep00087,59,2.95,0.0,1.8088175589218736,0.19292421638965607,1.253908395767212,0.011059709824621677,0.7018504738807678,steady,0.0
cross,probe_3_turn,normal,friction_vlow,d0_ep00417,d1_ep00087,79,3.95,0.0,1.82255432382226,0.09579929709434509,1.4134490489959717,0.04219457879662514,0.542222797870636,steady,0.0
cross,probe_3_turn,normal,friction_vlow,d0_ep00036,d1_ep00080,39,1.95,0.0,1.7719473633915186,0.09659731388092041,1.0729761123657227,0.02092222310602665,1.1629034280776978,transition,1.399999976158142
cross,probe_3_turn,normal,friction_vlow,d0_ep00036,d1_ep00081,19,0.95,0.0,2.12971580773592,0.25484320521354675,1.4130096435546875,0.08325839787721634,0.7572091221809387,steady,0.0
cross,probe_3_turn,normal,friction_vlow,d0_ep00036,d1_ep00082,19,0.95,0.0,2.1102383956313133,0.2489200383424759,1.3868112564086914,0.08627177029848099,0.7764706611633301,steady,0.0
cross,probe_3_turn,normal,friction_vlow,d0_ep00036,d1_ep00082,59,2.95,0.0,2.148217488080263,0.29553312063217163,1.393593192100525,0.0457146055996418,0.8267531394958496,steady,0.0
cross,probe_3_turn,normal,friction_vlow,d0_ep00036,d1_ep00083,39,1.95,0.0,2.5675863474607468,0.08107081055641174,1.97189462184906,0.06896241009235382,0.8913170099258423,transition,1.399999976158142
cross,probe_3_turn,normal,friction_vlow,d0_ep00036,d1_ep00083,59,2.95,0.0,2.1055997014045715,0.32739466428756714,1.299537181854248,0.051726698875427246,0.8538823127746582,steady,0.0
cross,probe_3_turn,normal,friction_vlow,d0_ep00036,d1_ep00084,19,0.95,0.0,2.1168335154652596,0.2520427703857422,1.4165444374084473,0.07543758302927017,0.7456174492835999,steady,0.0
cross,probe_3_turn,normal,friction_vlow,d0_ep00036,d1_ep00084,39,1.95,0.0,2.293553091585636,0.14527681469917297,1.7000755071640015,0.023804105818271637,0.8487933278083801,transition,1.399999976158142
cross,probe_3_turn,normal,friction_vlow,d0_ep00036,d1_ep00084,59,2.95,0.0,1.8836658475920558,0.2925955057144165,1.136142373085022,0.013269978575408459,0.8833159804344177,steady,0.0
cross,probe_3_turn,normal,friction_vlow,d0_ep00036,d1_ep00085,19,0.95,0.0,2.0893978029489517,0.2158811092376709,1.5113939046859741,0.03643549978733063,0.6513745784759521,steady,0.0
cross,probe_3_turn,normal,friction_vlow,d0_ep00036,d1_ep00085,59,2.95,0.0,1.911749366670847,0.34994831681251526,1.099242091178894,0.015626046806573868,0.8938658237457275,steady,0.0
cross,probe_3_turn,normal,friction_vlow,d0_ep00036,d1_ep00086,19,0.95,0.0,1.9848250485956669,0.21190081536769867,1.3711968660354614,0.05983554199337959,0.6837836503982544,steady,0.0
cross,probe_3_turn,normal,friction_vlow,d0_ep00036,d1_ep00087,39,1.95,0.0,2.496162787079811,0.09755352139472961,1.8203884363174438,0.032001838088035583,1.092437982559204,transition,1.399999976158142
cross,probe_3_turn,normal,friction_vlow,d0_ep00036,d1_ep00087,59,2.95,0.0,1.9991870541125536,0.3207414746284485,1.2253040075302124,0.028951527550816536,0.8483800888061523,steady,0.0
cross,probe_3_turn,normal,friction_vlow,d0_ep00037,d1_ep00080,19,0.95,0.0,1.8110134303569794,0.17971350252628326,1.2771999835968018,0.08490954339504242,0.5383808016777039,steady,0.0
cross,probe_3_turn,normal,friction_vlow,d0_ep00037,d1_ep00082,39,1.95,0.0,2.209870982915163,0.1670863777399063,1.6425869464874268,0.008129749447107315,0.7841358184814453,transition,1.399999976158142
cross,probe_3_turn,normal,friction_vlow,d0_ep00037,d1_ep00082,59,2.95,0.0,2.3174907620996237,0.09221118688583374,1.8940790891647339,0.023988371714949608,0.6144242286682129,steady,0.0
cross,probe_3_turn,normal,friction_vlow,d0_ep00037,d1_ep00083,19,0.95,0.0,1.8331664949655533,0.18167570233345032,1.2692724466323853,0.10693584382534027,0.5505650043487549,steady,0.0
cross,probe_3_turn,normal,friction_vlow,d0_ep00037,d1_ep00083,39,1.95,0.0,1.9428238682448864,0.2410135567188263,1.4666764736175537,0.04134100303053856,0.38758566975593567,transition,1.399999976158142
cross,probe_3_turn,normal,friction_vlow,d0_ep00037,d1_ep00084,19,0.95,0.0,2.5173696875572205,0.17118848860263824,2.0129847526550293,0.07214389741420746,0.5221050977706909,steady,0.0
cross,probe_3_turn,normal,friction_vlow,d0_ep00037,d1_ep00084,59,2.95,0.0,2.0243137571960688,0.08280346542596817,1.6217997074127197,0.017342301085591316,0.6047365665435791,steady,0.0
cross,probe_3_turn,normal,friction_vlow,d0_ep00037,d1_ep00085,19,0.95,0.0,2.5262170396745205,0.13716565072536469,2.1135222911834717,0.03517518565058708,0.4807078242301941,steady,0.0
cross,probe_3_turn,normal,friction_vlow,d0_ep00037,d1_ep00086,19,0.95,0.0,2.3887514881789684,0.13482344150543213,1.9667611122131348,0.05717318877577782,0.45998749136924744,steady,0.0
cross,probe_3_turn,normal,friction_vlow,d0_ep00037,d1_ep00087,59,2.95,0.0,2.360095218755305,0.10951313376426697,1.830306053161621,0.010094867087900639,0.8203623294830322,steady,0.0
cross,probe_3_turn,normal,friction_vlow,d0_ep00038,d1_ep00080,19,0.95,0.0,2.1119503900408745,0.16356796026229858,1.5799275636672974,0.058772973716259,0.6193637847900391,steady,0.0
cross,probe_3_turn,normal,friction_vlow,d0_ep00038,d1_ep00081,59,2.95,0.0,1.7778551802039146,0.23166398704051971,1.145758032798767,0.06786847859621048,0.6651293635368347,steady,0.0
cross,probe_3_turn,normal,friction_vlow,d0_ep00038,d1_ep00082,59,2.95,0.0,2.7952056005597115,0.27069804072380066,2.1423161029815674,0.03522474318742752,0.6939334273338318,steady,0.0
cross,probe_3_turn,normal,friction_vlow,d0_ep00038,d1_ep00083,19,0.95,0.0,2.2455651313066483,0.16104593873023987,1.7102625370025635,0.08125115931034088,0.5860109925270081,steady,0.0
cross,probe_3_turn,normal,friction_vlow,d0_ep00038,d1_ep00083,39,1.95,0.0,2.5275122560560703,0.1602030247449875,2.158539295196533,0.03245397284626961,0.35263192653656006,transition,1.399999976158142
cross,probe_3_turn,normal,friction_vlow,d0_ep00038,d1_ep00084,19,0.95,0.0,2.8195531629025936,0.15292024612426758,2.319443702697754,0.05034535750746727,0.5936877131462097,steady,0.0
cross,probe_3_turn,normal,friction_vlow,d0_ep00038,d1_ep00084,39,1.95,0.0,2.3195259235799313,0.17659199237823486,1.9088306427001953,0.018342729657888412,0.43152111768722534,transition,1.399999976158142
cross,probe_3_turn,normal,friction_vlow,d0_ep00038,d1_ep00084,59,2.95,0.0,2.5425194445997477,0.2447708249092102,1.8730448484420776,0.029851669445633888,0.7897042036056519,steady,0.0
cross,probe_3_turn,normal,friction_vlow,d0_ep00038,d1_ep00085,19,0.95,0.0,2.8558080084621906,0.11683756113052368,2.4252567291259766,0.012160081416368484,0.6031072735786438,steady,0.0
cross,probe_3_turn,normal,friction_vlow,d0_ep00038,d1_ep00086,19,0.95,0.0,2.677168305963278,0.11438224464654922,2.2504379749298096,0.0347813256084919,0.5551335215568542,steady,0.0
cross,probe_3_turn,normal,friction_vlow,d0_ep00038,d1_ep00086,59,2.95,0.0,2.1431180089712143,0.22997866570949554,1.4593794345855713,0.042915552854537964,0.821688711643219,steady,0.0
cross,probe_3_turn,normal,friction_vlow,d0_ep00038,d1_ep00087,39,1.95,0.0,2.4053955078125,0.1699243038892746,1.998443841934204,0.012336879968643188,0.4493809640407562,transition,1.399999976158142
cross,probe_3_turn,normal,friction_vlow,d0_ep00038,d1_ep00087,59,2.95,0.0,2.634770894423127,0.23253512382507324,2.096892833709717,0.023746276274323463,0.5631933212280273,steady,0.0
cross,probe_3_turn,normal,friction_vlow,d1_ep00016,d1_ep00081,19,0.95,0.0,2.0299074202775955,0.07129570841789246,1.4454176425933838,0.07570700347423553,0.8749741315841675,steady,0.0
cross,probe_3_turn,normal,friction_vlow,d1_ep00016,d1_ep00082,19,0.95,0.0,1.9164868891239166,0.060926653444767,1.2864317893981934,0.08088784664869308,0.9764811992645264,steady,0.0
cross,probe_3_turn,normal,friction_vlow,d1_ep00016,d1_ep00082,39,1.95,0.0,2.188496610149741,0.1118118166923523,1.6112189292907715,0.019099881872534752,0.8927319645881653,transition,1.399999976158142
cross,probe_3_turn,normal,friction_vlow,d1_ep00016,d1_ep00082,59,2.95,0.0,2.007614202797413,0.12843510508537292,1.4762004613876343,0.021740473806858063,0.7624763250350952,steady,0.0
cross,probe_3_turn,normal,friction_vlow,d1_ep00016,d1_ep00083,39,1.95,0.0,1.99245273321867,0.1856282353401184,1.5310510396957397,0.03830526024103165,0.4749363958835602,transition,1.399999976158142
cross,probe_3_turn,normal,friction_vlow,d1_ep00016,d1_ep00084,19,0.95,0.0,1.7567726001143456,0.06268825381994247,1.3076893091201782,0.0629158616065979,0.6469583511352539,steady,0.0
cross,probe_3_turn,normal,friction_vlow,d1_ep00016,d1_ep00084,39,1.95,0.0,1.794247467070818,0.1884123682975769,1.3081178665161133,0.0288156159222126,0.5378032326698303,transition,1.399999976158142
cross,probe_3_turn,normal,friction_vlow,d1_ep00016,d1_ep00084,59,2.95,0.0,1.762789623811841,0.1362634003162384,1.2150765657424927,0.02108888514339924,0.7807215452194214,steady,0.0
cross,probe_3_turn,normal,friction_vlow,d1_ep00016,d1_ep00085,19,0.95,0.0,1.8363905735313892,0.09358355402946472,1.4140452146530151,0.02913539484143257,0.5992528200149536,steady,0.0
cross,probe_3_turn,normal,friction_vlow,d1_ep00016,d1_ep00087,39,1.95,0.0,1.8084470573812723,0.2001556009054184,1.383550763130188,0.024726415053009987,0.4000285565853119,transition,1.399999976158142
cross,probe_3_turn,normal,friction_vlow,d1_ep00016,d1_ep00087,59,2.95,0.0,1.8215814451687038,0.1727955937385559,1.3338720798492432,0.005780122708529234,0.618267297744751,steady,0.0
cross,probe_3_turn,normal,friction_vlow,d1_ep00017,d1_ep00080,39,1.95,0.0,2.0703381672501564,0.26450008153915405,1.2904306650161743,0.015985585749149323,0.9988436698913574,transition,1.399999976158142
cross,probe_3_turn,normal,friction_vlow,d1_ep00017,d1_ep00082,59,2.95,0.0,2.1800578702241182,0.28873181343078613,1.488850474357605,0.013317422941327095,0.7783163189888,steady,0.0
cross,probe_3_turn,normal,friction_vlow,d1_ep00017,d1_ep00083,39,1.95,0.0,2.822706926614046,0.21558690071105957,2.1835145950317383,0.04982661083340645,0.7475576400756836,transition,1.399999976158142
cross,probe_3_turn,normal,friction_vlow,d1_ep00017,d1_ep00083,59,2.95,0.0,1.8125590905547142,0.3067965507507324,1.1964532136917114,0.019304893910884857,0.580008864402771,steady,0.0
cross,probe_3_turn,normal,friction_vlow,d1_ep00017,d1_ep00084,19,0.95,0.0,2.164363406598568,0.2037973254919052,1.6498726606369019,0.06548108905553818,0.49042466282844543,steady,0.0
cross,probe_3_turn,normal,friction_vlow,d1_ep00017,d1_ep00084,39,1.95,0.0,2.535069426521659,0.2602982223033905,1.9167407751083374,0.015941491350531578,0.6841778755187988,transition,1.399999976158142
cross,probe_3_turn,normal,friction_vlow,d1_ep00017,d1_ep00084,59,2.95,0.0,1.9212519619613886,0.27904069423675537,1.2100446224212646,0.02750859595835209,0.809316098690033,steady,0.0
cross,probe_3_turn,normal,friction_vlow,d1_ep00017,d1_ep00085,19,0.95,0.0,2.13469947129488,0.17222653329372406,1.757644772529602,0.03205444663763046,0.3455474376678467,steady,0.0
cross,probe_3_turn,normal,friction_vlow,d1_ep00017,d1_ep00085,59,2.95,0.0,1.7789208870381117,0.3496856987476349,1.044453740119934,0.017995355650782585,0.7335721850395203,steady,0.0
cross,probe_3_turn,normal,friction_vlow,d1_ep00017,d1_ep00086,19,0.95,0.0,2.0262404419481754,0.16846226155757904,1.5889225006103516,0.05139796808362007,0.4349154233932495,steady,0.0
cross,probe_3_turn,normal,friction_vlow,d1_ep00017,d1_ep00087,39,1.95,0.0,2.7372304759919643,0.23622344434261322,2.0331740379333496,0.018281858414411545,0.8991022706031799,transition,1.399999976158142
cross,probe_3_turn,normal,friction_vlow,d1_ep00017,d1_ep00087,59,2.95,0.0,2.1243992070667446,0.3196999132633209,1.3938868045806885,0.003715477418154478,0.8141940236091614,steady,0.0
cross,probe_3_turn,normal,friction_vlow,d1_ep00018,d1_ep00080,39,1.95,0.0,1.9116676803678274,0.17019370198249817,1.2883458137512207,0.009028589352965355,0.8881991505622864,transition,1.399999976158142
cross,probe_3_turn,normal,friction_vlow,d1_ep00018,d1_ep00081,19,0.95,0.0,1.8823875114321709,0.2446216344833374,1.1063042879104614,0.09209468215703964,0.8787338137626648,steady,0.0
cross,probe_3_turn,normal,friction_vlow,d1_ep00018,d1_ep00082,59,2.95,0.0,2.028262462466955,0.24496601521968842,1.4621493816375732,0.023652147501707077,0.5949898362159729,steady,0.0
cross,probe_3_turn,normal,friction_vlow,d1_ep00018,d1_ep00083,19,0.95,0.0,2.0077618584036827,0.24650731682777405,1.2455544471740723,0.11586194485425949,0.7996762990951538,steady,0.0
cross,probe_3_turn,normal,friction_vlow,d1_ep00018,d1_ep00083,39,1.95,0.0,2.735413607209921,0.14927662909030914,2.2059237957000732,0.05715126916766167,0.6461238265037537,transition,1.399999976158142
cross,probe_3_turn,normal,friction_vlow,d1_ep00018,d1_ep00083,59,2.95,0.0,1.8331384230405092,0.2822471857070923,1.2543660402297974,0.02844853885471821,0.5361533164978027,steady,0.0
cross,probe_3_turn,normal,friction_vlow,d1_ep00018,d1_ep00084,19,0.95,0.0,2.3975596353411674,0.25025564432144165,1.7009656429290771,0.08245062083005905,0.7277754545211792,steady,0.0
cross,probe_3_turn,normal,friction_vlow,d1_ep00018,d1_ep00084,39,1.95,0.0,2.3936682995408773,0.19063639640808105,1.918009638786316,0.01175869069993496,0.5465271472930908,transition,1.399999976158142
cross,probe_3_turn,normal,friction_vlow,d1_ep00018,d1_ep00084,59,2.95,0.0,1.7607695534825325,0.24210591614246368,1.2019340991973877,0.019244395196437836,0.5949702858924866,steady,0.0
cross,probe_3_turn,normal,friction_vlow,d1_ep00018,d1_ep00085,19,0.95,0.0,2.30974205955863,0.20579028129577637,1.8127390146255493,0.04403216764330864,0.49436119198799133,steady,0.0
cross,probe_3_turn,normal,friction_vlow,d1_ep00018,d1_ep00086,19,0.95,0.0,2.213681608438492,0.19700214266777039,1.621732473373413,0.06708145141601562,0.6557310819625854,steady,0.0
cross,probe_3_turn,normal,friction_vlow,d1_ep00018,d1_ep00087,39,1.95,0.0,2.6441605295985937,0.172640860080719,2.0539023876190186,0.01992749236524105,0.7953795790672302,transition,1.399999976158142
cross,probe_3_turn,normal,friction_vlow,d1_ep00018,d1_ep00087,59,2.95,0.0,2.039729315787554,0.2823067903518677,1.3909342288970947,0.011725056916475296,0.7095264792442322,steady,0.0
cross,probe_3_turn,normal,friction_vlow,d1_ep00019,d1_ep00080,19,0.95,0.0,1.8910953924059868,0.24668385088443756,1.1427949666976929,0.11423856765031815,0.7747560143470764,steady,0.0
cross,probe_3_turn,normal,friction_vlow,d1_ep00019,d1_ep00082,39,1.95,0.0,1.8808330595493317,0.20088519155979156,1.3175266981124878,0.02472059428691864,0.6754011511802673,transition,1.399999976158142
cross,probe_3_turn,normal,friction_vlow,d1_ep00019,d1_ep00083,19,0.95,0.0,2.0963356643915176,0.25771552324295044,1.2823883295059204,0.1364351361989975,0.8395933508872986,steady,0.0
cross,probe_3_turn,normal,friction_vlow,d1_ep00019,d1_ep00083,39,1.95,0.0,2.3808263279497623,0.19661417603492737,1.8286868333816528,0.05393433943390846,0.6031819581985474,transition,1.399999976158142
cross,probe_3_turn,normal,friction_vlow,d1_ep00019,d1_ep00083,59,2.95,0.0,1.8687420953065157,0.1697211116552353,1.5218597650527954,0.013565333560109138,0.3271917700767517,steady,0.0
cross,probe_3_turn,normal,friction_vlow,d1_ep00019,d1_ep00084,19,0.95,0.0,2.576586715877056,0.2477162480354309,1.8458971977233887,0.10202430933713913,0.7618979215621948,steady,0.0
cross,probe_3_turn,normal,friction_vlow,d1_ep00019,d1_ep00084,39,1.95,0.0,2.204989595338702,0.2424706369638443,1.5950722694396973,0.02470904402434826,0.6854752898216248,transition,1.399999976158142
cross,probe_3_turn,normal,friction_vlow,d1_ep00019,d1_ep00085,19,0.95,0.0,2.49932948499918,0.21382389962673187,1.9555600881576538,0.0645085796713829,0.5308738350868225,steady,0.0
cross,probe_3_turn,normal,friction_vlow,d1_ep00019,d1_ep00086,19,0.95,0.0,2.4217202812433243,0.20941051840782166,1.7748379707336426,0.08699168264865875,0.7009602189064026,steady,0.0
cross,probe_3_turn,normal,friction_vlow,d1_ep00019,d1_ep00087,39,1.95,0.0,2.244082063436508,0.21892474591732025,1.702877163887024,0.02642790973186493,0.5917044878005981,transition,1.399999976158142
cross,probe_3_turn,normal,friction_vlow,d1_ep00020,d1_ep00081,19,0.95,0.0,1.7545252293348312,0.2189381867647171,1.0831409692764282,0.08099502325057983,0.7429021000862122,steady,0.0
cross,probe_3_turn,normal,friction_vlow,d1_ep00020,d1_ep00082,39,1.95,0.0,1.9758189786225557,0.16301566362380981,1.34284508228302,0.025824235752224922,0.888267993927002,transition,1.399999976158142
cross,probe_3_turn,normal,friction_vlow,d1_ep00020,d1_ep00083,19,0.95,0.0,1.8230547308921814,0.22126801311969757,1.0164164304733276,0.10461936891078949,0.9615018367767334,steady,0.0
cross,probe_3_turn,normal,friction_vlow,d1_ep00020,d1_ep00083,39,1.95,0.0,2.3885871544480324,0.22928854823112488,1.8169283866882324,0.057251520454883575,0.570237398147583,transition,1.399999976158142
cross,probe_3_turn,normal,friction_vlow,d1_ep00020,d1_ep00083,59,2.95,0.0,2.0101823769509792,0.1615443229675293,1.490777611732483,0.02810319885611534,0.6595144867897034,steady,0.0
cross,probe_3_turn,normal,friction_vlow,d1_ep00020,d1_ep00084,19,0.95,0.0,2.4607115760445595,0.2255866527557373,1.6740732192993164,0.07426268607378006,0.9735780358314514,steady,0.0
cross,probe_3_turn,normal,friction_vlow,d1_ep00020,d1_ep00084,39,1.95,0.0,2.1900151427835226,0.24390801787376404,1.582007646560669,0.02216321788728237,0.6838725209236145,transition,1.399999976158142
cross,probe_3_turn,normal,friction_vlow,d1_ep00020,d1_ep00085,19,0.95,0.0,2.4964542500674725,0.17677582800388336,1.776329517364502,0.03548216447234154,1.0157334804534912,steady,0.0
cross,probe_3_turn,normal,friction_vlow,d1_ep00020,d1_ep00085,59,2.95,0.0,1.89119575265795,0.18829317390918732,1.325453519821167,0.01362826768308878,0.7276415824890137,steady,0.0
cross,probe_3_turn,normal,friction_vlow,d1_ep00020,d1_ep00086,19,0.95,0.0,2.3079197369515896,0.1685115247964859,1.616883635520935,0.05866945907473564,0.927710235118866,steady,0.0
cross,probe_3_turn,normal,friction_vlow,d1_ep00020,d1_ep00087,39,1.95,0.0,2.1655909921973944,0.24853093922138214,1.6682124137878418,0.025914093479514122,0.4458670914173126,transition,1.399999976158142
cross,probe_3_turn,normal,friction_vlow,d1_ep00020,d1_ep00087,59,2.95,0.0,1.7656590230762959,0.1573793590068817,1.184817910194397,0.010914672166109085,0.8250941634178162,steady,0.0
cross,probe_3_turn,normal,friction_vlow,d1_ep00020,d1_ep00087,79,3.95,0.0,1.7593420334160328,0.15871287882328033,1.1321101188659668,0.04474351182579994,0.8475510478019714,steady,0.0
cross,probe_3_turn,normal,friction_vlow,d1_ep00021,d1_ep00081,19,0.95,0.0,1.8649576306343079,0.19096623361110687,1.208900809288025,0.06659390032291412,0.7969933748245239,steady,0.0
cross,probe_3_turn,normal,friction_vlow,d1_ep00021,d1_ep00081,99,4.95,0.0,1.7823740430176258,0.27261659502983093,1.0735604763031006,0.057729560881853104,0.7569348216056824,transition,0.699999988079071
cross,probe_3_turn,normal,friction_vlow,d1_ep00021,d1_ep00082,39,1.95,0.0,1.776175208389759,0.10312854498624802,1.4149069786071777,0.032863467931747437,0.45055243372917175,transition,1.399999976158142
cross,probe_3_turn,normal,friction_vlow,d1_ep00021,d1_ep00082,59,2.95,0.0,2.0457068644464016,0.19911055266857147,1.414183259010315,0.027266453951597214,0.8102931976318359,steady,0.0
cross,probe_3_turn,normal,friction_vlow,d1_ep00021,d1_ep00083,39,1.95,0.0,2.2831829749047756,0.1328267902135849,1.669526219367981,0.06182412430644035,0.8380116820335388,transition,1.399999976158142
cross,probe_3_turn,normal,friction_vlow,d1_ep00021,d1_ep00083,59,2.95,0.0,1.823174875229597,0.23786813020706177,1.2929106950759888,0.032683055847883224,0.5194259881973267,steady,0.0
cross,probe_3_turn,normal,friction_vlow,d1_ep00021,d1_ep00084,19,0.95,0.0,2.066690508276224,0.18553397059440613,1.5610464811325073,0.05394342914223671,0.532333254814148,steady,0.0
cross,probe_3_turn,normal,friction_vlow,d1_ep00021,d1_ep00084,39,1.95,0.0,1.9754081442952156,0.18540021777153015,1.3900429010391235,0.01940719038248062,0.7611156702041626,transition,1.399999976158142
cross,probe_3_turn,normal,friction_vlow,d1_ep00021,d1_ep00084,59,2.95,0.0,1.8152588345110416,0.19521097838878632,1.1616191864013672,0.03256284072995186,0.8517316579818726,steady,0.0
cross,probe_3_turn,normal,friction_vlow,d1_ep00021,d1_ep00084,119,5.95,0.0,1.7969446890056133,0.2600151300430298,1.1632064580917358,0.049820493906736374,0.6478052139282227,steady,0.0
cross,probe_3_turn,normal,friction_vlow,d1_ep00021,d1_ep00085,19,0.95,0.0,2.0832245275378227,0.15807439386844635,1.674102544784546,0.02057739347219467,0.4609403908252716,steady,0.0
cross,probe_3_turn,normal,friction_vlow,d1_ep00021,d1_ep00086,19,0.95,0.0,1.9387000240385532,0.1577351838350296,1.4930082559585571,0.0395813025534153,0.4967505633831024,steady,0.0
cross,probe_3_turn,normal,friction_vlow,d1_ep00021,d1_ep00087,39,1.95,0.0,2.2119772136211395,0.15129296481609344,1.5164930820465088,0.02644304931163788,1.0354962348937988,transition,1.399999976158142
cross,probe_3_turn,normal,friction_vlow,d1_ep00021,d1_ep00087,59,2.95,0.0,1.8791884388774633,0.24740903079509735,1.2680686712265015,0.0190278347581625,0.689365804195404,steady,0.0
cross,probe_3_turn,normal,friction_vlow,d1_ep00021,d1_ep00087,79,3.95,0.0,1.7510922029614449,0.1330251395702362,1.1578165292739868,0.03501246124505997,0.8504761457443237,steady,0.0
cross,probe_3_turn,normal,friction_vlow,d1_ep00022,d1_ep00081,19,0.95,0.0,1.7825215458869934,0.2308371216058731,1.1270778179168701,0.06802584230899811,0.7131615281105042,steady,0.0
cross,probe_3_turn,normal,friction_vlow,d1_ep00022,d1_ep00082,39,1.95,0.0,2.1373330391943455,0.03878176584839821,1.866480827331543,0.03342051804065704,0.3972998559474945,transition,1.399999976158142
cross,probe_3_turn,normal,friction_vlow,d1_ep00022,d1_ep00082,59,2.95,0.0,1.7926402315497398,0.1244608610868454,1.3576842546463013,0.031710244715213776,0.5575697422027588,steady,0.0
cross,probe_3_turn,normal,friction_vlow,d1_ep00022,d1_ep00083,19,0.95,0.0,1.7660446837544441,0.23398920893669128,1.1734236478805542,0.09132123738527298,0.5346211791038513,steady,0.0
cross,probe_3_turn,normal,friction_vlow,d1_ep00022,d1_ep00083,39,1.95,0.0,1.7772619165480137,0.0898701623082161,1.2177191972732544,0.056851085275411606,0.8256429433822632,transition,1.399999976158142
cross,probe_3_turn,normal,friction_vlow,d1_ep00022,d1_ep00083,59,2.95,0.0,1.9052357152104378,0.13870370388031006,1.4035899639129639,0.036616213619709015,0.6526516675949097,steady,0.0
cross,probe_3_turn,normal,friction_vlow,d1_ep00022,d1_ep00084,19,0.95,0.0,2.175467200577259,0.23461344838142395,1.6465142965316772,0.05559878796339035,0.47748133540153503,steady,0.0
cross,probe_3_turn,normal,friction_vlow,d1_ep00022,d1_ep00085,19,0.95,0.0,2.1249800827354193,0.19066497683525085,1.7577308416366577,0.02149108611047268,0.31018635630607605,steady,0.0
cross,probe_3_turn,normal,friction_vlow,d1_ep00022,d1_ep00085,59,2.95,0.0,1.8087737755849957,0.1720973402261734,1.2527273893356323,0.012273226864635944,0.7433516383171082,steady,0.0
cross,probe_3_turn,normal,friction_vlow,d1_ep00022,d1_ep00086,19,0.95,0.0,2.0046674348413944,0.18270713090896606,1.5690432786941528,0.04111625626683235,0.42360153794288635,steady,0.0
cross,probe_3_turn,normal,friction_vlow,d1_ep00022,d1_ep00087,59,2.95,0.0,1.9067785758525133,0.13919001817703247,1.3371905088424683,0.01783079095184803,0.8251345157623291,steady,0.0
cross,probe_3_turn,normal,friction_vlow,d1_ep00023,d1_ep00080,19,0.95,0.0,2.200307074934244,0.11603467911481857,1.6235853433609009,0.061901193112134933,0.7975717186927795,steady,0.0
cross,probe_3_turn,normal,friction_vlow,d1_ep00023,d1_ep00081,99,4.95,0.0,1.7871468663215637,0.19465503096580505,1.3672162294387817,0.04142506420612335,0.36770108342170715,transition,0.699999988079071
cross,probe_3_turn,normal,friction_vlow,d1_ep00023,d1_ep00082,39,1.95,0.0,1.9323646863922477,0.14667685329914093,1.3865618705749512,0.008670656941831112,0.7809106111526489,transition,1.399999976158142
cross,probe_3_turn,normal,friction_vlow,d1_ep00023,d1_ep00082,59,2.95,0.0,1.8952811490744352,0.26411890983581543,1.2769341468811035,0.026749445125460625,0.6549572944641113,steady,0.0
cross,probe_3_turn,normal,friction_vlow,d1_ep00023,d1_ep00083,19,0.95,0.0,2.2620711475610733,0.11796291172504425,1.6887327432632446,0.0825546383857727,0.7456417083740234,steady,0.0
cross,probe_3_turn,normal,friction_vlow,d1_ep00023,d1_ep00083,39,1.95,0.0,2.199201002717018,0.22076931595802307,1.7935633659362793,0.031835198402404785,0.30606624484062195,transition,1.399999976158142
cross,probe_3_turn,normal,friction_vlow,d1_ep00023,d1_ep00083,59,2.95,0.0,2.054974265396595,0.30378127098083496,1.3801331520080566,0.031361378729343414,0.67939692735672,steady,0.0
cross,probe_3_turn,normal,friction_vlow,d1_ep00023,d1_ep00084,19,0.95,0.0,2.886577844619751,0.10015120357275009,2.3603432178497314,0.045751191675662994,0.7606644630432129,steady,0.0
cross,probe_3_turn,normal,friction_vlow,d1_ep00023,d1_ep00084,39,1.95,0.0,2.050425812602043,0.21466480195522308,1.5581450462341309,0.015087246894836426,0.5250574350357056,transition,1.399999976158142
cross,probe_3_turn,normal,friction_vlow,d1_ep00023,d1_ep00085,19,0.95,0.0,2.9989543221890926,0.08777597546577454,2.4668149948120117,0.019564833492040634,0.8495970368385315,steady,0.0
cross,probe_3_turn,normal,friction_vlow,d1_ep00023,d1_ep00085,59,2.95,0.0,1.9132979223504663,0.32585981488227844,1.2062464952468872,0.014632881619036198,0.7331174612045288,steady,0.0
cross,probe_3_turn,normal,friction_vlow,d1_ep00023,d1_ep00086,19,0.95,0.0,2.7940479777753353,0.09286460280418396,2.299327850341797,0.03260907158255577,0.7384929060935974,steady,0.0
cross,probe_3_turn,normal,friction_vlow,d1_ep00023,d1_ep00087,39,1.95,0.0,2.1002331762574613,0.2317352294921875,1.642485499382019,0.007235953118652105,0.4375529885292053,transition,1.399999976158142
cross,probe_3_turn,normal,friction_vlow,d1_ep00023,d1_ep00087,59,2.95,0.0,1.8440300961956382,0.2944512367248535,1.1542295217514038,0.01483787503093481,0.7610229253768921,steady,0.0
cross,probe_4_lateral,normal,friction_vlow,d0_ep00395,d1_ep00088,79,3.95,0.0,2.645150274038315,0.6840686798095703,1.5202361345291138,0.15941107273101807,0.5628687739372253,steady,0.0
cross,probe_4_lateral,normal,friction_vlow,d0_ep00395,d1_ep00088,99,4.95,0.0,1.7813741266727448,0.3255888819694519,1.1733146905899048,0.08586674928665161,0.3932076096534729,transition,0.6000000238418579
cross,probe_4_lateral,normal,friction_vlow,d0_ep00395,d1_ep00089,79,3.95,0.0,2.574925735592842,0.6668955683708191,1.182783842086792,0.1835811883211136,1.0833302736282349,steady,0.0
cross,probe_4_lateral,normal,friction_vlow,d0_ep00395,d1_ep00090,79,3.95,0.0,2.5217612385749817,0.6710598468780518,1.1958084106445312,0.18165463209152222,0.9464766979217529,steady,0.0
cross,probe_4_lateral,normal,friction_vlow,d0_ep00395,d1_ep00091,79,3.95,0.0,2.8334696292877197,0.6726633310317993,1.7198597192764282,0.15434950590133667,0.573194146156311,steady,0.0
cross,probe_4_lateral,normal,friction_vlow,d0_ep00395,d1_ep00091,99,4.95,0.0,1.9960368946194649,0.31167933344841003,1.3870298862457275,0.10326331108808517,0.38812872767448425,transition,0.6000000238418579
cross,probe_4_lateral,normal,friction_vlow,d0_ep00395,d1_ep00092,79,3.95,0.0,2.421383962035179,0.6540964841842651,1.0999701023101807,0.1741361767053604,0.9863623976707458,steady,0.0
cross,probe_4_lateral,normal,friction_vlow,d0_ep00395,d1_ep00093,19,0.95,0.0,2.5038142949342728,0.28584176301956177,1.8582231998443604,0.11285251379013062,0.49379363656044006,steady,0.0
cross,probe_4_lateral,normal,friction_vlow,d0_ep00395,d1_ep00093,79,3.95,0.0,3.521396115422249,0.6478607058525085,2.4433934688568115,0.15997208654880524,0.5403397083282471,steady,0.0
cross,probe_4_lateral,normal,friction_vlow,d0_ep00395,d1_ep00093,99,4.95,0.0,2.0255124494433403,0.33788377046585083,1.3456323146820068,0.1069917306303978,0.4700092673301697,transition,0.6000000238418579
cross,probe_4_lateral,normal,friction_vlow,d0_ep00395,d1_ep00094,79,3.95,0.0,2.1751800030469894,0.6809535026550293,0.820049524307251,0.16453401744365692,1.0192859172821045,steady,0.0
cross,probe_4_lateral,normal,friction_vlow,d0_ep00395,d1_ep00094,99,4.95,0.0,1.8523923456668854,0.33301910758018494,1.0468868017196655,0.0706733763217926,0.8036261200904846,transition,0.6000000238418579
cross,probe_4_lateral,normal,friction_vlow,d0_ep00395,d1_ep00095,79,3.95,0.0,2.1377011090517044,0.7048877477645874,0.857929527759552,0.1716471165418625,0.806473433971405,steady,0.0
cross,probe_4_lateral,normal,friction_vlow,d0_ep00396,d1_ep00088,79,3.95,0.0,2.2931405156850815,0.6741750836372375,1.175866723060608,0.15989206731319427,0.5664132833480835,steady,0.0
cross,probe_4_lateral,normal,friction_vlow,d0_ep00396,d1_ep00089,19,0.95,0.0,1.870839849114418,0.27583783864974976,1.0627655982971191,0.13785453140735626,0.7887637615203857,steady,0.0
cross,probe_4_lateral,normal,friction_vlow,d0_ep00396,d1_ep00089,79,3.95,0.0,2.905741333961487,0.6549756526947021,1.4813528060913086,0.18255215883255005,1.173721432685852,steady,0.0
cross,probe_4_lateral,normal,friction_vlow,d0_ep00396,d1_ep00090,79,3.95,0.0,2.923040121793747,0.6617677807807922,1.5885741710662842,0.18179413676261902,0.981808066368103,steady,0.0
cross,probe_4_lateral,normal,friction_vlow,d0_ep00396,d1_ep00091,79,3.95,0.0,2.4660766571760178,0.6637802124023438,1.3597544431686401,0.15388216078281403,0.5773196816444397,steady,0.0
cross,probe_4_lateral,normal,friction_vlow,d0_ep00396,d1_ep00091,99,4.95,0.0,1.8645513728260994,0.2932949364185333,1.2679693698883057,0.08797148615121841,0.430631160736084,transition,0.6000000238418579
cross,probe_4_lateral,normal,friction_vlow,d0_ep00396,d1_ep00092,79,3.95,0.0,2.7628540992736816,0.6429328322410583,1.43178129196167,0.17397624254226685,1.028327465057373,steady,0.0
cross,probe_4_lateral,normal,friction_vlow,d0_ep00396,d1_ep00093,19,0.95,0.0,2.5351861864328384,0.24619060754776,1.7877635955810547,0.1242227703332901,0.7540184259414673,steady,0.0
cross,probe_4_lateral,normal,friction_vlow,d0_ep00396,d1_ep00093,79,3.95,0.0,3.1398714035749435,0.6380812525749207,2.0521559715270996,0.15846167504787445,0.5823450088500977,steady,0.0
cross,probe_4_lateral,normal,friction_vlow,d0_ep00396,d1_ep00093,99,4.95,0.0,1.7553567364811897,0.33330604434013367,1.0626572370529175,0.09296569973230362,0.5328555107116699,transition,0.6000000238418579
cross,probe_4_lateral,normal,friction_vlow,d0_ep00396,d1_ep00094,79,3.95,0.0,2.5166656970977783,0.6702276468276978,1.151533842086792,0.1651114821434021,1.059585452079773,steady,0.0
cross,probe_4_lateral,normal,friction_vlow,d0_ep00396,d1_ep00095,19,0.95,0.0,1.7865219414234161,0.29495733976364136,0.9156118035316467,0.1646856963634491,0.8225342035293579,steady,0.0
cross,probe_4_lateral,normal,friction_vlow,d0_ep00396,d1_ep00095,79,3.95,0.0,2.1800604462623596,0.6963235139846802,0.9052698612213135,0.17216259241104126,0.8126089572906494,steady,0.0
cross,probe_4_lateral,normal,friction_vlow,d0_ep00397,d1_ep00088,79,3.95,0.0,2.320546582341194,0.7028764486312866,0.9887460470199585,0.1674453765153885,0.9229574203491211,steady,0.0
cross,probe_4_lateral,normal,friction_vlow,d0_ep00397,d1_ep00089,79,3.95,0.0,3.2454785853624344,0.6870582103729248,1.7019538879394531,0.19103117287158966,1.3308706283569336,steady,0.0
cross,probe_4_lateral,normal,friction_vlow,d0_ep00397,d1_ep00089,99,4.95,0.0,1.8226669803261757,0.2773362696170807,1.1056150197982788,0.08194861561059952,0.7155341506004333,transition,0.6000000238418579
cross,probe_4_lateral,normal,friction_vlow,d0_ep00397,d1_ep00090,79,3.95,0.0,3.295197829604149,0.6895231008529663,1.7434301376342773,0.18957524001598358,1.3453387022018433,steady,0.0
cross,probe_4_lateral,normal,friction_vlow,d0_ep00397,d1_ep00091,19,0.95,0.0,1.965127095580101,0.3179836869239807,1.0347580909729004,0.10758142173290253,1.0096077919006348,steady,0.0
cross,probe_4_lateral,normal,friction_vlow,d0_ep00397,d1_ep00091,79,3.95,0.0,2.482511192560196,0.6925064921379089,1.1807478666305542,0.162042498588562,0.8944286704063416,steady,0.0
cross,probe_4_lateral,normal,friction_vlow,d0_ep00397,d1_ep00092,19,0.95,0.0,1.9925383403897285,0.33236685395240784,1.0860942602157593,0.11815116554498672,0.9118521213531494,steady,0.0
cross,probe_4_lateral,normal,friction_vlow,d0_ep00397,d1_ep00092,79,3.95,0.0,3.1772730350494385,0.6730524897575378,1.6335728168487549,0.1819494366645813,1.377396583557129,steady,0.0
cross,probe_4_lateral,normal,friction_vlow,d0_ep00397,d1_ep00093,19,0.95,0.0,2.315404638648033,0.2939407527446747,1.6681534051895142,0.11021503806114197,0.48619088530540466,steady,0.0
cross,probe_4_lateral,normal,friction_vlow,d0_ep00397,d1_ep00093,79,3.95,0.0,3.1023723781108856,0.6675469875335693,1.9000118970870972,0.16718971729278564,0.7352475523948669,steady,0.0
cross,probe_4_lateral,normal,friction_vlow,d0_ep00397,d1_ep00094,79,3.95,0.0,2.915319189429283,0.7013611197471619,1.3380861282348633,0.17259804904460907,1.4065477848052979,steady,0.0
cross,probe_4_lateral,normal,friction_vlow,d0_ep00397,d1_ep00095,79,3.95,0.0,2.263910472393036,0.7264537811279297,0.7686634659767151,0.17969179153442383,1.1782028675079346,steady,0.0
cross,probe_4_lateral,normal,friction_vlow,d0_ep00407,d1_ep00088,79,3.95,0.0,2.59667706489563,0.720493733882904,1.204429268836975,0.17973124980926514,0.9840456247329712,steady,0.0
cross,probe_4_lateral,normal,friction_vlow,d0_ep00407,d1_ep00088,119,5.95,0.0,1.8649313151836395,0.11974442005157471,1.4057824611663818,0.018691807985305786,0.6414252519607544,steady,0.0
cross,probe_4_lateral,normal,friction_vlow,d0_ep00407,d1_ep00089,79,3.95,0.0,3.167852610349655,0.7018924951553345,1.5795706510543823,0.20295169949531555,1.3668755292892456,steady,0.0
cross,probe_4_lateral,normal,friction_vlow,d0_ep00407,d1_ep00090,79,3.95,0.0,3.1453249603509903,0.7078686952590942,1.5338717699050903,0.2017970234155655,1.4035749435424805,steady,0.0
cross,probe_4_lateral,normal,friction_vlow,d0_ep00407,d1_ep00091,19,0.95,0.0,2.0549975782632828,0.26979196071624756,1.2229082584381104,0.12025897204875946,0.8840767741203308,steady,0.0
cross,probe_4_lateral,normal,friction_vlow,d0_ep00407,d1_ep00091,79,3.95,0.0,2.7703709304332733,0.7102010250091553,1.4107056856155396,0.17414787411689758,0.9506326913833618,steady,0.0
cross,probe_4_lateral,normal,friction_vlow,d0_ep00407,d1_ep00091,99,4.95,0.0,1.8146899044513702,0.23176755011081696,1.2034926414489746,0.10505269467830658,0.5487540364265442,transition,0.6000000238418579
cross,probe_4_lateral,normal,friction_vlow,d0_ep00407,d1_ep00092,19,0.95,0.0,2.0328554809093475,0.292418897151947,1.211986780166626,0.1310124397277832,0.7948747277259827,steady,0.0
cross,probe_4_lateral,normal,friction_vlow,d0_ep00407,d1_ep00092,79,3.95,0.0,3.0805504471063614,0.6894607543945312,1.478742241859436,0.19411654770374298,1.4364618062973022,steady,0.0
cross,probe_4_lateral,normal,friction_vlow,d0_ep00407,d1_ep00093,19,0.95,0.0,2.114099808037281,0.27725470066070557,1.4670426845550537,0.1229669377207756,0.4936709702014923,steady,0.0
cross,probe_4_lateral,normal,friction_vlow,d0_ep00407,d1_ep00093,79,3.95,0.0,3.41585773229599,0.6846181750297546,2.15739107131958,0.17895019054412842,0.7897965908050537,steady,0.0
cross,probe_4_lateral,normal,friction_vlow,d0_ep00407,d1_ep00094,59,2.95,0.0,1.7653598375618458,0.09054451435804367,1.2909209728240967,0.03353499993681908,0.7007187008857727,steady,0.0
cross,probe_4_lateral,normal,friction_vlow,d0_ep00407,d1_ep00094,79,3.95,0.0,2.804305002093315,0.7170969843864441,1.1689828634262085,0.18489329516887665,1.4666637182235718,steady,0.0
cross,probe_4_lateral,normal,friction_vlow,d0_ep00407,d1_ep00095,79,3.95,0.0,2.1348546147346497,0.7431091070175171,0.5802305340766907,0.19197583198547363,1.2390782833099365,steady,0.0
cross,probe_4_lateral,normal,friction_vlow,d0_ep00407,d1_ep00095,119,5.95,0.0,1.8418844975531101,0.11279570311307907,1.4086326360702515,0.021031808108091354,0.5988487005233765,steady,0.0
cross,probe_4_lateral,normal,friction_vlow,d0_ep00408,d1_ep00088,79,3.95,0.0,2.613615557551384,0.6854996085166931,1.4100536108016968,0.17410655319690704,0.6879115700721741,steady,0.0
cross,probe_4_lateral,normal,friction_vlow,d0_ep00408,d1_ep00088,119,5.95,0.0,1.9037882126867771,0.08326937258243561,1.476876974105835,0.026895631104707718,0.6334924697875977,steady,0.0
cross,probe_4_lateral,normal,friction_vlow,d0_ep00408,d1_ep00089,79,3.95,0.0,2.8842875957489014,0.6701960563659668,1.4056856632232666,0.197756826877594,1.221298098564148,steady,0.0
cross,probe_4_lateral,normal,friction_vlow,d0_ep00408,d1_ep00089,99,4.95,0.0,1.7908213883638382,0.2413402795791626,1.068296194076538,0.09657122194766998,0.7692273855209351,transition,0.6000000238418579
cross,probe_4_lateral,normal,friction_vlow,d0_ep00408,d1_ep00090,79,3.95,0.0,2.744725465774536,0.6719990968704224,1.318785548210144,0.19626009464263916,1.1153614521026611,steady,0.0
cross,probe_4_lateral,normal,friction_vlow,d0_ep00408,d1_ep00091,19,0.95,0.0,2.097615458071232,0.3665873408317566,1.1713634729385376,0.1097559705376625,0.8998173475265503,steady,0.0
cross,probe_4_lateral,normal,friction_vlow,d0_ep00408,d1_ep00091,79,3.95,0.0,2.7990014851093292,0.6743770241737366,1.6221641302108765,0.16877061128616333,0.6673794388771057,steady,0.0
cross,probe_4_lateral,normal,friction_vlow,d0_ep00408,d1_ep00092,19,0.95,0.0,1.9992474019527435,0.38060837984085083,1.0956494808197021,0.12008461356163025,0.8058098554611206,steady,0.0
cross,probe_4_lateral,normal,friction_vlow,d0_ep00408,d1_ep00092,79,3.95,0.0,2.7051833122968674,0.6562044620513916,1.28336763381958,0.1886575073003769,1.1539074182510376,steady,0.0
cross,probe_4_lateral,normal,friction_vlow,d0_ep00408,d1_ep00093,19,0.95,0.0,2.1899289190769196,0.3454415798187256,1.510198950767517,0.11160069704055786,0.44537538290023804,steady,0.0
cross,probe_4_lateral,normal,friction_vlow,d0_ep00408,d1_ep00093,79,3.95,0.0,3.5015440434217453,0.6498551964759827,2.3781144618988037,0.17390893399715424,0.5993309020996094,steady,0.0
cross,probe_4_lateral,normal,friction_vlow,d0_ep00408,d1_ep00094,79,3.95,0.0,2.4143693894147873,0.683867871761322,0.9604278802871704,0.17924682796001434,1.181653618812561,steady,0.0
cross,probe_4_lateral,normal,friction_vlow,d0_ep00408,d1_ep00094,99,4.95,0.0,1.8428879752755165,0.2580048143863678,1.0771342515945435,0.06434465199708939,0.8868085145950317,transition,0.6000000238418579
cross,probe_4_lateral,normal,friction_vlow,d0_ep00408,d1_ep00095,79,3.95,0.0,1.922291100025177,0.7076782584190369,0.5608139634132385,0.186344712972641,0.9349083304405212,steady,0.0
cross,probe_4_lateral,normal,friction_vlow,d0_ep00408,d1_ep00095,119,5.95,0.0,1.8781637288630009,0.0721878781914711,1.5038433074951172,0.011030878871679306,0.5822033286094666,steady,0.0
cross,probe_4_lateral,normal,friction_vlow,d0_ep00409,d1_ep00088,79,3.95,0.0,2.327302485704422,0.6994681358337402,0.9343472719192505,0.17467674612998962,1.0376206636428833,steady,0.0
cross,probe_4_lateral,normal,friction_vlow,d0_ep00409,d1_ep00088,99,4.95,0.0,2.4230350255966187,0.3024841248989105,1.5818309783935547,0.09170496463775635,0.8940299153327942,transition,0.6000000238418579
cross,probe_4_lateral,normal,friction_vlow,d0_ep00409,d1_ep00089,79,3.95,0.0,3.426619902253151,0.6816750168800354,1.8859610557556152,0.19826848804950714,1.3214306831359863,steady,0.0
cross,probe_4_lateral,normal,friction_vlow,d0_ep00409,d1_ep00090,79,3.95,0.0,3.4232936799526215,0.6866194605827332,1.825763463973999,0.1968182623386383,1.428184986114502,steady,0.0
cross,probe_4_lateral,normal,friction_vlow,d0_ep00409,d1_ep00091,19,0.95,0.0,1.803116261959076,0.3364354968070984,0.9625592827796936,0.11228978633880615,0.7836633920669556,steady,0.0
cross,probe_4_lateral,normal,friction_vlow,d0_ep00409,d1_ep00091,79,3.95,0.0,2.508654072880745,0.6884604096412659,1.1510041952133179,0.16930605471134186,0.9997668266296387,steady,0.0
cross,probe_4_lateral,normal,friction_vlow,d0_ep00409,d1_ep00091,99,4.95,0.0,2.6618801802396774,0.2877086102962494,1.8483158349990845,0.10960789024829865,0.8324956893920898,transition,0.6000000238418579
cross,probe_4_lateral,normal,friction_vlow,d0_ep00409,d1_ep00092,19,0.95,0.0,1.9018052369356155,0.35014286637306213,1.0749237537384033,0.1238480657339096,0.705781102180481,steady,0.0
cross,probe_4_lateral,normal,friction_vlow,d0_ep00409,d1_ep00092,79,3.95,0.0,3.3570891320705414,0.6690658926963806,1.7710716724395752,0.18920466303825378,1.4554938077926636,steady,0.0
cross,probe_4_lateral,normal,friction_vlow,d0_ep00409,d1_ep00093,19,0.95,0.0,2.4546056166291237,0.3083646893501282,1.7957035303115845,0.11769922822713852,0.46567633748054504,steady,0.0
cross,probe_4_lateral,normal,friction_vlow,d0_ep00409,d1_ep00093,79,3.95,0.0,3.1652704775333405,0.6633533239364624,1.9211384057998657,0.17439979314804077,0.8127579092979431,steady,0.0
cross,probe_4_lateral,normal,friction_vlow,d0_ep00409,d1_ep00093,99,4.95,0.0,2.29911819845438,0.31296658515930176,1.4251142740249634,0.11181003600358963,0.8984546065330505,transition,0.6000000238418579
cross,probe_4_lateral,normal,friction_vlow,d0_ep00409,d1_ep00094,79,3.95,0.0,3.0487264543771744,0.6961820721626282,1.4293240308761597,0.179820254445076,1.486800193786621,steady,0.0
cross,probe_4_lateral,normal,friction_vlow,d0_ep00409,d1_ep00095,79,3.95,0.0,1.9326125234365463,0.7208917737007141,0.3822348117828369,0.18691609799861908,1.2851396799087524,steady,0.0
cross,probe_4_lateral,normal,friction_vlow,d0_ep00409,d1_ep00095,99,4.95,0.0,1.9861837178468704,0.3314878046512604,1.1392590999603271,0.09514482319355011,0.8405839800834656,transition,0.6000000238418579
cross,probe_4_lateral,normal,friction_vlow,d0_ep00039,d1_ep00088,79,3.95,0.0,2.6507165729999542,0.6588410139083862,1.5790518522262573,0.16188299655914307,0.5018814206123352,steady,0.0
cross,probe_4_lateral,normal,friction_vlow,d0_ep00039,d1_ep00088,99,4.95,0.0,1.9466472417116165,0.2792023718357086,1.3032069206237793,0.10448731482028961,0.519501268863678,transition,0.6000000238418579
cross,probe_4_lateral,normal,friction_vlow,d0_ep00039,d1_ep00089,19,0.95,0.0,1.9725606441497803,0.2892836928367615,1.1658823490142822,0.12559092044830322,0.7836073637008667,steady,0.0
cross,probe_4_lateral,normal,friction_vlow,d0_ep00039,d1_ep00089,79,3.95,0.0,2.59204263985157,0.6450861692428589,1.2260836362838745,0.185784712433815,1.0701762437820435,steady,0.0
cross,probe_4_lateral,normal,friction_vlow,d0_ep00039,d1_ep00090,79,3.95,0.0,2.7389210015535355,0.6449463963508606,1.4774032831192017,0.18407313525676727,0.8649963736534119,steady,0.0
cross,probe_4_lateral,normal,friction_vlow,d0_ep00039,d1_ep00090,119,5.95,0.0,1.7890070574358106,0.09457075595855713,1.1057934761047363,0.01539634633809328,1.1464929580688477,steady,0.0
cross,probe_4_lateral,normal,friction_vlow,d0_ep00039,d1_ep00091,19,0.95,0.0,1.898275338113308,0.2678414285182953,1.293636679649353,0.108897365629673,0.45579972863197327,steady,0.0
cross,probe_4_lateral,normal,friction_vlow,d0_ep00039,d1_ep00091,79,3.95,0.0,2.809805706143379,0.6457000970840454,1.7352896928787231,0.15665845572948456,0.5443149209022522,steady,0.0
cross,probe_4_lateral,normal,friction_vlow,d0_ep00039,d1_ep00091,99,4.95,0.0,2.166420102119446,0.26758459210395813,1.5451997518539429,0.12092585861682892,0.46541979908943176,transition,0.6000000238418579
cross,probe_4_lateral,normal,friction_vlow,d0_ep00039,d1_ep00092,79,3.95,0.0,2.5094472467899323,0.6311430335044861,1.2478268146514893,0.17650294303894043,0.907948911190033,steady,0.0
cross,probe_4_lateral,normal,friction_vlow,d0_ep00039,d1_ep00092,119,5.95,0.0,2.025021869689226,0.08527929335832596,1.308025598526001,0.044350575655698776,1.1747328042984009,steady,0.0
cross,probe_4_lateral,normal,friction_vlow,d0_ep00039,d1_ep00093,19,0.95,0.0,2.272478647530079,0.2654339671134949,1.5192791223526,0.11189872771501541,0.751733660697937,steady,0.0
cross,probe_4_lateral,normal,friction_vlow,d0_ep00039,d1_ep00093,79,3.95,0.0,3.426021084189415,0.6225070357322693,2.3488752841949463,0.1620720773935318,0.5851333737373352,steady,0.0
cross,probe_4_lateral,normal,friction_vlow,d0_ep00039,d1_ep00093,99,4.95,0.0,2.054195925593376,0.29993683099746704,1.3761454820632935,0.12662295997142792,0.5029813051223755,transition,0.6000000238418579
cross,probe_4_lateral,normal,friction_vlow,d0_ep00039,d1_ep00094,79,3.95,0.0,2.3728894740343094,0.6569819450378418,1.0743894577026367,0.16702140867710114,0.9489933252334595,steady,0.0
cross,probe_4_lateral,normal,friction_vlow,d0_ep00039,d1_ep00094,119,5.95,0.0,2.045524237677455,0.09751509875059128,1.3357707262039185,0.025256400927901268,1.173964023590088,steady,0.0
cross,probe_4_lateral,normal,friction_vlow,d0_ep00039,d1_ep00095,19,0.95,0.0,2.0122822672128677,0.30289027094841003,1.1467339992523193,0.1527445763349533,0.8198268413543701,steady,0.0
cross,probe_4_lateral,normal,friction_vlow,d0_ep00039,d1_ep00095,79,3.95,0.0,2.57334466278553,0.6771472096443176,1.3513617515563965,0.17412547767162323,0.7414204478263855,steady,0.0
cross,probe_4_lateral,normal,friction_vlow,d0_ep00040,d1_ep00088,19,0.95,0.0,1.8900167346000671,0.3409501910209656,1.0886088609695435,0.08326607942581177,0.7543832063674927,steady,0.0
cross,probe_4_lateral,normal,friction_vlow,d0_ep00040,d1_ep00088,79,3.95,0.0,2.3882502913475037,0.69378662109375,1.0838960409164429,0.17743542790412903,0.8662644028663635,steady,0.0
cross,probe_4_lateral,normal,friction_vlow,d0_ep00040,d1_ep00089,79,3.95,0.0,3.1413599103689194,0.6785524487495422,1.6278648376464844,0.2023797482252121,1.2651257514953613,steady,0.0
cross,probe_4_lateral,normal,friction_vlow,d0_ep00040,d1_ep00090,79,3.95,0.0,3.125931352376938,0.6802906394004822,1.6147048473358154,0.19985589385032654,1.2621599435806274,steady,0.0
cross,probe_4_lateral,normal,friction_vlow,d0_ep00040,d1_ep00091,19,0.95,0.0,1.760991133749485,0.34323614835739136,0.9528919458389282,0.11246789246797562,0.7047902941703796,steady,0.0
cross,probe_4_lateral,normal,friction_vlow,d0_ep00040,d1_ep00091,59,2.95,0.0,1.7515061348676682,0.12016795575618744,1.2799184322357178,0.021178483963012695,0.6604825258255005,steady,0.0
cross,probe_4_lateral,normal,friction_vlow,d0_ep00040,d1_ep00091,79,3.95,0.0,2.570057302713394,0.6833851337432861,1.2928073406219482,0.17295056581497192,0.8418285250663757,steady,0.0
cross,probe_4_lateral,normal,friction_vlow,d0_ep00040,d1_ep00091,99,4.95,0.0,1.8285082578659058,0.2971779406070709,1.2226645946502686,0.11216118931770325,0.3930090665817261,transition,0.6000000238418579
cross,probe_4_lateral,normal,friction_vlow,d0_ep00040,d1_ep00092,19,0.95,0.0,1.9964781403541565,0.35461142659187317,1.206520438194275,0.1233518123626709,0.623988926410675,steady,0.0
cross,probe_4_lateral,normal,friction_vlow,d0_ep00040,d1_ep00092,79,3.95,0.0,3.036757856607437,0.664229691028595,1.5314054489135742,0.19253447651863098,1.297176480293274,steady,0.0
cross,probe_4_lateral,normal,friction_vlow,d0_ep00040,d1_ep00093,19,0.95,0.0,2.811543472111225,0.3133399784564972,2.1112189292907715,0.11583522707223892,0.5422986745834351,steady,0.0
cross,probe_4_lateral,normal,friction_vlow,d0_ep00040,d1_ep00093,79,3.95,0.0,3.235934093594551,0.6585658192634583,2.0431106090545654,0.17896245419979095,0.7105904221534729,steady,0.0
cross,probe_4_lateral,normal,friction_vlow,d0_ep00040,d1_ep00094,59,2.95,0.0,1.844423532485962,0.11458288878202438,1.2765228748321533,0.03321049362421036,0.8402145504951477,steady,0.0
cross,probe_4_lateral,normal,friction_vlow,d0_ep00040,d1_ep00094,79,3.95,0.0,2.747585892677307,0.6926447153091431,1.2083312273025513,0.18247628211975098,1.3282673358917236,steady,0.0
cross,probe_4_lateral,normal,friction_vlow,d0_ep00040,d1_ep00095,79,3.95,0.0,2.016828641295433,0.7175207138061523,0.5536104440689087,0.18961606919765472,1.1121628284454346,steady,0.0
cross,probe_4_lateral,normal,friction_vlow,d0_ep00041,d1_ep00088,79,3.95,0.0,2.506231650710106,0.6692808270454407,1.3009119033813477,0.17988677322864532,0.7123042941093445,steady,0.0
cross,probe_4_lateral,normal,friction_vlow,d0_ep00041,d1_ep00088,99,4.95,0.0,2.103391908109188,0.2904835343360901,1.2862814664840698,0.08937402814626694,0.8745057582855225,transition,0.6000000238418579
cross,probe_4_lateral,normal,friction_vlow,d0_ep00041,d1_ep00089,79,3.95,0.0,2.8200573474168777,0.6556210517883301,1.3610327243804932,0.20557458698749542,1.1956579685211182,steady,0.0
cross,probe_4_lateral,normal,friction_vlow,d0_ep00041,d1_ep00090,79,3.95,0.0,2.808832436800003,0.6553453207015991,1.392475962638855,0.20244243741035461,1.1171374320983887,steady,0.0
cross,probe_4_lateral,normal,friction_vlow,d0_ep00041,d1_ep00091,19,0.95,0.0,2.043076440691948,0.34722599387168884,1.130824327468872,0.10464383661746979,0.9207645654678345,steady,0.0
cross,probe_4_lateral,normal,friction_vlow,d0_ep00041,d1_ep00091,79,3.95,0.0,2.686604753136635,0.6564428210258484,1.5039522647857666,0.17591287195682526,0.7005935907363892,steady,0.0
cross,probe_4_lateral,normal,friction_vlow,d0_ep00041,d1_ep00091,99,4.95,0.0,2.352453999221325,0.2775532901287079,1.5572690963745117,0.10721512883901596,0.8208329677581787,transition,0.6000000238418579
cross,probe_4_lateral,normal,friction_vlow,d0_ep00041,d1_ep00092,19,0.95,0.0,2.1022641584277153,0.36159446835517883,1.2083656787872314,0.11580123752355576,0.8330055475234985,steady,0.0
cross,probe_4_lateral,normal,friction_vlow,d0_ep00041,d1_ep00092,79,3.95,0.0,2.688706487417221,0.6414783596992493,1.2746376991271973,0.19529590010643005,1.154589056968689,steady,0.0
cross,probe_4_lateral,normal,friction_vlow,d0_ep00041,d1_ep00093,19,0.95,0.0,2.2716676965355873,0.31917697191238403,1.629860758781433,0.10914111882448196,0.4269776940345764,steady,0.0
cross,probe_4_lateral,normal,friction_vlow,d0_ep00041,d1_ep00093,79,3.95,0.0,3.3592360764741898,0.6331241130828857,2.2357170581817627,0.18243126571178436,0.6159272789955139,steady,0.0
cross,probe_4_lateral,normal,friction_vlow,d0_ep00041,d1_ep00093,99,4.95,0.0,2.040680266916752,0.30794644355773926,1.1816376447677612,0.10964567214250565,0.8829010128974915,transition,0.6000000238418579
cross,probe_4_lateral,normal,friction_vlow,d0_ep00041,d1_ep00094,79,3.95,0.0,2.404698923230171,0.6676990985870361,0.9597585797309875,0.18486203253269196,1.1847584247589111,steady,0.0
cross,probe_4_lateral,normal,friction_vlow,d0_ep00041,d1_ep00095,79,3.95,0.0,2.07564115524292,0.6883063912391663,0.7156540751457214,0.19201883673667908,0.9593237042427063,steady,0.0
cross,probe_4_lateral,normal,friction_vlow,d1_ep00024,d1_ep00088,79,3.95,0.0,2.4243987053632736,0.6891787648200989,1.3250675201416016,0.1740262657403946,0.4722523093223572,steady,0.0
cross,probe_4_lateral,normal,friction_vlow,d1_ep00024,d1_ep00088,99,4.95,0.0,1.842096522450447,0.3082940876483917,1.2356282472610474,0.07107514142990112,0.45419809222221375,transition,0.6000000238418579
cross,probe_4_lateral,normal,friction_vlow,d1_ep00024,d1_ep00089,19,0.95,0.0,1.9086598977446556,0.32348859310150146,1.0665526390075684,0.1200687512755394,0.7970998287200928,steady,0.0
cross,probe_4_lateral,normal,friction_vlow,d1_ep00024,d1_ep00089,79,3.95,0.0,2.703653022646904,0.6737481951713562,1.3245530128479004,0.19927410781383514,1.0121554136276245,steady,0.0
cross,probe_4_lateral,normal,friction_vlow,d1_ep00024,d1_ep00090,79,3.95,0.0,2.6403034776449203,0.6757367253303528,1.3883816003799438,0.1965002566576004,0.7593697905540466,steady,0.0
cross,probe_4_lateral,normal,friction_vlow,d1_ep00024,d1_ep00091,19,0.95,0.0,1.9102161824703217,0.3026259243488312,1.2725794315338135,0.10526816546916962,0.45948532223701477,steady,0.0
cross,probe_4_lateral,normal,friction_vlow,d1_ep00024,d1_ep00091,79,3.95,0.0,2.6399500519037247,0.6787366271018982,1.522009015083313,0.16973312199115753,0.5389425754547119,steady,0.0
cross,probe_4_lateral,normal,friction_vlow,d1_ep00024,d1_ep00091,99,4.95,0.0,2.131290704011917,0.2975548207759857,1.5094568729400635,0.08867068588733673,0.4712166488170624,transition,0.6000000238418579
cross,probe_4_lateral,normal,friction_vlow,d1_ep00024,d1_ep00092,19,0.95,0.0,1.7833185195922852,0.32134121656417847,1.1374340057373047,0.11528755724430084,0.4185114800930023,steady,0.0
cross,probe_4_lateral,normal,friction_vlow,d1_ep00024,d1_ep00092,79,3.95,0.0,2.5027625262737274,0.659550130367279,1.252756953239441,0.18924176692962646,0.802427351474762,steady,0.0
cross,probe_4_lateral,normal,friction_vlow,d1_ep00024,d1_ep00093,19,0.95,0.0,2.246287241578102,0.29636430740356445,1.473232626914978,0.10641025006771088,0.7405601143836975,steady,0.0
cross,probe_4_lateral,normal,friction_vlow,d1_ep00024,d1_ep00093,79,3.95,0.0,3.3827325254678726,0.6538845300674438,2.2395401000976562,0.17598457634449005,0.6266466379165649,steady,0.0
cross,probe_4_lateral,normal,friction_vlow,d1_ep00024,d1_ep00093,99,4.95,0.0,1.896006464958191,0.3313789367675781,1.1675448417663574,0.09210705757141113,0.6099512577056885,transition,0.6000000238418579
cross,probe_4_lateral,normal,friction_vlow,d1_ep00024,d1_ep00094,79,3.95,0.0,2.2450691610574722,0.6878705620765686,0.9546350836753845,0.17904679477214813,0.8470334410667419,steady,0.0
cross,probe_4_lateral,normal,friction_vlow,d1_ep00024,d1_ep00095,19,0.95,0.0,1.9831485450267792,0.3386685252189636,1.0824182033538818,0.14703243970870972,0.830058753490448,steady,0.0
cross,probe_4_lateral,normal,friction_vlow,d1_ep00024,d1_ep00095,79,3.95,0.0,2.0486249923706055,0.7127555012702942,0.8107971549034119,0.18619424104690552,0.6777561902999878,steady,0.0
cross,probe_4_lateral,normal,friction_vlow,d1_ep00025,d1_ep00088,79,3.95,0.0,2.568109467625618,0.6885500550270081,1.4332926273345947,0.16697688400745392,0.5585798025131226,steady,0.0
cross,probe_4_lateral,normal,friction_vlow,d1_ep00025,d1_ep00088,119,5.95,0.0,1.8527408614754677,0.060044076293706894,1.399387240409851,0.02934275195002556,0.7279335856437683,steady,0.0
cross,probe_4_lateral,normal,friction_vlow,d1_ep00025,d1_ep00089,19,0.95,0.0,1.8008392453193665,0.333699494600296,0.8905917406082153,0.1260976493358612,0.9009007215499878,steady,0.0
cross,probe_4_lateral,normal,friction_vlow,d1_ep00025,d1_ep00089,79,3.95,0.0,2.659044936299324,0.6716587543487549,1.251860499382019,0.19020570814609528,1.0906399488449097,steady,0.0
cross,probe_4_lateral,normal,friction_vlow,d1_ep00025,d1_ep00090,79,3.95,0.0,2.66716505587101,0.6754515767097473,1.3398277759552002,0.18902583420276642,0.9257197380065918,steady,0.0
cross,probe_4_lateral,normal,friction_vlow,d1_ep00025,d1_ep00091,79,3.95,0.0,2.7455683946609497,0.6766804456710815,1.6204766035079956,0.16134828329086304,0.574126124382019,steady,0.0
cross,probe_4_lateral,normal,friction_vlow,d1_ep00025,d1_ep00091,99,4.95,0.0,1.9104033783078194,0.28270894289016724,1.3171727657318115,0.0957006886601448,0.4296419620513916,transition,0.6000000238418579
cross,probe_4_lateral,normal,friction_vlow,d1_ep00025,d1_ep00092,79,3.95,0.0,2.5274568796157837,0.6589061617851257,1.2026596069335938,0.18132814764976501,0.9691259264945984,steady,0.0
cross,probe_4_lateral,normal,friction_vlow,d1_ep00025,d1_ep00093,19,0.95,0.0,2.5535155534744263,0.30814966559410095,1.6996045112609863,0.1123909056186676,0.8667409420013428,steady,0.0
cross,probe_4_lateral,normal,friction_vlow,d1_ep00025,d1_ep00093,79,3.95,0.0,3.4228749871253967,0.6521687507629395,2.3158838748931885,0.16625434160232544,0.5771360397338867,steady,0.0
cross,probe_4_lateral,normal,friction_vlow,d1_ep00025,d1_ep00093,99,4.95,0.0,1.8419753164052963,0.31439143419265747,1.138540267944336,0.10123233497142792,0.57562255859375,transition,0.6000000238418579
cross,probe_4_lateral,normal,friction_vlow,d1_ep00025,d1_ep00094,79,3.95,0.0,2.308623656630516,0.6853506565093994,0.9499928951263428,0.1721532791852951,1.0022536516189575,steady,0.0
cross,probe_4_lateral,normal,friction_vlow,d1_ep00025,d1_ep00095,19,0.95,0.0,1.7679477035999298,0.34742021560668945,0.8041021227836609,0.15338706970214844,0.9260765910148621,steady,0.0
cross,probe_4_lateral,normal,friction_vlow,d1_ep00025,d1_ep00095,79,3.95,0.0,2.251041993498802,0.7084584832191467,0.9677419066429138,0.17923252284526825,0.7912181615829468,steady,0.0
cross,probe_4_lateral,normal,friction_vlow,d1_ep00025,d1_ep00095,119,5.95,0.0,1.7970920950174332,0.07172790169715881,1.3658150434494019,0.040027156472206116,0.6390439867973328,steady,0.0
cross,probe_4_lateral,normal,friction_vlow,d1_ep00026,d1_ep00088,79,3.95,0.0,2.7904976159334183,0.6693740487098694,1.6693438291549683,0.17555119097232819,0.5524570941925049,steady,0.0
cross,probe_4_lateral,normal,friction_vlow,d1_ep00026,d1_ep00089,19,0.95,0.0,1.926155410706997,0.23488278687000275,1.0843418836593628,0.1191166415810585,0.9756281971931458,steady,0.0
cross,probe_4_lateral,normal,friction_vlow,d1_ep00026,d1_ep00089,79,3.95,0.0,2.3577541410923004,0.6557784080505371,0.9864345788955688,0.19890126585960388,1.0332797765731812,steady,0.0
cross,probe_4_lateral,normal,friction_vlow,d1_ep00026,d1_ep00090,79,3.95,0.0,2.3854528218507767,0.6554262042045593,1.0885372161865234,0.19764049351215363,0.8876978158950806,steady,0.0
cross,probe_4_lateral,normal,friction_vlow,d1_ep00026,d1_ep00091,19,0.95,0.0,1.9795190915465355,0.20704685151576996,1.4979106187820435,0.10000868886709213,0.3491058647632599,steady,0.0
cross,probe_4_lateral,normal,friction_vlow,d1_ep00026,d1_ep00091,39,1.95,0.0,2.044102095067501,0.18121059238910675,1.538093090057373,0.03637851029634476,0.576839804649353,transition,1.2000000476837158
cross,probe_4_lateral,normal,friction_vlow,d1_ep00026,d1_ep00091,79,3.95,0.0,2.9807513505220413,0.6560699939727783,1.8617063760757446,0.17003239691257477,0.5858851671218872,steady,0.0
cross,probe_4_lateral,normal,friction_vlow,d1_ep00026,d1_ep00091,99,4.95,0.0,1.9191916584968567,0.26319581270217896,1.3041167259216309,0.11274462938308716,0.47826898097991943,transition,0.6000000238418579
cross,probe_4_lateral,normal,friction_vlow,d1_ep00026,d1_ep00092,19,0.95,0.0,1.9327393472194672,0.23239731788635254,1.4195544719696045,0.11139559745788574,0.3387839198112488,steady,0.0
cross,probe_4_lateral,normal,friction_vlow,d1_ep00026,d1_ep00092,79,3.95,0.0,2.227364644408226,0.6418279409408569,0.9313796162605286,0.18997962772846222,0.9283549189567566,steady,0.0
cross,probe_4_lateral,normal,friction_vlow,d1_ep00026,d1_ep00093,19,0.95,0.0,2.0905612260103226,0.22928260266780853,1.2651201486587524,0.1054050624370575,0.9815068244934082,steady,0.0
cross,probe_4_lateral,normal,friction_vlow,d1_ep00026,d1_ep00093,79,3.95,0.0,3.6640805453062057,0.6330121755599976,2.5628316402435303,0.17495374381542206,0.5865659713745117,steady,0.0
cross,probe_4_lateral,normal,friction_vlow,d1_ep00026,d1_ep00093,99,4.95,0.0,1.8473072946071625,0.295495867729187,1.1303985118865967,0.11861851811408997,0.6055887937545776,transition,0.6000000238418579
cross,probe_4_lateral,normal,friction_vlow,d1_ep00026,d1_ep00094,79,3.95,0.0,2.015242353081703,0.6675364971160889,0.6835866570472717,0.18070964515209198,0.9668191075325012,steady,0.0
cross,probe_4_lateral,normal,friction_vlow,d1_ep00026,d1_ep00095,19,0.95,0.0,2.0922646522521973,0.247040793299675,1.1999393701553345,0.1465865522623062,0.9973958730697632,steady,0.0
cross,probe_4_lateral,normal,friction_vlow,d1_ep00026,d1_ep00095,79,3.95,0.0,2.3280697762966156,0.6873607635498047,1.0591495037078857,0.18779635429382324,0.7875263094902039,steady,0.0
cross,probe_4_lateral,normal,friction_vlow,d1_ep00027,d1_ep00088,79,3.95,0.0,3.0319222658872604,0.7322568297386169,1.6290310621261597,0.17547713220119476,0.9903144836425781,steady,0.0
cross,probe_4_lateral,normal,friction_vlow,d1_ep00027,d1_ep00088,99,4.95,0.0,2.2875901758670807,0.3713526725769043,1.2733433246612549,0.10191825032234192,1.0819518566131592,transition,0.6000000238418579
cross,probe_4_lateral,normal,friction_vlow,d1_ep00027,d1_ep00089,19,0.95,0.0,1.8570871576666832,0.2942022383213043,0.9506056308746338,0.12368067353963852,0.9771972298622131,steady,0.0
cross,probe_4_lateral,normal,friction_vlow,d1_ep00027,d1_ep00089,79,3.95,0.0,2.7524312287569046,0.7137119770050049,1.310714602470398,0.19850678741931915,1.0589957237243652,steady,0.0
cross,probe_4_lateral,normal,friction_vlow,d1_ep00027,d1_ep00090,79,3.95,0.0,2.6947977989912033,0.7196536064147949,1.147261381149292,0.197493776679039,1.2607780694961548,steady,0.0
cross,probe_4_lateral,normal,friction_vlow,d1_ep00027,d1_ep00091,19,0.95,0.0,2.037288822233677,0.25122177600860596,1.5086970329284668,0.10131879895925522,0.3521024286746979,steady,0.0
cross,probe_4_lateral,normal,friction_vlow,d1_ep00027,d1_ep00091,79,3.95,0.0,3.230325296521187,0.7177175283432007,1.8452438116073608,0.16975949704647064,0.9952089190483093,steady,0.0
cross,probe_4_lateral,normal,friction_vlow,d1_ep00027,d1_ep00091,99,4.95,0.0,2.522677645087242,0.3593911826610565,1.5196517705917358,0.1185779720544815,1.0501134395599365,transition,0.6000000238418579
cross,probe_4_lateral,normal,friction_vlow,d1_ep00027,d1_ep00092,19,0.95,0.0,2.038977473974228,0.28802353143692017,1.475089192390442,0.11378581821918488,0.32415786385536194,steady,0.0
cross,probe_4_lateral,normal,friction_vlow,d1_ep00027,d1_ep00092,79,3.95,0.0,2.692455768585205,0.7033476829528809,1.1575556993484497,0.1897696852684021,1.2835654020309448,steady,0.0
cross,probe_4_lateral,normal,friction_vlow,d1_ep00027,d1_ep00093,19,0.95,0.0,2.1294029280543327,0.30671656131744385,1.2139416933059692,0.1100248321890831,0.9974396824836731,steady,0.0
cross,probe_4_lateral,normal,friction_vlow,d1_ep00027,d1_ep00093,79,3.95,0.0,3.893883526325226,0.6944140195846558,2.6097702980041504,0.1744624674320221,0.8304734826087952,steady,0.0
cross,probe_4_lateral,normal,friction_vlow,d1_ep00027,d1_ep00093,99,4.95,0.0,2.4650949984788895,0.3902052938938141,1.3755764961242676,0.12384013831615448,1.1509461402893066,transition,0.6000000238418579
cross,probe_4_lateral,normal,friction_vlow,d1_ep00027,d1_ep00094,79,3.95,0.0,2.4001388400793076,0.7261502146720886,0.8259488940238953,0.1806560605764389,1.3347673416137695,steady,0.0
cross,probe_4_lateral,normal,friction_vlow,d1_ep00027,d1_ep00094,99,4.95,0.0,1.763179011642933,0.38627615571022034,0.9870513677597046,0.08352247625589371,0.6126580238342285,transition,0.6000000238418579
cross,probe_4_lateral,normal,friction_vlow,d1_ep00027,d1_ep00095,19,0.95,0.0,2.0813000947237015,0.29673951864242554,1.1335036754608154,0.15136434137821198,0.9993851184844971,steady,0.0
cross,probe_4_lateral,normal,friction_vlow,d1_ep00027,d1_ep00095,79,3.95,0.0,2.1565924137830734,0.7451211214065552,0.6085620522499084,0.18772970139980316,1.2303590774536133,steady,0.0
cross,probe_4_lateral,normal,friction_vlow,d1_ep00027,d1_ep00095,99,4.95,0.0,1.864596538245678,0.402583509683609,0.8702383637428284,0.10447707027196884,0.9745951890945435,transition,0.6000000238418579
cross,probe_4_lateral,normal,friction_vlow,d1_ep00028,d1_ep00088,79,3.95,0.0,2.725774645805359,0.6780979633331299,1.6143027544021606,0.17963925004005432,0.5074693560600281,steady,0.0
cross,probe_4_lateral,normal,friction_vlow,d1_ep00028,d1_ep00088,99,4.95,0.0,1.8301387950778008,0.31996244192123413,1.1702690124511719,0.08493997901678085,0.5099347233772278,transition,0.6000000238418579
cross,probe_4_lateral,normal,friction_vlow,d1_ep00028,d1_ep00089,19,0.95,0.0,1.8719522580504417,0.2760118544101715,1.0557527542114258,0.11390867084264755,0.8525579571723938,steady,0.0
cross,probe_4_lateral,normal,friction_vlow,d1_ep00028,d1_ep00089,79,3.95,0.0,2.4708908796310425,0.6636049151420593,1.0831305980682373,0.2017950415611267,1.0447206497192383,steady,0.0
cross,probe_4_lateral,normal,friction_vlow,d1_ep00028,d1_ep00090,79,3.95,0.0,2.3581896871328354,0.6643882393836975,1.0918724536895752,0.2014550119638443,0.8009479641914368,steady,0.0
cross,probe_4_lateral,normal,friction_vlow,d1_ep00028,d1_ep00091,19,0.95,0.0,1.9316626191139221,0.2602420151233673,1.3568627834320068,0.09781424701213837,0.4334871470928192,steady,0.0
cross,probe_4_lateral,normal,friction_vlow,d1_ep00028,d1_ep00091,79,3.95,0.0,2.940816715359688,0.6667309999465942,1.8155639171600342,0.173409566283226,0.5702244639396667,steady,0.0
cross,probe_4_lateral,normal,friction_vlow,d1_ep00028,d1_ep00091,99,4.95,0.0,2.101211927831173,0.30914661288261414,1.4413679838180542,0.10156580060720444,0.49826306104660034,transition,0.6000000238418579
cross,probe_4_lateral,normal,friction_vlow,d1_ep00028,d1_ep00092,19,0.95,0.0,1.8369980156421661,0.2746609151363373,1.2493845224380493,0.10814934968948364,0.4096064567565918,steady,0.0
cross,probe_4_lateral,normal,friction_vlow,d1_ep00028,d1_ep00092,79,3.95,0.0,2.259362757205963,0.6492617130279541,0.9938830733299255,0.19357144832611084,0.8452930450439453,steady,0.0
cross,probe_4_lateral,normal,friction_vlow,d1_ep00028,d1_ep00092,119,5.95,0.0,1.7685990743339062,0.12077956646680832,1.0537946224212646,0.04088478162884712,1.1062802076339722,steady,0.0
cross,probe_4_lateral,normal,friction_vlow,d1_ep00028,d1_ep00093,19,0.95,0.0,2.1489176601171494,0.2453402578830719,1.3790024518966675,0.10020856559276581,0.8487327694892883,steady,0.0
cross,probe_4_lateral,normal,friction_vlow,d1_ep00028,d1_ep00093,79,3.95,0.0,3.6889603435993195,0.6425030827522278,2.540968894958496,0.17749089002609253,0.6559949517250061,steady,0.0
cross,probe_4_lateral,normal,friction_vlow,d1_ep00028,d1_ep00093,99,4.95,0.0,1.8856858015060425,0.34202712774276733,1.1256409883499146,0.10706639289855957,0.621902585029602,transition,0.6000000238418579
cross,probe_4_lateral,normal,friction_vlow,d1_ep00028,d1_ep00094,79,3.95,0.0,2.0163188874721527,0.6768689155578613,0.7109271287918091,0.1848650872707367,0.8873155117034912,steady,0.0
cross,probe_4_lateral,normal,friction_vlow,d1_ep00028,d1_ep00094,119,5.95,0.0,1.7941518872976303,0.13222667574882507,1.0903218984603882,0.020943596959114075,1.101319432258606,steady,0.0
cross,probe_4_lateral,normal,friction_vlow,d1_ep00028,d1_ep00095,19,0.95,0.0,1.9873251914978027,0.29340723156929016,1.1144163608551025,0.1411111056804657,0.8767809867858887,steady,0.0
cross,probe_4_lateral,normal,friction_vlow,d1_ep00028,d1_ep00095,79,3.95,0.0,2.1485618352890015,0.7000585794448853,0.8986212611198425,0.19190102815628052,0.7159619331359863,steady,0.0
cross,probe_4_lateral,normal,friction_vlow,d1_ep00029,d1_ep00088,79,3.95,0.0,2.686250165104866,0.6880603432655334,1.4490896463394165,0.17847473919391632,0.7412508726119995,steady,0.0
cross,probe_4_lateral,normal,friction_vlow,d1_ep00029,d1_ep00088,99,4.95,0.0,1.9064961522817612,0.32638806104660034,1.2518188953399658,0.08261927962303162,0.4913398325443268,transition,0.6000000238418579
cross,probe_4_lateral,normal,friction_vlow,d1_ep00029,d1_ep00089,19,0.95,0.0,1.7563092112541199,0.3177223801612854,0.9545464515686035,0.1072845458984375,0.7535116672515869,steady,0.0
cross,probe_4_lateral,normal,friction_vlow,d1_ep00029,d1_ep00089,79,3.95,0.0,2.9090376496315002,0.6719649434089661,1.4350992441177368,0.2024213671684265,1.1991041898727417,steady,0.0
cross,probe_4_lateral,normal,friction_vlow,d1_ep00029,d1_ep00090,79,3.95,0.0,2.7691573947668076,0.6747442483901978,1.3139729499816895,0.20069698989391327,1.1594864130020142,steady,0.0
cross,probe_4_lateral,normal,friction_vlow,d1_ep00029,d1_ep00091,79,3.95,0.0,2.8694628179073334,0.6758062839508057,1.662920355796814,0.17334330081939697,0.7147857546806335,steady,0.0
cross,probe_4_lateral,normal,friction_vlow,d1_ep00029,d1_ep00091,99,4.95,0.0,2.1398992016911507,0.3156985342502594,1.511025071144104,0.09992567449808121,0.4264998435974121,transition,0.6000000238418579
cross,probe_4_lateral,normal,friction_vlow,d1_ep00029,d1_ep00092,79,3.95,0.0,2.750662535429001,0.6589297652244568,1.30197274684906,0.1931619942188263,1.1931960582733154,steady,0.0
cross,probe_4_lateral,normal,friction_vlow,d1_ep00029,d1_ep00093,19,0.95,0.0,2.3561772853136063,0.29009830951690674,1.6335653066635132,0.09356750547885895,0.6778923273086548,steady,0.0
cross,probe_4_lateral,normal,friction_vlow,d1_ep00029,d1_ep00093,79,3.95,0.0,3.5473630130290985,0.6516575217247009,2.4238438606262207,0.1786532998085022,0.5864166617393494,steady,0.0
cross,probe_4_lateral,normal,friction_vlow,d1_ep00029,d1_ep00093,99,4.95,0.0,1.8298976197838783,0.3495958149433136,1.1671524047851562,0.10392557829618454,0.4184476435184479,transition,0.6000000238418579
cross,probe_4_lateral,normal,friction_vlow,d1_ep00029,d1_ep00094,79,3.95,0.0,2.4557766169309616,0.6851781010627747,0.9771617650985718,0.18358932435512543,1.2196948528289795,steady,0.0
cross,probe_4_lateral,normal,friction_vlow,d1_ep00029,d1_ep00095,19,0.95,0.0,1.7640045434236526,0.33276277780532837,0.8996762037277222,0.1347496658563614,0.7936317920684814,steady,0.0
cross,probe_4_lateral,normal,friction_vlow,d1_ep00029,d1_ep00095,79,3.95,0.0,1.9184386283159256,0.7074374556541443,0.5249894857406616,0.19069869816303253,0.9906259775161743,steady,0.0
cross,probe_4_lateral,normal,friction_vlow,d1_ep00030,d1_ep00088,79,3.95,0.0,2.4488331973552704,0.7437353134155273,0.9831794500350952,0.18764612078666687,1.068544626235962,steady,0.0
cross,probe_4_lateral,normal,friction_vlow,d1_ep00030,d1_ep00088,99,4.95,0.0,2.039070263504982,0.28287264704704285,1.2068668603897095,0.08535273373126984,0.9279560446739197,transition,0.6000000238418579
cross,probe_4_lateral,normal,friction_vlow,d1_ep00030,d1_ep00089,79,3.95,0.0,3.308535873889923,0.7236154079437256,1.6847747564315796,0.21017831563949585,1.3799347877502441,steady,0.0
cross,probe_4_lateral,normal,friction_vlow,d1_ep00030,d1_ep00090,79,3.95,0.0,3.477699100971222,0.731478214263916,1.7997722625732422,0.20956343412399292,1.4737703800201416,steady,0.0
cross,probe_4_lateral,normal,friction_vlow,d1_ep00030,d1_ep00091,19,0.95,0.0,2.11867568641901,0.2522309124469757,1.5517387390136719,0.10628785938024521,0.41683635115623474,steady,0.0
cross,probe_4_lateral,normal,friction_vlow,d1_ep00030,d1_ep00091,79,3.95,0.0,2.59135565161705,0.7321509122848511,1.158983826637268,0.1816723644733429,1.0370970964431763,steady,0.0
cross,probe_4_lateral,normal,friction_vlow,d1_ep00030,d1_ep00091,99,4.95,0.0,2.270526200532913,0.26933276653289795,1.4625494480133057,0.10313773155212402,0.8710125088691711,transition,0.6000000238418579
cross,probe_4_lateral,normal,friction_vlow,d1_ep00030,d1_ep00092,19,0.95,0.0,2.130894884467125,0.2880966067314148,1.5417354106903076,0.11626966297626495,0.36958640813827515,steady,0.0
cross,probe_4_lateral,normal,friction_vlow,d1_ep00030,d1_ep00092,79,3.95,0.0,3.3033630698919296,0.7126618027687073,1.638378620147705,0.201760932803154,1.5011234283447266,steady,0.0
cross,probe_4_lateral,normal,friction_vlow,d1_ep00030,d1_ep00093,19,0.95,0.0,2.000084802508354,0.30313414335250854,1.1188416481018066,0.10727907717227936,0.9416598677635193,steady,0.0
cross,probe_4_lateral,normal,friction_vlow,d1_ep00030,d1_ep00093,79,3.95,0.0,3.1644573360681534,0.7069042325019836,1.8415374755859375,0.1859545260667801,0.8601222038269043,steady,0.0
cross,probe_4_lateral,normal,friction_vlow,d1_ep00030,d1_ep00093,99,4.95,0.0,2.0354186296463013,0.2987193465232849,1.1643551588058472,0.10579875111579895,0.9330907464027405,transition,0.6000000238418579
cross,probe_4_lateral,normal,friction_vlow,d1_ep00030,d1_ep00094,79,3.95,0.0,3.0522080659866333,0.7384856343269348,1.3527735471725464,0.19284206628799438,1.5362136363983154,steady,0.0
cross,probe_4_lateral,normal,friction_vlow,d1_ep00030,d1_ep00095,19,0.95,0.0,2.026223912835121,0.29758861660957336,1.1143252849578857,0.1478617936372757,0.9328964352607727,steady,0.0
cross,probe_4_lateral,normal,friction_vlow,d1_ep00030,d1_ep00095,79,3.95,0.0,2.561745524406433,0.7628408670425415,0.9356052875518799,0.19989758729934692,1.3268035650253296,steady,0.0
cross,probe_4_lateral,normal,friction_vlow,d1_ep00031,d1_ep00088,79,3.95,0.0,2.740024521946907,0.6938167214393616,1.5713386535644531,0.17237813770771027,0.6049820184707642,steady,0.0
cross,probe_4_lateral,normal,friction_vlow,d1_ep00031,d1_ep00089,79,3.95,0.0,2.6594243943691254,0.6780096292495728,1.1997119188308716,0.1973343789577484,1.1687369346618652,steady,0.0
cross,probe_4_lateral,normal,friction_vlow,d1_ep00031,d1_ep00090,79,3.95,0.0,2.5103432834148407,0.6804180145263672,1.1331967115402222,0.19479629397392273,1.0038645267486572,steady,0.0
cross,probe_4_lateral,normal,friction_vlow,d1_ep00031,d1_ep00091,79,3.95,0.0,2.9386643022298813,0.6818063855171204,1.779879093170166,0.1678834706544876,0.6181907057762146,steady,0.0
cross,probe_4_lateral,normal,friction_vlow,d1_ep00031,d1_ep00091,99,4.95,0.0,1.9265353754162788,0.29680225253105164,1.3070732355117798,0.10791768878698349,0.42948439717292786,transition,0.6000000238418579
cross,probe_4_lateral,normal,friction_vlow,d1_ep00031,d1_ep00092,19,0.95,0.0,1.867399275302887,0.3579777777194977,1.088875412940979,0.10789698362350464,0.6252982020378113,steady,0.0
cross,probe_4_lateral,normal,friction_vlow,d1_ep00031,d1_ep00092,79,3.95,0.0,2.4597093760967255,0.6646959781646729,1.0833337306976318,0.1874692738056183,1.048420786857605,steady,0.0
cross,probe_4_lateral,normal,friction_vlow,d1_ep00031,d1_ep00093,19,0.95,0.0,2.5597393587231636,0.3157571852207184,1.878032922744751,0.09970805794000626,0.532482385635376,steady,0.0
cross,probe_4_lateral,normal,friction_vlow,d1_ep00031,d1_ep00093,79,3.95,0.0,3.65816693007946,0.6576036810874939,2.524750232696533,0.17394278943538666,0.6037404537200928,steady,0.0
cross,probe_4_lateral,normal,friction_vlow,d1_ep00031,d1_ep00094,79,3.95,0.0,2.18355131149292,0.6912990808486938,0.7748228311538696,0.17742455005645752,1.0800096988677979,steady,0.0
cross,probe_4_lateral,normal,friction_vlow,d1_ep00031,d1_ep00095,79,3.95,0.0,2.0683166533708572,0.7138532400131226,0.7446095943450928,0.18456445634365082,0.8505787253379822,steady,0.0
cross,probe_1_straight,friction_vlow,normal,d1_ep00064,d0_ep00386,19,0.95,0.0,2.9694821760058403,0.30467861890792847,2.451528787612915,0.01383858174085617,0.39887237548828125,steady,0.0
cross,probe_1_straight,friction_vlow,normal,d1_ep00064,d0_ep00387,19,0.95,0.0,2.943882771767676,0.3019893765449524,2.460279703140259,0.007077106274664402,0.3490731716156006,steady,0.0
cross,probe_1_straight,friction_vlow,normal,d1_ep00064,d0_ep00388,19,0.95,0.0,2.6268988000229,0.24071893095970154,1.9376651048660278,0.015167002566158772,0.8666955232620239,steady,0.0
cross,probe_1_straight,friction_vlow,normal,d1_ep00064,d0_ep00388,99,4.95,0.0,1.8415381759405136,0.22680719196796417,1.1322485208511353,0.04762199521064758,0.8697209358215332,steady,0.0
cross,probe_1_straight,friction_vlow,normal,d1_ep00064,d0_ep00398,19,0.95,0.0,3.0907133454456925,0.2240225076675415,2.5105056762695312,0.0062131816521286964,0.6999439597129822,steady,0.0
cross,probe_1_straight,friction_vlow,normal,d1_ep00064,d0_ep00399,19,0.95,0.0,2.1589961983263493,0.438754677772522,1.3848133087158203,0.03495777025818825,0.6009408831596375,steady,0.0
cross,probe_1_straight,friction_vlow,normal,d1_ep00064,d0_ep00400,19,0.95,0.0,3.2720855716615915,0.23734092712402344,2.697545289993286,0.02048432268202305,0.6334300637245178,steady,0.0
cross,probe_1_straight,friction_vlow,normal,d1_ep00064,d0_ep00410,19,0.95,0.0,1.9990931209176779,0.3203599452972412,1.4427801370620728,0.029855629429221153,0.4121948182582855,steady,0.0
cross,probe_1_straight,friction_vlow,normal,d1_ep00064,d0_ep00411,19,0.95,0.0,2.13059963285923,0.35833144187927246,1.302720069885254,0.018002912402153015,0.9030904173851013,steady,0.0
cross,probe_1_straight,friction_vlow,normal,d1_ep00064,d0_ep00412,19,0.95,0.0,2.5101573541760445,0.2982752323150635,2.0589683055877686,0.02730225771665573,0.2512231171131134,steady,0.0
cross,probe_1_straight,friction_vlow,normal,d1_ep00064,d0_ep00412,79,3.95,0.0,2.0286742001771927,0.17106859385967255,1.5518786907196045,0.036424994468688965,0.5386038422584534,steady,0.0
cross,probe_1_straight,friction_vlow,normal,d1_ep00064,d0_ep00030,19,0.95,0.0,2.499805943109095,0.37465670704841614,1.6554265022277832,0.009527460671961308,0.9203905463218689,steady,0.0
cross,probe_1_straight,friction_vlow,normal,d1_ep00064,d0_ep00031,19,0.95,0.0,2.44381860550493,0.23028254508972168,1.6625523567199707,0.011460757814347744,1.0790458917617798,steady,0.0
cross,probe_1_straight,friction_vlow,normal,d1_ep00064,d0_ep00032,19,0.95,0.0,2.2891824739053845,0.2815019190311432,1.498158574104309,0.013045121915638447,0.9929537177085876,steady,0.0
cross,probe_1_straight,friction_vlow,normal,d1_ep00064,d1_ep00000,19,0.95,0.0,2.1862023789435625,0.3394303023815155,1.3758732080459595,0.026683690026402473,0.8884303569793701,steady,0.0
cross,probe_1_straight,friction_vlow,normal,d1_ep00064,d1_ep00001,19,0.95,0.0,2.4606649968773127,0.29822373390197754,1.6072205305099487,0.02883077599108219,1.0527799129486084,steady,0.0
cross,probe_1_straight,friction_vlow,normal,d1_ep00064,d1_ep00002,19,0.95,0.0,2.766634479165077,0.3796241581439972,1.8764628171920776,0.042251214385032654,0.9365925788879395,steady,0.0
cross,probe_1_straight,friction_vlow,normal,d1_ep00064,d1_ep00003,19,0.95,0.0,2.246737014502287,0.41025853157043457,1.3843101263046265,0.03312648460268974,0.8380837440490723,steady,0.0
cross,probe_1_straight,friction_vlow,normal,d1_ep00064,d1_ep00004,19,0.95,0.0,2.329300280660391,0.3508870303630829,1.4999628067016602,0.008909519761800766,0.9390818476676941,steady,0.0
cross,probe_1_straight,friction_vlow,normal,d1_ep00064,d1_ep00005,19,0.95,0.0,2.6672430261969566,0.24114026129245758,1.8798454999923706,0.0222708061337471,1.0479729175567627,steady,0.0
cross,probe_1_straight,friction_vlow,normal,d1_ep00064,d1_ep00006,19,0.95,0.0,2.4914452396333218,0.2867682874202728,1.6439255475997925,0.02623775228857994,1.069027304649353,steady,0.0
cross,probe_1_straight,friction_vlow,normal,d1_ep00064,d1_ep00007,19,0.95,0.0,2.290930602699518,0.2630307376384735,1.7716385126113892,0.016493458300828934,0.4795357882976532,steady,0.0
cross,probe_1_straight,friction_vlow,normal,d1_ep00065,d0_ep00386,19,0.95,0.0,3.0180971790105104,0.4930485486984253,1.82020103931427,0.017929689958691597,1.373835802078247,steady,0.0
cross,probe_1_straight,friction_vlow,normal,d1_ep00065,d0_ep00387,19,0.95,0.0,2.9238357171416283,0.4805309772491455,1.8104103803634644,0.028543733060359955,1.208701252937317,steady,0.0
cross,probe_1_straight,friction_vlow,normal,d1_ep00065,d0_ep00388,19,0.95,0.0,3.1702411994338036,0.4333925247192383,2.320406913757324,0.0463438555598259,0.7401958107948303,steady,0.0
cross,probe_1_straight,friction_vlow,normal,d1_ep00065,d0_ep00388,99,4.95,0.0,1.9112159796059132,0.2138122022151947,1.295072317123413,0.03969048336148262,0.7252819538116455,steady,0.0
cross,probe_1_straight,friction_vlow,normal,d1_ep00065,d0_ep00398,19,0.95,0.0,2.6209269799292088,0.42678338289260864,1.749664306640625,0.03442681208252907,0.8201049566268921,steady,0.0
cross,probe_1_straight,friction_vlow,normal,d1_ep00065,d0_ep00399,19,0.95,0.0,3.878275092691183,0.5427873730659485,2.884986400604248,0.01871195062994957,0.863578736782074,steady,0.0
cross,probe_1_straight,friction_vlow,normal,d1_ep00065,d0_ep00400,19,0.95,0.0,2.5127077903598547,0.43642953038215637,1.5650726556777954,0.016352077946066856,0.9897070527076721,steady,0.0
cross,probe_1_straight,friction_vlow,normal,d1_ep00065,d0_ep00410,19,0.95,0.0,3.943471407517791,0.4808303713798523,2.8418827056884766,0.015636062249541283,1.2102445363998413,steady,0.0
cross,probe_1_straight,friction_vlow,normal,d1_ep00065,d0_ep00411,19,0.95,0.0,3.8009936083108187,0.49992743134498596,2.9857966899871826,0.029866592958569527,0.5708057880401611,steady,0.0
cross,probe_1_straight,friction_vlow,normal,d1_ep00065,d0_ep00412,19,0.95,0.0,3.3325005620718002,0.480655699968338,2.204477310180664,0.02178807556629181,1.2511589527130127,steady,0.0
cross,probe_1_straight,friction_vlow,normal,d1_ep00065,d0_ep00030,19,0.95,0.0,3.419615626335144,0.5320729613304138,2.5952694416046143,0.024225503206253052,0.5360954403877258,steady,0.0
cross,probe_1_straight,friction_vlow,normal,d1_ep00065,d0_ep00030,99,4.95,0.0,1.7538947351276875,0.3081701397895813,1.0165939331054688,0.045265693217515945,0.7677299380302429,steady,0.0
cross,probe_1_straight,friction_vlow,normal,d1_ep00065,d0_ep00031,19,0.95,0.0,3.3151953779160976,0.42080026865005493,2.5914764404296875,0.024470563977956772,0.5568962097167969,steady,0.0
cross,probe_1_straight,friction_vlow,normal,d1_ep00065,d0_ep00032,19,0.95,0.0,3.545970667153597,0.4453437626361847,2.7914199829101562,0.038214702159166336,0.5419844388961792,steady,0.0
cross,probe_1_straight,friction_vlow,normal,d1_ep00065,d1_ep00000,19,0.95,0.0,3.6791236884891987,0.4898890256881714,2.9202723503112793,0.03291011229157448,0.47210440039634705,steady,0.0
cross,probe_1_straight,friction_vlow,normal,d1_ep00065,d1_ep00001,19,0.95,0.0,3.4489423241466284,0.4713776409626007,2.6752400398254395,0.02307405136525631,0.5585011839866638,steady,0.0
cross,probe_1_straight,friction_vlow,normal,d1_ep00065,d1_ep00002,19,0.95,0.0,3.210321703925729,0.5538784861564636,2.407879590988159,0.02156379260122776,0.45399966835975647,steady,0.0
cross,probe_1_straight,friction_vlow,normal,d1_ep00065,d1_ep00003,19,0.95,0.0,3.798964036628604,0.570591926574707,2.919245958328247,0.024930013343691826,0.568392276763916,steady,0.0
cross,probe_1_straight,friction_vlow,normal,d1_ep00065,d1_ep00004,19,0.95,0.0,3.5859091579914093,0.5162143111228943,2.7856369018554688,0.026295781135559082,0.5155243277549744,steady,0.0
cross,probe_1_straight,friction_vlow,normal,d1_ep00065,d1_ep00005,19,0.95,0.0,3.098353306762874,0.4267885982990265,2.3763134479522705,0.015624265186488628,0.559253990650177,steady,0.0
cross,probe_1_straight,friction_vlow,normal,d1_ep00065,d1_ep00006,19,0.95,0.0,3.409568033181131,0.46327969431877136,2.632538080215454,0.011781773529946804,0.6039369702339172,steady,0.0
cross,probe_1_straight,friction_vlow,normal,d1_ep00065,d1_ep00007,19,0.95,0.0,3.481933598406613,0.4311383366584778,2.481945753097534,0.014747981913387775,1.1082030534744263,steady,0.0
cross,probe_1_straight,friction_vlow,normal,d1_ep00066,d0_ep00386,19,0.95,0.0,2.222052186727524,0.3538079559803009,1.5241330862045288,0.047632187604904175,0.5929579138755798,steady,0.0
cross,probe_1_straight,friction_vlow,normal,d1_ep00066,d0_ep00387,19,0.95,0.0,2.141892608255148,0.3401547968387604,1.5320061445236206,0.05660405382514,0.4262552261352539,steady,0.0
cross,probe_1_straight,friction_vlow,normal,d1_ep00066,d0_ep00388,19,0.95,0.0,1.7724579647183418,0.29160889983177185,1.0083502531051636,0.06583485752344131,0.8133279085159302,steady,0.0
cross,probe_1_straight,friction_vlow,normal,d1_ep00066,d0_ep00398,19,0.95,0.0,2.2554283812642097,0.2848168611526489,1.5808662176132202,0.053347148001194,0.6727963089942932,steady,0.0
cross,probe_1_straight,friction_vlow,normal,d1_ep00066,d0_ep00400,19,0.95,0.0,2.3903595581650734,0.2939163148403168,1.7667820453643799,0.03498444706201553,0.5893535017967224,steady,0.0
cross,probe_1_straight,friction_vlow,normal,d1_ep00066,d0_ep00412,79,3.95,0.0,1.9806225299835205,0.15684257447719574,1.5172792673110962,0.03378264605998993,0.5454360842704773,steady,0.0
cross,probe_1_straight,friction_vlow,normal,d1_ep00066,d1_ep00002,19,0.95,0.0,1.8162502963095903,0.41439089179039,0.9569092392921448,0.015756817534565926,0.8583866953849792,steady,0.0
cross,probe_1_straight,friction_vlow,normal,d1_ep00066,d1_ep00005,19,0.95,0.0,1.7631802707910538,0.28504645824432373,0.9492580890655518,0.03333427011966705,0.9910829067230225,steady,0.0
cross,probe_1_straight,friction_vlow,normal,d1_ep00067,d0_ep00386,19,0.95,0.0,2.6248623579740524,0.2830637991428375,2.0786516666412354,0.05312667787075043,0.42004042863845825,steady,0.0
cross,probe_1_straight,friction_vlow,normal,d1_ep00067,d0_ep00387,19,0.95,0.0,2.6423435136675835,0.28303399682044983,2.079683303833008,0.06377386301755905,0.43170469999313354,steady,0.0
cross,probe_1_straight,friction_vlow,normal,d1_ep00067,d0_ep00388,19,0.95,0.0,2.3532946705818176,0.22168496251106262,1.5833015441894531,0.07896050810813904,0.9386953115463257,steady,0.0
cross,probe_1_straight,friction_vlow,normal,d1_ep00067,d0_ep00398,19,0.95,0.0,2.7981832027435303,0.2057357281446457,2.1479809284210205,0.06607149541378021,0.7567901015281677,steady,0.0
cross,probe_1_straight,friction_vlow,normal,d1_ep00067,d0_ep00399,19,0.95,0.0,1.8700171783566475,0.41755831241607666,1.078141450881958,0.03240255266427994,0.6838297247886658,steady,0.0
cross,probe_1_straight,friction_vlow,normal,d1_ep00067,d0_ep00400,19,0.95,0.0,2.904803391546011,0.22238968312740326,2.314910650253296,0.044893693178892136,0.6452187299728394,steady,0.0
cross,probe_1_straight,friction_vlow,normal,d1_ep00067,d0_ep00400,79,3.95,0.0,1.8715232945978642,0.3796084523200989,1.1747536659240723,0.0358029343187809,0.5627164840698242,steady,0.0
cross,probe_1_straight,friction_vlow,normal,d1_ep00067,d0_ep00411,19,0.95,0.0,1.9636170864105225,0.34076640009880066,1.074769377708435,0.05548390746116638,0.9851948022842407,steady,0.0
cross,probe_1_straight,friction_vlow,normal,d1_ep00067,d0_ep00412,19,0.95,0.0,2.1693149022758007,0.27847689390182495,1.6950029134750366,0.04202338680624962,0.30762341618537903,steady,0.0
cross,probe_1_straight,friction_vlow,normal,d1_ep00067,d0_ep00412,79,3.95,0.0,2.231273051351309,0.20648863911628723,1.7222414016723633,0.020224686712026596,0.5646366477012634,steady,0.0
cross,probe_1_straight,friction_vlow,normal,d1_ep00067,d0_ep00030,19,0.95,0.0,2.256737671792507,0.3567720651626587,1.3450921773910522,0.05590664595365524,0.997933566570282,steady,0.0
cross,probe_1_straight,friction_vlow,normal,d1_ep00067,d0_ep00031,19,0.95,0.0,2.2212099097669125,0.21120253205299377,1.3857522010803223,0.0549277625977993,1.1386548280715942,steady,0.0
cross,probe_1_straight,friction_vlow,normal,d1_ep00067,d0_ep00032,19,0.95,0.0,1.9992793947458267,0.2630535066127777,1.1413015127182007,0.06735502183437347,1.0551387071609497,steady,0.0
cross,probe_1_straight,friction_vlow,normal,d1_ep00067,d1_ep00000,19,0.95,0.0,2.0164694152772427,0.321112722158432,1.1505391597747803,0.05261942371726036,0.98439621925354,steady,0.0
cross,probe_1_straight,friction_vlow,normal,d1_ep00067,d1_ep00001,19,0.95,0.0,2.2368362694978714,0.276086688041687,1.3645931482315063,0.04159511625766754,1.109122633934021,steady,0.0
cross,probe_1_straight,friction_vlow,normal,d1_ep00067,d1_ep00002,19,0.95,0.0,2.3662031162530184,0.36245739459991455,1.4695457220077515,0.025294529274106026,1.0178109407424927,steady,0.0
cross,probe_1_straight,friction_vlow,normal,d1_ep00067,d1_ep00002,119,5.95,0.0,1.7871676869690418,0.2550449073314667,1.015472650527954,0.013067472726106644,1.0071653127670288,steady,0.0
cross,probe_1_straight,friction_vlow,normal,d1_ep00067,d1_ep00003,19,0.95,0.0,1.9568798914551735,0.3936775028705597,1.0584315061569214,0.039013512432575226,0.9315147399902344,steady,0.0
cross,probe_1_straight,friction_vlow,normal,d1_ep00067,d1_ep00004,19,0.95,0.0,2.089168380945921,0.3323248624801636,1.1785688400268555,0.057465147227048874,1.041619062423706,steady,0.0
cross,probe_1_straight,friction_vlow,normal,d1_ep00067,d1_ep00005,19,0.95,0.0,2.3458528593182564,0.22274985909461975,1.5217236280441284,0.04316911846399307,1.1164205074310303,steady,0.0
cross,probe_1_straight,friction_vlow,normal,d1_ep00067,d1_ep00006,19,0.95,0.0,2.258942611515522,0.26664668321609497,1.388069748878479,0.0387117937207222,1.1310287714004517,steady,0.0
cross,probe_1_straight,friction_vlow,normal,d1_ep00067,d1_ep00007,19,0.95,0.0,2.0173176303505898,0.24293258786201477,1.491300106048584,0.04930917173624039,0.4675515294075012,steady,0.0
cross,probe_1_straight,friction_vlow,normal,d1_ep00067,d1_ep00007,119,5.95,0.0,1.9307681042701006,0.3207513689994812,1.0888550281524658,0.021619589999318123,0.9990842342376709,steady,0.0
cross,probe_1_straight,friction_vlow,normal,d1_ep00068,d0_ep00388,19,0.95,0.0,1.7502919733524323,0.2616361975669861,1.0551193952560425,0.05393505096435547,0.7592026591300964,steady,0.0
cross,probe_1_straight,friction_vlow,normal,d1_ep00068,d0_ep00399,19,0.95,0.0,2.3000213615596294,0.39280012249946594,1.6060473918914795,0.0524851493537426,0.4973773956298828,steady,0.0
cross,probe_1_straight,friction_vlow,normal,d1_ep00068,d0_ep00399,39,1.95,0.0,1.8861600514501333,0.08272044360637665,1.4725737571716309,0.018914034590125084,0.6239036321640015,steady,0.0
cross,probe_1_straight,friction_vlow,normal,d1_ep00068,d0_ep00410,19,0.95,0.0,2.1791238225996494,0.30970415472984314,1.479100227355957,0.05289033427834511,0.6748582124710083,steady,0.0
cross,probe_1_straight,friction_vlow,normal,d1_ep00068,d0_ep00411,19,0.95,0.0,2.4496323466300964,0.3404880464076996,1.7147308588027954,0.04108017683029175,0.7066665291786194,steady,0.0
cross,probe_1_straight,friction_vlow,normal,d1_ep00068,d0_ep00030,19,0.95,0.0,2.05025564879179,0.36831557750701904,1.2917227745056152,0.05197375267744064,0.6764870882034302,steady,0.0
cross,probe_1_straight,friction_vlow,normal,d1_ep00068,d0_ep00031,19,0.95,0.0,2.0218318849802017,0.24914346635341644,1.287986159324646,0.0498119592666626,0.8697806000709534,steady,0.0
cross,probe_1_straight,friction_vlow,normal,d1_ep00068,d0_ep00032,19,0.95,0.0,2.231248628348112,0.27782195806503296,1.5370372533798218,0.04322073981165886,0.746337354183197,steady,0.0
cross,probe_1_straight,friction_vlow,normal,d1_ep00068,d0_ep00032,79,3.95,0.0,1.9001967944204807,0.09051409363746643,1.399143099784851,0.04417652264237404,0.7327261567115784,steady,0.0
cross,probe_1_straight,friction_vlow,normal,d1_ep00068,d1_ep00000,19,0.95,0.0,2.2938562147319317,0.3265213370323181,1.6582797765731812,0.03513706848025322,0.5478360652923584,steady,0.0
cross,probe_1_straight,friction_vlow,normal,d1_ep00068,d1_ep00001,19,0.95,0.0,2.1841113045811653,0.298458993434906,1.411475419998169,0.04498762637376785,0.858378529548645,steady,0.0
cross,probe_1_straight,friction_vlow,normal,d1_ep00068,d1_ep00002,19,0.95,0.0,1.9413674175739288,0.38750404119491577,1.130764365196228,0.05648353695869446,0.7332309484481812,steady,0.0
cross,probe_1_straight,friction_vlow,normal,d1_ep00068,d1_ep00003,19,0.95,0.0,2.3925035260617733,0.4087582230567932,1.6708581447601318,0.04448273405432701,0.5368088483810425,steady,0.0
cross,probe_1_straight,friction_vlow,normal,d1_ep00068,d1_ep00004,19,0.95,0.0,2.261074546724558,0.34927529096603394,1.5323423147201538,0.05037698522210121,0.6581599116325378,steady,0.0
cross,probe_1_straight,friction_vlow,normal,d1_ep00068,d1_ep00005,19,0.95,0.0,1.8197989240288734,0.25622648000717163,1.0854730606079102,0.052605487406253815,0.8509877920150757,steady,0.0
cross,probe_1_straight,friction_vlow,normal,d1_ep00068,d1_ep00006,19,0.95,0.0,2.158539790660143,0.29169949889183044,1.3673585653305054,0.05597822740674019,0.8870069980621338,steady,0.0
cross,probe_1_straight,friction_vlow,normal,d1_ep00068,d1_ep00007,19,0.95,0.0,1.8909028507769108,0.2604655921459198,1.1683796644210815,0.06045940890908241,0.803196370601654,steady,0.0
cross,probe_1_straight,friction_vlow,normal,d1_ep00069,d0_ep00386,19,0.95,0.0,2.437967050820589,0.39621514081954956,1.3209308385849,0.03392611816525459,1.37378990650177,steady,0.0
cross,probe_1_straight,friction_vlow,normal,d1_ep00069,d0_ep00386,39,1.95,0.0,1.7675015591084957,0.0822133794426918,1.3273341655731201,0.03431831672787666,0.6472713947296143,steady,0.0
cross,probe_1_straight,friction_vlow,normal,d1_ep00069,d0_ep00387,19,0.95,0.0,2.319799304008484,0.38329410552978516,1.3098936080932617,0.04452705383300781,1.1641690731048584,steady,0.0
cross,probe_1_straight,friction_vlow,normal,d1_ep00069,d0_ep00388,19,0.95,0.0,2.5001869313418865,0.3353000283241272,1.7647908926010132,0.05981336161494255,0.6805652976036072,steady,0.0
cross,probe_1_straight,friction_vlow,normal,d1_ep00069,d0_ep00398,19,0.95,0.0,2.020244523882866,0.3286474645137787,1.2374249696731567,0.04698805510997772,0.8143680691719055,steady,0.0
cross,probe_1_straight,friction_vlow,normal,d1_ep00069,d0_ep00398,59,2.95,0.0,1.7889582440257072,0.22585199773311615,0.9648069143295288,0.05604846030473709,1.0845017433166504,steady,0.0
cross,probe_1_straight,friction_vlow,normal,d1_ep00069,d0_ep00399,19,0.95,0.0,3.2233062209561467,0.4596422016620636,2.3149569034576416,0.015376639552414417,0.8666609525680542,steady,0.0
cross,probe_1_straight,friction_vlow,normal,d1_ep00069,d0_ep00400,19,0.95,0.0,1.9026553966104984,0.3382634222507477,1.0635147094726562,0.02584115043282509,0.9500722289085388,steady,0.0
cross,probe_1_straight,friction_vlow,normal,d1_ep00069,d0_ep00410,19,0.95,0.0,3.3273363541811705,0.387046217918396,2.311469793319702,0.017878277227282524,1.2218841314315796,steady,0.0
cross,probe_1_straight,friction_vlow,normal,d1_ep00069,d0_ep00411,19,0.95,0.0,3.0995784401893616,0.40741026401519775,2.4017014503479004,0.03742679953575134,0.5060798525810242,steady,0.0
cross,probe_1_straight,friction_vlow,normal,d1_ep00069,d0_ep00412,19,0.95,0.0,2.706997273489833,0.3833141028881073,1.679215669631958,0.024523107334971428,1.2398887872695923,steady,0.0
cross,probe_1_straight,friction_vlow,normal,d1_ep00069,d0_ep00030,19,0.95,0.0,2.741596531122923,0.4375167191028595,2.03359317779541,0.03671814128756523,0.467536985874176,steady,0.0
cross,probe_1_straight,friction_vlow,normal,d1_ep00069,d0_ep00031,19,0.95,0.0,2.6634182073175907,0.32272154092788696,2.0217502117156982,0.0358792282640934,0.5661344528198242,steady,0.0
cross,probe_1_straight,friction_vlow,normal,d1_ep00069,d0_ep00032,19,0.95,0.0,2.835057597607374,0.3490976095199585,2.2270865440368652,0.048758428543806076,0.42023003101348877,steady,0.0
cross,probe_1_straight,friction_vlow,normal,d1_ep00069,d1_ep00000,19,0.95,0.0,2.9655831828713417,0.3958769142627716,2.33280086517334,0.03617829829454422,0.40145421028137207,steady,0.0
cross,probe_1_straight,friction_vlow,normal,d1_ep00069,d1_ep00001,19,0.95,0.0,2.7951517086476088,0.37558069825172424,2.0881869792938232,0.024577198550105095,0.6136136651039124,steady,0.0
cross,probe_1_straight,friction_vlow,normal,d1_ep00069,d1_ep00002,19,0.95,0.0,2.558580863289535,0.4574085772037506,1.8808908462524414,0.010783377103507519,0.418996125459671,steady,0.0
cross,probe_1_straight,friction_vlow,normal,d1_ep00069,d1_ep00003,19,0.95,0.0,3.074207032099366,0.4760257303714752,2.3462295532226562,0.023249397054314613,0.4574047029018402,steady,0.0
cross,probe_1_straight,friction_vlow,normal,d1_ep00069,d1_ep00004,19,0.95,0.0,2.84869447350502,0.4205125868320465,2.2124876976013184,0.03835703432559967,0.3546743094921112,steady,0.0
cross,probe_1_straight,friction_vlow,normal,d1_ep00069,d1_ep00005,19,0.95,0.0,2.459080098196864,0.3287791311740875,1.8292757272720337,0.024172542616724968,0.5537053942680359,steady,0.0
cross,probe_1_straight,friction_vlow,normal,d1_ep00069,d1_ep00006,19,0.95,0.0,2.739059431478381,0.36631718277931213,2.0478038787841797,0.01954681985080242,0.6107831001281738,steady,0.0
cross,probe_1_straight,friction_vlow,normal,d1_ep00069,d1_ep00007,19,0.95,0.0,2.8333447240293026,0.334595263004303,1.916548252105713,0.03004935011267662,1.1043037176132202,steady,0.0
cross,probe_1_straight,friction_vlow,normal,d1_ep00070,d0_ep00386,19,0.95,0.0,3.3645517863333225,0.22655919194221497,2.915367841720581,0.031760323792696,0.381728857755661,steady,0.0
cross,probe_1_straight,friction_vlow,normal,d1_ep00070,d0_ep00387,19,0.95,0.0,3.431284260004759,0.23155200481414795,2.919123649597168,0.03665636107325554,0.48790448904037476,steady,0.0
cross,probe_1_straight,friction_vlow,normal,d1_ep00070,d0_ep00388,19,0.95,0.0,3.1022171936929226,0.17255575954914093,2.40358304977417,0.039769064635038376,0.9726186394691467,steady,0.0
cross,probe_1_straight,friction_vlow,normal,d1_ep00070,d0_ep00388,79,3.95,0.0,1.9243541732430458,0.14880992472171783,1.4940590858459473,0.05983417481184006,0.4433019757270813,steady,0.0
cross,probe_1_straight,friction_vlow,normal,d1_ep00070,d0_ep00398,19,0.95,0.0,3.569871164858341,0.16054271161556244,2.981123924255371,0.02863859385251999,0.7991318702697754,steady,0.0
cross,probe_1_straight,friction_vlow,normal,d1_ep00070,d0_ep00399,19,0.95,0.0,2.570998702198267,0.35809847712516785,1.8581146001815796,0.01874152198433876,0.6720882058143616,steady,0.0
cross,probe_1_straight,friction_vlow,normal,d1_ep00070,d0_ep00400,19,0.95,0.0,3.737167926505208,0.18477030098438263,3.1557023525238037,0.01967446692287922,0.7540416121482849,steady,0.0
cross,probe_1_straight,friction_vlow,normal,d1_ep00070,d0_ep00400,79,3.95,0.0,2.294746719300747,0.3175218403339386,1.635964274406433,0.044458501040935516,0.5936042070388794,steady,0.0
cross,probe_1_straight,friction_vlow,normal,d1_ep00070,d0_ep00410,19,0.95,0.0,2.3744362257421017,0.23534193634986877,1.9277902841567993,0.018627073615789413,0.38535386323928833,steady,0.0
cross,probe_1_straight,friction_vlow,normal,d1_ep00070,d0_ep00411,19,0.95,0.0,2.613551908172667,0.29017317295074463,1.802187204360962,0.014184706844389439,1.014013648033142,steady,0.0
cross,probe_1_straight,friction_vlow,normal,d1_ep00070,d0_ep00412,19,0.95,0.0,2.94684203248471,0.22537630796432495,2.524998426437378,0.011920216493308544,0.3690941631793976,steady,0.0
cross,probe_1_straight,friction_vlow,normal,d1_ep00070,d0_ep00412,79,3.95,0.0,2.680456604808569,0.1546175628900528,2.178886890411377,0.028976183384656906,0.6359519362449646,steady,0.0
cross,probe_1_straight,friction_vlow,normal,d1_ep00070,d0_ep00030,19,0.95,0.0,2.981201644986868,0.30579158663749695,2.1427111625671387,0.024079110473394394,1.0172395706176758,steady,0.0
cross,probe_1_straight,friction_vlow,normal,d1_ep00070,d0_ep00030,79,3.95,0.0,2.0571261812001467,0.10007340461015701,1.5297585725784302,0.01596660353243351,0.822655200958252,steady,0.0
cross,probe_1_straight,friction_vlow,normal,d1_ep00070,d0_ep00031,19,0.95,0.0,2.929176604375243,0.16195616126060486,2.1662280559539795,0.021612709388136864,1.158759355545044,steady,0.0
cross,probe_1_straight,friction_vlow,normal,d1_ep00070,d0_ep00032,19,0.95,0.0,2.7283271495252848,0.21216470003128052,1.9442839622497559,0.025346452370285988,1.0930640697479248,steady,0.0
cross,probe_1_straight,friction_vlow,normal,d1_ep00070,d1_ep00000,19,0.95,0.0,2.6482191276736557,0.2691848874092102,1.8778163194656372,0.005832691211253405,0.9907704591751099,steady,0.0
cross,probe_1_straight,friction_vlow,normal,d1_ep00070,d1_ep00001,19,0.95,0.0,2.907099802978337,0.21687553822994232,2.116361618041992,0.01073059905320406,1.1262640953063965,steady,0.0
cross,probe_1_straight,friction_vlow,normal,d1_ep00070,d1_ep00002,19,0.95,0.0,3.1737668327987194,0.31409820914268494,2.3116726875305176,0.024233531206846237,1.0475248098373413,steady,0.0
cross,probe_1_straight,friction_vlow,normal,d1_ep00070,d1_ep00002,79,3.95,0.0,1.9133434183895588,0.20570698380470276,1.414575457572937,0.046470481902360916,0.4931809902191162,steady,0.0
cross,probe_1_straight,friction_vlow,normal,d1_ep00070,d1_ep00003,19,0.95,0.0,2.6652346113696694,0.3456117510795593,1.8353147506713867,0.010736958123743534,0.9471423029899597,steady,0.0
cross,probe_1_straight,friction_vlow,normal,d1_ep00070,d1_ep00004,19,0.95,0.0,2.801806705072522,0.2803567349910736,1.9635493755340576,0.023582326248288155,1.0686365365982056,steady,0.0
cross,probe_1_straight,friction_vlow,normal,d1_ep00070,d1_ep00005,19,0.95,0.0,3.107780558988452,0.17445357143878937,2.3452041149139404,0.01930185966193676,1.1376420259475708,steady,0.0
cross,probe_1_straight,friction_vlow,normal,d1_ep00070,d1_ep00006,19,0.95,0.0,2.9607654847204685,0.21238327026367188,2.1492056846618652,0.021979931741952896,1.154393196105957,steady,0.0
cross,probe_1_straight,friction_vlow,normal,d1_ep00070,d1_ep00007,19,0.95,0.0,2.778310613706708,0.18846039474010468,2.2773935794830322,0.02908972091972828,0.5667338371276855,steady,0.0
cross,probe_1_straight,friction_vlow,normal,d1_ep00070,d1_ep00007,79,3.95,0.0,1.9067823141813278,0.11322861909866333,1.355104684829712,0.010432854294776917,0.8560323119163513,steady,0.0
cross,probe_1_straight,friction_vlow,normal,d1_ep00071,d0_ep00386,19,0.95,0.0,2.2419013418257236,0.3228694200515747,1.2632412910461426,0.062221769243478775,1.1871377229690552,steady,0.0
cross,probe_1_straight,friction_vlow,normal,d1_ep00071,d0_ep00387,19,0.95,0.0,2.1361347064375877,0.3214597702026367,1.2776302099227905,0.07288413494825363,0.9283211827278137,steady,0.0
cross,probe_1_straight,friction_vlow,normal,d1_ep00071,d0_ep00398,19,0.95,0.0,1.944789007306099,0.240543931722641,1.3096145391464233,0.07699750363826752,0.6352660655975342,steady,0.0
cross,probe_1_straight,friction_vlow,normal,d1_ep00071,d0_ep00400,19,0.95,0.0,2.1397816576063633,0.2531854808330536,1.5061455965042114,0.05601224675774574,0.6488766670227051,steady,0.0
cross,probe_1_straight,friction_vlow,normal,d1_ep00071,d0_ep00412,19,0.95,0.0,1.7644531428813934,0.3174093961715698,0.8883779048919678,0.054516226053237915,1.0082992315292358,steady,0.0
cross,probe_2_accel_decel,friction_vlow,normal,d1_ep00072,d1_ep00010,139,6.95,0.0,1.7941366760060191,0.10382753610610962,1.353440761566162,0.012968036346137524,0.6478006839752197,transition,0.4000000059604645
cross,probe_2_accel_decel,friction_vlow,normal,d1_ep00072,d1_ep00014,139,6.95,0.0,1.8501907987520099,0.1431005895137787,1.3739665746688843,0.011800001375377178,0.6426472663879395,transition,0.4000000059604645
cross,probe_2_accel_decel,friction_vlow,normal,d1_ep00073,d0_ep00033,19,0.95,0.0,1.8736134245991707,0.16170164942741394,1.294415831565857,0.06951955705881119,0.6959527730941772,transition,0.29999998211860657
cross,probe_2_accel_decel,friction_vlow,normal,d1_ep00073,d0_ep00034,19,0.95,0.0,1.9631500709801912,0.031101224943995476,1.5624496936798096,0.053653646260499954,0.6318910121917725,transition,0.29999998211860657
cross,probe_2_accel_decel,friction_vlow,normal,d1_ep00073,d0_ep00035,19,0.95,0.0,2.0348238572478294,0.10036691278219223,1.6265512704849243,0.03156289458274841,0.552685558795929,transition,0.29999998211860657
cross,probe_2_accel_decel,friction_vlow,normal,d1_ep00073,d1_ep00010,19,0.95,0.0,2.0995886884629726,0.07397501915693283,1.6621414422988892,0.03038603439927101,0.6661723852157593,transition,0.29999998211860657
cross,probe_2_accel_decel,friction_vlow,normal,d1_ep00073,d1_ep00010,139,6.95,0.0,2.0035619772970676,0.05620132386684418,1.575819492340088,0.021602589637041092,0.699877142906189,transition,0.4000000059604645
cross,probe_2_accel_decel,friction_vlow,normal,d1_ep00073,d1_ep00012,19,0.95,0.0,2.2040905468165874,0.06060357019305229,1.8998210430145264,0.05009046196937561,0.38715094327926636,transition,0.29999998211860657
cross,probe_2_accel_decel,friction_vlow,normal,d1_ep00073,d1_ep00012,139,6.95,0.0,1.7519704876467586,0.07302259653806686,1.3921045064926147,0.011572803370654583,0.5505411624908447,transition,0.4000000059604645
cross,probe_2_accel_decel,friction_vlow,normal,d1_ep00073,d1_ep00012,159,7.95,0.0,1.7584133483469486,0.05677657574415207,1.3751932382583618,0.038117509335279465,0.5766520500183105,steady,0.0
cross,probe_2_accel_decel,friction_vlow,normal,d1_ep00073,d1_ep00013,19,0.95,0.0,2.0979990027844906,0.07775820791721344,1.6439440250396729,0.055007319897413254,0.6425788998603821,transition,0.29999998211860657
cross,probe_2_accel_decel,friction_vlow,normal,d1_ep00073,d1_ep00014,139,6.95,0.0,2.076944287866354,0.10182005912065506,1.6005325317382812,0.02849452570080757,0.6921943426132202,transition,0.4000000059604645
cross,probe_2_accel_decel,friction_vlow,normal,d1_ep00073,d1_ep00015,19,0.95,0.0,1.776330977678299,0.08891309797763824,1.4101364612579346,0.03234291076660156,0.48987701535224915,transition,0.29999998211860657
cross,probe_2_accel_decel,friction_vlow,normal,d1_ep00074,d0_ep00033,19,0.95,0.0,2.1175428591668606,0.17750078439712524,1.650882601737976,0.02855050191283226,0.521217942237854,transition,0.29999998211860657
cross,probe_2_accel_decel,friction_vlow,normal,d1_ep00074,d0_ep00034,19,0.95,0.0,1.8188525848090649,0.0978134274482727,1.3514376878738403,0.04567752406001091,0.6478478908538818,transition,0.29999998211860657
cross,probe_2_accel_decel,friction_vlow,normal,d1_ep00074,d0_ep00035,19,0.95,0.0,1.9093477446585894,0.1423613429069519,1.2894505262374878,0.026882322505116463,0.9013071060180664,transition,0.29999998211860657
cross,probe_2_accel_decel,friction_vlow,normal,d1_ep00074,d1_ep00008,19,0.95,0.0,2.2844479540362954,0.10854493081569672,1.9631682634353638,0.009129242040216923,0.407211035490036,transition,0.29999998211860657
cross,probe_2_accel_decel,friction_vlow,normal,d1_ep00074,d1_ep00008,39,1.95,0.0,1.8566285111010075,0.0874270424246788,1.5235416889190674,0.03425685688853264,0.4228058457374573,steady,0.0
cross,probe_2_accel_decel,friction_vlow,normal,d1_ep00074,d1_ep00009,19,0.95,0.0,2.2661380246281624,0.18859699368476868,1.6318254470825195,0.021431781351566315,0.8485676050186157,transition,0.29999998211860657
cross,probe_2_accel_decel,friction_vlow,normal,d1_ep00074,d1_ep00010,19,0.95,0.0,1.8597899749875069,0.11499131470918655,1.2528170347213745,0.04272940754890442,0.8985044360160828,transition,0.29999998211860657
cross,probe_2_accel_decel,friction_vlow,normal,d1_ep00074,d1_ep00011,19,0.95,0.0,2.450546108186245,0.13724975287914276,1.8234341144561768,0.04180631786584854,0.8961118459701538,transition,0.29999998211860657
cross,probe_2_accel_decel,friction_vlow,normal,d1_ep00074,d1_ep00014,19,0.95,0.0,2.4274924881756306,0.1433783918619156,2.0509278774261475,0.036986056715250015,0.392400324344635,transition,0.29999998211860657
cross,probe_2_accel_decel,friction_vlow,normal,d1_ep00074,d1_ep00015,19,0.95,0.0,1.9366772174835205,0.1450747549533844,1.543482780456543,0.015146970748901367,0.46594542264938354,transition,0.29999998211860657
cross,probe_2_accel_decel,friction_vlow,normal,d1_ep00075,d0_ep00033,99,4.95,0.0,2.0433280244469643,0.2939089238643646,1.1228948831558228,0.10567236691713333,1.041703701019287,transition,0.5
cross,probe_2_accel_decel,friction_vlow,normal,d1_ep00075,d0_ep00034,19,0.95,0.0,1.7793571390211582,0.11945248395204544,1.1773622035980225,0.05412432178854942,0.8568362593650818,transition,0.29999998211860657
cross,probe_2_accel_decel,friction_vlow,normal,d1_ep00075,d0_ep00034,79,3.95,0.0,1.8213820792734623,0.2049960494041443,1.302408218383789,0.04762798920273781,0.5326996445655823,steady,0.0
cross,probe_2_accel_decel,friction_vlow,normal,d1_ep00075,d0_ep00034,99,4.95,0.0,1.9242836087942123,0.27629080414772034,1.0375957489013672,0.10566486418247223,1.0094643831253052,transition,0.5
cross,probe_2_accel_decel,friction_vlow,normal,d1_ep00075,d0_ep00035,99,4.95,0.0,2.2271602004766464,0.3012063205242157,1.3650784492492676,0.09652800858020782,0.9286948442459106,transition,0.5
cross,probe_2_accel_decel,friction_vlow,normal,d1_ep00075,d1_ep00008,99,4.95,0.0,1.905141368508339,0.34658175706863403,0.9440793395042419,0.11465699970722198,0.9996465444564819,transition,0.5
cross,probe_2_accel_decel,friction_vlow,normal,d1_ep00075,d1_ep00009,99,4.95,0.0,2.342428080737591,0.3538733124732971,1.3317115306854248,0.10963600128889084,1.094414472579956,transition,0.5
cross,probe_2_accel_decel,friction_vlow,normal,d1_ep00075,d1_ep00010,99,4.95,0.0,2.149439461529255,0.3187476396560669,1.1528537273406982,0.11380500346422195,1.1280661821365356,transition,0.5
cross,probe_2_accel_decel,friction_vlow,normal,d1_ep00075,d1_ep00011,99,4.95,0.0,2.2333347871899605,0.3069232702255249,1.2918179035186768,0.10719127207994461,1.0548046827316284,transition,0.5
cross,probe_2_accel_decel,friction_vlow,normal,d1_ep00075,d1_ep00012,19,0.95,0.0,1.9736117795109749,0.1650320291519165,1.5288366079330444,0.04134374111890793,0.47679880261421204,transition,0.29999998211860657
cross,probe_2_accel_decel,friction_vlow,normal,d1_ep00075,d1_ep00012,99,4.95,0.0,2.0218949541449547,0.29289281368255615,1.117992639541626,0.10215123742818832,1.0177165269851685,transition,0.5
cross,probe_2_accel_decel,friction_vlow,normal,d1_ep00075,d1_ep00013,19,0.95,0.0,1.9178718216717243,0.1836838722229004,1.2645455598831177,0.041798729449510574,0.8556873202323914,transition,0.29999998211860657
cross,probe_2_accel_decel,friction_vlow,normal,d1_ep00075,d1_ep00013,99,4.95,0.0,2.0723590925335884,0.2832152247428894,1.2150483131408691,0.08850333839654922,0.9711844325065613,transition,0.5
cross,probe_2_accel_decel,friction_vlow,normal,d1_ep00075,d1_ep00014,99,4.95,0.0,2.2848304957151413,0.30655649304389954,1.288244605064392,0.12346179783344269,1.133135199546814,transition,0.5
cross,probe_2_accel_decel,friction_vlow,normal,d1_ep00075,d1_ep00015,99,4.95,0.0,1.9269961342215538,0.28167223930358887,1.0924230813980103,0.1052185520529747,0.89536452293396,transition,0.5
cross,probe_2_accel_decel,friction_vlow,normal,d1_ep00076,d0_ep00033,99,4.95,0.0,2.53302463889122,0.2792668342590332,1.6347453594207764,0.10163477063179016,1.0347553491592407,transition,0.5
cross,probe_2_accel_decel,friction_vlow,normal,d1_ep00076,d0_ep00034,99,4.95,0.0,2.2644365951418877,0.2688598334789276,1.3957988023757935,0.10220848768949509,0.995138943195343,transition,0.5
cross,probe_2_accel_decel,friction_vlow,normal,d1_ep00076,d0_ep00035,99,4.95,0.0,2.84557331353426,0.2832074463367462,1.9969710111618042,0.09653464704751968,0.9377204179763794,transition,0.5
cross,probe_2_accel_decel,friction_vlow,normal,d1_ep00076,d1_ep00008,99,4.95,0.0,2.311366692185402,0.3325030505657196,1.3777925968170166,0.10736314952373505,0.9874157905578613,transition,0.5
cross,probe_2_accel_decel,friction_vlow,normal,d1_ep00076,d1_ep00009,99,4.95,0.0,2.7256517559289932,0.3399287462234497,1.7414162158966064,0.1038331538438797,1.0809472799301147,transition,0.5
cross,probe_2_accel_decel,friction_vlow,normal,d1_ep00076,d1_ep00010,99,4.95,0.0,2.530963435769081,0.3008654713630676,1.5477924346923828,0.11009736359119415,1.144416332244873,transition,0.5
cross,probe_2_accel_decel,friction_vlow,normal,d1_ep00076,d1_ep00011,99,4.95,0.0,2.6071867644786835,0.2962358891963959,1.6970057487487793,0.10056591033935547,1.0267584323883057,transition,0.5
cross,probe_2_accel_decel,friction_vlow,normal,d1_ep00076,d1_ep00012,99,4.95,0.0,2.587298795580864,0.2825896441936493,1.7035222053527832,0.09623034298419952,1.0099132061004639,transition,0.5
cross,probe_2_accel_decel,friction_vlow,normal,d1_ep00076,d1_ep00013,99,4.95,0.0,2.632229872047901,0.2759067714214325,1.7752889394760132,0.08985332399606705,0.9823616743087769,transition,0.5
cross,probe_2_accel_decel,friction_vlow,normal,d1_ep00076,d1_ep00014,99,4.95,0.0,2.8618743270635605,0.2960585951805115,1.8735073804855347,0.12043224275112152,1.1437522172927856,transition,0.5
cross,probe_2_accel_decel,friction_vlow,normal,d1_ep00076,d1_ep00015,99,4.95,0.0,2.2766568437218666,0.26955175399780273,1.4434683322906494,0.10467950254678726,0.9179145097732544,transition,0.5
cross,probe_2_accel_decel,friction_vlow,normal,d1_ep00077,d0_ep00033,99,4.95,0.0,1.9112634509801865,0.24280083179473877,1.069169044494629,0.09517888724803925,1.008229374885559,transition,0.5
cross,probe_2_accel_decel,friction_vlow,normal,d1_ep00077,d0_ep00034,79,3.95,0.0,1.8363139368593693,0.17058445513248444,1.4097235202789307,0.03537176921963692,0.4412683844566345,steady,0.0
cross,probe_2_accel_decel,friction_vlow,normal,d1_ep00077,d0_ep00034,99,4.95,0.0,1.7994014993309975,0.22670692205429077,0.991237461566925,0.0948488786816597,0.9732164740562439,transition,0.5
cross,probe_2_accel_decel,friction_vlow,normal,d1_ep00077,d0_ep00035,99,4.95,0.0,2.1319493800401688,0.25393566489219666,1.3436195850372314,0.08480678498744965,0.899174690246582,transition,0.5
cross,probe_2_accel_decel,friction_vlow,normal,d1_ep00077,d1_ep00008,99,4.95,0.0,1.7874344810843468,0.2913020849227905,0.8983638882637024,0.1071443185210228,0.9812483787536621,transition,0.5
cross,probe_2_accel_decel,friction_vlow,normal,d1_ep00077,d1_ep00009,99,4.95,0.0,2.2024742141366005,0.29145166277885437,1.2756906747817993,0.10046560317277908,1.0697325468063354,transition,0.5
cross,probe_2_accel_decel,friction_vlow,normal,d1_ep00077,d1_ep00010,99,4.95,0.0,2.026834584772587,0.25985783338546753,1.108852744102478,0.10309997946023941,1.1100480556488037,transition,0.5
cross,probe_2_accel_decel,friction_vlow,normal,d1_ep00077,d1_ep00011,99,4.95,0.0,2.11381097137928,0.2503628134727478,1.2514533996582031,0.09888483583927155,1.0262198448181152,transition,0.5
cross,probe_2_accel_decel,friction_vlow,normal,d1_ep00077,d1_ep00012,19,0.95,0.0,1.7529073469340801,0.06022558733820915,1.3771355152130127,0.06318923830986023,0.5047140121459961,transition,0.29999998211860657
cross,probe_2_accel_decel,friction_vlow,normal,d1_ep00077,d1_ep00012,99,4.95,0.0,1.914816953241825,0.2451358288526535,1.0789613723754883,0.09313147515058517,0.9951765537261963,transition,0.5
cross,probe_2_accel_decel,friction_vlow,normal,d1_ep00077,d1_ep00013,79,3.95,0.0,1.8561401888728142,0.17536255717277527,1.2277435064315796,0.03701474517583847,0.8320387601852417,steady,0.0
cross,probe_2_accel_decel,friction_vlow,normal,d1_ep00077,d1_ep00013,99,4.95,0.0,1.9379693195223808,0.22797326743602753,1.166723370552063,0.07686112076044083,0.932823121547699,transition,0.5
cross,probe_2_accel_decel,friction_vlow,normal,d1_ep00077,d1_ep00014,99,4.95,0.0,2.164160802960396,0.25110945105552673,1.2403690814971924,0.11240951716899872,1.120545506477356,transition,0.5
cross,probe_2_accel_decel,friction_vlow,normal,d1_ep00077,d1_ep00015,99,4.95,0.0,1.767918974161148,0.23117096722126007,1.0117403268814087,0.09353141486644745,0.8629525303840637,transition,0.5
cross,probe_2_accel_decel,friction_vlow,normal,d1_ep00078,d0_ep00033,39,1.95,0.0,2.194563982076943,0.07816354930400848,1.865931749343872,0.013129484839737415,0.4746783971786499,steady,0.0
cross,probe_2_accel_decel,friction_vlow,normal,d1_ep00078,d0_ep00034,19,0.95,0.0,1.7972008995711803,0.12356817722320557,1.3270070552825928,0.04511256143450737,0.6030262112617493,transition,0.29999998211860657
cross,probe_2_accel_decel,friction_vlow,normal,d1_ep00078,d0_ep00034,39,1.95,0.0,1.8104012664407492,0.14873388409614563,1.4132167100906372,0.020634135231375694,0.4556330740451813,steady,0.0
cross,probe_2_accel_decel,friction_vlow,normal,d1_ep00078,d0_ep00035,39,1.95,0.0,1.8381261341273785,0.13438047468662262,1.4689302444458008,0.02190813049674034,0.42581456899642944,steady,0.0
cross,probe_2_accel_decel,friction_vlow,normal,d1_ep00078,d0_ep00035,99,4.95,0.0,1.8947604969143867,0.25153642892837524,1.1547107696533203,0.07285238057374954,0.8313218355178833,transition,0.5
cross,probe_2_accel_decel,friction_vlow,normal,d1_ep00078,d1_ep00008,39,1.95,0.0,2.5048317927867174,0.11495515704154968,2.0869762897491455,0.010018469765782356,0.5857637524604797,steady,0.0
cross,probe_2_accel_decel,friction_vlow,normal,d1_ep00078,d1_ep00009,39,1.95,0.0,1.7623465871438384,0.15052664279937744,1.2254003286361694,0.015426418744027615,0.7419863939285278,steady,0.0
cross,probe_2_accel_decel,friction_vlow,normal,d1_ep00078,d1_ep00009,99,4.95,0.0,1.7784861102700233,0.30313095450401306,0.9274071455001831,0.08295092731714249,0.9299941658973694,transition,0.5
cross,probe_2_accel_decel,friction_vlow,normal,d1_ep00078,d1_ep00010,19,0.95,0.0,1.8961802087724209,0.10351986438035965,1.4504286050796509,0.035550136119127274,0.6133632063865662,transition,0.29999998211860657
cross,probe_2_accel_decel,friction_vlow,normal,d1_ep00078,d1_ep00011,39,1.95,0.0,1.7543497635051608,0.1515018194913864,1.3836170434951782,0.011498655192553997,0.41546449065208435,steady,0.0
cross,probe_2_accel_decel,friction_vlow,normal,d1_ep00078,d1_ep00012,19,0.95,0.0,2.0889637880027294,0.16842247545719147,1.7173107862472534,0.03315353021025658,0.3401539921760559,transition,0.29999998211860657
cross,probe_2_accel_decel,friction_vlow,normal,d1_ep00078,d1_ep00012,39,1.95,0.0,1.7788466699421406,0.08271750807762146,1.4585752487182617,0.0295964814722538,0.4159148633480072,steady,0.0
cross,probe_2_accel_decel,friction_vlow,normal,d1_ep00078,d1_ep00013,19,0.95,0.0,1.9600848890841007,0.18446648120880127,1.437423586845398,0.034604642540216446,0.6071803569793701,transition,0.29999998211860657
cross,probe_2_accel_decel,friction_vlow,normal,d1_ep00078,d1_ep00013,39,1.95,0.0,1.7855431456118822,0.145308256149292,1.3454358577728271,0.028974266722798347,0.5316495299339294,steady,0.0
cross,probe_2_accel_decel,friction_vlow,normal,d1_ep00078,d1_ep00014,99,4.95,0.0,1.8954417631030083,0.2579290568828583,1.0460776090621948,0.0965893492102623,0.9896914958953857,transition,0.5
cross,probe_2_accel_decel,friction_vlow,normal,d1_ep00078,d1_ep00015,39,1.95,0.0,2.080179963260889,0.1546046882867813,1.5395750999450684,0.04335339739918709,0.6852935552597046,steady,0.0
cross,probe_2_accel_decel,friction_vlow,normal,d1_ep00079,d0_ep00033,19,0.95,0.0,2.0436061397194862,0.19439701735973358,1.4820200204849243,0.07065107673406601,0.5930760502815247,transition,0.29999998211860657
cross,probe_2_accel_decel,friction_vlow,normal,d1_ep00079,d0_ep00033,99,4.95,0.0,1.834652841091156,0.21337729692459106,1.0542123317718506,0.09102889895439148,0.9520686268806458,transition,0.5
cross,probe_2_accel_decel,friction_vlow,normal,d1_ep00079,d0_ep00035,99,4.95,0.0,2.123645558953285,0.22105175256729126,1.388847827911377,0.08504398167133331,0.8574039936065674,transition,0.5
cross,probe_2_accel_decel,friction_vlow,normal,d1_ep00079,d1_ep00008,19,0.95,0.0,2.173586953431368,0.10512325167655945,1.7954407930374146,0.03889528289437294,0.46825525164604187,transition,0.29999998211860657
cross,probe_2_accel_decel,friction_vlow,normal,d1_ep00079,d1_ep00009,19,0.95,0.0,2.1027917452156544,0.1726861149072647,1.4769257307052612,0.03694174066185951,0.8324763178825378,transition,0.29999998211860657
cross,probe_2_accel_decel,friction_vlow,normal,d1_ep00079,d1_ep00009,99,4.95,0.0,2.0788065418601036,0.26289597153663635,1.2158666849136353,0.09448754042387009,1.0111126899719238,transition,0.5
cross,probe_2_accel_decel,friction_vlow,normal,d1_ep00079,d1_ep00010,99,4.95,0.0,1.887116052210331,0.22663050889968872,1.0290409326553345,0.09933445602655411,1.0642203092575073,transition,0.5
cross,probe_2_accel_decel,friction_vlow,normal,d1_ep00079,d1_ep00011,19,0.95,0.0,2.271505333483219,0.13763049244880676,1.6601732969284058,0.009882397949695587,0.9276382923126221,transition,0.29999998211860657
cross,probe_2_accel_decel,friction_vlow,normal,d1_ep00079,d1_ep00011,99,4.95,0.0,1.9805232658982277,0.22556981444358826,1.181792140007019,0.09206191450357437,0.962198793888092,transition,0.5
cross,probe_2_accel_decel,friction_vlow,normal,d1_ep00079,d1_ep00012,99,4.95,0.0,1.873166024684906,0.22105984389781952,1.0990041494369507,0.08698995411396027,0.9322241544723511,transition,0.5
cross,probe_2_accel_decel,friction_vlow,normal,d1_ep00079,d1_ep00013,99,4.95,0.0,1.9173694103956223,0.20772799849510193,1.1803526878356934,0.07859091460704803,0.9013956189155579,transition,0.5
cross,probe_2_accel_decel,friction_vlow,normal,d1_ep00079,d1_ep00014,19,0.95,0.0,2.3609654903411865,0.1443110853433609,1.884712815284729,0.06792427599430084,0.5280346274375916,transition,0.29999998211860657
cross,probe_2_accel_decel,friction_vlow,normal,d1_ep00079,d1_ep00014,99,4.95,0.0,2.1391283571720123,0.22654208540916443,1.2710424661636353,0.10939466953277588,1.0642982721328735,transition,0.5
cross,probe_2_accel_decel,friction_vlow,normal,d1_ep00079,d1_ep00015,19,0.95,0.0,1.7949427403509617,0.11516527086496353,1.374908685684204,0.03074106201529503,0.548255443572998,transition,0.29999998211860657
cross,probe_3_turn,friction_vlow,normal,d1_ep00080,d0_ep00392,19,0.95,0.0,1.7784949764609337,0.24159526824951172,1.1464358568191528,0.08024709671735764,0.620433509349823,steady,0.0
cross,probe_3_turn,friction_vlow,normal,d1_ep00080,d0_ep00393,19,0.95,0.0,1.815016694366932,0.08656775951385498,1.2585986852645874,0.0946730449795723,0.7503544092178345,steady,0.0
cross,probe_3_turn,friction_vlow,normal,d1_ep00080,d0_ep00394,19,0.95,0.0,2.1295937225222588,0.2711601257324219,1.4260400533676147,0.08848195523023605,0.6878231763839722,steady,0.0
cross,probe_3_turn,friction_vlow,normal,d1_ep00080,d0_ep00405,39,1.95,0.0,1.8282337728887796,0.19405010342597961,1.2307231426239014,0.012846672907471657,0.781227707862854,transition,1.399999976158142
cross,probe_3_turn,friction_vlow,normal,d1_ep00080,d0_ep00417,19,0.95,0.0,2.282170370221138,0.18651379644870758,1.4358739852905273,0.08190929889678955,1.155746579170227,steady,0.0
cross,probe_3_turn,friction_vlow,normal,d1_ep00080,d0_ep00036,39,1.95,0.0,1.7719473633915186,0.09659731388092041,1.0729761123657227,0.02092222310602665,1.1629034280776978,transition,1.399999976158142
cross,probe_3_turn,friction_vlow,normal,d1_ep00080,d0_ep00037,19,0.95,0.0,1.8110134303569794,0.17971350252628326,1.2771999835968018,0.08490954339504242,0.5383808016777039,steady,0.0
cross,probe_3_turn,friction_vlow,normal,d1_ep00080,d0_ep00038,19,0.95,0.0,2.1119503900408745,0.16356796026229858,1.5799275636672974,0.058772973716259,0.6193637847900391,steady,0.0
cross,probe_3_turn,friction_vlow,normal,d1_ep00080,d1_ep00017,39,1.95,0.0,2.0703381672501564,0.26450008153915405,1.2904306650161743,0.015985585749149323,0.9988436698913574,transition,1.399999976158142
cross,probe_3_turn,friction_vlow,normal,d1_ep00080,d1_ep00018,39,1.95,0.0,1.9116676803678274,0.17019370198249817,1.2883458137512207,0.009028589352965355,0.8881991505622864,transition,1.399999976158142
cross,probe_3_turn,friction_vlow,normal,d1_ep00080,d1_ep00019,19,0.95,0.0,1.8910953924059868,0.24668385088443756,1.1427949666976929,0.11423856765031815,0.7747560143470764,steady,0.0
cross,probe_3_turn,friction_vlow,normal,d1_ep00080,d1_ep00023,19,0.95,0.0,2.200307074934244,0.11603467911481857,1.6235853433609009,0.061901193112134933,0.7975717186927795,steady,0.0
cross,probe_3_turn,friction_vlow,normal,d1_ep00081,d0_ep00404,19,0.95,0.0,1.8095765337347984,0.2514360845088959,1.0555098056793213,0.07080575078725815,0.8636497855186462,steady,0.0
cross,probe_3_turn,friction_vlow,normal,d1_ep00081,d0_ep00406,19,0.95,0.0,1.7551371827721596,0.20251944661140442,1.0893166065216064,0.07755670696496964,0.7714888453483582,steady,0.0
cross,probe_3_turn,friction_vlow,normal,d1_ep00081,d0_ep00036,19,0.95,0.0,2.12971580773592,0.25484320521354675,1.4130096435546875,0.08325839787721634,0.7572091221809387,steady,0.0
cross,probe_3_turn,friction_vlow,normal,d1_ep00081,d0_ep00038,59,2.95,0.0,1.7778551802039146,0.23166398704051971,1.145758032798767,0.06786847859621048,0.6651293635368347,steady,0.0
cross,probe_3_turn,friction_vlow,normal,d1_ep00081,d1_ep00016,19,0.95,0.0,2.0299074202775955,0.07129570841789246,1.4454176425933838,0.07570700347423553,0.8749741315841675,steady,0.0
cross,probe_3_turn,friction_vlow,normal,d1_ep00081,d1_ep00018,19,0.95,0.0,1.8823875114321709,0.2446216344833374,1.1063042879104614,0.09209468215703964,0.8787338137626648,steady,0.0
cross,probe_3_turn,friction_vlow,normal,d1_ep00081,d1_ep00020,19,0.95,0.0,1.7545252293348312,0.2189381867647171,1.0831409692764282,0.08099502325057983,0.7429021000862122,steady,0.0
cross,probe_3_turn,friction_vlow,normal,d1_ep00081,d1_ep00021,19,0.95,0.0,1.8649576306343079,0.19096623361110687,1.208900809288025,0.06659390032291412,0.7969933748245239,steady,0.0
cross,probe_3_turn,friction_vlow,normal,d1_ep00081,d1_ep00021,99,4.95,0.0,1.7823740430176258,0.27261659502983093,1.0735604763031006,0.057729560881853104,0.7569348216056824,transition,0.699999988079071
cross,probe_3_turn,friction_vlow,normal,d1_ep00081,d1_ep00022,19,0.95,0.0,1.7825215458869934,0.2308371216058731,1.1270778179168701,0.06802584230899811,0.7131615281105042,steady,0.0
cross,probe_3_turn,friction_vlow,normal,d1_ep00081,d1_ep00023,99,4.95,0.0,1.7871468663215637,0.19465503096580505,1.3672162294387817,0.04142506420612335,0.36770108342170715,transition,0.699999988079071
cross,probe_3_turn,friction_vlow,normal,d1_ep00082,d0_ep00392,59,2.95,0.0,1.9960725847631693,0.1735098958015442,1.4450165033340454,0.025867903605103493,0.7033565640449524,steady,0.0
cross,probe_3_turn,friction_vlow,normal,d1_ep00082,d0_ep00393,39,1.95,0.0,1.8168656416237354,0.11926010251045227,1.4019416570663452,0.021365422755479813,0.5485969185829163,transition,1.399999976158142
cross,probe_3_turn,friction_vlow,normal,d1_ep00082,d0_ep00393,59,2.95,0.0,2.2665590085089207,0.21432994306087494,1.5558826923370361,0.02841861918568611,0.935855507850647,steady,0.0
cross,probe_3_turn,friction_vlow,normal,d1_ep00082,d0_ep00394,39,1.95,0.0,1.8841626439243555,0.06107862666249275,1.5996103286743164,0.02259797416627407,0.40175142884254456,transition,1.399999976158142
cross,probe_3_turn,friction_vlow,normal,d1_ep00082,d0_ep00404,39,1.95,0.0,2.0688865818083286,0.1481812596321106,1.449097752571106,0.020471159368753433,0.9022728204727173,transition,1.399999976158142
cross,probe_3_turn,friction_vlow,normal,d1_ep00082,d0_ep00404,59,2.95,0.0,2.4548209607601166,0.19289442896842957,1.864869236946106,0.03683692216873169,0.7204407453536987,steady,0.0
cross,probe_3_turn,friction_vlow,normal,d1_ep00082,d0_ep00405,59,2.95,0.0,1.8412269661203027,0.19939762353897095,1.2968971729278564,0.014466197229921818,0.6609319448471069,steady,0.0
cross,probe_3_turn,friction_vlow,normal,d1_ep00082,d0_ep00406,39,1.95,0.0,2.0222358498722315,0.11708301305770874,1.5713908672332764,0.017704615369439125,0.6321147084236145,transition,1.399999976158142
cross,probe_3_turn,friction_vlow,normal,d1_ep00082,d0_ep00406,59,2.95,0.0,1.8079462479799986,0.16155381500720978,1.2498008012771606,0.012737570330500603,0.7677081227302551,steady,0.0
cross,probe_3_turn,friction_vlow,normal,d1_ep00082,d0_ep00416,39,1.95,0.0,2.066179816611111,0.25967299938201904,1.5654594898223877,0.014977832324802876,0.4521389901638031,transition,1.399999976158142
cross,probe_3_turn,friction_vlow,normal,d1_ep00082,d0_ep00416,59,2.95,0.0,1.8424347566906363,0.1828850954771042,1.2717721462249756,0.0035693126264959574,0.7684164047241211,steady,0.0
cross,probe_3_turn,friction_vlow,normal,d1_ep00082,d0_ep00417,59,2.95,0.0,1.9486939162015915,0.1273941546678543,1.4443750381469727,0.02071318030357361,0.7124230861663818,steady,0.0
cross,probe_3_turn,friction_vlow,normal,d1_ep00082,d0_ep00036,19,0.95,0.0,2.1102383956313133,0.2489200383424759,1.3868112564086914,0.08627177029848099,0.7764706611633301,steady,0.0
cross,probe_3_turn,friction_vlow,normal,d1_ep00082,d0_ep00036,59,2.95,0.0,2.148217488080263,0.29553312063217163,1.393593192100525,0.0457146055996418,0.8267531394958496,steady,0.0
cross,probe_3_turn,friction_vlow,normal,d1_ep00082,d0_ep00037,39,1.95,0.0,2.209870982915163,0.1670863777399063,1.6425869464874268,0.008129749447107315,0.7841358184814453,transition,1.399999976158142
cross,probe_3_turn,friction_vlow,normal,d1_ep00082,d0_ep00037,59,2.95,0.0,2.3174907620996237,0.09221118688583374,1.8940790891647339,0.023988371714949608,0.6144242286682129,steady,0.0
cross,probe_3_turn,friction_vlow,normal,d1_ep00082,d0_ep00038,59,2.95,0.0,2.7952056005597115,0.27069804072380066,2.1423161029815674,0.03522474318742752,0.6939334273338318,steady,0.0
cross,probe_3_turn,friction_vlow,normal,d1_ep00082,d1_ep00016,19,0.95,0.0,1.9164868891239166,0.060926653444767,1.2864317893981934,0.08088784664869308,0.9764811992645264,steady,0.0
cross,probe_3_turn,friction_vlow,normal,d1_ep00082,d1_ep00016,39,1.95,0.0,2.188496610149741,0.1118118166923523,1.6112189292907715,0.019099881872534752,0.8927319645881653,transition,1.399999976158142
cross,probe_3_turn,friction_vlow,normal,d1_ep00082,d1_ep00016,59,2.95,0.0,2.007614202797413,0.12843510508537292,1.4762004613876343,0.021740473806858063,0.7624763250350952,steady,0.0
cross,probe_3_turn,friction_vlow,normal,d1_ep00082,d1_ep00017,59,2.95,0.0,2.1800578702241182,0.28873181343078613,1.488850474357605,0.013317422941327095,0.7783163189888,steady,0.0
cross,probe_3_turn,friction_vlow,normal,d1_ep00082,d1_ep00018,59,2.95,0.0,2.028262462466955,0.24496601521968842,1.4621493816375732,0.023652147501707077,0.5949898362159729,steady,0.0
cross,probe_3_turn,friction_vlow,normal,d1_ep00082,d1_ep00019,39,1.95,0.0,1.8808330595493317,0.20088519155979156,1.3175266981124878,0.02472059428691864,0.6754011511802673,transition,1.399999976158142
cross,probe_3_turn,friction_vlow,normal,d1_ep00082,d1_ep00020,39,1.95,0.0,1.9758189786225557,0.16301566362380981,1.34284508228302,0.025824235752224922,0.888267993927002,transition,1.399999976158142
cross,probe_3_turn,friction_vlow,normal,d1_ep00082,d1_ep00021,39,1.95,0.0,1.776175208389759,0.10312854498624802,1.4149069786071777,0.032863467931747437,0.45055243372917175,transition,1.399999976158142
cross,probe_3_turn,friction_vlow,normal,d1_ep00082,d1_ep00021,59,2.95,0.0,2.0457068644464016,0.19911055266857147,1.414183259010315,0.027266453951597214,0.8102931976318359,steady,0.0
cross,probe_3_turn,friction_vlow,normal,d1_ep00082,d1_ep00022,39,1.95,0.0,2.1373330391943455,0.03878176584839821,1.866480827331543,0.03342051804065704,0.3972998559474945,transition,1.399999976158142
cross,probe_3_turn,friction_vlow,normal,d1_ep00082,d1_ep00022,59,2.95,0.0,1.7926402315497398,0.1244608610868454,1.3576842546463013,0.031710244715213776,0.5575697422027588,steady,0.0
cross,probe_3_turn,friction_vlow,normal,d1_ep00082,d1_ep00023,39,1.95,0.0,1.9323646863922477,0.14667685329914093,1.3865618705749512,0.008670656941831112,0.7809106111526489,transition,1.399999976158142
cross,probe_3_turn,friction_vlow,normal,d1_ep00082,d1_ep00023,59,2.95,0.0,1.8952811490744352,0.26411890983581543,1.2769341468811035,0.026749445125460625,0.6549572944641113,steady,0.0
cross,probe_3_turn,friction_vlow,normal,d1_ep00083,d0_ep00392,19,0.95,0.0,2.007501356303692,0.24583256244659424,1.321002721786499,0.10185255855321884,0.6776270270347595,steady,0.0
cross,probe_3_turn,friction_vlow,normal,d1_ep00083,d0_ep00392,39,1.95,0.0,2.4025927633047104,0.12332527339458466,1.8243227005004883,0.05509868264198303,0.7996922135353088,transition,1.399999976158142
cross,probe_3_turn,friction_vlow,normal,d1_ep00083,d0_ep00393,19,0.95,0.0,1.904049776494503,0.1088862344622612,1.3017446994781494,0.11465707421302795,0.7575235366821289,steady,0.0
cross,probe_3_turn,friction_vlow,normal,d1_ep00083,d0_ep00393,39,1.95,0.0,2.3836249858140945,0.16439542174339294,1.7609795331954956,0.054788991808891296,0.8069220781326294,transition,1.399999976158142
cross,probe_3_turn,friction_vlow,normal,d1_ep00083,d0_ep00394,19,0.95,0.0,2.3718709647655487,0.27647915482521057,1.6061058044433594,0.11069867014884949,0.7571746706962585,steady,0.0
cross,probe_3_turn,friction_vlow,normal,d1_ep00083,d0_ep00394,39,1.95,0.0,2.0623181238770485,0.0813305452466011,1.522897481918335,0.050432026386260986,0.8153161406517029,transition,1.399999976158142
cross,probe_3_turn,friction_vlow,normal,d1_ep00083,d0_ep00394,59,2.95,0.0,1.806337408721447,0.18088079988956451,1.4297267198562622,0.016877733170986176,0.3577043116092682,steady,0.0
cross,probe_3_turn,friction_vlow,normal,d1_ep00083,d0_ep00404,19,0.95,0.0,1.8806355372071266,0.2608759105205536,1.0572328567504883,0.09444142132997513,0.9361706972122192,steady,0.0
cross,probe_3_turn,friction_vlow,normal,d1_ep00083,d0_ep00404,39,1.95,0.0,2.218343634158373,0.20128071308135986,1.6778302192687988,0.05385126546025276,0.5707628726959229,transition,1.399999976158142
cross,probe_3_turn,friction_vlow,normal,d1_ep00083,d0_ep00404,119,5.95,0.0,1.8029545322060585,0.26629820466041565,1.1272648572921753,0.04699603468179703,0.7247908711433411,steady,0.0
cross,probe_3_turn,friction_vlow,normal,d1_ep00083,d0_ep00405,19,0.95,0.0,1.9242905527353287,0.21818451583385468,1.2643789052963257,0.10741031169891357,0.6686336398124695,steady,0.0
cross,probe_3_turn,friction_vlow,normal,d1_ep00083,d0_ep00405,39,1.95,0.0,2.6650357358157635,0.16299626231193542,2.129056215286255,0.05686540529131889,0.6322357058525085,transition,1.399999976158142
cross,probe_3_turn,friction_vlow,normal,d1_ep00083,d0_ep00405,59,2.95,0.0,1.9272844232618809,0.26091063022613525,1.4538934230804443,0.020490217953920364,0.38398030400276184,steady,0.0
cross,probe_3_turn,friction_vlow,normal,d1_ep00083,d0_ep00406,39,1.95,0.0,1.938703764230013,0.182498037815094,1.5192933082580566,0.04803851619362831,0.3777478039264679,transition,1.399999976158142
cross,probe_3_turn,friction_vlow,normal,d1_ep00083,d0_ep00406,59,2.95,0.0,1.9006594121456146,0.21046896278858185,1.4730119705200195,0.018661081790924072,0.39703479409217834,steady,0.0
cross,probe_3_turn,friction_vlow,normal,d1_ep00083,d0_ep00416,39,1.95,0.0,2.1702004559338093,0.3171082139015198,1.557773470878601,0.0412154383957386,0.5082066655158997,transition,1.399999976158142
cross,probe_3_turn,friction_vlow,normal,d1_ep00083,d0_ep00416,59,2.95,0.0,1.9162698164582253,0.23400917649269104,1.4710068702697754,0.008570291101932526,0.4053669571876526,steady,0.0
cross,probe_3_turn,friction_vlow,normal,d1_ep00083,d0_ep00417,19,0.95,0.0,2.5194318741559982,0.1788681298494339,1.6679177284240723,0.10421064496040344,1.1368707418441772,steady,0.0
cross,probe_3_turn,friction_vlow,normal,d1_ep00083,d0_ep00417,39,1.95,0.0,2.3484918996691704,0.1863306313753128,1.7211816310882568,0.05821780115365982,0.7655236721038818,transition,1.399999976158142
cross,probe_3_turn,friction_vlow,normal,d1_ep00083,d0_ep00036,39,1.95,0.0,2.5675863474607468,0.08107081055641174,1.97189462184906,0.06896241009235382,0.8913170099258423,transition,1.399999976158142
cross,probe_3_turn,friction_vlow,normal,d1_ep00083,d0_ep00036,59,2.95,0.0,2.1055997014045715,0.32739466428756714,1.299537181854248,0.051726698875427246,0.8538823127746582,steady,0.0
cross,probe_3_turn,friction_vlow,normal,d1_ep00083,d0_ep00037,19,0.95,0.0,1.8331664949655533,0.18167570233345032,1.2692724466323853,0.10693584382534027,0.5505650043487549,steady,0.0
cross,probe_3_turn,friction_vlow,normal,d1_ep00083,d0_ep00037,39,1.95,0.0,1.9428238682448864,0.2410135567188263,1.4666764736175537,0.04134100303053856,0.38758566975593567,transition,1.399999976158142
cross,probe_3_turn,friction_vlow,normal,d1_ep00083,d0_ep00038,19,0.95,0.0,2.2455651313066483,0.16104593873023987,1.7102625370025635,0.08125115931034088,0.5860109925270081,steady,0.0
cross,probe_3_turn,friction_vlow,normal,d1_ep00083,d0_ep00038,39,1.95,0.0,2.5275122560560703,0.1602030247449875,2.158539295196533,0.03245397284626961,0.35263192653656006,transition,1.399999976158142
cross,probe_3_turn,friction_vlow,normal,d1_ep00083,d1_ep00016,39,1.95,0.0,1.99245273321867,0.1856282353401184,1.5310510396957397,0.03830526024103165,0.4749363958835602,transition,1.399999976158142
cross,probe_3_turn,friction_vlow,normal,d1_ep00083,d1_ep00017,39,1.95,0.0,2.822706926614046,0.21558690071105957,2.1835145950317383,0.04982661083340645,0.7475576400756836,transition,1.399999976158142
cross,probe_3_turn,friction_vlow,normal,d1_ep00083,d1_ep00017,59,2.95,0.0,1.8125590905547142,0.3067965507507324,1.1964532136917114,0.019304893910884857,0.580008864402771,steady,0.0
cross,probe_3_turn,friction_vlow,normal,d1_ep00083,d1_ep00018,19,0.95,0.0,2.0077618584036827,0.24650731682777405,1.2455544471740723,0.11586194485425949,0.7996762990951538,steady,0.0
cross,probe_3_turn,friction_vlow,normal,d1_ep00083,d1_ep00018,39,1.95,0.0,2.735413607209921,0.14927662909030914,2.2059237957000732,0.05715126916766167,0.6461238265037537,transition,1.399999976158142
cross,probe_3_turn,friction_vlow,normal,d1_ep00083,d1_ep00018,59,2.95,0.0,1.8331384230405092,0.2822471857070923,1.2543660402297974,0.02844853885471821,0.5361533164978027,steady,0.0
cross,probe_3_turn,friction_vlow,normal,d1_ep00083,d1_ep00019,19,0.95,0.0,2.0963356643915176,0.25771552324295044,1.2823883295059204,0.1364351361989975,0.8395933508872986,steady,0.0
cross,probe_3_turn,friction_vlow,normal,d1_ep00083,d1_ep00019,39,1.95,0.0,2.3808263279497623,0.19661417603492737,1.8286868333816528,0.05393433943390846,0.6031819581985474,transition,1.399999976158142
cross,probe_3_turn,friction_vlow,normal,d1_ep00083,d1_ep00019,59,2.95,0.0,1.8687420953065157,0.1697211116552353,1.5218597650527954,0.013565333560109138,0.3271917700767517,steady,0.0
cross,probe_3_turn,friction_vlow,normal,d1_ep00083,d1_ep00020,19,0.95,0.0,1.8230547308921814,0.22126801311969757,1.0164164304733276,0.10461936891078949,0.9615018367767334,steady,0.0
cross,probe_3_turn,friction_vlow,normal,d1_ep00083,d1_ep00020,39,1.95,0.0,2.3885871544480324,0.22928854823112488,1.8169283866882324,0.057251520454883575,0.570237398147583,transition,1.399999976158142
cross,probe_3_turn,friction_vlow,normal,d1_ep00083,d1_ep00020,59,2.95,0.0,2.0101823769509792,0.1615443229675293,1.490777611732483,0.02810319885611534,0.6595144867897034,steady,0.0
cross,probe_3_turn,friction_vlow,normal,d1_ep00083,d1_ep00021,39,1.95,0.0,2.2831829749047756,0.1328267902135849,1.669526219367981,0.06182412430644035,0.8380116820335388,transition,1.399999976158142
cross,probe_3_turn,friction_vlow,normal,d1_ep00083,d1_ep00021,59,2.95,0.0,1.823174875229597,0.23786813020706177,1.2929106950759888,0.032683055847883224,0.5194259881973267,steady,0.0
cross,probe_3_turn,friction_vlow,normal,d1_ep00083,d1_ep00022,19,0.95,0.0,1.7660446837544441,0.23398920893669128,1.1734236478805542,0.09132123738527298,0.5346211791038513,steady,0.0
cross,probe_3_turn,friction_vlow,normal,d1_ep00083,d1_ep00022,39,1.95,0.0,1.7772619165480137,0.0898701623082161,1.2177191972732544,0.056851085275411606,0.8256429433822632,transition,1.399999976158142
cross,probe_3_turn,friction_vlow,normal,d1_ep00083,d1_ep00022,59,2.95,0.0,1.9052357152104378,0.13870370388031006,1.4035899639129639,0.036616213619709015,0.6526516675949097,steady,0.0
cross,probe_3_turn,friction_vlow,normal,d1_ep00083,d1_ep00023,19,0.95,0.0,2.2620711475610733,0.11796291172504425,1.6887327432632446,0.0825546383857727,0.7456417083740234,steady,0.0
cross,probe_3_turn,friction_vlow,normal,d1_ep00083,d1_ep00023,39,1.95,0.0,2.199201002717018,0.22076931595802307,1.7935633659362793,0.031835198402404785,0.30606624484062195,transition,1.399999976158142
cross,probe_3_turn,friction_vlow,normal,d1_ep00083,d1_ep00023,59,2.95,0.0,2.054974265396595,0.30378127098083496,1.3801331520080566,0.031361378729343414,0.67939692735672,steady,0.0
cross,probe_3_turn,friction_vlow,normal,d1_ep00084,d0_ep00392,19,0.95,0.0,2.5022710859775543,0.2353857159614563,1.8941620588302612,0.06606927514076233,0.6133080720901489,steady,0.0
cross,probe_3_turn,friction_vlow,normal,d1_ep00084,d0_ep00392,39,1.95,0.0,2.0561504550278187,0.15816016495227814,1.5337196588516235,0.013026360422372818,0.7024885416030884,transition,1.399999976158142
cross,probe_3_turn,friction_vlow,normal,d1_ep00084,d0_ep00393,19,0.95,0.0,2.4461180716753006,0.0783466026186943,1.9211310148239136,0.07734032720327377,0.7386002540588379,steady,0.0
cross,probe_3_turn,friction_vlow,normal,d1_ep00084,d0_ep00393,39,1.95,0.0,2.142076320014894,0.2006358653306961,1.51882004737854,0.011321893893182278,0.8225970268249512,transition,1.399999976158142
cross,probe_3_turn,friction_vlow,normal,d1_ep00084,d0_ep00393,59,2.95,0.0,2.041083913296461,0.19571217894554138,1.2975733280181885,0.04110337421298027,1.013390064239502,steady,0.0
cross,probe_3_turn,friction_vlow,normal,d1_ep00084,d0_ep00394,19,0.95,0.0,2.81746181845665,0.2746669352054596,2.1260790824890137,0.07660886645317078,0.6802138686180115,steady,0.0
cross,probe_3_turn,friction_vlow,normal,d1_ep00084,d0_ep00404,19,0.95,0.0,2.4835667684674263,0.24180452525615692,1.7198072671890259,0.05993878096342087,0.9240323901176453,steady,0.0
cross,probe_3_turn,friction_vlow,normal,d1_ep00084,d0_ep00404,39,1.95,0.0,2.054331250488758,0.2188819944858551,1.4679046869277954,0.01173681765794754,0.7116155028343201,transition,1.399999976158142
cross,probe_3_turn,friction_vlow,normal,d1_ep00084,d0_ep00404,59,2.95,0.0,2.173691015690565,0.184439554810524,1.6060032844543457,0.02056911215186119,0.7253581285476685,steady,0.0
cross,probe_3_turn,friction_vlow,normal,d1_ep00084,d0_ep00404,119,5.95,0.0,2.0163253396749496,0.2824321389198303,1.4727814197540283,0.033442750573158264,0.4553380608558655,steady,0.0
cross,probe_3_turn,friction_vlow,normal,d1_ep00084,d0_ep00405,19,0.95,0.0,2.3246883526444435,0.21161963045597076,1.7531076669692993,0.07322754710912704,0.5734670162200928,steady,0.0
cross,probe_3_turn,friction_vlow,normal,d1_ep00084,d0_ep00405,39,1.95,0.0,2.3513463977724314,0.20716920495033264,1.860352873802185,0.014727050438523293,0.5381945371627808,transition,1.399999976158142
cross,probe_3_turn,friction_vlow,normal,d1_ep00084,d0_ep00406,19,0.95,0.0,2.170930363237858,0.20628583431243896,1.62357759475708,0.06574205309152603,0.5506497621536255,steady,0.0
cross,probe_3_turn,friction_vlow,normal,d1_ep00084,d0_ep00416,19,0.95,0.0,2.163784310221672,0.15484768152236938,1.6500264406204224,0.07607020437717438,0.5656799674034119,steady,0.0
cross,probe_3_turn,friction_vlow,normal,d1_ep00084,d0_ep00416,39,1.95,0.0,1.8905893079936504,0.3497839570045471,1.27212655544281,0.010011713951826096,0.5173341631889343,transition,1.399999976158142
cross,probe_3_turn,friction_vlow,normal,d1_ep00084,d0_ep00417,19,0.95,0.0,2.937633879482746,0.17683492600917816,2.116119623184204,0.07068344205617905,1.1479917764663696,steady,0.0
cross,probe_3_turn,friction_vlow,normal,d1_ep00084,d0_ep00417,39,1.95,0.0,1.9761089198291302,0.22167406976222992,1.4355244636535645,0.02922859415411949,0.5793635845184326,transition,1.399999976158142
cross,probe_3_turn,friction_vlow,normal,d1_ep00084,d0_ep00036,19,0.95,0.0,2.1168335154652596,0.2520427703857422,1.4165444374084473,0.07543758302927017,0.7456174492835999,steady,0.0
cross,probe_3_turn,friction_vlow,normal,d1_ep00084,d0_ep00036,39,1.95,0.0,2.293553091585636,0.14527681469917297,1.7000755071640015,0.023804105818271637,0.8487933278083801,transition,1.399999976158142
cross,probe_3_turn,friction_vlow,normal,d1_ep00084,d0_ep00036,59,2.95,0.0,1.8836658475920558,0.2925955057144165,1.136142373085022,0.013269978575408459,0.8833159804344177,steady,0.0
cross,probe_3_turn,friction_vlow,normal,d1_ep00084,d0_ep00037,19,0.95,0.0,2.5173696875572205,0.17118848860263824,2.0129847526550293,0.07214389741420746,0.5221050977706909,steady,0.0
cross,probe_3_turn,friction_vlow,normal,d1_ep00084,d0_ep00037,59,2.95,0.0,2.0243137571960688,0.08280346542596817,1.6217997074127197,0.017342301085591316,0.6047365665435791,steady,0.0
cross,probe_3_turn,friction_vlow,normal,d1_ep00084,d0_ep00038,19,0.95,0.0,2.8195531629025936,0.15292024612426758,2.319443702697754,0.05034535750746727,0.5936877131462097,steady,0.0
cross,probe_3_turn,friction_vlow,normal,d1_ep00084,d0_ep00038,39,1.95,0.0,2.3195259235799313,0.17659199237823486,1.9088306427001953,0.018342729657888412,0.43152111768722534,transition,1.399999976158142
cross,probe_3_turn,friction_vlow,normal,d1_ep00084,d0_ep00038,59,2.95,0.0,2.5425194445997477,0.2447708249092102,1.8730448484420776,0.029851669445633888,0.7897042036056519,steady,0.0
cross,probe_3_turn,friction_vlow,normal,d1_ep00084,d1_ep00016,19,0.95,0.0,1.7567726001143456,0.06268825381994247,1.3076893091201782,0.0629158616065979,0.6469583511352539,steady,0.0
cross,probe_3_turn,friction_vlow,normal,d1_ep00084,d1_ep00016,39,1.95,0.0,1.794247467070818,0.1884123682975769,1.3081178665161133,0.0288156159222126,0.5378032326698303,transition,1.399999976158142
cross,probe_3_turn,friction_vlow,normal,d1_ep00084,d1_ep00016,59,2.95,0.0,1.762789623811841,0.1362634003162384,1.2150765657424927,0.02108888514339924,0.7807215452194214,steady,0.0
cross,probe_3_turn,friction_vlow,normal,d1_ep00084,d1_ep00017,19,0.95,0.0,2.164363406598568,0.2037973254919052,1.6498726606369019,0.06548108905553818,0.49042466282844543,steady,0.0
cross,probe_3_turn,friction_vlow,normal,d1_ep00084,d1_ep00017,39,1.95,0.0,2.535069426521659,0.2602982223033905,1.9167407751083374,0.015941491350531578,0.6841778755187988,transition,1.399999976158142
cross,probe_3_turn,friction_vlow,normal,d1_ep00084,d1_ep00017,59,2.95,0.0,1.9212519619613886,0.27904069423675537,1.2100446224212646,0.02750859595835209,0.809316098690033,steady,0.0
cross,probe_3_turn,friction_vlow,normal,d1_ep00084,d1_ep00018,19,0.95,0.0,2.3975596353411674,0.25025564432144165,1.7009656429290771,0.08245062083005905,0.7277754545211792,steady,0.0
cross,probe_3_turn,friction_vlow,normal,d1_ep00084,d1_ep00018,39,1.95,0.0,2.3936682995408773,0.19063639640808105,1.918009638786316,0.01175869069993496,0.5465271472930908,transition,1.399999976158142
cross,probe_3_turn,friction_vlow,normal,d1_ep00084,d1_ep00018,59,2.95,0.0,1.7607695534825325,0.24210591614246368,1.2019340991973877,0.019244395196437836,0.5949702858924866,steady,0.0
cross,probe_3_turn,friction_vlow,normal,d1_ep00084,d1_ep00019,19,0.95,0.0,2.576586715877056,0.2477162480354309,1.8458971977233887,0.10202430933713913,0.7618979215621948,steady,0.0
cross,probe_3_turn,friction_vlow,normal,d1_ep00084,d1_ep00019,39,1.95,0.0,2.204989595338702,0.2424706369638443,1.5950722694396973,0.02470904402434826,0.6854752898216248,transition,1.399999976158142
cross,probe_3_turn,friction_vlow,normal,d1_ep00084,d1_ep00020,19,0.95,0.0,2.4607115760445595,0.2255866527557373,1.6740732192993164,0.07426268607378006,0.9735780358314514,steady,0.0
cross,probe_3_turn,friction_vlow,normal,d1_ep00084,d1_ep00020,39,1.95,0.0,2.1900151427835226,0.24390801787376404,1.582007646560669,0.02216321788728237,0.6838725209236145,transition,1.399999976158142
cross,probe_3_turn,friction_vlow,normal,d1_ep00084,d1_ep00021,19,0.95,0.0,2.066690508276224,0.18553397059440613,1.5610464811325073,0.05394342914223671,0.532333254814148,steady,0.0
cross,probe_3_turn,friction_vlow,normal,d1_ep00084,d1_ep00021,39,1.95,0.0,1.9754081442952156,0.18540021777153015,1.3900429010391235,0.01940719038248062,0.7611156702041626,transition,1.399999976158142
cross,probe_3_turn,friction_vlow,normal,d1_ep00084,d1_ep00021,59,2.95,0.0,1.8152588345110416,0.19521097838878632,1.1616191864013672,0.03256284072995186,0.8517316579818726,steady,0.0
cross,probe_3_turn,friction_vlow,normal,d1_ep00084,d1_ep00021,119,5.95,0.0,1.7969446890056133,0.2600151300430298,1.1632064580917358,0.049820493906736374,0.6478052139282227,steady,0.0
cross,probe_3_turn,friction_vlow,normal,d1_ep00084,d1_ep00022,19,0.95,0.0,2.175467200577259,0.23461344838142395,1.6465142965316772,0.05559878796339035,0.47748133540153503,steady,0.0
cross,probe_3_turn,friction_vlow,normal,d1_ep00084,d1_ep00023,19,0.95,0.0,2.886577844619751,0.10015120357275009,2.3603432178497314,0.045751191675662994,0.7606644630432129,steady,0.0
cross,probe_3_turn,friction_vlow,normal,d1_ep00084,d1_ep00023,39,1.95,0.0,2.050425812602043,0.21466480195522308,1.5581450462341309,0.015087246894836426,0.5250574350357056,transition,1.399999976158142
cross,probe_3_turn,friction_vlow,normal,d1_ep00085,d0_ep00392,19,0.95,0.0,2.4821382761001587,0.20046882331371307,1.9964419603347778,0.031395360827445984,0.5076642632484436,steady,0.0
cross,probe_3_turn,friction_vlow,normal,d1_ep00085,d0_ep00393,19,0.95,0.0,2.504605807363987,0.12114127725362778,2.0327858924865723,0.05026264488697052,0.6008319854736328,steady,0.0
cross,probe_3_turn,friction_vlow,normal,d1_ep00085,d0_ep00394,19,0.95,0.0,2.7580020762979984,0.23398303985595703,2.2343361377716064,0.03872901573777199,0.5019077658653259,steady,0.0
cross,probe_3_turn,friction_vlow,normal,d1_ep00085,d0_ep00404,19,0.95,0.0,2.5090867690742016,0.22040927410125732,1.8208767175674438,0.022668611258268356,0.8902643322944641,steady,0.0
cross,probe_3_turn,friction_vlow,normal,d1_ep00085,d0_ep00405,19,0.95,0.0,2.280117843300104,0.17555585503578186,1.8594794273376465,0.03544509783387184,0.4192749261856079,steady,0.0
cross,probe_3_turn,friction_vlow,normal,d1_ep00085,d0_ep00405,59,2.95,0.0,1.7725129909813404,0.30383768677711487,1.2550065517425537,0.018989671021699905,0.38935816287994385,steady,0.0
cross,probe_3_turn,friction_vlow,normal,d1_ep00085,d0_ep00406,19,0.95,0.0,2.1132220402359962,0.16320638358592987,1.7315692901611328,0.029842384159564972,0.3772079646587372,steady,0.0
cross,probe_3_turn,friction_vlow,normal,d1_ep00085,d0_ep00406,59,2.95,0.0,1.7780853025615215,0.24643513560295105,1.2714593410491943,0.018471430987119675,0.48343878984451294,steady,0.0
cross,probe_3_turn,friction_vlow,normal,d1_ep00085,d0_ep00416,19,0.95,0.0,2.1266033947467804,0.10933660715818405,1.757888913154602,0.04614918678998947,0.42645737528800964,steady,0.0
cross,probe_3_turn,friction_vlow,normal,d1_ep00085,d0_ep00416,59,2.95,0.0,1.8361131735146046,0.27264678478240967,1.266640067100525,0.030349869281053543,0.5329529047012329,steady,0.0
cross,probe_3_turn,friction_vlow,normal,d1_ep00085,d0_ep00417,19,0.95,0.0,2.9649897180497646,0.13340827822685242,2.221508502960205,0.03229042515158653,1.1555650234222412,steady,0.0
cross,probe_3_turn,friction_vlow,normal,d1_ep00085,d0_ep00036,19,0.95,0.0,2.0893978029489517,0.2158811092376709,1.5113939046859741,0.03643549978733063,0.6513745784759521,steady,0.0
cross,probe_3_turn,friction_vlow,normal,d1_ep00085,d0_ep00036,59,2.95,0.0,1.911749366670847,0.34994831681251526,1.099242091178894,0.015626046806573868,0.8938658237457275,steady,0.0
cross,probe_3_turn,friction_vlow,normal,d1_ep00085,d0_ep00037,19,0.95,0.0,2.5262170396745205,0.13716565072536469,2.1135222911834717,0.03517518565058708,0.4807078242301941,steady,0.0
cross,probe_3_turn,friction_vlow,normal,d1_ep00085,d0_ep00038,19,0.95,0.0,2.8558080084621906,0.11683756113052368,2.4252567291259766,0.012160081416368484,0.6031072735786438,steady,0.0
cross,probe_3_turn,friction_vlow,normal,d1_ep00085,d1_ep00016,19,0.95,0.0,1.8363905735313892,0.09358355402946472,1.4140452146530151,0.02913539484143257,0.5992528200149536,steady,0.0
cross,probe_3_turn,friction_vlow,normal,d1_ep00085,d1_ep00017,19,0.95,0.0,2.13469947129488,0.17222653329372406,1.757644772529602,0.03205444663763046,0.3455474376678467,steady,0.0
cross,probe_3_turn,friction_vlow,normal,d1_ep00085,d1_ep00017,59,2.95,0.0,1.7789208870381117,0.3496856987476349,1.044453740119934,0.017995355650782585,0.7335721850395203,steady,0.0
cross,probe_3_turn,friction_vlow,normal,d1_ep00085,d1_ep00018,19,0.95,0.0,2.30974205955863,0.20579028129577637,1.8127390146255493,0.04403216764330864,0.49436119198799133,steady,0.0
cross,probe_3_turn,friction_vlow,normal,d1_ep00085,d1_ep00019,19,0.95,0.0,2.49932948499918,0.21382389962673187,1.9555600881576538,0.0645085796713829,0.5308738350868225,steady,0.0
cross,probe_3_turn,friction_vlow,normal,d1_ep00085,d1_ep00020,19,0.95,0.0,2.4964542500674725,0.17677582800388336,1.776329517364502,0.03548216447234154,1.0157334804534912,steady,0.0
cross,probe_3_turn,friction_vlow,normal,d1_ep00085,d1_ep00020,59,2.95,0.0,1.89119575265795,0.18829317390918732,1.325453519821167,0.01362826768308878,0.7276415824890137,steady,0.0
cross,probe_3_turn,friction_vlow,normal,d1_ep00085,d1_ep00021,19,0.95,0.0,2.0832245275378227,0.15807439386844635,1.674102544784546,0.02057739347219467,0.4609403908252716,steady,0.0
cross,probe_3_turn,friction_vlow,normal,d1_ep00085,d1_ep00022,19,0.95,0.0,2.1249800827354193,0.19066497683525085,1.7577308416366577,0.02149108611047268,0.31018635630607605,steady,0.0
cross,probe_3_turn,friction_vlow,normal,d1_ep00085,d1_ep00022,59,2.95,0.0,1.8087737755849957,0.1720973402261734,1.2527273893356323,0.012273226864635944,0.7433516383171082,steady,0.0
cross,probe_3_turn,friction_vlow,normal,d1_ep00085,d1_ep00023,19,0.95,0.0,2.9989543221890926,0.08777597546577454,2.4668149948120117,0.019564833492040634,0.8495970368385315,steady,0.0
cross,probe_3_turn,friction_vlow,normal,d1_ep00085,d1_ep00023,59,2.95,0.0,1.9132979223504663,0.32585981488227844,1.2062464952468872,0.014632881619036198,0.7331174612045288,steady,0.0
cross,probe_3_turn,friction_vlow,normal,d1_ep00086,d0_ep00392,19,0.95,0.0,2.3484085462987423,0.19702939689159393,1.8252289295196533,0.0516609363257885,0.5489785671234131,steady,0.0
cross,probe_3_turn,friction_vlow,normal,d1_ep00086,d0_ep00393,19,0.95,0.0,2.4043006747961044,0.1322718858718872,1.859336018562317,0.06541062891483307,0.6945642828941345,steady,0.0
cross,probe_3_turn,friction_vlow,normal,d1_ep00086,d0_ep00393,59,2.95,0.0,1.864461712539196,0.2074381560087204,1.0635511875152588,0.04489827901124954,1.0971481800079346,steady,0.0
cross,probe_3_turn,friction_vlow,normal,d1_ep00086,d0_ep00394,19,0.95,0.0,2.6430371291935444,0.22668300569057465,2.048346519470215,0.06139514222741127,0.6132249236106873,steady,0.0
cross,probe_3_turn,friction_vlow,normal,d1_ep00086,d0_ep00404,19,0.95,0.0,2.367269165813923,0.2205001711845398,1.6632987260818481,0.04479748755693436,0.8773455619812012,steady,0.0
cross,probe_3_turn,friction_vlow,normal,d1_ep00086,d0_ep00404,59,2.95,0.0,1.7783292438834906,0.17420481145381927,1.361127495765686,0.013707747682929039,0.4585783779621124,steady,0.0
cross,probe_3_turn,friction_vlow,normal,d1_ep00086,d0_ep00405,19,0.95,0.0,2.1596993021667004,0.1700996309518814,1.6756243705749512,0.05803072080016136,0.5118891596794128,steady,0.0
cross,probe_3_turn,friction_vlow,normal,d1_ep00086,d0_ep00406,19,0.95,0.0,2.004396680742502,0.15535350143909454,1.5576019287109375,0.051005054265260696,0.48087239265441895,steady,0.0
cross,probe_3_turn,friction_vlow,normal,d1_ep00086,d0_ep00416,19,0.95,0.0,2.0030444636940956,0.10112886130809784,1.5828677415847778,0.06321664899587631,0.5116624236106873,steady,0.0
cross,probe_3_turn,friction_vlow,normal,d1_ep00086,d0_ep00417,19,0.95,0.0,2.7645753026008606,0.1280086636543274,2.0325067043304443,0.05530083179473877,1.0975182056427002,steady,0.0
cross,probe_3_turn,friction_vlow,normal,d1_ep00086,d0_ep00036,19,0.95,0.0,1.9848250485956669,0.21190081536769867,1.3711968660354614,0.05983554199337959,0.6837836503982544,steady,0.0
cross,probe_3_turn,friction_vlow,normal,d1_ep00086,d0_ep00037,19,0.95,0.0,2.3887514881789684,0.13482344150543213,1.9667611122131348,0.05717318877577782,0.45998749136924744,steady,0.0
cross,probe_3_turn,friction_vlow,normal,d1_ep00086,d0_ep00038,19,0.95,0.0,2.677168305963278,0.11438224464654922,2.2504379749298096,0.0347813256084919,0.5551335215568542,steady,0.0
cross,probe_3_turn,friction_vlow,normal,d1_ep00086,d0_ep00038,59,2.95,0.0,2.1431180089712143,0.22997866570949554,1.4593794345855713,0.042915552854537964,0.821688711643219,steady,0.0
cross,probe_3_turn,friction_vlow,normal,d1_ep00086,d1_ep00017,19,0.95,0.0,2.0262404419481754,0.16846226155757904,1.5889225006103516,0.05139796808362007,0.4349154233932495,steady,0.0
cross,probe_3_turn,friction_vlow,normal,d1_ep00086,d1_ep00018,19,0.95,0.0,2.213681608438492,0.19700214266777039,1.621732473373413,0.06708145141601562,0.6557310819625854,steady,0.0
cross,probe_3_turn,friction_vlow,normal,d1_ep00086,d1_ep00019,19,0.95,0.0,2.4217202812433243,0.20941051840782166,1.7748379707336426,0.08699168264865875,0.7009602189064026,steady,0.0
cross,probe_3_turn,friction_vlow,normal,d1_ep00086,d1_ep00020,19,0.95,0.0,2.3079197369515896,0.1685115247964859,1.616883635520935,0.05866945907473564,0.927710235118866,steady,0.0
cross,probe_3_turn,friction_vlow,normal,d1_ep00086,d1_ep00021,19,0.95,0.0,1.9387000240385532,0.1577351838350296,1.4930082559585571,0.0395813025534153,0.4967505633831024,steady,0.0
cross,probe_3_turn,friction_vlow,normal,d1_ep00086,d1_ep00022,19,0.95,0.0,2.0046674348413944,0.18270713090896606,1.5690432786941528,0.04111625626683235,0.42360153794288635,steady,0.0
cross,probe_3_turn,friction_vlow,normal,d1_ep00086,d1_ep00023,19,0.95,0.0,2.7940479777753353,0.09286460280418396,2.299327850341797,0.03260907158255577,0.7384929060935974,steady,0.0
cross,probe_3_turn,friction_vlow,normal,d1_ep00087,d0_ep00392,39,1.95,0.0,2.347013309597969,0.14617712795734406,1.6857599020004272,0.01926124095916748,0.9916300773620605,transition,1.399999976158142
cross,probe_3_turn,friction_vlow,normal,d1_ep00087,d0_ep00392,59,2.95,0.0,1.8795266970992088,0.23050165176391602,1.3205734491348267,0.014101468026638031,0.6287002563476562,steady,0.0
cross,probe_3_turn,friction_vlow,normal,d1_ep00087,d0_ep00393,39,1.95,0.0,2.3559464626014233,0.1867537796497345,1.6369144916534424,0.018227409571409225,1.0281015634536743,transition,1.399999976158142
cross,probe_3_turn,friction_vlow,normal,d1_ep00087,d0_ep00393,59,2.95,0.0,2.0325790252536535,0.22357171773910522,1.4224525690078735,0.025126954540610313,0.7228555679321289,steady,0.0
cross,probe_3_turn,friction_vlow,normal,d1_ep00087,d0_ep00393,79,3.95,0.0,1.8264210522174835,0.1286405771970749,1.2212343215942383,0.046781644225120544,0.8595290184020996,steady,0.0
cross,probe_3_turn,friction_vlow,normal,d1_ep00087,d0_ep00394,39,1.95,0.0,1.9869627077132463,0.09129967540502548,1.3754938840866089,0.016023704782128334,1.0082908868789673,transition,1.399999976158142
cross,probe_3_turn,friction_vlow,normal,d1_ep00087,d0_ep00404,39,1.95,0.0,2.010687865316868,0.2229011356830597,1.5452426671981812,0.01789640635251999,0.449295312166214,transition,1.399999976158142
cross,probe_3_turn,friction_vlow,normal,d1_ep00087,d0_ep00404,59,2.95,0.0,2.398995803669095,0.19903019070625305,1.7145200967788696,0.026322470977902412,0.9182460904121399,steady,0.0
cross,probe_3_turn,friction_vlow,normal,d1_ep00087,d0_ep00405,39,1.95,0.0,2.5391149781644344,0.18666760623455048,1.9937597513198853,0.02110801264643669,0.675159215927124,transition,1.399999976158142
cross,probe_3_turn,friction_vlow,normal,d1_ep00087,d0_ep00406,39,1.95,0.0,1.8106327559798956,0.19529587030410767,1.3682465553283691,0.011327659711241722,0.4715253412723541,transition,1.399999976158142
cross,probe_3_turn,friction_vlow,normal,d1_ep00087,d0_ep00416,39,1.95,0.0,2.11517496034503,0.3375413119792938,1.4189646244049072,0.008829336613416672,0.6996793746948242,transition,1.399999976158142
cross,probe_3_turn,friction_vlow,normal,d1_ep00087,d0_ep00417,39,1.95,0.0,2.255020149052143,0.19972270727157593,1.5714296102523804,0.031902022659778595,0.9039316177368164,transition,1.399999976158142
cross,probe_3_turn,friction_vlow,normal,d1_ep00087,d0_ep00417,59,2.95,0.0,1.8088175589218736,0.19292421638965607,1.253908395767212,0.011059709824621677,0.7018504738807678,steady,0.0
cross,probe_3_turn,friction_vlow,normal,d1_ep00087,d0_ep00417,79,3.95,0.0,1.82255432382226,0.09579929709434509,1.4134490489959717,0.04219457879662514,0.542222797870636,steady,0.0
cross,probe_3_turn,friction_vlow,normal,d1_ep00087,d0_ep00036,39,1.95,0.0,2.496162787079811,0.09755352139472961,1.8203884363174438,0.032001838088035583,1.092437982559204,transition,1.399999976158142
cross,probe_3_turn,friction_vlow,normal,d1_ep00087,d0_ep00036,59,2.95,0.0,1.9991870541125536,0.3207414746284485,1.2253040075302124,0.028951527550816536,0.8483800888061523,steady,0.0
cross,probe_3_turn,friction_vlow,normal,d1_ep00087,d0_ep00037,59,2.95,0.0,2.360095218755305,0.10951313376426697,1.830306053161621,0.010094867087900639,0.8203623294830322,steady,0.0
cross,probe_3_turn,friction_vlow,normal,d1_ep00087,d0_ep00038,39,1.95,0.0,2.4053955078125,0.1699243038892746,1.998443841934204,0.012336879968643188,0.4493809640407562,transition,1.399999976158142
cross,probe_3_turn,friction_vlow,normal,d1_ep00087,d0_ep00038,59,2.95,0.0,2.634770894423127,0.23253512382507324,2.096892833709717,0.023746276274323463,0.5631933212280273,steady,0.0
cross,probe_3_turn,friction_vlow,normal,d1_ep00087,d1_ep00016,39,1.95,0.0,1.8084470573812723,0.2001556009054184,1.383550763130188,0.024726415053009987,0.4000285565853119,transition,1.399999976158142
cross,probe_3_turn,friction_vlow,normal,d1_ep00087,d1_ep00016,59,2.95,0.0,1.8215814451687038,0.1727955937385559,1.3338720798492432,0.005780122708529234,0.618267297744751,steady,0.0
cross,probe_3_turn,friction_vlow,normal,d1_ep00087,d1_ep00017,39,1.95,0.0,2.7372304759919643,0.23622344434261322,2.0331740379333496,0.018281858414411545,0.8991022706031799,transition,1.399999976158142
cross,probe_3_turn,friction_vlow,normal,d1_ep00087,d1_ep00017,59,2.95,0.0,2.1243992070667446,0.3196999132633209,1.3938868045806885,0.003715477418154478,0.8141940236091614,steady,0.0
cross,probe_3_turn,friction_vlow,normal,d1_ep00087,d1_ep00018,39,1.95,0.0,2.6441605295985937,0.172640860080719,2.0539023876190186,0.01992749236524105,0.7953795790672302,transition,1.399999976158142
cross,probe_3_turn,friction_vlow,normal,d1_ep00087,d1_ep00018,59,2.95,0.0,2.039729315787554,0.2823067903518677,1.3909342288970947,0.011725056916475296,0.7095264792442322,steady,0.0
cross,probe_3_turn,friction_vlow,normal,d1_ep00087,d1_ep00019,39,1.95,0.0,2.244082063436508,0.21892474591732025,1.702877163887024,0.02642790973186493,0.5917044878005981,transition,1.399999976158142
cross,probe_3_turn,friction_vlow,normal,d1_ep00087,d1_ep00020,39,1.95,0.0,2.1655909921973944,0.24853093922138214,1.6682124137878418,0.025914093479514122,0.4458670914173126,transition,1.399999976158142
cross,probe_3_turn,friction_vlow,normal,d1_ep00087,d1_ep00020,59,2.95,0.0,1.7656590230762959,0.1573793590068817,1.184817910194397,0.010914672166109085,0.8250941634178162,steady,0.0
cross,probe_3_turn,friction_vlow,normal,d1_ep00087,d1_ep00020,79,3.95,0.0,1.7593420334160328,0.15871287882328033,1.1321101188659668,0.04474351182579994,0.8475510478019714,steady,0.0
cross,probe_3_turn,friction_vlow,normal,d1_ep00087,d1_ep00021,39,1.95,0.0,2.2119772136211395,0.15129296481609344,1.5164930820465088,0.02644304931163788,1.0354962348937988,transition,1.399999976158142
cross,probe_3_turn,friction_vlow,normal,d1_ep00087,d1_ep00021,59,2.95,0.0,1.8791884388774633,0.24740903079509735,1.2680686712265015,0.0190278347581625,0.689365804195404,steady,0.0
cross,probe_3_turn,friction_vlow,normal,d1_ep00087,d1_ep00021,79,3.95,0.0,1.7510922029614449,0.1330251395702362,1.1578165292739868,0.03501246124505997,0.8504761457443237,steady,0.0
cross,probe_3_turn,friction_vlow,normal,d1_ep00087,d1_ep00022,59,2.95,0.0,1.9067785758525133,0.13919001817703247,1.3371905088424683,0.01783079095184803,0.8251345157623291,steady,0.0
cross,probe_3_turn,friction_vlow,normal,d1_ep00087,d1_ep00023,39,1.95,0.0,2.1002331762574613,0.2317352294921875,1.642485499382019,0.007235953118652105,0.4375529885292053,transition,1.399999976158142
cross,probe_3_turn,friction_vlow,normal,d1_ep00087,d1_ep00023,59,2.95,0.0,1.8440300961956382,0.2944512367248535,1.1542295217514038,0.01483787503093481,0.7610229253768921,steady,0.0
cross,probe_4_lateral,friction_vlow,normal,d1_ep00088,d0_ep00395,79,3.95,0.0,2.645150274038315,0.6840686798095703,1.5202361345291138,0.15941107273101807,0.5628687739372253,steady,0.0
cross,probe_4_lateral,friction_vlow,normal,d1_ep00088,d0_ep00395,99,4.95,0.0,1.7813741266727448,0.3255888819694519,1.1733146905899048,0.08586674928665161,0.3932076096534729,transition,0.6000000238418579
cross,probe_4_lateral,friction_vlow,normal,d1_ep00088,d0_ep00396,79,3.95,0.0,2.2931405156850815,0.6741750836372375,1.175866723060608,0.15989206731319427,0.5664132833480835,steady,0.0
cross,probe_4_lateral,friction_vlow,normal,d1_ep00088,d0_ep00397,79,3.95,0.0,2.320546582341194,0.7028764486312866,0.9887460470199585,0.1674453765153885,0.9229574203491211,steady,0.0
cross,probe_4_lateral,friction_vlow,normal,d1_ep00088,d0_ep00407,79,3.95,0.0,2.59667706489563,0.720493733882904,1.204429268836975,0.17973124980926514,0.9840456247329712,steady,0.0
cross,probe_4_lateral,friction_vlow,normal,d1_ep00088,d0_ep00407,119,5.95,0.0,1.8649313151836395,0.11974442005157471,1.4057824611663818,0.018691807985305786,0.6414252519607544,steady,0.0
cross,probe_4_lateral,friction_vlow,normal,d1_ep00088,d0_ep00408,79,3.95,0.0,2.613615557551384,0.6854996085166931,1.4100536108016968,0.17410655319690704,0.6879115700721741,steady,0.0
cross,probe_4_lateral,friction_vlow,normal,d1_ep00088,d0_ep00408,119,5.95,0.0,1.9037882126867771,0.08326937258243561,1.476876974105835,0.026895631104707718,0.6334924697875977,steady,0.0
cross,probe_4_lateral,friction_vlow,normal,d1_ep00088,d0_ep00409,79,3.95,0.0,2.327302485704422,0.6994681358337402,0.9343472719192505,0.17467674612998962,1.0376206636428833,steady,0.0
cross,probe_4_lateral,friction_vlow,normal,d1_ep00088,d0_ep00409,99,4.95,0.0,2.4230350255966187,0.3024841248989105,1.5818309783935547,0.09170496463775635,0.8940299153327942,transition,0.6000000238418579
cross,probe_4_lateral,friction_vlow,normal,d1_ep00088,d0_ep00039,79,3.95,0.0,2.6507165729999542,0.6588410139083862,1.5790518522262573,0.16188299655914307,0.5018814206123352,steady,0.0
cross,probe_4_lateral,friction_vlow,normal,d1_ep00088,d0_ep00039,99,4.95,0.0,1.9466472417116165,0.2792023718357086,1.3032069206237793,0.10448731482028961,0.519501268863678,transition,0.6000000238418579
cross,probe_4_lateral,friction_vlow,normal,d1_ep00088,d0_ep00040,19,0.95,0.0,1.8900167346000671,0.3409501910209656,1.0886088609695435,0.08326607942581177,0.7543832063674927,steady,0.0
cross,probe_4_lateral,friction_vlow,normal,d1_ep00088,d0_ep00040,79,3.95,0.0,2.3882502913475037,0.69378662109375,1.0838960409164429,0.17743542790412903,0.8662644028663635,steady,0.0
cross,probe_4_lateral,friction_vlow,normal,d1_ep00088,d0_ep00041,79,3.95,0.0,2.506231650710106,0.6692808270454407,1.3009119033813477,0.17988677322864532,0.7123042941093445,steady,0.0
cross,probe_4_lateral,friction_vlow,normal,d1_ep00088,d0_ep00041,99,4.95,0.0,2.103391908109188,0.2904835343360901,1.2862814664840698,0.08937402814626694,0.8745057582855225,transition,0.6000000238418579
cross,probe_4_lateral,friction_vlow,normal,d1_ep00088,d1_ep00024,79,3.95,0.0,2.4243987053632736,0.6891787648200989,1.3250675201416016,0.1740262657403946,0.4722523093223572,steady,0.0
cross,probe_4_lateral,friction_vlow,normal,d1_ep00088,d1_ep00024,99,4.95,0.0,1.842096522450447,0.3082940876483917,1.2356282472610474,0.07107514142990112,0.45419809222221375,transition,0.6000000238418579
cross,probe_4_lateral,friction_vlow,normal,d1_ep00088,d1_ep00025,79,3.95,0.0,2.568109467625618,0.6885500550270081,1.4332926273345947,0.16697688400745392,0.5585798025131226,steady,0.0
cross,probe_4_lateral,friction_vlow,normal,d1_ep00088,d1_ep00025,119,5.95,0.0,1.8527408614754677,0.060044076293706894,1.399387240409851,0.02934275195002556,0.7279335856437683,steady,0.0
cross,probe_4_lateral,friction_vlow,normal,d1_ep00088,d1_ep00026,79,3.95,0.0,2.7904976159334183,0.6693740487098694,1.6693438291549683,0.17555119097232819,0.5524570941925049,steady,0.0
cross,probe_4_lateral,friction_vlow,normal,d1_ep00088,d1_ep00027,79,3.95,0.0,3.0319222658872604,0.7322568297386169,1.6290310621261597,0.17547713220119476,0.9903144836425781,steady,0.0
cross,probe_4_lateral,friction_vlow,normal,d1_ep00088,d1_ep00027,99,4.95,0.0,2.2875901758670807,0.3713526725769043,1.2733433246612549,0.10191825032234192,1.0819518566131592,transition,0.6000000238418579
cross,probe_4_lateral,friction_vlow,normal,d1_ep00088,d1_ep00028,79,3.95,0.0,2.725774645805359,0.6780979633331299,1.6143027544021606,0.17963925004005432,0.5074693560600281,steady,0.0
cross,probe_4_lateral,friction_vlow,normal,d1_ep00088,d1_ep00028,99,4.95,0.0,1.8301387950778008,0.31996244192123413,1.1702690124511719,0.08493997901678085,0.5099347233772278,transition,0.6000000238418579
cross,probe_4_lateral,friction_vlow,normal,d1_ep00088,d1_ep00029,79,3.95,0.0,2.686250165104866,0.6880603432655334,1.4490896463394165,0.17847473919391632,0.7412508726119995,steady,0.0
cross,probe_4_lateral,friction_vlow,normal,d1_ep00088,d1_ep00029,99,4.95,0.0,1.9064961522817612,0.32638806104660034,1.2518188953399658,0.08261927962303162,0.4913398325443268,transition,0.6000000238418579
cross,probe_4_lateral,friction_vlow,normal,d1_ep00088,d1_ep00030,79,3.95,0.0,2.4488331973552704,0.7437353134155273,0.9831794500350952,0.18764612078666687,1.068544626235962,steady,0.0
cross,probe_4_lateral,friction_vlow,normal,d1_ep00088,d1_ep00030,99,4.95,0.0,2.039070263504982,0.28287264704704285,1.2068668603897095,0.08535273373126984,0.9279560446739197,transition,0.6000000238418579
cross,probe_4_lateral,friction_vlow,normal,d1_ep00088,d1_ep00031,79,3.95,0.0,2.740024521946907,0.6938167214393616,1.5713386535644531,0.17237813770771027,0.6049820184707642,steady,0.0
cross,probe_4_lateral,friction_vlow,normal,d1_ep00089,d0_ep00395,79,3.95,0.0,2.574925735592842,0.6668955683708191,1.182783842086792,0.1835811883211136,1.0833302736282349,steady,0.0
cross,probe_4_lateral,friction_vlow,normal,d1_ep00089,d0_ep00396,19,0.95,0.0,1.870839849114418,0.27583783864974976,1.0627655982971191,0.13785453140735626,0.7887637615203857,steady,0.0
cross,probe_4_lateral,friction_vlow,normal,d1_ep00089,d0_ep00396,79,3.95,0.0,2.905741333961487,0.6549756526947021,1.4813528060913086,0.18255215883255005,1.173721432685852,steady,0.0
cross,probe_4_lateral,friction_vlow,normal,d1_ep00089,d0_ep00397,79,3.95,0.0,3.2454785853624344,0.6870582103729248,1.7019538879394531,0.19103117287158966,1.3308706283569336,steady,0.0
cross,probe_4_lateral,friction_vlow,normal,d1_ep00089,d0_ep00397,99,4.95,0.0,1.8226669803261757,0.2773362696170807,1.1056150197982788,0.08194861561059952,0.7155341506004333,transition,0.6000000238418579
cross,probe_4_lateral,friction_vlow,normal,d1_ep00089,d0_ep00407,79,3.95,0.0,3.167852610349655,0.7018924951553345,1.5795706510543823,0.20295169949531555,1.3668755292892456,steady,0.0
cross,probe_4_lateral,friction_vlow,normal,d1_ep00089,d0_ep00408,79,3.95,0.0,2.8842875957489014,0.6701960563659668,1.4056856632232666,0.197756826877594,1.221298098564148,steady,0.0
cross,probe_4_lateral,friction_vlow,normal,d1_ep00089,d0_ep00408,99,4.95,0.0,1.7908213883638382,0.2413402795791626,1.068296194076538,0.09657122194766998,0.7692273855209351,transition,0.6000000238418579
cross,probe_4_lateral,friction_vlow,normal,d1_ep00089,d0_ep00409,79,3.95,0.0,3.426619902253151,0.6816750168800354,1.8859610557556152,0.19826848804950714,1.3214306831359863,steady,0.0
cross,probe_4_lateral,friction_vlow,normal,d1_ep00089,d0_ep00039,19,0.95,0.0,1.9725606441497803,0.2892836928367615,1.1658823490142822,0.12559092044830322,0.7836073637008667,steady,0.0
cross,probe_4_lateral,friction_vlow,normal,d1_ep00089,d0_ep00039,79,3.95,0.0,2.59204263985157,0.6450861692428589,1.2260836362838745,0.185784712433815,1.0701762437820435,steady,0.0
cross,probe_4_lateral,friction_vlow,normal,d1_ep00089,d0_ep00040,79,3.95,0.0,3.1413599103689194,0.6785524487495422,1.6278648376464844,0.2023797482252121,1.2651257514953613,steady,0.0
cross,probe_4_lateral,friction_vlow,normal,d1_ep00089,d0_ep00041,79,3.95,0.0,2.8200573474168777,0.6556210517883301,1.3610327243804932,0.20557458698749542,1.1956579685211182,steady,0.0
cross,probe_4_lateral,friction_vlow,normal,d1_ep00089,d1_ep00024,19,0.95,0.0,1.9086598977446556,0.32348859310150146,1.0665526390075684,0.1200687512755394,0.7970998287200928,steady,0.0
cross,probe_4_lateral,friction_vlow,normal,d1_ep00089,d1_ep00024,79,3.95,0.0,2.703653022646904,0.6737481951713562,1.3245530128479004,0.19927410781383514,1.0121554136276245,steady,0.0
cross,probe_4_lateral,friction_vlow,normal,d1_ep00089,d1_ep00025,19,0.95,0.0,1.8008392453193665,0.333699494600296,0.8905917406082153,0.1260976493358612,0.9009007215499878,steady,0.0
cross,probe_4_lateral,friction_vlow,normal,d1_ep00089,d1_ep00025,79,3.95,0.0,2.659044936299324,0.6716587543487549,1.251860499382019,0.19020570814609528,1.0906399488449097,steady,0.0
cross,probe_4_lateral,friction_vlow,normal,d1_ep00089,d1_ep00026,19,0.95,0.0,1.926155410706997,0.23488278687000275,1.0843418836593628,0.1191166415810585,0.9756281971931458,steady,0.0
cross,probe_4_lateral,friction_vlow,normal,d1_ep00089,d1_ep00026,79,3.95,0.0,2.3577541410923004,0.6557784080505371,0.9864345788955688,0.19890126585960388,1.0332797765731812,steady,0.0
cross,probe_4_lateral,friction_vlow,normal,d1_ep00089,d1_ep00027,19,0.95,0.0,1.8570871576666832,0.2942022383213043,0.9506056308746338,0.12368067353963852,0.9771972298622131,steady,0.0
cross,probe_4_lateral,friction_vlow,normal,d1_ep00089,d1_ep00027,79,3.95,0.0,2.7524312287569046,0.7137119770050049,1.310714602470398,0.19850678741931915,1.0589957237243652,steady,0.0
cross,probe_4_lateral,friction_vlow,normal,d1_ep00089,d1_ep00028,19,0.95,0.0,1.8719522580504417,0.2760118544101715,1.0557527542114258,0.11390867084264755,0.8525579571723938,steady,0.0
cross,probe_4_lateral,friction_vlow,normal,d1_ep00089,d1_ep00028,79,3.95,0.0,2.4708908796310425,0.6636049151420593,1.0831305980682373,0.2017950415611267,1.0447206497192383,steady,0.0
cross,probe_4_lateral,friction_vlow,normal,d1_ep00089,d1_ep00029,19,0.95,0.0,1.7563092112541199,0.3177223801612854,0.9545464515686035,0.1072845458984375,0.7535116672515869,steady,0.0
cross,probe_4_lateral,friction_vlow,normal,d1_ep00089,d1_ep00029,79,3.95,0.0,2.9090376496315002,0.6719649434089661,1.4350992441177368,0.2024213671684265,1.1991041898727417,steady,0.0
cross,probe_4_lateral,friction_vlow,normal,d1_ep00089,d1_ep00030,79,3.95,0.0,3.308535873889923,0.7236154079437256,1.6847747564315796,0.21017831563949585,1.3799347877502441,steady,0.0
cross,probe_4_lateral,friction_vlow,normal,d1_ep00089,d1_ep00031,79,3.95,0.0,2.6594243943691254,0.6780096292495728,1.1997119188308716,0.1973343789577484,1.1687369346618652,steady,0.0
cross,probe_4_lateral,friction_vlow,normal,d1_ep00090,d0_ep00395,79,3.95,0.0,2.5217612385749817,0.6710598468780518,1.1958084106445312,0.18165463209152222,0.9464766979217529,steady,0.0
cross,probe_4_lateral,friction_vlow,normal,d1_ep00090,d0_ep00396,79,3.95,0.0,2.923040121793747,0.6617677807807922,1.5885741710662842,0.18179413676261902,0.981808066368103,steady,0.0
cross,probe_4_lateral,friction_vlow,normal,d1_ep00090,d0_ep00397,79,3.95,0.0,3.295197829604149,0.6895231008529663,1.7434301376342773,0.18957524001598358,1.3453387022018433,steady,0.0
cross,probe_4_lateral,friction_vlow,normal,d1_ep00090,d0_ep00407,79,3.95,0.0,3.1453249603509903,0.7078686952590942,1.5338717699050903,0.2017970234155655,1.4035749435424805,steady,0.0
cross,probe_4_lateral,friction_vlow,normal,d1_ep00090,d0_ep00408,79,3.95,0.0,2.744725465774536,0.6719990968704224,1.318785548210144,0.19626009464263916,1.1153614521026611,steady,0.0
cross,probe_4_lateral,friction_vlow,normal,d1_ep00090,d0_ep00409,79,3.95,0.0,3.4232936799526215,0.6866194605827332,1.825763463973999,0.1968182623386383,1.428184986114502,steady,0.0
cross,probe_4_lateral,friction_vlow,normal,d1_ep00090,d0_ep00039,79,3.95,0.0,2.7389210015535355,0.6449463963508606,1.4774032831192017,0.18407313525676727,0.8649963736534119,steady,0.0
cross,probe_4_lateral,friction_vlow,normal,d1_ep00090,d0_ep00039,119,5.95,0.0,1.7890070574358106,0.09457075595855713,1.1057934761047363,0.01539634633809328,1.1464929580688477,steady,0.0
cross,probe_4_lateral,friction_vlow,normal,d1_ep00090,d0_ep00040,79,3.95,0.0,3.125931352376938,0.6802906394004822,1.6147048473358154,0.19985589385032654,1.2621599435806274,steady,0.0
cross,probe_4_lateral,friction_vlow,normal,d1_ep00090,d0_ep00041,79,3.95,0.0,2.808832436800003,0.6553453207015991,1.392475962638855,0.20244243741035461,1.1171374320983887,steady,0.0
cross,probe_4_lateral,friction_vlow,normal,d1_ep00090,d1_ep00024,79,3.95,0.0,2.6403034776449203,0.6757367253303528,1.3883816003799438,0.1965002566576004,0.7593697905540466,steady,0.0
cross,probe_4_lateral,friction_vlow,normal,d1_ep00090,d1_ep00025,79,3.95,0.0,2.66716505587101,0.6754515767097473,1.3398277759552002,0.18902583420276642,0.9257197380065918,steady,0.0
cross,probe_4_lateral,friction_vlow,normal,d1_ep00090,d1_ep00026,79,3.95,0.0,2.3854528218507767,0.6554262042045593,1.0885372161865234,0.19764049351215363,0.8876978158950806,steady,0.0
cross,probe_4_lateral,friction_vlow,normal,d1_ep00090,d1_ep00027,79,3.95,0.0,2.6947977989912033,0.7196536064147949,1.147261381149292,0.197493776679039,1.2607780694961548,steady,0.0
cross,probe_4_lateral,friction_vlow,normal,d1_ep00090,d1_ep00028,79,3.95,0.0,2.3581896871328354,0.6643882393836975,1.0918724536895752,0.2014550119638443,0.8009479641914368,steady,0.0
cross,probe_4_lateral,friction_vlow,normal,d1_ep00090,d1_ep00029,79,3.95,0.0,2.7691573947668076,0.6747442483901978,1.3139729499816895,0.20069698989391327,1.1594864130020142,steady,0.0
cross,probe_4_lateral,friction_vlow,normal,d1_ep00090,d1_ep00030,79,3.95,0.0,3.477699100971222,0.731478214263916,1.7997722625732422,0.20956343412399292,1.4737703800201416,steady,0.0
cross,probe_4_lateral,friction_vlow,normal,d1_ep00090,d1_ep00031,79,3.95,0.0,2.5103432834148407,0.6804180145263672,1.1331967115402222,0.19479629397392273,1.0038645267486572,steady,0.0
cross,probe_4_lateral,friction_vlow,normal,d1_ep00091,d0_ep00395,79,3.95,0.0,2.8334696292877197,0.6726633310317993,1.7198597192764282,0.15434950590133667,0.573194146156311,steady,0.0
cross,probe_4_lateral,friction_vlow,normal,d1_ep00091,d0_ep00395,99,4.95,0.0,1.9960368946194649,0.31167933344841003,1.3870298862457275,0.10326331108808517,0.38812872767448425,transition,0.6000000238418579
cross,probe_4_lateral,friction_vlow,normal,d1_ep00091,d0_ep00396,79,3.95,0.0,2.4660766571760178,0.6637802124023438,1.3597544431686401,0.15388216078281403,0.5773196816444397,steady,0.0
cross,probe_4_lateral,friction_vlow,normal,d1_ep00091,d0_ep00396,99,4.95,0.0,1.8645513728260994,0.2932949364185333,1.2679693698883057,0.08797148615121841,0.430631160736084,transition,0.6000000238418579
cross,probe_4_lateral,friction_vlow,normal,d1_ep00091,d0_ep00397,19,0.95,0.0,1.965127095580101,0.3179836869239807,1.0347580909729004,0.10758142173290253,1.0096077919006348,steady,0.0
cross,probe_4_lateral,friction_vlow,normal,d1_ep00091,d0_ep00397,79,3.95,0.0,2.482511192560196,0.6925064921379089,1.1807478666305542,0.162042498588562,0.8944286704063416,steady,0.0
cross,probe_4_lateral,friction_vlow,normal,d1_ep00091,d0_ep00407,19,0.95,0.0,2.0549975782632828,0.26979196071624756,1.2229082584381104,0.12025897204875946,0.8840767741203308,steady,0.0
cross,probe_4_lateral,friction_vlow,normal,d1_ep00091,d0_ep00407,79,3.95,0.0,2.7703709304332733,0.7102010250091553,1.4107056856155396,0.17414787411689758,0.9506326913833618,steady,0.0
cross,probe_4_lateral,friction_vlow,normal,d1_ep00091,d0_ep00407,99,4.95,0.0,1.8146899044513702,0.23176755011081696,1.2034926414489746,0.10505269467830658,0.5487540364265442,transition,0.6000000238418579
cross,probe_4_lateral,friction_vlow,normal,d1_ep00091,d0_ep00408,19,0.95,0.0,2.097615458071232,0.3665873408317566,1.1713634729385376,0.1097559705376625,0.8998173475265503,steady,0.0
cross,probe_4_lateral,friction_vlow,normal,d1_ep00091,d0_ep00408,79,3.95,0.0,2.7990014851093292,0.6743770241737366,1.6221641302108765,0.16877061128616333,0.6673794388771057,steady,0.0
cross,probe_4_lateral,friction_vlow,normal,d1_ep00091,d0_ep00409,19,0.95,0.0,1.803116261959076,0.3364354968070984,0.9625592827796936,0.11228978633880615,0.7836633920669556,steady,0.0
cross,probe_4_lateral,friction_vlow,normal,d1_ep00091,d0_ep00409,79,3.95,0.0,2.508654072880745,0.6884604096412659,1.1510041952133179,0.16930605471134186,0.9997668266296387,steady,0.0
cross,probe_4_lateral,friction_vlow,normal,d1_ep00091,d0_ep00409,99,4.95,0.0,2.6618801802396774,0.2877086102962494,1.8483158349990845,0.10960789024829865,0.8324956893920898,transition,0.6000000238418579
cross,probe_4_lateral,friction_vlow,normal,d1_ep00091,d0_ep00039,19,0.95,0.0,1.898275338113308,0.2678414285182953,1.293636679649353,0.108897365629673,0.45579972863197327,steady,0.0
cross,probe_4_lateral,friction_vlow,normal,d1_ep00091,d0_ep00039,79,3.95,0.0,2.809805706143379,0.6457000970840454,1.7352896928787231,0.15665845572948456,0.5443149209022522,steady,0.0
cross,probe_4_lateral,friction_vlow,normal,d1_ep00091,d0_ep00039,99,4.95,0.0,2.166420102119446,0.26758459210395813,1.5451997518539429,0.12092585861682892,0.46541979908943176,transition,0.6000000238418579
cross,probe_4_lateral,friction_vlow,normal,d1_ep00091,d0_ep00040,19,0.95,0.0,1.760991133749485,0.34323614835739136,0.9528919458389282,0.11246789246797562,0.7047902941703796,steady,0.0
cross,probe_4_lateral,friction_vlow,normal,d1_ep00091,d0_ep00040,59,2.95,0.0,1.7515061348676682,0.12016795575618744,1.2799184322357178,0.021178483963012695,0.6604825258255005,steady,0.0
cross,probe_4_lateral,friction_vlow,normal,d1_ep00091,d0_ep00040,79,3.95,0.0,2.570057302713394,0.6833851337432861,1.2928073406219482,0.17295056581497192,0.8418285250663757,steady,0.0
cross,probe_4_lateral,friction_vlow,normal,d1_ep00091,d0_ep00040,99,4.95,0.0,1.8285082578659058,0.2971779406070709,1.2226645946502686,0.11216118931770325,0.3930090665817261,transition,0.6000000238418579
cross,probe_4_lateral,friction_vlow,normal,d1_ep00091,d0_ep00041,19,0.95,0.0,2.043076440691948,0.34722599387168884,1.130824327468872,0.10464383661746979,0.9207645654678345,steady,0.0
cross,probe_4_lateral,friction_vlow,normal,d1_ep00091,d0_ep00041,79,3.95,0.0,2.686604753136635,0.6564428210258484,1.5039522647857666,0.17591287195682526,0.7005935907363892,steady,0.0
cross,probe_4_lateral,friction_vlow,normal,d1_ep00091,d0_ep00041,99,4.95,0.0,2.352453999221325,0.2775532901287079,1.5572690963745117,0.10721512883901596,0.8208329677581787,transition,0.6000000238418579
cross,probe_4_lateral,friction_vlow,normal,d1_ep00091,d1_ep00024,19,0.95,0.0,1.9102161824703217,0.3026259243488312,1.2725794315338135,0.10526816546916962,0.45948532223701477,steady,0.0
cross,probe_4_lateral,friction_vlow,normal,d1_ep00091,d1_ep00024,79,3.95,0.0,2.6399500519037247,0.6787366271018982,1.522009015083313,0.16973312199115753,0.5389425754547119,steady,0.0
cross,probe_4_lateral,friction_vlow,normal,d1_ep00091,d1_ep00024,99,4.95,0.0,2.131290704011917,0.2975548207759857,1.5094568729400635,0.08867068588733673,0.4712166488170624,transition,0.6000000238418579
cross,probe_4_lateral,friction_vlow,normal,d1_ep00091,d1_ep00025,79,3.95,0.0,2.7455683946609497,0.6766804456710815,1.6204766035079956,0.16134828329086304,0.574126124382019,steady,0.0
cross,probe_4_lateral,friction_vlow,normal,d1_ep00091,d1_ep00025,99,4.95,0.0,1.9104033783078194,0.28270894289016724,1.3171727657318115,0.0957006886601448,0.4296419620513916,transition,0.6000000238418579
cross,probe_4_lateral,friction_vlow,normal,d1_ep00091,d1_ep00026,19,0.95,0.0,1.9795190915465355,0.20704685151576996,1.4979106187820435,0.10000868886709213,0.3491058647632599,steady,0.0
cross,probe_4_lateral,friction_vlow,normal,d1_ep00091,d1_ep00026,39,1.95,0.0,2.044102095067501,0.18121059238910675,1.538093090057373,0.03637851029634476,0.576839804649353,transition,1.2000000476837158
cross,probe_4_lateral,friction_vlow,normal,d1_ep00091,d1_ep00026,79,3.95,0.0,2.9807513505220413,0.6560699939727783,1.8617063760757446,0.17003239691257477,0.5858851671218872,steady,0.0
cross,probe_4_lateral,friction_vlow,normal,d1_ep00091,d1_ep00026,99,4.95,0.0,1.9191916584968567,0.26319581270217896,1.3041167259216309,0.11274462938308716,0.47826898097991943,transition,0.6000000238418579
cross,probe_4_lateral,friction_vlow,normal,d1_ep00091,d1_ep00027,19,0.95,0.0,2.037288822233677,0.25122177600860596,1.5086970329284668,0.10131879895925522,0.3521024286746979,steady,0.0
cross,probe_4_lateral,friction_vlow,normal,d1_ep00091,d1_ep00027,79,3.95,0.0,3.230325296521187,0.7177175283432007,1.8452438116073608,0.16975949704647064,0.9952089190483093,steady,0.0
cross,probe_4_lateral,friction_vlow,normal,d1_ep00091,d1_ep00027,99,4.95,0.0,2.522677645087242,0.3593911826610565,1.5196517705917358,0.1185779720544815,1.0501134395599365,transition,0.6000000238418579
cross,probe_4_lateral,friction_vlow,normal,d1_ep00091,d1_ep00028,19,0.95,0.0,1.9316626191139221,0.2602420151233673,1.3568627834320068,0.09781424701213837,0.4334871470928192,steady,0.0
cross,probe_4_lateral,friction_vlow,normal,d1_ep00091,d1_ep00028,79,3.95,0.0,2.940816715359688,0.6667309999465942,1.8155639171600342,0.173409566283226,0.5702244639396667,steady,0.0
cross,probe_4_lateral,friction_vlow,normal,d1_ep00091,d1_ep00028,99,4.95,0.0,2.101211927831173,0.30914661288261414,1.4413679838180542,0.10156580060720444,0.49826306104660034,transition,0.6000000238418579
cross,probe_4_lateral,friction_vlow,normal,d1_ep00091,d1_ep00029,79,3.95,0.0,2.8694628179073334,0.6758062839508057,1.662920355796814,0.17334330081939697,0.7147857546806335,steady,0.0
cross,probe_4_lateral,friction_vlow,normal,d1_ep00091,d1_ep00029,99,4.95,0.0,2.1398992016911507,0.3156985342502594,1.511025071144104,0.09992567449808121,0.4264998435974121,transition,0.6000000238418579
cross,probe_4_lateral,friction_vlow,normal,d1_ep00091,d1_ep00030,19,0.95,0.0,2.11867568641901,0.2522309124469757,1.5517387390136719,0.10628785938024521,0.41683635115623474,steady,0.0
cross,probe_4_lateral,friction_vlow,normal,d1_ep00091,d1_ep00030,79,3.95,0.0,2.59135565161705,0.7321509122848511,1.158983826637268,0.1816723644733429,1.0370970964431763,steady,0.0
cross,probe_4_lateral,friction_vlow,normal,d1_ep00091,d1_ep00030,99,4.95,0.0,2.270526200532913,0.26933276653289795,1.4625494480133057,0.10313773155212402,0.8710125088691711,transition,0.6000000238418579
cross,probe_4_lateral,friction_vlow,normal,d1_ep00091,d1_ep00031,79,3.95,0.0,2.9386643022298813,0.6818063855171204,1.779879093170166,0.1678834706544876,0.6181907057762146,steady,0.0
cross,probe_4_lateral,friction_vlow,normal,d1_ep00091,d1_ep00031,99,4.95,0.0,1.9265353754162788,0.29680225253105164,1.3070732355117798,0.10791768878698349,0.42948439717292786,transition,0.6000000238418579
cross,probe_4_lateral,friction_vlow,normal,d1_ep00092,d0_ep00395,79,3.95,0.0,2.421383962035179,0.6540964841842651,1.0999701023101807,0.1741361767053604,0.9863623976707458,steady,0.0
cross,probe_4_lateral,friction_vlow,normal,d1_ep00092,d0_ep00396,79,3.95,0.0,2.7628540992736816,0.6429328322410583,1.43178129196167,0.17397624254226685,1.028327465057373,steady,0.0
cross,probe_4_lateral,friction_vlow,normal,d1_ep00092,d0_ep00397,19,0.95,0.0,1.9925383403897285,0.33236685395240784,1.0860942602157593,0.11815116554498672,0.9118521213531494,steady,0.0
cross,probe_4_lateral,friction_vlow,normal,d1_ep00092,d0_ep00397,79,3.95,0.0,3.1772730350494385,0.6730524897575378,1.6335728168487549,0.1819494366645813,1.377396583557129,steady,0.0
cross,probe_4_lateral,friction_vlow,normal,d1_ep00092,d0_ep00407,19,0.95,0.0,2.0328554809093475,0.292418897151947,1.211986780166626,0.1310124397277832,0.7948747277259827,steady,0.0
cross,probe_4_lateral,friction_vlow,normal,d1_ep00092,d0_ep00407,79,3.95,0.0,3.0805504471063614,0.6894607543945312,1.478742241859436,0.19411654770374298,1.4364618062973022,steady,0.0
cross,probe_4_lateral,friction_vlow,normal,d1_ep00092,d0_ep00408,19,0.95,0.0,1.9992474019527435,0.38060837984085083,1.0956494808197021,0.12008461356163025,0.8058098554611206,steady,0.0
cross,probe_4_lateral,friction_vlow,normal,d1_ep00092,d0_ep00408,79,3.95,0.0,2.7051833122968674,0.6562044620513916,1.28336763381958,0.1886575073003769,1.1539074182510376,steady,0.0
cross,probe_4_lateral,friction_vlow,normal,d1_ep00092,d0_ep00409,19,0.95,0.0,1.9018052369356155,0.35014286637306213,1.0749237537384033,0.1238480657339096,0.705781102180481,steady,0.0
cross,probe_4_lateral,friction_vlow,normal,d1_ep00092,d0_ep00409,79,3.95,0.0,3.3570891320705414,0.6690658926963806,1.7710716724395752,0.18920466303825378,1.4554938077926636,steady,0.0
cross,probe_4_lateral,friction_vlow,normal,d1_ep00092,d0_ep00039,79,3.95,0.0,2.5094472467899323,0.6311430335044861,1.2478268146514893,0.17650294303894043,0.907948911190033,steady,0.0
cross,probe_4_lateral,friction_vlow,normal,d1_ep00092,d0_ep00039,119,5.95,0.0,2.025021869689226,0.08527929335832596,1.308025598526001,0.044350575655698776,1.1747328042984009,steady,0.0
cross,probe_4_lateral,friction_vlow,normal,d1_ep00092,d0_ep00040,19,0.95,0.0,1.9964781403541565,0.35461142659187317,1.206520438194275,0.1233518123626709,0.623988926410675,steady,0.0
cross,probe_4_lateral,friction_vlow,normal,d1_ep00092,d0_ep00040,79,3.95,0.0,3.036757856607437,0.664229691028595,1.5314054489135742,0.19253447651863098,1.297176480293274,steady,0.0
cross,probe_4_lateral,friction_vlow,normal,d1_ep00092,d0_ep00041,19,0.95,0.0,2.1022641584277153,0.36159446835517883,1.2083656787872314,0.11580123752355576,0.8330055475234985,steady,0.0
cross,probe_4_lateral,friction_vlow,normal,d1_ep00092,d0_ep00041,79,3.95,0.0,2.688706487417221,0.6414783596992493,1.2746376991271973,0.19529590010643005,1.154589056968689,steady,0.0
cross,probe_4_lateral,friction_vlow,normal,d1_ep00092,d1_ep00024,19,0.95,0.0,1.7833185195922852,0.32134121656417847,1.1374340057373047,0.11528755724430084,0.4185114800930023,steady,0.0
cross,probe_4_lateral,friction_vlow,normal,d1_ep00092,d1_ep00024,79,3.95,0.0,2.5027625262737274,0.659550130367279,1.252756953239441,0.18924176692962646,0.802427351474762,steady,0.0
cross,probe_4_lateral,friction_vlow,normal,d1_ep00092,d1_ep00025,79,3.95,0.0,2.5274568796157837,0.6589061617851257,1.2026596069335938,0.18132814764976501,0.9691259264945984,steady,0.0
cross,probe_4_lateral,friction_vlow,normal,d1_ep00092,d1_ep00026,19,0.95,0.0,1.9327393472194672,0.23239731788635254,1.4195544719696045,0.11139559745788574,0.3387839198112488,steady,0.0
cross,probe_4_lateral,friction_vlow,normal,d1_ep00092,d1_ep00026,79,3.95,0.0,2.227364644408226,0.6418279409408569,0.9313796162605286,0.18997962772846222,0.9283549189567566,steady,0.0
cross,probe_4_lateral,friction_vlow,normal,d1_ep00092,d1_ep00027,19,0.95,0.0,2.038977473974228,0.28802353143692017,1.475089192390442,0.11378581821918488,0.32415786385536194,steady,0.0
cross,probe_4_lateral,friction_vlow,normal,d1_ep00092,d1_ep00027,79,3.95,0.0,2.692455768585205,0.7033476829528809,1.1575556993484497,0.1897696852684021,1.2835654020309448,steady,0.0
cross,probe_4_lateral,friction_vlow,normal,d1_ep00092,d1_ep00028,19,0.95,0.0,1.8369980156421661,0.2746609151363373,1.2493845224380493,0.10814934968948364,0.4096064567565918,steady,0.0
cross,probe_4_lateral,friction_vlow,normal,d1_ep00092,d1_ep00028,79,3.95,0.0,2.259362757205963,0.6492617130279541,0.9938830733299255,0.19357144832611084,0.8452930450439453,steady,0.0
cross,probe_4_lateral,friction_vlow,normal,d1_ep00092,d1_ep00028,119,5.95,0.0,1.7685990743339062,0.12077956646680832,1.0537946224212646,0.04088478162884712,1.1062802076339722,steady,0.0
cross,probe_4_lateral,friction_vlow,normal,d1_ep00092,d1_ep00029,79,3.95,0.0,2.750662535429001,0.6589297652244568,1.30197274684906,0.1931619942188263,1.1931960582733154,steady,0.0
cross,probe_4_lateral,friction_vlow,normal,d1_ep00092,d1_ep00030,19,0.95,0.0,2.130894884467125,0.2880966067314148,1.5417354106903076,0.11626966297626495,0.36958640813827515,steady,0.0
cross,probe_4_lateral,friction_vlow,normal,d1_ep00092,d1_ep00030,79,3.95,0.0,3.3033630698919296,0.7126618027687073,1.638378620147705,0.201760932803154,1.5011234283447266,steady,0.0
cross,probe_4_lateral,friction_vlow,normal,d1_ep00092,d1_ep00031,19,0.95,0.0,1.867399275302887,0.3579777777194977,1.088875412940979,0.10789698362350464,0.6252982020378113,steady,0.0
cross,probe_4_lateral,friction_vlow,normal,d1_ep00092,d1_ep00031,79,3.95,0.0,2.4597093760967255,0.6646959781646729,1.0833337306976318,0.1874692738056183,1.048420786857605,steady,0.0
cross,probe_4_lateral,friction_vlow,normal,d1_ep00093,d0_ep00395,19,0.95,0.0,2.5038142949342728,0.28584176301956177,1.8582231998443604,0.11285251379013062,0.49379363656044006,steady,0.0
cross,probe_4_lateral,friction_vlow,normal,d1_ep00093,d0_ep00395,79,3.95,0.0,3.521396115422249,0.6478607058525085,2.4433934688568115,0.15997208654880524,0.5403397083282471,steady,0.0
cross,probe_4_lateral,friction_vlow,normal,d1_ep00093,d0_ep00395,99,4.95,0.0,2.0255124494433403,0.33788377046585083,1.3456323146820068,0.1069917306303978,0.4700092673301697,transition,0.6000000238418579
cross,probe_4_lateral,friction_vlow,normal,d1_ep00093,d0_ep00396,19,0.95,0.0,2.5351861864328384,0.24619060754776,1.7877635955810547,0.1242227703332901,0.7540184259414673,steady,0.0
cross,probe_4_lateral,friction_vlow,normal,d1_ep00093,d0_ep00396,79,3.95,0.0,3.1398714035749435,0.6380812525749207,2.0521559715270996,0.15846167504787445,0.5823450088500977,steady,0.0
cross,probe_4_lateral,friction_vlow,normal,d1_ep00093,d0_ep00396,99,4.95,0.0,1.7553567364811897,0.33330604434013367,1.0626572370529175,0.09296569973230362,0.5328555107116699,transition,0.6000000238418579
cross,probe_4_lateral,friction_vlow,normal,d1_ep00093,d0_ep00397,19,0.95,0.0,2.315404638648033,0.2939407527446747,1.6681534051895142,0.11021503806114197,0.48619088530540466,steady,0.0
cross,probe_4_lateral,friction_vlow,normal,d1_ep00093,d0_ep00397,79,3.95,0.0,3.1023723781108856,0.6675469875335693,1.9000118970870972,0.16718971729278564,0.7352475523948669,steady,0.0
cross,probe_4_lateral,friction_vlow,normal,d1_ep00093,d0_ep00407,19,0.95,0.0,2.114099808037281,0.27725470066070557,1.4670426845550537,0.1229669377207756,0.4936709702014923,steady,0.0
cross,probe_4_lateral,friction_vlow,normal,d1_ep00093,d0_ep00407,79,3.95,0.0,3.41585773229599,0.6846181750297546,2.15739107131958,0.17895019054412842,0.7897965908050537,steady,0.0
cross,probe_4_lateral,friction_vlow,normal,d1_ep00093,d0_ep00408,19,0.95,0.0,2.1899289190769196,0.3454415798187256,1.510198950767517,0.11160069704055786,0.44537538290023804,steady,0.0
cross,probe_4_lateral,friction_vlow,normal,d1_ep00093,d0_ep00408,79,3.95,0.0,3.5015440434217453,0.6498551964759827,2.3781144618988037,0.17390893399715424,0.5993309020996094,steady,0.0
cross,probe_4_lateral,friction_vlow,normal,d1_ep00093,d0_ep00409,19,0.95,0.0,2.4546056166291237,0.3083646893501282,1.7957035303115845,0.11769922822713852,0.46567633748054504,steady,0.0
cross,probe_4_lateral,friction_vlow,normal,d1_ep00093,d0_ep00409,79,3.95,0.0,3.1652704775333405,0.6633533239364624,1.9211384057998657,0.17439979314804077,0.8127579092979431,steady,0.0
cross,probe_4_lateral,friction_vlow,normal,d1_ep00093,d0_ep00409,99,4.95,0.0,2.29911819845438,0.31296658515930176,1.4251142740249634,0.11181003600358963,0.8984546065330505,transition,0.6000000238418579
cross,probe_4_lateral,friction_vlow,normal,d1_ep00093,d0_ep00039,19,0.95,0.0,2.272478647530079,0.2654339671134949,1.5192791223526,0.11189872771501541,0.751733660697937,steady,0.0
cross,probe_4_lateral,friction_vlow,normal,d1_ep00093,d0_ep00039,79,3.95,0.0,3.426021084189415,0.6225070357322693,2.3488752841949463,0.1620720773935318,0.5851333737373352,steady,0.0
cross,probe_4_lateral,friction_vlow,normal,d1_ep00093,d0_ep00039,99,4.95,0.0,2.054195925593376,0.29993683099746704,1.3761454820632935,0.12662295997142792,0.5029813051223755,transition,0.6000000238418579
cross,probe_4_lateral,friction_vlow,normal,d1_ep00093,d0_ep00040,19,0.95,0.0,2.811543472111225,0.3133399784564972,2.1112189292907715,0.11583522707223892,0.5422986745834351,steady,0.0
cross,probe_4_lateral,friction_vlow,normal,d1_ep00093,d0_ep00040,79,3.95,0.0,3.235934093594551,0.6585658192634583,2.0431106090545654,0.17896245419979095,0.7105904221534729,steady,0.0
cross,probe_4_lateral,friction_vlow,normal,d1_ep00093,d0_ep00041,19,0.95,0.0,2.2716676965355873,0.31917697191238403,1.629860758781433,0.10914111882448196,0.4269776940345764,steady,0.0
cross,probe_4_lateral,friction_vlow,normal,d1_ep00093,d0_ep00041,79,3.95,0.0,3.3592360764741898,0.6331241130828857,2.2357170581817627,0.18243126571178436,0.6159272789955139,steady,0.0
cross,probe_4_lateral,friction_vlow,normal,d1_ep00093,d0_ep00041,99,4.95,0.0,2.040680266916752,0.30794644355773926,1.1816376447677612,0.10964567214250565,0.8829010128974915,transition,0.6000000238418579
cross,probe_4_lateral,friction_vlow,normal,d1_ep00093,d1_ep00024,19,0.95,0.0,2.246287241578102,0.29636430740356445,1.473232626914978,0.10641025006771088,0.7405601143836975,steady,0.0
cross,probe_4_lateral,friction_vlow,normal,d1_ep00093,d1_ep00024,79,3.95,0.0,3.3827325254678726,0.6538845300674438,2.2395401000976562,0.17598457634449005,0.6266466379165649,steady,0.0
cross,probe_4_lateral,friction_vlow,normal,d1_ep00093,d1_ep00024,99,4.95,0.0,1.896006464958191,0.3313789367675781,1.1675448417663574,0.09210705757141113,0.6099512577056885,transition,0.6000000238418579
cross,probe_4_lateral,friction_vlow,normal,d1_ep00093,d1_ep00025,19,0.95,0.0,2.5535155534744263,0.30814966559410095,1.6996045112609863,0.1123909056186676,0.8667409420013428,steady,0.0
cross,probe_4_lateral,friction_vlow,normal,d1_ep00093,d1_ep00025,79,3.95,0.0,3.4228749871253967,0.6521687507629395,2.3158838748931885,0.16625434160232544,0.5771360397338867,steady,0.0
cross,probe_4_lateral,friction_vlow,normal,d1_ep00093,d1_ep00025,99,4.95,0.0,1.8419753164052963,0.31439143419265747,1.138540267944336,0.10123233497142792,0.57562255859375,transition,0.6000000238418579
cross,probe_4_lateral,friction_vlow,normal,d1_ep00093,d1_ep00026,19,0.95,0.0,2.0905612260103226,0.22928260266780853,1.2651201486587524,0.1054050624370575,0.9815068244934082,steady,0.0
cross,probe_4_lateral,friction_vlow,normal,d1_ep00093,d1_ep00026,79,3.95,0.0,3.6640805453062057,0.6330121755599976,2.5628316402435303,0.17495374381542206,0.5865659713745117,steady,0.0
cross,probe_4_lateral,friction_vlow,normal,d1_ep00093,d1_ep00026,99,4.95,0.0,1.8473072946071625,0.295495867729187,1.1303985118865967,0.11861851811408997,0.6055887937545776,transition,0.6000000238418579
cross,probe_4_lateral,friction_vlow,normal,d1_ep00093,d1_ep00027,19,0.95,0.0,2.1294029280543327,0.30671656131744385,1.2139416933059692,0.1100248321890831,0.9974396824836731,steady,0.0
cross,probe_4_lateral,friction_vlow,normal,d1_ep00093,d1_ep00027,79,3.95,0.0,3.893883526325226,0.6944140195846558,2.6097702980041504,0.1744624674320221,0.8304734826087952,steady,0.0
cross,probe_4_lateral,friction_vlow,normal,d1_ep00093,d1_ep00027,99,4.95,0.0,2.4650949984788895,0.3902052938938141,1.3755764961242676,0.12384013831615448,1.1509461402893066,transition,0.6000000238418579
cross,probe_4_lateral,friction_vlow,normal,d1_ep00093,d1_ep00028,19,0.95,0.0,2.1489176601171494,0.2453402578830719,1.3790024518966675,0.10020856559276581,0.8487327694892883,steady,0.0
cross,probe_4_lateral,friction_vlow,normal,d1_ep00093,d1_ep00028,79,3.95,0.0,3.6889603435993195,0.6425030827522278,2.540968894958496,0.17749089002609253,0.6559949517250061,steady,0.0
cross,probe_4_lateral,friction_vlow,normal,d1_ep00093,d1_ep00028,99,4.95,0.0,1.8856858015060425,0.34202712774276733,1.1256409883499146,0.10706639289855957,0.621902585029602,transition,0.6000000238418579
cross,probe_4_lateral,friction_vlow,normal,d1_ep00093,d1_ep00029,19,0.95,0.0,2.3561772853136063,0.29009830951690674,1.6335653066635132,0.09356750547885895,0.6778923273086548,steady,0.0
cross,probe_4_lateral,friction_vlow,normal,d1_ep00093,d1_ep00029,79,3.95,0.0,3.5473630130290985,0.6516575217247009,2.4238438606262207,0.1786532998085022,0.5864166617393494,steady,0.0
cross,probe_4_lateral,friction_vlow,normal,d1_ep00093,d1_ep00029,99,4.95,0.0,1.8298976197838783,0.3495958149433136,1.1671524047851562,0.10392557829618454,0.4184476435184479,transition,0.6000000238418579
cross,probe_4_lateral,friction_vlow,normal,d1_ep00093,d1_ep00030,19,0.95,0.0,2.000084802508354,0.30313414335250854,1.1188416481018066,0.10727907717227936,0.9416598677635193,steady,0.0
cross,probe_4_lateral,friction_vlow,normal,d1_ep00093,d1_ep00030,79,3.95,0.0,3.1644573360681534,0.7069042325019836,1.8415374755859375,0.1859545260667801,0.8601222038269043,steady,0.0
cross,probe_4_lateral,friction_vlow,normal,d1_ep00093,d1_ep00030,99,4.95,0.0,2.0354186296463013,0.2987193465232849,1.1643551588058472,0.10579875111579895,0.9330907464027405,transition,0.6000000238418579
cross,probe_4_lateral,friction_vlow,normal,d1_ep00093,d1_ep00031,19,0.95,0.0,2.5597393587231636,0.3157571852207184,1.878032922744751,0.09970805794000626,0.532482385635376,steady,0.0
cross,probe_4_lateral,friction_vlow,normal,d1_ep00093,d1_ep00031,79,3.95,0.0,3.65816693007946,0.6576036810874939,2.524750232696533,0.17394278943538666,0.6037404537200928,steady,0.0
cross,probe_4_lateral,friction_vlow,normal,d1_ep00094,d0_ep00395,79,3.95,0.0,2.1751800030469894,0.6809535026550293,0.820049524307251,0.16453401744365692,1.0192859172821045,steady,0.0
cross,probe_4_lateral,friction_vlow,normal,d1_ep00094,d0_ep00395,99,4.95,0.0,1.8523923456668854,0.33301910758018494,1.0468868017196655,0.0706733763217926,0.8036261200904846,transition,0.6000000238418579
cross,probe_4_lateral,friction_vlow,normal,d1_ep00094,d0_ep00396,79,3.95,0.0,2.5166656970977783,0.6702276468276978,1.151533842086792,0.1651114821434021,1.059585452079773,steady,0.0
cross,probe_4_lateral,friction_vlow,normal,d1_ep00094,d0_ep00397,79,3.95,0.0,2.915319189429283,0.7013611197471619,1.3380861282348633,0.17259804904460907,1.4065477848052979,steady,0.0
cross,probe_4_lateral,friction_vlow,normal,d1_ep00094,d0_ep00407,59,2.95,0.0,1.7653598375618458,0.09054451435804367,1.2909209728240967,0.03353499993681908,0.7007187008857727,steady,0.0
cross,probe_4_lateral,friction_vlow,normal,d1_ep00094,d0_ep00407,79,3.95,0.0,2.804305002093315,0.7170969843864441,1.1689828634262085,0.18489329516887665,1.4666637182235718,steady,0.0
cross,probe_4_lateral,friction_vlow,normal,d1_ep00094,d0_ep00408,79,3.95,0.0,2.4143693894147873,0.683867871761322,0.9604278802871704,0.17924682796001434,1.181653618812561,steady,0.0
cross,probe_4_lateral,friction_vlow,normal,d1_ep00094,d0_ep00408,99,4.95,0.0,1.8428879752755165,0.2580048143863678,1.0771342515945435,0.06434465199708939,0.8868085145950317,transition,0.6000000238418579
cross,probe_4_lateral,friction_vlow,normal,d1_ep00094,d0_ep00409,79,3.95,0.0,3.0487264543771744,0.6961820721626282,1.4293240308761597,0.179820254445076,1.486800193786621,steady,0.0
cross,probe_4_lateral,friction_vlow,normal,d1_ep00094,d0_ep00039,79,3.95,0.0,2.3728894740343094,0.6569819450378418,1.0743894577026367,0.16702140867710114,0.9489933252334595,steady,0.0
cross,probe_4_lateral,friction_vlow,normal,d1_ep00094,d0_ep00039,119,5.95,0.0,2.045524237677455,0.09751509875059128,1.3357707262039185,0.025256400927901268,1.173964023590088,steady,0.0
cross,probe_4_lateral,friction_vlow,normal,d1_ep00094,d0_ep00040,59,2.95,0.0,1.844423532485962,0.11458288878202438,1.2765228748321533,0.03321049362421036,0.8402145504951477,steady,0.0
cross,probe_4_lateral,friction_vlow,normal,d1_ep00094,d0_ep00040,79,3.95,0.0,2.747585892677307,0.6926447153091431,1.2083312273025513,0.18247628211975098,1.3282673358917236,steady,0.0
cross,probe_4_lateral,friction_vlow,normal,d1_ep00094,d0_ep00041,79,3.95,0.0,2.404698923230171,0.6676990985870361,0.9597585797309875,0.18486203253269196,1.1847584247589111,steady,0.0
cross,probe_4_lateral,friction_vlow,normal,d1_ep00094,d1_ep00024,79,3.95,0.0,2.2450691610574722,0.6878705620765686,0.9546350836753845,0.17904679477214813,0.8470334410667419,steady,0.0
cross,probe_4_lateral,friction_vlow,normal,d1_ep00094,d1_ep00025,79,3.95,0.0,2.308623656630516,0.6853506565093994,0.9499928951263428,0.1721532791852951,1.0022536516189575,steady,0.0
cross,probe_4_lateral,friction_vlow,normal,d1_ep00094,d1_ep00026,79,3.95,0.0,2.015242353081703,0.6675364971160889,0.6835866570472717,0.18070964515209198,0.9668191075325012,steady,0.0
cross,probe_4_lateral,friction_vlow,normal,d1_ep00094,d1_ep00027,79,3.95,0.0,2.4001388400793076,0.7261502146720886,0.8259488940238953,0.1806560605764389,1.3347673416137695,steady,0.0
cross,probe_4_lateral,friction_vlow,normal,d1_ep00094,d1_ep00027,99,4.95,0.0,1.763179011642933,0.38627615571022034,0.9870513677597046,0.08352247625589371,0.6126580238342285,transition,0.6000000238418579
cross,probe_4_lateral,friction_vlow,normal,d1_ep00094,d1_ep00028,79,3.95,0.0,2.0163188874721527,0.6768689155578613,0.7109271287918091,0.1848650872707367,0.8873155117034912,steady,0.0
cross,probe_4_lateral,friction_vlow,normal,d1_ep00094,d1_ep00028,119,5.95,0.0,1.7941518872976303,0.13222667574882507,1.0903218984603882,0.020943596959114075,1.101319432258606,steady,0.0
cross,probe_4_lateral,friction_vlow,normal,d1_ep00094,d1_ep00029,79,3.95,0.0,2.4557766169309616,0.6851781010627747,0.9771617650985718,0.18358932435512543,1.2196948528289795,steady,0.0
cross,probe_4_lateral,friction_vlow,normal,d1_ep00094,d1_ep00030,79,3.95,0.0,3.0522080659866333,0.7384856343269348,1.3527735471725464,0.19284206628799438,1.5362136363983154,steady,0.0
cross,probe_4_lateral,friction_vlow,normal,d1_ep00094,d1_ep00031,79,3.95,0.0,2.18355131149292,0.6912990808486938,0.7748228311538696,0.17742455005645752,1.0800096988677979,steady,0.0
cross,probe_4_lateral,friction_vlow,normal,d1_ep00095,d0_ep00395,79,3.95,0.0,2.1377011090517044,0.7048877477645874,0.857929527759552,0.1716471165418625,0.806473433971405,steady,0.0
cross,probe_4_lateral,friction_vlow,normal,d1_ep00095,d0_ep00396,19,0.95,0.0,1.7865219414234161,0.29495733976364136,0.9156118035316467,0.1646856963634491,0.8225342035293579,steady,0.0
cross,probe_4_lateral,friction_vlow,normal,d1_ep00095,d0_ep00396,79,3.95,0.0,2.1800604462623596,0.6963235139846802,0.9052698612213135,0.17216259241104126,0.8126089572906494,steady,0.0
cross,probe_4_lateral,friction_vlow,normal,d1_ep00095,d0_ep00397,79,3.95,0.0,2.263910472393036,0.7264537811279297,0.7686634659767151,0.17969179153442383,1.1782028675079346,steady,0.0
cross,probe_4_lateral,friction_vlow,normal,d1_ep00095,d0_ep00407,79,3.95,0.0,2.1348546147346497,0.7431091070175171,0.5802305340766907,0.19197583198547363,1.2390782833099365,steady,0.0
cross,probe_4_lateral,friction_vlow,normal,d1_ep00095,d0_ep00407,119,5.95,0.0,1.8418844975531101,0.11279570311307907,1.4086326360702515,0.021031808108091354,0.5988487005233765,steady,0.0
cross,probe_4_lateral,friction_vlow,normal,d1_ep00095,d0_ep00408,79,3.95,0.0,1.922291100025177,0.7076782584190369,0.5608139634132385,0.186344712972641,0.9349083304405212,steady,0.0
cross,probe_4_lateral,friction_vlow,normal,d1_ep00095,d0_ep00408,119,5.95,0.0,1.8781637288630009,0.0721878781914711,1.5038433074951172,0.011030878871679306,0.5822033286094666,steady,0.0
cross,probe_4_lateral,friction_vlow,normal,d1_ep00095,d0_ep00409,79,3.95,0.0,1.9326125234365463,0.7208917737007141,0.3822348117828369,0.18691609799861908,1.2851396799087524,steady,0.0
cross,probe_4_lateral,friction_vlow,normal,d1_ep00095,d0_ep00409,99,4.95,0.0,1.9861837178468704,0.3314878046512604,1.1392590999603271,0.09514482319355011,0.8405839800834656,transition,0.6000000238418579
cross,probe_4_lateral,friction_vlow,normal,d1_ep00095,d0_ep00039,19,0.95,0.0,2.0122822672128677,0.30289027094841003,1.1467339992523193,0.1527445763349533,0.8198268413543701,steady,0.0
cross,probe_4_lateral,friction_vlow,normal,d1_ep00095,d0_ep00039,79,3.95,0.0,2.57334466278553,0.6771472096443176,1.3513617515563965,0.17412547767162323,0.7414204478263855,steady,0.0
cross,probe_4_lateral,friction_vlow,normal,d1_ep00095,d0_ep00040,79,3.95,0.0,2.016828641295433,0.7175207138061523,0.5536104440689087,0.18961606919765472,1.1121628284454346,steady,0.0
cross,probe_4_lateral,friction_vlow,normal,d1_ep00095,d0_ep00041,79,3.95,0.0,2.07564115524292,0.6883063912391663,0.7156540751457214,0.19201883673667908,0.9593237042427063,steady,0.0
cross,probe_4_lateral,friction_vlow,normal,d1_ep00095,d1_ep00024,19,0.95,0.0,1.9831485450267792,0.3386685252189636,1.0824182033538818,0.14703243970870972,0.830058753490448,steady,0.0
cross,probe_4_lateral,friction_vlow,normal,d1_ep00095,d1_ep00024,79,3.95,0.0,2.0486249923706055,0.7127555012702942,0.8107971549034119,0.18619424104690552,0.6777561902999878,steady,0.0
cross,probe_4_lateral,friction_vlow,normal,d1_ep00095,d1_ep00025,19,0.95,0.0,1.7679477035999298,0.34742021560668945,0.8041021227836609,0.15338706970214844,0.9260765910148621,steady,0.0
cross,probe_4_lateral,friction_vlow,normal,d1_ep00095,d1_ep00025,79,3.95,0.0,2.251041993498802,0.7084584832191467,0.9677419066429138,0.17923252284526825,0.7912181615829468,steady,0.0
cross,probe_4_lateral,friction_vlow,normal,d1_ep00095,d1_ep00025,119,5.95,0.0,1.7970920950174332,0.07172790169715881,1.3658150434494019,0.040027156472206116,0.6390439867973328,steady,0.0
cross,probe_4_lateral,friction_vlow,normal,d1_ep00095,d1_ep00026,19,0.95,0.0,2.0922646522521973,0.247040793299675,1.1999393701553345,0.1465865522623062,0.9973958730697632,steady,0.0
cross,probe_4_lateral,friction_vlow,normal,d1_ep00095,d1_ep00026,79,3.95,0.0,2.3280697762966156,0.6873607635498047,1.0591495037078857,0.18779635429382324,0.7875263094902039,steady,0.0
cross,probe_4_lateral,friction_vlow,normal,d1_ep00095,d1_ep00027,19,0.95,0.0,2.0813000947237015,0.29673951864242554,1.1335036754608154,0.15136434137821198,0.9993851184844971,steady,0.0
cross,probe_4_lateral,friction_vlow,normal,d1_ep00095,d1_ep00027,79,3.95,0.0,2.1565924137830734,0.7451211214065552,0.6085620522499084,0.18772970139980316,1.2303590774536133,steady,0.0
cross,probe_4_lateral,friction_vlow,normal,d1_ep00095,d1_ep00027,99,4.95,0.0,1.864596538245678,0.402583509683609,0.8702383637428284,0.10447707027196884,0.9745951890945435,transition,0.6000000238418579
cross,probe_4_lateral,friction_vlow,normal,d1_ep00095,d1_ep00028,19,0.95,0.0,1.9873251914978027,0.29340723156929016,1.1144163608551025,0.1411111056804657,0.8767809867858887,steady,0.0
cross,probe_4_lateral,friction_vlow,normal,d1_ep00095,d1_ep00028,79,3.95,0.0,2.1485618352890015,0.7000585794448853,0.8986212611198425,0.19190102815628052,0.7159619331359863,steady,0.0
cross,probe_4_lateral,friction_vlow,normal,d1_ep00095,d1_ep00029,19,0.95,0.0,1.7640045434236526,0.33276277780532837,0.8996762037277222,0.1347496658563614,0.7936317920684814,steady,0.0
cross,probe_4_lateral,friction_vlow,normal,d1_ep00095,d1_ep00029,79,3.95,0.0,1.9184386283159256,0.7074374556541443,0.5249894857406616,0.19069869816303253,0.9906259775161743,steady,0.0
cross,probe_4_lateral,friction_vlow,normal,d1_ep00095,d1_ep00030,19,0.95,0.0,2.026223912835121,0.29758861660957336,1.1143252849578857,0.1478617936372757,0.9328964352607727,steady,0.0
cross,probe_4_lateral,friction_vlow,normal,d1_ep00095,d1_ep00030,79,3.95,0.0,2.561745524406433,0.7628408670425415,0.9356052875518799,0.19989758729934692,1.3268035650253296,steady,0.0
cross,probe_4_lateral,friction_vlow,normal,d1_ep00095,d1_ep00031,79,3.95,0.0,2.0683166533708572,0.7138532400131226,0.7446095943450928,0.18456445634365082,0.8505787253379822,steady,0.0
same,probe_1_straight,normal,normal,d0_ep00386,d0_ep00411,19,0.95,0.0,1.9258032254874706,0.1414179652929306,1.2582165002822876,0.020847972482442856,1.0106415748596191,steady,0.0
same,probe_1_straight,normal,normal,d0_ep00386,d0_ep00031,39,1.95,0.0,1.8709346316754818,0.06495456397533417,1.3317275047302246,0.05827335640788078,0.8319584131240845,steady,0.0
same,probe_1_straight,normal,normal,d0_ep00386,d1_ep00000,19,0.95,0.0,1.8652597703039646,0.11513034999370575,1.2078286409378052,0.027990777045488358,1.0286200046539307,steady,0.0
same,probe_1_straight,normal,normal,d0_ep00386,d1_ep00003,19,0.95,0.0,1.8668402172625065,0.15892979502677917,1.1895835399627686,0.02818841114640236,0.9802769422531128,steady,0.0
same,probe_1_straight,normal,normal,d0_ep00387,d0_ep00411,19,0.95,0.0,1.7789387870579958,0.09528698772192001,1.2605282068252563,0.02320813573896885,0.7998309135437012,steady,0.0
same,probe_1_straight,normal,normal,d0_ep00387,d0_ep00412,79,3.95,0.0,1.7665057554841042,0.10321832448244095,1.3203905820846558,0.021362751722335815,0.6430681943893433,steady,0.0
same,probe_1_straight,normal,normal,d0_ep00399,d0_ep00400,19,0.95,0.0,1.8652607267722487,0.28001686930656433,1.34661066532135,0.01459727343171835,0.44807183742523193,steady,0.0
same,probe_1_straight,normal,normal,d0_ep00400,d0_ep00411,19,0.95,0.0,1.9293171958997846,0.16245466470718384,1.4682334661483765,0.013539363630115986,0.5701794028282166,steady,0.0
same,probe_1_straight,normal,normal,d0_ep00400,d0_ep00031,39,1.95,0.0,1.7706036418676376,0.07236150652170181,1.202466607093811,0.03112439066171646,0.9293022751808167,steady,0.0
same,probe_1_straight,normal,normal,d0_ep00400,d1_ep00000,19,0.95,0.0,1.8939907271414995,0.1404436081647873,1.4118478298187256,0.017349230125546455,0.6487001180648804,steady,0.0
same,probe_1_straight,normal,normal,d0_ep00400,d1_ep00003,19,0.95,0.0,1.897207897156477,0.18527519702911377,1.391249179840088,0.014869999140501022,0.6116270422935486,steady,0.0
same,probe_1_straight,normal,normal,d0_ep00412,d0_ep00031,79,3.95,0.0,1.9283148422837257,0.13472256064414978,1.4551903009414673,0.0357976034283638,0.6052087545394897,steady,0.0
same,probe_1_straight,normal,normal,d0_ep00412,d0_ep00032,79,3.95,0.0,1.9859751090407372,0.15195533633232117,1.60810124874115,0.03177803009748459,0.388280987739563,steady,0.0
same,probe_1_straight,normal,normal,d0_ep00412,d1_ep00000,79,3.95,0.0,1.9882673416286707,0.08662987500429153,1.5255835056304932,0.02202370949089527,0.7080605030059814,steady,0.0
same,probe_1_straight,normal,normal,d0_ep00412,d1_ep00001,79,3.95,0.0,1.9814136922359467,0.14380061626434326,1.4383788108825684,0.03923484683036804,0.719998836517334,steady,0.0
same,probe_1_straight,normal,normal,d0_ep00412,d1_ep00003,79,3.95,0.0,1.7811663150787354,0.1397441327571869,1.2804663181304932,0.031057775020599365,0.6597961783409119,steady,0.0
same,probe_1_straight,normal,normal,d0_ep00412,d1_ep00005,79,3.95,0.0,1.7839844226837158,0.06281337887048721,1.3506158590316772,0.028613410890102386,0.683883547782898,steady,0.0
same,probe_1_straight,normal,normal,d0_ep00412,d1_ep00007,119,5.95,0.0,1.7667040526866913,0.2952192723751068,1.0403672456741333,0.06211856007575989,0.7379979491233826,steady,0.0
same,probe_3_turn,normal,normal,d0_ep00404,d0_ep00416,119,5.95,0.0,1.7963506542146206,0.1566345989704132,1.3883370161056519,0.009612571448087692,0.48353293538093567,steady,0.0
same,probe_3_turn,normal,normal,d0_ep00404,d0_ep00036,119,5.95,0.0,1.8544011376798153,0.21019574999809265,1.5259692668914795,0.02201424166560173,0.19244375824928284,steady,0.0
same,probe_3_turn,normal,normal,d0_ep00404,d1_ep00023,119,5.95,0.0,1.803711449727416,0.2446502149105072,1.4174625873565674,0.02216503582894802,0.23886722326278687,steady,0.0
same,probe_3_turn,normal,normal,d0_ep00405,d0_ep00038,59,2.95,0.0,1.822280265390873,0.30901387333869934,1.2467472553253174,0.021487124264240265,0.49006402492523193,steady,0.0
same,probe_3_turn,normal,normal,d0_ep00406,d0_ep00038,59,2.95,0.0,1.792183382436633,0.2613679766654968,1.2162832021713257,0.02617625705897808,0.576711893081665,steady,0.0
same,probe_3_turn,normal,normal,d0_ep00416,d0_ep00038,59,2.95,0.0,1.789413534104824,0.27366119623184204,1.2360267639160156,0.03234768658876419,0.4947557747364044,steady,0.0
same,probe_3_turn,normal,normal,d0_ep00417,d0_ep00036,79,3.95,0.0,1.8600452428217977,0.16196656227111816,1.4094561338424683,0.0025152151938527822,0.572214663028717,steady,0.0
same,probe_3_turn,normal,normal,d0_ep00038,d1_ep00019,59,2.95,0.0,1.910293746739626,0.2921988368034363,1.2780104875564575,0.03428163006901741,0.6116055846214294,steady,0.0
same,probe_1_straight,friction_vlow,friction_vlow,d1_ep00064,d1_ep00065,19,0.95,0.0,5.130576441064477,0.23930557072162628,4.249505043029785,0.031240159645676613,1.2210513353347778,steady,0.0
same,probe_1_straight,friction_vlow,friction_vlow,d1_ep00064,d1_ep00065,39,1.95,0.0,1.7957528214901686,0.10855267196893692,1.1980339288711548,0.02460574172437191,0.9291209578514099,steady,0.0
same,probe_1_straight,friction_vlow,friction_vlow,d1_ep00064,d1_ep00066,39,1.95,0.0,1.865717114880681,0.0529385507106781,1.350870966911316,0.020665349438786507,0.882484495639801,steady,0.0
same,probe_1_straight,friction_vlow,friction_vlow,d1_ep00064,d1_ep00068,19,0.95,0.0,3.4314085356891155,0.11625557392835617,2.9091427326202393,0.055739689618349075,0.700541079044342,steady,0.0
same,probe_1_straight,friction_vlow,friction_vlow,d1_ep00064,d1_ep00068,79,3.95,0.0,1.7808688543736935,0.0681317150592804,1.3364651203155518,0.03255629166960716,0.6874314546585083,steady,0.0
same,probe_1_straight,friction_vlow,friction_vlow,d1_ep00064,d1_ep00069,19,0.95,0.0,4.493144378066063,0.15463042259216309,3.683769941329956,0.04551194608211517,1.2184641361236572,steady,0.0
same,probe_1_straight,friction_vlow,friction_vlow,d1_ep00064,d1_ep00071,19,0.95,0.0,1.861312422901392,0.02782946452498436,1.248110294342041,0.0749448910355568,1.0208555459976196,steady,0.0
same,probe_1_straight,friction_vlow,friction_vlow,d1_ep00065,d1_ep00066,19,0.95,0.0,4.084636762738228,0.1425532102584839,3.3184404373168945,0.03731687366962433,1.1726524829864502,steady,0.0
same,probe_1_straight,friction_vlow,friction_vlow,d1_ep00065,d1_ep00067,19,0.95,0.0,4.8090895637869835,0.24983493983745575,3.875767469406128,0.036122001707553864,1.294730305671692,steady,0.0
same,probe_1_straight,friction_vlow,friction_vlow,d1_ep00065,d1_ep00068,19,0.95,0.0,2.064116097986698,0.1746118813753128,1.3972277641296387,0.06775438040494919,0.849044144153595,steady,0.0
same,probe_1_straight,friction_vlow,friction_vlow,d1_ep00065,d1_ep00068,39,1.95,0.0,2.126513935625553,0.1084737628698349,1.5635000467300415,0.016197584569454193,0.8766850829124451,steady,0.0
same,probe_1_straight,friction_vlow,friction_vlow,d1_ep00065,d1_ep00070,19,0.95,0.0,5.673621475696564,0.28511103987693787,4.717466354370117,0.03370669484138489,1.2746747732162476,steady,0.0
same,probe_1_straight,friction_vlow,friction_vlow,d1_ep00065,d1_ep00070,39,1.95,0.0,1.9730080552399158,0.12190736085176468,1.4804824590682983,0.023072998970746994,0.6950904726982117,steady,0.0
same,probe_1_straight,friction_vlow,friction_vlow,d1_ep00065,d1_ep00071,19,0.95,0.0,3.658108625560999,0.2463655024766922,3.027888298034668,0.04437174275517464,0.6789661645889282,steady,0.0
same,probe_1_straight,friction_vlow,friction_vlow,d1_ep00066,d1_ep00068,19,0.95,0.0,2.4600121937692165,0.04738248884677887,1.9878705739974976,0.052821915596723557,0.7438744306564331,steady,0.0
same,probe_1_straight,friction_vlow,friction_vlow,d1_ep00066,d1_ep00068,39,1.95,0.0,2.1979464991018176,0.053670965135097504,1.7123997211456299,0.01485674362629652,0.8340381383895874,steady,0.0
same,probe_1_straight,friction_vlow,friction_vlow,d1_ep00066,d1_ep00069,19,0.95,0.0,3.388028608635068,0.04436848312616348,2.7574427127838135,0.023510823026299477,1.125413179397583,steady,0.0
same,probe_1_straight,friction_vlow,friction_vlow,d1_ep00066,d1_ep00070,19,0.95,0.0,1.8610849399119616,0.15388433635234833,1.4365640878677368,0.02811812050640583,0.48503679037094116,steady,0.0
same,probe_1_straight,friction_vlow,friction_vlow,d1_ep00066,d1_ep00070,39,1.95,0.0,2.049499025568366,0.07237958908081055,1.6356199979782104,0.013635566458106041,0.655727744102478,steady,0.0
same,probe_1_straight,friction_vlow,friction_vlow,d1_ep00067,d1_ep00068,19,0.95,0.0,3.17990630120039,0.11035657674074173,2.571655511856079,0.07886432111263275,0.8380597829818726,steady,0.0
same,probe_1_straight,friction_vlow,friction_vlow,d1_ep00067,d1_ep00068,79,3.95,0.0,1.8535051420331001,0.06482578814029694,1.5231444835662842,0.03270501643419266,0.4656597077846527,steady,0.0
same,probe_1_straight,friction_vlow,friction_vlow,d1_ep00067,d1_ep00069,19,0.95,0.0,4.182098416611552,0.16170988976955414,3.3421380519866943,0.019323749467730522,1.3178534507751465,steady,0.0
same,probe_1_straight,friction_vlow,friction_vlow,d1_ep00068,d1_ep00069,39,1.95,0.0,1.9218836380168796,0.12159202247858047,1.5646207332611084,0.003934103064239025,0.4634735584259033,steady,0.0
same,probe_1_straight,friction_vlow,friction_vlow,d1_ep00068,d1_ep00070,19,0.95,0.0,3.925321292132139,0.11878558248281479,3.397080659866333,0.03426783159375191,0.750374436378479,steady,0.0
same,probe_1_straight,friction_vlow,friction_vlow,d1_ep00068,d1_ep00070,79,3.95,0.0,2.443581074476242,0.08524566143751144,1.9811935424804688,0.04636544734239578,0.6615528464317322,steady,0.0
same,probe_1_straight,friction_vlow,friction_vlow,d1_ep00068,d1_ep00071,19,0.95,0.0,2.354548990726471,0.13981953263282776,1.687212347984314,0.0928935706615448,0.8692470788955688,steady,0.0
same,probe_1_straight,friction_vlow,friction_vlow,d1_ep00069,d1_ep00070,19,0.95,0.0,5.057346127927303,0.19211842119693756,4.166873931884766,0.033983297646045685,1.3287409543991089,steady,0.0
same,probe_1_straight,friction_vlow,friction_vlow,d1_ep00069,d1_ep00070,39,1.95,0.0,1.8837077356874943,0.14423638582229614,1.4838106632232666,0.013264928013086319,0.48479151725769043,steady,0.0
same,probe_1_straight,friction_vlow,friction_vlow,d1_ep00069,d1_ep00070,79,3.95,0.0,1.8114271583035588,0.07121633738279343,1.4012452363967896,0.013326426036655903,0.6512783169746399,steady,0.0
same,probe_1_straight,friction_vlow,friction_vlow,d1_ep00069,d1_ep00071,19,0.95,0.0,2.882131613790989,0.1686045080423355,2.4596686363220215,0.030320920050144196,0.44707509875297546,steady,0.0
same,probe_1_straight,friction_vlow,friction_vlow,d1_ep00070,d1_ep00071,19,0.95,0.0,2.57127246260643,0.11628945171833038,1.796700119972229,0.06253321468830109,1.1914993524551392,steady,0.0
same,probe_2_accel_decel,friction_vlow,friction_vlow,d1_ep00072,d1_ep00074,19,0.95,0.0,2.327709742821753,0.06994610279798508,1.778771162033081,0.013831273652613163,0.9303224086761475,transition,0.29999998211860657
same,probe_2_accel_decel,friction_vlow,friction_vlow,d1_ep00072,d1_ep00079,19,0.95,0.0,2.229925539344549,0.061531879007816315,1.6142710447311401,0.05943267419934273,0.9893798828125,transition,0.29999998211860657
same,probe_2_accel_decel,friction_vlow,friction_vlow,d1_ep00073,d1_ep00074,19,0.95,0.0,3.353642713278532,0.07996740937232971,2.9121062755584717,0.047371041029691696,0.6283959746360779,transition,0.29999998211860657
same,probe_2_accel_decel,friction_vlow,friction_vlow,d1_ep00073,d1_ep00074,159,7.95,0.0,1.9677409548312426,0.08050709217786789,1.5760126113891602,0.02522260881960392,0.5719972848892212,steady,0.0
same,probe_2_accel_decel,friction_vlow,friction_vlow,d1_ep00073,d1_ep00075,79,3.95,0.0,1.8491967171430588,0.08970135450363159,1.4340121746063232,0.04004870355129242,0.570868968963623,steady,0.0
same,probe_2_accel_decel,friction_vlow,friction_vlow,d1_ep00073,d1_ep00075,99,4.95,0.0,2.0387049354612827,0.05049840733408928,1.5434893369674683,0.04863118380308151,0.7921720147132874,transition,0.5
same,probe_2_accel_decel,friction_vlow,friction_vlow,d1_ep00073,d1_ep00075,139,6.95,0.0,1.8156632892787457,0.02330075204372406,1.544641137123108,0.030177202075719833,0.4350883960723877,transition,0.4000000059604645
same,probe_2_accel_decel,friction_vlow,friction_vlow,d1_ep00073,d1_ep00076,19,0.95,0.0,2.1600534059107304,0.055442892014980316,1.7307913303375244,0.056678514927625656,0.6342813372612,transition,0.29999998211860657
same,probe_2_accel_decel,friction_vlow,friction_vlow,d1_ep00073,d1_ep00076,99,4.95,0.0,2.3967884331941605,0.0716792494058609,1.9006662368774414,0.040305376052856445,0.7682751417160034,transition,0.5
same,probe_2_accel_decel,friction_vlow,friction_vlow,d1_ep00073,d1_ep00076,159,7.95,0.0,1.9585555456578732,0.023627303540706635,1.735963225364685,0.04490821436047554,0.30811360478401184,steady,0.0
same,probe_2_accel_decel,friction_vlow,friction_vlow,d1_ep00073,d1_ep00077,79,3.95,0.0,1.839490795508027,0.09051764756441116,1.5432450771331787,0.024966390803456306,0.3615233600139618,steady,0.0
same,probe_2_accel_decel,friction_vlow,friction_vlow,d1_ep00073,d1_ep00077,99,4.95,0.0,2.0371138341724873,0.04993772134184837,1.5098172426223755,0.04380934685468674,0.8670990467071533,transition,0.5
same,probe_2_accel_decel,friction_vlow,friction_vlow,d1_ep00073,d1_ep00077,139,6.95,0.0,1.7829053178429604,0.026258017867803574,1.4496033191680908,0.05319507047533989,0.5076978206634521,transition,0.4000000059604645
same,probe_2_accel_decel,friction_vlow,friction_vlow,d1_ep00073,d1_ep00077,159,7.95,0.0,1.8210780210793018,0.027139008045196533,1.4082359075546265,0.04655193164944649,0.6783023476600647,steady,0.0
same,probe_2_accel_decel,friction_vlow,friction_vlow,d1_ep00073,d1_ep00079,19,0.95,0.0,3.092268919572234,0.06362729519605637,2.746150493621826,0.009762657806277275,0.5454569458961487,transition,0.29999998211860657
same,probe_2_accel_decel,friction_vlow,friction_vlow,d1_ep00073,d1_ep00079,99,4.95,0.0,1.9457993693649769,0.09173988550901413,1.4254060983657837,0.034791167825460434,0.7877244353294373,transition,0.5
same,probe_2_accel_decel,friction_vlow,friction_vlow,d1_ep00074,d1_ep00075,19,0.95,0.0,3.0995733896270394,0.06618977338075638,2.5275866985321045,0.012770631350576878,0.9860525727272034,transition,0.29999998211860657
same,probe_2_accel_decel,friction_vlow,friction_vlow,d1_ep00074,d1_ep00076,99,4.95,0.0,1.9352466352283955,0.11269951611757278,1.556423544883728,0.03844059631228447,0.45536595582962036,transition,0.5
same,probe_2_accel_decel,friction_vlow,friction_vlow,d1_ep00074,d1_ep00077,19,0.95,0.0,2.7125796154141426,0.06579512357711792,2.3623545169830322,0.06447581201791763,0.43990832567214966,transition,0.29999998211860657
same,probe_2_accel_decel,friction_vlow,friction_vlow,d1_ep00074,d1_ep00078,19,0.95,0.0,3.13774826657027,0.0962139144539833,2.665214776992798,0.012633281759917736,0.7273725867271423,transition,0.29999998211860657
same,probe_2_accel_decel,friction_vlow,friction_vlow,d1_ep00074,d1_ep00078,159,7.95,0.0,1.757172305136919,0.11054975539445877,1.3938416242599487,0.023781534284353256,0.45799878239631653,steady,0.0
same,probe_2_accel_decel,friction_vlow,friction_vlow,d1_ep00075,d1_ep00078,39,1.95,0.0,2.165517915971577,0.06917168945074081,1.92194664478302,0.00856251735240221,0.33167412877082825,steady,0.0
same,probe_2_accel_decel,friction_vlow,friction_vlow,d1_ep00075,d1_ep00079,19,0.95,0.0,2.987581703811884,0.08480842411518097,2.361278533935547,0.04245825484395027,0.9980729818344116,transition,0.29999998211860657
same,probe_2_accel_decel,friction_vlow,friction_vlow,d1_ep00076,d1_ep00078,19,0.95,0.0,1.84243150241673,0.11192084848880768,1.4995605945587158,0.02202114649116993,0.417857825756073,transition,0.29999998211860657
same,probe_2_accel_decel,friction_vlow,friction_vlow,d1_ep00076,d1_ep00078,159,7.95,0.0,1.808978632092476,0.037164416164159775,1.5565979480743408,0.035966772586107254,0.3584989905357361,steady,0.0
same,probe_2_accel_decel,friction_vlow,friction_vlow,d1_ep00077,d1_ep00078,39,1.95,0.0,2.3591725137084723,0.04377172514796257,1.9779577255249023,0.027915427461266518,0.6190552711486816,steady,0.0
same,probe_2_accel_decel,friction_vlow,friction_vlow,d1_ep00077,d1_ep00079,19,0.95,0.0,2.4306345339864492,0.03714415803551674,2.1948647499084473,0.020800786092877388,0.3556496798992157,transition,0.29999998211860657
same,probe_2_accel_decel,friction_vlow,friction_vlow,d1_ep00078,d1_ep00079,19,0.95,0.0,3.005108065903187,0.11683917045593262,2.4971446990966797,0.03426165133714676,0.7137250900268555,transition,0.29999998211860657
same,probe_2_accel_decel,friction_vlow,friction_vlow,d1_ep00078,d1_ep00079,39,1.95,0.0,2.0633015893399715,0.13269078731536865,1.6486763954162598,0.03493290767073631,0.4940029978752136,steady,0.0
same,probe_3_turn,friction_vlow,friction_vlow,d1_ep00080,d1_ep00081,19,0.95,0.0,2.296158039709553,0.034961994737386703,1.9832196235656738,0.002180365612730384,0.5515921115875244,steady,0.0
same,probe_3_turn,friction_vlow,friction_vlow,d1_ep00080,d1_ep00081,39,1.95,0.0,2.0912346336990595,0.04029007628560066,1.5223393440246582,0.01819794438779354,1.0208145380020142,transition,1.399999976158142
same,probe_3_turn,friction_vlow,friction_vlow,d1_ep00080,d1_ep00082,19,0.95,0.0,2.3648207150399685,0.04697583243250847,1.8391687870025635,0.005938902497291565,0.94547438621521,steady,0.0
same,probe_3_turn,friction_vlow,friction_vlow,d1_ep00080,d1_ep00082,39,1.95,0.0,2.732859877869487,0.06667215377092361,2.1603641510009766,0.017090966925024986,0.9774652123451233,transition,1.399999976158142
same,probe_3_turn,friction_vlow,friction_vlow,d1_ep00080,d1_ep00082,59,2.95,0.0,2.0870311595499516,0.02209523692727089,1.791408658027649,0.03372719883918762,0.47960013151168823,steady,0.0
same,probe_3_turn,friction_vlow,friction_vlow,d1_ep00080,d1_ep00084,59,2.95,0.0,1.796397048048675,0.04417680948972702,1.5133365392684937,0.00999401044100523,0.4577793776988983,steady,0.0
same,probe_3_turn,friction_vlow,friction_vlow,d1_ep00080,d1_ep00087,59,2.95,0.0,1.9487520959228277,0.0901297777891159,1.6453702449798584,0.016813641414046288,0.39287686347961426,steady,0.0
same,probe_3_turn,friction_vlow,friction_vlow,d1_ep00081,d1_ep00083,19,0.95,0.0,2.3391249999403954,0.01183110661804676,2.0666513442993164,0.02380632422864437,0.47367244958877563,steady,0.0
same,probe_3_turn,friction_vlow,friction_vlow,d1_ep00081,d1_ep00083,39,1.95,0.0,2.899418640881777,0.06842149049043655,2.406933307647705,0.046242695301771164,0.755642294883728,transition,1.399999976158142
same,probe_3_turn,friction_vlow,friction_vlow,d1_ep00081,d1_ep00083,59,2.95,0.0,1.7827729564160109,0.11504603177309036,1.4265841245651245,0.027870764955878258,0.42654407024383545,steady,0.0
same,probe_3_turn,friction_vlow,friction_vlow,d1_ep00081,d1_ep00084,19,0.95,0.0,3.0404274091124535,0.022494526579976082,2.7123970985412598,0.018266400322318077,0.5745387673377991,steady,0.0
same,probe_3_turn,friction_vlow,friction_vlow,d1_ep00081,d1_ep00084,39,1.95,0.0,2.5745347682386637,0.07918821275234222,2.15106463432312,0.017253348603844643,0.6540571451187134,transition,1.399999976158142
same,probe_3_turn,friction_vlow,friction_vlow,d1_ep00081,d1_ep00085,19,0.95,0.0,3.327958881855011,0.042325180023908615,2.8205742835998535,0.04827548936009407,0.8335678577423096,steady,0.0
same,probe_3_turn,friction_vlow,friction_vlow,d1_ep00081,d1_ep00085,59,2.95,0.0,1.8058379888534546,0.16936001181602478,1.2427281141281128,0.06445854902267456,0.6585826277732849,steady,0.0
same,probe_3_turn,friction_vlow,friction_vlow,d1_ep00081,d1_ep00086,19,0.95,0.0,2.996860722079873,0.05107417330145836,2.6462297439575195,0.02739204280078411,0.5443295240402222,steady,0.0
same,probe_3_turn,friction_vlow,friction_vlow,d1_ep00081,d1_ep00087,39,1.95,0.0,2.8267426174134016,0.07380397617816925,2.2610483169555664,0.01804099790751934,0.9476986527442932,transition,1.399999976158142
same,probe_3_turn,friction_vlow,friction_vlow,d1_ep00082,d1_ep00083,19,0.95,0.0,2.4533208571374416,0.07290700823068619,1.9264203310012817,0.021861273795366287,0.8642644882202148,steady,0.0
same,probe_3_turn,friction_vlow,friction_vlow,d1_ep00082,d1_ep00083,39,1.95,0.0,3.580753020942211,0.07492893189191818,3.0797839164733887,0.033428460359573364,0.7852234244346619,transition,1.399999976158142
same,probe_3_turn,friction_vlow,friction_vlow,d1_ep00082,d1_ep00083,59,2.95,0.0,3.021445455495268,0.09062319993972778,2.654801607131958,0.006063731852918863,0.5399138331413269,steady,0.0
same,probe_3_turn,friction_vlow,friction_vlow,d1_ep00082,d1_ep00084,19,0.95,0.0,3.028452653437853,0.03948194906115532,2.4966630935668945,0.026168860495090485,0.932277500629425,steady,0.0
same,probe_3_turn,friction_vlow,friction_vlow,d1_ep00082,d1_ep00084,39,1.95,0.0,3.181858449243009,0.09423010051250458,2.7895379066467285,0.014108224771916866,0.5679644346237183,transition,1.399999976158142
same,probe_3_turn,friction_vlow,friction_vlow,d1_ep00082,d1_ep00085,19,0.95,0.0,3.301395609974861,0.07989505678415298,2.6098575592041016,0.05260012298822403,1.1180857419967651,steady,0.0
same,probe_3_turn,friction_vlow,friction_vlow,d1_ep00082,d1_ep00085,39,1.95,0.0,1.7762259561568499,0.047018151730298996,1.4085317850112915,0.01913132332265377,0.6030893921852112,transition,1.399999976158142
same,probe_3_turn,friction_vlow,friction_vlow,d1_ep00082,d1_ep00085,59,2.95,0.0,2.895785504952073,0.13307534158229828,2.4723823070526123,0.03119940496981144,0.5182569026947021,steady,0.0
same,probe_3_turn,friction_vlow,friction_vlow,d1_ep00082,d1_ep00086,19,0.95,0.0,3.0025885850191116,0.09081064909696579,2.4251749515533447,0.033580146729946136,0.90604567527771,steady,0.0
same,probe_3_turn,friction_vlow,friction_vlow,d1_ep00082,d1_ep00086,39,1.95,0.0,2.3619988337159157,0.10035870224237442,2.0167653560638428,0.023027151823043823,0.4436952471733093,transition,1.399999976158142
same,probe_3_turn,friction_vlow,friction_vlow,d1_ep00082,d1_ep00087,39,1.95,0.0,3.4688444030471146,0.08901434391736984,2.930013656616211,0.006575283128768206,0.8864822387695312,transition,1.399999976158142
same,probe_3_turn,friction_vlow,friction_vlow,d1_ep00083,d1_ep00084,59,2.95,0.0,2.7736806757748127,0.06717801094055176,2.380394697189331,0.045913685113191605,0.5603885650634766,steady,0.0
same,probe_3_turn,friction_vlow,friction_vlow,d1_ep00083,d1_ep00085,39,1.95,0.0,1.9410794991999865,0.0938154011964798,1.687727689743042,0.019672410562634468,0.2797279953956604,transition,1.399999976158142
same,probe_3_turn,friction_vlow,friction_vlow,d1_ep00083,d1_ep00086,59,2.95,0.0,2.4815095588564873,0.0492858849465847,2.063556671142578,0.027828123420476913,0.6816777586936951,steady,0.0
same,probe_3_turn,friction_vlow,friction_vlow,d1_ep00083,d1_ep00087,59,2.95,0.0,2.8549542166292667,0.0372377373278141,2.499028205871582,0.022859007120132446,0.5916585326194763,steady,0.0
same,probe_3_turn,friction_vlow,friction_vlow,d1_ep00084,d1_ep00085,39,1.95,0.0,1.7553780507296324,0.07591696083545685,1.400299310684204,0.02889874391257763,0.5005260705947876,transition,1.399999976158142
same,probe_3_turn,friction_vlow,friction_vlow,d1_ep00084,d1_ep00085,59,2.95,0.0,2.547414392232895,0.11520867049694061,2.201690673828125,0.010213196277618408,0.44060370326042175,steady,0.0
same,probe_3_turn,friction_vlow,friction_vlow,d1_ep00084,d1_ep00087,19,0.95,0.0,2.017442595679313,0.04027269035577774,1.876869559288025,0.006752308923751116,0.18709607422351837,steady,0.0
same,probe_3_turn,friction_vlow,friction_vlow,d1_ep00085,d1_ep00086,59,2.95,0.0,2.3427923563867807,0.07167033851146698,1.9090940952301025,0.024747291579842567,0.6745612621307373,steady,0.0
same,probe_3_turn,friction_vlow,friction_vlow,d1_ep00085,d1_ep00087,19,0.95,0.0,2.2450823597609997,0.020664460957050323,1.9815269708633423,0.04200652614235878,0.4017688035964966,steady,0.0
same,probe_3_turn,friction_vlow,friction_vlow,d1_ep00085,d1_ep00087,39,1.95,0.0,1.9623022377490997,0.10071724653244019,1.5301707983016968,0.0208280086517334,0.6211723685264587,transition,1.399999976158142
same,probe_3_turn,friction_vlow,friction_vlow,d1_ep00085,d1_ep00087,59,2.95,0.0,2.6319202901795506,0.04424913972616196,2.3081657886505127,0.014299471862614155,0.5304117798805237,steady,0.0
same,probe_3_turn,friction_vlow,friction_vlow,d1_ep00086,d1_ep00087,19,0.95,0.0,1.9576004296541214,0.028064779937267303,1.8170095682144165,0.019025899469852448,0.1870003640651703,steady,0.0
same,probe_4_lateral,friction_vlow,friction_vlow,d1_ep00088,d1_ep00089,79,3.95,0.0,3.2193288020789623,0.06049950048327446,2.641843318939209,0.0375460684299469,0.958879828453064,steady,0.0
same,probe_4_lateral,friction_vlow,friction_vlow,d1_ep00088,d1_ep00089,99,4.95,0.0,2.4698817878961563,0.1215663030743599,1.820019006729126,0.05090422183275223,0.9547845125198364,transition,0.6000000238418579
same,probe_4_lateral,friction_vlow,friction_vlow,d1_ep00088,d1_ep00089,119,5.95,0.0,2.261836199555546,0.1157621219754219,1.7551982402801514,0.004171541426330805,0.7734085917472839,steady,0.0
same,probe_4_lateral,friction_vlow,friction_vlow,d1_ep00088,d1_ep00090,39,1.95,0.0,1.755690585821867,0.04732806235551834,1.3418216705322266,0.03191772475838661,0.669246256351471,transition,1.2000000476837158
same,probe_4_lateral,friction_vlow,friction_vlow,d1_ep00088,d1_ep00090,79,3.95,0.0,3.0349514447152615,0.020631644874811172,2.686852216720581,0.02311979979276657,0.6086955666542053,steady,0.0
same,probe_4_lateral,friction_vlow,friction_vlow,d1_ep00088,d1_ep00090,119,5.95,0.0,2.2895899899303913,0.11366341263055801,1.8368586301803589,0.025815974920988083,0.6265039443969727,steady,0.0
same,probe_4_lateral,friction_vlow,friction_vlow,d1_ep00088,d1_ep00091,19,0.95,0.0,1.8670130874961615,0.03232056647539139,1.5192598104476929,0.030047638341784477,0.5707701444625854,steady,0.0
same,probe_4_lateral,friction_vlow,friction_vlow,d1_ep00088,d1_ep00091,39,1.95,0.0,2.26555367000401,0.1596774011850357,1.80121648311615,0.02504444308578968,0.5592306852340698,transition,1.2000000476837158
same,probe_4_lateral,friction_vlow,friction_vlow,d1_ep00088,d1_ep00091,59,2.95,0.0,2.022765027359128,0.13798576593399048,1.5723844766616821,0.004124360159039497,0.6165408492088318,steady,0.0
same,probe_4_lateral,friction_vlow,friction_vlow,d1_ep00088,d1_ep00092,19,0.95,0.0,1.930637065321207,0.08806713670492172,1.4907711744308472,0.044242244213819504,0.6151130199432373,steady,0.0
same,probe_4_lateral,friction_vlow,friction_vlow,d1_ep00088,d1_ep00092,79,3.95,0.0,2.9481488671153784,0.042599376291036606,2.567711591720581,0.018859917297959328,0.6379559636116028,steady,0.0
same,probe_4_lateral,friction_vlow,friction_vlow,d1_ep00088,d1_ep00092,119,5.95,0.0,2.409746080636978,0.10679894685745239,1.936638593673706,0.0537932813167572,0.625030517578125,steady,0.0
same,probe_4_lateral,friction_vlow,friction_vlow,d1_ep00088,d1_ep00093,19,0.95,0.0,1.8483147025108337,0.17750008404254913,1.136582374572754,0.0516362339258194,0.9651920199394226,steady,0.0
same,probe_4_lateral,friction_vlow,friction_vlow,d1_ep00088,d1_ep00094,59,2.95,0.0,1.9946417436003685,0.08713501691818237,1.5351084470748901,0.033103398978710175,0.6785897612571716,steady,0.0
same,probe_4_lateral,friction_vlow,friction_vlow,d1_ep00088,d1_ep00094,79,3.95,0.0,2.6062644980847836,0.03948398679494858,2.2399604320526123,0.005486521869897842,0.6426671147346497,steady,0.0
same,probe_4_lateral,friction_vlow,friction_vlow,d1_ep00088,d1_ep00094,99,4.95,0.0,1.8723239284008741,0.07846278697252274,1.3197506666183472,0.030288567766547203,0.8876438140869141,transition,0.6000000238418579
same,probe_4_lateral,friction_vlow,friction_vlow,d1_ep00088,d1_ep00094,119,5.95,0.0,2.394180417060852,0.1247473731637001,1.9340835809707642,0.035746507346630096,0.5992059111595154,steady,0.0
same,probe_4_lateral,friction_vlow,friction_vlow,d1_ep00088,d1_ep00095,19,0.95,0.0,1.8786615803837776,0.08080673217773438,1.1065539121627808,0.08996362239122391,1.2026746273040771,steady,0.0
same,probe_4_lateral,friction_vlow,friction_vlow,d1_ep00089,d1_ep00091,19,0.95,0.0,1.8564400300383568,0.06542427837848663,1.1785154342651367,0.04472971707582474,1.1355412006378174,steady,0.0
same,probe_4_lateral,friction_vlow,friction_vlow,d1_ep00089,d1_ep00091,79,3.95,0.0,3.445197593420744,0.07165519893169403,2.833876132965088,0.03098752722144127,1.0173574686050415,steady,0.0
same,probe_4_lateral,friction_vlow,friction_vlow,d1_ep00089,d1_ep00091,99,4.95,0.0,2.688540730625391,0.10144606977701187,2.0667903423309326,0.04498710855841637,0.9506344199180603,transition,0.6000000238418579
same,probe_4_lateral,friction_vlow,friction_vlow,d1_ep00089,d1_ep00091,119,5.95,0.0,2.1774073354899883,0.05710860341787338,1.7092537879943848,0.03709869459271431,0.7478924989700317,steady,0.0
same,probe_4_lateral,friction_vlow,friction_vlow,d1_ep00089,d1_ep00092,19,0.95,0.0,1.9442691374570131,0.026785552501678467,1.3685952425003052,0.029903428629040718,1.0379698276519775,steady,0.0
same,probe_4_lateral,friction_vlow,friction_vlow,d1_ep00089,d1_ep00093,19,0.95,0.0,2.1228633858263493,0.09990949928760529,1.8217986822128296,0.0137350894510746,0.37484022974967957,steady,0.0
same,probe_4_lateral,friction_vlow,friction_vlow,d1_ep00089,d1_ep00093,79,3.95,0.0,4.094085831195116,0.05431775376200676,3.5205976963043213,0.025719054043293,0.98690265417099,steady,0.0
same,probe_4_lateral,friction_vlow,friction_vlow,d1_ep00089,d1_ep00093,99,4.95,0.0,2.404376521706581,0.06282030045986176,1.73068106174469,0.06614944338798523,1.0894514322280884,transition,0.6000000238418579
same,probe_4_lateral,friction_vlow,friction_vlow,d1_ep00089,d1_ep00093,119,5.95,0.0,2.050243239849806,0.06595072895288467,1.5525949001312256,0.03616935387253761,0.7910565137863159,steady,0.0
same,probe_4_lateral,friction_vlow,friction_vlow,d1_ep00089,d1_ep00095,79,3.95,0.0,2.487923551350832,0.08880547434091568,1.8665083646774292,0.03302721306681633,0.9991649985313416,steady,0.0
same,probe_4_lateral,friction_vlow,friction_vlow,d1_ep00089,d1_ep00095,99,4.95,0.0,1.9167090840637684,0.10631971061229706,1.3636701107025146,0.04575318470597267,0.801932156085968,transition,0.6000000238418579
same,probe_4_lateral,friction_vlow,friction_vlow,d1_ep00089,d1_ep00095,119,5.95,0.0,2.1375901140272617,0.09691713750362396,1.6360557079315186,0.03298260644078255,0.7432693243026733,steady,0.0
same,probe_4_lateral,friction_vlow,friction_vlow,d1_ep00090,d1_ep00091,79,3.95,0.0,3.300016747787595,0.0267639122903347,2.8941216468811035,0.03000940941274166,0.6982435584068298,steady,0.0
same,probe_4_lateral,friction_vlow,friction_vlow,d1_ep00090,d1_ep00091,99,4.95,0.0,1.8100966475903988,0.05808470770716667,1.2399017810821533,0.049194857478141785,0.925830602645874,transition,0.6000000238418579
same,probe_4_lateral,friction_vlow,friction_vlow,d1_ep00090,d1_ep00091,119,5.95,0.0,2.179437855258584,0.04338950291275978,1.6558743715286255,0.029464131221175194,0.9014196991920471,steady,0.0
same,probe_4_lateral,friction_vlow,friction_vlow,d1_ep00090,d1_ep00093,19,0.95,0.0,2.1952312737703323,0.10110167413949966,1.8353657722473145,0.04173768311738968,0.4340522885322571,steady,0.0
same,probe_4_lateral,friction_vlow,friction_vlow,d1_ep00090,d1_ep00093,59,2.95,0.0,1.9663541857153177,0.14898546040058136,1.4994698762893677,0.01760304905474186,0.6005915999412537,steady,0.0
same,probe_4_lateral,friction_vlow,friction_vlow,d1_ep00090,d1_ep00093,79,3.95,0.0,4.152889009565115,0.03509458526968956,3.6266698837280273,0.03908437490463257,0.904080331325531,steady,0.0
same,probe_4_lateral,friction_vlow,friction_vlow,d1_ep00090,d1_ep00093,119,5.95,0.0,2.094862788915634,0.06209571659564972,1.6500884294509888,0.018792524933815002,0.7277722358703613,steady,0.0
same,probe_4_lateral,friction_vlow,friction_vlow,d1_ep00090,d1_ep00095,59,2.95,0.0,1.7773448172956705,0.15022265911102295,1.2550873756408691,0.029323184862732887,0.6854231953620911,steady,0.0
same,probe_4_lateral,friction_vlow,friction_vlow,d1_ep00090,d1_ep00095,79,3.95,0.0,2.0406212164089084,0.07083587348461151,1.7284519672393799,0.01240916084498167,0.4578484296798706,steady,0.0
same,probe_4_lateral,friction_vlow,friction_vlow,d1_ep00090,d1_ep00095,119,5.95,0.0,2.2187633011490107,0.09127756208181381,1.7717247009277344,0.016341345384716988,0.678839385509491,steady,0.0
same,probe_4_lateral,friction_vlow,friction_vlow,d1_ep00091,d1_ep00092,79,3.95,0.0,3.2047304529696703,0.05560009554028511,2.7674601078033447,0.0208118986338377,0.7217167019844055,steady,0.0
same,probe_4_lateral,friction_vlow,friction_vlow,d1_ep00091,d1_ep00092,99,4.95,0.0,1.9891583658754826,0.07484370470046997,1.4254173040390015,0.044807080179452896,0.8881805539131165,transition,0.6000000238418579
same,probe_4_lateral,friction_vlow,friction_vlow,d1_ep00091,d1_ep00092,119,5.95,0.0,2.238438744097948,0.04298104718327522,1.6935105323791504,0.03902077674865723,0.9258527755737305,steady,0.0
same,probe_4_lateral,friction_vlow,friction_vlow,d1_ep00091,d1_ep00093,19,0.95,0.0,3.3837120458483696,0.1509305089712143,2.65234637260437,0.03862643986940384,1.0836174488067627,steady,0.0
same,probe_4_lateral,friction_vlow,friction_vlow,d1_ep00091,d1_ep00093,59,2.95,0.0,2.1756203714758158,0.19876804947853088,1.6929283142089844,0.025387967005372047,0.5170720815658569,steady,0.0
same,probe_4_lateral,friction_vlow,friction_vlow,d1_ep00091,d1_ep00094,19,0.95,0.0,2.1616025008261204,0.10240812599658966,1.4356075525283813,0.03578709438443184,1.175599455833435,steady,0.0
same,probe_4_lateral,friction_vlow,friction_vlow,d1_ep00091,d1_ep00094,39,1.95,0.0,1.997813891619444,0.15215155482292175,1.4245587587356567,0.0393793098628521,0.7634485363960266,transition,1.2000000476837158
same,probe_4_lateral,friction_vlow,friction_vlow,d1_ep00091,d1_ep00094,79,3.95,0.0,2.8677783459424973,0.046281199902296066,2.4454238414764404,0.021716240793466568,0.7087141275405884,steady,0.0
same,probe_4_lateral,friction_vlow,friction_vlow,d1_ep00091,d1_ep00094,99,4.95,0.0,2.1354119703173637,0.06399364024400711,1.5598130226135254,0.039416298270225525,0.9443780183792114,transition,0.6000000238418579
same,probe_4_lateral,friction_vlow,friction_vlow,d1_ep00091,d1_ep00094,119,5.95,0.0,2.201031267642975,0.04269763454794884,1.6775236129760742,0.03313199058175087,0.8953560590744019,steady,0.0
same,probe_4_lateral,friction_vlow,friction_vlow,d1_ep00091,d1_ep00095,59,2.95,0.0,1.8124122507870197,0.19964487850666046,1.298301100730896,0.03156355395913124,0.5658054351806641,steady,0.0
same,probe_4_lateral,friction_vlow,friction_vlow,d1_ep00092,d1_ep00093,19,0.95,0.0,3.2346815560013056,0.11145836114883423,2.592446804046631,0.02804846502840519,1.0054558515548706,steady,0.0
same,probe_4_lateral,friction_vlow,friction_vlow,d1_ep00092,d1_ep00093,79,3.95,0.0,3.9958905782550573,0.03224228322505951,3.4766669273376465,0.02960447035729885,0.914753794670105,steady,0.0
same,probe_4_lateral,friction_vlow,friction_vlow,d1_ep00092,d1_ep00093,119,5.95,0.0,2.211168859153986,0.05658402666449547,1.7636423110961914,0.02649516612291336,0.7288947105407715,steady,0.0
same,probe_4_lateral,friction_vlow,friction_vlow,d1_ep00092,d1_ep00094,19,0.95,0.0,2.0930783841758966,0.06245270371437073,1.4665107727050781,0.02266792394220829,1.082893967628479,steady,0.0
same,probe_4_lateral,friction_vlow,friction_vlow,d1_ep00092,d1_ep00095,79,3.95,0.0,2.0628809491172433,0.08999418467283249,1.7154300212860107,0.013417460955679417,0.4880785644054413,steady,0.0
same,probe_4_lateral,friction_vlow,friction_vlow,d1_ep00092,d1_ep00095,119,5.95,0.0,2.356677582487464,0.08665373921394348,1.90078604221344,0.028033992275595665,0.6824076175689697,steady,0.0
same,probe_4_lateral,friction_vlow,friction_vlow,d1_ep00093,d1_ep00094,59,2.95,0.0,1.9673402719199657,0.14776521921157837,1.6043325662612915,0.014092933386564255,0.40229910612106323,steady,0.0
same,probe_4_lateral,friction_vlow,friction_vlow,d1_ep00093,d1_ep00094,79,3.95,0.0,3.711739480495453,0.042973216623067856,3.172074556350708,0.03879261389374733,0.9157981872558594,steady,0.0
same,probe_4_lateral,friction_vlow,friction_vlow,d1_ep00093,d1_ep00094,119,5.95,0.0,2.212923426181078,0.0741313099861145,1.764999270439148,0.020039308816194534,0.7075070738792419,steady,0.0
same,probe_4_lateral,friction_vlow,friction_vlow,d1_ep00093,d1_ep00095,19,0.95,0.0,2.6048221476376057,0.13710008561611176,2.210360050201416,0.0414414145052433,0.4318411946296692,steady,0.0
same,probe_4_lateral,friction_vlow,friction_vlow,d1_ep00093,d1_ep00095,79,3.95,0.0,2.630184181034565,0.07239651679992676,2.198460340499878,0.04011467844247818,0.6384252905845642,steady,0.0
same,probe_4_lateral,friction_vlow,friction_vlow,d1_ep00094,d1_ep00095,119,5.95,0.0,2.356899581849575,0.10225696116685867,1.9057127237319946,0.01900409162044525,0.659851610660553,steady,0.0
