run_id,window_id,group_id,level,layout,fde_xy_1s,fde_xy_2s,ade_xy_2s,net_yaw_err_1s,net_yaw_err_2s,e_err_vx_lead1s,e_err_vy_lead1s,e_err_wz_lead1s,e_err_vx_lead2s,e_err_vy_lead2s,e_err_wz_lead2s
VAUX_s42,L4_G00_b0_k020,L4_G00,P0,L4,0.03999857428540245,0.04596521656284764,0.04400896369425111,0.013351359416799768,0.04524307278717299,0.08828008576165303,0.14504056418081746,0.12959890172351152,0.04025407159497263,0.07646382157690823,0.1605483511229977
VAUX_s42,L4_G00_b0_k062,L4_G00,P0,L4,0.05778359684385522,0.05669297138197694,0.03431342131421454,0.039263965906138454,0.4085281482366554,0.046597651973570464,0.09554474623291753,0.061152414651587605,0.0038354079515556805,0.026119177589862375,0.8744085555663332
VAUX_s42,L4_G00_b0_k104,L4_G00,P0,L4,0.027583288639685656,0.06004364180792121,0.046349859013282604,0.05196911746206667,0.06010538616687788,0.00305741757620126,0.04840763277024962,0.02345823685027426,0.16966422970290296,0.08318534505087882,0.039628975093364716
VAUX_s42,L4_G00_b0_k147,L4_G00,P0,L4,0.03903091046387828,0.027523018187370612,0.025771698500074464,0.019475100197244632,0.057227053427256314,0.0258920423402742,0.07104385929415002,0.004189093480817974,0.010316933668946149,0.08504525077296421,0.13433324865764007
VAUX_s42,L4_G00_b0_k189,L4_G00,P0,L4,0.04950659963972442,0.049553211097738546,0.04718776124085119,0.04315780791936885,0.03427768350790639,0.003555862946086563,0.04299508486292325,0.028896471776533872,0.018369778495980427,0.007416338019538671,0.05166966454999056
VAUX_s42,L4_G00_b0_k231,L4_G00,P0,L4,0.005175130854024276,0.017677417819302994,0.008224951458436155,0.008601853269809112,0.020743134554348064,0.007651461783098057,0.009705323915113695,0.04994451138190925,0.0033287993501289748,0.06812118150992319,0.04647292959270999
VAUX_s42,L4_G00_b0_k030,L4_G00,P0,L4,0.08178905949330967,0.051935802625155354,0.06799073924139881,0.053522721283661534,0.08377497714755044,0.011730460359103745,0.13855183702980867,0.07842207769863307,0.04562177989282645,0.2812801805266645,0.4652639769774396
VAUX_s42,L4_G00_b1_k020,L4_G00,P1,L4,0.10776150996784653,0.13685464469169042,0.0625366539896205,0.03888307384981138,0.0971352247515056,0.031807756051421165,0.0268110651668394,0.44499545893631876,0.05514256446622312,0.06065696881250915,0.07426761416718364
VAUX_s42,L4_G00_b1_k062,L4_G00,P1,L4,0.093609596172907,0.2666421865233687,0.12041070106015672,0.10096703867947121,0.16013325448627658,0.07431791670387611,0.02613972476683557,0.034920870821224526,0.34315880603389814,0.10838464090193156,0.33372404662077315
VAUX_s42,L4_G00_b1_k104,L4_G00,P1,L4,0.1608848140766359,0.35690781034066354,0.17357729672727965,0.06558951720189699,0.13233143765091793,0.18396153041976504,0.09245748745161109,0.044772625115001574,0.009599229815648869,0.0120291185194219,0.05940066749462858
VAUX_s42,L4_G00_b1_k147,L4_G00,P1,L4,0.05236569694850109,0.22221307015179573,0.0905188408911429,0.029784033382748376,0.10809011757155562,0.05207049768068828,0.13679666038660798,0.04854532436002046,0.19743008288787678,0.11924960347096203,0.034755274711642414
VAUX_s42,L4_G00_b1_k189,L4_G00,P1,L4,0.011155727941382192,0.013790919174461617,0.014178783891824776,0.031088500312620337,0.031428849170350825,0.06040910840738434,0.04034921302081784,0.042886149683909025,0.040315230465012064,0.024763082572462736,0.0199581408087397
VAUX_s42,L4_G00_b1_k231,L4_G00,P1,L4,0.001116231643938523,0.016142543336111467,0.006765342862577533,0.00665340205028131,0.024379987908790035,0.00521653512987541,0.014989910701842746,0.057713044552656356,0.008442714672128204,0.05893013377135503,0.04605279687893926
VAUX_s42,L4_G00_b1_k030,L4_G00,P1,L4,0.01907045549662532,0.1766475804424699,0.07751328967817638,0.01771493017399761,0.09139071645945473,0.16308785963337868,0.2864021270579542,0.12412046815734357,0.1601778813637793,0.2595012404744921,0.31892195402178913
VAUX_s42,L4_G00_b2_k020,L4_G00,P2,L4,0.06351220808969746,0.08879870076605341,0.056997872236111725,0.09326851306307149,0.10593472349339617,0.06477115084999241,0.04947221803013235,0.22192717029247433,0.12633916945196688,0.16893451509531587,0.08959371596574783
VAUX_s42,L4_G00_b2_k062,L4_G00,P2,L4,0.11597291705971802,0.1868327177460615,0.11610909474696882,0.14267839674503224,0.09838170523362388,0.035720221378142014,0.04949340457096696,0.0031513277208432555,0.0492300633341074,0.16881719167577103,0.03129217051900923
VAUX_s42,L4_G00_b2_k104,L4_G00,P2,L4,0.1420398748483685,0.12321894287083374,0.08422673310558522,0.08334208594678738,0.039704468362469325,0.06449601426720619,0.13052189903100953,0.28001672256505117,0.0022123141679912806,0.17596964328549802,0.10916930704843253
VAUX_s42,L4_G00_b2_k147,L4_G00,P2,L4,0.16947741566305893,0.2442601847755967,0.159343426668287,0.02149963610709163,0.015804501401498777,0.15866306927637197,0.018658315937500447,0.08040489495033398,0.010098413898958825,0.008867232190823415,0.0852889503876213
VAUX_s42,L4_G00_b2_k189,L4_G00,P2,L4,0.039596724602382144,0.025203640240820026,0.03491185731778915,0.0010473540287421201,0.006383795440069728,0.014619220411987044,0.009647758430219255,0.03217802471772302,0.023438422198523767,0.061522159790911246,0.03906549193561659
VAUX_s42,L4_G00_b2_k231,L4_G00,P2,L4,0.0043036379237387365,0.021065119130982315,0.006870564437962079,0.008189255450770316,0.020038835065133737,0.00846631816966692,0.011943805799091933,0.07425985426380066,0.01140954529546434,0.06301810279910569,0.05294003167000483
VAUX_s42,L4_G00_b2_k030,L4_G00,P2,L4,0.1744950369642639,0.23818901225734532,0.1705451241104003,0.20440920812179675,0.24507982497725622,0.03408397521707229,0.08680635428754613,0.061170270666480064,0.19662583619356155,0.3246651465415198,0.6350050445180386
VAUX_s42,L4_G00_b3_k020,L4_G00,P0,L4,0.03999857428540245,0.04596521656284764,0.04400896369425111,0.013351359416799768,0.04524307278717299,0.08828008576165303,0.14504056418081746,0.12959890172351152,0.04025407159497263,0.07646382157690823,0.1605483511229977
VAUX_s42,L4_G00_b3_k062,L4_G00,P0,L4,0.05778359684385522,0.05669297138197694,0.03431342131421454,0.039263965906138454,0.4085281482366554,0.046597651973570464,0.09554474623291753,0.061152414651587605,0.0038354079515556805,0.026119177589862375,0.8744085555663332
VAUX_s42,L4_G00_b3_k104,L4_G00,P0,L4,0.027583288639685656,0.06004364180792121,0.046349859013282604,0.05196911746206667,0.06010538616687788,0.00305741757620126,0.04840763277024962,0.02345823685027426,0.16966422970290296,0.08318534505087882,0.039628975093364716
VAUX_s42,L4_G00_b3_k147,L4_G00,P0,L4,0.03903091046387828,0.027523018187370612,0.025771698500074464,0.019475100197244632,0.057227053427256314,0.0258920423402742,0.07104385929415002,0.004189093480817974,0.010316933668946149,0.08504525077296421,0.13433324865764007
VAUX_s42,L4_G00_b3_k189,L4_G00,P0,L4,0.04950659963972442,0.049553211097738546,0.04718776124085119,0.04315780791936885,0.03427768350790639,0.003555862946086563,0.04299508486292325,0.028896471776533872,0.018369778495980427,0.007416338019538671,0.05166966454999056
VAUX_s42,L4_G00_b3_k231,L4_G00,P0,L4,0.005175130854024276,0.017677417819302994,0.008224951458436155,0.008601853269809112,0.020743134554348064,0.007651461783098057,0.009705323915113695,0.04994451138190925,0.0033287993501289748,0.06812118150992319,0.04647292959270999
VAUX_s42,L4_G00_b3_k030,L4_G00,P0,L4,0.08178905949330967,0.051935802625155354,0.06799073924139881,0.053522721283661534,0.08377497714755044,0.011730460359103745,0.13855183702980867,0.07842207769863307,0.04562177989282645,0.2812801805266645,0.4652639769774396
VAUX_s42,L4_G01_b0_k020,L4_G01,P0,L4,0.04503823029460331,0.04473127190402943,0.032322215545375024,0.010431110411309508,0.09535410198304839,0.03393278294970514,0.030728355146493413,0.14738408604171127,0.015825496358957025,0.011043332138797268,0.05047529505100101
VAUX_s42,L4_G01_b0_k062,L4_G01,P0,L4,0.14111145562244454,0.22386228861869373,0.12507468330567878,0.013939222327593592,0.04188082139020888,0.082351558143273,0.03307699540164322,0.020622017269488424,0.06345075896388153,0.10732915648259223,0.03531770076369867
VAUX_s42,L4_G01_b0_k104,L4_G01,P0,L4,0.06372397551211374,0.10109121237631523,0.09495619012885409,0.11694050923747468,0.11287623442949601,0.003930800306989113,0.2660710098280106,0.02099919694592245,0.10030522926535923,0.10446866526035592,0.06454200449661585
VAUX_s42,L4_G01_b0_k147,L4_G01,P0,L4,0.03214214341757516,0.11481867343145385,0.04613520206505334,0.028068569724564618,0.10499702020897561,0.061305404473614544,0.10090874606976286,0.02669427962973714,0.030678078455821378,0.10392845963360742,0.06391561822965741
VAUX_s42,L4_G01_b0_k189,L4_G01,P0,L4,0.021515900095698724,0.02553048377487655,0.01876893263420369,0.016741176071126906,0.03425867252662962,0.0063562183859176,0.01807348402508069,0.06763372688510572,0.025192890032485593,0.03894984618818853,0.016090685265226057
VAUX_s42,L4_G01_b0_k231,L4_G01,P0,L4,0.010695928560704993,0.009780096344707577,0.009963204134470447,0.0005018054225900404,0.003567560867231423,0.031050780089572072,0.04939417187051731,0.0016186151187866926,0.009797291553695686,0.0094310425738513,0.020415812647115672
VAUX_s42,L4_G01_b0_k030,L4_G01,P0,L4,0.0724713397172321,0.16044443801598265,0.06686047697411197,0.07310928939041372,0.052563407733397405,0.008485195408866275,0.08400245479424484,0.20782729558413848,0.1579381653573364,0.2011367513332516,0.169110140792327
VAUX_s42,L4_G01_b1_k020,L4_G01,P1,L4,0.12905920620093025,0.055020268981274774,0.08708299839219617,0.030539628181395218,0.017741817263777326,0.3822344934887951,0.10408603780251724,0.02484843652928248,0.036410825421626214,0.20257386975572444,0.12834725575521588
VAUX_s42,L4_G01_b1_k062,L4_G01,P1,L4,0.2274290587443773,0.1902421797124483,0.1982548969943409,0.05342831312536811,0.01941179278255656,0.025645647780038416,0.036235179111827165,0.09933278641983634,0.22559315216858522,0.2267406010942068,0.5081706506025512
VAUX_s42,L4_G01_b1_k104,L4_G01,P1,L4,0.13142541695699234,0.3344965846792063,0.14950177106562945,0.1892198034460988,0.3421198549690641,0.03409937210381031,0.07495994225610048,0.17286551097640768,0.14489243380376138,0.06865333752284641,0.11869396833935753
VAUX_s42,L4_G01_b1_k147,L4_G01,P1,L4,0.12417965724280643,0.31048474278123,0.11310195568678498,0.24437012652779236,0.34323905257479065,0.06055487913545221,0.03831288224318996,0.39154795720241964,0.0831410211394541,0.12623286515008658,0.10714343754807487
VAUX_s42,L4_G01_b1_k189,L4_G01,P1,L4,0.010247019328697026,0.011284473062673873,0.009174307307676727,0.02672368323717078,0.00018909494826579998,0.0034706365040619858,0.029762234909867402,0.055126803203165764,0.023068885593602317,0.05162934549662168,0.012108115210139658
VAUX_s42,L4_G01_b1_k231,L4_G01,P1,L4,0.009017818480053372,0.008484167602916379,0.00874775966407132,0.003898622597227952,0.0069165371117946295,0.03307110726746032,0.04631915787831531,0.0010578579240245745,0.011709365004207939,0.009345961861981777,0.014493158014374785
VAUX_s42,L4_G01_b1_k030,L4_G01,P1,L4,0.18588015776361047,0.09059365919360556,0.13197663059497844,0.04174115580326565,0.14408566815336576,0.3154418024059851,0.23766796008567326,0.1657033302471973,0.14735480555100366,0.15346741964458488,0.13627960041048937
VAUX_s42,L4_G01_b2_k020,L4_G01,P2,L4,0.025815604470555774,0.12377569414003498,0.045340021424098306,0.009278190978283973,0.045294039411373443,0.1503223172039725,0.09406660217791796,0.2525567467091605,0.04469319398049265,0.012061651155818254,0.24993140168953687
VAUX_s42,L4_G01_b2_k062,L4_G01,P2,L4,0.17079206562233776,0.2793560216706043,0.15401748262538492,0.0031957327635603328,0.03432864858186946,0.2195095581409987,0.09287796641001478,0.46808277850504965,0.1631462840596214,0.2102526761009358,0.25764661573339254
VAUX_s42,L4_G01_b2_k104,L4_G01,P2,L4,0.015207699238769133,0.04798059875780544,0.026561992089492593,0.05921364212990721,0.13201816587240955,0.0349067926290445,0.08277295401785523,0.30028849351219833,0.04005817434517667,0.09841334400698543,0.058684621297288686
VAUX_s42,L4_G01_b2_k147,L4_G01,P2,L4,0.03609279496835947,0.030903684106894376,0.03489219003293621,0.009270792573807363,0.05074542197749121,0.010213341796770692,0.08363505837041885,0.29441008483991027,0.04855973575467942,0.01747683386929566,0.03937673947075382
VAUX_s42,L4_G01_b2_k189,L4_G01,P2,L4,0.01632081480845794,0.019699541272465097,0.015877913612117284,0.00918040285312749,0.01587321343630066,0.02314767754432978,0.0025623969522712287,0.07934374948854384,0.05936937632213812,0.04081140278140083,0.0009483168942097109
VAUX_s42,L4_G01_b2_k231,L4_G01,P2,L4,0.008067446992567524,0.007353784813208347,0.00788108504829295,0.0018718125544125996,0.0024914161805957846,0.03445780534821097,0.044607993579120375,0.0004125384730286896,0.015190076584985945,0.012461246260500047,0.022513281717692735
VAUX_s42,L4_G01_b2_k030,L4_G01,P2,L4,0.06172161512131375,0.14210948006243918,0.0663349749877862,0.04371323068407973,0.12681718138653753,0.017034845310263336,0.006352293654344976,0.0376286618411541,0.08086500532226637,0.03052210225723684,0.32104500598507
VAUX_s42,L4_G01_b3_k020,L4_G01,P0,L4,0.04503823029460331,0.04473127190402943,0.032322215545375024,0.010431110411309508,0.09535410198304839,0.03393278294970514,0.030728355146493413,0.14738408604171127,0.015825496358957025,0.011043332138797268,0.05047529505100101
VAUX_s42,L4_G01_b3_k062,L4_G01,P0,L4,0.14111145562244454,0.22386228861869373,0.12507468330567878,0.013939222327593592,0.04188082139020888,0.082351558143273,0.03307699540164322,0.020622017269488424,0.06345075896388153,0.10732915648259223,0.03531770076369867
VAUX_s42,L4_G01_b3_k104,L4_G01,P0,L4,0.06372397551211374,0.10109121237631523,0.09495619012885409,0.11694050923747468,0.11287623442949601,0.003930800306989113,0.2660710098280106,0.02099919694592245,0.10030522926535923,0.10446866526035592,0.06454200449661585
VAUX_s42,L4_G01_b3_k147,L4_G01,P0,L4,0.03214214341757516,0.11481867343145385,0.04613520206505334,0.028068569724564618,0.10499702020897561,0.061305404473614544,0.10090874606976286,0.02669427962973714,0.030678078455821378,0.10392845963360742,0.06391561822965741
VAUX_s42,L4_G01_b3_k189,L4_G01,P0,L4,0.021515900095698724,0.02553048377487655,0.01876893263420369,0.016741176071126906,0.03425867252662962,0.0063562183859176,0.01807348402508069,0.06763372688510572,0.025192890032485593,0.03894984618818853,0.016090685265226057
VAUX_s42,L4_G01_b3_k231,L4_G01,P0,L4,0.010695928560704993,0.009780096344707577,0.009963204134470447,0.0005018054225900404,0.003567560867231423,0.031050780089572072,0.04939417187051731,0.0016186151187866926,0.009797291553695686,0.0094310425738513,0.020415812647115672
VAUX_s42,L4_G01_b3_k030,L4_G01,P0,L4,0.0724713397172321,0.16044443801598265,0.06686047697411197,0.07310928939041372,0.052563407733397405,0.008485195408866275,0.08400245479424484,0.20782729558413848,0.1579381653573364,0.2011367513332516,0.169110140792327
VAUX_s42,L4_G02_b0_k020,L4_G02,P0,L4,0.11025058912255435,0.17267729154223832,0.10062098224598728,0.03073603168754513,0.10243062025688054,0.2516931293939706,0.08770740225736517,0.4102907423512079,0.04726090602343902,0.04275587445590645,0.03319694520905614
VAUX_s42,L4_G02_b0_k062,L4_G02,P0,L4,0.1461134165372483,0.4049594235917572,0.1737147395183251,0.22339465618351628,0.3555807646397602,0.020918925471960392,0.507885840407198,0.5574274117825553,0.10566465283045545,0.1261838540667668,0.005770261268480681
VAUX_s42,L4_G02_b0_k104,L4_G02,P0,L4,0.2280290599717001,0.2081055958806503,0.1843961169788068,0.02418626616363273,0.03822662077086658,0.19826591748278588,0.1199942120583728,0.01055534410988912,0.05412696395069361,0.14711288991384208,0.03147158183855936
VAUX_s42,L4_G02_b0_k147,L4_G02,P0,L4,0.19077835613568617,0.3043186466609608,0.18020915489825096,0.10135877545615024,0.20015520111662566,0.2749633543717209,0.135447500673763,0.1778294732212089,0.0845761591772316,0.022515988852319424,0.09585708237136714
VAUX_s42,L4_G02_b0_k189,L4_G02,P0,L4,0.014881625121194049,0.022678939052807174,0.014773721333649908,0.023345170697802953,0.03099810406324721,0.031587355508236215,0.009175904335279483,0.08078475361253368,0.022219104455871275,0.06979138460883405,0.013331565387488808
VAUX_s42,L4_G02_b0_k231,L4_G02,P0,L4,0.006035009485843051,0.006011897914285839,0.006921794698114966,0.00870038023053965,0.008602347675015665,0.031805009002709994,0.017456905075960094,0.025583261282008607,0.0030595157804782502,0.055693024551146664,0.1015582013023959
VAUX_s42,L4_G02_b0_k030,L4_G02,P0,L4,0.24912884064763888,0.4106293778286465,0.22260250472411114,0.04770373757528379,0.22909259886109679,0.14473350034677424,0.146192791959038,0.2340827512089163,0.11886616046831477,0.12368333406629972,0.20277489628642797
VAUX_s42,L4_G02_b1_k020,L4_G02,P1,L4,0.07571630703073855,0.23639432606705102,0.10254728699913629,0.022203597928545538,0.07076104936613792,0.3151474070327822,0.0010209805659542326,0.4540054009994492,0.11948618770111352,0.1557884242865839,0.42414248891873285
VAUX_s42,L4_G02_b1_k062,L4_G02,P1,L4,0.12203838207418294,0.14099882205651582,0.10579362590416903,0.0035372093201657684,0.061728024031415085,0.013028739936999045,0.06278466555522755,0.03110276034567505,0.10054570711963606,0.02204372177948244,0.09784428370767273
VAUX_s42,L4_G02_b1_k104,L4_G02,P1,L4,0.09494015962268591,0.36954660114701243,0.14155663292315374,0.16624368579068616,0.2400492295422718,0.0548288835780113,0.050307668978348374,0.23410003632307053,0.015890713373664767,0.23653584488783963,0.23472197123919614
VAUX_s42,L4_G02_b1_k147,L4_G02,P1,L4,0.018738456143150024,0.12377076921921486,0.07838593858861402,0.002165415369563828,0.13501413326757872,0.14083912167188828,0.3279376318496361,0.04961945931427181,0.10465556807321263,0.17030062904814258,0.1864844645606354
VAUX_s42,L4_G02_b1_k189,L4_G02,P1,L4,0.10445093798949075,0.13797830743476247,0.09499630169067382,0.03423910245509143,0.053417690430239695,0.07826306677998218,0.03312675516008312,0.0894416479713982,0.00039693513099336997,0.0980516724048357,0.03331638736563036
VAUX_s42,L4_G02_b1_k231,L4_G02,P1,L4,0.0066964063637203405,0.004636131270012688,0.0069140691343075435,0.008721044060572058,0.006957665240448385,0.03151278501536581,0.0139434359552979,0.017578590486664325,0.0015463877134607174,0.05348859156583785,0.11224018651773804
VAUX_s42,L4_G02_b1_k030,L4_G02,P1,L4,0.15188575200961302,0.113859602985557,0.12096024701023782,0.16779313215956693,0.051851320090826825,0.019306929938466055,0.05234152127377456,0.568657348427223,0.09871692553861067,0.028397615140420385,0.3614125157473609
VAUX_s42,L4_G02_b2_k020,L4_G02,P2,L4,0.06111880657300143,0.012334993648622292,0.03765130276295544,0.01643496915648779,0.023291155726563595,0.0007037914183456451,0.0431732258584816,0.26900239509996027,0.16985421132994816,0.0348480005050078,0.033414107805583626
VAUX_s42,L4_G02_b2_k062,L4_G02,P2,L4,0.0824193967318435,0.20113359481800097,0.10390417896416962,0.0987706100902872,0.01731238832144344,0.011279845668468624,0.0967569668428041,0.2123493191320449,0.11181719647720456,0.16573320073075593,0.12376719992607832
VAUX_s42,L4_G02_b2_k104,L4_G02,P2,L4,0.19476757853607435,0.31123319560928503,0.17924607304685347,0.1374274756934033,0.11245589648202747,0.16527621308341622,0.061505204444983974,0.026810484938323498,0.03704600187484175,0.3404757854586933,0.0493161795893684
VAUX_s42,L4_G02_b2_k147,L4_G02,P2,L4,0.06998246908821155,0.24147839741782726,0.1133355058170589,0.14903793165067292,0.12458099513496568,0.11549573135562241,0.22880291141336784,0.34207306371536106,0.12135812419001013,0.1458814159841495,0.02302302730095107
VAUX_s42,L4_G02_b2_k189,L4_G02,P2,L4,0.05629332648740818,0.09122546624340606,0.05457218642040636,0.016191650002507885,0.0071294620660296015,0.03739520555609488,0.010010987101850333,0.06846728378150146,0.026794788676852477,0.0895844058086368,0.06456273811909341
VAUX_s42,L4_G02_b2_k231,L4_G02,P2,L4,0.006686508591083983,0.0057571364215599635,0.006512340788729126,0.009431089386248592,0.008637500509281137,0.030222099740058184,0.01483199550784775,0.016393582191085443,0.001253469778021099,0.0536430108222703,0.11185012744317646
VAUX_s42,L4_G02_b2_k030,L4_G02,P2,L4,0.25027593576342044,0.28520565259502684,0.20792435100640733,0.11878050303039522,0.15288150092892616,0.10656778182601556,0.18704554630676284,0.30244248814415187,0.15579511394025758,0.02236478665145114,0.5170071308093611
VAUX_s42,L4_G02_b3_k020,L4_G02,P0,L4,0.11025058912255435,0.17267729154223832,0.10062098224598728,0.03073603168754513,0.10243062025688054,0.2516931293939706,0.08770740225736517,0.4102907423512079,0.04726090602343902,0.04275587445590645,0.03319694520905614
VAUX_s42,L4_G02_b3_k062,L4_G02,P0,L4,0.1461134165372483,0.4049594235917572,0.1737147395183251,0.22339465618351628,0.3555807646397602,0.020918925471960392,0.507885840407198,0.5574274117825553,0.10566465283045545,0.1261838540667668,0.005770261268480681
VAUX_s42,L4_G02_b3_k104,L4_G02,P0,L4,0.2280290599717001,0.2081055958806503,0.1843961169788068,0.02418626616363273,0.03822662077086658,0.19826591748278588,0.1199942120583728,0.01055534410988912,0.05412696395069361,0.14711288991384208,0.03147158183855936
VAUX_s42,L4_G02_b3_k147,L4_G02,P0,L4,0.19077835613568617,0.3043186466609608,0.18020915489825096,0.10135877545615024,0.20015520111662566,0.2749633543717209,0.135447500673763,0.1778294732212089,0.0845761591772316,0.022515988852319424,0.09585708237136714
VAUX_s42,L4_G02_b3_k189,L4_G02,P0,L4,0.014881625121194049,0.022678939052807174,0.014773721333649908,0.023345170697802953,0.03099810406324721,0.031587355508236215,0.009175904335279483,0.08078475361253368,0.022219104455871275,0.06979138460883405,0.013331565387488808
VAUX_s42,L4_G02_b3_k231,L4_G02,P0,L4,0.006035009485843051,0.006011897914285839,0.006921794698114966,0.00870038023053965,0.008602347675015665,0.031805009002709994,0.017456905075960094,0.025583261282008607,0.0030595157804782502,0.055693024551146664,0.1015582013023959
VAUX_s42,L4_G02_b3_k030,L4_G02,P0,L4,0.24912884064763888,0.4106293778286465,0.22260250472411114,0.04770373757528379,0.22909259886109679,0.14473350034677424,0.146192791959038,0.2340827512089163,0.11886616046831477,0.12368333406629972,0.20277489628642797
VAUX_s42,L4_G03_b0_k020,L4_G03,P0,L4,0.051899262067007915,0.13822303441449646,0.05761287204436808,0.0032503740839558426,0.039630728084404265,0.20399659378745127,0.13787496597797144,0.010814345461767516,0.11662204744061455,0.0023991772322915494,0.014410676129045896
VAUX_s42,L4_G03_b0_k062,L4_G03,P0,L4,0.07817544163510584,0.09546155760523796,0.06893733438254132,0.07869608782348203,0.06630893340377464,0.10866021423134953,0.05911299814397353,0.23844615940470248,0.017263596586417407,0.044268490602917154,0.09347791208347189
VAUX_s42,L4_G03_b0_k104,L4_G03,P0,L4,0.028783044940064652,0.09785586890958094,0.036501837529169814,0.0053616386588603016,0.02238803832201519,0.022128744079964235,0.05691685708006844,0.19049845924018882,0.12338281894335523,0.021643342384777498,0.07991569914156571
VAUX_s42,L4_G03_b0_k147,L4_G03,P0,L4,0.06485839665859985,0.08288311464059495,0.0641143348392009,0.036568747572163884,0.059080036601266706,0.1405059441603953,0.06720341547043063,0.03201698142402165,0.00616944598164082,0.029207752115326002,0.034035237342322944
VAUX_s42,L4_G03_b0_k189,L4_G03,P0,L4,0.016933626153083893,0.01784952588632419,0.013680324202481432,0.03418202105650647,0.04563335629801468,0.0037173950258875266,0.015503882706980221,0.030244204863265622,0.005400796972026001,0.003564265964087099,0.06877041348343482
VAUX_s42,L4_G03_b0_k231,L4_G03,P0,L4,0.012912264589707397,0.012134257791815319,0.0075127346795771125,0.009400527529896063,0.0042012472541952395,0.022552994574652985,0.011392924730898812,0.07583321848505875,0.022719158681866247,0.0068997664711787365,0.04482500864105532
VAUX_s42,L4_G03_b0_k030,L4_G03,P0,L4,0.01733783870641251,0.051240966785075906,0.022796217801098383,0.028659512757985672,0.013987367682056995,0.1377103397535393,0.12151669824379496,0.17233319752267562,0.24875986855477095,0.3716941900202073,0.13758422946557403
VAUX_s42,L4_G03_b1_k020,L4_G03,P1,L4,0.07386682879909172,0.06277899189895471,0.05646216710348371,0.07256790620218678,0.012852168894698868,0.09860085394757334,0.08798053563077701,0.27103756717406213,0.02895619790069759,0.22357582897529937,0.2902972244191915
VAUX_s42,L4_G03_b1_k062,L4_G03,P1,L4,0.1017465619924844,0.23687394458034203,0.12627462486469684,0.1207805447760622,0.19614182029909005,0.06414165889873402,0.004967800487065688,0.23592822812497616,0.29697941726306,0.2571376599371433,0.017958028300199658
VAUX_s42,L4_G03_b1_k104,L4_G03,P1,L4,0.06769725413033166,0.21002053196525303,0.08154659783077475,0.02923859796301259,0.037115425012734626,0.12472626351518556,0.02387060842011124,0.17436745640588924,0.14458502334309742,0.17078164903796278,0.04755719182867324
VAUX_s42,L4_G03_b1_k147,L4_G03,P1,L4,0.20359164075890054,0.32465546227239916,0.19067221210186816,0.09581954798759401,0.15388515031161776,0.1383429290726781,0.1847548030782491,0.11559703084640205,0.1266610549937468,0.16061939537758008,0.050963985591806704
VAUX_s42,L4_G03_b1_k189,L4_G03,P1,L4,0.036309210714332026,0.02732864387295553,0.03140543704057802,0.056451228743685355,0.05303071700806733,0.00479148025624454,0.026838204270461574,0.02512198793465359,0.0028473535930970684,0.016234787428402342,0.13421631822711788
VAUX_s42,L4_G03_b1_k231,L4_G03,P1,L4,0.00972227941308692,0.016662068945902313,0.007331409993106835,0.01628533479763511,0.03205133667108834,0.01579940423835069,0.018330941049498506,0.040375167609454365,0.031559022587316576,0.003836628202407155,0.0602979173672793
VAUX_s42,L4_G03_b1_k030,L4_G03,P1,L4,0.09273053305372608,0.135445011125506,0.06091283021161931,0.005623466474935501,0.07759595506794614,0.08350823185173795,0.22773657730431296,0.3993873718427494,0.23894989839755,0.2783103415858932,0.40828028667601757
VAUX_s42,L4_G03_b2_k020,L4_G03,P2,L4,0.03498734881731986,0.07296026070594962,0.035552767926694734,0.04857186179722256,0.0230920164583723,0.05027578736189753,0.038453688350273296,0.06543879513628781,0.13688503607409075,0.03852276847464964,0.014772863243706524
VAUX_s42,L4_G03_b2_k062,L4_G03,P2,L4,0.16629108144734323,0.22429145855097857,0.15452513116306393,0.08152870814519704,0.015238699312613013,0.28049371324595995,0.030590110691264272,0.31923156895209104,0.15579815406817943,0.20037752186181024,0.2301365443272516
VAUX_s42,L4_G03_b2_k104,L4_G03,P2,L4,0.09082142241198252,0.021601468243403556,0.0647879044308272,0.08374238557880731,0.038665703411243646,0.17935857077827677,0.34674955494119786,0.2324574908707291,0.04347922815941274,0.38391743051761296,0.013744502706686035
VAUX_s42,L4_G03_b2_k147,L4_G03,P2,L4,0.1653323217686106,0.2038866706397416,0.14358549755269093,0.014232983945839717,0.01689639042933866,0.16515448258724064,0.04142630140995607,0.20142363500781357,0.048845031212295,0.0005580778324656421,0.1282759585446911
VAUX_s42,L4_G03_b2_k189,L4_G03,P2,L4,0.0345082303216371,0.03907341449319096,0.0330467927691074,0.0017642567516378271,0.009961061566271301,0.0036825884235440753,0.019306466419948265,0.06358112621092005,0.03113505417422857,0.008424907206062926,0.05305984390361118
VAUX_s42,L4_G03_b2_k231,L4_G03,P2,L4,0.00857419688140193,0.025868093193236616,0.00756996413535471,0.01143631647628851,0.031844301350979265,0.02379644978645956,0.020924396889313357,0.053563307785225334,0.03465656202752143,0.015352676069596782,0.05545595410876558
VAUX_s42,L4_G03_b2_k030,L4_G03,P2,L4,0.05316230378219618,0.12353605463427259,0.050646269553937515,0.028834456347613113,0.02807881191220085,0.004051933530718088,0.14614340470870957,0.2055362039245665,0.05325692752376199,0.1336269878956955,0.05318414841894992
VAUX_s42,L4_G03_b3_k020,L4_G03,P0,L4,0.051899262067007915,0.13822303441449646,0.05761287204436808,0.0032503740839558426,0.039630728084404265,0.20399659378745127,0.13787496597797144,0.010814345461767516,0.11662204744061455,0.0023991772322915494,0.014410676129045896
VAUX_s42,L4_G03_b3_k062,L4_G03,P0,L4,0.07817544163510584,0.09546155760523796,0.06893733438254132,0.07869608782348203,0.06630893340377464,0.10866021423134953,0.05911299814397353,0.23844615940470248,0.017263596586417407,0.044268490602917154,0.09347791208347189
VAUX_s42,L4_G03_b3_k104,L4_G03,P0,L4,0.028783044940064652,0.09785586890958094,0.036501837529169814,0.0053616386588603016,0.02238803832201519,0.022128744079964235,0.05691685708006844,0.19049845924018882,0.12338281894335523,0.021643342384777498,0.07991569914156571
VAUX_s42,L4_G03_b3_k147,L4_G03,P0,L4,0.06485839665859985,0.08288311464059495,0.0641143348392009,0.036568747572163884,0.059080036601266706,0.1405059441603953,0.06720341547043063,0.03201698142402165,0.00616944598164082,0.029207752115326002,0.034035237342322944
VAUX_s42,L4_G03_b3_k189,L4_G03,P0,L4,0.016933626153083893,0.01784952588632419,0.013680324202481432,0.03418202105650647,0.04563335629801468,0.0037173950258875266,0.015503882706980221,0.030244204863265622,0.005400796972026001,0.003564265964087099,0.06877041348343482
VAUX_s42,L4_G03_b3_k231,L4_G03,P0,L4,0.012912264589707397,0.012134257791815319,0.0075127346795771125,0.009400527529896063,0.0042012472541952395,0.022552994574652985,0.011392924730898812,0.07583321848505875,0.022719158681866247,0.0068997664711787365,0.04482500864105532
VAUX_s42,L4_G03_b3_k030,L4_G03,P0,L4,0.01733783870641251,0.051240966785075906,0.022796217801098383,0.028659512757985672,0.013987367682056995,0.1377103397535393,0.12151669824379496,0.17233319752267562,0.24875986855477095,0.3716941900202073,0.13758422946557403
VAUX_s42,L4_G04_b0_k020,L4_G04,P0,L4,0.020296045957947362,0.020051001081529237,0.021480244469880307,0.027309214405432325,0.03756640652632148,0.01708503032568842,0.06294283826719038,0.09283513177069835,0.10265191927464912,0.021577057530521415,0.08442824972553353
VAUX_s42,L4_G04_b0_k062,L4_G04,P0,L4,0.08654659955941636,0.03743582537605549,0.04444459857792453,0.09819053615501527,0.1262634868100565,0.0005311846398399211,0.012027972014038824,0.38093156449031085,0.03058075887747691,0.020048314618179575,0.09442886826582253
VAUX_s42,L4_G04_b0_k104,L4_G04,P0,L4,0.07361371339575042,0.07340461349532247,0.06298060342665546,0.06542926805559501,0.10071673533166114,0.1440500540775247,0.11936092099858797,0.03528151355567388,0.09439469223434571,0.039145807386375964,0.14222024858463556
VAUX_s42,L4_G04_b0_k147,L4_G04,P0,L4,0.0557984571563805,0.11130639022184945,0.053764097150809986,0.06198837260135237,0.1188269094215082,0.046661559608764946,0.03674769338431361,0.07758330028445926,0.10436432855203748,0.0317619196321175,0.08512223089928739
VAUX_s42,L4_G04_b0_k189,L4_G04,P0,L4,0.019475793962345066,0.029271296114754104,0.021962484032521816,0.010894234732178543,0.0006987649128200601,0.023428446977050044,0.010622918540320825,0.04107718106388347,0.010326447532861494,0.021460894888150506,0.00900985880434746
VAUX_s42,L4_G04_b0_k231,L4_G04,P0,L4,0.005660658679772604,0.009548721702403524,0.00643859651019883,0.0013861847410674422,0.003467522742221174,0.005023211939260364,0.016971066692349268,0.09545057460127282,0.002970083660329692,0.021561239453149028,0.06979282194879488
VAUX_s42,L4_G04_b0_k030,L4_G04,P0,L4,0.08220677208196799,0.06990942355919609,0.06376231693942587,0.062038033713224916,0.10245055865061614,0.05203612046898343,0.12652308930410072,0.033774643277865835,0.023954646712809335,0.03581424920412246,0.23915875697275624
VAUX_s42,L4_G04_b1_k020,L4_G04,P1,L4,0.05525220134748548,0.10997994038811813,0.044867344103482795,0.12005308745829213,0.0878821360281572,0.27834916167012125,0.013476430762239033,0.3516083690337837,0.19896764107397757,0.10813243442680687,0.4196143149747513
VAUX_s42,L4_G04_b1_k062,L4_G04,P1,L4,0.007352566489189846,0.11850971147944027,0.062321525653688405,0.0772433238811181,0.07083587500741784,0.09229019278609485,0.10974417749093845,0.19473370898049325,0.10024995317144203,0.24375806268653832,0.5391586271180131
VAUX_s42,L4_G04_b1_k104,L4_G04,P1,L4,0.10400605270556487,0.32387334912011556,0.13784063032396218,0.006911961374192366,0.09267041089193562,0.12141231063287705,0.012604636724063312,0.10573420743457973,0.25239979883190244,0.0032372111832046357,0.016033582447562367
VAUX_s42,L4_G04_b1_k147,L4_G04,P1,L4,0.2487457270081335,0.14282784866220152,0.16451317042175503,0.13548218638316034,0.1501970098544918,0.3972243744210573,0.10136120714014396,0.08889596129301935,0.09071897287503816,0.09258404240245,0.18818085486418568
VAUX_s42,L4_G04_b1_k189,L4_G04,P1,L4,0.028629916311991382,0.03290141521835807,0.03123817398639698,0.06526704565242225,0.06653545582851139,0.027818384383863304,0.00672964545810828,0.005094188170915004,0.015615772441378795,0.062327815023309086,0.00906493645743467
VAUX_s42,L4_G04_b1_k231,L4_G04,P1,L4,0.0073388977525968005,0.01616539685107246,0.010338223533815447,0.002358242651996134,0.004475896589053896,0.005849954584846273,0.020983665963285603,0.0911436186361243,0.005659947022650158,0.021264076898660278,0.06021287558542099
VAUX_s42,L4_G04_b1_k030,L4_G04,P1,L4,0.02407817883311819,0.12201267744870188,0.06919364990416436,0.17411969564982277,0.08155372827059448,0.202504412853159,0.17240615120681468,0.7137140406412072,0.1687295930678374,0.03207683557593555,0.6209644710179418
VAUX_s42,L4_G04_b2_k020,L4_G04,P2,L4,0.05801491177900469,0.10962259508176793,0.05309588070514235,0.006315741355773508,0.02996992100770335,0.06566979791386984,0.030974139168392867,0.10198931221384555,0.10022720729466528,0.04644963121972978,0.24869331438094378
VAUX_s42,L4_G04_b2_k062,L4_G04,P2,L4,0.048329785093225705,0.14473389451296403,0.0665423573489066,0.037591315717145246,0.03323656988650381,0.07261008882778697,0.2014487057167571,0.06621239916421473,0.06841930479276925,0.01561162288999185,0.004864814109168947
VAUX_s42,L4_G04_b2_k104,L4_G04,P2,L4,0.06392023328894478,0.14634776565696855,0.07307740898760551,0.006384089482888822,0.06367110199644377,0.07651525959954597,0.029335867671761662,0.06473100499715656,0.03677897364832461,0.019371377013158053,0.1318399672745727
VAUX_s42,L4_G04_b2_k147,L4_G04,P2,L4,0.09597225070000265,0.11540047572683716,0.08719274030118032,0.002337344325495927,0.05734202162398061,0.08010444979299791,0.010042250505648553,0.1469935614732094,0.009821170722716488,0.06386668193590594,0.03309723237180151
VAUX_s42,L4_G04_b2_k189,L4_G04,P2,L4,0.04049986092684774,0.030017959996524145,0.038459166060307005,0.009173272728525639,0.015614210279158325,0.08230152739270125,0.028143699088104768,0.04495904361101566,0.020491080511419568,0.006214268409166834,0.03132392522456939
VAUX_s42,L4_G04_b2_k231,L4_G04,P2,L4,0.0037502190476689664,0.0115128533204205,0.007367781137865801,0.005363564197295778,0.011964661249794784,0.007379903723631287,0.018584117951832013,0.0851695180972456,0.004741349715914112,0.0220683603802172,0.06090546386985807
VAUX_s42,L4_G04_b2_k030,L4_G04,P2,L4,0.02222277184126933,0.16887389018364563,0.05632860269799489,0.012697959945215942,0.048446602593139154,0.11043502972461283,0.10695040534483269,0.2376271600369364,0.018903686141129583,0.04874121100874618,0.1977344442420872
VAUX_s42,L4_G04_b3_k020,L4_G04,P0,L4,0.020296045957947362,0.020051001081529237,0.021480244469880307,0.027309214405432325,0.03756640652632148,0.01708503032568842,0.06294283826719038,0.09283513177069835,0.10265191927464912,0.021577057530521415,0.08442824972553353
VAUX_s42,L4_G04_b3_k062,L4_G04,P0,L4,0.08654659955941636,0.03743582537605549,0.04444459857792453,0.09819053615501527,0.1262634868100565,0.0005311846398399211,0.012027972014038824,0.38093156449031085,0.03058075887747691,0.020048314618179575,0.09442886826582253
VAUX_s42,L4_G04_b3_k104,L4_G04,P0,L4,0.07361371339575042,0.07340461349532247,0.06298060342665546,0.06542926805559501,0.10071673533166114,0.1440500540775247,0.11936092099858797,0.03528151355567388,0.09439469223434571,0.039145807386375964,0.14222024858463556
VAUX_s42,L4_G04_b3_k147,L4_G04,P0,L4,0.0557984571563805,0.11130639022184945,0.053764097150809986,0.06198837260135237,0.1188269094215082,0.046661559608764946,0.03674769338431361,0.07758330028445926,0.10436432855203748,0.0317619196321175,0.08512223089928739
VAUX_s42,L4_G04_b3_k189,L4_G04,P0,L4,0.019475793962345066,0.029271296114754104,0.021962484032521816,0.010894234732178543,0.0006987649128200601,0.023428446977050044,0.010622918540320825,0.04107718106388347,0.010326447532861494,0.021460894888150506,0.00900985880434746
VAUX_s42,L4_G04_b3_k231,L4_G04,P0,L4,0.005660658679772604,0.009548721702403524,0.00643859651019883,0.0013861847410674422,0.003467522742221174,0.005023211939260364,0.016971066692349268,0.09545057460127282,0.002970083660329692,0.021561239453149028,0.06979282194879488
VAUX_s42,L4_G04_b3_k030,L4_G04,P0,L4,0.08220677208196799,0.06990942355919609,0.06376231693942587,0.062038033713224916,0.10245055865061614,0.05203612046898343,0.12652308930410072,0.033774643277865835,0.023954646712809335,0.03581424920412246,0.23915875697275624
VAUX_s42,L4_G05_b0_k020,L4_G05,P0,L4,0.029477258434234533,0.062295352361679435,0.04865338502575066,0.014943426143236405,0.05918338667647749,0.12775114629039308,0.09688794548856094,0.013382943288888782,0.24461256456561387,0.06904265718367242,0.004177764567430131
VAUX_s42,L4_G05_b0_k062,L4_G05,P0,L4,0.0386422777585825,0.0640741674305085,0.04462318674161664,0.10554488617035584,0.08691650452837951,0.05984519132471178,0.07735984501778148,0.20936604496091604,0.020529978537524585,0.018878393166232854,0.07479285169392824
VAUX_s42,L4_G05_b0_k104,L4_G05,P0,L4,0.04989125843500674,0.05372319693688032,0.03827047571892035,0.04347021344888313,0.09944622585325469,0.013692744792933809,0.08580164682643954,0.12011495088518132,0.06205301999580115,0.03799783769864007,0.0038738502880732995
VAUX_s42,L4_G05_b0_k147,L4_G05,P0,L4,0.03702179650170757,0.09563124761663362,0.03658330049364211,0.0179770357847695,0.08207638870217071,0.003640771275968291,0.060587132815271616,0.21944686805363744,0.0015622865103068762,0.11140838725259528,0.11652349832002074
VAUX_s42,L4_G05_b0_k189,L4_G05,P0,L4,0.0404462961456531,0.03707745926698967,0.03451651779543335,0.015048310207117055,0.004084192379162133,0.010489290856639855,0.034990780342923244,0.025588972901459783,0.028463992384786252,0.038968161501543364,0.05537745873152744
VAUX_s42,L4_G05_b0_k231,L4_G05,P0,L4,0.019508470750285917,0.01820736238291253,0.01518218684330166,0.01204038695018328,0.004229742435426953,0.0016024153592297807,0.002430017248116201,0.03446559984149644,0.009782767952856375,0.011202754463738529,0.01205389646202093
VAUX_s42,L4_G05_b0_k030,L4_G05,P0,L4,0.14554000268495124,0.09304231872326033,0.09464962816431248,0.027543241649891304,0.10135603385356262,0.15383145806845278,0.03885740633268142,0.14341482346935663,0.05140695293084718,0.05601268027021433,0.015030850132461637
VAUX_s42,L4_G05_b1_k020,L4_G05,P1,L4,0.13186445440926034,0.06794131713157002,0.08683510124818465,0.007184546877759601,0.06576497389732872,0.13001017412170768,0.1719003131001955,0.04370702958476613,0.047576796234352514,0.07357303940807469,0.06462096446193755
VAUX_s42,L4_G05_b1_k062,L4_G05,P1,L4,0.04719238471830174,0.3627667994878903,0.10879755130846132,0.26845901350497936,0.30451484695556585,0.038436582195572555,0.14019142444885802,0.134277304954594,0.3101046939846128,0.18874998760293238,0.15585646458202973
VAUX_s42,L4_G05_b1_k104,L4_G05,P1,L4,0.18551223577422807,0.36162686510607195,0.20620647184710356,0.22324490847968237,0.2783960823888716,0.053603667838615365,0.018478271376807243,0.1786018845741637,0.11415710119763389,0.0006290254787018057,0.3940680877713021
VAUX_s42,L4_G05_b1_k147,L4_G05,P1,L4,0.09407141676376182,0.19757537834318692,0.09236890086884389,0.0594167470094078,0.07645615031627262,0.08639195824798662,0.06475977413356304,0.2374820164986886,0.25200632552150637,0.09396906098845648,0.2993832699721679
VAUX_s42,L4_G05_b1_k189,L4_G05,P1,L4,0.08238008732147885,0.10835511874966335,0.08077899713511934,0.04240995067893927,0.06295973356900575,0.017112054887547856,0.019991591543657705,0.04657363299338613,0.014021923684595095,0.012256127098225988,0.033113400502770673
VAUX_s42,L4_G05_b1_k231,L4_G05,P1,L4,0.023418804714124244,0.024345173349893355,0.016889011996074794,0.01657509683653835,0.007413503100529795,0.000795075306086801,0.006084620392357465,0.043695276384823956,0.013970750853331992,0.014032167771802051,0.019563023866794538
VAUX_s42,L4_G05_b1_k030,L4_G05,P1,L4,0.06119336413811427,0.18233123352424271,0.08709243629211581,0.09147019071510076,0.06412854479009056,0.01495451809023507,0.23854241223307326,0.24692924215923995,0.2704305789084174,0.016815969276649412,0.13653774821432307
VAUX_s42,L4_G05_b2_k020,L4_G05,P2,L4,0.13516418035475503,0.08622266483215782,0.09963194232566858,0.002117896028996036,0.00014808224959539373,0.0018512161914259195,0.023287259304197505,0.16582361643668264,0.13381569337798283,0.029191290552262217,0.05096423116629012
VAUX_s42,L4_G05_b2_k062,L4_G05,P2,L4,0.10289237476630408,0.11129612042986917,0.09531337615471122,0.15123842257980868,0.13524070576913738,0.06699814484454691,0.22914601463708095,0.1093196514993906,0.1535433090175502,0.043305183411575854,0.08894635335309431
VAUX_s42,L4_G05_b2_k104,L4_G05,P2,L4,0.10449226828625138,0.11050295800046415,0.07696879108154539,0.09435879482198217,0.08263029642250785,0.1215456448844634,0.08200541191035882,0.002597173472167924,0.018270228058099747,0.03891469654627144,0.30629353495896794
VAUX_s42,L4_G05_b2_k147,L4_G05,P2,L4,0.3528664070014835,0.42815415278668745,0.30872913445863925,0.07863136688114292,0.1502051045300843,0.12058835692005232,0.23467168834758922,0.46658226888393983,0.03300292489075218,0.08820588697199128,0.018863107878132723
VAUX_s42,L4_G05_b2_k189,L4_G05,P2,L4,0.01604900123806508,0.0321655516895229,0.01949260992734861,0.031266117676501004,0.038727414286972905,0.02171926426672144,0.008429832887486555,0.02348027695552446,0.01853644624861772,0.0005893902489333414,0.019089024910499575
VAUX_s42,L4_G05_b2_k231,L4_G05,P2,L4,0.020135295419754718,0.020463804742728457,0.01596485502943904,0.01672789846692302,0.003970799687465831,0.0004571394601953216,0.009191242716042325,0.04033244984020712,0.017338302826829022,0.01335759860012331,0.021806942007970065
VAUX_s42,L4_G05_b2_k030,L4_G05,P2,L4,0.14739069343130648,0.28313603765160883,0.1488277395862952,0.10223699145972365,0.03753486786554516,0.05695149771054275,0.0737556818057783,0.20194615772925317,0.11589587584603578,0.2546309183817357,0.2476486000814475
VAUX_s42,L4_G05_b3_k020,L4_G05,P0,L4,0.029477258434234533,0.062295352361679435,0.04865338502575066,0.014943426143236405,0.05918338667647749,0.12775114629039308,0.09688794548856094,0.013382943288888782,0.24461256456561387,0.06904265718367242,0.004177764567430131
VAUX_s42,L4_G05_b3_k062,L4_G05,P0,L4,0.0386422777585825,0.0640741674305085,0.04462318674161664,0.10554488617035584,0.08691650452837951,0.05984519132471178,0.07735984501778148,0.20936604496091604,0.020529978537524585,0.018878393166232854,0.07479285169392824
VAUX_s42,L4_G05_b3_k104,L4_G05,P0,L4,0.04989125843500674,0.05372319693688032,0.03827047571892035,0.04347021344888313,0.09944622585325469,0.013692744792933809,0.08580164682643954,0.12011495088518132,0.06205301999580115,0.03799783769864007,0.0038738502880732995
VAUX_s42,L4_G05_b3_k147,L4_G05,P0,L4,0.03702179650170757,0.09563124761663362,0.03658330049364211,0.0179770357847695,0.08207638870217071,0.003640771275968291,0.060587132815271616,0.21944686805363744,0.0015622865103068762,0.11140838725259528,0.11652349832002074
VAUX_s42,L4_G05_b3_k189,L4_G05,P0,L4,0.0404462961456531,0.03707745926698967,0.03451651779543335,0.015048310207117055,0.004084192379162133,0.010489290856639855,0.034990780342923244,0.025588972901459783,0.028463992384786252,0.038968161501543364,0.05537745873152744
VAUX_s42,L4_G05_b3_k231,L4_G05,P0,L4,0.019508470750285917,0.01820736238291253,0.01518218684330166,0.01204038695018328,0.004229742435426953,0.0016024153592297807,0.002430017248116201,0.03446559984149644,0.009782767952856375,0.011202754463738529,0.01205389646202093
VAUX_s42,L4_G05_b3_k030,L4_G05,P0,L4,0.14554000268495124,0.09304231872326033,0.09464962816431248,0.027543241649891304,0.10135603385356262,0.15383145806845278,0.03885740633268142,0.14341482346935663,0.05140695293084718,0.05601268027021433,0.015030850132461637
VAUX_s42,L4_G06_b0_k020,L4_G06,P0,L4,0.04705794348930752,0.0615850996987823,0.049427088647641566,0.010556433385046304,0.026539840265741965,0.0798499930278922,0.1290345739980694,0.09262060129549354,0.0805415682043531,0.004509897844400257,0.04630511929281056
VAUX_s42,L4_G06_b0_k062,L4_G06,P0,L4,0.05373999485709335,0.030431024670365174,0.032075015727786385,0.016869274713827487,0.27003080673675806,0.005368391844967846,0.07042707171058282,0.13643741596024483,0.041927629710698966,0.06381727840300755,0.6007370208390057
VAUX_s42,L4_G06_b0_k104,L4_G06,P0,L4,0.042608189504545965,0.01885264363421766,0.04844419183091671,0.026167812247173572,0.02411011972278887,0.09704427441465668,0.07643145899419324,0.05410731561551074,0.07406623887072783,0.1704348311177455,0.04097364086192101
VAUX_s42,L4_G06_b0_k147,L4_G06,P0,L4,0.0235199206989541,0.06568246432280601,0.03457813579751236,0.055625365785963776,0.008241576409491191,0.010685656143323286,0.010794852394610643,0.09190975385718048,0.00039061272764229216,0.08699383831117302,0.005130385863594711
VAUX_s42,L4_G06_b0_k189,L4_G06,P0,L4,0.03099151855933325,0.04264852584724112,0.02659757432632872,0.05745692173432948,0.023498761375695842,0.011298953482764773,0.025516005480312742,0.04220421731588431,0.027381965635868255,0.00363623440352967,0.08534952376794536
VAUX_s42,L4_G06_b0_k231,L4_G06,P0,L4,0.00433718944925768,0.01493186281056895,0.009286589920543896,0.007907111569034786,0.02682235232458785,0.00344855189541704,0.036532369940687204,0.07959161756298272,0.002561643697845284,0.05110205268647405,0.005242494087724481
VAUX_s42,L4_G06_b0_k030,L4_G06,P0,L4,0.05745157844501736,0.048748373489736346,0.04553836126224361,0.02621802115245364,0.014016825753060846,0.04698731707321713,0.15172157167398836,0.14508030633442104,0.02338991356009501,0.19991564340307377,0.6268379568355158
VAUX_s42,L4_G06_b1_k020,L4_G06,P1,L4,0.10247257462923583,0.15356784946496532,0.06522186853430487,0.05195255529399523,0.09001269028765213,0.010365617097704671,0.07357182711712085,0.2602255959172908,0.009285436943173409,0.03492921588531317,0.13719566323561594
VAUX_s42,L4_G06_b1_k062,L4_G06,P1,L4,0.12939152631139772,0.2466747936791213,0.1317964488833186,0.04294810608321242,0.08200265545075514,0.11619057413190603,0.027062454028055072,0.1151758911437355,0.30142827361123636,0.01790003188943956,0.35921152468654327
VAUX_s42,L4_G06_b1_k104,L4_G06,P1,L4,0.1081062225275813,0.32787072055383887,0.14744040378898532,0.08127583402929384,0.12360140501223338,0.21394054469419643,0.18913776203407906,0.12163026991765946,0.07024739208281972,0.060232880805415334,0.06303167407168075
VAUX_s42,L4_G06_b1_k147,L4_G06,P1,L4,0.07450795678915599,0.23969067873060174,0.10127899014499242,0.12724852602041148,0.21800619815985423,0.1519110237422865,0.0990374539833283,0.05459968198556453,0.20915076683741063,0.0631546957010869,0.1499797042051796
VAUX_s42,L4_G06_b1_k189,L4_G06,P1,L4,0.02731409235392288,0.021433305789745814,0.019422498488797214,0.0040779734534237555,0.00035318077698409667,0.03259411120416189,0.01929392563761212,0.04286415231763385,0.00614018655687687,0.007582851620099973,0.06312358056311496
VAUX_s42,L4_G06_b1_k231,L4_G06,P1,L4,0.009994580131857937,0.007152045990716642,0.010133346081916,0.009977709545269331,0.004320894244547624,0.001329985876509454,0.018632304039783776,0.07697772742176312,0.00994224918395048,0.04581583115214016,0.022104909941845108
VAUX_s42,L4_G06_b1_k030,L4_G06,P1,L4,0.05370476683617285,0.1491964564604984,0.08052387308533968,0.00986700572307031,0.11082254322741303,0.15765853435732424,0.3431555380084319,0.22555774595821276,0.20260404725559056,0.2692843283730326,0.2968524119351059
VAUX_s42,L4_G06_b2_k020,L4_G06,P2,L4,0.04034513031281209,0.07561028447478405,0.04817257698339565,0.003182120348243167,0.040591366039621324,0.07126263921963982,0.11296051618410274,0.0999863890465349,0.08264585112920031,0.05021824617870152,0.03658908454235643
VAUX_s42,L4_G06_b2_k062,L4_G06,P2,L4,0.07424782726396066,0.16681103249606397,0.08572046014878701,0.10940193538699416,0.022640254431460338,0.009608203457901254,0.03580947937734891,0.12529714521951973,0.04094752512173727,0.06933722583926283,0.2278931352775544
VAUX_s42,L4_G06_b2_k104,L4_G06,P2,L4,0.16692280713526442,0.16000453170294235,0.09869135155618722,0.04073453838464225,0.011921691662062361,0.01853542006574571,0.043468579431646504,0.14953558886190876,0.03954090300248936,0.14848815579898655,0.05312945297919214
VAUX_s42,L4_G06_b2_k147,L4_G06,P2,L4,0.18948228908555062,0.2650815863764168,0.1786541671321964,0.031094403190877973,0.003192774056157699,0.11313525040168315,0.0915755209280178,0.05841452884487808,0.026314611146517564,0.06049042172526242,0.02011205372400582
VAUX_s42,L4_G06_b2_k189,L4_G06,P2,L4,0.037816797719436246,0.02166088283890558,0.02949608422679826,0.006687904083269913,0.0051428895303549105,0.028945339792699087,0.004691862006438896,0.010044145419669803,0.02411743954871781,0.05974025836803776,0.05721865055238595
VAUX_s42,L4_G06_b2_k231,L4_G06,P2,L4,0.0016580402886893944,0.01414260322188038,0.006984676981431024,0.009538719251235062,0.02691374412618197,0.0080825247168832,0.03241591635742225,0.07886477362626465,0.003896637848811224,0.04803302181244362,0.016422963610239094
VAUX_s42,L4_G06_b2_k030,L4_G06,P2,L4,0.08814811263196637,0.1010445607474855,0.07912173931871062,0.10356780051370285,0.13556835818544855,0.033631735073868185,0.11737958883168176,0.04492211854085326,0.14256833994295448,0.36328291521385836,0.724801105199731
VAUX_s42,L4_G06_b3_k020,L4_G06,P0,L4,0.04705794348930752,0.0615850996987823,0.049427088647641566,0.010556433385046304,0.026539840265741965,0.0798499930278922,0.1290345739980694,0.09262060129549354,0.0805415682043531,0.004509897844400257,0.04630511929281056
VAUX_s42,L4_G06_b3_k062,L4_G06,P0,L4,0.05373999485709335,0.030431024670365174,0.032075015727786385,0.016869274713827487,0.27003080673675806,0.005368391844967846,0.07042707171058282,0.13643741596024483,0.041927629710698966,0.06381727840300755,0.6007370208390057
VAUX_s42,L4_G06_b3_k104,L4_G06,P0,L4,0.042608189504545965,0.01885264363421766,0.04844419183091671,0.026167812247173572,0.02411011972278887,0.09704427441465668,0.07643145899419324,0.05410731561551074,0.07406623887072783,0.1704348311177455,0.04097364086192101
VAUX_s42,L4_G06_b3_k147,L4_G06,P0,L4,0.0235199206989541,0.06568246432280601,0.03457813579751236,0.055625365785963776,0.008241576409491191,0.010685656143323286,0.010794852394610643,0.09190975385718048,0.00039061272764229216,0.08699383831117302,0.005130385863594711
VAUX_s42,L4_G06_b3_k189,L4_G06,P0,L4,0.03099151855933325,0.04264852584724112,0.02659757432632872,0.05745692173432948,0.023498761375695842,0.011298953482764773,0.025516005480312742,0.04220421731588431,0.027381965635868255,0.00363623440352967,0.08534952376794536
VAUX_s42,L4_G06_b3_k231,L4_G06,P0,L4,0.00433718944925768,0.01493186281056895,0.009286589920543896,0.007907111569034786,0.02682235232458785,0.00344855189541704,0.036532369940687204,0.07959161756298272,0.002561643697845284,0.05110205268647405,0.005242494087724481
VAUX_s42,L4_G06_b3_k030,L4_G06,P0,L4,0.05745157844501736,0.048748373489736346,0.04553836126224361,0.02621802115245364,0.014016825753060846,0.04698731707321713,0.15172157167398836,0.14508030633442104,0.02338991356009501,0.19991564340307377,0.6268379568355158
VAUX_s42,L4_G07_b0_k020,L4_G07,P0,L4,0.044745258322134066,0.04413429922125484,0.035636114537080335,0.01027054420587703,0.07686703553722385,0.015184912488621194,0.04088444398621505,0.12610925291664898,0.03503128748911877,0.04248734537395649,0.017252567515242845
VAUX_s42,L4_G07_b0_k062,L4_G07,P0,L4,0.14139949543959043,0.20794087767973465,0.12454211924734859,0.06544469187379187,0.08526108657192832,0.08226425231987378,0.019080729049164802,0.10703081043902785,0.05531631722988095,0.07971070421626791,0.08347670658258721
VAUX_s42,L4_G07_b0_k104,L4_G07,P0,L4,0.0710739860461469,0.10518673386440501,0.09825096607398144,0.12030182596063144,0.1243506314419256,0.004125465311517473,0.2654088956187479,0.11229799039574573,0.11276405716489535,0.08939820164232515,0.03729107243998442
VAUX_s42,L4_G07_b0_k147,L4_G07,P0,L4,0.0643712157127565,0.05317210552315876,0.03675946095121595,0.03541855715841402,0.05402522885371974,0.09947321505751461,0.09550842165481299,0.02606672968249768,0.06874548524501733,0.12055603071348742,0.0488422533380799
VAUX_s42,L4_G07_b0_k189,L4_G07,P0,L4,0.020095909889308324,0.04012444613446721,0.023217571066264615,0.026254800433911818,0.03582831466258041,0.020000192111183424,0.004589096086419886,0.003171020121953916,0.04403862029539596,0.033895567612489685,0.12289252772097825
VAUX_s42,L4_G07_b0_k231,L4_G07,P0,L4,0.013066552833106454,0.008752924847583755,0.010127284910258093,0.031222412621848772,0.012798132847790633,0.0024708376404305454,0.024115251551847905,0.01516500006255228,0.0014407370799744967,0.001084752584574744,0.09573484726934112
VAUX_s42,L4_G07_b0_k030,L4_G07,P0,L4,0.06747076481794244,0.16140921285700088,0.06164897135685181,0.09468088021058074,0.03999006494523183,0.005615033502181177,0.12765087655861862,0.21032449475023896,0.20407482780865394,0.20338685569004156,0.31900961344945244
VAUX_s42,L4_G07_b1_k020,L4_G07,P1,L4,0.15665874836358692,0.14289250001405712,0.11815776353883231,0.03206514733592547,0.028183866156359372,0.3621650315617444,0.01092107260319608,0.1399182343739085,0.051374335067521315,0.16236379131441936,0.11060630675638095
VAUX_s42,L4_G07_b1_k062,L4_G07,P1,L4,0.20935664036460566,0.14733902607151264,0.17427510726501189,0.035741871343087706,0.032390107933884416,0.040929798531578854,0.1376725960872136,0.0077600355798495,0.04100037843090831,0.1642842629516963,0.36465664010029286
VAUX_s42,L4_G07_b1_k104,L4_G07,P1,L4,0.14636323869908058,0.33941117033404306,0.15992610833219217,0.17220704478843296,0.313079842770309,0.032120298594236374,0.10009596744203009,0.2566921027028002,0.21400869643548504,0.015425317665176408,0.21703849598998204
VAUX_s42,L4_G07_b1_k147,L4_G07,P1,L4,0.12775332110576149,0.34200801082496257,0.13010368536846512,0.24903132203689937,0.3549225484373894,0.017146627549664117,0.06829007840133272,0.04244402551557869,0.09760069999174448,0.11977255827514455,0.25620660959975794
VAUX_s42,L4_G07_b1_k189,L4_G07,P1,L4,0.033801259973085765,0.04922091613981573,0.03530453089493328,0.06103619390020176,0.06557840457295455,0.018914944579591975,0.009611973655410111,0.00273596569604706,0.028440391448384617,0.05043280385871185,0.09833187566255219
VAUX_s42,L4_G07_b1_k231,L4_G07,P1,L4,0.015742568622446673,0.0153117611252836,0.01235346131855551,0.04631194726190413,0.03905843762319139,0.00216972416092176,0.032522841520403745,0.0019161087457177928,0.003975652569351951,0.005573459355218802,0.08212180369446287
VAUX_s42,L4_G07_b1_k030,L4_G07,P1,L4,0.23075601803711807,0.01453898221945937,0.15438380656801629,0.06867232255376132,0.19479014750672352,0.19993842649273574,0.3602634868293535,0.17784976115217432,0.1958371437212918,0.16063454418326728,0.30904231991735287
VAUX_s42,L4_G07_b2_k020,L4_G07,P2,L4,0.03757511050172527,0.10885176059517761,0.046063434320943966,0.0034247577692734232,0.03920294690393966,0.10989999791490845,0.05543362692696974,0.0846250121248886,0.04477858857717365,0.02043966337805614,0.10895560245262459
VAUX_s42,L4_G07_b2_k062,L4_G07,P2,L4,0.1416068882118902,0.18036879236027392,0.12018828411331288,0.041294514537002946,0.023133708914246487,0.2680227176460903,0.015587188769131899,0.33013923099497333,0.1860789821948856,0.15439289662754163,0.05516770272515714
VAUX_s42,L4_G07_b2_k104,L4_G07,P2,L4,0.05817888946054286,0.12256128595619514,0.0637489353972058,0.07781849788079853,0.17170894884730004,0.03557040193118155,0.1294359969906509,0.21780226577538997,0.06403066217899323,0.07259392214473337,0.09609060292132199
VAUX_s42,L4_G07_b2_k147,L4_G07,P2,L4,0.03470103487743587,0.0638179336186289,0.04252791151296677,0.008429574801995354,0.028033775397376504,0.003040480602066964,0.09629079699516296,0.30521086999215186,0.03228236570794252,0.0055974340975808445,0.00484791836788645
VAUX_s42,L4_G07_b2_k189,L4_G07,P2,L4,0.010291154268673487,0.023841452800699787,0.01078498578394028,0.0024495500044590113,0.010993970383807117,0.02277799943840364,0.005719634784327354,0.03519794227031525,0.0010705770982895046,0.053725920246506575,0.1197365806583548
VAUX_s42,L4_G07_b2_k231,L4_G07,P2,L4,0.0165402061606777,0.013650074564702127,0.01371365063327542,0.029445650552486935,0.011736289582348514,0.004357607082056347,0.02258043682013522,0.013721589108172338,0.005215103290538536,0.0022030035470379516,0.0942204704224423
VAUX_s42,L4_G07_b2_k030,L4_G07,P2,L4,0.014176114169586362,0.17283350272393685,0.05996368304790647,0.06913355717770164,0.11514670495589563,0.006642158376052976,0.08359149825992063,0.027260929462499917,0.05314232822274789,0.06762656013597734,0.2814051596214995
VAUX_s42,L4_G07_b3_k020,L4_G07,P0,L4,0.044745258322134066,0.04413429922125484,0.035636114537080335,0.01027054420587703,0.07686703553722385,0.015184912488621194,0.04088444398621505,0.12610925291664898,0.03503128748911877,0.04248734537395649,0.017252567515242845
VAUX_s42,L4_G07_b3_k062,L4_G07,P0,L4,0.14139949543959043,0.20794087767973465,0.12454211924734859,0.06544469187379187,0.08526108657192832,0.08226425231987378,0.019080729049164802,0.10703081043902785,0.05531631722988095,0.07971070421626791,0.08347670658258721
VAUX_s42,L4_G07_b3_k104,L4_G07,P0,L4,0.0710739860461469,0.10518673386440501,0.09825096607398144,0.12030182596063144,0.1243506314419256,0.004125465311517473,0.2654088956187479,0.11229799039574573,0.11276405716489535,0.08939820164232515,0.03729107243998442
VAUX_s42,L4_G07_b3_k147,L4_G07,P0,L4,0.0643712157127565,0.05317210552315876,0.03675946095121595,0.03541855715841402,0.05402522885371974,0.09947321505751461,0.09550842165481299,0.02606672968249768,0.06874548524501733,0.12055603071348742,0.0488422533380799
VAUX_s42,L4_G07_b3_k189,L4_G07,P0,L4,0.020095909889308324,0.04012444613446721,0.023217571066264615,0.026254800433911818,0.03582831466258041,0.020000192111183424,0.004589096086419886,0.003171020121953916,0.04403862029539596,0.033895567612489685,0.12289252772097825
VAUX_s42,L4_G07_b3_k231,L4_G07,P0,L4,0.013066552833106454,0.008752924847583755,0.010127284910258093,0.031222412621848772,0.012798132847790633,0.0024708376404305454,0.024115251551847905,0.01516500006255228,0.0014407370799744967,0.001084752584574744,0.09573484726934112
VAUX_s42,L4_G07_b3_k030,L4_G07,P0,L4,0.06747076481794244,0.16140921285700088,0.06164897135685181,0.09468088021058074,0.03999006494523183,0.005615033502181177,0.12765087655861862,0.21032449475023896,0.20407482780865394,0.20338685569004156,0.31900961344945244
VAUX_s42,L5_G00_b0_k020,L5_G00,P0,L5,0.07367773350350484,0.14773454747503284,0.06962074265502174,0.01451395795476218,0.05559311740122652,0.16199173718632665,0.18994401309464592,0.0818522269037203,0.12804419967869762,0.05054306401871145,0.005937920621363446
VAUX_s42,L5_G00_b0_k062,L5_G00,P0,L5,0.12756410040171587,0.1367583190019641,0.10122605949084731,0.1257748081348864,0.07377979977103655,0.014665314403828233,0.0031808430758246686,0.1563238445087336,0.07275936362566426,0.0835251250591682,0.1476468734545051
VAUX_s42,L5_G00_b0_k104,L5_G00,P0,L5,0.020401514362791313,0.13527895917176527,0.04459937129966958,0.036672404839602546,0.042494804292303234,0.019546042021829635,0.058037550741573796,0.19047933696128894,0.13012044539209455,0.014398938619706314,0.06349753658287227
VAUX_s42,L5_G00_b0_k147,L5_G00,P0,L5,0.06961174139007285,0.11480780926551136,0.07053732481622355,0.056661068923858915,0.09033141451311666,0.07618596208340023,0.07815823124838062,0.005744063328165794,0.025274784335124423,0.002792687591863796,0.18389836186906905
VAUX_s42,L5_G00_b0_k189,L5_G00,P0,L5,0.010141763319591915,0.016655118667334354,0.009781325505771743,0.07312972989225819,0.12750939487164548,0.04148368565074634,0.011089137853559805,0.0005319863356589849,0.002466468715283554,0.019932313107347,0.05521860066073714
VAUX_s42,L5_G00_b0_k231,L5_G00,P0,L5,0.010434823223648504,0.003445694636679713,0.010107702501039442,0.010105421329024589,0.022146047937178892,0.01779677734884899,0.008130769878334831,0.024670160390087403,0.016035445289162453,0.01872866182384314,0.015521764791628812
VAUX_s42,L5_G00_b0_k030,L5_G00,P0,L5,0.04272808242998186,0.06382389839342553,0.029354763375147707,0.002861609984847302,0.025915832951795448,0.0980148083763197,0.061359455285128206,0.13223846902837977,0.20736255421070382,0.3555706157058012,0.17714348621666431
VAUX_s42,L5_G00_b1_k020,L5_G00,P1,L5,0.08940342489164926,0.0358867389548272,0.059437453057012944,0.061655971716094715,0.03350073814187793,0.051288895861944184,0.06718443227146054,0.2594943044241518,0.009041027253260836,0.12646528473123908,0.31580979778664187
VAUX_s42,L5_G00_b1_k062,L5_G00,P1,L5,0.08894116409175161,0.22893226812342185,0.11713817017190956,0.008742460521171669,0.06230332306004005,0.09742974447726738,0.015087239356944337,0.14885733020491898,0.31215491017974273,0.2361933349748142,0.05115492327604443
VAUX_s42,L5_G00_b1_k104,L5_G00,P1,L5,0.09509779099344391,0.2957404314072853,0.11259635823375638,0.10875281393316438,0.13777289560830486,0.09889535541879013,0.051582116197096184,0.17533949608332478,0.16529812471708283,0.19183264780440368,0.10264952892975998
VAUX_s42,L5_G00_b1_k147,L5_G00,P1,L5,0.22200788631583826,0.3682977284492796,0.20977430443732112,0.10224145689910502,0.15517859746142326,0.027161135600181296,0.12007936066947877,0.22778953742817976,0.12803823332069442,0.15756793291075155,0.12032202565751504
VAUX_s42,L5_G00_b1_k189,L5_G00,P1,L5,0.024338065893393004,0.02208235464714987,0.02179181537618295,0.03846396183839618,0.0193966081849557,0.03348958439892158,0.0004529406796791591,0.05092573353249463,0.005944224169070367,0.014688254177599447,0.04238771779637318
VAUX_s42,L5_G00_b1_k231,L5_G00,P1,L5,0.011687616596329942,0.007242529513720166,0.01141919138762033,0.006272207669704599,0.014445487967654103,0.022448114978033118,0.00011111701314803213,0.03794296238993411,0.01172892205795506,0.030777737862081267,0.00217180580511922
VAUX_s42,L5_G00_b1_k030,L5_G00,P1,L5,0.10655384739095375,0.07767369251839158,0.06356828360951097,0.013285451324919428,0.010096183052747065,0.20394168980419636,0.30821420426946133,0.21596353221684694,0.16744482223293744,0.3759459182037972,0.48307176341768354
VAUX_s42,L5_G00_b2_k020,L5_G00,P2,L5,0.013520478750719375,0.04450467212089268,0.0201808631868306,0.03855365812071376,0.025930537733279913,0.07125523907598108,0.07607013478991576,0.042557840584777296,0.05631464853649959,0.10503461401094683,0.08425163163337857
VAUX_s42,L5_G00_b2_k062,L5_G00,P2,L5,0.13454984673422649,0.22995119279570053,0.13725712886546018,0.060128480212006785,0.03809879814361983,0.1964874109835364,0.16783815785311162,0.06009917112533003,0.07288685021921992,0.06378763390239328,0.0055256919004023075
VAUX_s42,L5_G00_b2_k104,L5_G00,P2,L5,0.147498428474896,0.13577104144065116,0.12346551714518994,0.03809685142914443,0.09077964159969398,0.1826037765131332,0.20880803852924146,0.27393742301501334,0.005422595306299627,0.37192843518278096,0.09305851545650512
VAUX_s42,L5_G00_b2_k147,L5_G00,P2,L5,0.18712915649707496,0.2616419070720875,0.16661498988951956,0.0004451907065230465,0.016348462919654416,0.15007965508266352,0.03639259934425354,0.15583919594064355,0.045751820246323405,0.02220673743795487,0.0878202835447155
VAUX_s42,L5_G00_b2_k189,L5_G00,P2,L5,0.03334092599442209,0.03608051570958916,0.03275145822179557,0.017352594045749736,0.03902547138220913,0.060681479117192794,0.04849338255735347,0.06339529640536057,0.021937097524642013,0.03152846714147017,0.043879631706658984
VAUX_s42,L5_G00_b2_k231,L5_G00,P2,L5,0.010569340905955436,0.004291657072826856,0.009541403458429968,0.008630890691676885,0.005982656090361749,0.021065369131974876,0.0015815858787391335,0.035540778619179036,0.01069768220622791,0.035514574108674424,0.002532445050746901
VAUX_s42,L5_G00_b2_k030,L5_G00,P2,L5,0.07870353925387015,0.19454654448745867,0.08142174584865552,0.0832649934091032,0.11666532202216517,0.004900691274087876,0.0018167741363868117,0.012055270606651902,0.08615138352615759,0.20322212611790746,0.1512870864244178
VAUX_s42,L5_G00_b3_k020,L5_G00,P0,L5,0.07367773350350484,0.14773454747503284,0.06962074265502174,0.01451395795476218,0.05559311740122652,0.16199173718632665,0.18994401309464592,0.0818522269037203,0.12804419967869762,0.05054306401871145,0.005937920621363446
VAUX_s42,L5_G00_b3_k062,L5_G00,P0,L5,0.12756410040171587,0.1367583190019641,0.10122605949084731,0.1257748081348864,0.07377979977103655,0.014665314403828233,0.0031808430758246686,0.1563238445087336,0.07275936362566426,0.0835251250591682,0.1476468734545051
VAUX_s42,L5_G00_b3_k104,L5_G00,P0,L5,0.020401514362791313,0.13527895917176527,0.04459937129966958,0.036672404839602546,0.042494804292303234,0.019546042021829635,0.058037550741573796,0.19047933696128894,0.13012044539209455,0.014398938619706314,0.06349753658287227
VAUX_s42,L5_G00_b3_k147,L5_G00,P0,L5,0.06961174139007285,0.11480780926551136,0.07053732481622355,0.056661068923858915,0.09033141451311666,0.07618596208340023,0.07815823124838062,0.005744063328165794,0.025274784335124423,0.002792687591863796,0.18389836186906905
VAUX_s42,L5_G00_b3_k189,L5_G00,P0,L5,0.010141763319591915,0.016655118667334354,0.009781325505771743,0.07312972989225819,0.12750939487164548,0.04148368565074634,0.011089137853559805,0.0005319863356589849,0.002466468715283554,0.019932313107347,0.05521860066073714
VAUX_s42,L5_G00_b3_k231,L5_G00,P0,L5,0.010434823223648504,0.003445694636679713,0.010107702501039442,0.010105421329024589,0.022146047937178892,0.01779677734884899,0.008130769878334831,0.024670160390087403,0.016035445289162453,0.01872866182384314,0.015521764791628812
VAUX_s42,L5_G00_b3_k030,L5_G00,P0,L5,0.04272808242998186,0.06382389839342553,0.029354763375147707,0.002861609984847302,0.025915832951795448,0.0980148083763197,0.061359455285128206,0.13223846902837977,0.20736255421070382,0.3555706157058012,0.17714348621666431
VAUX_s42,L5_G01_b0_k020,L5_G01,P0,L5,0.06372588998562355,0.07812367559632433,0.05312134945155458,0.015457096309524854,0.006421085152610306,0.042971777758793905,0.07636324703344144,0.07502126958570443,0.07576539344154298,0.01716285890142899,0.09604058693730622
VAUX_s42,L5_G01_b0_k062,L5_G01,P0,L5,0.09795805140214517,0.04352726939564447,0.05457221922021767,0.09749150797433614,0.15654816588139475,0.00992117137502646,0.03215707288472913,0.41424430964980274,0.04575725706126832,0.008453495393041521,0.05151694512460381
VAUX_s42,L5_G01_b0_k104,L5_G01,P0,L5,0.09532212503767742,0.13877007677043782,0.08540678902852435,0.041193289982583536,0.09683630061317627,0.11520226713037118,0.08395288983410865,0.06678270638803951,0.1569477218145039,0.09096014717943035,0.01485197537112981
VAUX_s42,L5_G01_b0_k147,L5_G01,P0,L5,0.02059086205085807,0.061470970111415904,0.02528157777233845,0.026022586968700967,0.08571204338034599,0.042019925895147026,0.013057440773991402,0.0033432142809033394,0.07965808841981925,0.03479147169400676,0.009536510995530989
VAUX_s42,L5_G01_b0_k189,L5_G01,P0,L5,0.020782559610793352,0.04007374412271492,0.02342796444540996,0.01043592852097408,0.024468735006552222,0.022240920501644723,0.014415231202292489,0.05872703950444702,0.013730251856031828,0.03551149077975424,0.01732887206162559
VAUX_s42,L5_G01_b0_k231,L5_G01,P0,L5,0.005923206927731425,0.020503780488113955,0.00941934734186715,0.02102351174481676,0.03344693118873421,0.02614619287487585,0.009276032222260255,0.10061781956756022,0.010243163014820311,0.010924985730525805,0.06999049134174129
VAUX_s42,L5_G01_b0_k030,L5_G01,P0,L5,0.12378415613671152,0.09927789068678122,0.09797537480015281,0.028868524928379546,0.028231202853675086,0.14648082945495844,0.08995308715384454,0.023277382002561353,0.0032235219623544253,0.10176699484873097,0.14003607767517678
VAUX_s42,L5_G01_b1_k020,L5_G01,P1,L5,0.07130470348991609,0.12247704920187534,0.047914354164472144,0.12124568445233397,0.014019225812786917,0.17158961077529966,0.037669063109206036,0.21590805193409324,0.22784223867347464,0.0014959644031478092,0.22367844221298583
VAUX_s42,L5_G01_b1_k062,L5_G01,P1,L5,0.06565061957609182,0.1511274567280406,0.09091726776307477,0.06353484531198417,0.10781973119148835,0.0009966746965801576,0.07052918447880074,0.11531162273604423,0.10435780173429521,0.353704780631233,0.4180365407537465
VAUX_s42,L5_G01_b1_k104,L5_G01,P1,L5,0.08292236395162518,0.24855358350961737,0.10686640216477628,0.007844611459040918,0.11950954154217364,0.07854730472899973,0.043181830568755686,0.179012487991713,0.30245072121033445,0.03876822552410886,0.06624386098701507
VAUX_s42,L5_G01_b1_k147,L5_G01,P1,L5,0.2096524542564517,0.07298722572061302,0.12109130968007029,0.09230764452258888,0.059464444643344994,0.3443637885065982,0.13682108031935059,0.3076451570959762,0.15475480223540217,0.018156595586333424,0.1648542386974441
VAUX_s42,L5_G01_b1_k189,L5_G01,P1,L5,0.019715628277517973,0.011656303122557327,0.018641555669078658,0.03438205558677532,0.02678642566334022,0.015127905644476414,0.005598260257102083,0.009706219017971307,0.011403005089960061,0.045478341198759153,0.047692657506559044
VAUX_s42,L5_G01_b1_k231,L5_G01,P1,L5,0.011044615530357118,0.00887893200149142,0.006830226732619236,0.004464102821396088,0.010162056891033666,0.024965008149592904,0.016399680553149665,0.08142226367272087,0.013654953181685414,0.021017823779402534,0.08100803936395096
VAUX_s42,L5_G01_b1_k030,L5_G01,P1,L5,0.021101872125829823,0.08956923250790519,0.047300554760371184,0.2033400670718033,0.02875128049581477,0.19709156730823452,0.1295099637354724,0.794999969744822,0.10434043039640528,0.039465468151774985,0.7044062161585316
VAUX_s42,L5_G01_b2_k020,L5_G01,P2,L5,0.05843696704356964,0.14016670903188952,0.06140738256492183,0.0029493138040384004,0.06285380880663016,0.13338625762844458,0.06250740343239158,0.13849693327210844,0.054249984677881,0.05712566402507946,0.28868605359457433
VAUX_s42,L5_G01_b2_k062,L5_G01,P2,L5,0.04266968951791693,0.12637080963058814,0.0711278020851286,0.07900723751899941,0.022206044046651385,0.08661121065961197,0.3181989530858118,0.11293472978286445,0.020061011135112494,0.0671057187137194,0.0027802148833870888
VAUX_s42,L5_G01_b2_k104,L5_G01,P2,L5,0.06852551795329523,0.14867259851894504,0.07971541669421603,0.008454387642269356,0.024649039104405857,0.06516709527932107,0.018022058648057282,0.04789011040702462,0.03649312863126397,0.026537259866017848,0.059793178719701245
VAUX_s42,L5_G01_b2_k147,L5_G01,P2,L5,0.12449631061194856,0.16236720719037767,0.11310610165725017,0.02488982775939763,0.04027927483575722,0.12497799063567072,0.06727585557382554,0.2726219536853023,0.01873324585176306,0.01759595487965271,0.019055937074881513
VAUX_s42,L5_G01_b2_k189,L5_G01,P2,L5,0.018117045558038076,0.010803101445943925,0.014713951994589431,0.00934175725246833,0.00872987775619527,0.007449799639289267,0.027078145889390726,0.006920213058037916,0.015875086341111455,0.004934727257932536,0.023089466259989422
VAUX_s42,L5_G01_b2_k231,L5_G01,P2,L5,0.013285917296231029,0.016647705572300008,0.01176809692761894,0.0017573077659196468,0.00896113631725659,0.025686529435915872,0.015435845307365526,0.08403242172425962,0.010248024154861923,0.01795929476065794,0.07645343164040241
VAUX_s42,L5_G01_b2_k030,L5_G01,P2,L5,0.022441534602466732,0.2096659467652149,0.07234136749858593,0.0630126357282279,0.14481108308076518,0.05441767396405339,0.06925999210216105,0.2683008289895952,0.06044254562584683,0.03602478344691917,0.35144411365763517
VAUX_s42,L5_G01_b3_k020,L5_G01,P0,L5,0.06372588998562355,0.07812367559632433,0.05312134945155458,0.015457096309524854,0.006421085152610306,0.042971777758793905,0.07636324703344144,0.07502126958570443,0.07576539344154298,0.01716285890142899,0.09604058693730622
VAUX_s42,L5_G01_b3_k062,L5_G01,P0,L5,0.09795805140214517,0.04352726939564447,0.05457221922021767,0.09749150797433614,0.15654816588139475,0.00992117137502646,0.03215707288472913,0.41424430964980274,0.04575725706126832,0.008453495393041521,0.05151694512460381
VAUX_s42,L5_G01_b3_k104,L5_G01,P0,L5,0.09532212503767742,0.13877007677043782,0.08540678902852435,0.041193289982583536,0.09683630061317627,0.11520226713037118,0.08395288983410865,0.06678270638803951,0.1569477218145039,0.09096014717943035,0.01485197537112981
VAUX_s42,L5_G01_b3_k147,L5_G01,P0,L5,0.02059086205085807,0.061470970111415904,0.02528157777233845,0.026022586968700967,0.08571204338034599,0.042019925895147026,0.013057440773991402,0.0033432142809033394,0.07965808841981925,0.03479147169400676,0.009536510995530989
VAUX_s42,L5_G01_b3_k189,L5_G01,P0,L5,0.020782559610793352,0.04007374412271492,0.02342796444540996,0.01043592852097408,0.024468735006552222,0.022240920501644723,0.014415231202292489,0.05872703950444702,0.013730251856031828,0.03551149077975424,0.01732887206162559
VAUX_s42,L5_G01_b3_k231,L5_G01,P0,L5,0.005923206927731425,0.020503780488113955,0.00941934734186715,0.02102351174481676,0.03344693118873421,0.02614619287487585,0.009276032222260255,0.10061781956756022,0.010243163014820311,0.010924985730525805,0.06999049134174129
VAUX_s42,L5_G01_b3_k030,L5_G01,P0,L5,0.12378415613671152,0.09927789068678122,0.09797537480015281,0.028868524928379546,0.028231202853675086,0.14648082945495844,0.08995308715384454,0.023277382002561353,0.0032235219623544253,0.10176699484873097,0.14003607767517678
VAUX_s42,L5_G02_b0_k020,L5_G02,P0,L5,0.05233082413818388,0.11137000644948547,0.06475713231681876,0.08392456414876426,0.024314745107312463,0.13210325045656646,0.11907904750842135,0.29373687563929707,0.2098905384191312,0.0233851227787909,0.049558952188817784
VAUX_s42,L5_G02_b0_k062,L5_G02,P0,L5,0.11005284811691768,0.11325729766269357,0.0937038721330776,0.08662968622375056,0.3215364682280779,0.07414685221738182,0.07542814487533178,0.21623040252598003,0.06936545365169877,0.05632020326447673,0.26527173933573067
VAUX_s42,L5_G02_b0_k104,L5_G02,P0,L5,0.07124673225129288,0.04494302179898419,0.05734352848186912,0.019414469819093783,0.06039052431838199,0.04321365874784533,0.04933050007093698,0.12201937697682297,0.13940069952514023,0.024394017174927285,0.24748395351343788
VAUX_s42,L5_G02_b0_k147,L5_G02,P0,L5,0.020944271478029308,0.06999374665493709,0.025997523083046103,0.02150336929105401,0.0014788254143465185,0.019124407350318506,0.05896616552490741,0.27999703236855567,0.04314796600738191,0.11055155651411042,0.004255033272784203
VAUX_s42,L5_G02_b0_k189,L5_G02,P0,L5,0.02990018738805166,0.027478461633589038,0.028635782890233143,0.0002230729872962911,0.0068994625953109345,0.04704545362255885,0.01353303261930705,0.05581082143180538,0.061721349862637,0.0025537839392200112,0.045704056494287215
VAUX_s42,L5_G02_b0_k231,L5_G02,P0,L5,0.013860943214708571,0.03353543541315486,0.013866556783525002,0.021263023408175652,0.050131192696983407,0.016655691208143253,0.024490657462592935,0.024517340389138553,0.022658457965007983,0.01735137738432968,0.026108538098924328
VAUX_s42,L5_G02_b0_k030,L5_G02,P0,L5,0.210290123810587,0.01516362487086447,0.12564096545423983,0.07795222163931648,0.0020366990020648235,0.1503933388448786,0.010666949325241148,0.2819780809841177,0.24276973839732818,0.00553265722192009,0.3032367723353673
VAUX_s42,L5_G02_b1_k020,L5_G02,P1,L5,0.09047301143450721,0.04731105791023849,0.05345736330251112,0.021387759391131578,0.039175430923409804,0.06416382876341231,0.17463032822706737,0.00802538340940373,0.017526203737361357,0.03633120020094793,0.12573418149258941
VAUX_s42,L5_G02_b1_k062,L5_G02,P1,L5,0.07692871424091315,0.37626361545458764,0.12462360689790894,0.189407955939624,0.2664753293185411,0.06770213175332174,0.17453383118845522,0.11092608423496131,0.3049669182510115,0.1515449530488695,0.20442450023256242
VAUX_s42,L5_G02_b1_k104,L5_G02,P1,L5,0.1822019911588104,0.37879989217259025,0.2089588013420361,0.2065042682661442,0.30161354681349595,0.054923216222960036,0.03055944060906768,0.16724154353141785,0.13886083671241067,0.05949381989921676,0.41501379423425533
VAUX_s42,L5_G02_b1_k147,L5_G02,P1,L5,0.09497690990412287,0.1656170744001216,0.08754388985765808,0.051625058624745535,0.004955864355030926,0.0784824202710297,0.049774845072533935,0.05331971587247608,0.27439991233404726,0.049533284955032286,0.04766714182915166
VAUX_s42,L5_G02_b1_k189,L5_G02,P1,L5,0.14517356183770697,0.1831796890350113,0.12853824322250545,0.004053664355797348,0.031827454348240636,0.0019903205284208525,0.037992439029039815,0.09770110859244596,0.09476412535877898,0.051229421338575776,0.018390996010566596
VAUX_s42,L5_G02_b1_k231,L5_G02,P1,L5,0.004379713473813989,0.01143569435009939,0.0046826824630776835,0.014380899404819125,0.03240355536156603,0.00913967625820078,0.024051070286077447,0.040610691055917414,0.0057577018305892125,0.01048946945957141,0.031280830276955385
VAUX_s42,L5_G02_b1_k030,L5_G02,P1,L5,0.06106502029494825,0.10870469637088287,0.06524919408637071,0.01242776242961563,0.10472923986180871,0.132282521284651,0.26284965174272656,0.20406729308888316,0.24362381937680766,0.07327777070531738,0.0422645493526943
VAUX_s42,L5_G02_b2_k020,L5_G02,P2,L5,0.08671237421454978,0.10870728243026863,0.07488899214322689,0.06335987750140615,0.07026955671686563,0.04167735736700706,0.07096723758149892,0.10864945105277002,0.13197014603065327,0.004875639628153294,0.06131673976778984
VAUX_s42,L5_G02_b2_k062,L5_G02,P2,L5,0.09023443919014681,0.3017106154490527,0.13114639419937602,0.3475104193427798,0.3639500494296044,0.13845772191416472,0.15458302138722502,0.20455375278834254,0.13718686788342893,0.025539739814121276,0.17597666138317436
VAUX_s42,L5_G02_b2_k104,L5_G02,P2,L5,0.06908304396332203,0.1332934228331311,0.07550978998248661,0.12536099299280412,0.11208737067448471,0.16035327524878085,0.05716544945607893,0.025369583294377662,0.009966538404114544,0.054646476404741406,0.25235404886188917
VAUX_s42,L5_G02_b2_k147,L5_G02,P2,L5,0.3512846613187757,0.40995814252616963,0.30039196067094354,0.19924641901629947,0.30920424897863086,0.07635129010304809,0.30088515824172646,0.34115038270829245,0.08442615253807162,0.08276187679439317,0.07638009694346692
VAUX_s42,L5_G02_b2_k189,L5_G02,P2,L5,0.04678655173885356,0.06032009932080155,0.03970670588483047,0.02753360334330912,0.03172306355485688,0.024066789799690014,0.0017659547083894722,0.07604358653043164,0.027161397363670403,0.046448740338746575,0.03938206010570866
VAUX_s42,L5_G02_b2_k231,L5_G02,P2,L5,0.005883650242178692,0.01227741727574746,0.005820854189128695,0.015947505631630055,0.03532808209042715,0.009998030229326105,0.028368296083499445,0.026505980822548736,0.002802540228003636,0.00986395029394771,0.032253563702397514
VAUX_s42,L5_G02_b2_k030,L5_G02,P2,L5,0.03492628367585116,0.21582004298158214,0.05607232749486655,0.01978402759759712,0.13783304707558353,0.06688989253598265,0.04939530085539445,0.16876241704449058,0.07461628993041813,0.31006700464786263,0.0677558686802513
VAUX_s42,L5_G02_b3_k020,L5_G02,P0,L5,0.05233082413818388,0.11137000644948547,0.06475713231681876,0.08392456414876426,0.024314745107312463,0.13210325045656646,0.11907904750842135,0.29373687563929707,0.2098905384191312,0.0233851227787909,0.049558952188817784
VAUX_s42,L5_G02_b3_k062,L5_G02,P0,L5,0.11005284811691768,0.11325729766269357,0.0937038721330776,0.08662968622375056,0.3215364682280779,0.07414685221738182,0.07542814487533178,0.21623040252598003,0.06936545365169877,0.05632020326447673,0.26527173933573067
VAUX_s42,L5_G02_b3_k104,L5_G02,P0,L5,0.07124673225129288,0.04494302179898419,0.05734352848186912,0.019414469819093783,0.06039052431838199,0.04321365874784533,0.04933050007093698,0.12201937697682297,0.13940069952514023,0.024394017174927285,0.24748395351343788
VAUX_s42,L5_G02_b3_k147,L5_G02,P0,L5,0.020944271478029308,0.06999374665493709,0.025997523083046103,0.02150336929105401,0.0014788254143465185,0.019124407350318506,0.05896616552490741,0.27999703236855567,0.04314796600738191,0.11055155651411042,0.004255033272784203
VAUX_s42,L5_G02_b3_k189,L5_G02,P0,L5,0.02990018738805166,0.027478461633589038,0.028635782890233143,0.0002230729872962911,0.0068994625953109345,0.04704545362255885,0.01353303261930705,0.05581082143180538,0.061721349862637,0.0025537839392200112,0.045704056494287215
VAUX_s42,L5_G02_b3_k231,L5_G02,P0,L5,0.013860943214708571,0.03353543541315486,0.013866556783525002,0.021263023408175652,0.050131192696983407,0.016655691208143253,0.024490657462592935,0.024517340389138553,0.022658457965007983,0.01735137738432968,0.026108538098924328
VAUX_s42,L5_G02_b3_k030,L5_G02,P0,L5,0.210290123810587,0.01516362487086447,0.12564096545423983,0.07795222163931648,0.0020366990020648235,0.1503933388448786,0.010666949325241148,0.2819780809841177,0.24276973839732818,0.00553265722192009,0.3032367723353673
VAUX_s42,L5_G03_b0_k020,L5_G03,P0,L5,0.04074411305295821,0.03730390982394445,0.03778844435895824,0.044787060012048574,0.009313934482225061,0.08236183814005926,0.15101935689745005,0.05722686951048672,0.010177482006838545,0.031397124461364,0.017232531681656837
VAUX_s42,L5_G03_b0_k062,L5_G03,P0,L5,0.0962113138424998,0.031066204538297462,0.03448493031947909,0.013906896780098599,0.28872531204324225,0.006675146403722465,0.07221949167433195,0.15498648933134973,0.014759709330974147,0.06236993783613798,0.7301112893037498
VAUX_s42,L5_G03_b0_k104,L5_G03,P0,L5,0.07879445750285086,0.086656059274991,0.06396877311877325,0.054826466000078344,0.047635474726986704,0.02403667801991105,0.00395649578422308,0.024250997175840894,0.10998706439568195,0.15875919969403185,0.03194018959766254
VAUX_s42,L5_G03_b0_k147,L5_G03,P0,L5,0.056460648635933745,0.05623187987016966,0.038563344272175615,0.0992140014030154,0.05522031939763039,0.0633081838363978,0.051102341909427196,0.11193310644011945,0.004289681681257207,0.09240530530223623,0.04186946677509695
VAUX_s42,L5_G03_b0_k189,L5_G03,P0,L5,0.021188374077499433,0.02856472510513075,0.018307613272209155,0.009330606569211142,0.0022202095491374862,0.04996661456243601,0.026514912286074832,0.010125568012881558,0.06224396932157106,0.016747797169955447,0.0901774172380101
VAUX_s42,L5_G03_b0_k231,L5_G03,P0,L5,0.01337087101029124,0.024709829497181524,0.0136702592928681,0.007113202546919606,0.006145873671662638,0.020928573387209326,0.03209020042777411,0.04457382834516466,0.027045713519328274,0.04736446925016935,0.017546792845678283
VAUX_s42,L5_G03_b0_k030,L5_G03,P0,L5,0.06477745389712079,0.04534102501068067,0.04495879360759901,0.04302452845659044,0.06482621197901617,0.016023868858610513,0.10857691832643468,0.1009291228838265,0.02558543986560835,0.19334403902757913,0.577743011090206
VAUX_s42,L5_G03_b1_k020,L5_G03,P1,L5,0.10041703278381085,0.1667735933105576,0.06557336979438044,0.06295793315980269,0.15716743927659715,0.1005562273421674,0.0207490516040707,0.26360299743464566,0.07044768519699574,0.0564084934476341,0.21917564896284603
VAUX_s42,L5_G03_b1_k062,L5_G03,P1,L5,0.13422399966221618,0.2756598001321935,0.14171775423181607,0.06540888410577317,0.11279889571233204,0.08894730941392481,0.009980991570046172,0.14166407035372686,0.3011117558926344,0.04131507706188131,0.17761873017298058
VAUX_s42,L5_G03_b1_k104,L5_G03,P1,L5,0.08242790497842861,0.2914205394189438,0.12423438199661403,0.08566046298797136,0.16581781960999287,0.21066104364581406,0.12359855562681332,0.18307428029947914,0.08427308226237074,0.01997553924957174,0.21539919811766595
VAUX_s42,L5_G03_b1_k147,L5_G03,P1,L5,0.046426214595340076,0.20741507307491322,0.09306022780796143,0.03838031477134729,0.1291710043711638,0.10064875849639066,0.04776574202696793,0.1354782689595595,0.1396464945282787,0.057310165859234985,0.0028624669066630304
VAUX_s42,L5_G03_b1_k189,L5_G03,P1,L5,0.021346018815964485,0.02613275099172101,0.02815020392344909,0.09179824007787873,0.11119230054971485,0.001616091547475662,0.02315292280400172,0.06658580752264243,0.07553783260027558,0.015062775499245618,0.07178508220385993
VAUX_s42,L5_G03_b1_k231,L5_G03,P1,L5,0.008934837308693573,0.019379543490815755,0.010833083590688804,0.012723431513064654,0.03133780192668012,0.030968875187681988,0.029815835074259667,0.04180982246180065,0.033547481914865784,0.04553003345426987,0.00674518030427862
VAUX_s42,L5_G03_b1_k030,L5_G03,P1,L5,0.06560430749309075,0.16825250090865146,0.08773844408488955,0.03013080500579024,0.13014831382580994,0.14823380671441555,0.36465879763272824,0.19832245574798435,0.17916127858916298,0.21683293841124396,0.2880258694640361
VAUX_s42,L5_G03_b2_k020,L5_G03,P2,L5,0.0005905348392845313,0.061038409894498144,0.0309780272368813,0.02187848740518472,0.021298509027976475,0.14741480161319487,0.12557720512268133,0.060288304346613586,0.1052770393434912,0.16313630196964368,0.066490484517999
VAUX_s42,L5_G03_b2_k062,L5_G03,P2,L5,0.056939584641419565,0.20605554037009158,0.09561114252949598,0.14824852052188353,0.09600114904969703,0.010948329494567588,0.01792001345893368,0.146686798078008,0.09840215044096112,0.16879526790580712,0.02977815584745258
VAUX_s42,L5_G03_b2_k104,L5_G03,P2,L5,0.09790204197840724,0.14747216542892608,0.08567682033311826,0.07720280055546036,0.03803045385029735,0.05770564213162288,0.060474910074844956,0.11620198743185028,0.025157350464724004,0.08318199301720597,0.05344290065113455
VAUX_s42,L5_G03_b2_k147,L5_G03,P2,L5,0.19920246031733152,0.26443783099045914,0.1792508204850301,0.006369505588020186,0.0475220261388245,0.18756744463462383,0.07875930005684495,0.0724439833429642,0.0035499814111972228,0.021440131709823618,0.12782688322477043
VAUX_s42,L5_G03_b2_k189,L5_G03,P2,L5,0.024395751020595064,0.011900660904496416,0.02019740366084921,0.009646775891292592,0.013296737041605722,0.034048077672196086,0.021094644194818102,0.029518733099394012,0.03538511045189807,0.04666813680523774,0.085035507891007
VAUX_s42,L5_G03_b2_k231,L5_G03,P2,L5,0.011033982124011734,0.0255641677249473,0.011015361078161085,0.010429293154800234,0.027609368763376052,0.017636610671615927,0.03413434234971646,0.041382910079846624,0.018360739675699733,0.04892692757312034,0.0017169846396427602
VAUX_s42,L5_G03_b2_k030,L5_G03,P2,L5,0.08073604480668135,0.12195030767814936,0.08498038752569444,0.1608552453646559,0.19153331791421957,0.02580952682183124,0.03207574086263776,0.11905233445577323,0.13686838187277317,0.2880032272878452,0.7367883621627698
VAUX_s42,L5_G03_b3_k020,L5_G03,P0,L5,0.04074411305295821,0.03730390982394445,0.03778844435895824,0.044787060012048574,0.009313934482225061,0.08236183814005926,0.15101935689745005,0.05722686951048672,0.010177482006838545,0.031397124461364,0.017232531681656837
VAUX_s42,L5_G03_b3_k062,L5_G03,P0,L5,0.0962113138424998,0.031066204538297462,0.03448493031947909,0.013906896780098599,0.28872531204324225,0.006675146403722465,0.07221949167433195,0.15498648933134973,0.014759709330974147,0.06236993783613798,0.7301112893037498
VAUX_s42,L5_G03_b3_k104,L5_G03,P0,L5,0.07879445750285086,0.086656059274991,0.06396877311877325,0.054826466000078344,0.047635474726986704,0.02403667801991105,0.00395649578422308,0.024250997175840894,0.10998706439568195,0.15875919969403185,0.03194018959766254
VAUX_s42,L5_G03_b3_k147,L5_G03,P0,L5,0.056460648635933745,0.05623187987016966,0.038563344272175615,0.0992140014030154,0.05522031939763039,0.0633081838363978,0.051102341909427196,0.11193310644011945,0.004289681681257207,0.09240530530223623,0.04186946677509695
VAUX_s42,L5_G03_b3_k189,L5_G03,P0,L5,0.021188374077499433,0.02856472510513075,0.018307613272209155,0.009330606569211142,0.0022202095491374862,0.04996661456243601,0.026514912286074832,0.010125568012881558,0.06224396932157106,0.016747797169955447,0.0901774172380101
VAUX_s42,L5_G03_b3_k231,L5_G03,P0,L5,0.01337087101029124,0.024709829497181524,0.0136702592928681,0.007113202546919606,0.006145873671662638,0.020928573387209326,0.03209020042777411,0.04457382834516466,0.027045713519328274,0.04736446925016935,0.017546792845678283
VAUX_s42,L5_G03_b3_k030,L5_G03,P0,L5,0.06477745389712079,0.04534102501068067,0.04495879360759901,0.04302452845659044,0.06482621197901617,0.016023868858610513,0.10857691832643468,0.1009291228838265,0.02558543986560835,0.19334403902757913,0.577743011090206
VAUX_s42,L5_G04_b0_k020,L5_G04,P0,L5,0.06040180719108168,0.023474496924982862,0.035094051414478744,0.007455882329122702,0.04989075314497316,0.024107402514346177,0.034232349978992715,0.23544582212343812,0.04990332002125797,0.0045090081985108554,0.10024140134919435
VAUX_s42,L5_G04_b0_k062,L5_G04,P0,L5,0.0837932629389693,0.16524230162200348,0.08791213334181244,0.06785994905453592,0.12004902860294286,0.12085992403444834,0.028710645681712776,0.17126406671013683,0.11033290374325588,0.013522846158593893,0.2347306758747436
VAUX_s42,L5_G04_b0_k104,L5_G04,P0,L5,0.030146002686806856,0.07991832289742012,0.07773008191402073,0.08423508108397743,0.12403444089439397,0.049636973737506196,0.2585102489683777,0.09215519856661558,0.06306732127268333,0.126176139106974,0.10045949438062962
VAUX_s42,L5_G04_b0_k147,L5_G04,P0,L5,0.043030588182596974,0.18226199867920817,0.07402141304377848,0.08436508371593171,0.12076233104377249,0.08729600581500563,0.08027628733543679,0.0867283697007224,0.031220755518006627,0.14086390886222944,0.014818752475548536
VAUX_s42,L5_G04_b0_k189,L5_G04,P0,L5,0.035845199129072365,0.04390189401810865,0.03044224957504067,0.02068093431020657,0.006400054462122294,0.02357408293755725,0.03963564364676131,0.06420629593776539,0.06039297990355408,0.002953456005343469,0.11374520804992017
VAUX_s42,L5_G04_b0_k231,L5_G04,P0,L5,0.006908636166177505,0.017417486940266107,0.008038587769374366,0.0018630267061414615,0.008228656450691922,0.03797906800173223,0.03327767218070221,0.05156098670704523,0.01899816242075758,0.041352318512508646,0.008512965789122973
VAUX_s42,L5_G04_b0_k030,L5_G04,P0,L5,0.06507199202256073,0.17559229237994542,0.07363510324164085,0.07208237435352206,0.012150009200013343,0.03177479750956991,0.09033828316023573,0.277857884648256,0.18105753426789306,0.15482659073313698,0.3140864120796323
VAUX_s42,L5_G04_b1_k020,L5_G04,P1,L5,0.12531760468728612,0.05862340114701734,0.08535018284252675,0.025177511125639346,0.041572221760270645,0.3501930312195327,0.01694605388911441,0.08152579399757087,0.10054141578439157,0.19007696231710725,0.03006842132890597
VAUX_s42,L5_G04_b1_k062,L5_G04,P1,L5,0.23455675568108766,0.15221449580436835,0.19113544631561136,0.052399049194537084,0.06936814487280574,0.048444635031046346,0.1265581150946673,0.02265794013510458,0.08226892797392793,0.20272626384394243,0.2014072435849812
VAUX_s42,L5_G04_b1_k104,L5_G04,P1,L5,0.11830896232136312,0.2784633863198314,0.13095489281348002,0.20311501728302817,0.3479230919660383,0.06139446026645601,0.06837266418733634,0.17654228518949822,0.21792162136989646,0.07257256916790311,0.22472447785548866
VAUX_s42,L5_G04_b1_k147,L5_G04,P1,L5,0.14383743230017254,0.3983586656689677,0.15140067646468972,0.26413758248381813,0.4068837444767275,0.0373181384493364,0.04756143392296508,0.08496237569488585,0.10120636838837527,0.13090911752078682,0.23128427637857385
VAUX_s42,L5_G04_b1_k189,L5_G04,P1,L5,0.03856423600596478,0.04185047757215597,0.029901284199028183,0.03901016164283977,0.06020172227779241,0.010536157478782116,0.020946129072399344,0.07201288691794616,0.05831783617043129,0.013632656628033146,0.10781864322780166
VAUX_s42,L5_G04_b1_k231,L5_G04,P1,L5,0.011635868101240732,0.020871559922716918,0.010874838205057524,0.009149574473861666,0.01713824905770167,0.03602623536426108,0.040998839685926214,0.061222919866850134,0.015720168434199877,0.04658407846727641,0.01915178363196901
VAUX_s42,L5_G04_b1_k030,L5_G04,P1,L5,0.19909807427406814,0.15787658646887687,0.16222197955182419,0.05147387051479191,0.13442386030696996,0.21252721326891333,0.23649601484066807,0.12209200946381316,0.11449716445349623,0.06828151759691536,0.10117218905361369
VAUX_s42,L5_G04_b2_k020,L5_G04,P2,L5,0.020080452236806,0.07602701185460588,0.026381779827877695,0.003148545052613347,0.05964946646097363,0.048308865050785244,0.01912586612161249,0.12731786601943895,0.008443725877441466,0.0517608878435567,0.26697036891710013
VAUX_s42,L5_G04_b2_k062,L5_G04,P2,L5,0.14235684493491377,0.17717748381579126,0.1252761515907091,0.04039286702900424,0.06014697226491983,0.30593554486404173,0.059227521473076195,0.3173182281316258,0.09476619819179177,0.13932783930795267,0.10094940953422338
VAUX_s42,L5_G04_b2_k104,L5_G04,P2,L5,0.05131693577621372,0.07982471091388596,0.046644911205578767,0.029733256537474828,0.044445062023078186,0.002853821497410536,0.1399588594213128,0.15711672988254577,0.08677052560960874,0.18154475832125172,0.09162907814607024
VAUX_s42,L5_G04_b2_k147,L5_G04,P2,L5,0.047096323162903735,0.0432067166849147,0.03878490243272239,0.031046867954137136,0.07584016300620489,0.015513175807427615,0.07967060757800937,0.3523262405069545,0.06343710767760058,0.01576549258970772,0.030500922242936213
VAUX_s42,L5_G04_b2_k189,L5_G04,P2,L5,0.043965037983014085,0.03142719360904589,0.03576004664896474,0.03948513199129544,0.04381255059070033,0.024040687858359888,0.03686348749761237,0.017534817561681848,0.01480309797625523,0.017783591227271245,0.08777471867142594
VAUX_s42,L5_G04_b2_k231,L5_G04,P2,L5,0.011716945367073158,0.02013637463513971,0.01107648678716615,0.007743724623082926,0.013090291024013156,0.03800664079608396,0.03953113172610756,0.059792241248942446,0.017863862667581998,0.04325910917395959,0.013185134070226923
VAUX_s42,L5_G04_b2_k030,L5_G04,P2,L5,0.03895690788830603,0.1413726190669316,0.04884905091971651,0.06513646573366712,0.14852485699973386,0.029161050682887435,0.10645381174981594,0.24514205323066562,0.040603151835966855,0.07237935933517292,0.35574628025642596
VAUX_s42,L5_G04_b3_k020,L5_G04,P0,L5,0.06040180719108168,0.023474496924982862,0.035094051414478744,0.007455882329122702,0.04989075314497316,0.024107402514346177,0.034232349978992715,0.23544582212343812,0.04990332002125797,0.0045090081985108554,0.10024140134919435
VAUX_s42,L5_G04_b3_k062,L5_G04,P0,L5,0.0837932629389693,0.16524230162200348,0.08791213334181244,0.06785994905453592,0.12004902860294286,0.12085992403444834,0.028710645681712776,0.17126406671013683,0.11033290374325588,0.013522846158593893,0.2347306758747436
VAUX_s42,L5_G04_b3_k104,L5_G04,P0,L5,0.030146002686806856,0.07991832289742012,0.07773008191402073,0.08423508108397743,0.12403444089439397,0.049636973737506196,0.2585102489683777,0.09215519856661558,0.06306732127268333,0.126176139106974,0.10045949438062962
VAUX_s42,L5_G04_b3_k147,L5_G04,P0,L5,0.043030588182596974,0.18226199867920817,0.07402141304377848,0.08436508371593171,0.12076233104377249,0.08729600581500563,0.08027628733543679,0.0867283697007224,0.031220755518006627,0.14086390886222944,0.014818752475548536
VAUX_s42,L5_G04_b3_k189,L5_G04,P0,L5,0.035845199129072365,0.04390189401810865,0.03044224957504067,0.02068093431020657,0.006400054462122294,0.02357408293755725,0.03963564364676131,0.06420629593776539,0.06039297990355408,0.002953456005343469,0.11374520804992017
VAUX_s42,L5_G04_b3_k231,L5_G04,P0,L5,0.006908636166177505,0.017417486940266107,0.008038587769374366,0.0018630267061414615,0.008228656450691922,0.03797906800173223,0.03327767218070221,0.05156098670704523,0.01899816242075758,0.041352318512508646,0.008512965789122973
VAUX_s42,L5_G04_b3_k030,L5_G04,P0,L5,0.06507199202256073,0.17559229237994542,0.07363510324164085,0.07208237435352206,0.012150009200013343,0.03177479750956991,0.09033828316023573,0.277857884648256,0.18105753426789306,0.15482659073313698,0.3140864120796323
VAUX_s42,L5_G05_b0_k020,L5_G05,P0,L5,0.07520835741811964,0.13218740313131197,0.08344030584392767,0.04117757103285835,0.1179472282379721,0.2491326692106668,0.04943338339944603,0.27219076262554154,0.09929300121802953,0.021035882018622942,0.13005601044278592
VAUX_s42,L5_G05_b0_k062,L5_G05,P0,L5,0.15104430795066445,0.3485833912331855,0.16447686970121608,0.1858590906420433,0.4077049260959032,0.000781867540354142,0.42014372306584846,0.2977576497942209,0.0960810998803936,0.11275581119116396,0.06754731023829663
VAUX_s42,L5_G05_b0_k104,L5_G05,P0,L5,0.2413444586679429,0.2091635673541587,0.1893475250326646,0.011903072237600898,0.08238395039594476,0.17317658616957488,0.07205069111660123,0.12478846398880705,0.04971375048626214,0.1014669757860247,0.34268233028706163
VAUX_s42,L5_G05_b0_k147,L5_G05,P0,L5,0.25005688550019384,0.3501396504908847,0.22117013298805266,0.09191237696400084,0.14290550253613213,0.2928120510914596,0.18984866639220854,0.06785305606899783,0.08498379208322149,0.0913640802136797,0.08363152304082178
VAUX_s42,L5_G05_b0_k189,L5_G05,P0,L5,0.031193342436993697,0.04279237117612458,0.02899352288047507,0.04060227442718656,0.06477692056263892,0.02455169061795459,0.010740160189016024,0.0064378471215604804,0.006850416757515632,0.0366552798950579,0.01897068756079534
VAUX_s42,L5_G05_b0_k231,L5_G05,P0,L5,0.03540370493420797,0.049622972450195584,0.03128608235940757,0.015618285944373159,0.017946370973123738,0.018913728345069103,0.023322108874708647,0.03603807060426334,0.04398022745590424,0.02522449226307799,0.06489828899793793
VAUX_s42,L5_G05_b0_k030,L5_G05,P0,L5,0.30286317044489797,0.4837153541767627,0.27393094242227667,0.0710439310547375,0.23456018228534992,0.13561100221704692,0.2113223987398669,0.5050617513479665,0.09569038341578562,0.09063912308192812,0.08730340609326959
VAUX_s42,L5_G05_b1_k020,L5_G05,P1,L5,0.027371433968187014,0.2038330928771267,0.08859785524458427,0.023133070646053744,0.0034315901960324524,0.29395932933402946,0.028222493096109247,0.2298066356452182,0.12071430831565522,0.0835119663970545,0.32714868008042686
VAUX_s42,L5_G05_b1_k062,L5_G05,P1,L5,0.11546733627775754,0.1846316682157959,0.10865302481560501,0.04807373359326417,0.053189485045823215,0.006471790242358111,0.055951917223865166,0.145655035492382,0.07029963445165777,0.0033632080594543368,0.25770492054289207
VAUX_s42,L5_G05_b1_k104,L5_G05,P1,L5,0.08817847753228797,0.3479777571336922,0.13111380454781926,0.12576940579965612,0.17865501744527135,0.07709587061253842,0.048521872551646084,0.01134881837060675,0.061028000665828586,0.2227628155160346,0.3587677341711242
VAUX_s42,L5_G05_b1_k147,L5_G05,P1,L5,0.022971907189114252,0.18084529316063305,0.08809550217811317,0.05561259783080508,0.21384837488676622,0.012141073995735496,0.3209102000510029,0.14541797060519457,0.1659144761360949,0.15374605215038173,0.17674016195815057
VAUX_s42,L5_G05_b1_k189,L5_G05,P1,L5,0.12432119321295182,0.15212203059450868,0.1093801475276837,0.08154030489288858,0.08841312230441362,0.07158722046096955,0.006813249015067413,0.020326576675870456,0.0016623198898741975,0.06349532045078377,0.01777298082379275
VAUX_s42,L5_G05_b1_k231,L5_G05,P1,L5,0.03251737314534364,0.0520360874784905,0.031049386874039575,0.01502066231167877,0.009079719770318177,0.014705749243148603,0.006402386617992306,0.0991226006517536,0.04064564470900223,0.028183436952531338,0.06394134727452183
VAUX_s42,L5_G05_b1_k030,L5_G05,P1,L5,0.15952262367601477,0.17500094766024019,0.13963484369878812,0.10435459697091631,0.08596113455605514,0.04642328272893792,0.05607762852741871,0.8194501543694059,0.06876432681747247,0.018667570882826112,0.09631365211680532
VAUX_s42,L5_G05_b2_k020,L5_G05,P2,L5,0.08770175915876177,0.023430232501353763,0.05955482708867014,0.0216674372933765,0.03323206973452586,0.052091324352659285,0.024968438112409785,0.0942987515591085,0.15012993244454265,0.018177400226704776,0.06977720523718745
VAUX_s42,L5_G05_b2_k062,L5_G05,P2,L5,0.09662510008286791,0.211901296324366,0.11541386073591467,0.07503125572766334,0.00956622693265663,0.017518613254651427,0.12581391348794568,0.20056750706862658,0.052010378800332546,0.1428426165948622,0.0631451514782384
VAUX_s42,L5_G05_b2_k104,L5_G05,P2,L5,0.15859643290435568,0.3819048595751104,0.17707863806184734,0.17089527554344297,0.17911722485850867,0.1598308333195746,0.01405559221166186,0.25255829142406583,0.009305460669565946,0.3028364776109811,0.13884063500154298
VAUX_s42,L5_G05_b2_k147,L5_G05,P2,L5,0.07418146296436434,0.22926028345195182,0.10938535259203674,0.10535978362895593,0.11970833248487889,0.11120381049113348,0.16669430711772293,0.24893385963514447,0.1239157451200299,0.15114437870397524,0.0020543839054880664
VAUX_s42,L5_G05_b2_k189,L5_G05,P2,L5,0.041287146058507064,0.061962368333868464,0.03772878674414579,0.019901916236416017,0.026011591913754906,0.026422643655678257,0.012658724710490787,0.05096589415916242,0.019005232041308773,0.04692676744707569,0.023108880548534216
VAUX_s42,L5_G05_b2_k231,L5_G05,P2,L5,0.03482805880595462,0.05368745356227874,0.03270758039356418,0.014304311732609598,0.008352394323596357,0.01539798358862754,0.008768216124735773,0.09855306905228645,0.04101168332999805,0.028496889724920038,0.0643518188080634
VAUX_s42,L5_G05_b2_k030,L5_G05,P2,L5,0.1674231604441191,0.1611879585466458,0.1351696822890703,0.14408207843698606,0.18511590856378435,0.022586017206776887,0.0976168766792398,0.23789499734994024,0.13285000383621082,0.03482119785621762,0.5317014350148384
VAUX_s42,L5_G05_b3_k020,L5_G05,P0,L5,0.07520835741811964,0.13218740313131197,0.08344030584392767,0.04117757103285835,0.1179472282379721,0.2491326692106668,0.04943338339944603,0.27219076262554154,0.09929300121802953,0.021035882018622942,0.13005601044278592
VAUX_s42,L5_G05_b3_k062,L5_G05,P0,L5,0.15104430795066445,0.3485833912331855,0.16447686970121608,0.1858590906420433,0.4077049260959032,0.000781867540354142,0.42014372306584846,0.2977576497942209,0.0960810998803936,0.11275581119116396,0.06754731023829663
VAUX_s42,L5_G05_b3_k104,L5_G05,P0,L5,0.2413444586679429,0.2091635673541587,0.1893475250326646,0.011903072237600898,0.08238395039594476,0.17317658616957488,0.07205069111660123,0.12478846398880705,0.04971375048626214,0.1014669757860247,0.34268233028706163
VAUX_s42,L5_G05_b3_k147,L5_G05,P0,L5,0.25005688550019384,0.3501396504908847,0.22117013298805266,0.09191237696400084,0.14290550253613213,0.2928120510914596,0.18984866639220854,0.06785305606899783,0.08498379208322149,0.0913640802136797,0.08363152304082178
VAUX_s42,L5_G05_b3_k189,L5_G05,P0,L5,0.031193342436993697,0.04279237117612458,0.02899352288047507,0.04060227442718656,0.06477692056263892,0.02455169061795459,0.010740160189016024,0.0064378471215604804,0.006850416757515632,0.0366552798950579,0.01897068756079534
VAUX_s42,L5_G05_b3_k231,L5_G05,P0,L5,0.03540370493420797,0.049622972450195584,0.03128608235940757,0.015618285944373159,0.017946370973123738,0.018913728345069103,0.023322108874708647,0.03603807060426334,0.04398022745590424,0.02522449226307799,0.06489828899793793
VAUX_s42,L5_G05_b3_k030,L5_G05,P0,L5,0.30286317044489797,0.4837153541767627,0.27393094242227667,0.0710439310547375,0.23456018228534992,0.13561100221704692,0.2113223987398669,0.5050617513479665,0.09569038341578562,0.09063912308192812,0.08730340609326959
VAUX_s42,L5_G06_b0_k020,L5_G06,P0,L5,0.04764240828003152,0.11257930302097899,0.05088465884735356,0.0482342356858112,0.01728014685612589,0.20903143443138106,0.1763528280716855,0.04308754572048201,0.12787401422974654,0.026863931445404887,0.09408484934829175
VAUX_s42,L5_G06_b0_k062,L5_G06,P0,L5,0.0661138943116717,0.11708913548288453,0.07293479312550229,0.08869227003160729,0.034911704249769304,0.2083388005848974,0.011240850027206761,0.30061382686835714,0.020686954201664776,0.03675199699273435,0.08072046247252729
VAUX_s42,L5_G06_b0_k104,L5_G06,P0,L5,0.015309673802785336,0.10619570947726793,0.03464606746152404,0.048880418160160755,0.039341328765522654,0.015294704731786624,0.026290696841897443,0.19499282298784237,0.10039882257115096,0.01758460963901598,0.032518291438464075
VAUX_s42,L5_G06_b0_k147,L5_G06,P0,L5,0.07530845500212728,0.11288296105026084,0.07720553230817442,0.07516858334461096,0.12160989832323077,0.1377303321060026,0.03169851456186734,0.0536148969840724,0.008759387164900545,0.05593376629985869,0.21605057666965877
VAUX_s42,L5_G06_b0_k189,L5_G06,P0,L5,0.04063681837709816,0.031542694461219926,0.0296830267317984,0.07663762441290967,0.11428347687157014,0.02275302067573648,0.015061610996781383,0.07937642992055771,0.02165023576526437,0.010079860116093187,0.06044271476275753
VAUX_s42,L5_G06_b0_k231,L5_G06,P0,L5,0.013582731207688598,0.008351221516234355,0.011468687660571334,0.012076333269514627,0.006990325002034226,0.03963986985763768,0.05388274585493491,0.12118704043678008,0.002318283761269413,0.03001575538291945,0.012756851068843389
VAUX_s42,L5_G06_b0_k030,L5_G06,P0,L5,0.03847540182254126,0.06469303069350667,0.03159622648088842,0.025843781700769508,0.034424476353069444,0.17602006297238404,0.05218931147828698,0.15179839998017997,0.3600118382018991,0.2625551884411834,0.3735352962394245
VAUX_s42,L5_G06_b1_k020,L5_G06,P1,L5,0.060250463844969404,0.04340959419791371,0.04369285517851829,0.03013184826454518,0.027786258602236824,0.07700108240533154,0.08207114718970843,0.2733136046444997,0.014957180770579726,0.23736984838615172,0.19009240044397302
VAUX_s42,L5_G06_b1_k062,L5_G06,P1,L5,0.10915281864187244,0.24751865561551986,0.13360543537676559,0.041180603584507036,0.09924389913794518,0.03537798151228344,0.03683299504336901,0.24361858691554517,0.3368218740733937,0.2766363805276342,0.014869330683723092
VAUX_s42,L5_G06_b1_k104,L5_G06,P1,L5,0.08825255671156057,0.2677686114172491,0.10311457470404646,0.08593947991157669,0.12431760469660325,0.03350321267498657,0.10928251571021974,0.14397177437786013,0.14858093194197863,0.21893351315520704,0.027120130092953332
VAUX_s42,L5_G06_b1_k147,L5_G06,P1,L5,0.2344299030953474,0.39886738198962196,0.22326022722749608,0.13220204567778704,0.1833710229350165,0.0310781299485825,0.14308024157071486,0.16732725338079035,0.10081423667725176,0.21986980710062198,0.14140562796819722
VAUX_s42,L5_G06_b1_k189,L5_G06,P1,L5,0.023328450724807877,0.028938340693202013,0.024869661039945368,0.0569700398986297,0.05830648692825058,0.005542124032217544,0.004890735195658635,0.08357907436220557,0.03406396880200191,0.011131975130410865,0.0472301244008122
VAUX_s42,L5_G06_b1_k231,L5_G06,P1,L5,0.012525360876207295,0.013890312932566136,0.011553327025222774,0.0012817867809744588,0.02469913998377149,0.030555299621482845,0.05259902190664434,0.08678481493188883,0.007683057330723386,0.02360692025104072,0.03444149344431935
VAUX_s42,L5_G06_b1_k030,L5_G06,P1,L5,0.09006150029829414,0.12073836332638069,0.055566034672632894,0.007232157255203653,0.015334111516653426,0.0620395072910469,0.35532679356401786,0.19897675362881273,0.3163789496466052,0.3574451793974731,0.28132092193118297
VAUX_s42,L5_G06_b2_k020,L5_G06,P2,L5,0.06272219675471542,0.04409718628900744,0.04450825907664927,0.008682288328554666,0.034613099511034084,0.004489157465286553,0.0037087782693561167,0.02983843779657036,0.13836653396720067,0.03555419351323508,0.10610658000223339
VAUX_s42,L5_G06_b2_k062,L5_G06,P2,L5,0.12997398543280053,0.13126815660613558,0.113474097130797,0.09255589598105818,0.0004775713394327141,0.2860020745138172,0.021777167625259608,0.1964716016082093,0.15172445122152567,0.14237854245584458,0.19920656806789339
VAUX_s42,L5_G06_b2_k104,L5_G06,P2,L5,0.141279092535788,0.14889100734763655,0.10980924712936786,0.03997027231671302,0.006584887670670447,0.08034819178283215,0.35543829746893607,0.10816538776271045,0.03554065665230155,0.41708687326172367,0.06271029025083408
VAUX_s42,L5_G06_b2_k147,L5_G06,P2,L5,0.15248881396462985,0.2519486354289723,0.14422505422687504,0.026744724925809926,0.02027232050558858,0.12788038520375267,0.007461811066605151,0.11101806664373726,0.0156567124358844,0.06417127762529162,0.11024053816800006
VAUX_s42,L5_G06_b2_k189,L5_G06,P2,L5,0.04091819885391368,0.03422161331139925,0.03357201570824907,0.03545966768967457,0.06542282008888822,0.0124021277842985,0.025711313235660782,0.023979972254892346,0.008927691174903885,0.008415629228693433,0.04902255509296083
VAUX_s42,L5_G06_b2_k231,L5_G06,P2,L5,0.007393065718569145,0.008837812290838713,0.007433607326476266,0.001925129714436924,0.031167646547373806,0.03770279714080971,0.05777220475647482,0.08097553882180364,0.0026936505237245,0.024763116478425218,0.024120399881212506
VAUX_s42,L5_G06_b2_k030,L5_G06,P2,L5,0.06392687710700745,0.1267569093304545,0.05803484732965526,0.036614403084241465,0.060960169864848535,0.019748136488487944,0.08651333530724514,0.008403462823480368,0.030268021509982646,0.10004728127387352,0.006688501802273095
VAUX_s42,L5_G06_b3_k020,L5_G06,P0,L5,0.04764240828003152,0.11257930302097899,0.05088465884735356,0.0482342356858112,0.01728014685612589,0.20903143443138106,0.1763528280716855,0.04308754572048201,0.12787401422974654,0.026863931445404887,0.09408484934829175
VAUX_s42,L5_G06_b3_k062,L5_G06,P0,L5,0.0661138943116717,0.11708913548288453,0.07293479312550229,0.08869227003160729,0.034911704249769304,0.2083388005848974,0.011240850027206761,0.30061382686835714,0.020686954201664776,0.03675199699273435,0.08072046247252729
VAUX_s42,L5_G06_b3_k104,L5_G06,P0,L5,0.015309673802785336,0.10619570947726793,0.03464606746152404,0.048880418160160755,0.039341328765522654,0.015294704731786624,0.026290696841897443,0.19499282298784237,0.10039882257115096,0.01758460963901598,0.032518291438464075
VAUX_s42,L5_G06_b3_k147,L5_G06,P0,L5,0.07530845500212728,0.11288296105026084,0.07720553230817442,0.07516858334461096,0.12160989832323077,0.1377303321060026,0.03169851456186734,0.0536148969840724,0.008759387164900545,0.05593376629985869,0.21605057666965877
VAUX_s42,L5_G06_b3_k189,L5_G06,P0,L5,0.04063681837709816,0.031542694461219926,0.0296830267317984,0.07663762441290967,0.11428347687157014,0.02275302067573648,0.015061610996781383,0.07937642992055771,0.02165023576526437,0.010079860116093187,0.06044271476275753
VAUX_s42,L5_G06_b3_k231,L5_G06,P0,L5,0.013582731207688598,0.008351221516234355,0.011468687660571334,0.012076333269514627,0.006990325002034226,0.03963986985763768,0.05388274585493491,0.12118704043678008,0.002318283761269413,0.03001575538291945,0.012756851068843389
VAUX_s42,L5_G06_b3_k030,L5_G06,P0,L5,0.03847540182254126,0.06469303069350667,0.03159622648088842,0.025843781700769508,0.034424476353069444,0.17602006297238404,0.05218931147828698,0.15179839998017997,0.3600118382018991,0.2625551884411834,0.3735352962394245
VAUX_s42,L5_G07_b0_k020,L5_G07,P0,L5,0.04412579889448061,0.08177616001611583,0.051913741602199394,0.01194161891266976,0.006503862503730584,0.035158821250661276,0.1542202752607409,0.16272991959704086,0.03691184659328428,0.02669251905172132,0.08321557219960596
VAUX_s42,L5_G07_b0_k062,L5_G07,P0,L5,0.08713276640574107,0.025584177176588938,0.04426160856636378,0.09132840891106686,0.12627187105244908,0.12895331260369858,0.024768180592218414,0.20849115448072553,0.023477763403207064,0.08270672042272054,0.1724869606550783
VAUX_s42,L5_G07_b0_k104,L5_G07,P0,L5,0.07489484022031204,0.10792148153573296,0.07749298195698875,0.021395627645506954,0.0639140619574392,0.14147614466492087,0.0785692508034117,0.1091174750472419,0.11919937828497496,0.03177427247283049,0.05838174489326775
VAUX_s42,L5_G07_b0_k147,L5_G07,P0,L5,0.043062527962918366,0.06618126547535717,0.039122424842294515,0.017544063486638173,0.10128059692196256,0.04156249432708137,0.03702266359687201,0.03292705958301667,0.025791181542444974,0.059080722368207716,0.04529462456412148
VAUX_s42,L5_G07_b0_k189,L5_G07,P0,L5,0.014072488792186911,0.030095570953694407,0.02014031954260309,0.044943739271798844,0.042594035448725975,0.0021443191581056453,0.004321480300859548,0.042521659735939465,0.06565104020410217,0.011686843517964007,0.07795940402138513
VAUX_s42,L5_G07_b0_k231,L5_G07,P0,L5,0.005128106979469354,0.009354654628955223,0.006213348968761435,0.005848770350356691,0.008821834426626651,0.050702613589237444,0.04027936326019699,0.02504704699094873,0.0025488217434030958,0.036766749297385104,0.04418598555639619
VAUX_s42,L5_G07_b0_k030,L5_G07,P0,L5,0.08723361851161911,0.10118794199407963,0.0668028295957537,0.040663796851221345,0.04877305883337746,0.08583706732315477,0.09648446217761375,0.033395887236110866,0.01186110734124668,0.08878939790884033,0.12111852702219039
VAUX_s42,L5_G07_b1_k020,L5_G07,P1,L5,0.05855512934775832,0.14230595595537554,0.058401210628313514,0.11507219661671142,0.06425274400839998,0.19839975690774736,0.012141941113441135,0.10337445035111159,0.2414899828727357,0.1326608051895164,0.42764784663449973
VAUX_s42,L5_G07_b1_k062,L5_G07,P1,L5,0.04210208612015179,0.15368101168536474,0.07841103788650652,0.08125755291007364,0.07216773194800341,0.11170063095505611,0.0921190589433536,0.04263293999247253,0.077025228565617,0.2657455372682307,0.36671429649504717
VAUX_s42,L5_G07_b1_k104,L5_G07,P1,L5,0.08409124163278245,0.24096490538141416,0.10806843970958599,0.024212205669178033,0.11960041034923474,0.0230434522673022,0.012708306320746487,0.12934557849075645,0.2761699757538736,0.010043850024885614,0.12411100865574554
VAUX_s42,L5_G07_b1_k147,L5_G07,P1,L5,0.22249857669344347,0.04138450246888809,0.11424704416679436,0.09221813005933654,0.11735174412387961,0.4190696262230631,0.1189295124495402,0.05096048815175891,0.11382474729907699,0.12987738419906236,0.03563144264626317
VAUX_s42,L5_G07_b1_k189,L5_G07,P1,L5,0.056253520358688594,0.05258380365593884,0.047166158611021566,0.032022912608419496,0.0267852672357205,0.0030993354703241494,0.032747531702625565,0.006632074466324411,0.058200085319185746,0.014427827634790447,0.0778181002533529
VAUX_s42,L5_G07_b1_k231,L5_G07,P1,L5,0.009305305187269977,0.015610938016707585,0.008270122718358228,0.007948070602357582,0.004259195816143535,0.05389098743762588,0.04118310916965129,0.04722884441798669,0.002668503231689101,0.03770767120659002,0.04251591556385392
VAUX_s42,L5_G07_b1_k030,L5_G07,P1,L5,0.06878648986825789,0.14139797282492844,0.06942869425890909,0.17205426431410054,0.08178706866838237,0.25110020404099487,0.12252503759373212,0.6519104808103293,0.14999858359078644,0.03757160498844314,0.693553326127585
VAUX_s42,L5_G07_b2_k020,L5_G07,P2,L5,0.024580850870465187,0.08822402317314273,0.04320986025318031,0.03521536897009314,0.011735469620762107,0.13637643025140278,0.08279408048838377,0.2541661096038297,0.03901321766898036,0.057596762489993125,0.13395388098433614
VAUX_s42,L5_G07_b2_k062,L5_G07,P2,L5,0.048623520413703866,0.1292123433949635,0.07024131953583998,0.03298428747948523,0.028798106107570387,0.03932092970353551,0.15344785008346662,0.1223425418138504,0.029173482791520655,0.05348067090380937,0.0542861403664574
VAUX_s42,L5_G07_b2_k104,L5_G07,P2,L5,0.05136891964131776,0.13047767156327883,0.05848308983409876,0.03908886898570918,0.04649016494659053,0.10533563158242032,0.19176826637703925,0.2984421562869102,0.012202481855638325,0.030474213766865432,0.07264143173233606
VAUX_s42,L5_G07_b2_k147,L5_G07,P2,L5,0.1176392321360595,0.13847356031261632,0.10343562267045434,0.0273155465420154,0.03829186672233087,0.1646188806334976,0.06942465400788933,0.2713610852952115,0.012660809981753118,0.03646294649661286,0.05167387974142912
VAUX_s42,L5_G07_b2_k189,L5_G07,P2,L5,0.021991871856999197,0.0038721455207386063,0.01904276921764935,0.025282773938551273,0.012183075338515703,0.04974336052691797,0.008764065460127313,0.012320731977524702,0.03673361415712861,0.037926404847894446,0.0539410282362951
VAUX_s42,L5_G07_b2_k231,L5_G07,P2,L5,0.011215889279059699,0.01671983824372218,0.009593438514964463,0.0006891834290390086,0.01114151693659382,0.050410693933372386,0.04275838183821179,0.0214126899591065,0.0011114421286038123,0.038036059373553144,0.048874194726522546
VAUX_s42,L5_G07_b2_k030,L5_G07,P2,L5,0.1051766626248676,0.2104375421798231,0.1026694063350656,0.006733704532234208,0.054986489683750195,0.1014097990700975,0.06808014761190861,0.14890461461618543,0.07403331605019048,0.006532201688969508,0.3092968500277493
VAUX_s42,L5_G07_b3_k020,L5_G07,P0,L5,0.04412579889448061,0.08177616001611583,0.051913741602199394,0.01194161891266976,0.006503862503730584,0.035158821250661276,0.1542202752607409,0.16272991959704086,0.03691184659328428,0.02669251905172132,0.08321557219960596
VAUX_s42,L5_G07_b3_k062,L5_G07,P0,L5,0.08713276640574107,0.025584177176588938,0.04426160856636378,0.09132840891106686,0.12627187105244908,0.12895331260369858,0.024768180592218414,0.20849115448072553,0.023477763403207064,0.08270672042272054,0.1724869606550783
VAUX_s42,L5_G07_b3_k104,L5_G07,P0,L5,0.07489484022031204,0.10792148153573296,0.07749298195698875,0.021395627645506954,0.0639140619574392,0.14147614466492087,0.0785692508034117,0.1091174750472419,0.11919937828497496,0.03177427247283049,0.05838174489326775
VAUX_s42,L5_G07_b3_k147,L5_G07,P0,L5,0.043062527962918366,0.06618126547535717,0.039122424842294515,0.017544063486638173,0.10128059692196256,0.04156249432708137,0.03702266359687201,0.03292705958301667,0.025791181542444974,0.059080722368207716,0.04529462456412148
VAUX_s42,L5_G07_b3_k189,L5_G07,P0,L5,0.014072488792186911,0.030095570953694407,0.02014031954260309,0.044943739271798844,0.042594035448725975,0.0021443191581056453,0.004321480300859548,0.042521659735939465,0.06565104020410217,0.011686843517964007,0.07795940402138513
VAUX_s42,L5_G07_b3_k231,L5_G07,P0,L5,0.005128106979469354,0.009354654628955223,0.006213348968761435,0.005848770350356691,0.008821834426626651,0.050702613589237444,0.04027936326019699,0.02504704699094873,0.0025488217434030958,0.036766749297385104,0.04418598555639619
VAUX_s42,L5_G07_b3_k030,L5_G07,P0,L5,0.08723361851161911,0.10118794199407963,0.0668028295957537,0.040663796851221345,0.04877305883337746,0.08583706732315477,0.09648446217761375,0.033395887236110866,0.01186110734124668,0.08878939790884033,0.12111852702219039
VEXEC_s42,L4_G00_b0_k020,L4_G00,P0,L4,0.04331537970876288,0.0561034002273796,0.04695578729004354,0.013723917999823643,0.04480412032839898,0.07983921628328972,0.14080824302800465,0.11275693238712847,0.032728850113926455,0.06301571958465502,0.14714953885413706
VEXEC_s42,L4_G00_b0_k062,L4_G00,P0,L4,0.0568595308054559,0.05515602664555901,0.029512023075327333,0.046108678551536775,0.410180219164614,0.03351246129750507,0.09433551161782816,0.08065364230424166,0.007242349020089023,0.011650134430738035,0.8697480991249904
VEXEC_s42,L4_G00_b0_k104,L4_G00,P0,L4,0.03283122331200474,0.06695462486942809,0.05212266741978615,0.051817049717464814,0.06155835547551747,0.0034298882237635553,0.05838381834473694,0.021006733089961926,0.15611134325445164,0.08377004513749853,0.05331906588980928
VEXEC_s42,L4_G00_b0_k147,L4_G00,P0,L4,0.04271257018042321,0.037125087598533,0.029171579965289386,0.030282081063159882,0.0475252907790491,0.035549281656130916,0.06862539006397128,0.013053287868387997,0.010279494756105123,0.08796875120606273,0.1357896412955597
VEXEC_s42,L4_G00_b0_k189,L4_G00,P0,L4,0.04809638143374119,0.04553378687188294,0.04560938562567473,0.046138022002500945,0.03634201338162235,0.008052745375607628,0.042813699670659844,0.027973118194495328,0.013221927980339387,0.007927950595330913,0.04704561792459572
VEXEC_s42,L4_G00_b0_k231,L4_G00,P0,L4,0.004295596592698833,0.01539536602750868,0.006774972340841373,0.00800805653767922,0.01793800403053525,0.007725181167188566,0.00798216458861134,0.05166194904450094,0.0005648475853377022,0.06545348736472079,0.04698266701598186
VEXEC_s42,L4_G00_b0_k030,L4_G00,P0,L4,0.08571496040989285,0.04636508896436601,0.06666705840523635,0.056407597137876575,0.08573054590015072,0.01718569478180143,0.13051042683946434,0.05596611858345568,0.05546821397001622,0.2757255297037773,0.4772063966083806
VEXEC_s42,L4_G00_b1_k020,L4_G00,P1,L4,0.11825173404467941,0.1317853374500822,0.062412838385805136,0.03498183120753029,0.09325775036619577,0.04316054120135959,0.023546131706098095,0.44854113669134676,0.06113279052078724,0.049739521882656845,0.08213213441194966
VEXEC_s42,L4_G00_b1_k062,L4_G00,P1,L4,0.09481209500013876,0.2691400090945742,0.11990921124512473,0.09779233463308468,0.1559624775309545,0.05072771379491314,0.019368010922335088,0.013277462858241051,0.33896564779570326,0.12461006830562837,0.3287723116518464
VEXEC_s42,L4_G00_b1_k104,L4_G00,P1,L4,0.140776024375833,0.33063347300536006,0.15850186491605472,0.07026648575019867,0.13314284321877468,0.15860206229262985,0.09753627283498645,0.0599156238604337,0.01169580893474631,0.01652400043531088,0.04978847608435899
VEXEC_s42,L4_G00_b1_k147,L4_G00,P1,L4,0.04576396529153804,0.21497460720786182,0.08893031259960897,0.03164574849288371,0.1091298495142844,0.052365375217050314,0.13510373192548286,0.02077084861230105,0.1782613595132716,0.11946886600344442,0.035629110294394195
VEXEC_s42,L4_G00_b1_k189,L4_G00,P1,L4,0.009333638062208511,0.015010082382404224,0.01369483255627513,0.028348163177952412,0.031020028991679327,0.06324269723336329,0.03315426706103608,0.04850013946270337,0.040185364236094756,0.02841745811383589,0.01134721933703986
VEXEC_s42,L4_G00_b1_k231,L4_G00,P1,L4,0.002225783680073038,0.014610899207646352,0.0057742067257684545,0.0061003859999345655,0.02182294690951514,0.0047004994412418455,0.013266751375340391,0.05944894928688882,0.004324434259615373,0.056225895870738896,0.04632587049854919
VEXEC_s42,L4_G00_b1_k030,L4_G00,P1,L4,0.01672714869359406,0.17433630215301144,0.07774027599379515,0.015843851824297595,0.08276144458575319,0.15748518644249998,0.2958341570556513,0.1356439208611846,0.14699938404373825,0.2537273271191225,0.32678647426655516
VEXEC_s42,L4_G00_b2_k020,L4_G00,P2,L4,0.06229989172531824,0.09758320717632125,0.05882479591136808,0.0926891453197185,0.10899409708331398,0.06830968128633685,0.03979834110941738,0.19267532881349325,0.12394307903014123,0.16191811405587941,0.09075883007608354
VEXEC_s42,L4_G00_b2_k062,L4_G00,P2,L4,0.12597326460355388,0.22407205408016162,0.13309757989321597,0.14472569262143198,0.11018487436231195,0.06697724023251794,0.04526108341815416,0.001673961989581585,0.0492300633341074,0.1764182928018272,0.059254909167066216
VEXEC_s42,L4_G00_b2_k104,L4_G00,P2,L4,0.15377739915830257,0.14605371975190815,0.09535041779061693,0.07717415307633912,0.028070445213961404,0.04886750484001823,0.12544311364763416,0.28947186324512586,0.024076639267150313,0.18912539523444138,0.08528446778655052
VEXEC_s42,L4_G00_b2_k147,L4_G00,P2,L4,0.16705981139642695,0.23860110059662668,0.15601741443329262,0.025344674220377728,0.01588021583004323,0.14745772289461456,0.008017051324713975,0.08217773382784799,0.0020864865509793162,0.0024247882320196368,0.10407641541678458
VEXEC_s42,L4_G00_b2_k189,L4_G00,P2,L4,0.037314723019279704,0.026135527924133546,0.033793875229419214,0.004990685157122227,0.010415150924041022,0.016241046861978248,0.009375680641824147,0.03321218072960619,0.019919164391467348,0.059183359444432426,0.03680808334684116
VEXEC_s42,L4_G00_b2_k231,L4_G00,P2,L4,0.006085588130393176,0.019706495767507798,0.006986376807956501,0.008653055586739844,0.01792621889138679,0.007655404944671318,0.010674109453248093,0.07634663335920777,0.008114920965454075,0.061227458783832844,0.05317669547366677
VEXEC_s42,L4_G00_b2_k030,L4_G00,P2,L4,0.1800265282237576,0.2380422114526886,0.17306153886389036,0.19996522695582808,0.2467967069700534,0.01137840491719544,0.06213796813972294,0.041078096721321344,0.23136914731003344,0.29495507339015603,0.633548651880119
VEXEC_s42,L4_G00_b3_k020,L4_G00,P0,L4,0.04331537970876288,0.0561034002273796,0.04695578729004354,0.013723917999823643,0.04480412032839898,0.07983921628328972,0.14080824302800465,0.11275693238712847,0.032728850113926455,0.06301571958465502,0.14714953885413706
VEXEC_s42,L4_G00_b3_k062,L4_G00,P0,L4,0.0568595308054559,0.05515602664555901,0.029512023075327333,0.046108678551536775,0.410180219164614,0.03351246129750507,0.09433551161782816,0.08065364230424166,0.007242349020089023,0.011650134430738035,0.8697480991249904
VEXEC_s42,L4_G00_b3_k104,L4_G00,P0,L4,0.03283122331200474,0.06695462486942809,0.05212266741978615,0.051817049717464814,0.06155835547551747,0.0034298882237635553,0.05838381834473694,0.021006733089961926,0.15611134325445164,0.08377004513749853,0.05331906588980928
VEXEC_s42,L4_G00_b3_k147,L4_G00,P0,L4,0.04271257018042321,0.037125087598533,0.029171579965289386,0.030282081063159882,0.0475252907790491,0.035549281656130916,0.06862539006397128,0.013053287868387997,0.010279494756105123,0.08796875120606273,0.1357896412955597
VEXEC_s42,L4_G00_b3_k189,L4_G00,P0,L4,0.04809638143374119,0.04553378687188294,0.04560938562567473,0.046138022002500945,0.03634201338162235,0.008052745375607628,0.042813699670659844,0.027973118194495328,0.013221927980339387,0.007927950595330913,0.04704561792459572
VEXEC_s42,L4_G00_b3_k231,L4_G00,P0,L4,0.004295596592698833,0.01539536602750868,0.006774972340841373,0.00800805653767922,0.01793800403053525,0.007725181167188566,0.00798216458861134,0.05166194904450094,0.0005648475853377022,0.06545348736472079,0.04698266701598186
VEXEC_s42,L4_G00_b3_k030,L4_G00,P0,L4,0.08571496040989285,0.04636508896436601,0.06666705840523635,0.056407597137876575,0.08573054590015072,0.01718569478180143,0.13051042683946434,0.05596611858345568,0.05546821397001622,0.2757255297037773,0.4772063966083806
VEXEC_s42,L4_G01_b0_k020,L4_G01,P0,L4,0.037550024365093526,0.05187331039060368,0.02984959398130806,0.009186531523437624,0.09393636555369134,0.030615410665632226,0.0297458520217333,0.1382244185078889,0.010790547564852204,0.022152633784571663,0.0632915502646938
VEXEC_s42,L4_G01_b0_k062,L4_G01,P0,L4,0.14357353991774618,0.23290684269174905,0.1289392501620607,0.005475378838098788,0.03935798187864625,0.09739031249773689,0.04323456616839394,0.027122426487039775,0.06891684023867128,0.11112970704562031,0.04522117070155218
VEXEC_s42,L4_G01_b0_k104,L4_G01,P0,L4,0.04848622574396972,0.08547960991608856,0.08532106293473826,0.12396033723002842,0.1273105854546892,0.0019298907282063738,0.27018240751931444,0.031119152205064893,0.10726886705379002,0.11060801616986282,0.04535403149202466
VEXEC_s42,L4_G01_b0_k147,L4_G01,P0,L4,0.03877833880374243,0.11365588087075525,0.05033121895694169,0.03453240409692171,0.11322411492549245,0.054590029329119716,0.10042505222372711,0.035853947163559496,0.016114341360662365,0.09691205859417096,0.07396472743130289
VEXEC_s42,L4_G01_b0_k189,L4_G01,P0,L4,0.023492894884645062,0.02639178891769264,0.018805158772949096,0.013410925678731811,0.03185533787564587,0.002965126717754174,0.014445780179812573,0.07611934630403994,0.021542596030485583,0.03723228968374315,0.02197542176782008
VEXEC_s42,L4_G01_b0_k231,L4_G01,P0,L4,0.008581026949043386,0.010855537202998686,0.00905431548716584,0.0027867000204195858,0.004194006862121791,0.029060356719128322,0.048215168120805174,0.002320363841135986,0.011837712303531589,0.01268343680567341,0.020160943935479736
VEXEC_s42,L4_G01_b0_k030,L4_G01,P0,L4,0.07747712132653674,0.17610436364396204,0.07340690433032904,0.07405913959228294,0.05850825519664893,0.007143314018321689,0.07783535825728904,0.20649766642600298,0.16887032790691592,0.2028908515931107,0.15148778987349942
VEXEC_s42,L4_G01_b1_k020,L4_G01,P1,L4,0.13639061087896448,0.06134864690796692,0.09059954658012564,0.03280946966311804,0.01534253511730399,0.3828242485615192,0.0960073113877229,0.036224152659997344,0.0458454314575647,0.18912576776347123,0.12922109133796766
VEXEC_s42,L4_G01_b1_k062,L4_G01,P1,L4,0.2237027706972565,0.19509770931362447,0.19887515256039046,0.06007137595495893,0.023662179205740208,0.02829954560729675,0.036235179111827165,0.10815456425223147,0.22911240997564164,0.21943185001146048,0.4953543953888584
VEXEC_s42,L4_G01_b1_k104,L4_G01,P1,L4,0.12516309046629204,0.3119239578807105,0.14251414583218,0.19327653880932283,0.3411806809480819,0.016406719922088087,0.07907133994740434,0.16400131658883765,0.13830318514374085,0.053670397803216474,0.1108294480945915
VEXEC_s42,L4_G01_b1_k147,L4_G01,P1,L4,0.12164081170498267,0.30834894966028836,0.11284513572370633,0.23868404787936018,0.33985701686906405,0.04492636970826425,0.0436335145495832,0.3685010517947376,0.07539116618136177,0.1291563655831851,0.1134059258911293
VEXEC_s42,L4_G01_b1_k189,L4_G01,P1,L4,0.011410404263918972,0.016654384257107024,0.010431173105512347,0.028292945746613896,0.0005410456654657558,0.011432329985836986,0.023171906257630326,0.06279987146990607,0.019343713765920256,0.048888563840591814,0.006573823186045047
VEXEC_s42,L4_G01_b1_k231,L4_G01,P1,L4,0.0069640978924629246,0.00979485296443082,0.007987033382488868,0.006195575604467263,0.007631795675185571,0.03093324512883555,0.04547269364775275,0.0005961811330053024,0.013581310646259226,0.01245218107214896,0.014201879486790858
VEXEC_s42,L4_G01_b1_k030,L4_G01,P1,L4,0.18507702368539208,0.08940116382264372,0.1321784773032223,0.03900003681772568,0.13878851942461723,0.322813740815036,0.2345239500864409,0.14664531231392175,0.14091531254234724,0.155221519904444,0.1409400568518322
VEXEC_s42,L4_G01_b2_k020,L4_G01,P2,L4,0.03615114578112115,0.1300664993953243,0.04809579090161813,0.018908825474398316,0.05253227810525285,0.15621986793121323,0.07230037910630926,0.2628983068279922,0.03990101313684136,0.01615455176215619,0.24672733788611367
VEXEC_s42,L4_G01_b2_k062,L4_G01,P2,L4,0.1641347920841227,0.2927524532840459,0.15347875287963078,0.030509281722697734,0.07588499667872384,0.13605921535054222,0.08804102794965729,0.4036696326220408,0.15535899018868804,0.20265157497487962,0.3094941936433315
VEXEC_s42,L4_G01_b2_k104,L4_G01,P2,L4,0.021143331867944714,0.062258327959585524,0.03187571377177447,0.06455583172501278,0.13365641541850204,0.050830179592594504,0.0547187109477818,0.29881112778093666,0.05084058124339208,0.10016744426684454,0.03960587774054147
VEXEC_s42,L4_G01_b2_k147,L4_G01,P2,L4,0.0437299857833357,0.055186199224706016,0.04276606740733568,0.0035288864353804072,0.041578342487471165,0.02731623890576884,0.08992307836888358,0.30534259125124663,0.04234487622306915,0.004649975719075883,0.029983006956172176
VEXEC_s42,L4_G01_b2_k189,L4_G01,P2,L4,0.015686147870711337,0.01909128506080508,0.015590495599006765,0.006692627428408038,0.012117857124856357,0.026538769212493207,0.00011369685671525076,0.07906674341393227,0.05884523154236376,0.038838039989059325,0.00429801996142487
VEXEC_s42,L4_G01_b2_k231,L4_G01,P2,L4,0.005564978515951597,0.008509778207315124,0.006972359926870222,0.0005548825064520813,0.0018299988159977687,0.03224622382549569,0.04364060588704888,0.00020940068498020992,0.01711818059629877,0.01556746547066723,0.022422257177822758
VEXEC_s42,L4_G01_b2_k030,L4_G01,P2,L4,0.06232494546418237,0.1345470528148672,0.06335546002930607,0.05745190151137636,0.14102627790616684,0.01054753951029852,0.02037941518938169,0.03408298408612609,0.09104838961502537,0.02613685160758905,0.33488073604530655
VEXEC_s42,L4_G01_b3_k020,L4_G01,P0,L4,0.037550024365093526,0.05187331039060368,0.02984959398130806,0.009186531523437624,0.09393636555369134,0.030615410665632226,0.0297458520217333,0.1382244185078889,0.010790547564852204,0.022152633784571663,0.0632915502646938
VEXEC_s42,L4_G01_b3_k062,L4_G01,P0,L4,0.14357353991774618,0.23290684269174905,0.1289392501620607,0.005475378838098788,0.03935798187864625,0.09739031249773689,0.04323456616839394,0.027122426487039775,0.06891684023867128,0.11112970704562031,0.04522117070155218
VEXEC_s42,L4_G01_b3_k104,L4_G01,P0,L4,0.04848622574396972,0.08547960991608856,0.08532106293473826,0.12396033723002842,0.1273105854546892,0.0019298907282063738,0.27018240751931444,0.031119152205064893,0.10726886705379002,0.11060801616986282,0.04535403149202466
VEXEC_s42,L4_G01_b3_k147,L4_G01,P0,L4,0.03877833880374243,0.11365588087075525,0.05033121895694169,0.03453240409692171,0.11322411492549245,0.054590029329119716,0.10042505222372711,0.035853947163559496,0.016114341360662365,0.09691205859417096,0.07396472743130289
VEXEC_s42,L4_G01_b3_k189,L4_G01,P0,L4,0.023492894884645062,0.02639178891769264,0.018805158772949096,0.013410925678731811,0.03185533787564587,0.002965126717754174,0.014445780179812573,0.07611934630403994,0.021542596030485583,0.03723228968374315,0.02197542176782008
VEXEC_s42,L4_G01_b3_k231,L4_G01,P0,L4,0.008581026949043386,0.010855537202998686,0.00905431548716584,0.0027867000204195858,0.004194006862121791,0.029060356719128322,0.048215168120805174,0.002320363841135986,0.011837712303531589,0.01268343680567341,0.020160943935479736
VEXEC_s42,L4_G01_b3_k030,L4_G01,P0,L4,0.07747712132653674,0.17610436364396204,0.07340690433032904,0.07405913959228294,0.05850825519664893,0.007143314018321689,0.07783535825728904,0.20649766642600298,0.16887032790691592,0.2028908515931107,0.15148778987349942
VEXEC_s42,L4_G02_b0_k020,L4_G02,P0,L4,0.11687964892924375,0.19414322365950093,0.11117751357433736,0.04132093505340517,0.11180823992962985,0.2828027094801655,0.07742890802910551,0.40777922060806304,0.06414585571474163,0.05825042675132863,0.03377950226422399
VEXEC_s42,L4_G02_b0_k062,L4_G02,P0,L4,0.14774610686016454,0.4129777615539042,0.17544158083008085,0.22976338972730348,0.36038919834518124,0.07293716587082599,0.5211231805842544,0.5778150588739663,0.0927856668131426,0.10688875120831653,0.017568430754181463
VEXEC_s42,L4_G02_b0_k104,L4_G02,P0,L4,0.20961722242530398,0.18924143776328528,0.1701022242257805,0.017318271828117293,0.048616126949582394,0.18529130588285625,0.08274978591362014,0.03951171244261786,0.027170946705155075,0.15734514142968692,0.014868705766275525
VEXEC_s42,L4_G02_b0_k147,L4_G02,P0,L4,0.19378184130205148,0.310830500018863,0.1844917067003311,0.10717435971750922,0.21071142513869834,0.2723094565444626,0.13478242163546383,0.18388667271938175,0.07107943109804182,0.02054262605997792,0.09978934249375015
VEXEC_s42,L4_G02_b0_k189,L4_G02,P0,L4,0.018850906735225072,0.01902234228321987,0.01662745219051037,0.020097923380399507,0.03127389480037124,0.03177165396846249,0.0074527450087771285,0.08295463453032426,0.02209742798913794,0.06233645850443281,0.010600829191389494
VEXEC_s42,L4_G02_b0_k231,L4_G02,P0,L4,0.006879941175664535,0.0064344698776477895,0.007390016078520622,0.009008724790544598,0.011634434451514686,0.029962024400447262,0.01896844834482181,0.020421714758413145,0.0057551175050321035,0.05255026158556575,0.1015399963944219
VEXEC_s42,L4_G02_b0_k030,L4_G02,P0,L4,0.2535611808200741,0.4288249686028234,0.2296824561022512,0.04887988142363531,0.23684567946547608,0.16065688731032424,0.13942107811453752,0.24383336503524333,0.11819226003717631,0.1336232355388347,0.2010272251209244
VEXEC_s42,L4_G02_b1_k020,L4_G02,P1,L4,0.07646149875787231,0.24310551225295263,0.10626364257507599,0.029606420773688136,0.08314772366566103,0.3316605490690563,0.010013285296736285,0.4522325621219352,0.11978569900384173,0.15695782445982331,0.41904511468601413
VEXEC_s42,L4_G02_b1_k062,L4_G02,P1,L4,0.12144551801692335,0.1399704653551847,0.10427719249007979,0.007374735360644369,0.06258897679042796,0.010669719646102749,0.0613335840171203,0.029108316608471796,0.09666960967456362,0.012980870436877012,0.09070795978186652
VEXEC_s42,L4_G02_b1_k104,L4_G02,P1,L4,0.08359043198413488,0.36209773819529717,0.13484890728097235,0.17495047675256403,0.2539967905460778,0.052469863287115004,0.06022339282208122,0.23040662199491635,0.011772432961151935,0.25195730967243435,0.21185660682385787
VEXEC_s42,L4_G02_b1_k147,L4_G02,P1,L4,0.01124890333218316,0.11385566660214691,0.07465664837401428,0.012023750165463198,0.1535273282755969,0.1504318565266658,0.32322161685078754,0.07000710640568286,0.1145020021504024,0.16956975393986795,0.18531935045029968
VEXEC_s42,L4_G02_b1_k189,L4_G02,P1,L4,0.10880431779348544,0.14060396482161344,0.09806267530068302,0.034838194698937563,0.05695223622843182,0.07149931328967796,0.037219258560526214,0.0929873257264262,0.0012767495827574749,0.09635238777809718,0.03823171251860913
VEXEC_s42,L4_G02_b1_k231,L4_G02,P1,L4,0.007650065034177624,0.003891250320517603,0.007354717848311959,0.008837302333223551,0.009811609820963962,0.029411782568786293,0.01542474835878238,0.012574014072015416,0.0038488808531838004,0.05085744117604918,0.11224018651773804
VEXEC_s42,L4_G02_b1_k030,L4_G02,P1,L4,0.14675283807229664,0.1052060997835896,0.11644023506808261,0.17589098112075519,0.042411991870630494,0.011842842299301992,0.051676442235475406,0.5740682004179689,0.1076273867947748,0.03175964063848369,0.3721898212679662
VEXEC_s42,L4_G02_b2_k020,L4_G02,P2,L4,0.0531950248189255,0.013468401223695308,0.03199384729236439,0.023269321234873352,0.024523194043466034,0.016104228154290468,0.022374390478944406,0.28348057926632464,0.16386398527538404,0.03835620102472603,0.022782441548770294
VEXEC_s42,L4_G02_b2_k062,L4_G02,P2,L4,0.08596853441827358,0.199938304881791,0.10797851668942712,0.07707069752068474,0.0026740778819651645,0.004792539868503809,0.11199332299293019,0.14852711954154074,0.11780742253176868,0.1683643511205446,0.14473925391212106
VEXEC_s42,L4_G02_b2_k104,L4_G02,P2,L4,0.1930006841506072,0.32967312261135906,0.18132635415278997,0.1354249058684227,0.1122620877199565,0.20184102759230882,0.08810836597695015,0.010419131489470601,0.002302690758369863,0.37760424095904455,0.06457189247157658
VEXEC_s42,L4_G02_b2_k147,L4_G02,P2,L4,0.08517105246132187,0.26923361669216517,0.1323213406190888,0.1555133329384264,0.12511457567288864,0.07657189655583352,0.21380840218625963,0.3240492017939687,0.09020894870627671,0.1506321041879346,0.0016868751554284245
VEXEC_s42,L4_G02_b2_k189,L4_G02,P2,L4,0.060088400794534244,0.09349963416090665,0.05740974995203124,0.015688974188963867,0.009036255659594428,0.030760460987949045,0.010736527870903956,0.07182829082012177,0.028301704918703763,0.08991329960736039,0.05938799302748521
VEXEC_s42,L4_G02_b2_k231,L4_G02,P2,L4,0.007944542565572229,0.004292771165258785,0.006941852604353394,0.009618894833727465,0.011639547559424201,0.02812109729347867,0.01631330791133223,0.011333604561514221,0.0034998045484826434,0.05108494794330909,0.11183192253520247
VEXEC_s42,L4_G02_b2_k030,L4_G02,P2,L4,0.2533956343953444,0.2869197627336875,0.20953028007172886,0.10774873785503747,0.13384538180144068,0.10479851660784334,0.19333356630522758,0.28500957251526415,0.1572926704538986,0.005993184226099402,0.4919571774371434
VEXEC_s42,L4_G02_b3_k020,L4_G02,P0,L4,0.11687964892924375,0.19414322365950093,0.11117751357433736,0.04132093505340517,0.11180823992962985,0.2828027094801655,0.07742890802910551,0.40777922060806304,0.06414585571474163,0.05825042675132863,0.03377950226422399
VEXEC_s42,L4_G02_b3_k062,L4_G02,P0,L4,0.14774610686016454,0.4129777615539042,0.17544158083008085,0.22976338972730348,0.36038919834518124,0.07293716587082599,0.5211231805842544,0.5778150588739663,0.0927856668131426,0.10688875120831653,0.017568430754181463
VEXEC_s42,L4_G02_b3_k104,L4_G02,P0,L4,0.20961722242530398,0.18924143776328528,0.1701022242257805,0.017318271828117293,0.048616126949582394,0.18529130588285625,0.08274978591362014,0.03951171244261786,0.027170946705155075,0.15734514142968692,0.014868705766275525
VEXEC_s42,L4_G02_b3_k147,L4_G02,P0,L4,0.19378184130205148,0.310830500018863,0.1844917067003311,0.10717435971750922,0.21071142513869834,0.2723094565444626,0.13478242163546383,0.18388667271938175,0.07107943109804182,0.02054262605997792,0.09978934249375015
VEXEC_s42,L4_G02_b3_k189,L4_G02,P0,L4,0.018850906735225072,0.01902234228321987,0.01662745219051037,0.020097923380399507,0.03127389480037124,0.03177165396846249,0.0074527450087771285,0.08295463453032426,0.02209742798913794,0.06233645850443281,0.010600829191389494
VEXEC_s42,L4_G02_b3_k231,L4_G02,P0,L4,0.006879941175664535,0.0064344698776477895,0.007390016078520622,0.009008724790544598,0.011634434451514686,0.029962024400447262,0.01896844834482181,0.020421714758413145,0.0057551175050321035,0.05255026158556575,0.1015399963944219
VEXEC_s42,L4_G02_b3_k030,L4_G02,P0,L4,0.2535611808200741,0.4288249686028234,0.2296824561022512,0.04887988142363531,0.23684567946547608,0.16065688731032424,0.13942107811453752,0.24383336503524333,0.11819226003717631,0.1336232355388347,0.2010272251209244
VEXEC_s42,L4_G03_b0_k020,L4_G03,P0,L4,0.05161217227782892,0.1432861661008409,0.058030388705245,0.0012210437283783904,0.03978504569402053,0.20550784116130671,0.13847958328551613,0.014695315986273272,0.11946740481653251,0.0006450769724324346,0.014192217233357951
VEXEC_s42,L4_G03_b0_k062,L4_G03,P0,L4,0.07883807890110438,0.09612776970428331,0.06941921207444815,0.0809035836202382,0.06986140361624926,0.10807045915862545,0.052843400079098046,0.25299821185762994,0.016664573980960995,0.03778882597111988,0.09600839429185726
VEXEC_s42,L4_G03_b0_k104,L4_G03,P0,L4,0.02893241590355416,0.09243449982320115,0.034854324168466184,0.002585512506453891,0.0250369610965262,0.007679744798224419,0.052321765542728826,0.18457514601141156,0.11739259288879111,0.022739655047189444,0.07583779975539073
VEXEC_s42,L4_G03_b0_k147,L4_G03,P0,L4,0.06094069181542734,0.07842676389907681,0.05958890618874781,0.038061878849521724,0.061758724205674076,0.13239681191043928,0.06696156854741275,0.01351759240787942,0.007860046889618388,0.016344350209692493,0.04244590482630883
VEXEC_s42,L4_G03_b0_k189,L4_G03,P0,L4,0.01773492863963573,0.020794369430923332,0.014157044806424362,0.03490431944769612,0.044577558010859386,0.009688665137218777,0.01211802578472998,0.03360521190188592,0.0097624303180055,0.00745617591564951,0.06775093863689108
VEXEC_s42,L4_G03_b0_k231,L4_G03,P0,L4,0.0116595932976098,0.01198930233119589,0.007169798068076651,0.007733534801470876,0.00440841470783937,0.021520923197385855,0.011634771653916687,0.0766273025656119,0.025452199319261126,0.010225248213828309,0.04413322213804349
VEXEC_s42,L4_G03_b0_k030,L4_G03,P0,L4,0.01419049053177954,0.059494131628283375,0.02230720455714578,0.032427752310979996,0.014982027997359926,0.13505644192628097,0.10652218901668675,0.19515849807066843,0.2358808825374581,0.38236496660101693,0.14195340737933293
VEXEC_s42,L4_G03_b1_k020,L4_G03,P1,L4,0.07001827640204954,0.05533709417311342,0.0497775246105535,0.07667581320575889,0.013871942581419994,0.10110731300665066,0.08840376774605829,0.2645371579565108,0.030903021368430927,0.220359978498891,0.2853454894502647
VEXEC_s42,L4_G03_b1_k062,L4_G03,P1,L4,0.09035355645668519,0.23137027119773945,0.11790040384549956,0.12381599647414993,0.19821658006039822,0.06310958752146689,0.0008564027957618237,0.23947390588000417,0.3005296791698129,0.2629846608033404,0.01854058535536751
VEXEC_s42,L4_G03_b1_k104,L4_G03,P1,L4,0.0784033000840847,0.2173302121708647,0.09096871586188247,0.02066309732454108,0.02641580470617555,0.09995655046077445,0.02338691457407549,0.15471849218010902,0.14488453464582562,0.15294829639606178,0.054038139067415614
VEXEC_s42,L4_G03_b1_k147,L4_G03,P1,L4,0.2065489363158952,0.32286043201299536,0.1925144889453638,0.08628558077662091,0.14234879420437208,0.12861197037273087,0.19201021076878533,0.08992780126573052,0.13459810451604426,0.13927784221596085,0.057754416266107
VEXEC_s42,L4_G03_b1_k189,L4_G03,P1,L4,0.034826221118997296,0.031458131702465364,0.03126039168628819,0.06203782511895495,0.05751944819435273,0.004865759059612174,0.02308957696368452,0.028956213684068643,1.6723239241400734e-05,0.016709856248780852,0.12882766546681523
VEXEC_s42,L4_G03_b1_k231,L4_G03,P1,L4,0.008346138298514544,0.01635558692031474,0.006525532740159994,0.017720506195676722,0.031637236708887184,0.015135929781536106,0.01899602008779766,0.042037204057123745,0.034086149204085814,0.007125566189642996,0.05980638485198142
VEXEC_s42,L4_G03_b1_k030,L4_G03,P1,L4,0.08916297023163791,0.14030808359577202,0.06241002419499436,0.010513991525658795,0.08749951386193977,0.07584141590632498,0.23063874038052745,0.3940688552102074,0.22517237847205251,0.29088139344821684,0.4257569983310532
VEXEC_s42,L4_G03_b2_k020,L4_G03,P2,L4,0.03403249105963796,0.07467399109277316,0.035290295017535146,0.049767971821290724,0.021491862841810414,0.051455297507345676,0.03530967835104093,0.04416472860611975,0.13299138913862407,0.0344298678683117,0.02001587674021721
VEXEC_s42,L4_G03_b2_k062,L4_G03,P2,L4,0.17682823415073046,0.23161542673926222,0.16124509424669686,0.04339341472459633,0.05095522700339661,0.19438947262824513,0.011726050695870072,0.26220525172539055,0.1444167245645076,0.16997311735758558,0.27499343757517636
VEXEC_s42,L4_G03_b2_k104,L4_G03,P2,L4,0.09575770089931686,0.010234293002901075,0.065775782323381,0.07517517768865245,0.031240469277326932,0.14574253163300455,0.35291665147815365,0.23363938345573843,0.05845479329582304,0.3535130260133883,0.017094205773901194
VEXEC_s42,L4_G03_b2_k147,L4_G03,P2,L4,0.16452154297406782,0.19660952539907128,0.1407338786145714,0.0013645445396828215,0.0017963435414913853,0.14923109562369063,0.024497016798704863,0.19374133320525289,0.04321515469382575,0.010150813628570177,0.13832506774633657
VEXEC_s42,L4_G03_b2_k189,L4_G03,P2,L4,0.03182177882382128,0.038664871874131576,0.03135928391798213,0.004289450652557925,0.012248469087770886,0.003019113966729492,0.0214528578617319,0.06522469558694866,0.028476891362515744,0.0044781816213799175,0.05122114819823764
VEXEC_s42,L4_G03_b2_k231,L4_G03,P2,L4,0.0072599845962020215,0.02576341779525435,0.006982393818734384,0.012032474739366972,0.03034719514530959,0.024165046706912108,0.022738248811947415,0.055603919201530516,0.037352163752075285,0.011479037995741237,0.05470955288183177
VEXEC_s42,L4_G03_b2_k030,L4_G03,P2,L4,0.05049454298433554,0.12824343759998544,0.0503339153326991,0.030646630175397205,0.030196943132250548,0.01083411686704494,0.1345347524038516,0.20789998909458518,0.05804910836741328,0.1415204390650615,0.04109608952421695
VEXEC_s42,L4_G03_b3_k020,L4_G03,P0,L4,0.05161217227782892,0.1432861661008409,0.058030388705245,0.0012210437283783904,0.03978504569402053,0.20550784116130671,0.13847958328551613,0.014695315986273272,0.11946740481653251,0.0006450769724324346,0.014192217233357951
VEXEC_s42,L4_G03_b3_k062,L4_G03,P0,L4,0.07883807890110438,0.09612776970428331,0.06941921207444815,0.0809035836202382,0.06986140361624926,0.10807045915862545,0.052843400079098046,0.25299821185762994,0.016664573980960995,0.03778882597111988,0.09600839429185726
VEXEC_s42,L4_G03_b3_k104,L4_G03,P0,L4,0.02893241590355416,0.09243449982320115,0.034854324168466184,0.002585512506453891,0.0250369610965262,0.007679744798224419,0.052321765542728826,0.18457514601141156,0.11739259288879111,0.022739655047189444,0.07583779975539073
VEXEC_s42,L4_G03_b3_k147,L4_G03,P0,L4,0.06094069181542734,0.07842676389907681,0.05958890618874781,0.038061878849521724,0.061758724205674076,0.13239681191043928,0.06696156854741275,0.01351759240787942,0.007860046889618388,0.016344350209692493,0.04244590482630883
VEXEC_s42,L4_G03_b3_k189,L4_G03,P0,L4,0.01773492863963573,0.020794369430923332,0.014157044806424362,0.03490431944769612,0.044577558010859386,0.009688665137218777,0.01211802578472998,0.03360521190188592,0.0097624303180055,0.00745617591564951,0.06775093863689108
VEXEC_s42,L4_G03_b3_k231,L4_G03,P0,L4,0.0116595932976098,0.01198930233119589,0.007169798068076651,0.007733534801470876,0.00440841470783937,0.021520923197385855,0.011634771653916687,0.0766273025656119,0.025452199319261126,0.010225248213828309,0.04413322213804349
VEXEC_s42,L4_G03_b3_k030,L4_G03,P0,L4,0.01419049053177954,0.059494131628283375,0.02230720455714578,0.032427752310979996,0.014982027997359926,0.13505644192628097,0.10652218901668675,0.19515849807066843,0.2358808825374581,0.38236496660101693,0.14195340737933293
VEXEC_s42,L4_G04_b0_k020,L4_G04,P0,L4,0.023604907227759195,0.022756601305728562,0.02251611895505856,0.021313340548272386,0.03304208431929956,0.021803070907481015,0.057622205960797146,0.10221640416420996,0.11231115878763376,0.017776506967493333,0.08645809696463402
VEXEC_s42,L4_G04_b0_k062,L4_G04,P0,L4,0.08543784506862415,0.03856262388044242,0.04555541213899718,0.10110249760473211,0.12819258875606376,0.006545876232848968,0.010214120091404766,0.4048648893367499,0.029363994210143574,0.01244721349212341,0.09472014679340646
VEXEC_s42,L4_G04_b0_k104,L4_G04,P0,L4,0.07032751166085419,0.0629419712407173,0.05915752895271305,0.06997994983444178,0.1053050739091752,0.13402421784121543,0.12480247676649014,0.024939953436842188,0.10023516263754573,0.04747778362070676,0.1468807050259784
VEXEC_s42,L4_G04_b0_k147,L4_G04,P0,L4,0.05008608021906621,0.09988690306265546,0.04737921241482425,0.06102604418610813,0.11690445415157891,0.044892294390592724,0.04633087770889688,0.06044585780182388,0.09837410249747336,0.042030714903376065,0.07682079286314547
VEXEC_s42,L4_G04_b0_k189,L4_G04,P0,L4,0.02113710912540436,0.026928732198068028,0.021988828285009674,0.00854036072000941,0.0016404254295112608,0.02545573003953905,0.009715992579003796,0.041982067574281245,0.01049492264064611,0.017404538037226303,0.015454396227141842
VEXEC_s42,L4_G04_b0_k231,L4_G04,P0,L4,0.0032899119508210334,0.0103335475381381,0.005779835000206722,0.0024652018149020627,0.002521228397199593,0.0054286685517581645,0.015338599961978616,0.09300368760887068,0.005104101692268159,0.017249076314328704,0.07022973974017077
VEXEC_s42,L4_G04_b0_k030,L4_G04,P0,L4,0.07045932713662961,0.06619335477489746,0.05703861737283241,0.051751109450969945,0.1052503123768016,0.008836561391944997,0.13474588468670845,0.009628947107557906,0.0027642220447887667,0.05423230193264317,0.20566172630060464
VEXEC_s42,L4_G04_b1_k020,L4_G04,P1,L4,0.06126053171308561,0.11129880413274149,0.044640952787436086,0.11332637775976862,0.07962668634566095,0.280339585040565,0.02472231268257019,0.3397894431836903,0.19612228369805962,0.11712219825858483,0.40199196405592375
VEXEC_s42,L4_G04_b1_k062,L4_G04,P1,L4,0.01609979338510783,0.10652118120141542,0.061422570473597914,0.0808641209225911,0.06990344291455353,0.10246346779058513,0.1131300344131887,0.19502918212674558,0.10054946447417024,0.2531132640724536,0.5260328884687624
VEXEC_s42,L4_G04_b1_k104,L4_G04,P1,L4,0.09754982161637117,0.3196128151692179,0.1325951523076978,0.012071801232234503,0.09749079155794105,0.13084839179646224,0.020313507395258057,0.09450622787699103,0.23892179020913318,0.007572214169158542,0.017489975085482
VEXEC_s42,L4_G04_b1_k147,L4_G04,P1,L4,0.24828350674859068,0.13781915628684116,0.1645471712136654,0.14559086163826596,0.15404666077553242,0.38085867115296423,0.11030954329180531,0.08335583980078809,0.09491213111323304,0.10076984361512586,0.1573781505721854
VEXEC_s42,L4_G04_b1_k189,L4_G04,P1,L4,0.03466736618856718,0.03323096835738676,0.03496384222561304,0.0612323560041661,0.06648342114149286,0.03511660340882372,0.014529208725434728,0.0037460919411387295,0.02276660479401471,0.06305869013158372,0.016055621119448915
VEXEC_s42,L4_G04_b1_k231,L4_G04,P1,L4,0.005536617821557108,0.018031274914077775,0.010009776272193774,0.0011353837025005475,0.0054362893179016325,0.006476569349615602,0.018837274521501968,0.0889275700392318,0.007494453751860419,0.016549932450288907,0.06037671975718695
VEXEC_s42,L4_G04_b1_k030,L4_G04,P1,L4,0.023973867542454813,0.1282801379909659,0.0707205032637771,0.17324213698302504,0.08174688389190399,0.19469015813956503,0.1750664673600113,0.7106854408921208,0.1691414211090887,0.028107270144118957,0.6253336489317007
VEXEC_s42,L4_G04_b2_k020,L4_G04,P2,L4,0.061007549898699234,0.13140360236521498,0.0607358416958901,0.030112473962569997,0.04954604162244047,0.059477369650267065,0.017430711479391903,0.08869302063249052,0.0960340490564704,0.03475562948733568,0.2696653683669865
VEXEC_s42,L4_G04_b2_k062,L4_G04,P2,L4,0.04399298335153048,0.13367133089836256,0.06092607495771134,0.030393572967659654,0.044183000731936595,0.06376376273692586,0.17194338110857643,0.05853009736165404,0.07920171169098467,0.01327282254351303,0.018263626378029585
VEXEC_s42,L4_G04_b2_k104,L4_G04,P2,L4,0.06007606434376548,0.13552458252143643,0.0678140554655084,0.006466547248418664,0.05822112110181621,0.06265601539053023,0.014341358444653451,0.05054829397704452,0.022402431117370725,0.012354975973721594,0.14349110837792978
VEXEC_s42,L4_G04_b2_k147,L4_G04,P2,L4,0.09766238505578753,0.12382507020940406,0.09041745367468738,0.006307402043240318,0.04609586592907178,0.07184787877486087,0.01874873973429203,0.14965281978948042,0.0016594877233728766,0.06386668193590594,0.041125596788333496
VEXEC_s42,L4_G04_b2_k189,L4_G04,P2,L4,0.03932450457751373,0.03145680304002824,0.03780548330462211,0.01239868901295682,0.01716484376854499,0.08163805293588666,0.028204160818859236,0.046362541055714246,0.01925559638766572,0.0004586269315041136,0.03077777798534953
VEXEC_s42,L4_G04_b2_k231,L4_G04,P2,L4,0.0012722123115702783,0.01293857987188883,0.006989838742949342,0.004248825877243512,0.013127529892541734,0.008006518488400616,0.016347033913916675,0.08299040364363464,0.006519698075862834,0.01735421593184583,0.06081443932998809
VEXEC_s42,L4_G04_b2_k030,L4_G04,P2,L4,0.023187604743449344,0.16001830454384125,0.05402815374654433,0.0378416430372428,0.0617519070427508,0.12046086596092209,0.09002112073358148,0.2547646025195718,0.02429488959023729,0.030907858366845176,0.20949481479328824
VEXEC_s42,L4_G04_b3_k020,L4_G04,P0,L4,0.023604907227759195,0.022756601305728562,0.02251611895505856,0.021313340548272386,0.03304208431929956,0.021803070907481015,0.057622205960797146,0.10221640416420996,0.11231115878763376,0.017776506967493333,0.08645809696463402
VEXEC_s42,L4_G04_b3_k062,L4_G04,P0,L4,0.08543784506862415,0.03856262388044242,0.04555541213899718,0.10110249760473211,0.12819258875606376,0.006545876232848968,0.010214120091404766,0.4048648893367499,0.029363994210143574,0.01244721349212341,0.09472014679340646
VEXEC_s42,L4_G04_b3_k104,L4_G04,P0,L4,0.07032751166085419,0.0629419712407173,0.05915752895271305,0.06997994983444178,0.1053050739091752,0.13402421784121543,0.12480247676649014,0.024939953436842188,0.10023516263754573,0.04747778362070676,0.1468807050259784
VEXEC_s42,L4_G04_b3_k147,L4_G04,P0,L4,0.05008608021906621,0.09988690306265546,0.04737921241482425,0.06102604418610813,0.11690445415157891,0.044892294390592724,0.04633087770889688,0.06044585780182388,0.09837410249747336,0.042030714903376065,0.07682079286314547
VEXEC_s42,L4_G04_b3_k189,L4_G04,P0,L4,0.02113710912540436,0.026928732198068028,0.021988828285009674,0.00854036072000941,0.0016404254295112608,0.02545573003953905,0.009715992579003796,0.041982067574281245,0.01049492264064611,0.017404538037226303,0.015454396227141842
VEXEC_s42,L4_G04_b3_k231,L4_G04,P0,L4,0.0032899119508210334,0.0103335475381381,0.005779835000206722,0.0024652018149020627,0.002521228397199593,0.0054286685517581645,0.015338599961978616,0.09300368760887068,0.005104101692268159,0.017249076314328704,0.07022973974017077
VEXEC_s42,L4_G04_b3_k030,L4_G04,P0,L4,0.07045932713662961,0.06619335477489746,0.05703861737283241,0.051751109450969945,0.1052503123768016,0.008836561391944997,0.13474588468670845,0.009628947107557906,0.0027642220447887667,0.05423230193264317,0.20566172630060464
VEXEC_s42,L4_G05_b0_k020,L4_G05,P0,L4,0.032341967960359465,0.06018989454149575,0.05111291512678079,0.009191065988216618,0.06306161140851207,0.15119391043117503,0.08092604856938124,0.006143851205706596,0.25988764100475237,0.06833005395310465,0.015391987879411317
VEXEC_s42,L4_G05_b0_k062,L4_G05,P0,L4,0.031182857476402752,0.05570297365983129,0.0386828749392488,0.10806344923362365,0.08223537813469095,0.043037171752075665,0.08050385501701385,0.21025246439967304,0.019799919737124583,0.011861992126796395,0.060228925314731896
VEXEC_s42,L4_G05_b0_k104,L4_G05,P0,L4,0.04809948568327411,0.06250928907820887,0.04072584317122056,0.04563714365504046,0.09708729351764234,0.010633390353177674,0.09329890143999364,0.1083883603932918,0.0593574182712473,0.043260138478217414,0.0027140507850162976
VEXEC_s42,L4_G05_b0_k147,L4_G05,P0,L4,0.0418275755333452,0.10737544687888423,0.042165139681040555,0.028781497924227573,0.10053029005839464,0.013019809528486803,0.06663330589071847,0.2321522133424878,0.00012246456753928214,0.11403953764238395,0.11390199157176539
VEXEC_s42,L4_G05_b0_k189,L4_G05,P0,L4,0.04405937040493232,0.036627889682231976,0.035479376757666756,0.010685228153634263,0.005560884310340519,0.02184207600657828,0.03139330736303236,0.022948181656829547,0.02563735446528881,0.024716096890188055,0.05967381701339036
VEXEC_s42,L4_G05_b0_k231,L4_G05,P0,L4,0.01897411348262168,0.016077957437615475,0.015022154043879432,0.014165081572012461,0.004687232003722119,0.005288384563755244,0.004304330901504727,0.034927276632515714,0.009146306434558937,0.015332198825490195,0.010033151676907437
VEXEC_s42,L4_G05_b0_k030,L4_G05,P0,L4,0.14682484862755094,0.0982318808558339,0.09651931718596998,0.033412437215884605,0.10550306121876973,0.15943413125933148,0.04321065094700316,0.1454646684214822,0.06084155896678567,0.05857074314917554,0.027264548290986568
VEXEC_s42,L4_G05_b1_k020,L4_G05,P1,L4,0.1266400246682106,0.06752585248419075,0.08380931674315163,0.019207733860976184,0.08982765492721256,0.14180527557618916,0.16137997194891796,0.03942266896410729,0.0673445422144141,0.05880936222092714,0.06607735709985718
VEXEC_s42,L4_G05_b1_k062,L4_G05,P1,L4,0.052311253252402566,0.3641976093399235,0.11381120109856524,0.27141118390873054,0.30512274317838983,0.045513643068261445,0.15240469406126067,0.11813708434056025,0.3041144679300487,0.1801987488361192,0.1516329259320628
VEXEC_s42,L4_G05_b1_k104,L4_G05,P1,L4,0.1909328531336555,0.37682714741147194,0.21232799524842214,0.23019747065627616,0.2967142738481927,0.06831068496467196,0.017027189838699996,0.17165826563723385,0.10532151776715182,0.007812582021870185,0.3656684313318692
VEXEC_s42,L4_G05_b1_k147,L4_G05,P1,L4,0.08183740380172497,0.17417200395924337,0.07955707319127853,0.06174590091895871,0.07096116032662447,0.10953984485240653,0.052546504521160387,0.24822985219361726,0.26159068720880896,0.0762270677350898,0.2941402564756572
VEXEC_s42,L4_G05_b1_k189,L4_G05,P1,L4,0.08575383088638992,0.11612722997935646,0.08460211357094485,0.042177658470972546,0.059523935894867375,0.01976595271480619,0.013461724622175097,0.05059945461107418,0.014042983073068172,0.008821014089335222,0.023428389460605104
VEXEC_s42,L4_G05_b1_k231,L4_G05,P1,L4,0.02060421074295939,0.020503240015334476,0.014582742426032936,0.018759485035160228,0.006900657104732311,0.0023748582098050974,0.008321704430272803,0.04378761174302781,0.013390447704296093,0.018307787155208644,0.01759689380560303
VEXEC_s42,L4_G05_b1_k030,L4_G05,P1,L4,0.0460250728015663,0.1516862928741164,0.07305192529290624,0.0797164760774196,0.07864031144595174,0.07437234166718554,0.2484581360768061,0.21945023955777287,0.26488961980794556,0.0212012199262972,0.1627528156968765
VEXEC_s42,L4_G05_b2_k020,L4_G05,P2,L4,0.12197457277849755,0.06908697471802565,0.0879346194474095,0.009914746322919221,0.010820759396027224,0.007748766918666661,0.033202983147930354,0.18000632745679468,0.14130347594618797,0.016912588733248413,0.047031971043907106
VEXEC_s42,L4_G05_b2_k062,L4_G05,P2,L4,0.09780489300716179,0.15736944106549086,0.1085209424863749,0.1522180509058666,0.15487897780658377,0.04104892164468765,0.24123836078797467,0.0815451757516712,0.1478525942657143,0.09125059051439166,0.15899883923702873
VEXEC_s42,L4_G05_b2_k104,L4_G05,P2,L4,0.08721206139804602,0.08746371085581917,0.060796310316741875,0.09435664430748059,0.09756520432156224,0.10827615574817173,0.07861955498810858,0.0035943953407695517,0.024260454112663865,0.029559495160356164,0.32464408219675533
VEXEC_s42,L4_G05_b2_k147,L4_G05,P2,L4,0.3682176925091892,0.4433114031211945,0.3215351090932816,0.07391919634296729,0.16066011492944154,0.12972956054727547,0.2395086268079467,0.4416147880256176,0.03212311043898808,0.1008500263451424,0.0600061998993624
VEXEC_s42,L4_G05_b2_k189,L4_G05,P2,L4,0.01740565106999296,0.034309520510483645,0.021143724820702325,0.029236887598287353,0.03826016495831652,0.02275133564398857,0.0021418128890218213,0.021522767361602746,0.020071441675099777,0.0030012781062396243,0.02242052306974074
VEXEC_s42,L4_G05_b2_k231,L4_G05,P2,L4,0.019098080311829108,0.01685032454059239,0.015175146611140184,0.01896459103062309,0.003313899565534406,0.002491635903425049,0.011458557619334897,0.04057252177153714,0.017020072067680303,0.017706305494357366,0.019658762867038604
VEXEC_s42,L4_G05_b2_k030,L4_G05,P2,L4,0.1645700782602929,0.2877172634948628,0.1513975901706846,0.08489016206585998,0.029248520925286403,0.1138628622284159,0.07762523257406428,0.14344247477129102,0.14315140439430252,0.28108859730127733,0.21189416082052048
VEXEC_s42,L4_G05_b3_k020,L4_G05,P0,L4,0.032341967960359465,0.06018989454149575,0.05111291512678079,0.009191065988216618,0.06306161140851207,0.15119391043117503,0.08092604856938124,0.006143851205706596,0.25988764100475237,0.06833005395310465,0.015391987879411317
VEXEC_s42,L4_G05_b3_k062,L4_G05,P0,L4,0.031182857476402752,0.05570297365983129,0.0386828749392488,0.10806344923362365,0.08223537813469095,0.043037171752075665,0.08050385501701385,0.21025246439967304,0.019799919737124583,0.011861992126796395,0.060228925314731896
VEXEC_s42,L4_G05_b3_k104,L4_G05,P0,L4,0.04809948568327411,0.06250928907820887,0.04072584317122056,0.04563714365504046,0.09708729351764234,0.010633390353177674,0.09329890143999364,0.1083883603932918,0.0593574182712473,0.043260138478217414,0.0027140507850162976
VEXEC_s42,L4_G05_b3_k147,L4_G05,P0,L4,0.0418275755333452,0.10737544687888423,0.042165139681040555,0.028781497924227573,0.10053029005839464,0.013019809528486803,0.06663330589071847,0.2321522133424878,0.00012246456753928214,0.11403953764238395,0.11390199157176539
VEXEC_s42,L4_G05_b3_k189,L4_G05,P0,L4,0.04405937040493232,0.036627889682231976,0.035479376757666756,0.010685228153634263,0.005560884310340519,0.02184207600657828,0.03139330736303236,0.022948181656829547,0.02563735446528881,0.024716096890188055,0.05967381701339036
VEXEC_s42,L4_G05_b3_k231,L4_G05,P0,L4,0.01897411348262168,0.016077957437615475,0.015022154043879432,0.014165081572012461,0.004687232003722119,0.005288384563755244,0.004304330901504727,0.034927276632515714,0.009146306434558937,0.015332198825490195,0.010033151676907437
VEXEC_s42,L4_G05_b3_k030,L4_G05,P0,L4,0.14682484862755094,0.0982318808558339,0.09651931718596998,0.033412437215884605,0.10550306121876973,0.15943413125933148,0.04321065094700316,0.1454646684214822,0.06084155896678567,0.05857074314917554,0.027264548290986568
VEXEC_s42,L4_G06_b0_k020,L4_G06,P0,L4,0.05002422600747218,0.07185327851175262,0.052147151560966144,0.007159015124490242,0.022898026551412265,0.06997159555976395,0.12407671207620297,0.10296216141432524,0.07294146889762487,0.02029680018313229,0.0369842064101249
VEXEC_s42,L4_G06_b0_k062,L4_G06,P0,L4,0.05433501719369237,0.020497910077388725,0.0257626349816129,0.01080556695087731,0.277927171743066,0.0016824226404423825,0.06583198017324321,0.11664071516133845,0.04005568406864768,0.06083782034443175,0.6106404907768592
VEXEC_s42,L4_G06_b0_k104,L4_G06,P0,L4,0.044356052243280854,0.01024973806578955,0.049564376745598104,0.02300124186740682,0.025873581476051566,0.11326253891456872,0.06887374264988466,0.06130716517145629,0.06642870065115858,0.17394303163746372,0.05524628871353343
VEXEC_s42,L4_G06_b0_k147,L4_G06,P0,L4,0.026880373539701383,0.07380258629353965,0.03774936210328996,0.06504348913135782,0.0005794319092737865,0.002023628512688447,0.007408995472360402,0.07890893542207778,0.0005827990062243771,0.08582443813793361,0.005712942918762565
VEXEC_s42,L4_G06_b0_k189,L4_G06,P0,L4,0.026006764140475955,0.04040566417781225,0.02444114220456217,0.057481612757054545,0.020846109141801517,0.01668046852137195,0.027511242595210206,0.04312757089792285,0.025575538091288763,0.004294022000976838,0.08505824524036143
VEXEC_s42,L4_G06_b0_k231,L4_G06,P0,L4,0.0029293630591464906,0.01585435021768058,0.008912230868242246,0.008811511603027178,0.026770205489321963,0.0033011131272360217,0.03979730340142851,0.07993325838833698,0.0008452973706880584,0.047411133389687166,0.004496092860790668
VEXEC_s42,L4_G06_b0_k030,L4_G06,P0,L4,0.057808182194725326,0.04056738664851197,0.04192839049495949,0.02925440901817611,0.017639346221403063,0.04883030167547986,0.1489403320592828,0.16280869510956109,0.027976180383120663,0.18880634175729938,0.6447515862819273
VEXEC_s42,L4_G06_b1_k020,L4_G06,P1,L4,0.11368074366753209,0.14404384729408162,0.06283840951325535,0.04898973487490643,0.0890972393824292,0.019211943188565783,0.06946042942581698,0.26856347876309883,0.003894233494065702,0.022275940573308617,0.14593401906313375
VEXEC_s42,L4_G06_b1_k062,L4_G06,P1,L4,0.1352272444986342,0.24635897804469192,0.134224497762722,0.04109684969912397,0.08042064470650967,0.09967743209563196,0.030448310950305313,0.09515758548513986,0.302326807519421,0.03032490873010829,0.35571618235553615
VEXEC_s42,L4_G06_b1_k104,L4_G06,P1,L4,0.09706765311952513,0.31135026456466464,0.14025489163207477,0.08533513981365193,0.12252110713107145,0.20037617802154273,0.19300731280236505,0.13773355638841167,0.07698639639420435,0.0727491170346184,0.04992414033040404
VEXEC_s42,L4_G06_b1_k147,L4_G06,P1,L4,0.06505008577472825,0.22580521142876395,0.096117058891514,0.13127353641102602,0.22015812381141453,0.14896224837866612,0.09274943398486357,0.03598487377166748,0.18908350955462083,0.05489580697758356,0.1419695446966216
VEXEC_s42,L4_G06_b1_k189,L4_G06,P1,L4,0.02266527968219013,0.020207762058465407,0.017515135419518147,0.0016983992246415447,0.005627867847180834,0.02380307465136866,0.018507923137804028,0.03994635499839205,0.003837693417153787,0.01573210907736211,0.05837209958190215
VEXEC_s42,L4_G06_b1_k231,L4_G06,P1,L4,0.0067478598276411745,0.007089156613050803,0.007806685352696435,0.008439222332107477,0.0035285056242413404,0.001035108340147417,0.02014384730864549,0.07669148781133117,0.006235796812688932,0.04205182434452581,0.020848771291639423
VEXEC_s42,L4_G06_b1_k030,L4_G06,P1,L4,0.058725388177622156,0.14612779508640095,0.08312141930770339,0.00688589095333203,0.10106377102600694,0.1564790242118761,0.3520434124293388,0.23545609635766596,0.19721284380648285,0.2611898865488911,0.3073384389281273
VEXEC_s42,L4_G06_b2_k020,L4_G06,P2,L4,0.043054234895834154,0.08410281543468152,0.0505109175200237,0.00032884965121349197,0.03823589926823967,0.07214727182872593,0.10377033310942352,0.11889667040668428,0.07845269289100543,0.039108944532927126,0.04124954098369926
VEXEC_s42,L4_G06_b2_k062,L4_G06,P2,L4,0.0829758537031719,0.1943193472854189,0.09797542537723494,0.11892153835615149,0.04201924599437712,0.031429141148692,0.03641409668489359,0.13741154421586543,0.04843530768994242,0.08658587839454412,0.2051734101260081
VEXEC_s42,L4_G06_b2_k104,L4_G06,P2,L4,0.1781666245788134,0.1895976198504073,0.11330376058875351,0.030509700968833542,0.03126054390959232,0.03504856210201979,0.04262211520108394,0.16445698274765164,0.019773157022427768,0.15404280662187375,0.02749694255180657
VEXEC_s42,L4_G06_b2_k147,L4_G06,P2,L4,0.18036797524278475,0.2595780793145547,0.1727342673559115,0.03322898392966689,0.0014480528873490606,0.09426308807451278,0.08238533785333857,0.06875608896370977,0.015232692945573945,0.07174589839269174,0.01304854943009559
VEXEC_s42,L4_G06_b2_k189,L4_G06,P2,L4,0.03610426700739028,0.024042010293675527,0.028835184832484317,0.009876506590376088,0.002203335791887362,0.029166497944970615,0.002333854507014621,0.010949031930067576,0.020336109351774212,0.057803439331109985,0.056253790429764194
VEXEC_s42,L4_G06_b2_k231,L4_G06,P2,L4,0.0007047692117267561,0.015082751570222184,0.007119641196878609,0.011020792021473547,0.02685705596453536,0.007713927796430653,0.03504600164524163,0.08001896560381283,0.0011448777549958322,0.0451095213793451,0.015385283855721354
VEXEC_s42,L4_G06_b2_k030,L4_G06,P2,L4,0.09348015974348949,0.11236042002957372,0.08216053720830313,0.10035129044699787,0.14000752248539428,0.008272266946732998,0.09658075345214456,0.019511427963152528,0.17251947021577507,0.32580729403707664,0.7314276917022653
VEXEC_s42,L4_G06_b3_k020,L4_G06,P0,L4,0.05002422600747218,0.07185327851175262,0.052147151560966144,0.007159015124490242,0.022898026551412265,0.06997159555976395,0.12407671207620297,0.10296216141432524,0.07294146889762487,0.02029680018313229,0.0369842064101249
VEXEC_s42,L4_G06_b3_k062,L4_G06,P0,L4,0.05433501719369237,0.020497910077388725,0.0257626349816129,0.01080556695087731,0.277927171743066,0.0016824226404423825,0.06583198017324321,0.11664071516133845,0.04005568406864768,0.06083782034443175,0.6106404907768592
VEXEC_s42,L4_G06_b3_k104,L4_G06,P0,L4,0.044356052243280854,0.01024973806578955,0.049564376745598104,0.02300124186740682,0.025873581476051566,0.11326253891456872,0.06887374264988466,0.06130716517145629,0.06642870065115858,0.17394303163746372,0.05524628871353343
VEXEC_s42,L4_G06_b3_k147,L4_G06,P0,L4,0.026880373539701383,0.07380258629353965,0.03774936210328996,0.06504348913135782,0.0005794319092737865,0.002023628512688447,0.007408995472360402,0.07890893542207778,0.0005827990062243771,0.08582443813793361,0.005712942918762565
VEXEC_s42,L4_G06_b3_k189,L4_G06,P0,L4,0.026006764140475955,0.04040566417781225,0.02444114220456217,0.057481612757054545,0.020846109141801517,0.01668046852137195,0.027511242595210206,0.04312757089792285,0.025575538091288763,0.004294022000976838,0.08505824524036143
VEXEC_s42,L4_G06_b3_k231,L4_G06,P0,L4,0.0029293630591464906,0.01585435021768058,0.008912230868242246,0.008811511603027178,0.026770205489321963,0.0033011131272360217,0.03979730340142851,0.07993325838833698,0.0008452973706880584,0.047411133389687166,0.004496092860790668
VEXEC_s42,L4_G06_b3_k030,L4_G06,P0,L4,0.057808182194725326,0.04056738664851197,0.04192839049495949,0.02925440901817611,0.017639346221403063,0.04883030167547986,0.1489403320592828,0.16280869510956109,0.027976180383120663,0.18880634175729938,0.6447515862819273
VEXEC_s42,L4_G07_b0_k020,L4_G07,P0,L4,0.038648561569901076,0.052341235416301285,0.0340819818486355,0.012540554794201242,0.08103951766732864,0.00958223929774249,0.04194252427441825,0.1201997899916023,0.02690119357248477,0.03225509385811165,0.021913023956585675
VEXEC_s42,L4_G07_b0_k062,L4_G07,P0,L4,0.14044926150335274,0.20433761748359802,0.12333585258564575,0.062378371924160625,0.09105451186001146,0.09737672605842818,0.009406852128449827,0.08782505593262613,0.06261690523388097,0.08292655469267629,0.09163250535493717
VEXEC_s42,L4_G07_b0_k104,L4_G07,P0,L4,0.05446780719033147,0.09581960062037602,0.0884956502285278,0.12472543762462385,0.14110989872981872,0.0026751478708320064,0.2702458340791054,0.12088517870870419,0.11882916104514152,0.10167690346133895,0.07038759513670811
VEXEC_s42,L4_G07_b0_k147,L4_G07,P0,L4,0.061117678345221825,0.05543530201260823,0.03778971774424024,0.03946866633746149,0.05837747155496675,0.09667187846207526,0.09744319703895599,0.030794300022535026,0.05738277519776602,0.10769262880785391,0.051172481558751315
VEXEC_s42,L4_G07_b0_k189,L4_G07,P0,L4,0.021179810630282354,0.04054066934964827,0.023165725497414802,0.0292621551647696,0.037308228214396166,0.019705314574821386,0.002049703394732205,0.005176096259674523,0.04852193010810879,0.030095017049461603,0.12660632894767332
VEXEC_s42,L4_G07_b0_k231,L4_G07,P0,L4,0.015313313960159433,0.009210032340606765,0.011854609271808658,0.03284386518967031,0.012346549942640728,0.002618276408611564,0.025475640493823448,0.015137299455091124,0.0037432302196975797,0.005141109435498947,0.09569843745339313
VEXEC_s42,L4_G07_b0_k030,L4_G07,P0,L4,0.07125333448481425,0.1754926043840983,0.06815777783749577,0.09674877461111331,0.044704814759096045,0.006567094718775479,0.12087916271411814,0.21180186048150063,0.20961578690912575,0.20514095594990067,0.30590207970817573
VEXEC_s42,L4_G07_b1_k020,L4_G07,P1,L4,0.1587281743979183,0.14442094146788828,0.11766361878299189,0.03448896990270578,0.025273570327733808,0.34919041996181477,0.01473771935707191,0.14494127786019817,0.060434551975049544,0.15359329001512378,0.11584932025289163
VEXEC_s42,L4_G07_b1_k062,L4_G07,P1,L4,0.20267567158738922,0.14552524495552838,0.17174217097773395,0.03428171123887225,0.034307862923697474,0.04520552280882839,0.14299322839360684,0.021481069808942266,0.041206292451533955,0.15551376165240072,0.35999618365895003
VEXEC_s42,L4_G07_b1_k104,L4_G07,P1,L4,0.13701126157849478,0.3156079267852099,0.15049114797365165,0.17742499511175525,0.31142435016483305,0.007350585539825261,0.1056584466714412,0.24147523567080498,0.20801847038092092,0.0003524487347021932,0.20859141869004816
VEXEC_s42,L4_G07_b1_k147,L4_G07,P1,L4,0.12724929769522214,0.3437212329869161,0.13020679976587565,0.2441495500097517,0.3518119316109732,0.0008409021684201434,0.06829007840133272,0.06696829665452242,0.08947645590524189,0.1256195591413416,0.26217781941522844
VEXEC_s42,L4_G07_b1_k189,L4_G07,P1,L4,0.032810273834910815,0.04841951478757161,0.034265919195925136,0.06174213922183458,0.06341300236142328,0.012501358163717669,0.003777416637603892,0.007383989563095383,0.030593128936743597,0.04973847250585095,0.10295592228794703
VEXEC_s42,L4_G07_b1_k231,L4_G07,P1,L4,0.018318596921301063,0.014867785395175855,0.014171261973794879,0.0479359145873787,0.038558345597675736,0.002059145084785996,0.033852999597002054,0.0019576596569095273,0.006390462447598111,0.0017729087921907194,0.08214000860243686
VEXEC_s42,L4_G07_b1_k030,L4_G07,P1,L4,0.23271495852716675,0.018732575786552946,0.1572669731467724,0.06487148668532994,0.18580289920140514,0.209964262729045,0.361230874521425,0.16307610383955762,0.1958371437212918,0.1685279953526333,0.31748939721728675
VEXEC_s42,L4_G07_b2_k020,L4_G07,P2,L4,0.042026343800085346,0.12212076759938148,0.048933370547018615,0.01109345421609742,0.05156390118900145,0.11166926313308068,0.03995542385382578,0.0846250121248886,0.04897174681536853,0.02511726407101378,0.10720793128712103
VEXEC_s42,L4_G07_b2_k062,L4_G07,P2,L4,0.13172559198190426,0.18908590489185242,0.11274203801276443,0.00807818345006206,0.024988766783416327,0.19046992558287457,0.014619801077060401,0.25700962729752064,0.17709364311303943,0.14269889489514753,0.1099280659109354
VEXEC_s42,L4_G07_b2_k104,L4_G07,P2,L4,0.056525746326349664,0.13522335336979074,0.06802496033920855,0.08118007449193065,0.1707697467332765,0.049134768603835255,0.11008824314922094,0.21307469543535262,0.07601111428812146,0.0755174225778319,0.07875953053007834
VEXEC_s42,L4_G07_b2_k147,L4_G07,P2,L4,0.04230186507188067,0.09097334769721277,0.051657511259484146,0.0014728078967900515,0.015832774188164533,0.019959967234171927,0.10112773545552045,0.3117112792097032,0.028351279859634815,0.0036846797775069717,0.014278060698416084
VEXEC_s42,L4_G07_b2_k189,L4_G07,P2,L4,0.009504127731458398,0.024430112797843975,0.011145964116106088,0.0046876295977491544,0.011783407916124311,0.02580049418611452,0.006505637284135446,0.03641676899860613,0.0002023459383053705,0.05175255745416507,0.12038285489143163
VEXEC_s42,L4_G07_b2_k231,L4_G07,P2,L4,0.019101458420377176,0.01395914703849513,0.015604085691791104,0.031065395388890638,0.011215888992814671,0.0045419055422826204,0.02400128749286523,0.013379948282818077,0.007442718604579568,0.006113185376307229,0.09427508514636429
VEXEC_s42,L4_G07_b2_k030,L4_G07,P2,L4,0.016150100515604688,0.17369497638094397,0.061061211216302834,0.08804675163191877,0.13323196356923228,0.013719219248741865,0.09665123210288584,0.03760248958133161,0.05973157688276842,0.05827135875006206,0.28431794489733875
VEXEC_s42,L4_G07_b3_k020,L4_G07,P0,L4,0.038648561569901076,0.052341235416301285,0.0340819818486355,0.012540554794201242,0.08103951766732864,0.00958223929774249,0.04194252427441825,0.1201997899916023,0.02690119357248477,0.03225509385811165,0.021913023956585675
VEXEC_s42,L4_G07_b3_k062,L4_G07,P0,L4,0.14044926150335274,0.20433761748359802,0.12333585258564575,0.062378371924160625,0.09105451186001146,0.09737672605842818,0.009406852128449827,0.08782505593262613,0.06261690523388097,0.08292655469267629,0.09163250535493717
VEXEC_s42,L4_G07_b3_k104,L4_G07,P0,L4,0.05446780719033147,0.09581960062037602,0.0884956502285278,0.12472543762462385,0.14110989872981872,0.0026751478708320064,0.2702458340791054,0.12088517870870419,0.11882916104514152,0.10167690346133895,0.07038759513670811
VEXEC_s42,L4_G07_b3_k147,L4_G07,P0,L4,0.061117678345221825,0.05543530201260823,0.03778971774424024,0.03946866633746149,0.05837747155496675,0.09667187846207526,0.09744319703895599,0.030794300022535026,0.05738277519776602,0.10769262880785391,0.051172481558751315
VEXEC_s42,L4_G07_b3_k189,L4_G07,P0,L4,0.021179810630282354,0.04054066934964827,0.023165725497414802,0.0292621551647696,0.037308228214396166,0.019705314574821386,0.002049703394732205,0.005176096259674523,0.04852193010810879,0.030095017049461603,0.12660632894767332
VEXEC_s42,L4_G07_b3_k231,L4_G07,P0,L4,0.015313313960159433,0.009210032340606765,0.011854609271808658,0.03284386518967031,0.012346549942640728,0.002618276408611564,0.025475640493823448,0.015137299455091124,0.0037432302196975797,0.005141109435498947,0.09569843745339313
VEXEC_s42,L4_G07_b3_k030,L4_G07,P0,L4,0.07125333448481425,0.1754926043840983,0.06815777783749577,0.09674877461111331,0.044704814759096045,0.006567094718775479,0.12087916271411814,0.21180186048150063,0.20961578690912575,0.20514095594990067,0.30590207970817573
VEXEC_s42,L5_G00_b0_k020,L5_G00,P0,L5,0.07310701500476051,0.1534301007486718,0.06942709680503834,0.015695205634341125,0.05553286067907992,0.16320810702382005,0.19139509463275317,0.07668144684430445,0.13328564747644123,0.04645016341237351,0.004554347615339793
VEXEC_s42,L5_G00_b0_k062,L5_G00,P0,L5,0.1321135818144326,0.13956074322262962,0.10422350436165564,0.1304396411884241,0.08279468735270346,0.016434579622000456,0.010133942112588556,0.16600059004849754,0.06527158105745912,0.06785927391024416,0.1425130894058384
VEXEC_s42,L5_G00_b0_k104,L5_G00,P0,L5,0.021600438605442966,0.1333375196017269,0.04514789833660473,0.03330814378539415,0.04508027704548678,0.008635573176434264,0.05561908151139505,0.18298170587513596,0.12293217412661761,0.01805331416107947,0.06408009363804013
VEXEC_s42,L5_G00_b0_k147,L5_G00,P0,L5,0.0673152688110085,0.11322941100475108,0.06739159819874348,0.05820303564869356,0.09326849066162546,0.06586524831072893,0.07501422124914825,0.014685134674436995,0.023430917877703905,0.006562513794051483,0.19218159499723697
VEXEC_s42,L5_G00_b0_k189,L5_G00,P0,L5,0.01218590495294595,0.016357081613090286,0.009887050140095081,0.07291852304641688,0.12474106292855813,0.03949326228030259,0.01429360958354664,0.006787418305975734,0.001211904471347225,0.015419159313751152,0.05591948961773596
VEXEC_s42,L5_G00_b0_k231,L5_G00,P0,L5,0.00801017552558439,0.004772537887768978,0.008572799900079479,0.012375279065152123,0.02092847512598639,0.018681409957935102,0.008916772378142923,0.025094903037825134,0.012890576610516291,0.014928111260815058,0.014939207736460958
VEXEC_s42,L5_G00_b0_k030,L5_G00,P0,L5,0.0482455335496392,0.07899796599717578,0.03413080415661539,0.0005276128798872293,0.028090316520411385,0.08754665583546739,0.07756319912732579,0.15469442814355716,0.195981124707032,0.3703342928929487,0.18646439909934998
VEXEC_s42,L5_G00_b1_k020,L5_G00,P1,L5,0.0869181648924569,0.023160260658537258,0.05302926997063677,0.06442839800656541,0.032474036467100564,0.05571205890737474,0.06845412861730438,0.2571305192541331,0.002302022941876203,0.12500353451468982,0.3117318984004669
VEXEC_s42,L5_G00_b1_k062,L5_G00,P1,L5,0.0761904398118814,0.21710191892392683,0.1056253061525417,0.013021317243692376,0.057029258279363226,0.10843236255277588,0.015087239356944337,0.13467461918480694,0.3097775392143376,0.2361933349748142,0.06338862143456936
VEXEC_s42,L5_G00_b1_k104,L5_G00,P1,L5,0.10640992930623518,0.3012063735194425,0.12012405630473055,0.1021629865460616,0.13001981881322422,0.07117686700075865,0.05400058542727493,0.15654001715302002,0.15960740996524692,0.17458399524912238,0.10663640377606498
VEXEC_s42,L5_G00_b1_k147,L5_G00,P1,L5,0.22730521010182306,0.3717779949100868,0.2135322373233489,0.08897547602218658,0.13792170231772527,0.01182750370935537,0.12394891143776476,0.20540744659956545,0.14031819673255086,0.14207338061532937,0.12239738516655052
VEXEC_s42,L5_G00_b1_k189,L5_G00,P1,L5,0.019473248831046605,0.01751473973172984,0.017355808673160444,0.04319358645956228,0.022599465645304573,0.02880840350917424,0.0048061852940008976,0.05647047179263609,0.00312694597778318,0.013628485270601232,0.03648932761279866
VEXEC_s42,L5_G00_b1_k231,L5_G00,P1,L5,0.010165918945348839,0.008546947504208674,0.01011178015703717,0.007634866733079448,0.013925860656043731,0.022521834362123627,0.0016528911473869812,0.03755515388547792,0.008022469686693512,0.026538662234088406,0.0014436094861594029
VEXEC_s42,L5_G00_b1_k030,L5_G00,P1,L5,0.10254619815761498,0.07380118468960062,0.061033011065767376,0.013459980257177317,0.01549827906343948,0.18713367023156025,0.30821420426946133,0.21507711277808994,0.15830972749972716,0.39290222071576864,0.4992377216985915
VEXEC_s42,L5_G00_b2_k020,L5_G00,P2,L5,0.012746065243887118,0.042296589428381944,0.018964312839657115,0.03826317016396441,0.02346856244153095,0.07361425936687738,0.07389351248275489,0.02069282776210457,0.05631464853649959,0.10035701331798919,0.08192140341270715
VEXEC_s42,L5_G00_b2_k062,L5_G00,P2,L5,0.13849189311574464,0.24186658553264323,0.14225071041459877,0.026559556786378113,0.07247637853724864,0.12217827182030305,0.1576805870863609,0.009041545097716153,0.05851030768826604,0.03806083009112626,0.04805235692765564
VEXEC_s42,L5_G00_b2_k104,L5_G00,P2,L5,0.15470068462244244,0.11522295597269774,0.12270454451712651,0.03709880523092579,0.08215389055021682,0.14662871707696468,0.221263155064662,0.2786649933550507,0.01913733151741326,0.3464939814148238,0.09087392649962567
VEXEC_s42,L5_G00_b2_k147,L5_G00,P2,L5,0.19153137005056467,0.27025600527035737,0.1722186386225255,0.01578557565444516,0.03599360892239922,0.13916918623726815,0.02139809011714533,0.1363379682879895,0.03874255378286762,0.010019395007475396,0.09830631053773686
VEXEC_s42,L5_G00_b2_k189,L5_G00,P2,L5,0.02864159355171138,0.03439256694089412,0.029721659929515486,0.01933296810690044,0.04013716875375373,0.059501968971744645,0.04973284803782008,0.0674949863096117,0.01905430123588303,0.028093354132579407,0.045463458700396586
VEXEC_s42,L5_G00_b2_k231,L5_G00,P2,L5,0.009647515862031818,0.006275097713473723,0.008732604637425867,0.009407155558534663,0.006246376084521943,0.02077049159561284,0.0006554981591762044,0.03444198785655317,0.00691635200928431,0.031019692192785442,0.0019680929035530426
VEXEC_s42,L5_G00_b2_k030,L5_G00,P2,L5,0.06913546887520368,0.19781986992702477,0.07832916130401707,0.0866018138112854,0.12307425492035806,0.016990670264931396,0.009676799134467728,0.003013859852217138,0.08016115747159347,0.20439152629114687,0.14196617354173213
VEXEC_s42,L5_G00_b3_k020,L5_G00,P0,L5,0.07310701500476051,0.1534301007486718,0.06942709680503834,0.015695205634341125,0.05553286067907992,0.16320810702382005,0.19139509463275317,0.07668144684430445,0.13328564747644123,0.04645016341237351,0.004554347615339793
VEXEC_s42,L5_G00_b3_k062,L5_G00,P0,L5,0.1321135818144326,0.13956074322262962,0.10422350436165564,0.1304396411884241,0.08279468735270346,0.016434579622000456,0.010133942112588556,0.16600059004849754,0.06527158105745912,0.06785927391024416,0.1425130894058384
VEXEC_s42,L5_G00_b3_k104,L5_G00,P0,L5,0.021600438605442966,0.1333375196017269,0.04514789833660473,0.03330814378539415,0.04508027704548678,0.008635573176434264,0.05561908151139505,0.18298170587513596,0.12293217412661761,0.01805331416107947,0.06408009363804013
VEXEC_s42,L5_G00_b3_k147,L5_G00,P0,L5,0.0673152688110085,0.11322941100475108,0.06739159819874348,0.05820303564869356,0.09326849066162546,0.06586524831072893,0.07501422124914825,0.014685134674436995,0.023430917877703905,0.006562513794051483,0.19218159499723697
VEXEC_s42,L5_G00_b3_k189,L5_G00,P0,L5,0.01218590495294595,0.016357081613090286,0.009887050140095081,0.07291852304641688,0.12474106292855813,0.03949326228030259,0.01429360958354664,0.006787418305975734,0.001211904471347225,0.015419159313751152,0.05591948961773596
VEXEC_s42,L5_G00_b3_k231,L5_G00,P0,L5,0.00801017552558439,0.004772537887768978,0.008572799900079479,0.012375279065152123,0.02092847512598639,0.018681409957935102,0.008916772378142923,0.025094903037825134,0.012890576610516291,0.014928111260815058,0.014939207736460958
VEXEC_s42,L5_G00_b3_k030,L5_G00,P0,L5,0.0482455335496392,0.07899796599717578,0.03413080415661539,0.0005276128798872293,0.028090316520411385,0.08754665583546739,0.07756319912732579,0.15469442814355716,0.195981124707032,0.3703342928929487,0.18646439909934998
VEXEC_s42,L5_G01_b0_k020,L5_G01,P0,L5,0.0657974599230345,0.07808289085909322,0.05503210230578119,0.00942792108085122,0.010504637563956809,0.037074227031553164,0.07225184934213758,0.06253752915654331,0.08486304926191224,0.02067105942114722,0.09638648018881213
VEXEC_s42,L5_G01_b0_k062,L5_G01,P0,L5,0.09841545167694161,0.04044546337834694,0.054896888855741025,0.09775210929074163,0.15597209283369073,0.0014434422046178952,0.03348723096132744,0.43492742988746613,0.046239283064096526,0.01897809695219621,0.05501228745561093
VEXEC_s42,L5_G01_b0_k104,L5_G01,P0,L5,0.09283378930591349,0.12991115607520337,0.08245527592770892,0.044001149342374646,0.09903281402280228,0.10399692074861377,0.08968163882309454,0.055924068263266236,0.1592689344106475,0.08876752185460646,0.018347317702136934
VEXEC_s42,L5_G01_b0_k147,L5_G01,P0,L5,0.015561863143754141,0.04903149176351664,0.02158339773771744,0.02993579432704685,0.08923091652312642,0.03671213024063036,0.00036047731555299833,0.005594848393229768,0.0718707945488859,0.02012828983424697,0.018711784614424687
VEXEC_s42,L5_G01_b0_k189,L5_G01,P0,L5,0.025034896395826078,0.04075244456033326,0.02525349202984345,0.004944354805457518,0.03150846913185745,0.014684683632367523,0.012480455818149494,0.0608322856714949,0.013692812943190802,0.030468452532659285,0.01166714568171301
VEXEC_s42,L5_G01_b0_k231,L5_G01,P0,L5,0.008019676432141323,0.019159174883233043,0.01044578882001981,0.022194629353323503,0.0333503135277704,0.027325703020324,0.00867141491471557,0.09947286112583242,0.007697316941630561,0.007343697699980112,0.07088253183246707
VEXEC_s42,L5_G01_b0_k030,L5_G01,P0,L5,0.11712336456371573,0.10268168565548676,0.09703224005245559,0.01864577811422885,0.027849253648650762,0.10910510172107024,0.09648295407532714,0.04390510102530243,0.027371620744816028,0.11601905946008628,0.10260678688064218
VEXEC_s42,L5_G01_b1_k020,L5_G01,P1,L5,0.07527699702592876,0.12289297637517607,0.047231430136902994,0.11471483686637063,0.005750420545656443,0.17223465538609162,0.049126561087177834,0.20320270664524287,0.22364908043527976,0.006105136722908355,0.207075566140702
VEXEC_s42,L5_G01_b1_k062,L5_G01,P1,L5,0.047518281682855136,0.12862498087578486,0.07431395831274093,0.06745207884058635,0.10128904885804046,0.0035952829857706092,0.07343134755501524,0.11826635419856757,0.11910873339365935,0.36686053258017637,0.4134306990363257
VEXEC_s42,L5_G01_b1_k104,L5_G01,P1,L5,0.07559887289721909,0.2409586289846823,0.10022886372443948,0.0024772845120424325,0.12719711897161634,0.08002169241080992,0.053719176581807915,0.17664870282169431,0.29226733691757545,0.0406959086221832,0.0633310757111758
VEXEC_s42,L5_G01_b1_k147,L5_G01,P1,L5,0.2054920262174685,0.0670429463491692,0.11830950678986303,0.10491266972676427,0.0647456993989185,0.33264240643620724,0.14576941647101194,0.2989286992815323,0.15999625003314577,0.020495395932812244,0.13951300679764245
VEXEC_s42,L5_G01_b1_k189,L5_G01,P1,L5,0.019084785899511267,0.00974549469258723,0.01778931218319142,0.029570823843207195,0.02481405394302949,0.009746390605869237,0.01282343708226108,0.012254674904397689,0.013686778773262631,0.05191004215157591,0.04295938143332023
VEXEC_s42,L5_G01_b1_k231,L5_G01,P1,L5,0.011213212579195726,0.007425947972534906,0.007116106089982292,0.005965735742404332,0.010573728443443842,0.026476255523448344,0.01567413978409604,0.0803881076608377,0.010847034718608484,0.017473079504270572,0.08217315347428666
VEXEC_s42,L5_G01_b1_k030,L5_G01,P1,L5,0.016921688122369546,0.09387909824754549,0.05093873285884565,0.20367397662939735,0.033524626233518706,0.18448555262875743,0.12957042546622688,0.7924884480016772,0.10027830835315399,0.02846122980281507,0.7140184075688012
VEXEC_s42,L5_G01_b2_k020,L5_G01,P2,L5,0.0678678424761896,0.1629271586384875,0.07266108186420261,0.02138720399398153,0.0834115170657248,0.12542456414666958,0.050898751127533615,0.1243142222519964,0.04945780383422971,0.042508161859586835,0.30849299347028136
VEXEC_s42,L5_G01_b2_k062,L5_G01,P2,L5,0.03903305582038739,0.11009156644775521,0.061716795621320805,0.07073724100664514,0.017451435538895055,0.07186733384151012,0.2918376384768635,0.10879810573533177,0.028147816308774054,0.05716581724118441,0.004793026833795011
VEXEC_s42,L5_G01_b2_k104,L5_G01,P2,L5,0.06804932662002475,0.13934094640091474,0.07692246841368422,0.0067326600648818236,0.024768326910271643,0.05042321846121922,0.0022930828854441643,0.033707399386912584,0.0227156087057665,0.03472306107869372,0.039549321052618325
VEXEC_s42,L5_G01_b2_k147,L5_G01,P2,L5,0.123941125262682,0.17513749064209874,0.11644253349670657,0.013260169241038344,0.025978629269820752,0.10993923628120683,0.07549865095643327,0.27188327081967145,0.027905779497814365,0.02022710526944138,0.0009420536407560576
VEXEC_s42,L5_G01_b2_k189,L5_G01,P2,L5,0.016757129338885044,0.013344797237900738,0.014520358043661214,0.006250110966993461,0.00572472713783978,0.009661381162004545,0.02747114713929477,0.006818644164013676,0.013329240267921705,0.009393065418407787,0.021232565646641888
VEXEC_s42,L5_G01_b2_k231,L5_G01,P2,L5,0.014896205669881164,0.015325815264426236,0.012839051945905441,0.0032613733505340026,0.009086958161815595,0.02708719773363555,0.014317303288407857,0.08308136753475992,0.0074775446046260186,0.014049112931388663,0.0773272672231542
VEXEC_s42,L5_G01_b2_k030,L5_G01,P2,L5,0.031126168444377697,0.21928577082109196,0.07824271378630623,0.08380070032799258,0.1577223796002727,0.05677669425494969,0.048461156722623855,0.28366543259471655,0.07451957685407251,0.025792531931074336,0.3685112148832559
VEXEC_s42,L5_G01_b3_k020,L5_G01,P0,L5,0.0657974599230345,0.07808289085909322,0.05503210230578119,0.00942792108085122,0.010504637563956809,0.037074227031553164,0.07225184934213758,0.06253752915654331,0.08486304926191224,0.02067105942114722,0.09638648018881213
VEXEC_s42,L5_G01_b3_k062,L5_G01,P0,L5,0.09841545167694161,0.04044546337834694,0.054896888855741025,0.09775210929074163,0.15597209283369073,0.0014434422046178952,0.03348723096132744,0.43492742988746613,0.046239283064096526,0.01897809695219621,0.05501228745561093
VEXEC_s42,L5_G01_b3_k104,L5_G01,P0,L5,0.09283378930591349,0.12991115607520337,0.08245527592770892,0.044001149342374646,0.09903281402280228,0.10399692074861377,0.08968163882309454,0.055924068263266236,0.1592689344106475,0.08876752185460646,0.018347317702136934
VEXEC_s42,L5_G01_b3_k147,L5_G01,P0,L5,0.015561863143754141,0.04903149176351664,0.02158339773771744,0.02993579432704685,0.08923091652312642,0.03671213024063036,0.00036047731555299833,0.005594848393229768,0.0718707945488859,0.02012828983424697,0.018711784614424687
VEXEC_s42,L5_G01_b3_k189,L5_G01,P0,L5,0.025034896395826078,0.04075244456033326,0.02525349202984345,0.004944354805457518,0.03150846913185745,0.014684683632367523,0.012480455818149494,0.0608322856714949,0.013692812943190802,0.030468452532659285,0.01166714568171301
VEXEC_s42,L5_G01_b3_k231,L5_G01,P0,L5,0.008019676432141323,0.019159174883233043,0.01044578882001981,0.022194629353323503,0.0333503135277704,0.027325703020324,0.00867141491471557,0.09947286112583242,0.007697316941630561,0.007343697699980112,0.07088253183246707
VEXEC_s42,L5_G01_b3_k030,L5_G01,P0,L5,0.11712336456371573,0.10268168565548676,0.09703224005245559,0.01864577811422885,0.027849253648650762,0.10910510172107024,0.09648295407532714,0.04390510102530243,0.027371620744816028,0.11601905946008628,0.10260678688064218
VEXEC_s42,L5_G02_b0_k020,L5_G02,P0,L5,0.0548429273846127,0.11692537555314168,0.06800348877284294,0.0807296737006249,0.022894841814809164,0.15746271858370164,0.11097717558732256,0.2931459293467924,0.2158807644736953,0.01878631955844412,0.045335413538850844
VEXEC_s42,L5_G02_b0_k062,L5_G02,P0,L5,0.10172639583524196,0.10225281816010862,0.0863338839521078,0.08205108369147696,0.3124739244180097,0.0588869397106464,0.08074877718172502,0.22021929000038654,0.07093788799102185,0.06830655504018068,0.2620676755323075
VEXEC_s42,L5_G02_b0_k104,L5_G02,P0,L5,0.06649741963640657,0.03854273544985606,0.05388272945033543,0.02040995880197427,0.05989246183251029,0.04019116400013445,0.056706831222982146,0.11047745720134117,0.13430900737876073,0.028633092802920146,0.24416383342168047
VEXEC_s42,L5_G02_b0_k147,L5_G02,P0,L5,0.02788457101425737,0.08290443594965922,0.03118080792264471,0.01604543677345882,0.013508168750957061,0.03268877402297221,0.05388738014153205,0.28236081753857434,0.03094288042120752,0.1143521070771385,0.0027986406348645687
VEXEC_s42,L5_G02_b0_k189,L5_G02,P0,L5,0.03595577426797335,0.02477499078450289,0.030470111903528524,0.004585198967419046,0.005411040145866908,0.059319731073628645,0.011658718965918524,0.0613786435314978,0.06243268920661649,0.009944180412276182,0.03904106017580489
VEXEC_s42,L5_G02_b0_k231,L5_G02,P0,L5,0.016235039937162753,0.034594583136773494,0.015336847525261533,0.020472875142224067,0.05183261012655915,0.018277517658134457,0.027241666211921256,0.02375095691604656,0.022096874272392597,0.014025895641680108,0.025234702516172547
VEXEC_s42,L5_G02_b0_k030,L5_G02,P0,L5,0.2057482436507448,0.006472353630553559,0.1204175054339101,0.0810315044771528,0.006388633139920552,0.14184189029037952,0.004137082403758541,0.2832984766064328,0.24157169318641536,0.00882159520915593,0.3266846938058734
VEXEC_s42,L5_G02_b1_k020,L5_G02,P1,L5,0.08957314488231688,0.054065214402130475,0.054763094657886,0.010221104500516054,0.02248389753720481,0.0688818693452049,0.17172816515085287,0.004655142834963044,0.00150234904140234,0.02712217383668758,0.13447253732010722
VEXEC_s42,L5_G02_b1_k062,L5_G02,P1,L5,0.08600056521201019,0.383504331958384,0.1324015442525066,0.1895505494569083,0.26441424835488747,0.077727967989631,0.18577971310878638,0.09467506119108293,0.299875226104632,0.14752513995335903,0.2009291579015553
VEXEC_s42,L5_G02_b1_k104,L5_G02,P1,L5,0.1854027560189039,0.3867469749120979,0.21221140513700115,0.21424706459656573,0.32375738949467703,0.06841386351152323,0.031043134455103427,0.16930985555518419,0.13167256544693373,0.04991935598081909,0.38341007399139926
VEXEC_s42,L5_G02_b1_k147,L5_G02,P1,L5,0.08759548977232354,0.1431320828133491,0.07781921098193732,0.05537492451558235,0.0027629194591343165,0.1000084804254584,0.0382871162291849,0.06016522849131434,0.28398427402134985,0.03138931039211457,0.0427154068602249
VEXEC_s42,L5_G02_b1_k189,L5_G02,P1,L5,0.15360986846696306,0.19717087518551824,0.13802906425708578,0.004409042803764862,0.02447860001430069,0.004975955584086478,0.028923179415869527,0.10213320578623097,0.09629912078526104,0.052051655835384736,0.021777108893729746
VEXEC_s42,L5_G02_b1_k231,L5_G02,P1,L5,0.006428002744383414,0.011324207372700632,0.0054818626835367815,0.0141175400399276,0.03482492013376337,0.009987449175241636,0.02731600374681875,0.0387178162127384,0.0056079461792251095,0.007273618983163033,0.03066186340583954
VEXEC_s42,L5_G02_b1_k030,L5_G02,P1,L5,0.06554368209402894,0.11438323027788562,0.07184914856345084,0.024553788172670732,0.12045019397355694,0.1736390957594267,0.27881154866190627,0.17806565621867776,0.24452235328499228,0.057965937186963856,0.06236276775598526
VEXEC_s42,L5_G02_b2_k020,L5_G02,P2,L5,0.07533371215616286,0.0968162819772548,0.06556022772762193,0.05258386612173305,0.06511472173502852,0.04698515302152373,0.08838021603878587,0.09683052520267665,0.12987356691155583,0.0013674391084350646,0.07442427350906655
VEXEC_s42,L5_G02_b2_k062,L5_G02,P2,L5,0.09318629501670792,0.3425623641636387,0.1500419321048804,0.3474298434943195,0.3779753956521741,0.13079090596875176,0.17247969369054772,0.18239326681941748,0.13449126615887508,0.06646874587750062,0.23496056321891956
VEXEC_s42,L5_G02_b2_k104,L5_G02,P2,L5,0.05211799505972917,0.11172395189839651,0.061538471318131706,0.12409674047675967,0.12064717340458442,0.14590427596704103,0.061276847147382796,0.013107447724905796,0.013560674036853015,0.05143062592833303,0.24929562432225794
VEXEC_s42,L5_G02_b2_k147,L5_G02,P2,L5,0.3620658942640713,0.42228174559914045,0.31039124799797607,0.1934880335984528,0.314747611769882,0.08254371836665086,0.30862425977829844,0.3333203443326056,0.08633553709296393,0.09800062280191923,0.029192975474870764
VEXEC_s42,L5_G02_b2_k189,L5_G02,P2,L5,0.044649384433880654,0.05904502988342744,0.03819895020012246,0.025663301770761482,0.03202851999538092,0.024803983640595106,0.0039476788479078095,0.07458468787081074,0.027123958450829377,0.042374111610115506,0.034339300596911926
VEXEC_s42,L5_G02_b2_k231,L5_G02,P2,L5,0.007960057373144386,0.012047850769008177,0.00664373901112778,0.015798992909242138,0.03800894223482931,0.010882662838412216,0.03151230608273181,0.024252998082374688,0.0030084542486292776,0.0069769936162629165,0.03163459683128167
VEXEC_s42,L5_G02_b2_k030,L5_G02,P2,L5,0.04024254983761566,0.23252523208338144,0.05679608950051229,0.005647943842632008,0.141353121494467,0.019414609181694686,0.05713440239196643,0.11203157296404243,0.10396839759778231,0.34843794783228077,0.08454079383227509
VEXEC_s42,L5_G02_b3_k020,L5_G02,P0,L5,0.0548429273846127,0.11692537555314168,0.06800348877284294,0.0807296737006249,0.022894841814809164,0.15746271858370164,0.11097717558732256,0.2931459293467924,0.2158807644736953,0.01878631955844412,0.045335413538850844
VEXEC_s42,L5_G02_b3_k062,L5_G02,P0,L5,0.10172639583524196,0.10225281816010862,0.0863338839521078,0.08205108369147696,0.3124739244180097,0.0588869397106464,0.08074877718172502,0.22021929000038654,0.07093788799102185,0.06830655504018068,0.2620676755323075
VEXEC_s42,L5_G02_b3_k104,L5_G02,P0,L5,0.06649741963640657,0.03854273544985606,0.05388272945033543,0.02040995880197427,0.05989246183251029,0.04019116400013445,0.056706831222982146,0.11047745720134117,0.13430900737876073,0.028633092802920146,0.24416383342168047
VEXEC_s42,L5_G02_b3_k147,L5_G02,P0,L5,0.02788457101425737,0.08290443594965922,0.03118080792264471,0.01604543677345882,0.013508168750957061,0.03268877402297221,0.05388738014153205,0.28236081753857434,0.03094288042120752,0.1143521070771385,0.0027986406348645687
VEXEC_s42,L5_G02_b3_k189,L5_G02,P0,L5,0.03595577426797335,0.02477499078450289,0.030470111903528524,0.004585198967419046,0.005411040145866908,0.059319731073628645,0.011658718965918524,0.0613786435314978,0.06243268920661649,0.009944180412276182,0.03904106017580489
VEXEC_s42,L5_G02_b3_k231,L5_G02,P0,L5,0.016235039937162753,0.034594583136773494,0.015336847525261533,0.020472875142224067,0.05183261012655915,0.018277517658134457,0.027241666211921256,0.02375095691604656,0.022096874272392597,0.014025895641680108,0.025234702516172547
VEXEC_s42,L5_G02_b3_k030,L5_G02,P0,L5,0.2057482436507448,0.006472353630553559,0.1204175054339101,0.0810315044771528,0.006388633139920552,0.14184189029037952,0.004137082403758541,0.2832984766064328,0.24157169318641536,0.00882159520915593,0.3266846938058734
VEXEC_s42,L5_G03_b0_k020,L5_G03,P0,L5,0.04395974415768096,0.04387287920959986,0.040546418839925866,0.04822449599044054,0.011296072861592954,0.07600354126225284,0.14962873709009727,0.04570341680664569,0.020548060863802675,0.02058017285889946,0.010241847019642591
VEXEC_s42,L5_G03_b0_k062,L5_G03,P0,L5,0.09674795419765346,0.03533770416235437,0.0344328512104475,0.023509357009606546,0.29610447457671274,0.012197015923447907,0.07318687936640345,0.18039717990905046,0.021012007775425445,0.052635594987805234,0.7271985040279105
VEXEC_s42,L5_G03_b0_k104,L5_G03,P0,L5,0.08509748548589355,0.08419200324752875,0.06822717587232492,0.05349368626741713,0.050324982533881624,0.012241576565429568,0.001968753829714842,0.02859883835526489,0.09845587924064603,0.1590515497373417,0.04242621659068391
VEXEC_s42,L5_G03_b0_k147,L5_G03,P0,L5,0.06133991201946974,0.05409922825734119,0.03832223898011093,0.10644973106959643,0.06817543736383325,0.06812298110980919,0.04142846498871222,0.10838742868509144,0.002936028497060761,0.09591350582195446,0.05352060787845403
VEXEC_s42,L5_G03_b0_k189,L5_G03,P0,L5,0.020533918349438365,0.03266550016622981,0.018925631853308554,0.009630839045009054,0.004966009971418828,0.057117394819215406,0.02530567767098546,0.016792180875199847,0.058968064447981305,0.01609000957250828,0.09259866999855149
VEXEC_s42,L5_G03_b0_k231,L5_G03,P0,L5,0.013254547241035253,0.02388457492866655,0.013317948923942174,0.007820179538032157,0.004036346400005719,0.02137088969175238,0.0350830561001203,0.04544178071228089,0.024424989620456472,0.04268686855721171,0.018129349900846137
VEXEC_s42,L5_G03_b0_k030,L5_G03,P0,L5,0.07626341846930529,0.0537808983845802,0.05312744271000584,0.046169588962220676,0.06804912143197761,0.013443690415442688,0.10785137755738106,0.12338508199900389,0.026905161543254508,0.18954348846455105,0.5921612982056104
VEXEC_s42,L5_G03_b1_k020,L5_G03,P1,L5,0.11105499286081116,0.15548643963256506,0.06275110718734249,0.06165844541764409,0.15473312266548556,0.08360076900135027,0.01567026622069534,0.2747294080982101,0.07943302427884191,0.04275026486175193,0.22310790908522904
VEXEC_s42,L5_G03_b1_k062,L5_G03,P1,L5,0.1367764822471558,0.2739510064064695,0.1418335523771796,0.06075237749310025,0.10789410029719981,0.07125465723220259,0.013608695415314287,0.11795235036697704,0.3026093124062754,0.029621075329487212,0.17223007741267793
VEXEC_s42,L5_G03_b1_k104,L5_G03,P1,L5,0.06654960902154208,0.27125941720932745,0.11392290435403671,0.09006604322678324,0.16648785504132757,0.1894298610277474,0.13049119293282274,0.195336415868951,0.08502186051919125,0.028398874872436863,0.20607828523498029
VEXEC_s42,L5_G03_b1_k147,L5_G03,P1,L5,0.03632094057143029,0.19641804362934273,0.08675506137668779,0.040688424945254376,0.1307249056932036,0.10595655415090732,0.04431942337396322,0.15941159380599856,0.12077728245640174,0.05701781581592513,0.002380546589847654
VEXEC_s42,L5_G03_b1_k189,L5_G03,P1,L5,0.025882390094282535,0.027784720412595252,0.03023770173176843,0.08926076614229772,0.10960842847589514,0.0014985524303483544,0.021701841265894473,0.06835864640015643,0.0688321174784825,0.02306585793485283,0.07935832392104203
VEXEC_s42,L5_G03_b1_k231,L5_G03,P1,L5,0.009218600125140955,0.018693118116366387,0.010568051733240685,0.01242997587535477,0.029600727720688225,0.03192722718085861,0.03159945613151649,0.042973247975169215,0.03096419692883501,0.04132750158169074,0.007200303003628505
VEXEC_s42,L5_G03_b1_k030,L5_G03,P1,L5,0.06509711873216727,0.16922528831273267,0.08886049738945397,0.027981187483054892,0.12016550983080299,0.1423362559871748,0.37003989166987594,0.2096981718786992,0.16897789429640397,0.21116865632211557,0.2990944535122253
VEXEC_s42,L5_G03_b2_k020,L5_G03,P2,L5,0.006134878210917394,0.06835967893881742,0.03254507160658739,0.018044119493630717,0.022371183798011618,0.1491840668313671,0.11324301204876974,0.0404916035477072,0.1001853471971117,0.15845870127668604,0.05833468574564904
VEXEC_s42,L5_G03_b2_k062,L5_G03,P2,L5,0.07478683913485466,0.24025131535137564,0.11407599759741376,0.15242747014199187,0.10915520462658468,0.03984632805804722,0.019492018458549865,0.15377815358806401,0.10169677477097139,0.17113406825228594,0.008806101861409843
VEXEC_s42,L5_G03_b2_k104,L5_G03,P2,L5,0.11802270238515476,0.18542670443644682,0.1066127379341734,0.07255909279738249,0.023697690140033867,0.07834706967696548,0.06410261392011307,0.1268390206969343,0.0452246077475138,0.09136779422988184,0.02140226261690259
VEXEC_s42,L5_G03_b2_k147,L5_G03,P2,L5,0.19425856649031376,0.2568316705516062,0.1745748062598516,0.0006026581953109122,0.045878876754448905,0.17341332288924605,0.06473217852180824,0.0742168222204782,0.013171782011340838,0.00978267373284325,0.14042467954277527
VEXEC_s42,L5_G03_b2_k189,L5_G03,P2,L5,0.023757157810440042,0.011147854212941746,0.019883064095762674,0.007326329351326155,0.011621032109314866,0.0365545367312734,0.02227364794453024,0.03090376347245183,0.039129001736000646,0.04549873663199833,0.08658292506879661
VEXEC_s42,L5_G03_b2_k231,L5_G03,P2,L5,0.010279666249853547,0.024408461360670583,0.010317976238547003,0.010646236671897347,0.025650401207082396,0.019110998353426112,0.036552811579895206,0.043100347742438316,0.01697549990058178,0.045564902075057034,0.0022449269708886277
VEXEC_s42,L5_G03_b2_k030,L5_G03,P2,L5,0.08714326382234665,0.12470906711778129,0.08717591904086211,0.15596810798451877,0.19603019880851313,0.004578344203764573,0.0533582700882107,0.09009596612304449,0.17011413647560403,0.2539444472422474,0.7445800627756398
VEXEC_s42,L5_G03_b3_k020,L5_G03,P0,L5,0.04395974415768096,0.04387287920959986,0.040546418839925866,0.04822449599044054,0.011296072861592954,0.07600354126225284,0.14962873709009727,0.04570341680664569,0.020548060863802675,0.02058017285889946,0.010241847019642591
VEXEC_s42,L5_G03_b3_k062,L5_G03,P0,L5,0.09674795419765346,0.03533770416235437,0.0344328512104475,0.023509357009606546,0.29610447457671274,0.012197015923447907,0.07318687936640345,0.18039717990905046,0.021012007775425445,0.052635594987805234,0.7271985040279105
VEXEC_s42,L5_G03_b3_k104,L5_G03,P0,L5,0.08509748548589355,0.08419200324752875,0.06822717587232492,0.05349368626741713,0.050324982533881624,0.012241576565429568,0.001968753829714842,0.02859883835526489,0.09845587924064603,0.1590515497373417,0.04242621659068391
VEXEC_s42,L5_G03_b3_k147,L5_G03,P0,L5,0.06133991201946974,0.05409922825734119,0.03832223898011093,0.10644973106959643,0.06817543736383325,0.06812298110980919,0.04142846498871222,0.10838742868509144,0.002936028497060761,0.09591350582195446,0.05352060787845403
VEXEC_s42,L5_G03_b3_k189,L5_G03,P0,L5,0.020533918349438365,0.03266550016622981,0.018925631853308554,0.009630839045009054,0.004966009971418828,0.057117394819215406,0.02530567767098546,0.016792180875199847,0.058968064447981305,0.01609000957250828,0.09259866999855149
VEXEC_s42,L5_G03_b3_k231,L5_G03,P0,L5,0.013254547241035253,0.02388457492866655,0.013317948923942174,0.007820179538032157,0.004036346400005719,0.02137088969175238,0.0350830561001203,0.04544178071228089,0.024424989620456472,0.04268686855721171,0.018129349900846137
VEXEC_s42,L5_G03_b3_k030,L5_G03,P0,L5,0.07626341846930529,0.0537808983845802,0.05312744271000584,0.046169588962220676,0.06804912143197761,0.013443690415442688,0.10785137755738106,0.12338508199900389,0.026905161543254508,0.18954348846455105,0.5921612982056104
VEXEC_s42,L5_G04_b0_k020,L5_G04,P0,L5,0.053627837080723176,0.029458414368755414,0.03288512006930226,0.006163055794422705,0.04963316281618971,0.02182210160754039,0.03311380796003505,0.2327865638071671,0.043903734238483594,0.006600293447263539,0.10927103570429608
VEXEC_s42,L5_G04_b0_k062,L5_G04,P0,L5,0.09180879544575639,0.1839177653842946,0.09663487889362361,0.05479664009989875,0.11394506006772209,0.13309734179347288,0.030161727219820023,0.16343402833444998,0.11340289459622,0.018200446851551533,0.2463818169781007
VEXEC_s42,L5_G04_b0_k104,L5_G04,P0,L5,0.01295921082984005,0.07579290591645985,0.07035154636360723,0.08998970589050831,0.13866257459569054,0.053286083249986405,0.26479826896684244,0.10186887824966107,0.0665117012540577,0.12763788932352327,0.11871901707854704
VEXEC_s42,L5_G04_b0_k147,L5_G04,P0,L5,0.057754686522463454,0.18878858184371122,0.08392544419251824,0.08801797974699632,0.12368397282878038,0.0756022685136486,0.08075998118147254,0.0755003901431337,0.01519690082204761,0.14086390886222944,0.0062260359118226916
VEXEC_s42,L5_G04_b0_k189,L5_G04,P0,L5,0.032439644398690806,0.04409422537315131,0.027951584666663875,0.02080328349223918,0.005705929221164752,0.026891455221630167,0.03549401509008021,0.05539750276511768,0.06403391417734383,0.0012490758672356606,0.12147176922644576
VEXEC_s42,L5_G04_b0_k231,L5_G04,P0,L5,0.006353443834185755,0.01705573172305204,0.007465724893196479,0.0027056300016084986,0.007590890928102577,0.03687327724037459,0.034638061122677755,0.04927106982358964,0.021394252842583228,0.03883079938896117,0.00947782591174473
VEXEC_s42,L5_G04_b0_k030,L5_G04,P0,L5,0.07374065040794313,0.19569488861083317,0.08247541893944219,0.07227663062330979,0.014146152182001978,0.04928315123106586,0.09082197700627148,0.2732780508813448,0.1933374976797495,0.15073369012679905,0.3012701568659395
VEXEC_s42,L5_G04_b1_k020,L5_G04,P1,L5,0.12914275608173428,0.061153273102736,0.08573567676686142,0.027326548775670367,0.04544779963856638,0.34252621527411975,0.01265327100554714,0.07546859449939802,0.10977010779970442,0.18013706084457226,0.03502015629783273
VEXEC_s42,L5_G04_b1_k062,L5_G04,P1,L5,0.22863348096557723,0.14479028573352035,0.18749494838057706,0.05062429392801304,0.07323329260980227,0.04593817597196903,0.1340553697082214,0.03972151433117688,0.08002259320346639,0.18927816185168922,0.1954360337695107
VEXEC_s42,L5_G04_b1_k104,L5_G04,P1,L5,0.1058048868947075,0.2510639811475372,0.11898538693418899,0.20744513524674346,0.34650195766519976,0.0867539283935912,0.07320960264769383,0.16073447186499834,0.21687333181034774,0.05549464446994534,0.2186076287762262
VEXEC_s42,L5_G04_b1_k147,L5_G04,P1,L5,0.14265733100878236,0.40205288132806527,0.1518251499311371,0.2579756396895394,0.4015775866890179,0.013727935540373437,0.041273413924500346,0.10889570054132491,0.08952542758197524,0.1390949187334627,0.24002263220609166
VEXEC_s42,L5_G04_b1_k189,L5_G04,P1,L5,0.03773240505539403,0.04516992314108809,0.030055150715158234,0.03898648827286966,0.06106745616466247,0.015475356212846236,0.016169652342796326,0.06465375886909897,0.06150072874493162,0.010709156194934621,0.11448163954628399
VEXEC_s42,L5_G04_b1_k231,L5_G04,P1,L5,0.012397890405166447,0.019858738332187174,0.011153715166802877,0.009715724162509876,0.015873841108573483,0.03517846244722023,0.042268536031770054,0.0585821286222199,0.017854186466138344,0.044318365631625056,0.01995279958282481
VEXEC_s42,L5_G04_b1_k030,L5_G04,P1,L5,0.19815254345413552,0.15418461904984446,0.16176534923344965,0.04875147361240123,0.12952843118587243,0.21930939660524018,0.2408492594549898,0.10598872299306095,0.1106783953437116,0.06915856772684492,0.10743467739666812
VEXEC_s42,L5_G04_b2_k020,L5_G04,P2,L5,0.01643900778299623,0.08694848427142021,0.02677133121587131,0.009332594072488792,0.06602911782103077,0.05450129331438802,0.0031639692024327815,0.13839810900390148,0.005448612850159407,0.04942208749707788,0.26056224131025374
VEXEC_s42,L5_G04_b2_k062,L5_G04,P2,L5,0.13495145472088704,0.17041710562239512,0.11692499565582595,0.00593865820883363,0.01377719925403642,0.22012618178268895,0.055841664550825953,0.25925775489304215,0.08937499474268407,0.12763383757555857,0.1574574438855052
VEXEC_s42,L5_G04_b2_k104,L5_G04,P2,L5,0.04601481957215833,0.046478673625461944,0.030657669558405275,0.030432492659747346,0.030620638910477282,0.028803044697269797,0.11335569788934663,0.14825253549497575,0.09335977426962927,0.17628245754167438,0.11434880329761654
VEXEC_s42,L5_G04_b2_k147,L5_G04,P2,L5,0.054585073385579976,0.06523593672443768,0.045886367942872326,0.01976833888766083,0.05786866866669693,0.01102580246515572,0.09369772911304608,0.3535081330919638,0.07019483144540573,0.0271488724010851,0.01651955291890772
VEXEC_s42,L5_G04_b2_k189,L5_G04,P2,L5,0.04210099518659885,0.03310360889483676,0.03512794782093985,0.03744598193559323,0.04372018789952126,0.021534228799282573,0.035714714613277465,0.01653759569308022,0.015888826448644977,0.013617603110105847,0.08701011253651814
VEXEC_s42,L5_G04_b2_k231,L5_G04,P2,L5,0.012709733937584828,0.01904582195760184,0.01150909963858317,0.008173536230026368,0.011537887864835117,0.037343166339269374,0.04101244412959204,0.0569667792879045,0.019997880699520465,0.0409568525828945,0.01391333038918674
VEXEC_s42,L5_G04_b2_k030,L5_G04,P2,L5,0.03381913783856595,0.14148562213163007,0.04541574351124307,0.07933377790177472,0.16188244308905284,0.023853255028370768,0.08758975175442174,0.2466194189619273,0.052284092642366886,0.0700405589886941,0.36215440786327235
VEXEC_s42,L5_G04_b3_k020,L5_G04,P0,L5,0.053627837080723176,0.029458414368755414,0.03288512006930226,0.006163055794422705,0.04963316281618971,0.02182210160754039,0.03311380796003505,0.2327865638071671,0.043903734238483594,0.006600293447263539,0.10927103570429608
VEXEC_s42,L5_G04_b3_k062,L5_G04,P0,L5,0.09180879544575639,0.1839177653842946,0.09663487889362361,0.05479664009989875,0.11394506006772209,0.13309734179347288,0.030161727219820023,0.16343402833444998,0.11340289459622,0.018200446851551533,0.2463818169781007
VEXEC_s42,L5_G04_b3_k104,L5_G04,P0,L5,0.01295921082984005,0.07579290591645985,0.07035154636360723,0.08998970589050831,0.13866257459569054,0.053286083249986405,0.26479826896684244,0.10186887824966107,0.0665117012540577,0.12763788932352327,0.11871901707854704
VEXEC_s42,L5_G04_b3_k147,L5_G04,P0,L5,0.057754686522463454,0.18878858184371122,0.08392544419251824,0.08801797974699632,0.12368397282878038,0.0756022685136486,0.08075998118147254,0.0755003901431337,0.01519690082204761,0.14086390886222944,0.0062260359118226916
VEXEC_s42,L5_G04_b3_k189,L5_G04,P0,L5,0.032439644398690806,0.04409422537315131,0.027951584666663875,0.02080328349223918,0.005705929221164752,0.026891455221630167,0.03549401509008021,0.05539750276511768,0.06403391417734383,0.0012490758672356606,0.12147176922644576
VEXEC_s42,L5_G04_b3_k231,L5_G04,P0,L5,0.006353443834185755,0.01705573172305204,0.007465724893196479,0.0027056300016084986,0.007590890928102577,0.03687327724037459,0.034638061122677755,0.04927106982358964,0.021394252842583228,0.03883079938896117,0.00947782591174473
VEXEC_s42,L5_G04_b3_k030,L5_G04,P0,L5,0.07374065040794313,0.19569488861083317,0.08247541893944219,0.07227663062330979,0.014146152182001978,0.04928315123106586,0.09082197700627148,0.2732780508813448,0.1933374976797495,0.15073369012679905,0.3012701568659395
VEXEC_s42,L5_G05_b0_k020,L5_G05,P0,L5,0.08441010041541357,0.14800606028332094,0.09164237854466883,0.048420846254566774,0.1327548630898039,0.2650560561742168,0.04308490167022683,0.2782479621237144,0.10915815475163981,0.04018480985541828,0.14753272209782153
VEXEC_s42,L5_G05_b0_k062,L5_G05,P0,L5,0.1522216427286122,0.3576225373132848,0.16786937351536255,0.1900298236694653,0.41046178407395945,0.05211820363638253,0.4343824606585258,0.31164488766808063,0.08230357995489612,0.0934607083327137,0.04013071882945951
VEXEC_s42,L5_G05_b0_k104,L5_G05,P0,L5,0.22278061700592652,0.19251610499799135,0.17463467797841126,0.004531607378794267,0.09945388675243994,0.16963805573323043,0.032387795741669834,0.15921108552720398,0.02635186887346208,0.10526752634905279,0.3301573536009528
VEXEC_s42,L5_G05_b0_k147,L5_G05,P0,L5,0.2584786024829572,0.35874219996936557,0.2287509017236285,0.10225427910525015,0.15754351517068707,0.29590826522326097,0.1883975848541013,0.08513823512475938,0.06598354381640092,0.09094382702642179,0.09164168254937977
VEXEC_s42,L5_G05_b0_k189,L5_G05,P0,L5,0.03093530196162221,0.040534369742218836,0.02846325219540946,0.04058533505911512,0.06768185802860174,0.02510458599863341,0.009349540381663246,0.010546770561632002,0.004922312746202806,0.033348070030115196,0.018642999217263423
VEXEC_s42,L5_G05_b0_k231,L5_G05,P0,L5,0.0375062954947598,0.04974436511447642,0.03274520029868146,0.016818277591085014,0.01845198204413233,0.02024067725869827,0.02537780772036058,0.0358718669594964,0.04534674777460168,0.029938636711449362,0.0650075184457819
VEXEC_s42,L5_G05_b0_k030,L5_G05,P0,L5,0.3061373880832314,0.49537826330109935,0.27899752944465317,0.07250847555260442,0.23681137623934767,0.1577268174441997,0.20563899604894686,0.5109712142730132,0.09082332474645227,0.10321017494425178,0.07914760732091963
VEXEC_s42,L5_G05_b1_k020,L5_G05,P1,L5,0.034462678453882296,0.20607334832428958,0.0910148473170408,0.008489009162076178,0.01710192368773278,0.30015175759763224,0.019425311271334067,0.23748893744777888,0.11023141272016801,0.09462126804282889,0.32234258437529206
VEXEC_s42,L5_G05_b1_k062,L5_G05,P1,L5,0.11318832769214196,0.17813083552725256,0.10456627034484245,0.040991741105244506,0.04657618261330776,0.0007527093985117972,0.05401714183972217,0.15064114483539015,0.06893311413296033,0.0068714085791725665,0.2575592812791001
VEXEC_s42,L5_G05_b1_k104,L5_G05,P1,L5,0.07820150194772665,0.33968819008122586,0.12483720749459085,0.13363189203955694,0.19157788882330273,0.0785702582943486,0.05287511716596782,0.006768984603695571,0.05526240808831062,0.23767266772483708,0.33415469859028235
VEXEC_s42,L5_G05_b1_k147,L5_G05,P1,L5,0.044365995127572014,0.16351214893433466,0.08692068168103939,0.06478259858986357,0.22154869438081753,0.036321031977422535,0.31610349245602265,0.15753236960154027,0.1685352000349667,0.14950697652238887,0.1717884269892238
VEXEC_s42,L5_G05_b1_k189,L5_G05,P1,L5,0.127915616776868,0.1523247682708155,0.11131222720680371,0.08249699390928528,0.09141269187084619,0.062234073604486184,0.00932241084137786,0.01620841969997855,0.0013253696743049659,0.06122960761513241,0.021814470394019736
VEXEC_s42,L5_G05_b1_k231,L5_G05,P1,L5,0.03472340054488056,0.05238294552705449,0.032549709091085656,0.016332548018860395,0.009314149643481089,0.016475014461320825,0.00818600767524913,0.09864245678909356,0.04186240937633556,0.03169163747224957,0.06361365893098991
VEXEC_s42,L5_G05_b1_k030,L5_G05,P1,L5,0.15648397422086602,0.16459889382345455,0.13509449897776396,0.10648041496224403,0.08213397726794924,0.05313174668117426,0.059765794103441294,0.8102166185490205,0.07977136719273403,0.02144489629426971,0.10883862880291417
VEXEC_s42,L5_G05_b2_k020,L5_G05,P2,L5,0.07399779771940977,0.005652555432771686,0.04777170065139286,0.010556961171641843,0.023261980746428712,0.04737328377086669,0.03512600887916051,0.10670862370170653,0.1534245567745529,0.032210202305577695,0.06424291321309283
VEXEC_s42,L5_G05_b2_k062,L5_G05,P2,L5,0.09491108311546059,0.20879416511357723,0.11683873532860482,0.049621554492478515,0.02995862320312881,0.013980082818306983,0.14516166732937563,0.13349510286934674,0.06219376309309155,0.14313496663817205,0.07654396374709904
VEXEC_s42,L5_G05_b2_k104,L5_G05,P2,L5,0.16239107651659815,0.3924022037650521,0.17907897859423785,0.1645289061132642,0.17714145861543718,0.19993417826481164,0.008436171629000455,0.21001015836372972,0.02693540696054697,0.33821083285147324,0.1212182840827154
VEXEC_s42,L5_G05_b2_k147,L5_G05,P2,L5,0.07636069717800455,0.2501483224777948,0.12122617469532941,0.10974122755651594,0.12038988699750863,0.07051071047317237,0.14879763481440023,0.2335692560300231,0.09254193615925033,0.15472566673452093,0.023608994946698658
VEXEC_s42,L5_G05_b2_k189,L5_G05,P2,L5,0.04706273435680694,0.06969394579370278,0.04303177040941821,0.01867191102104604,0.022458266624091117,0.026643801807949785,0.006945091154193506,0.048860647992114536,0.01980080893918057,0.047858633210125845,0.0219801762541465
VEXEC_s42,L5_G05_b2_k231,L5_G05,P2,L5,0.03718617048317681,0.05420794877130393,0.03433075353392939,0.015621995170456149,0.008639069521017007,0.017277827882935526,0.010521606316615362,0.09801752397470409,0.042209728540910874,0.03211472151087946,0.06402413046453148
VEXEC_s42,L5_G05_b2_k030,L5_G05,P2,L5,0.17292145496855604,0.1789240981992413,0.1427156396020269,0.13552370273791836,0.17380872197936692,0.04145817953394726,0.08915223437361419,0.22696249093860388,0.13434756034985185,0.014356694824527949,0.513350887777051
VEXEC_s42,L5_G05_b3_k020,L5_G05,P0,L5,0.08441010041541357,0.14800606028332094,0.09164237854466883,0.048420846254566774,0.1327548630898039,0.2650560561742168,0.04308490167022683,0.2782479621237144,0.10915815475163981,0.04018480985541828,0.14753272209782153
VEXEC_s42,L5_G05_b3_k062,L5_G05,P0,L5,0.1522216427286122,0.3576225373132848,0.16786937351536255,0.1900298236694653,0.41046178407395945,0.05211820363638253,0.4343824606585258,0.31164488766808063,0.08230357995489612,0.0934607083327137,0.04013071882945951
VEXEC_s42,L5_G05_b3_k104,L5_G05,P0,L5,0.22278061700592652,0.19251610499799135,0.17463467797841126,0.004531607378794267,0.09945388675243994,0.16963805573323043,0.032387795741669834,0.15921108552720398,0.02635186887346208,0.10526752634905279,0.3301573536009528
VEXEC_s42,L5_G05_b3_k147,L5_G05,P0,L5,0.2584786024829572,0.35874219996936557,0.2287509017236285,0.10225427910525015,0.15754351517068707,0.29590826522326097,0.1883975848541013,0.08513823512475938,0.06598354381640092,0.09094382702642179,0.09164168254937977
VEXEC_s42,L5_G05_b3_k189,L5_G05,P0,L5,0.03093530196162221,0.040534369742218836,0.02846325219540946,0.04058533505911512,0.06768185802860174,0.02510458599863341,0.009349540381663246,0.010546770561632002,0.004922312746202806,0.033348070030115196,0.018642999217263423
VEXEC_s42,L5_G05_b3_k231,L5_G05,P0,L5,0.0375062954947598,0.04974436511447642,0.03274520029868146,0.016818277591085014,0.01845198204413233,0.02024067725869827,0.02537780772036058,0.0358718669594964,0.04534674777460168,0.029938636711449362,0.0650075184457819
VEXEC_s42,L5_G05_b3_k030,L5_G05,P0,L5,0.3061373880832314,0.49537826330109935,0.27899752944465317,0.07250847555260442,0.23681137623934767,0.1577268174441997,0.20563899604894686,0.5109712142730132,0.09082332474645227,0.10321017494425178,0.07914760732091963
VEXEC_s42,L5_G06_b0_k020,L5_G06,P0,L5,0.047698993488956,0.1201448658961604,0.0542116248724402,0.04739752379992446,0.016473892976279103,0.21279112301999703,0.17623190461017657,0.04142550927281263,0.13266619507339783,0.030956832051742822,0.09437612787587568
VEXEC_s42,L5_G06_b0_k062,L5_G06,P0,L5,0.07064058993819412,0.123018933365872,0.07594641348869477,0.09307627815578723,0.0401134514598378,0.20715929043944925,0.018307314809135278,0.31405785502283834,0.0218849994125776,0.03183914587430081,0.07969188517199655
VEXEC_s42,L5_G06_b0_k104,L5_G06,P0,L5,0.017867126557762812,0.10352898275020403,0.034133448371606416,0.04701368501421399,0.041160394816076806,0.0023979474499356,0.023630380688700825,0.18734745532856323,0.09141348348930478,0.019046359855565242,0.032518291438464075
VEXEC_s42,L5_G06_b0_k147,L5_G06,P0,L5,0.0692793617566289,0.10791337566901515,0.0724133710393676,0.0794827461299965,0.12764236845708643,0.1352238730469253,0.03000558610074222,0.07182342962187249,0.004903179142274894,0.045993864827323705,0.22437021961377468
VEXEC_s42,L5_G06_b0_k189,L5_G06,P0,L5,0.044604960944070425,0.03264642479252489,0.03250686320328004,0.07833753255329556,0.11237161451955657,0.0205414391530212,0.011554830613022204,0.07384323358019174,0.024345837489818223,0.013514973124983953,0.06093424727805541
VEXEC_s42,L5_G06_b0_k231,L5_G06,P0,L5,0.011360313188732795,0.00966274017060113,0.010088089230322598,0.013696445617504605,0.006245486886657492,0.03606447972924798,0.05379205325880321,0.12100236972037237,0.00022756231192033738,0.025922854776581516,0.013521457203751197
VEXEC_s42,L5_G06_b0_k030,L5_G06,P0,L5,0.03103387377114746,0.0643286616425156,0.026133749923168987,0.03174615537068304,0.030888785865272883,0.17122830300650094,0.03453448609798215,0.1709302862000186,0.3516255217255093,0.267378964155796,0.37936086679110304
VEXEC_s42,L5_G06_b1_k020,L5_G06,P1,L5,0.05889975431460978,0.04210102390660691,0.039400772034739275,0.03297656156928497,0.02670370871028327,0.08437302081438247,0.0834617669970612,0.26592677598819137,0.019449850311502814,0.2356157481262926,0.18441246915608644
VEXEC_s42,L5_G06_b1_k062,L5_G06,P1,L5,0.10242656842014658,0.24595556000445815,0.1283384673981779,0.04322214203420893,0.10142095468618106,0.038105598723632284,0.03610745427431539,0.24273216747678816,0.3351464827237578,0.2839451316103805,0.011956545407883823
VEXEC_s42,L5_G06_b1_k104,L5_G06,P1,L5,0.09673432832177323,0.27305482068484416,0.10776583291426634,0.0789611772926948,0.11415033697214816,0.011092519911471754,0.11145913801738061,0.1284594341996126,0.14962922150152735,0.20168486059992574,0.03939023806742625
VEXEC_s42,L5_G06_b1_k147,L5_G06,P1,L5,0.24157884331423876,0.40609189340349694,0.22894494294126036,0.11916865475739091,0.16613155891192255,0.01102645747596398,0.14791718003107235,0.1501159426115919,0.1129444444377441,0.2037905547185801,0.14082307091302937
VEXEC_s42,L5_G06_b1_k189,L5_G06,P1,L5,0.019103933676662965,0.028340150725397775,0.02186320010183056,0.06350461036938615,0.06221702701230303,0.0025670082177384757,0.007611513079609722,0.07856064764382609,0.03732115421917115,0.01358040674313088,0.044026060597389005
VEXEC_s42,L5_G06_b1_k231,L5_G06,P1,L5,0.010664907919227177,0.015298909106653992,0.01061682138156219,0.00041079528367360396,0.023812532098887118,0.027385366105590947,0.05262925277202157,0.08651704239309765,0.004238677349349018,0.019258213356806664,0.03524250939517515
VEXEC_s42,L5_G06_b1_k030,L5_G06,P1,L5,0.085044035781857,0.12990207185008926,0.0584223519518535,0.0013056482966939953,0.027030559049707747,0.050834160909289494,0.36113111971644685,0.1901125592412427,0.3032004523265641,0.36446158043690957,0.29777815873967484
VEXEC_s42,L5_G06_b2_k020,L5_G06,P2,L5,0.062077225231280994,0.05436535554354533,0.047497478053580997,0.008783910396727546,0.03540197914057486,0.0009506270289421082,0.0015321559621952474,0.010632683290168643,0.13806702266447246,0.029707192647038028,0.11018447938840836
VEXEC_s42,L5_G06_b2_k062,L5_G06,P2,L5,0.1374169014822421,0.1345276684037332,0.11634938065537641,0.05297159602696433,0.03521678977931497,0.2007824665051885,0.010652209166437387,0.1418090695515275,0.14154106692876667,0.1084659374319017,0.23532510548830032
VEXEC_s42,L5_G06_b2_k104,L5_G06,P2,L5,0.1457631232158655,0.11518425372954633,0.10308098800931724,0.03541079736896835,0.0021437740833789576,0.05616823380114511,0.3628750903517357,0.10757444147020578,0.06189765129238367,0.39136006945045665,0.06402104362496175
VEXEC_s42,L5_G06_b2_k147,L5_G06,P2,L5,0.1554937092640345,0.26096045961751735,0.14883898910968718,0.03794785093632358,0.037044300829390586,0.12847014027647674,0.011885942774824798,0.09417609730735421,0.00859947736535105,0.05109089717188908,0.11504663387313485
VEXEC_s42,L5_G06_b2_k189,L5_G06,P2,L5,0.03970341393046424,0.036537748019782476,0.03359734201767799,0.03800951212573134,0.06688212879635458,0.011775513019529171,0.026225237947073765,0.020600498144631274,0.011267623227467993,0.009877379445242696,0.051908033006839105
VEXEC_s42,L5_G06_b2_k231,L5_G06,P2,L5,0.006136622364473423,0.010346417935259958,0.00704319365750008,0.0004930565216922922,0.031065926920246678,0.0344591442408273,0.058286129467887804,0.08007065231140587,0.0005596324917860329,0.020414409584191162,0.024557317672588397
VEXEC_s42,L5_G06_b2_k030,L5_G06,P2,L5,0.06128913119317823,0.13140542432594113,0.057512769718684395,0.03652474970695141,0.06089609920563932,0.009427422715816647,0.07236529031069949,0.008994409115985036,0.026673885877244174,0.11291068317950703,0.006419031939003617
VEXEC_s42,L5_G06_b3_k020,L5_G06,P0,L5,0.047698993488956,0.1201448658961604,0.0542116248724402,0.04739752379992446,0.016473892976279103,0.21279112301999703,0.17623190461017657,0.04142550927281263,0.13266619507339783,0.030956832051742822,0.09437612787587568
VEXEC_s42,L5_G06_b3_k062,L5_G06,P0,L5,0.07064058993819412,0.123018933365872,0.07594641348869477,0.09307627815578723,0.0401134514598378,0.20715929043944925,0.018307314809135278,0.31405785502283834,0.0218849994125776,0.03183914587430081,0.07969188517199655
VEXEC_s42,L5_G06_b3_k104,L5_G06,P0,L5,0.017867126557762812,0.10352898275020403,0.034133448371606416,0.04701368501421399,0.041160394816076806,0.0023979474499356,0.023630380688700825,0.18734745532856323,0.09141348348930478,0.019046359855565242,0.032518291438464075
VEXEC_s42,L5_G06_b3_k147,L5_G06,P0,L5,0.0692793617566289,0.10791337566901515,0.0724133710393676,0.0794827461299965,0.12764236845708643,0.1352238730469253,0.03000558610074222,0.07182342962187249,0.004903179142274894,0.045993864827323705,0.22437021961377468
VEXEC_s42,L5_G06_b3_k189,L5_G06,P0,L5,0.044604960944070425,0.03264642479252489,0.03250686320328004,0.07833753255329556,0.11237161451955657,0.0205414391530212,0.011554830613022204,0.07384323358019174,0.024345837489818223,0.013514973124983953,0.06093424727805541
VEXEC_s42,L5_G06_b3_k231,L5_G06,P0,L5,0.011360313188732795,0.00966274017060113,0.010088089230322598,0.013696445617504605,0.006245486886657492,0.03606447972924798,0.05379205325880321,0.12100236972037237,0.00022756231192033738,0.025922854776581516,0.013521457203751197
VEXEC_s42,L5_G06_b3_k030,L5_G06,P0,L5,0.03103387377114746,0.0643286616425156,0.026133749923168987,0.03174615537068304,0.030888785865272883,0.17122830300650094,0.03453448609798215,0.1709302862000186,0.3516255217255093,0.267378964155796,0.37936086679110304
VEXEC_s42,L5_G07_b0_k020,L5_G07,P0,L5,0.04842153793539448,0.08551687563063493,0.0540266180817357,0.007403053206100019,0.0038945087428365888,0.029556148059782572,0.14914148987736553,0.17573073803214356,0.04449322644359199,0.033124220004538074,0.08126167356095948
VEXEC_s42,L5_G07_b0_k062,L5_G07,P0,L5,0.08458679250069873,0.02594653788194298,0.04285919162487104,0.08403529432034618,0.11305977300435055,0.12386667510145344,0.023921716361655854,0.2203100803308189,0.020538808745186543,0.07510561929666437,0.1692828968516551
VEXEC_s42,L5_G07_b0_k104,L5_G07,P0,L5,0.07290061436628252,0.10173715360223103,0.07570009609835433,0.02622595857064902,0.069257528284288,0.13204006350133568,0.0869432005129056,0.11931129859294742,0.12354229217453394,0.03557482303585857,0.061877087224274874
VEXEC_s42,L5_G07_b0_k147,L5_G07,P0,L5,0.04009937589566913,0.058566733779220476,0.03571154298399202,0.015584146276614419,0.0983064656785011,0.038908596499823034,0.0438019351577168,0.010452633396198507,0.017704376368783414,0.05305100272494201,0.03874085769348312
VEXEC_s42,L5_G07_b0_k189,L5_G07,P0,L5,0.01752098405965932,0.028567667290833713,0.021691911097079342,0.040819946033729515,0.038346376636287705,0.0009150352816504892,0.0031424765511474106,0.04266939630906563,0.06844023921075859,0.010627074610965792,0.07253434144513449
VEXEC_s42,L5_G07_b0_k231,L5_G07,P0,L5,0.006433420652385936,0.01007669006762711,0.006596947627279583,0.004337315677776399,0.008460621042216232,0.05129236866196152,0.03952359162576613,0.026413610292365775,0.004832595426705666,0.0410423686807917,0.04389470702881226
VEXEC_s42,L5_G07_b0_k030,L5_G07,P0,L5,0.07999824106329961,0.09501679677008724,0.061028617060600455,0.0327114565233626,0.05065602518900736,0.053326818939240184,0.11002788986661471,0.0206905419472605,0.03267714288085699,0.10516100033419207,0.08674766076728702
VEXEC_s42,L5_G07_b1_k020,L5_G07,P1,L5,0.06508923186787001,0.14494000585031128,0.05645989700825338,0.10990645890942785,0.057373070199948195,0.19891579259638092,0.02408313293744868,0.08800984674599022,0.23774609158863313,0.14289305670536123,0.4110449705622159
VEXEC_s42,L5_G07_b1_k062,L5_G07,P1,L5,0.03817126454152317,0.1462059981776143,0.07332415495147175,0.0858650050309735,0.06977845714109243,0.1214039448859694,0.09453752817353234,0.04145104740746319,0.08148045919369906,0.2774395390006248,0.3537524020175624
VEXEC_s42,L5_G07_b1_k104,L5_G07,P1,L5,0.07384764925242421,0.23300769681310868,0.1005019428177119,0.03234764276637536,0.12992932356644316,0.025402472558198497,0.0013944049533165526,0.12432253500446677,0.26958072709385306,0.00636206666695216,0.12352845160057768
VEXEC_s42,L5_G07_b1_k147,L5_G07,P1,L5,0.21690562403082517,0.0325307839204817,0.1105227217562317,0.10167900766755311,0.12234955194862662,0.39813332114135846,0.1329566339845769,0.048966044414555654,0.11562181511544622,0.13864788549835794,0.008251261053374037
VEXEC_s42,L5_G07_b1_k189,L5_G07,P1,L5,0.062155281190473116,0.05627262484891134,0.05147407504832456,0.025652138372151967,0.02573005865047051,0.006453567446442321,0.027185052473214455,0.003566540573956445,0.04053827818643185,0.00584004511256353,0.06489261559181614
VEXEC_s42,L5_G07_b1_k231,L5_G07,P1,L5,0.010596918549514188,0.017241457353296817,0.008911421950922135,0.0064391680316719935,0.0036611193411539844,0.05492305881489301,0.04042733753522043,0.04865080893432605,0.00044088791764806956,0.04187365932375542,0.04240668611600995
VEXEC_s42,L5_G07_b1_k030,L5_G07,P1,L5,0.06442584600509685,0.1402674321333272,0.06818250016958491,0.17148744623664092,0.07741929778549173,0.2395262607387849,0.1304455243225675,0.641458118261653,0.14958675554953516,0.0452549295641802,0.7028742390102707
VEXEC_s42,L5_G07_b2_k020,L5_G07,P2,L5,0.037252035115168634,0.10492190765273655,0.048166307704272576,0.01381422433837809,0.00613525398152559,0.13224814474233426,0.06949249972240068,0.24323360319249332,0.033622014219872653,0.038886359718162566,0.14677013619802892
VEXEC_s42,L5_G07_b2_k062,L5_G07,P2,L5,0.04982938946066315,0.11469136616028835,0.0646675471878169,0.023225748422919912,0.04194279918992816,0.031064358685398474,0.12466806624433957,0.12707011215388775,0.04295100271701813,0.05465007107704878,0.04205244220793247
VEXEC_s42,L5_G07_b2_k104,L5_G07,P2,L5,0.04089501593619506,0.12194581616561329,0.04878056692176595,0.04017542840010835,0.03719728265568811,0.08380957142799161,0.17266235945862718,0.28603228414431214,0.002019097562879324,0.04099881532602012,0.06477691148757003
VEXEC_s42,L5_G07_b2_k147,L5_G07,P2,L5,0.11821690670269576,0.14509898033358942,0.1068672886867293,0.016863038287921572,0.025393026493659043,0.1454518407699652,0.07668006169842556,0.2688495635520667,0.018838230600522365,0.039898059505503625,0.036946109190466814
VEXEC_s42,L5_G07_b2_k189,L5_G07,P2,L5,0.020087609495157893,0.0037034196283101148,0.01826843826232389,0.02349802740400264,0.011688380736541326,0.052028661433723755,0.010970918632665416,0.015349331726611126,0.03815629284508759,0.03363251358678099,0.054141282224009046
VEXEC_s42,L5_G07_b2_k231,L5_G07,P2,L5,0.013111829098329206,0.017348907086410417,0.01106633122245832,0.002137850756457116,0.010626132615991324,0.0512953265424585,0.041730532415385824,0.02297315751275164,0.003582410376111511,0.04223859124613227,0.048673940738808597
VEXEC_s42,L5_G07_b2_k030,L5_G07,P2,L5,0.10147565627797217,0.19048851417207818,0.09504442357822772,0.026118022238368788,0.06875253976163465,0.1037688193609938,0.05550410761497915,0.1530412386637181,0.0803230534074828,0.006623550259973854,0.3269738156704989
VEXEC_s42,L5_G07_b3_k020,L5_G07,P0,L5,0.04842153793539448,0.08551687563063493,0.0540266180817357,0.007403053206100019,0.0038945087428365888,0.029556148059782572,0.14914148987736553,0.17573073803214356,0.04449322644359199,0.033124220004538074,0.08126167356095948
VEXEC_s42,L5_G07_b3_k062,L5_G07,P0,L5,0.08458679250069873,0.02594653788194298,0.04285919162487104,0.08403529432034618,0.11305977300435055,0.12386667510145344,0.023921716361655854,0.2203100803308189,0.020538808745186543,0.07510561929666437,0.1692828968516551
VEXEC_s42,L5_G07_b3_k104,L5_G07,P0,L5,0.07290061436628252,0.10173715360223103,0.07570009609835433,0.02622595857064902,0.069257528284288,0.13204006350133568,0.0869432005129056,0.11931129859294742,0.12354229217453394,0.03557482303585857,0.061877087224274874
VEXEC_s42,L5_G07_b3_k147,L5_G07,P0,L5,0.04009937589566913,0.058566733779220476,0.03571154298399202,0.015584146276614419,0.0983064656785011,0.038908596499823034,0.0438019351577168,0.010452633396198507,0.017704376368783414,0.05305100272494201,0.03874085769348312
VEXEC_s42,L5_G07_b3_k189,L5_G07,P0,L5,0.01752098405965932,0.028567667290833713,0.021691911097079342,0.040819946033729515,0.038346376636287705,0.0009150352816504892,0.0031424765511474106,0.04266939630906563,0.06844023921075859,0.010627074610965792,0.07253434144513449
VEXEC_s42,L5_G07_b3_k231,L5_G07,P0,L5,0.006433420652385936,0.01007669006762711,0.006596947627279583,0.004337315677776399,0.008460621042216232,0.05129236866196152,0.03952359162576613,0.026413610292365775,0.004832595426705666,0.0410423686807917,0.04389470702881226
VEXEC_s42,L5_G07_b3_k030,L5_G07,P0,L5,0.07999824106329961,0.09501679677008724,0.061028617060600455,0.0327114565233626,0.05065602518900736,0.053326818939240184,0.11002788986661471,0.0206905419472605,0.03267714288085699,0.10516100033419207,0.08674766076728702
