zero_cmd_frac,low_speed_frac,switch_per_s,dwell_mean_s,dwell_min_s,dwell_max_s,abs_du_mean,abs_du_max,init_speed,transient_frac,coact_frac,episode_id,regime,group_id,condition,script_id,pool
0.27205882352941174,0.3125,0.8088235294117646,1.1333333333333335,0.6000000000000001,1.5,0.6781758588354502,0.9999999701976776,0.042703536780225766,0.2426470588235294,0.0,24,R0,G00,low,sc00,R0_dataset
0.07352941176470588,0.19852941176470587,0.8823529411764705,1.0461538461538462,0.6000000000000001,1.55,0.6756136578846502,0.9999999701976776,0.04235637060050201,0.2647058823529412,0.0,25,R0,G00,low,sc01,R0_dataset
0.29411764705882354,0.48161764705882354,0.8088235294117646,1.1333333333333335,0.6000000000000001,2.1,0.5638595038301486,0.9999999701976776,0.040116551869246314,0.2426470588235294,0.0,26,R0,G00,low,sc02,R0_dataset
0.27106227106227104,0.3443223443223443,0.8791208791208791,1.05,0.6000000000000001,1.5,0.6121434066066657,0.9999999701976776,0.042530582381932504,0.26373626373626374,0.0,27,R0,G00,low,sc03,R0_dataset
0.2977941176470588,0.20955882352941177,0.7352941176470588,1.2363636363636366,0.6000000000000001,1.9000000000000001,0.48024545659734913,0.9192387818250329,0.04298801267365365,0.22058823529411764,0.0,28,R0,G00,low,sc04,R0_dataset
0.16176470588235295,0.34191176470588236,0.8823529411764705,1.0461538461538462,0.6000000000000001,1.5,0.6974268946349778,0.9999999701976776,0.04644595504152807,0.2647058823529412,0.0,29,R0,G00,low,sc05,R0_dataset
0.5588235294117647,0.36764705882352944,0.6617647058823529,1.36,0.6000000000000001,2.4000000000000004,0.6084588714767765,0.7382411291937481,0.04519295079047806,0.19852941176470587,0.4411764705882353,30,R1,G00,low,sc06,R1_dataset
0.46691176470588236,0.30514705882352944,0.6617647058823529,1.3599999999999999,0.6000000000000001,3.25,0.8636292701288275,1.4764822583874961,0.04298801267365365,0.19852941176470587,0.5330882352941176,31,R1,G00,low,sc07,R1_dataset
0.5183823529411765,0.23897058823529413,0.8088235294117646,1.1333333333333335,0.6000000000000001,1.85,0.8083961993200556,0.9669539426892756,0.02844046259771228,0.2426470588235294,0.48161764705882354,32,R1,G00,low,sc08,R1_dataset
0.5787545787545788,0.37362637362637363,0.5860805860805861,1.5166666666666668,0.9,3.3000000000000003,0.793551514020989,0.9192387818250329,0.040921887317232945,0.17582417582417584,0.42124542124542125,33,R1,G00,low,sc09,R1_dataset
0.8676470588235294,0.6801470588235294,0.2941176470588235,2.7199999999999998,0.6000000000000001,9.0,0.8287399555093905,0.9192387818250329,0.04298801267365365,0.08823529411764706,0.1323529411764706,34,R1,G00,low,sc10,R1_dataset
0.625,0.5073529411764706,0.5147058823529411,1.7000000000000002,0.6000000000000001,5.1000000000000005,0.8506850819010872,1.640121890719619,0.03597426301725684,0.15441176470588236,0.375,35,R1,G00,low,sc11,R1_dataset
0.27205882352941174,0.34191176470588236,0.8088235294117646,1.1333333333333335,0.6000000000000001,1.5,0.6781758588354502,0.9999999701976776,0.035430732158977685,0.2426470588235294,0.0,12,R0,G00,mid,sc00,R0_dataset
0.07352941176470588,0.23161764705882354,0.8823529411764705,1.0461538461538462,0.6000000000000001,1.55,0.6756136578846502,0.9999999701976776,0.031746301392069624,0.2647058823529412,0.0,13,R0,G00,mid,sc01,R0_dataset
0.29411764705882354,0.4522058823529412,0.8088235294117646,1.1333333333333335,0.6000000000000001,2.1,0.5638595038301486,0.9999999701976776,0.030387002318987586,0.2426470588235294,0.0,14,R0,G00,mid,sc02,R0_dataset
0.27106227106227104,0.3882783882783883,0.8791208791208791,1.05,0.6000000000000001,1.5,0.6121434066066657,0.9999999701976776,0.03431390182715634,0.26373626373626374,0.0,15,R0,G00,mid,sc03,R0_dataset
0.2977941176470588,0.27941176470588236,0.7352941176470588,1.2363636363636366,0.6000000000000001,1.9000000000000001,0.48024545659734913,0.9192387818250329,0.036011074746956695,0.22058823529411764,0.0,16,R0,G00,mid,sc04,R0_dataset
0.16176470588235295,0.31985294117647056,0.8823529411764705,1.0461538461538462,0.6000000000000001,1.5,0.6974268946349778,0.9999999701976776,0.041577431033605755,0.2647058823529412,0.0,17,R0,G00,mid,sc05,R0_dataset
0.5588235294117647,0.45955882352941174,0.6617647058823529,1.36,0.6000000000000001,2.4000000000000004,0.6084588714767765,0.7382411291937481,0.03925184504316308,0.19852941176470587,0.4411764705882353,18,R1,G00,mid,sc06,R1_dataset
0.46691176470588236,0.39338235294117646,0.6617647058823529,1.3599999999999999,0.6000000000000001,3.25,0.8636292701288275,1.4764822583874961,0.036011074746956695,0.19852941176470587,0.5330882352941176,19,R1,G00,mid,sc07,R1_dataset
0.5183823529411765,0.3492647058823529,0.8088235294117646,1.1333333333333335,0.6000000000000001,1.85,0.8083961993200556,0.9669539426892756,0.026723139679657646,0.2426470588235294,0.48161764705882354,20,R1,G00,mid,sc08,R1_dataset
0.5787545787545788,0.45054945054945056,0.5860805860805861,1.5166666666666668,0.9,3.3000000000000003,0.793551514020989,0.9192387818250329,0.03676950251643358,0.17582417582417584,0.42124542124542125,21,R1,G00,mid,sc09,R1_dataset
0.8676470588235294,0.7463235294117647,0.2941176470588235,2.7199999999999998,0.6000000000000001,9.0,0.8287399555093905,0.9192387818250329,0.036011074746956695,0.08823529411764706,0.1323529411764706,22,R1,G00,mid,sc10,R1_dataset
0.625,0.5477941176470589,0.5147058823529411,1.7000000000000002,0.6000000000000001,5.1000000000000005,0.8506850819010872,1.640121890719619,0.03042396300602168,0.15441176470588236,0.375,23,R1,G00,mid,sc11,R1_dataset
0.27205882352941174,0.39705882352941174,0.8088235294117646,1.1333333333333335,0.6000000000000001,1.5,0.6781758588354502,0.9999999701976776,0.02863786329042485,0.2426470588235294,0.0,0,R0,G00,nominal,sc00,R0_dataset
0.07352941176470588,0.25735294117647056,0.8823529411764705,1.0461538461538462,0.6000000000000001,1.55,0.6756136578846502,0.9999999701976776,0.02528792889824577,0.2647058823529412,0.0,1,R0,G00,nominal,sc01,R0_dataset
0.29411764705882354,0.41544117647058826,0.8088235294117646,1.1333333333333335,0.6000000000000001,2.1,0.5638595038301486,0.9999999701976776,0.021652343299305005,0.2426470588235294,0.0,2,R0,G00,nominal,sc02,R0_dataset
0.27106227106227104,0.358974358974359,0.8791208791208791,1.05,0.6000000000000001,1.5,0.6121434066066657,0.9999999701976776,0.03086045365198895,0.26373626373626374,0.0,3,R0,G00,nominal,sc03,R0_dataset
0.2977941176470588,0.2610294117647059,0.7352941176470588,1.2363636363636366,0.6000000000000001,1.9000000000000001,0.48024545659734913,0.9192387818250329,0.029611818272936262,0.22058823529411764,0.0,4,R0,G00,nominal,sc04,R0_dataset
0.16176470588235295,0.3492647058823529,0.8823529411764705,1.0461538461538462,0.6000000000000001,1.5,0.6974268946349778,0.9999999701976776,0.03295239984866229,0.2647058823529412,0.0,5,R0,G00,nominal,sc05,R0_dataset
0.5588235294117647,0.4485294117647059,0.6617647058823529,1.36,0.6000000000000001,2.4000000000000004,0.6084588714767765,0.7382411291937481,0.03334772613276776,0.19852941176470587,0.4411764705882353,6,R1,G00,nominal,sc06,R1_dataset
0.46691176470588236,0.40441176470588236,0.6617647058823529,1.3599999999999999,0.6000000000000001,3.25,0.8636292701288275,1.4764822583874961,0.029611818272936262,0.19852941176470587,0.5330882352941176,7,R1,G00,nominal,sc07,R1_dataset
0.5183823529411765,0.3897058823529412,0.8088235294117646,1.1333333333333335,0.6000000000000001,1.85,0.8083961993200556,0.9669539426892756,0.017590326045269278,0.2426470588235294,0.48161764705882354,8,R1,G00,nominal,sc08,R1_dataset
0.5787545787545788,0.4908424908424908,0.5860805860805861,1.5166666666666668,0.9,3.3000000000000003,0.793551514020989,0.9192387818250329,0.03205957947551217,0.17582417582417584,0.42124542124542125,9,R1,G00,nominal,sc09,R1_dataset
0.8676470588235294,0.7352941176470589,0.2941176470588235,2.7199999999999998,0.6000000000000001,9.0,0.8287399555093905,0.9192387818250329,0.029611818272936262,0.08823529411764706,0.1323529411764706,10,R1,G00,nominal,sc10,R1_dataset
0.625,0.5257352941176471,0.5147058823529411,1.7000000000000002,0.6000000000000001,5.1000000000000005,0.8506850819010872,1.640121890719619,0.01645234676281392,0.15441176470588236,0.375,11,R1,G00,nominal,sc11,R1_dataset
0.07352941176470588,0.35294117647058826,0.7352941176470588,1.2363636363636366,0.6000000000000001,2.7,0.7974657876494445,1.2999999523162842,0.035271873856107736,0.22058823529411764,0.0,60,R0,G01,low,sc00,R0_dataset
0.26838235294117646,0.3713235294117647,0.8088235294117646,1.1333333333333335,0.6000000000000001,1.55,0.6764947269980506,0.9192387818250329,0.035271873856107736,0.2426470588235294,0.0,61,R0,G01,low,sc01,R0_dataset
0.15808823529411764,0.19117647058823528,0.8823529411764705,1.046153846153846,0.6000000000000001,1.5,0.7129712945905163,1.2999999523162842,0.03759773554698401,0.2647058823529412,0.0,62,R0,G01,low,sc02,R0_dataset
0.29304029304029305,0.3956043956043956,0.8058608058608059,1.1375,0.6000000000000001,2.2,0.672539920367817,1.2999999523162842,0.034311408708059335,0.24175824175824176,0.0,63,R0,G01,low,sc03,R0_dataset
0.2977941176470588,0.29044117647058826,0.8823529411764705,1.0461538461538462,0.6000000000000001,1.55,0.44026798002555007,0.7382411291937481,0.03445308697398171,0.2647058823529412,0.0,64,R0,G01,low,sc04,R0_dataset
0.20588235294117646,0.15073529411764705,0.8823529411764705,1.0461538461538462,0.6000000000000001,1.5,0.5169136997971419,0.7382411291937481,0.02704566631270609,0.2647058823529412,0.0,65,R0,G01,low,sc05,R0_dataset
0.6691176470588235,0.4889705882352941,0.4411764705882352,1.9428571428571428,0.6000000000000001,3.6,0.740716366957817,0.9999999701976776,0.034311408708059335,0.1323529411764706,0.33088235294117646,66,R1,G01,low,sc06,R1_dataset
0.6654411764705882,0.41911764705882354,0.588235294117647,1.5111111111111113,0.6000000000000001,3.0,0.7226739446534356,0.9192387818250329,0.034311408708059335,0.17647058823529413,0.33455882352941174,67,R1,G01,low,sc07,R1_dataset
0.5808823529411765,0.3639705882352941,0.7352941176470588,1.236363636363636,0.6000000000000001,2.7,0.8984539790735425,1.3583077259614358,0.02989586517486008,0.22058823529411764,0.41911764705882354,68,R1,G01,low,sc08,R1_dataset
0.5787545787545788,0.315018315018315,0.7326007326007326,1.240909090909091,0.6000000000000001,3.9000000000000004,0.814275515527527,1.3583077259614358,0.03256663661865434,0.21978021978021978,0.42124542124542125,69,R1,G01,low,sc09,R1_dataset
0.5772058823529411,0.35661764705882354,0.588235294117647,1.511111111111111,0.6000000000000001,2.6500000000000004,0.8895879686344712,1.3583077259614358,0.034311408708059335,0.17647058823529413,0.4227941176470588,70,R1,G01,low,sc10,R1_dataset
0.5808823529411765,0.40808823529411764,0.5147058823529411,1.7,0.6000000000000001,5.2,0.7331933676032181,1.4142135202262465,0.034311408708059335,0.15441176470588236,0.41911764705882354,71,R1,G01,low,sc11,R1_dataset
0.07352941176470588,0.3492647058823529,0.7352941176470588,1.2363636363636366,0.6000000000000001,2.7,0.7974657876494445,1.2999999523162842,0.03010384906149834,0.22058823529411764,0.0,48,R0,G01,mid,sc00,R0_dataset
0.26838235294117646,0.3639705882352941,0.8088235294117646,1.1333333333333335,0.6000000000000001,1.55,0.6764947269980506,0.9192387818250329,0.03010384906149834,0.2426470588235294,0.0,49,R0,G01,mid,sc01,R0_dataset
0.15808823529411764,0.1948529411764706,0.8823529411764705,1.046153846153846,0.6000000000000001,1.5,0.7129712945905163,1.2999999523162842,0.034690701374880006,0.2647058823529412,0.0,50,R0,G01,mid,sc02,R0_dataset
0.29304029304029305,0.358974358974359,0.8058608058608059,1.1375,0.6000000000000001,2.2,0.672539920367817,1.2999999523162842,0.03153651356440347,0.24175824175824176,0.0,51,R0,G01,mid,sc03,R0_dataset
0.2977941176470588,0.3235294117647059,0.8823529411764705,1.0461538461538462,0.6000000000000001,1.55,0.44026798002555007,0.7382411291937481,0.030817010804142064,0.2647058823529412,0.0,52,R0,G01,mid,sc04,R0_dataset
0.20588235294117646,0.19852941176470587,0.8823529411764705,1.0461538461538462,0.6000000000000001,1.5,0.5169136997971419,0.7382411291937481,0.024415590943655054,0.2647058823529412,0.0,53,R0,G01,mid,sc05,R0_dataset
0.6691176470588235,0.5661764705882353,0.4411764705882352,1.9428571428571428,0.6000000000000001,3.6,0.740716366957817,0.9999999701976776,0.03153651356440347,0.1323529411764706,0.33088235294117646,54,R1,G01,mid,sc06,R1_dataset
0.6654411764705882,0.5367647058823529,0.588235294117647,1.5111111111111113,0.6000000000000001,3.0,0.7226739446534356,0.9192387818250329,0.03153651356440347,0.17647058823529413,0.33455882352941174,55,R1,G01,mid,sc07,R1_dataset
0.5808823529411765,0.4338235294117647,0.7352941176470588,1.236363636363636,0.6000000000000001,2.7,0.8984539790735425,1.3583077259614358,0.03121533029556539,0.22058823529411764,0.41911764705882354,56,R1,G01,mid,sc08,R1_dataset
0.5787545787545788,0.4065934065934066,0.7326007326007326,1.240909090909091,0.6000000000000001,3.9000000000000004,0.814275515527527,1.3583077259614358,0.03298452985476851,0.21978021978021978,0.42124542124542125,57,R1,G01,mid,sc09,R1_dataset
0.5772058823529411,0.4411764705882353,0.588235294117647,1.511111111111111,0.6000000000000001,2.6500000000000004,0.8895879686344712,1.3583077259614358,0.03153651356440347,0.17647058823529413,0.4227941176470588,58,R1,G01,mid,sc10,R1_dataset
0.5808823529411765,0.4852941176470588,0.5147058823529411,1.7,0.6000000000000001,5.2,0.7331933676032181,1.4142135202262465,0.03153651356440347,0.15441176470588236,0.41911764705882354,59,R1,G01,mid,sc11,R1_dataset
0.07352941176470588,0.31985294117647056,0.7352941176470588,1.2363636363636366,0.6000000000000001,2.7,0.7974657876494445,1.2999999523162842,0.029000974071368025,0.22058823529411764,0.0,36,R0,G01,nominal,sc00,R0_dataset
0.26838235294117646,0.34558823529411764,0.8088235294117646,1.1333333333333335,0.6000000000000001,1.55,0.6764947269980506,0.9192387818250329,0.029000974071368025,0.2426470588235294,0.0,37,R0,G01,nominal,sc01,R0_dataset
0.15808823529411764,0.23897058823529413,0.8823529411764705,1.046153846153846,0.6000000000000001,1.5,0.7129712945905163,1.2999999523162842,0.033296660002392085,0.2647058823529412,0.0,38,R0,G01,nominal,sc02,R0_dataset
0.29304029304029305,0.4175824175824176,0.8058608058608059,1.1375,0.6000000000000001,2.2,0.672539920367817,1.2999999523162842,0.028115058957597996,0.24175824175824176,0.0,39,R0,G01,nominal,sc03,R0_dataset
0.2977941176470588,0.31985294117647056,0.8823529411764705,1.0461538461538462,0.6000000000000001,1.55,0.44026798002555007,0.7382411291937481,0.02566022494383355,0.2647058823529412,0.0,40,R0,G01,nominal,sc04,R0_dataset
0.20588235294117646,0.19117647058823528,0.8823529411764705,1.0461538461538462,0.6000000000000001,1.5,0.5169136997971419,0.7382411291937481,0.020621243423870672,0.2647058823529412,0.0,41,R0,G01,nominal,sc05,R0_dataset
0.6691176470588235,0.5955882352941176,0.4411764705882352,1.9428571428571428,0.6000000000000001,3.6,0.740716366957817,0.9999999701976776,0.028115058957597996,0.1323529411764706,0.33088235294117646,42,R1,G01,nominal,sc06,R1_dataset
0.6654411764705882,0.5367647058823529,0.588235294117647,1.5111111111111113,0.6000000000000001,3.0,0.7226739446534356,0.9192387818250329,0.028115058957597996,0.17647058823529413,0.33455882352941174,43,R1,G01,nominal,sc07,R1_dataset
0.5808823529411765,0.46691176470588236,0.7352941176470588,1.236363636363636,0.6000000000000001,2.7,0.8984539790735425,1.3583077259614358,0.030884915500204203,0.22058823529411764,0.41911764705882354,44,R1,G01,nominal,sc08,R1_dataset
0.5787545787545788,0.4249084249084249,0.7326007326007326,1.240909090909091,0.6000000000000001,3.9000000000000004,0.814275515527527,1.3583077259614358,0.03463936198737215,0.21978021978021978,0.42124542124542125,45,R1,G01,nominal,sc09,R1_dataset
0.5772058823529411,0.45955882352941174,0.588235294117647,1.511111111111111,0.6000000000000001,2.6500000000000004,0.8895879686344712,1.3583077259614358,0.028115058957597996,0.17647058823529413,0.4227941176470588,46,R1,G01,nominal,sc10,R1_dataset
0.5808823529411765,0.47794117647058826,0.5147058823529411,1.7,0.6000000000000001,5.2,0.7331933676032181,1.4142135202262465,0.028115058957597996,0.15441176470588236,0.41911764705882354,47,R1,G01,nominal,sc11,R1_dataset
0.07352941176470588,0.15808823529411764,0.8088235294117646,1.1333333333333335,0.6000000000000001,2.1,0.8275852049597645,1.2999999523162842,0.07581300080805776,0.2426470588235294,0.0,96,R0,G02,low,sc00,R0_dataset
0.13970588235294118,0.20955882352941177,0.8823529411764705,1.0461538461538462,0.6000000000000001,1.55,0.6823437569157041,0.9999999701976776,0.07967482858505477,0.2647058823529412,0.0,97,R0,G02,low,sc01,R0_dataset
0.1875,0.40441176470588236,0.8823529411764705,1.046153846153846,0.6000000000000001,1.5,0.5653301713464542,0.9999999701976776,0.07823507837051515,0.2647058823529412,0.0,98,R0,G02,low,sc02,R0_dataset
0.315018315018315,0.3333333333333333,0.6593406593406593,1.365,0.6000000000000001,3.7,0.5547682195217807,0.7382411291937481,0.07965771782123267,0.1978021978021978,0.0,99,R0,G02,low,sc03,R0_dataset
0.18382352941176472,0.33088235294117646,0.8088235294117646,1.1333333333333335,0.6000000000000001,1.8,0.6571760711488852,1.2999999523162842,0.07950006547977248,0.2426470588235294,0.0,100,R0,G02,low,sc04,R0_dataset
0.38235294117647056,0.20955882352941177,0.7352941176470588,1.2363636363636366,0.6000000000000001,2.4000000000000004,0.5840695677285846,0.9192387818250329,0.0811443321968472,0.22058823529411764,0.0,101,R0,G02,low,sc05,R0_dataset
0.49264705882352944,0.2867647058823529,0.7352941176470588,1.2363636363636366,0.6000000000000001,2.1,0.8029579587004363,0.9669539426892756,0.07283923796959689,0.22058823529411764,0.5073529411764706,102,R1,G02,low,sc06,R1_dataset
0.5183823529411765,0.25,0.7352941176470588,1.2363636363636363,0.6000000000000001,2.5,0.7829985595709721,1.4949915855467553,0.07965771782123267,0.22058823529411764,0.48161764705882354,103,R1,G02,low,sc07,R1_dataset
0.7830882352941176,0.5735294117647058,0.3676470588235294,2.266666666666667,0.6000000000000001,6.95,0.8468397207725189,0.9192387818250329,0.08139308985891679,0.11029411764705882,0.21691176470588236,104,R1,G02,low,sc08,R1_dataset
0.5128205128205128,0.3333333333333333,0.5860805860805861,1.5166666666666668,0.9,4.800000000000001,0.9256376491597333,1.3910427267620828,0.07990873082529835,0.17582417582417584,0.48717948717948717,105,R1,G02,low,sc09,R1_dataset
0.6470588235294118,0.39705882352941174,0.588235294117647,1.5111111111111113,0.6000000000000001,4.5,0.7679233578112569,0.9192387818250329,0.07965771782123267,0.17647058823529413,0.35294117647058826,106,R1,G02,low,sc10,R1_dataset
0.5808823529411765,0.35661764705882354,0.588235294117647,1.511111111111111,0.6000000000000001,3.0,0.7304575369235918,0.9192387818250329,0.06738818849932421,0.17647058823529413,0.41911764705882354,107,R1,G02,low,sc11,R1_dataset
0.07352941176470588,0.15808823529411764,0.8088235294117646,1.1333333333333335,0.6000000000000001,2.1,0.8275852049597645,1.2999999523162842,0.07041991309591192,0.2426470588235294,0.0,84,R0,G02,mid,sc00,R0_dataset
0.13970588235294118,0.22426470588235295,0.8823529411764705,1.0461538461538462,0.6000000000000001,1.55,0.6823437569157041,0.9999999701976776,0.07302496960794656,0.2647058823529412,0.0,85,R0,G02,mid,sc01,R0_dataset
0.1875,0.40441176470588236,0.8823529411764705,1.046153846153846,0.6000000000000001,1.5,0.5653301713464542,0.9999999701976776,0.07105075855593655,0.2647058823529412,0.0,86,R0,G02,mid,sc02,R0_dataset
0.315018315018315,0.34798534798534797,0.6593406593406593,1.365,0.6000000000000001,3.7,0.5547682195217807,0.7382411291937481,0.07302588199871805,0.1978021978021978,0.0,87,R0,G02,mid,sc03,R0_dataset
0.18382352941176472,0.34558823529411764,0.8088235294117646,1.1333333333333335,0.6000000000000001,1.8,0.6571760711488852,1.2999999523162842,0.07265144862119868,0.2426470588235294,0.0,88,R0,G02,mid,sc04,R0_dataset
0.38235294117647056,0.2867647058823529,0.7352941176470588,1.2363636363636366,0.6000000000000001,2.4000000000000004,0.5840695677285846,0.9192387818250329,0.0745395658328081,0.22058823529411764,0.0,89,R0,G02,mid,sc05,R0_dataset
0.49264705882352944,0.35661764705882354,0.7352941176470588,1.2363636363636366,0.6000000000000001,2.1,0.8029579587004363,0.9669539426892756,0.0649270290990833,0.22058823529411764,0.5073529411764706,90,R1,G02,mid,sc06,R1_dataset
0.5183823529411765,0.3492647058823529,0.7352941176470588,1.2363636363636363,0.6000000000000001,2.5,0.7829985595709721,1.4949915855467553,0.07302588199871805,0.22058823529411764,0.48161764705882354,91,R1,G02,mid,sc07,R1_dataset
0.7830882352941176,0.6507352941176471,0.3676470588235294,2.266666666666667,0.6000000000000001,6.95,0.8468397207725189,0.9192387818250329,0.0769797221158722,0.11029411764705882,0.21691176470588236,92,R1,G02,mid,sc08,R1_dataset
0.5128205128205128,0.40293040293040294,0.5860805860805861,1.5166666666666668,0.9,4.800000000000001,0.9256376491597333,1.3910427267620828,0.07135365590006783,0.17582417582417584,0.48717948717948717,93,R1,G02,mid,sc09,R1_dataset
0.6470588235294118,0.4889705882352941,0.588235294117647,1.5111111111111113,0.6000000000000001,4.5,0.7679233578112569,0.9192387818250329,0.07302588199871805,0.17647058823529413,0.35294117647058826,94,R1,G02,mid,sc10,R1_dataset
0.5808823529411765,0.4338235294117647,0.588235294117647,1.511111111111111,0.6000000000000001,3.0,0.7304575369235918,0.9192387818250329,0.06628535982519909,0.17647058823529413,0.41911764705882354,95,R1,G02,mid,sc11,R1_dataset
0.07352941176470588,0.17279411764705882,0.8088235294117646,1.1333333333333335,0.6000000000000001,2.1,0.8275852049597645,1.2999999523162842,0.06842396640779108,0.2426470588235294,0.0,72,R0,G02,nominal,sc00,R0_dataset
0.13970588235294118,0.13970588235294118,0.8823529411764705,1.0461538461538462,0.6000000000000001,1.55,0.6823437569157041,0.9999999701976776,0.07282731505518901,0.2647058823529412,0.0,73,R0,G02,nominal,sc01,R0_dataset
0.1875,0.41911764705882354,0.8823529411764705,1.046153846153846,0.6000000000000001,1.5,0.5653301713464542,0.9999999701976776,0.06680281224427294,0.2647058823529412,0.0,74,R0,G02,nominal,sc02,R0_dataset
0.315018315018315,0.34798534798534797,0.6593406593406593,1.365,0.6000000000000001,3.7,0.5547682195217807,0.7382411291937481,0.06996552849994848,0.1978021978021978,0.0,75,R0,G02,nominal,sc03,R0_dataset
0.18382352941176472,0.2977941176470588,0.8088235294117646,1.1333333333333335,0.6000000000000001,1.8,0.6571760711488852,1.2999999523162842,0.07107948726940519,0.2426470588235294,0.0,76,R0,G02,nominal,sc04,R0_dataset
0.38235294117647056,0.3161764705882353,0.7352941176470588,1.2363636363636366,0.6000000000000001,2.4000000000000004,0.5840695677285846,0.9192387818250329,0.07204433801533178,0.22058823529411764,0.0,77,R0,G02,nominal,sc05,R0_dataset
0.49264705882352944,0.35294117647058826,0.7352941176470588,1.2363636363636366,0.6000000000000001,2.1,0.8029579587004363,0.9669539426892756,0.05620474202822828,0.22058823529411764,0.5073529411764706,78,R1,G02,nominal,sc06,R1_dataset
0.5183823529411765,0.39338235294117646,0.7352941176470588,1.2363636363636363,0.6000000000000001,2.5,0.7829985595709721,1.4949915855467553,0.06996552849994848,0.22058823529411764,0.48161764705882354,79,R1,G02,nominal,sc07,R1_dataset
0.7830882352941176,0.6544117647058824,0.3676470588235294,2.266666666666667,0.6000000000000001,6.95,0.8468397207725189,0.9192387818250329,0.07505255897259275,0.11029411764705882,0.21691176470588236,80,R1,G02,nominal,sc08,R1_dataset
0.5128205128205128,0.42857142857142855,0.5860805860805861,1.5166666666666668,0.9,4.800000000000001,0.9256376491597333,1.3910427267620828,0.07026811025691289,0.17582417582417584,0.48717948717948717,81,R1,G02,nominal,sc09,R1_dataset
0.6470588235294118,0.5110294117647058,0.588235294117647,1.5111111111111113,0.6000000000000001,4.5,0.7679233578112569,0.9192387818250329,0.06996552849994848,0.17647058823529413,0.35294117647058826,82,R1,G02,nominal,sc10,R1_dataset
0.5808823529411765,0.47058823529411764,0.588235294117647,1.511111111111111,0.6000000000000001,3.0,0.7304575369235918,0.9192387818250329,0.05710372236183985,0.17647058823529413,0.41911764705882354,83,R1,G02,nominal,sc11,R1_dataset
0.18382352941176472,0.17647058823529413,0.8823529411764705,1.0461538461538462,0.6000000000000001,1.5,0.6780544352900223,0.9192387818250329,0.027881411434390265,0.2647058823529412,0.0,132,R0,G03,low,sc00,R0_dataset
0.3382352941176471,0.3161764705882353,0.6617647058823529,1.3599999999999999,0.6000000000000001,4.6000000000000005,0.7304912733243913,0.9999999701976776,0.0283412229661307,0.19852941176470587,0.0,133,R0,G03,low,sc01,R0_dataset
0.3602941176470588,0.2977941176470588,0.8823529411764705,1.046153846153846,0.6000000000000001,1.5,0.6607447308930673,0.9999999701976776,0.019828040413756277,0.2647058823529412,0.0,134,R0,G03,low,sc02,R0_dataset
0.16117216117216118,0.315018315018315,0.7326007326007326,1.240909090909091,0.6000000000000001,1.8,0.5416431633862028,0.9999999701976776,0.028429562163153007,0.21978021978021978,0.0,135,R0,G03,low,sc03,R0_dataset
0.15808823529411764,0.41544117647058826,0.7352941176470588,1.2363636363636363,0.6000000000000001,2.1,0.7140695629602132,0.9999999701976776,0.02806999920721252,0.22058823529411764,0.0,136,R0,G03,low,sc04,R0_dataset
0.3382352941176471,0.39705882352941174,0.8088235294117646,1.1333333333333333,0.6000000000000001,1.5,0.5627905155750347,0.9192387818250329,0.03398589973875682,0.2426470588235294,0.0,137,R0,G03,low,sc05,R0_dataset
0.6029411764705882,0.44485294117647056,0.5147058823529411,1.7000000000000002,0.9,4.800000000000001,0.8226280033020476,0.9669539426892756,0.0283412229661307,0.15441176470588236,0.39705882352941174,138,R1,G03,low,sc06,R1_dataset
0.6727941176470589,0.38235294117647056,0.588235294117647,1.5111111111111113,0.9,3.6500000000000004,0.7834905423515692,0.9192387818250329,0.02630889348157261,0.17647058823529413,0.3272058823529412,139,R1,G03,low,sc07,R1_dataset
0.6507352941176471,0.5073529411764706,0.588235294117647,1.511111111111111,0.6000000000000001,3.9000000000000004,0.7034181485714505,1.4949915855467553,0.02172411613852946,0.17647058823529413,0.3492647058823529,140,R1,G03,low,sc08,R1_dataset
0.6043956043956044,0.43956043956043955,0.6593406593406593,1.365,0.6000000000000001,3.7,0.8014045465790546,1.4949915855467553,0.0283412229661307,0.1978021978021978,0.3956043956043956,141,R1,G03,low,sc09,R1_dataset
0.6948529411764706,0.45588235294117646,0.5147058823529411,1.7,0.6000000000000001,4.9,0.7199299149152508,0.9192387818250329,0.0283412229661307,0.15441176470588236,0.30514705882352944,142,R1,G03,low,sc10,R1_dataset
0.5588235294117647,0.3014705882352941,0.7352941176470588,1.2363636363636363,0.6000000000000001,2.4000000000000004,0.8656961456949249,1.5921682744086794,0.0283412229661307,0.22058823529411764,0.4411764705882353,143,R1,G03,low,sc11,R1_dataset
0.18382352941176472,0.23529411764705882,0.8823529411764705,1.0461538461538462,0.6000000000000001,1.5,0.6780544352900223,0.9192387818250329,0.02193496667764306,0.2647058823529412,0.0,120,R0,G03,mid,sc00,R0_dataset
0.3382352941176471,0.35661764705882354,0.6617647058823529,1.3599999999999999,0.6000000000000001,4.6000000000000005,0.7304912733243913,0.9999999701976776,0.02140238851955556,0.19852941176470587,0.0,121,R0,G03,mid,sc01,R0_dataset
0.3602941176470588,0.33455882352941174,0.8823529411764705,1.046153846153846,0.6000000000000001,1.5,0.6607447308930673,0.9999999701976776,0.015993621671254333,0.2647058823529412,0.0,122,R0,G03,mid,sc02,R0_dataset
0.16117216117216118,0.32234432234432236,0.7326007326007326,1.240909090909091,0.6000000000000001,1.8,0.5416431633862028,0.9999999701976776,0.020623783748908903,0.21978021978021978,0.0,123,R0,G03,mid,sc03,R0_dataset
0.15808823529411764,0.3786764705882353,0.7352941176470588,1.2363636363636363,0.6000000000000001,2.1,0.7140695629602132,0.9999999701976776,0.022120237622098964,0.22058823529411764,0.0,124,R0,G03,mid,sc04,R0_dataset
0.3382352941176471,0.4227941176470588,0.8088235294117646,1.1333333333333333,0.6000000000000001,1.5,0.5627905155750347,0.9192387818250329,0.028817071667035093,0.2426470588235294,0.0,125,R0,G03,mid,sc05,R0_dataset
0.6029411764705882,0.5,0.5147058823529411,1.7000000000000002,0.9,4.800000000000001,0.8226280033020476,0.9669539426892756,0.02140238851955556,0.15441176470588236,0.39705882352941174,126,R1,G03,mid,sc06,R1_dataset
0.6727941176470589,0.5257352941176471,0.588235294117647,1.5111111111111113,0.9,3.6500000000000004,0.7834905423515692,0.9192387818250329,0.018586463098864376,0.17647058823529413,0.3272058823529412,127,R1,G03,mid,sc07,R1_dataset
0.6507352941176471,0.5367647058823529,0.588235294117647,1.511111111111111,0.6000000000000001,3.9000000000000004,0.7034181485714505,1.4949915855467553,0.014867872106721502,0.17647058823529413,0.3492647058823529,128,R1,G03,mid,sc08,R1_dataset
0.6043956043956044,0.4908424908424908,0.6593406593406593,1.365,0.6000000000000001,3.7,0.8014045465790546,1.4949915855467553,0.02140238851955556,0.1978021978021978,0.3956043956043956,129,R1,G03,mid,sc09,R1_dataset
0.6948529411764706,0.5625,0.5147058823529411,1.7,0.6000000000000001,4.9,0.7199299149152508,0.9192387818250329,0.02140238851955556,0.15441176470588236,0.30514705882352944,130,R1,G03,mid,sc10,R1_dataset
0.5588235294117647,0.39705882352941174,0.7352941176470588,1.2363636363636363,0.6000000000000001,2.4000000000000004,0.8656961456949249,1.5921682744086794,0.02140238851955556,0.22058823529411764,0.4411764705882353,131,R1,G03,mid,sc11,R1_dataset
0.18382352941176472,0.2610294117647059,0.8823529411764705,1.0461538461538462,0.6000000000000001,1.5,0.6780544352900223,0.9192387818250329,0.02193445310348593,0.2647058823529412,0.0,108,R0,G03,nominal,sc00,R0_dataset
0.3382352941176471,0.34191176470588236,0.6617647058823529,1.3599999999999999,0.6000000000000001,4.6000000000000005,0.7304912733243913,0.9999999701976776,0.02154855376305977,0.19852941176470587,0.0,109,R0,G03,nominal,sc01,R0_dataset
0.3602941176470588,0.3897058823529412,0.8823529411764705,1.046153846153846,0.6000000000000001,1.5,0.6607447308930673,0.9999999701976776,0.020654539356222277,0.2647058823529412,0.0,110,R0,G03,nominal,sc02,R0_dataset
0.16117216117216118,0.26373626373626374,0.7326007326007326,1.240909090909091,0.6000000000000001,1.8,0.5416431633862028,0.9999999701976776,0.022409306769209023,0.21978021978021978,0.0,111,R0,G03,nominal,sc03,R0_dataset
0.15808823529411764,0.3492647058823529,0.7352941176470588,1.2363636363636363,0.6000000000000001,2.1,0.7140695629602132,0.9999999701976776,0.02217064920364383,0.22058823529411764,0.0,112,R0,G03,nominal,sc04,R0_dataset
0.3382352941176471,0.44485294117647056,0.8088235294117646,1.1333333333333333,0.6000000000000001,1.5,0.5627905155750347,0.9192387818250329,0.027983601200829548,0.2426470588235294,0.0,113,R0,G03,nominal,sc05,R0_dataset
0.6029411764705882,0.5220588235294118,0.5147058823529411,1.7000000000000002,0.9,4.800000000000001,0.8226280033020476,0.9669539426892756,0.02154855376305977,0.15441176470588236,0.39705882352941174,114,R1,G03,nominal,sc06,R1_dataset
0.6727941176470589,0.5257352941176471,0.588235294117647,1.5111111111111113,0.9,3.6500000000000004,0.7834905423515692,0.9192387818250329,0.02469591201631015,0.17647058823529413,0.3272058823529412,115,R1,G03,nominal,sc07,R1_dataset
0.6507352941176471,0.5367647058823529,0.588235294117647,1.511111111111111,0.6000000000000001,3.9000000000000004,0.7034181485714505,1.4949915855467553,0.016388871007007033,0.17647058823529413,0.3492647058823529,116,R1,G03,nominal,sc08,R1_dataset
0.6043956043956044,0.5164835164835165,0.6593406593406593,1.365,0.6000000000000001,3.7,0.8014045465790546,1.4949915855467553,0.02154855376305977,0.1978021978021978,0.3956043956043956,117,R1,G03,nominal,sc09,R1_dataset
0.6948529411764706,0.5882352941176471,0.5147058823529411,1.7,0.6000000000000001,4.9,0.7199299149152508,0.9192387818250329,0.02154855376305977,0.15441176470588236,0.30514705882352944,118,R1,G03,nominal,sc10,R1_dataset
0.5588235294117647,0.4522058823529412,0.7352941176470588,1.2363636363636363,0.6000000000000001,2.4000000000000004,0.8656961456949249,1.5921682744086794,0.02154855376305977,0.22058823529411764,0.4411764705882353,119,R1,G03,nominal,sc11,R1_dataset
0.27205882352941174,0.34558823529411764,0.8823529411764705,1.0461538461538462,0.6000000000000001,1.5,0.5950579691335109,0.9999999701976776,0.009423397724538938,0.2647058823529412,0.0,168,R0,G04,low,sc00,R0_dataset
0.07352941176470588,0.15441176470588236,0.8823529411764705,1.0461538461538462,0.6000000000000001,1.55,0.6994488977569239,0.9999999701976776,0.01387566343669538,0.2647058823529412,0.0,169,R0,G04,low,sc01,R0_dataset
0.22794117647058823,0.28308823529411764,0.8823529411764705,1.046153846153846,0.6000000000000001,1.5,0.5542796565723326,0.7382411291937481,0.0069803800977172046,0.2647058823529412,0.0,170,R0,G04,low,sc02,R0_dataset
0.34065934065934067,0.3663003663003663,0.8058608058608059,1.1375,0.6000000000000001,1.85,0.6517489612007978,1.2999999523162842,0.009423397724538938,0.24175824175824176,0.0,171,R0,G04,low,sc03,R0_dataset
0.1875,0.33455882352941174,0.8823529411764705,1.0461538461538462,0.6000000000000001,1.55,0.6951201619445312,1.2999999523162842,0.008346166817218295,0.2647058823529412,0.0,172,R0,G04,low,sc04,R0_dataset
0.3602941176470588,0.4227941176470588,0.8088235294117646,1.1333333333333333,0.6000000000000001,2.7,0.5496109933603367,1.2999999523162842,0.007692752775977356,0.2426470588235294,0.0,173,R0,G04,low,sc05,R0_dataset
0.5588235294117647,0.27941176470588236,0.8088235294117646,1.1333333333333335,0.6000000000000001,1.6,0.6789874342874979,0.9192387818250329,0.008329671815633845,0.2426470588235294,0.4411764705882353,174,R1,G04,low,sc06,R1_dataset
0.6507352941176471,0.41911764705882354,0.5147058823529411,1.7,0.9,4.55,0.7640979367125029,0.9192387818250329,0.006658013437840069,0.15441176470588236,0.3492647058823529,175,R1,G04,low,sc07,R1_dataset
0.5183823529411765,0.2757352941176471,0.7352941176470588,1.2363636363636366,0.6000000000000001,2.7,0.8433050146765039,1.3910427267620828,0.01295710202663254,0.22058823529411764,0.48161764705882354,176,R1,G04,low,sc08,R1_dataset
0.8021978021978022,0.6483516483516484,0.21978021978021978,3.4125,1.2000000000000002,7.25,0.7985736800708431,0.9192387818250329,0.008329671815633845,0.06593406593406594,0.1978021978021978,177,R1,G04,low,sc09,R1_dataset
0.4227941176470588,0.2426470588235294,0.7352941176470588,1.2363636363636366,0.6000000000000001,1.8,0.8650400498375413,1.1157956497722628,0.005526743091133079,0.22058823529411764,0.5772058823529411,178,R1,G04,low,sc10,R1_dataset
0.6029411764705882,0.3713235294117647,0.6617647058823529,1.36,0.6000000000000001,3.0,0.7969371426655075,1.3910427267620828,0.008329671815633845,0.19852941176470587,0.39705882352941174,179,R1,G04,low,sc11,R1_dataset
0.27205882352941174,0.3639705882352941,0.8823529411764705,1.0461538461538462,0.6000000000000001,1.5,0.5950579691335109,0.9999999701976776,0.015096504369910394,0.2647058823529412,0.0,156,R0,G04,mid,sc00,R0_dataset
0.07352941176470588,0.20955882352941177,0.8823529411764705,1.0461538461538462,0.6000000000000001,1.55,0.6994488977569239,0.9999999701976776,0.02448746012250334,0.2647058823529412,0.0,157,R0,G04,mid,sc01,R0_dataset
0.22794117647058823,0.2977941176470588,0.8823529411764705,1.046153846153846,0.6000000000000001,1.5,0.5542796565723326,0.7382411291937481,0.019726928029352487,0.2647058823529412,0.0,158,R0,G04,mid,sc02,R0_dataset
0.34065934065934067,0.36996336996337,0.8058608058608059,1.1375,0.6000000000000001,1.85,0.6517489612007978,1.2999999523162842,0.015096504369910394,0.24175824175824176,0.0,159,R0,G04,mid,sc03,R0_dataset
0.1875,0.30514705882352944,0.8823529411764705,1.0461538461538462,0.6000000000000001,1.55,0.6951201619445312,1.2999999523162842,0.01618124306627079,0.2647058823529412,0.0,160,R0,G04,mid,sc04,R0_dataset
0.3602941176470588,0.375,0.8088235294117646,1.1333333333333333,0.6000000000000001,2.7,0.5496109933603367,1.2999999523162842,0.017289207464415774,0.2426470588235294,0.0,161,R0,G04,mid,sc05,R0_dataset
0.5588235294117647,0.40441176470588236,0.8088235294117646,1.1333333333333335,0.6000000000000001,1.6,0.6789874342874979,0.9192387818250329,0.016725599838511605,0.2426470588235294,0.4411764705882353,162,R1,G04,mid,sc06,R1_dataset
0.6507352941176471,0.4889705882352941,0.5147058823529411,1.7,0.9,4.55,0.7640979367125029,0.9192387818250329,0.01909544851704962,0.15441176470588236,0.3492647058823529,163,R1,G04,mid,sc07,R1_dataset
0.5183823529411765,0.3492647058823529,0.7352941176470588,1.2363636363636366,0.6000000000000001,2.7,0.8433050146765039,1.3910427267620828,0.022850327610915974,0.22058823529411764,0.48161764705882354,164,R1,G04,mid,sc08,R1_dataset
0.8021978021978022,0.7032967032967034,0.21978021978021978,3.4125,1.2000000000000002,7.25,0.7985736800708431,0.9192387818250329,0.016725599838511605,0.06593406593406594,0.1978021978021978,165,R1,G04,mid,sc09,R1_dataset
0.4227941176470588,0.29411764705882354,0.7352941176470588,1.2363636363636366,0.6000000000000001,1.8,0.8650400498375413,1.1157956497722628,0.019131515547362452,0.22058823529411764,0.5772058823529411,166,R1,G04,mid,sc10,R1_dataset
0.6029411764705882,0.4227941176470588,0.6617647058823529,1.36,0.6000000000000001,3.0,0.7969371426655075,1.3910427267620828,0.016725599838511605,0.19852941176470587,0.39705882352941174,167,R1,G04,mid,sc11,R1_dataset
0.27205882352941174,0.3235294117647059,0.8823529411764705,1.0461538461538462,0.6000000000000001,1.5,0.5950579691335109,0.9999999701976776,0.026944804378304044,0.2647058823529412,0.0,144,R0,G04,nominal,sc00,R0_dataset
0.07352941176470588,0.1948529411764706,0.8823529411764705,1.0461538461538462,0.6000000000000001,1.55,0.6994488977569239,0.9999999701976776,0.04473616458352085,0.2647058823529412,0.0,145,R0,G04,nominal,sc01,R0_dataset
0.22794117647058823,0.2647058823529412,0.8823529411764705,1.046153846153846,0.6000000000000001,1.5,0.5542796565723326,0.7382411291937481,0.03530964598546212,0.2647058823529412,0.0,146,R0,G04,nominal,sc02,R0_dataset
0.34065934065934067,0.3882783882783883,0.8058608058608059,1.1375,0.6000000000000001,1.85,0.6517489612007978,1.2999999523162842,0.026944804378304044,0.24175824175824176,0.0,147,R0,G04,nominal,sc03,R0_dataset
0.1875,0.25735294117647056,0.8823529411764705,1.0461538461538462,0.6000000000000001,1.55,0.6951201619445312,1.2999999523162842,0.03088929806130921,0.2647058823529412,0.0,148,R0,G04,nominal,sc04,R0_dataset
0.3602941176470588,0.4227941176470588,0.8088235294117646,1.1333333333333333,0.6000000000000001,2.7,0.5496109933603367,1.2999999523162842,0.03105041606884324,0.2426470588235294,0.0,149,R0,G04,nominal,sc05,R0_dataset
0.5588235294117647,0.3860294117647059,0.8088235294117646,1.1333333333333335,0.6000000000000001,1.6,0.6789874342874979,0.9192387818250329,0.030790694993974816,0.2426470588235294,0.4411764705882353,150,R1,G04,nominal,sc06,R1_dataset
0.6507352941176471,0.5073529411764706,0.5147058823529411,1.7,0.9,4.55,0.7640979367125029,0.9192387818250329,0.04050114734625814,0.15441176470588236,0.3492647058823529,151,R1,G04,nominal,sc07,R1_dataset
0.5183823529411765,0.4264705882352941,0.7352941176470588,1.2363636363636366,0.6000000000000001,2.7,0.8433050146765039,1.3910427267620828,0.04360648832130505,0.22058823529411764,0.48161764705882354,152,R1,G04,nominal,sc08,R1_dataset
0.8021978021978022,0.706959706959707,0.21978021978021978,3.4125,1.2000000000000002,7.25,0.7985736800708431,0.9192387818250329,0.030790694993974816,0.06593406593406594,0.1978021978021978,153,R1,G04,nominal,sc09,R1_dataset
0.4227941176470588,0.3125,0.7352941176470588,1.2363636363636366,0.6000000000000001,1.8,0.8650400498375413,1.1157956497722628,0.03952428188955367,0.22058823529411764,0.5772058823529411,154,R1,G04,nominal,sc10,R1_dataset
0.6029411764705882,0.43014705882352944,0.6617647058823529,1.36,0.6000000000000001,3.0,0.7969371426655075,1.3910427267620828,0.030790694993974816,0.19852941176470587,0.39705882352941174,155,R1,G04,nominal,sc11,R1_dataset
0.18382352941176472,0.35661764705882354,0.8088235294117646,1.1333333333333335,0.6000000000000001,1.6,0.7167453173285245,0.9999999701976776,0.05673150697607013,0.2426470588235294,0.0,204,R0,G05,low,sc00,R0_dataset
0.25,0.25735294117647056,0.8088235294117646,1.1333333333333335,0.6000000000000001,1.8,0.7645394914060636,1.2999999523162842,0.055093159661900745,0.2426470588235294,0.0,205,R0,G05,low,sc01,R0_dataset
0.1875,0.16911764705882354,0.8823529411764705,1.046153846153846,0.6000000000000001,1.5,0.7299945332921861,1.2999999523162842,0.06289436630967225,0.2647058823529412,0.0,206,R0,G05,low,sc02,R0_dataset
0.11721611721611722,0.43223443223443225,0.8058608058608059,1.1375,0.6000000000000001,2.15,0.5863315948345673,0.9999999701976776,0.05321442001593399,0.24175824175824176,0.0,207,R0,G05,low,sc03,R0_dataset
0.2977941176470588,0.41911764705882354,0.8823529411764705,1.0461538461538462,0.6000000000000001,1.55,0.7137466369353023,1.2999999523162842,0.06090853908898916,0.2647058823529412,0.0,208,R0,G05,low,sc04,R0_dataset
0.25,0.24632352941176472,0.7352941176470588,1.2363636363636363,0.6000000000000001,2.4000000000000004,0.5599137663904313,0.9192387818250329,0.04929910663649218,0.22058823529411764,0.0,209,R0,G05,low,sc05,R0_dataset
0.6029411764705882,0.4632352941176471,0.3676470588235294,2.266666666666667,1.2000000000000002,4.2,0.8977030197510214,1.3341663559292392,0.05673150697607013,0.11029411764705882,0.39705882352941174,210,R1,G05,low,sc06,R1_dataset
0.625,0.5073529411764706,0.5147058823529411,1.7,0.6000000000000001,6.9,0.8268380384369625,1.2429802513429633,0.05474890026205666,0.15441176470588236,0.375,211,R1,G05,low,sc07,R1_dataset
0.6213235294117647,0.35661764705882354,0.6617647058823529,1.36,0.6000000000000001,2.35,0.7498802192847163,0.9192387818250329,0.05673150697607013,0.19852941176470587,0.3786764705882353,212,R1,G05,low,sc08,R1_dataset
0.5824175824175825,0.3772893772893773,0.5860805860805861,1.5166666666666668,0.9,4.800000000000001,0.9255003406581908,1.8384775636500659,0.05876851740409598,0.17582417582417584,0.4175824175824176,213,R1,G05,low,sc09,R1_dataset
0.6470588235294118,0.4411764705882353,0.5147058823529411,1.7000000000000002,0.6000000000000001,4.800000000000001,0.8206760753967759,1.1157956497722628,0.05673150697607013,0.15441176470588236,0.35294117647058826,214,R1,G05,low,sc10,R1_dataset
0.5808823529411765,0.4485294117647059,0.588235294117647,1.511111111111111,0.6000000000000001,3.6,0.8118160408985619,1.2429802513429633,0.05394021432874018,0.17647058823529413,0.41911764705882354,215,R1,G05,low,sc11,R1_dataset
0.18382352941176472,0.33455882352941174,0.8088235294117646,1.1333333333333335,0.6000000000000001,1.6,0.7167453173285245,0.9999999701976776,0.04367626612715528,0.2426470588235294,0.0,192,R0,G05,mid,sc00,R0_dataset
0.25,0.2536764705882353,0.8088235294117646,1.1333333333333335,0.6000000000000001,1.8,0.7645394914060636,1.2999999523162842,0.04126265092854752,0.2426470588235294,0.0,193,R0,G05,mid,sc01,R0_dataset
0.1875,0.18382352941176472,0.8823529411764705,1.046153846153846,0.6000000000000001,1.5,0.7299945332921861,1.2999999523162842,0.05368429730737866,0.2647058823529412,0.0,194,R0,G05,mid,sc02,R0_dataset
0.11721611721611722,0.41025641025641024,0.8058608058608059,1.1375,0.6000000000000001,2.15,0.5863315948345673,0.9999999701976776,0.03988424606542775,0.24175824175824176,0.0,195,R0,G05,mid,sc03,R0_dataset
0.2977941176470588,0.4264705882352941,0.8823529411764705,1.0461538461538462,0.6000000000000001,1.55,0.7137466369353023,1.2999999523162842,0.046558320395889405,0.2647058823529412,0.0,196,R0,G05,mid,sc04,R0_dataset
0.25,0.30514705882352944,0.7352941176470588,1.2363636363636363,0.6000000000000001,2.4000000000000004,0.5599137663904313,0.9192387818250329,0.03659058193072987,0.22058823529411764,0.0,197,R0,G05,mid,sc05,R0_dataset
0.6029411764705882,0.5183823529411765,0.3676470588235294,2.266666666666667,1.2000000000000002,4.2,0.8977030197510214,1.3341663559292392,0.04367626612715528,0.11029411764705882,0.39705882352941174,198,R1,G05,mid,sc06,R1_dataset
0.625,0.5257352941176471,0.5147058823529411,1.7,0.6000000000000001,6.9,0.8268380384369625,1.2429802513429633,0.03986416453392606,0.15441176470588236,0.375,199,R1,G05,mid,sc07,R1_dataset
0.6213235294117647,0.45955882352941174,0.6617647058823529,1.36,0.6000000000000001,2.35,0.7498802192847163,0.9192387818250329,0.04367626612715528,0.19852941176470587,0.3786764705882353,200,R1,G05,mid,sc08,R1_dataset
0.5824175824175825,0.4725274725274725,0.5860805860805861,1.5166666666666668,0.9,4.800000000000001,0.9255003406581908,1.8384775636500659,0.047720822709773764,0.17582417582417584,0.4175824175824176,201,R1,G05,mid,sc09,R1_dataset
0.6470588235294118,0.5294117647058824,0.5147058823529411,1.7000000000000002,0.6000000000000001,4.800000000000001,0.8206760753967759,1.1157956497722628,0.04367626612715528,0.15441176470588236,0.35294117647058826,202,R1,G05,mid,sc10,R1_dataset
0.5808823529411765,0.4963235294117647,0.588235294117647,1.511111111111111,0.6000000000000001,3.6,0.8118160408985619,1.2429802513429633,0.041611106054776664,0.17647058823529413,0.41911764705882354,203,R1,G05,mid,sc11,R1_dataset
0.18382352941176472,0.35661764705882354,0.8088235294117646,1.1333333333333335,0.6000000000000001,1.6,0.7167453173285245,0.9999999701976776,0.03946163908097342,0.2426470588235294,0.0,180,R0,G05,nominal,sc00,R0_dataset
0.25,0.22058823529411764,0.8088235294117646,1.1333333333333335,0.6000000000000001,1.8,0.7645394914060636,1.2999999523162842,0.03739496755379871,0.2426470588235294,0.0,181,R0,G05,nominal,sc01,R0_dataset
0.1875,0.20588235294117646,0.8823529411764705,1.046153846153846,0.6000000000000001,1.5,0.7299945332921861,1.2999999523162842,0.04793975720221606,0.2647058823529412,0.0,182,R0,G05,nominal,sc02,R0_dataset
0.11721611721611722,0.3956043956043956,0.8058608058608059,1.1375,0.6000000000000001,2.15,0.5863315948345673,0.9999999701976776,0.03165542871645151,0.24175824175824176,0.0,183,R0,G05,nominal,sc03,R0_dataset
0.2977941176470588,0.41911764705882354,0.8823529411764705,1.0461538461538462,0.6000000000000001,1.55,0.7137466369353023,1.2999999523162842,0.04540820059647573,0.2647058823529412,0.0,184,R0,G05,nominal,sc04,R0_dataset
0.25,0.2977941176470588,0.7352941176470588,1.2363636363636363,0.6000000000000001,2.4000000000000004,0.5599137663904313,0.9192387818250329,0.025557315536679434,0.22058823529411764,0.0,185,R0,G05,nominal,sc05,R0_dataset
0.6029411764705882,0.5220588235294118,0.3676470588235294,2.266666666666667,1.2000000000000002,4.2,0.8977030197510214,1.3341663559292392,0.03946163908097342,0.11029411764705882,0.39705882352941174,186,R1,G05,nominal,sc06,R1_dataset
0.625,0.5220588235294118,0.5147058823529411,1.7,0.6000000000000001,6.9,0.8268380384369625,1.2429802513429633,0.02652484927258642,0.15441176470588236,0.375,187,R1,G05,nominal,sc07,R1_dataset
0.6213235294117647,0.4742647058823529,0.6617647058823529,1.36,0.6000000000000001,2.35,0.7498802192847163,0.9192387818250329,0.03946163908097342,0.19852941176470587,0.3786764705882353,188,R1,G05,nominal,sc08,R1_dataset
0.5824175824175825,0.4725274725274725,0.5860805860805861,1.5166666666666668,0.9,4.800000000000001,0.9255003406581908,1.8384775636500659,0.04591231392221048,0.17582417582417584,0.4175824175824176,189,R1,G05,nominal,sc09,R1_dataset
0.6470588235294118,0.5441176470588235,0.5147058823529411,1.7000000000000002,0.6000000000000001,4.800000000000001,0.8206760753967759,1.1157956497722628,0.03946163908097342,0.15441176470588236,0.35294117647058826,190,R1,G05,nominal,sc10,R1_dataset
0.5808823529411765,0.4963235294117647,0.588235294117647,1.511111111111111,0.6000000000000001,3.6,0.8118160408985619,1.2429802513429633,0.036293665638019126,0.17647058823529413,0.41911764705882354,191,R1,G05,nominal,sc11,R1_dataset
0.4485294117647059,0.5588235294117647,0.8088235294117646,1.1333333333333335,0.6000000000000001,3.0,0.5611968375697428,0.7382411291937481,0.0784205382998556,0.2426470588235294,0.0,240,R0,G06,low,sc00,R0_dataset
0.2757352941176471,0.4338235294117647,0.8088235294117646,1.1333333333333335,0.6000000000000001,1.55,0.623630407541158,0.9999999701976776,0.08147718863833024,0.2426470588235294,0.0,241,R0,G06,low,sc01,R0_dataset
0.25,0.21323529411764705,0.8088235294117646,1.133333333333333,0.6000000000000001,2.7,0.6582450594039989,0.9999999701976776,0.0784205382998556,0.2426470588235294,0.0,242,R0,G06,low,sc02,R0_dataset
0.16117216117216118,0.34065934065934067,0.8791208791208791,1.05,0.6000000000000001,1.5,0.7117443371814213,1.2999999523162842,0.08147718863833024,0.26373626373626374,0.0,243,R0,G06,low,sc03,R0_dataset
0.07352941176470588,0.18382352941176472,0.8088235294117646,1.1333333333333333,0.6000000000000001,1.55,0.7391495551276871,1.2999999523162842,0.08300904481867734,0.2426470588235294,0.0,244,R0,G06,low,sc04,R0_dataset
0.3161764705882353,0.3382352941176471,0.8088235294117646,1.1333333333333333,0.6000000000000001,1.6,0.720221784702586,0.9192387818250329,0.08027285072579239,0.2426470588235294,0.0,245,R0,G06,low,sc05,R0_dataset
0.6470588235294118,0.4117647058823529,0.588235294117647,1.5111111111111113,0.6000000000000001,3.0,0.7543027914710028,1.2429802513429633,0.08027285072579239,0.17647058823529413,0.35294117647058826,246,R1,G06,low,sc06,R1_dataset
0.5845588235294118,0.3492647058823529,0.7352941176470588,1.2363636363636363,0.6000000000000001,3.0500000000000003,0.9225147664078197,1.4949915855467553,0.07875460763782757,0.22058823529411764,0.41544117647058826,247,R1,G06,low,sc07,R1_dataset
0.6029411764705882,0.3602941176470588,0.588235294117647,1.511111111111111,0.6000000000000001,3.1,0.8297952001114086,1.4142135202262465,0.08027285072579239,0.17647058823529413,0.39705882352941174,248,R1,G06,low,sc08,R1_dataset
0.5787545787545788,0.36996336996337,0.6593406593406593,1.365,0.6000000000000001,3.9000000000000004,0.6571523322629031,0.7382411291937481,0.07856171246284187,0.1978021978021978,0.42124542124542125,249,R1,G06,low,sc09,R1_dataset
0.8235294117647058,0.6764705882352942,0.2205882352941176,3.4000000000000004,0.9,9.4,0.6571523322629033,0.7382411291937481,0.08027285072579239,0.0661764705882353,0.17647058823529413,250,R1,G06,low,sc10,R1_dataset
0.6029411764705882,0.3713235294117647,0.7352941176470588,1.2363636363636366,0.6000000000000001,4.2,0.7160693253245013,0.9192387818250329,0.07563162302709087,0.22058823529411764,0.39705882352941174,251,R1,G06,low,sc11,R1_dataset
0.4485294117647059,0.5551470588235294,0.8088235294117646,1.1333333333333335,0.6000000000000001,3.0,0.5611968375697428,0.7382411291937481,0.06845455767946566,0.2426470588235294,0.0,228,R0,G06,mid,sc00,R0_dataset
0.2757352941176471,0.44485294117647056,0.8088235294117646,1.1333333333333335,0.6000000000000001,1.55,0.623630407541158,0.9999999701976776,0.0692902944715778,0.2426470588235294,0.0,229,R0,G06,mid,sc01,R0_dataset
0.25,0.26838235294117646,0.8088235294117646,1.133333333333333,0.6000000000000001,2.7,0.6582450594039989,0.9999999701976776,0.06845455767946566,0.2426470588235294,0.0,230,R0,G06,mid,sc02,R0_dataset
0.16117216117216118,0.2857142857142857,0.8791208791208791,1.05,0.6000000000000001,1.5,0.7117443371814213,1.2999999523162842,0.0692902944715778,0.26373626373626374,0.0,231,R0,G06,mid,sc03,R0_dataset
0.07352941176470588,0.19117647058823528,0.8088235294117646,1.1333333333333333,0.6000000000000001,1.55,0.7391495551276871,1.2999999523162842,0.07641903788551367,0.2426470588235294,0.0,232,R0,G06,mid,sc04,R0_dataset
0.3161764705882353,0.39338235294117646,0.8088235294117646,1.1333333333333333,0.6000000000000001,1.6,0.720221784702586,0.9192387818250329,0.06965033786866433,0.2426470588235294,0.0,233,R0,G06,mid,sc05,R0_dataset
0.6470588235294118,0.49264705882352944,0.588235294117647,1.5111111111111113,0.6000000000000001,3.0,0.7543027914710028,1.2429802513429633,0.06965033786866433,0.17647058823529413,0.35294117647058826,234,R1,G06,mid,sc06,R1_dataset
0.5845588235294118,0.44485294117647056,0.7352941176470588,1.2363636363636363,0.6000000000000001,3.0500000000000003,0.9225147664078197,1.4949915855467553,0.0725749780580208,0.22058823529411764,0.41544117647058826,235,R1,G06,mid,sc07,R1_dataset
0.6029411764705882,0.47794117647058826,0.588235294117647,1.511111111111111,0.6000000000000001,3.1,0.8297952001114086,1.4142135202262465,0.06965033786866433,0.17647058823529413,0.39705882352941174,236,R1,G06,mid,sc08,R1_dataset
0.5787545787545788,0.43956043956043955,0.6593406593406593,1.365,0.6000000000000001,3.9000000000000004,0.6571523322629031,0.7382411291937481,0.07006616943683129,0.1978021978021978,0.42124542124542125,237,R1,G06,mid,sc09,R1_dataset
0.8235294117647058,0.7022058823529411,0.2205882352941176,3.4000000000000004,0.9,9.4,0.6571523322629033,0.7382411291937481,0.06965033786866433,0.0661764705882353,0.17647058823529413,238,R1,G06,mid,sc10,R1_dataset
0.6029411764705882,0.46691176470588236,0.7352941176470588,1.2363636363636366,0.6000000000000001,4.2,0.7160693253245013,0.9192387818250329,0.06977264997891514,0.22058823529411764,0.39705882352941174,239,R1,G06,mid,sc11,R1_dataset
0.4485294117647059,0.5294117647058824,0.8088235294117646,1.1333333333333335,0.6000000000000001,3.0,0.5611968375697428,0.7382411291937481,0.061804932513777035,0.2426470588235294,0.0,216,R0,G06,nominal,sc00,R0_dataset
0.2757352941176471,0.4117647058823529,0.8088235294117646,1.1333333333333335,0.6000000000000001,1.55,0.623630407541158,0.9999999701976776,0.06566902499562585,0.2426470588235294,0.0,217,R0,G06,nominal,sc01,R0_dataset
0.25,0.25,0.8088235294117646,1.133333333333333,0.6000000000000001,2.7,0.6582450594039989,0.9999999701976776,0.061804932513777035,0.2426470588235294,0.0,218,R0,G06,nominal,sc02,R0_dataset
0.16117216117216118,0.2857142857142857,0.8791208791208791,1.05,0.6000000000000001,1.5,0.7117443371814213,1.2999999523162842,0.06566902499562585,0.26373626373626374,0.0,219,R0,G06,nominal,sc03,R0_dataset
0.07352941176470588,0.21323529411764705,0.8088235294117646,1.1333333333333333,0.6000000000000001,1.55,0.7391495551276871,1.2999999523162842,0.07019615676353437,0.2426470588235294,0.0,220,R0,G06,nominal,sc04,R0_dataset
0.3161764705882353,0.38235294117647056,0.8088235294117646,1.1333333333333333,0.6000000000000001,1.6,0.720221784702586,0.9192387818250329,0.06532935592899639,0.2426470588235294,0.0,221,R0,G06,nominal,sc05,R0_dataset
0.6470588235294118,0.5183823529411765,0.588235294117647,1.5111111111111113,0.6000000000000001,3.0,0.7543027914710028,1.2429802513429633,0.06532935592899639,0.17647058823529413,0.35294117647058826,222,R1,G06,nominal,sc06,R1_dataset
0.5845588235294118,0.43014705882352944,0.7352941176470588,1.2363636363636363,0.6000000000000001,3.0500000000000003,0.9225147664078197,1.4949915855467553,0.07257068576278455,0.22058823529411764,0.41544117647058826,223,R1,G06,nominal,sc07,R1_dataset
0.6029411764705882,0.4889705882352941,0.588235294117647,1.511111111111111,0.6000000000000001,3.1,0.8297952001114086,1.4142135202262465,0.06532935592899639,0.17647058823529413,0.39705882352941174,224,R1,G06,nominal,sc08,R1_dataset
0.5787545787545788,0.47619047619047616,0.6593406593406593,1.365,0.6000000000000001,3.9000000000000004,0.6571523322629031,0.7382411291937481,0.066442137678792,0.1978021978021978,0.42124542124542125,225,R1,G06,nominal,sc09,R1_dataset
0.8235294117647058,0.7132352941176471,0.2205882352941176,3.4000000000000004,0.9,9.4,0.6571523322629033,0.7382411291937481,0.06532935592899639,0.0661764705882353,0.17647058823529413,226,R1,G06,nominal,sc10,R1_dataset
0.6029411764705882,0.46691176470588236,0.7352941176470588,1.2363636363636366,0.6000000000000001,4.2,0.7160693253245013,0.9192387818250329,0.06405722895646469,0.22058823529411764,0.39705882352941174,227,R1,G06,nominal,sc11,R1_dataset
0.3382352941176471,0.45588235294117646,0.8823529411764705,1.0461538461538462,0.6000000000000001,1.5,0.6387466414056507,0.9999999701976776,0.022839411335214225,0.2647058823529412,0.0,276,R0,G07,low,sc00,R0_dataset
0.07352941176470588,0.04779411764705882,0.8823529411764705,1.0461538461538462,0.6000000000000001,1.55,0.6037382253430702,0.9192387818250329,0.027477186898111797,0.2647058823529412,0.0,277,R0,G07,low,sc01,R0_dataset
0.4889705882352941,0.41911764705882354,0.8088235294117646,1.1333333333333335,0.6000000000000001,1.5,0.6212014257109603,1.2999999523162842,0.021634919733433088,0.2426470588235294,0.0,278,R0,G07,low,sc02,R0_dataset
0.11721611721611722,0.21611721611721613,0.7326007326007326,1.240909090909091,0.6000000000000001,2.4000000000000004,0.6435670439528918,0.9999999701976776,0.02009430496548362,0.21978021978021978,0.0,279,R0,G07,low,sc03,R0_dataset
0.24632352941176472,0.5441176470588235,0.8823529411764705,1.0461538461538462,0.6000000000000001,1.55,0.6820165393943647,0.9999999701976776,0.0222023516465391,0.2647058823529412,0.0,280,R0,G07,low,sc04,R0_dataset
0.16176470588235295,0.2867647058823529,0.8823529411764705,1.0461538461538462,0.6000000000000001,1.5,0.5665146333521296,0.9192387818250329,0.022651302742083122,0.2647058823529412,0.0,281,R0,G07,low,sc05,R0_dataset
0.4264705882352941,0.23161764705882354,0.7352941176470588,1.2363636363636366,0.6000000000000001,2.2,0.6686653235401196,0.9192387818250329,0.02283965946577715,0.22058823529411764,0.5735294117647058,282,R1,G07,low,sc06,R1_dataset
0.4963235294117647,0.30514705882352944,0.7352941176470588,1.2363636363636366,0.6000000000000001,3.7,0.8682192348867831,1.2429802513429633,0.02283965946577715,0.22058823529411764,0.5036764705882353,283,R1,G07,low,sc07,R1_dataset
0.625,0.375,0.588235294117647,1.511111111111111,0.6000000000000001,3.3000000000000003,0.7575624875020842,1.0173494719829366,0.02283965946577715,0.17647058823529413,0.375,284,R1,G07,low,sc08,R1_dataset
0.8681318681318682,0.6666666666666666,0.29304029304029305,2.73,0.6000000000000001,5.45,0.8287399555093906,0.9192387818250329,0.02283965946577715,0.08791208791208792,0.13186813186813187,285,R1,G07,low,sc09,R1_dataset
0.7830882352941176,0.5735294117647058,0.4411764705882352,1.942857142857143,0.6000000000000001,4.8500000000000005,0.7382411291937481,0.7382411291937481,0.022073169252282976,0.1323529411764706,0.21691176470588236,286,R1,G07,low,sc10,R1_dataset
0.49264705882352944,0.28308823529411764,0.6617647058823529,1.3599999999999999,0.6000000000000001,2.8000000000000003,0.7368335284155274,1.1157956497722628,0.02283965946577715,0.19852941176470587,0.5073529411764706,287,R1,G07,low,sc11,R1_dataset
0.3382352941176471,0.45955882352941174,0.8823529411764705,1.0461538461538462,0.6000000000000001,1.5,0.6387466414056507,0.9999999701976776,0.029169862069945908,0.2647058823529412,0.0,264,R0,G07,mid,sc00,R0_dataset
0.07352941176470588,0.058823529411764705,0.8823529411764705,1.0461538461538462,0.6000000000000001,1.55,0.6037382253430702,0.9192387818250329,0.0358917336838252,0.2647058823529412,0.0,265,R0,G07,mid,sc01,R0_dataset
0.4889705882352941,0.4522058823529412,0.8088235294117646,1.1333333333333335,0.6000000000000001,1.5,0.6212014257109603,1.2999999523162842,0.0312461565917265,0.2426470588235294,0.0,266,R0,G07,mid,sc02,R0_dataset
0.11721611721611722,0.21611721611721613,0.7326007326007326,1.240909090909091,0.6000000000000001,2.4000000000000004,0.6435670439528918,0.9999999701976776,0.02887746008651019,0.21978021978021978,0.0,267,R0,G07,mid,sc03,R0_dataset
0.24632352941176472,0.5,0.8823529411764705,1.0461538461538462,0.6000000000000001,1.55,0.6820165393943647,0.9999999701976776,0.028087434831315785,0.2647058823529412,0.0,268,R0,G07,mid,sc04,R0_dataset
0.16176470588235295,0.25735294117647056,0.8823529411764705,1.0461538461538462,0.6000000000000001,1.5,0.5665146333521296,0.9192387818250329,0.02841021932215641,0.2647058823529412,0.0,269,R0,G07,mid,sc05,R0_dataset
0.4264705882352941,0.3088235294117647,0.7352941176470588,1.2363636363636366,0.6000000000000001,2.2,0.6686653235401196,0.9192387818250329,0.028999543496844193,0.22058823529411764,0.5735294117647058,270,R1,G07,mid,sc06,R1_dataset
0.4963235294117647,0.3786764705882353,0.7352941176470588,1.2363636363636366,0.6000000000000001,3.7,0.8682192348867831,1.2429802513429633,0.028999543496844193,0.22058823529411764,0.5036764705882353,271,R1,G07,mid,sc07,R1_dataset
0.625,0.47058823529411764,0.588235294117647,1.511111111111111,0.6000000000000001,3.3000000000000003,0.7575624875020842,1.0173494719829366,0.028999543496844193,0.17647058823529413,0.375,272,R1,G07,mid,sc08,R1_dataset
0.8681318681318682,0.7435897435897436,0.29304029304029305,2.73,0.6000000000000001,5.45,0.8287399555093906,0.9192387818250329,0.028999543496844193,0.08791208791208792,0.13186813186813187,273,R1,G07,mid,sc09,R1_dataset
0.7830882352941176,0.6544117647058824,0.4411764705882352,1.942857142857143,0.6000000000000001,4.8500000000000005,0.7382411291937481,0.7382411291937481,0.03385649285947845,0.1323529411764706,0.21691176470588236,274,R1,G07,mid,sc10,R1_dataset
0.49264705882352944,0.34558823529411764,0.6617647058823529,1.3599999999999999,0.6000000000000001,2.8000000000000003,0.7368335284155274,1.1157956497722628,0.028999543496844193,0.19852941176470587,0.5073529411764706,275,R1,G07,mid,sc11,R1_dataset
0.3382352941176471,0.4375,0.8823529411764705,1.0461538461538462,0.6000000000000001,1.5,0.6387466414056507,0.9999999701976776,0.024697789330909867,0.2647058823529412,0.0,252,R0,G07,nominal,sc00,R0_dataset
0.07352941176470588,0.08823529411764706,0.8823529411764705,1.0461538461538462,0.6000000000000001,1.55,0.6037382253430702,0.9192387818250329,0.0382176565981097,0.2647058823529412,0.0,253,R0,G07,nominal,sc01,R0_dataset
0.4889705882352941,0.5073529411764706,0.8088235294117646,1.1333333333333335,0.6000000000000001,1.5,0.6212014257109603,1.2999999523162842,0.026475619687052934,0.2426470588235294,0.0,254,R0,G07,nominal,sc02,R0_dataset
0.11721611721611722,0.20512820512820512,0.7326007326007326,1.240909090909091,0.6000000000000001,2.4000000000000004,0.6435670439528918,0.9999999701976776,0.02350842196188963,0.21978021978021978,0.0,255,R0,G07,nominal,sc03,R0_dataset
0.24632352941176472,0.47794117647058826,0.8823529411764705,1.0461538461538462,0.6000000000000001,1.55,0.6820165393943647,0.9999999701976776,0.022808196818217934,0.2647058823529412,0.0,256,R0,G07,nominal,sc04,R0_dataset
0.16176470588235295,0.28308823529411764,0.8823529411764705,1.0461538461538462,0.6000000000000001,1.5,0.5665146333521296,0.9192387818250329,0.02345715379639934,0.2647058823529412,0.0,257,R0,G07,nominal,sc05,R0_dataset
0.4264705882352941,0.35661764705882354,0.7352941176470588,1.2363636363636366,0.6000000000000001,2.2,0.6686653235401196,0.9192387818250329,0.024246200262297134,0.22058823529411764,0.5735294117647058,258,R1,G07,nominal,sc06,R1_dataset
0.4963235294117647,0.41544117647058826,0.7352941176470588,1.2363636363636366,0.6000000000000001,3.7,0.8682192348867831,1.2429802513429633,0.024246200262297134,0.22058823529411764,0.5036764705882353,259,R1,G07,nominal,sc07,R1_dataset
0.625,0.47794117647058826,0.588235294117647,1.511111111111111,0.6000000000000001,3.3000000000000003,0.7575624875020842,1.0173494719829366,0.024246200262297134,0.17647058823529413,0.375,260,R1,G07,nominal,sc08,R1_dataset
0.8681318681318682,0.7032967032967034,0.29304029304029305,2.73,0.6000000000000001,5.45,0.8287399555093906,0.9192387818250329,0.024246200262297134,0.08791208791208792,0.13186813186813187,261,R1,G07,nominal,sc09,R1_dataset
0.7830882352941176,0.6470588235294118,0.4411764705882352,1.942857142857143,0.6000000000000001,4.8500000000000005,0.7382411291937481,0.7382411291937481,0.029064065755355535,0.1323529411764706,0.21691176470588236,262,R1,G07,nominal,sc10,R1_dataset
0.49264705882352944,0.3860294117647059,0.6617647058823529,1.3599999999999999,0.6000000000000001,2.8000000000000003,0.7368335284155274,1.1157956497722628,0.024246200262297134,0.19852941176470587,0.5073529411764706,263,R1,G07,nominal,sc11,R1_dataset
0.38235294117647056,0.27941176470588236,0.6617647058823529,1.36,0.6000000000000001,2.1,0.7059112081939191,0.9192387818250329,0.07378768578702283,0.19852941176470587,0.0,312,R0,G08,low,sc00,R0_dataset
0.07352941176470588,0.15441176470588236,0.8823529411764705,1.0461538461538462,0.6000000000000001,1.55,0.5529725331504722,0.9999999701976776,0.07121807385329534,0.2647058823529412,0.0,313,R0,G08,low,sc01,R0_dataset
0.18382352941176472,0.38235294117647056,0.8823529411764705,1.046153846153846,0.6000000000000001,1.5,0.6998282578536387,0.9999999701976776,0.0751280457116579,0.2647058823529412,0.0,314,R0,G08,low,sc02,R0_dataset
0.2271062271062271,0.21611721611721613,0.8791208791208791,1.05,0.6000000000000001,1.5,0.596661205422612,0.9192387818250329,0.07637354854980125,0.26373626373626374,0.0,315,R0,G08,low,sc03,R0_dataset
0.29411764705882354,0.41544117647058826,0.7352941176470588,1.2363636363636363,0.6000000000000001,2.7,0.5554672798818563,0.7382411291937481,0.07285676334424201,0.22058823529411764,0.0,316,R0,G08,low,sc04,R0_dataset
0.22794117647058823,0.31985294117647056,0.8088235294117646,1.1333333333333333,0.6000000000000001,2.1,0.7054485844825962,1.2999999523162842,0.07637354854980125,0.2426470588235294,0.0,317,R0,G08,low,sc05,R0_dataset
0.38235294117647056,0.17647058823529413,0.8088235294117646,1.1333333333333335,0.6000000000000001,2.1,0.8842026194199345,1.4949915855467553,0.06261562134782978,0.2426470588235294,0.6176470588235294,318,R1,G08,low,sc06,R1_dataset
0.5367647058823529,0.3860294117647059,0.588235294117647,1.511111111111111,0.6000000000000001,5.7,0.657493368929212,0.7382411291937481,0.07435605993336666,0.17647058823529413,0.4632352941176471,319,R1,G08,low,sc07,R1_dataset
0.5367647058823529,0.34191176470588236,0.588235294117647,1.5111111111111113,0.6000000000000001,5.1000000000000005,0.9474096388773176,1.5921682744086794,0.0645782814869328,0.17647058823529413,0.4632352941176471,320,R1,G08,low,sc08,R1_dataset
0.6703296703296703,0.48717948717948717,0.5128205128205128,1.70625,0.6000000000000001,5.15,0.6238825767144627,0.7382411291937481,0.07517162271970164,0.15384615384615385,0.32967032967032966,321,R1,G08,low,sc09,R1_dataset
0.8198529411764706,0.5808823529411765,0.2941176470588235,2.72,0.9,5.3500000000000005,0.8287399555093906,0.9192387818250329,0.0734586553131059,0.08823529411764706,0.1801470588235294,322,R1,G08,low,sc10,R1_dataset
0.6691176470588235,0.4338235294117647,0.5147058823529411,1.7000000000000002,0.6000000000000001,4.5,0.8069160177269773,0.9192387818250329,0.07392568505290796,0.15441176470588236,0.33088235294117646,323,R1,G08,low,sc11,R1_dataset
0.38235294117647056,0.34558823529411764,0.6617647058823529,1.36,0.6000000000000001,2.1,0.7059112081939191,0.9192387818250329,0.06585622573538281,0.19852941176470587,0.0,300,R0,G08,mid,sc00,R0_dataset
0.07352941176470588,0.16176470588235295,0.8823529411764705,1.0461538461538462,0.6000000000000001,1.55,0.5529725331504722,0.9999999701976776,0.058324166437157175,0.2647058823529412,0.0,301,R0,G08,mid,sc01,R0_dataset
0.18382352941176472,0.39705882352941174,0.8823529411764705,1.046153846153846,0.6000000000000001,1.5,0.6998282578536387,0.9999999701976776,0.068466113151467,0.2647058823529412,0.0,302,R0,G08,mid,sc02,R0_dataset
0.2271062271062271,0.2564102564102564,0.8791208791208791,1.05,0.6000000000000001,1.5,0.596661205422612,0.9192387818250329,0.06975080816231076,0.26373626373626374,0.0,303,R0,G08,mid,sc03,R0_dataset
0.29411764705882354,0.43014705882352944,0.7352941176470588,1.2363636363636363,0.6000000000000001,2.7,0.5554672798818563,0.7382411291937481,0.06432101939876607,0.22058823529411764,0.0,304,R0,G08,mid,sc04,R0_dataset
0.22794117647058823,0.3382352941176471,0.8088235294117646,1.1333333333333333,0.6000000000000001,2.1,0.7054485844825962,1.2999999523162842,0.06975080816231076,0.2426470588235294,0.0,305,R0,G08,mid,sc05,R0_dataset
0.38235294117647056,0.2426470588235294,0.8088235294117646,1.1333333333333335,0.6000000000000001,2.1,0.8842026194199345,1.4949915855467553,0.053940325191956275,0.2426470588235294,0.6176470588235294,306,R1,G08,mid,sc06,R1_dataset
0.5367647058823529,0.41544117647058826,0.588235294117647,1.511111111111111,0.6000000000000001,5.7,0.657493368929212,0.7382411291937481,0.07201320948895801,0.17647058823529413,0.4632352941176471,307,R1,G08,mid,sc07,R1_dataset
0.5367647058823529,0.40808823529411764,0.588235294117647,1.5111111111111113,0.6000000000000001,5.1000000000000005,0.9474096388773176,1.5921682744086794,0.05407109309841328,0.17647058823529413,0.4632352941176471,308,R1,G08,mid,sc08,R1_dataset
0.6703296703296703,0.5384615384615384,0.5128205128205128,1.70625,0.6000000000000001,5.15,0.6238825767144627,0.7382411291937481,0.07126393069357465,0.15384615384615385,0.32967032967032966,309,R1,G08,mid,sc09,R1_dataset
0.8198529411764706,0.6691176470588235,0.2941176470588235,2.72,0.9,5.3500000000000005,0.8287399555093906,0.9192387818250329,0.06541362825267583,0.08823529411764706,0.1801470588235294,310,R1,G08,mid,sc10,R1_dataset
0.6691176470588235,0.5257352941176471,0.5147058823529411,1.7000000000000002,0.6000000000000001,4.5,0.8069160177269773,0.9192387818250329,0.0635570349635111,0.15441176470588236,0.33088235294117646,311,R1,G08,mid,sc11,R1_dataset
0.38235294117647056,0.3382352941176471,0.6617647058823529,1.36,0.6000000000000001,2.1,0.7059112081939191,0.9192387818250329,0.06047886303192309,0.19852941176470587,0.0,288,R0,G08,nominal,sc00,R0_dataset
0.07352941176470588,0.09926470588235294,0.8823529411764705,1.0461538461538462,0.6000000000000001,1.55,0.5529725331504722,0.9999999701976776,0.05141615820473195,0.2647058823529412,0.0,289,R0,G08,nominal,sc01,R0_dataset
0.18382352941176472,0.3860294117647059,0.8823529411764705,1.046153846153846,0.6000000000000001,1.5,0.6998282578536387,0.9999999701976776,0.06387667624041002,0.2647058823529412,0.0,290,R0,G08,nominal,sc02,R0_dataset
0.2271062271062271,0.2454212454212454,0.8791208791208791,1.05,0.6000000000000001,1.5,0.596661205422612,0.9192387818250329,0.06575105467761494,0.26373626373626374,0.0,291,R0,G08,nominal,sc03,R0_dataset
0.29411764705882354,0.4375,0.7352941176470588,1.2363636363636363,0.6000000000000001,2.7,0.5554672798818563,0.7382411291937481,0.057727008814797004,0.22058823529411764,0.0,292,R0,G08,nominal,sc04,R0_dataset
0.22794117647058823,0.36764705882352944,0.8088235294117646,1.1333333333333333,0.6000000000000001,2.1,0.7054485844825962,1.2999999523162842,0.06575105467761494,0.2426470588235294,0.0,293,R0,G08,nominal,sc05,R0_dataset
0.38235294117647056,0.24632352941176472,0.8088235294117646,1.1333333333333335,0.6000000000000001,2.1,0.8842026194199345,1.4949915855467553,0.046397063232463995,0.2426470588235294,0.6176470588235294,294,R1,G08,nominal,sc06,R1_dataset
0.5367647058823529,0.4264705882352941,0.588235294117647,1.511111111111111,0.6000000000000001,5.7,0.657493368929212,0.7382411291937481,0.06544424669054519,0.17647058823529413,0.4632352941176471,295,R1,G08,nominal,sc07,R1_dataset
0.5367647058823529,0.4375,0.588235294117647,1.5111111111111113,0.6000000000000001,5.1000000000000005,0.9474096388773176,1.5921682744086794,0.04723839809651105,0.17647058823529413,0.4632352941176471,296,R1,G08,nominal,sc08,R1_dataset
0.6703296703296703,0.5457875457875457,0.5128205128205128,1.70625,0.6000000000000001,5.15,0.6238825767144627,0.7382411291937481,0.06534439521293137,0.15384615384615385,0.32967032967032966,297,R1,G08,nominal,sc09,R1_dataset
0.8198529411764706,0.6801470588235294,0.2941176470588235,2.72,0.9,5.3500000000000005,0.8287399555093906,0.9192387818250329,0.06350434946894579,0.08823529411764706,0.1801470588235294,298,R1,G08,nominal,sc10,R1_dataset
0.6691176470588235,0.5,0.5147058823529411,1.7000000000000002,0.6000000000000001,4.5,0.8069160177269773,0.9192387818250329,0.05409194385202212,0.15441176470588236,0.33088235294117646,299,R1,G08,nominal,sc11,R1_dataset
0.20588235294117646,0.5036764705882353,0.7352941176470588,1.2363636363636366,0.6000000000000001,1.8,0.7240695653443989,1.2999999523162842,0.016946670049449913,0.22058823529411764,0.0,348,R0,G09,low,sc00,R0_dataset
0.25,0.23529411764705882,0.8823529411764705,1.0461538461538462,0.6000000000000001,1.55,0.5777876789232669,1.2999999523162842,0.014237577560445254,0.2647058823529412,0.0,349,R0,G09,low,sc01,R0_dataset
0.1875,0.23897058823529413,0.8823529411764705,1.046153846153846,0.6000000000000001,1.5,0.6077428248508322,0.9999999701976776,0.016033622879559964,0.2647058823529412,0.0,350,R0,G09,low,sc02,R0_dataset
0.16117216117216118,0.1391941391941392,0.8058608058608059,1.1375,0.6000000000000001,1.5,0.6469698211414144,0.9999999701976776,0.010118714122031953,0.24175824175824176,0.0,351,R0,G09,low,sc03,R0_dataset
0.27205882352941174,0.21691176470588236,0.7352941176470588,1.2363636363636363,0.6000000000000001,2.7,0.6347429286493312,1.2999999523162842,0.016629345222502874,0.22058823529411764,0.0,352,R0,G09,low,sc04,R0_dataset
0.18382352941176472,0.3161764705882353,0.8088235294117646,1.1333333333333333,0.6000000000000001,1.8,0.7101708417324791,0.9999999701976776,0.016033622879559964,0.2426470588235294,0.0,353,R0,G09,low,sc05,R0_dataset
0.6911764705882353,0.5882352941176471,0.2941176470588235,2.72,1.2000000000000002,7.9,0.8036093120329182,1.2429802513429633,0.016629345222502874,0.08823529411764706,0.3088235294117647,354,R1,G09,low,sc06,R1_dataset
0.7794117647058824,0.5808823529411765,0.3676470588235294,2.266666666666667,0.9,6.0,1.0272158730776932,1.640121890719619,0.016629345222502874,0.11029411764705882,0.22058823529411764,355,R1,G09,low,sc07,R1_dataset
0.46691176470588236,0.33088235294117646,0.7352941176470588,1.2363636363636366,0.6000000000000001,2.7,0.8284460323408733,1.3583077259614358,0.016637648351617407,0.22058823529411764,0.5330882352941176,356,R1,G09,low,sc08,R1_dataset
0.4249084249084249,0.2087912087912088,0.8058608058608059,1.1375,0.6000000000000001,1.5,0.8816945045360888,1.3583077259614358,0.016620976411427336,0.24175824175824176,0.575091575091575,357,R1,G09,low,sc09,R1_dataset
0.5772058823529411,0.3897058823529412,0.6617647058823529,1.36,0.6000000000000001,2.7,0.6743268729814242,1.0173494719829366,0.016629345222502874,0.19852941176470587,0.4227941176470588,358,R1,G09,low,sc10,R1_dataset
0.625,0.375,0.6617647058823529,1.36,0.6000000000000001,3.3000000000000003,0.7784628297784779,0.9192387818250329,0.011627032868086707,0.19852941176470587,0.375,359,R1,G09,low,sc11,R1_dataset
0.20588235294117646,0.5625,0.7352941176470588,1.2363636363636366,0.6000000000000001,1.8,0.7240695653443989,1.2999999523162842,0.0051293623847442175,0.22058823529411764,0.0,336,R0,G09,mid,sc00,R0_dataset
0.25,0.26838235294117646,0.8823529411764705,1.0461538461538462,0.6000000000000001,1.55,0.5777876789232669,1.2999999523162842,0.008894520256646221,0.2647058823529412,0.0,337,R0,G09,mid,sc01,R0_dataset
0.1875,0.24632352941176472,0.8823529411764705,1.046153846153846,0.6000000000000001,1.5,0.6077428248508322,0.9999999701976776,0.004895370484169226,0.2647058823529412,0.0,338,R0,G09,mid,sc02,R0_dataset
0.16117216117216118,0.17582417582417584,0.8058608058608059,1.1375,0.6000000000000001,1.5,0.6469698211414144,0.9999999701976776,0.010410966081814944,0.24175824175824176,0.0,339,R0,G09,mid,sc03,R0_dataset
0.27205882352941174,0.23897058823529413,0.7352941176470588,1.2363636363636363,0.6000000000000001,2.7,0.6347429286493312,1.2999999523162842,0.005084813318635179,0.22058823529411764,0.0,340,R0,G09,mid,sc04,R0_dataset
0.18382352941176472,0.33455882352941174,0.8088235294117646,1.1333333333333333,0.6000000000000001,1.8,0.7101708417324791,0.9999999701976776,0.004895370484169226,0.2426470588235294,0.0,341,R0,G09,mid,sc05,R0_dataset
0.6911764705882353,0.6066176470588235,0.2941176470588235,2.72,1.2000000000000002,7.9,0.8036093120329182,1.2429802513429633,0.005084813318635179,0.08823529411764706,0.3088235294117647,342,R1,G09,mid,sc06,R1_dataset
0.7794117647058824,0.6727941176470589,0.3676470588235294,2.266666666666667,0.9,6.0,1.0272158730776932,1.640121890719619,0.005084813318635179,0.11029411764705882,0.22058823529411764,343,R1,G09,mid,sc07,R1_dataset
0.46691176470588236,0.39338235294117646,0.7352941176470588,1.2363636363636366,0.6000000000000001,2.7,0.8284460323408733,1.3583077259614358,0.005166312763800093,0.22058823529411764,0.5330882352941176,344,R1,G09,mid,sc08,R1_dataset
0.4249084249084249,0.2673992673992674,0.8058608058608059,1.1375,0.6000000000000001,1.5,0.8816945045360888,1.3583077259614358,0.009296155923067834,0.24175824175824176,0.575091575091575,345,R1,G09,mid,sc09,R1_dataset
0.5772058823529411,0.46691176470588236,0.6617647058823529,1.36,0.6000000000000001,2.7,0.6743268729814242,1.0173494719829366,0.005084813318635179,0.19852941176470587,0.4227941176470588,346,R1,G09,mid,sc10,R1_dataset
0.625,0.4889705882352941,0.6617647058823529,1.36,0.6000000000000001,3.3000000000000003,0.7784628297784779,0.9192387818250329,0.010750455105211613,0.19852941176470587,0.375,347,R1,G09,mid,sc11,R1_dataset
0.20588235294117646,0.5036764705882353,0.7352941176470588,1.2363636363636366,0.6000000000000001,1.8,0.7240695653443989,1.2999999523162842,0.009439558295281272,0.22058823529411764,0.0,324,R0,G09,nominal,sc00,R0_dataset
0.25,0.3014705882352941,0.8823529411764705,1.0461538461538462,0.6000000000000001,1.55,0.5777876789232669,1.2999999523162842,0.011814275757069137,0.2647058823529412,0.0,325,R0,G09,nominal,sc01,R0_dataset
0.1875,0.23529411764705882,0.8823529411764705,1.046153846153846,0.6000000000000001,1.5,0.6077428248508322,0.9999999701976776,0.008932350561046824,0.2647058823529412,0.0,326,R0,G09,nominal,sc02,R0_dataset
0.16117216117216118,0.17582417582417584,0.8058608058608059,1.1375,0.6000000000000001,1.5,0.6469698211414144,0.9999999701976776,0.013800831572035684,0.24175824175824176,0.0,327,R0,G09,nominal,sc03,R0_dataset
0.27205882352941174,0.25,0.7352941176470588,1.2363636363636363,0.6000000000000001,2.7,0.6347429286493312,1.2999999523162842,0.008767019464393337,0.22058823529411764,0.0,328,R0,G09,nominal,sc04,R0_dataset
0.18382352941176472,0.3088235294117647,0.8088235294117646,1.1333333333333333,0.6000000000000001,1.8,0.7101708417324791,0.9999999701976776,0.008932350561046824,0.2426470588235294,0.0,329,R0,G09,nominal,sc05,R0_dataset
0.6911764705882353,0.6286764705882353,0.2941176470588235,2.72,1.2000000000000002,7.9,0.8036093120329182,1.2429802513429633,0.008767019464393337,0.08823529411764706,0.3088235294117647,330,R1,G09,nominal,sc06,R1_dataset
0.7794117647058824,0.6691176470588235,0.3676470588235294,2.266666666666667,0.9,6.0,1.0272158730776932,1.640121890719619,0.008767019464393337,0.11029411764705882,0.22058823529411764,331,R1,G09,nominal,sc07,R1_dataset
0.46691176470588236,0.3786764705882353,0.7352941176470588,1.2363636363636366,0.6000000000000001,2.7,0.8284460323408733,1.3583077259614358,0.012193868767566743,0.22058823529411764,0.5330882352941176,332,R1,G09,nominal,sc08,R1_dataset
0.4249084249084249,0.2967032967032967,0.8058608058608059,1.1375,0.6000000000000001,1.5,0.8816945045360888,1.3583077259614358,0.014993388250508676,0.24175824175824176,0.575091575091575,333,R1,G09,nominal,sc09,R1_dataset
0.5772058823529411,0.5036764705882353,0.6617647058823529,1.36,0.6000000000000001,2.7,0.6743268729814242,1.0173494719829366,0.008767019464393337,0.19852941176470587,0.4227941176470588,334,R1,G09,nominal,sc10,R1_dataset
0.625,0.5147058823529411,0.6617647058823529,1.36,0.6000000000000001,3.3000000000000003,0.7784628297784779,0.9192387818250329,0.013968357333805448,0.19852941176470587,0.375,335,R1,G09,nominal,sc11,R1_dataset
0.27205882352941174,0.3235294117647059,0.8823529411764705,1.0461538461538462,0.6000000000000001,1.5,0.5581191067110706,0.9192387818250329,0.02006132207065892,0.2647058823529412,0.0,384,R0,G10,low,sc00,R0_dataset
0.26838235294117646,0.5441176470588235,0.588235294117647,1.5111111111111113,0.6000000000000001,3.0500000000000003,0.3979019745086735,0.7382411291937481,0.01864123011848436,0.17647058823529413,0.0,385,R0,G10,low,sc01,R0_dataset
0.18382352941176472,0.15441176470588236,0.8088235294117646,1.1333333333333335,0.6000000000000001,1.5,0.6719492713688752,1.2999999523162842,0.015054371025917241,0.2426470588235294,0.0,386,R0,G10,low,sc02,R0_dataset
0.11721611721611722,0.25274725274725274,0.8058608058608059,1.1375,0.6000000000000001,2.1,0.8054700785240794,0.9999999701976776,0.01818985535363101,0.24175824175824176,0.0,387,R0,G10,low,sc03,R0_dataset
0.2977941176470588,0.23897058823529413,0.6617647058823529,1.3599999999999999,0.6000000000000001,2.6500000000000004,0.5807202409978366,0.9999999701976776,0.01864123011848436,0.19852941176470587,0.0,388,R0,G10,low,sc04,R0_dataset
0.22794117647058823,0.2757352941176471,0.8088235294117646,1.1333333333333333,0.6000000000000001,1.8,0.7097708798691514,1.2999999523162842,0.016549837808491934,0.2426470588235294,0.0,389,R0,G10,low,sc05,R0_dataset
0.5147058823529411,0.31985294117647056,0.7352941176470588,1.2363636363636366,0.6000000000000001,2.1,0.8960329047677551,1.5921682744086794,0.01864123011848436,0.22058823529411764,0.4852941176470588,390,R1,G10,low,sc06,R1_dataset
0.22794117647058823,0.11029411764705882,0.8823529411764705,1.0461538461538462,0.6000000000000001,1.55,0.861779529277582,1.3341663559292392,0.012682827376806339,0.2647058823529412,0.7720588235294118,391,R1,G10,low,sc07,R1_dataset
0.6911764705882353,0.45955882352941174,0.5147058823529411,1.7,0.6000000000000001,3.1,0.7552024026894675,0.9192387818250329,0.01864123011848436,0.15441176470588236,0.3088235294117647,392,R1,G10,low,sc08,R1_dataset
0.5384615384615384,0.336996336996337,0.5860805860805861,1.5166666666666666,0.9,2.15,0.660802102353284,0.9192387818250329,0.018374481601096986,0.17582417582417584,0.46153846153846156,393,R1,G10,low,sc09,R1_dataset
0.7095588235294118,0.5735294117647058,0.3676470588235294,2.2666666666666666,0.9,5.5,0.5603914346119836,0.7382411291937481,0.01864123011848436,0.11029411764705882,0.29044117647058826,394,R1,G10,low,sc10,R1_dataset
0.6911764705882353,0.4485294117647059,0.4411764705882352,1.942857142857143,1.2000000000000002,3.7,0.7985736800708431,0.9192387818250329,0.01864123011848436,0.1323529411764706,0.3088235294117647,395,R1,G10,low,sc11,R1_dataset
0.27205882352941174,0.39338235294117646,0.8823529411764705,1.0461538461538462,0.6000000000000001,1.5,0.5581191067110706,0.9192387818250329,0.006739166046723535,0.2647058823529412,0.0,372,R0,G10,mid,sc00,R0_dataset
0.26838235294117646,0.4742647058823529,0.588235294117647,1.5111111111111113,0.6000000000000001,3.0500000000000003,0.3979019745086735,0.7382411291937481,0.0037245588703368293,0.17647058823529413,0.0,373,R0,G10,mid,sc01,R0_dataset
0.18382352941176472,0.24632352941176472,0.8088235294117646,1.1333333333333335,0.6000000000000001,1.5,0.6719492713688752,1.2999999523162842,0.013278613247420868,0.2426470588235294,0.0,374,R0,G10,mid,sc02,R0_dataset
0.11721611721611722,0.2564102564102564,0.8058608058608059,1.1375,0.6000000000000001,2.1,0.8054700785240794,0.9999999701976776,0.004097692391892238,0.24175824175824176,0.0,375,R0,G10,mid,sc03,R0_dataset
0.2977941176470588,0.2867647058823529,0.6617647058823529,1.3599999999999999,0.6000000000000001,2.6500000000000004,0.5807202409978366,0.9999999701976776,0.0037245588703368293,0.19852941176470587,0.0,376,R0,G10,mid,sc04,R0_dataset
0.22794117647058823,0.29411764705882354,0.8088235294117646,1.1333333333333333,0.6000000000000001,1.8,0.7097708798691514,1.2999999523162842,0.004805469807492345,0.2426470588235294,0.0,377,R0,G10,mid,sc05,R0_dataset
0.5147058823529411,0.39705882352941174,0.7352941176470588,1.2363636363636366,0.6000000000000001,2.1,0.8960329047677551,1.5921682744086794,0.0037245588703368293,0.22058823529411764,0.4852941176470588,378,R1,G10,mid,sc06,R1_dataset
0.22794117647058823,0.14338235294117646,0.8823529411764705,1.0461538461538462,0.6000000000000001,1.55,0.861779529277582,1.3341663559292392,0.008071056361489496,0.2647058823529412,0.7720588235294118,379,R1,G10,mid,sc07,R1_dataset
0.6911764705882353,0.5772058823529411,0.5147058823529411,1.7,0.6000000000000001,3.1,0.7552024026894675,0.9192387818250329,0.0037245588703368293,0.15441176470588236,0.3088235294117647,380,R1,G10,mid,sc08,R1_dataset
0.5384615384615384,0.42124542124542125,0.5860805860805861,1.5166666666666666,0.9,2.15,0.660802102353284,0.9192387818250329,0.01420861134895528,0.17582417582417584,0.46153846153846156,381,R1,G10,mid,sc09,R1_dataset
0.7095588235294118,0.6507352941176471,0.3676470588235294,2.2666666666666666,0.9,5.5,0.5603914346119836,0.7382411291937481,0.0037245588703368293,0.11029411764705882,0.29044117647058826,382,R1,G10,mid,sc10,R1_dataset
0.6911764705882353,0.5735294117647058,0.4411764705882352,1.942857142857143,1.2000000000000002,3.7,0.7985736800708431,0.9192387818250329,0.0037245588703368293,0.1323529411764706,0.3088235294117647,383,R1,G10,mid,sc11,R1_dataset
0.27205882352941174,0.3786764705882353,0.8823529411764705,1.0461538461538462,0.6000000000000001,1.5,0.5581191067110706,0.9192387818250329,0.01621672010902033,0.2647058823529412,0.0,360,R0,G10,nominal,sc00,R0_dataset
0.26838235294117646,0.45588235294117646,0.588235294117647,1.5111111111111113,0.6000000000000001,3.0500000000000003,0.3979019745086735,0.7382411291937481,0.011201109334063401,0.17647058823529413,0.0,361,R0,G10,nominal,sc01,R0_dataset
0.18382352941176472,0.2426470588235294,0.8088235294117646,1.1333333333333335,0.6000000000000001,1.5,0.6719492713688752,1.2999999523162842,0.0009285086049434148,0.2426470588235294,0.0,362,R0,G10,nominal,sc02,R0_dataset
0.11721611721611722,0.26373626373626374,0.8058608058608059,1.1375,0.6000000000000001,2.1,0.8054700785240794,0.9999999701976776,0.0089388748571258,0.24175824175824176,0.0,363,R0,G10,nominal,sc03,R0_dataset
0.2977941176470588,0.28308823529411764,0.6617647058823529,1.3599999999999999,0.6000000000000001,2.6500000000000004,0.5807202409978366,0.9999999701976776,0.011201109334063401,0.19852941176470587,0.0,364,R0,G10,nominal,sc04,R0_dataset
0.22794117647058823,0.27941176470588236,0.8088235294117646,1.1333333333333333,0.6000000000000001,1.8,0.7097708798691514,1.2999999523162842,0.013867589563391285,0.2426470588235294,0.0,365,R0,G10,nominal,sc05,R0_dataset
0.5147058823529411,0.40808823529411764,0.7352941176470588,1.2363636363636366,0.6000000000000001,2.1,0.8960329047677551,1.5921682744086794,0.011201109334063401,0.22058823529411764,0.4852941176470588,366,R1,G10,nominal,sc06,R1_dataset
0.22794117647058823,0.16911764705882354,0.8823529411764705,1.0461538461538462,0.6000000000000001,1.55,0.861779529277582,1.3341663559292392,0.0014284222952328203,0.2647058823529412,0.7720588235294118,367,R1,G10,nominal,sc07,R1_dataset
0.6911764705882353,0.5551470588235294,0.5147058823529411,1.7,0.6000000000000001,3.1,0.7552024026894675,0.9192387818250329,0.011201109334063401,0.15441176470588236,0.3088235294117647,368,R1,G10,nominal,sc08,R1_dataset
0.5384615384615384,0.4652014652014652,0.5860805860805861,1.5166666666666666,0.9,2.15,0.660802102353284,0.9192387818250329,0.011506250354941695,0.17582417582417584,0.46153846153846156,369,R1,G10,nominal,sc09,R1_dataset
0.7095588235294118,0.6470588235294118,0.3676470588235294,2.2666666666666666,0.9,5.5,0.5603914346119836,0.7382411291937481,0.011201109334063401,0.11029411764705882,0.29044117647058826,370,R1,G10,nominal,sc10,R1_dataset
0.6911764705882353,0.6213235294117647,0.4411764705882352,1.942857142857143,1.2000000000000002,3.7,0.7985736800708431,0.9192387818250329,0.011201109334063401,0.1323529411764706,0.3088235294117647,371,R1,G10,nominal,sc11,R1_dataset
0.38235294117647056,0.45955882352941174,0.8088235294117646,1.1333333333333335,0.6000000000000001,1.6,0.6184049551244407,0.9192387818250329,0.06166784354892089,0.2426470588235294,0.0,420,R0,G11,low,sc00,R0_dataset
0.11764705882352941,0.16544117647058823,0.7352941176470588,1.2363636363636363,0.6000000000000001,2.7,0.6541442050622737,0.9192387818250329,0.05793272329730122,0.22058823529411764,0.0,421,R0,G11,low,sc01,R0_dataset
0.18382352941176472,0.1801470588235294,0.8088235294117646,1.133333333333333,0.6000000000000001,2.35,0.7544259505145113,0.9999999701976776,0.06207141142462448,0.2426470588235294,0.0,422,R0,G11,low,sc02,R0_dataset
0.20512820512820512,0.2564102564102564,0.8058608058608059,1.1375,0.6000000000000001,2.2,0.7474730157663884,0.9999999701976776,0.06166784354892089,0.24175824175824176,0.0,423,R0,G11,low,sc03,R0_dataset
0.29411764705882354,0.33455882352941174,0.6617647058823529,1.3599999999999999,0.6000000000000001,2.75,0.6926887271397723,0.9192387818250329,0.06041164107839214,0.19852941176470587,0.0,424,R0,G11,low,sc04,R0_dataset
0.13970588235294118,0.3382352941176471,0.8088235294117646,1.1333333333333333,0.6000000000000001,1.5,0.7162206275783465,0.9999999701976776,0.061523972938371314,0.2426470588235294,0.0,425,R0,G11,low,sc05,R0_dataset
0.49264705882352944,0.3639705882352941,0.588235294117647,1.5111111111111113,0.6000000000000001,4.2,0.6090221054854025,1.1157956497722628,0.06166784354892089,0.17647058823529413,0.5073529411764706,426,R1,G11,low,sc06,R1_dataset
0.5588235294117647,0.3272058823529412,0.7352941176470588,1.2363636363636366,0.6000000000000001,2.5,0.8058938065013954,1.3583077259614358,0.06166784354892089,0.22058823529411764,0.4411764705882353,427,R1,G11,low,sc07,R1_dataset
0.5772058823529411,0.29411764705882354,0.8088235294117646,1.133333333333333,0.6000000000000001,2.35,0.8311312817059267,1.3910427267620828,0.055024374912233893,0.2426470588235294,0.4227941176470588,428,R1,G11,low,sc08,R1_dataset
0.6923076923076923,0.5054945054945055,0.5128205128205128,1.7062500000000003,0.6000000000000001,4.8500000000000005,0.9081298848445574,1.640121890719619,0.05678389596862591,0.15384615384615385,0.3076923076923077,429,R1,G11,low,sc09,R1_dataset
0.9338235294117647,0.7352941176470589,0.14705882352941174,4.533333333333334,0.9,10.200000000000001,0.9192387818250329,0.9192387818250329,0.06166784354892089,0.04411764705882353,0.0661764705882353,430,R1,G11,low,sc10,R1_dataset
0.6470588235294118,0.44485294117647056,0.5147058823529411,1.7000000000000002,0.6000000000000001,3.9000000000000004,0.8014511840491717,1.2429802513429633,0.06223296366741268,0.15441176470588236,0.35294117647058826,431,R1,G11,low,sc11,R1_dataset
0.38235294117647056,0.47794117647058826,0.8088235294117646,1.1333333333333335,0.6000000000000001,1.6,0.6184049551244407,0.9192387818250329,0.06598578000893095,0.2426470588235294,0.0,408,R0,G11,mid,sc00,R0_dataset
0.11764705882352941,0.22426470588235295,0.7352941176470588,1.2363636363636363,0.6000000000000001,2.7,0.6541442050622737,0.9192387818250329,0.06031330200327295,0.22058823529411764,0.0,409,R0,G11,mid,sc01,R0_dataset
0.18382352941176472,0.19852941176470587,0.8088235294117646,1.133333333333333,0.6000000000000001,2.35,0.7544259505145113,0.9999999701976776,0.06952173964427993,0.2426470588235294,0.0,410,R0,G11,mid,sc02,R0_dataset
0.20512820512820512,0.2490842490842491,0.8058608058608059,1.1375,0.6000000000000001,2.2,0.7474730157663884,0.9999999701976776,0.06598578000893095,0.24175824175824176,0.0,411,R0,G11,mid,sc03,R0_dataset
0.29411764705882354,0.3860294117647059,0.6617647058823529,1.3599999999999999,0.6000000000000001,2.75,0.6926887271397723,0.9192387818250329,0.06404359256335927,0.19852941176470587,0.0,412,R0,G11,mid,sc04,R0_dataset
0.13970588235294118,0.2977941176470588,0.8088235294117646,1.1333333333333333,0.6000000000000001,1.5,0.7162206275783465,0.9999999701976776,0.06571209656860123,0.2426470588235294,0.0,413,R0,G11,mid,sc05,R0_dataset
0.49264705882352944,0.40441176470588236,0.588235294117647,1.5111111111111113,0.6000000000000001,4.2,0.6090221054854025,1.1157956497722628,0.06598578000893095,0.17647058823529413,0.5073529411764706,414,R1,G11,mid,sc06,R1_dataset
0.5588235294117647,0.41911764705882354,0.7352941176470588,1.2363636363636366,0.6000000000000001,2.5,0.8058938065013954,1.3583077259614358,0.06598578000893095,0.22058823529411764,0.4411764705882353,415,R1,G11,mid,sc07,R1_dataset
0.5772058823529411,0.40441176470588236,0.8088235294117646,1.133333333333333,0.6000000000000001,2.35,0.8311312817059267,1.3910427267620828,0.06425387349300794,0.2426470588235294,0.4227941176470588,416,R1,G11,mid,sc08,R1_dataset
0.6923076923076923,0.5567765567765568,0.5128205128205128,1.7062500000000003,0.6000000000000001,4.8500000000000005,0.9081298848445574,1.640121890719619,0.05944275534350955,0.15384615384615385,0.3076923076923077,417,R1,G11,mid,sc09,R1_dataset
0.9338235294117647,0.7941176470588235,0.14705882352941174,4.533333333333334,0.9,10.200000000000001,0.9192387818250329,0.9192387818250329,0.06598578000893095,0.04411764705882353,0.0661764705882353,418,R1,G11,mid,sc10,R1_dataset
0.6470588235294118,0.4852941176470588,0.5147058823529411,1.7000000000000002,0.6000000000000001,3.9000000000000004,0.8014511840491717,1.2429802513429633,0.06527209447511029,0.15441176470588236,0.35294117647058826,419,R1,G11,mid,sc11,R1_dataset
0.38235294117647056,0.4742647058823529,0.8088235294117646,1.1333333333333335,0.6000000000000001,1.6,0.6184049551244407,0.9192387818250329,0.0648098492368062,0.2426470588235294,0.0,396,R0,G11,nominal,sc00,R0_dataset
0.11764705882352941,0.2536764705882353,0.7352941176470588,1.2363636363636363,0.6000000000000001,2.7,0.6541442050622737,0.9192387818250329,0.05774821289680344,0.22058823529411764,0.0,397,R0,G11,nominal,sc01,R0_dataset
0.18382352941176472,0.1875,0.8088235294117646,1.133333333333333,0.6000000000000001,2.35,0.7544259505145113,0.9999999701976776,0.07351920688641395,0.2426470588235294,0.0,398,R0,G11,nominal,sc02,R0_dataset
0.20512820512820512,0.27106227106227104,0.8058608058608059,1.1375,0.6000000000000001,2.2,0.7474730157663884,0.9999999701976776,0.0648098492368062,0.24175824175824176,0.0,399,R0,G11,nominal,sc03,R0_dataset
0.29411764705882354,0.35661764705882354,0.6617647058823529,1.3599999999999999,0.6000000000000001,2.75,0.6926887271397723,0.9192387818250329,0.06389285026686499,0.19852941176470587,0.0,400,R0,G11,nominal,sc04,R0_dataset
0.13970588235294118,0.27205882352941174,0.8088235294117646,1.1333333333333333,0.6000000000000001,1.5,0.7162206275783465,0.9999999701976776,0.0647569171125908,0.2426470588235294,0.0,401,R0,G11,nominal,sc05,R0_dataset
0.49264705882352944,0.4227941176470588,0.588235294117647,1.5111111111111113,0.6000000000000001,4.2,0.6090221054854025,1.1157956497722628,0.0648098492368062,0.17647058823529413,0.5073529411764706,402,R1,G11,nominal,sc06,R1_dataset
0.5588235294117647,0.4227941176470588,0.7352941176470588,1.2363636363636366,0.6000000000000001,2.5,0.8058938065013954,1.3583077259614358,0.0648098492368062,0.22058823529411764,0.4411764705882353,403,R1,G11,nominal,sc07,R1_dataset
0.5772058823529411,0.4264705882352941,0.8088235294117646,1.133333333333333,0.6000000000000001,2.35,0.8311312817059267,1.3910427267620828,0.06089719240546393,0.2426470588235294,0.4227941176470588,404,R1,G11,nominal,sc08,R1_dataset
0.6923076923076923,0.5641025641025641,0.5128205128205128,1.7062500000000003,0.6000000000000001,4.8500000000000005,0.9081298848445574,1.640121890719619,0.059390356484553194,0.15384615384615385,0.3076923076923077,405,R1,G11,nominal,sc09,R1_dataset
0.9338235294117647,0.8051470588235294,0.14705882352941174,4.533333333333334,0.9,10.200000000000001,0.9192387818250329,0.9192387818250329,0.0648098492368062,0.04411764705882353,0.0661764705882353,406,R1,G11,nominal,sc10,R1_dataset
0.6470588235294118,0.5110294117647058,0.5147058823529411,1.7000000000000002,0.6000000000000001,3.9000000000000004,0.8014511840491717,1.2429802513429633,0.06613873357782117,0.15441176470588236,0.35294117647058826,407,R1,G11,nominal,sc11,R1_dataset
0.27205882352941174,0.3125,0.8088235294117646,1.1333333333333335,0.6000000000000001,1.5,0.6781758588354502,0.9999999701976776,0.042703536780225766,0.2426470588235294,0.0,24,R0,G00,low,sc00,R1_dataset
0.07352941176470588,0.19852941176470587,0.8823529411764705,1.0461538461538462,0.6000000000000001,1.55,0.6756136578846502,0.9999999701976776,0.04235637060050201,0.2647058823529412,0.0,25,R0,G00,low,sc01,R1_dataset
0.29411764705882354,0.48161764705882354,0.8088235294117646,1.1333333333333335,0.6000000000000001,2.1,0.5638595038301486,0.9999999701976776,0.040116551869246314,0.2426470588235294,0.0,26,R0,G00,low,sc02,R1_dataset
0.27106227106227104,0.3443223443223443,0.8791208791208791,1.05,0.6000000000000001,1.5,0.6121434066066657,0.9999999701976776,0.042530582381932504,0.26373626373626374,0.0,27,R0,G00,low,sc03,R1_dataset
0.2977941176470588,0.20955882352941177,0.7352941176470588,1.2363636363636366,0.6000000000000001,1.9000000000000001,0.48024545659734913,0.9192387818250329,0.04298801267365365,0.22058823529411764,0.0,28,R0,G00,low,sc04,R1_dataset
0.16176470588235295,0.34191176470588236,0.8823529411764705,1.0461538461538462,0.6000000000000001,1.5,0.6974268946349778,0.9999999701976776,0.04644595504152807,0.2647058823529412,0.0,29,R0,G00,low,sc05,R1_dataset
0.27205882352941174,0.34191176470588236,0.8088235294117646,1.1333333333333335,0.6000000000000001,1.5,0.6781758588354502,0.9999999701976776,0.035430732158977685,0.2426470588235294,0.0,12,R0,G00,mid,sc00,R1_dataset
0.07352941176470588,0.23161764705882354,0.8823529411764705,1.0461538461538462,0.6000000000000001,1.55,0.6756136578846502,0.9999999701976776,0.031746301392069624,0.2647058823529412,0.0,13,R0,G00,mid,sc01,R1_dataset
0.29411764705882354,0.4522058823529412,0.8088235294117646,1.1333333333333335,0.6000000000000001,2.1,0.5638595038301486,0.9999999701976776,0.030387002318987586,0.2426470588235294,0.0,14,R0,G00,mid,sc02,R1_dataset
0.27106227106227104,0.3882783882783883,0.8791208791208791,1.05,0.6000000000000001,1.5,0.6121434066066657,0.9999999701976776,0.03431390182715634,0.26373626373626374,0.0,15,R0,G00,mid,sc03,R1_dataset
0.2977941176470588,0.27941176470588236,0.7352941176470588,1.2363636363636366,0.6000000000000001,1.9000000000000001,0.48024545659734913,0.9192387818250329,0.036011074746956695,0.22058823529411764,0.0,16,R0,G00,mid,sc04,R1_dataset
0.16176470588235295,0.31985294117647056,0.8823529411764705,1.0461538461538462,0.6000000000000001,1.5,0.6974268946349778,0.9999999701976776,0.041577431033605755,0.2647058823529412,0.0,17,R0,G00,mid,sc05,R1_dataset
0.27205882352941174,0.39705882352941174,0.8088235294117646,1.1333333333333335,0.6000000000000001,1.5,0.6781758588354502,0.9999999701976776,0.02863786329042485,0.2426470588235294,0.0,0,R0,G00,nominal,sc00,R1_dataset
0.07352941176470588,0.25735294117647056,0.8823529411764705,1.0461538461538462,0.6000000000000001,1.55,0.6756136578846502,0.9999999701976776,0.02528792889824577,0.2647058823529412,0.0,1,R0,G00,nominal,sc01,R1_dataset
0.29411764705882354,0.41544117647058826,0.8088235294117646,1.1333333333333335,0.6000000000000001,2.1,0.5638595038301486,0.9999999701976776,0.021652343299305005,0.2426470588235294,0.0,2,R0,G00,nominal,sc02,R1_dataset
0.27106227106227104,0.358974358974359,0.8791208791208791,1.05,0.6000000000000001,1.5,0.6121434066066657,0.9999999701976776,0.03086045365198895,0.26373626373626374,0.0,3,R0,G00,nominal,sc03,R1_dataset
0.2977941176470588,0.2610294117647059,0.7352941176470588,1.2363636363636366,0.6000000000000001,1.9000000000000001,0.48024545659734913,0.9192387818250329,0.029611818272936262,0.22058823529411764,0.0,4,R0,G00,nominal,sc04,R1_dataset
0.16176470588235295,0.3492647058823529,0.8823529411764705,1.0461538461538462,0.6000000000000001,1.5,0.6974268946349778,0.9999999701976776,0.03295239984866229,0.2647058823529412,0.0,5,R0,G00,nominal,sc05,R1_dataset
0.07352941176470588,0.35294117647058826,0.7352941176470588,1.2363636363636366,0.6000000000000001,2.7,0.7974657876494445,1.2999999523162842,0.035271873856107736,0.22058823529411764,0.0,60,R0,G01,low,sc00,R1_dataset
0.26838235294117646,0.3713235294117647,0.8088235294117646,1.1333333333333335,0.6000000000000001,1.55,0.6764947269980506,0.9192387818250329,0.035271873856107736,0.2426470588235294,0.0,61,R0,G01,low,sc01,R1_dataset
0.15808823529411764,0.19117647058823528,0.8823529411764705,1.046153846153846,0.6000000000000001,1.5,0.7129712945905163,1.2999999523162842,0.03759773554698401,0.2647058823529412,0.0,62,R0,G01,low,sc02,R1_dataset
0.29304029304029305,0.3956043956043956,0.8058608058608059,1.1375,0.6000000000000001,2.2,0.672539920367817,1.2999999523162842,0.034311408708059335,0.24175824175824176,0.0,63,R0,G01,low,sc03,R1_dataset
0.2977941176470588,0.29044117647058826,0.8823529411764705,1.0461538461538462,0.6000000000000001,1.55,0.44026798002555007,0.7382411291937481,0.03445308697398171,0.2647058823529412,0.0,64,R0,G01,low,sc04,R1_dataset
0.20588235294117646,0.15073529411764705,0.8823529411764705,1.0461538461538462,0.6000000000000001,1.5,0.5169136997971419,0.7382411291937481,0.02704566631270609,0.2647058823529412,0.0,65,R0,G01,low,sc05,R1_dataset
0.07352941176470588,0.3492647058823529,0.7352941176470588,1.2363636363636366,0.6000000000000001,2.7,0.7974657876494445,1.2999999523162842,0.03010384906149834,0.22058823529411764,0.0,48,R0,G01,mid,sc00,R1_dataset
0.26838235294117646,0.3639705882352941,0.8088235294117646,1.1333333333333335,0.6000000000000001,1.55,0.6764947269980506,0.9192387818250329,0.03010384906149834,0.2426470588235294,0.0,49,R0,G01,mid,sc01,R1_dataset
0.15808823529411764,0.1948529411764706,0.8823529411764705,1.046153846153846,0.6000000000000001,1.5,0.7129712945905163,1.2999999523162842,0.034690701374880006,0.2647058823529412,0.0,50,R0,G01,mid,sc02,R1_dataset
0.29304029304029305,0.358974358974359,0.8058608058608059,1.1375,0.6000000000000001,2.2,0.672539920367817,1.2999999523162842,0.03153651356440347,0.24175824175824176,0.0,51,R0,G01,mid,sc03,R1_dataset
0.2977941176470588,0.3235294117647059,0.8823529411764705,1.0461538461538462,0.6000000000000001,1.55,0.44026798002555007,0.7382411291937481,0.030817010804142064,0.2647058823529412,0.0,52,R0,G01,mid,sc04,R1_dataset
0.20588235294117646,0.19852941176470587,0.8823529411764705,1.0461538461538462,0.6000000000000001,1.5,0.5169136997971419,0.7382411291937481,0.024415590943655054,0.2647058823529412,0.0,53,R0,G01,mid,sc05,R1_dataset
0.07352941176470588,0.31985294117647056,0.7352941176470588,1.2363636363636366,0.6000000000000001,2.7,0.7974657876494445,1.2999999523162842,0.029000974071368025,0.22058823529411764,0.0,36,R0,G01,nominal,sc00,R1_dataset
0.26838235294117646,0.34558823529411764,0.8088235294117646,1.1333333333333335,0.6000000000000001,1.55,0.6764947269980506,0.9192387818250329,0.029000974071368025,0.2426470588235294,0.0,37,R0,G01,nominal,sc01,R1_dataset
0.15808823529411764,0.23897058823529413,0.8823529411764705,1.046153846153846,0.6000000000000001,1.5,0.7129712945905163,1.2999999523162842,0.033296660002392085,0.2647058823529412,0.0,38,R0,G01,nominal,sc02,R1_dataset
0.29304029304029305,0.4175824175824176,0.8058608058608059,1.1375,0.6000000000000001,2.2,0.672539920367817,1.2999999523162842,0.028115058957597996,0.24175824175824176,0.0,39,R0,G01,nominal,sc03,R1_dataset
0.2977941176470588,0.31985294117647056,0.8823529411764705,1.0461538461538462,0.6000000000000001,1.55,0.44026798002555007,0.7382411291937481,0.02566022494383355,0.2647058823529412,0.0,40,R0,G01,nominal,sc04,R1_dataset
0.20588235294117646,0.19117647058823528,0.8823529411764705,1.0461538461538462,0.6000000000000001,1.5,0.5169136997971419,0.7382411291937481,0.020621243423870672,0.2647058823529412,0.0,41,R0,G01,nominal,sc05,R1_dataset
0.07352941176470588,0.15808823529411764,0.8088235294117646,1.1333333333333335,0.6000000000000001,2.1,0.8275852049597645,1.2999999523162842,0.07581300080805776,0.2426470588235294,0.0,96,R0,G02,low,sc00,R1_dataset
0.13970588235294118,0.20955882352941177,0.8823529411764705,1.0461538461538462,0.6000000000000001,1.55,0.6823437569157041,0.9999999701976776,0.07967482858505477,0.2647058823529412,0.0,97,R0,G02,low,sc01,R1_dataset
0.1875,0.40441176470588236,0.8823529411764705,1.046153846153846,0.6000000000000001,1.5,0.5653301713464542,0.9999999701976776,0.07823507837051515,0.2647058823529412,0.0,98,R0,G02,low,sc02,R1_dataset
0.315018315018315,0.3333333333333333,0.6593406593406593,1.365,0.6000000000000001,3.7,0.5547682195217807,0.7382411291937481,0.07965771782123267,0.1978021978021978,0.0,99,R0,G02,low,sc03,R1_dataset
0.18382352941176472,0.33088235294117646,0.8088235294117646,1.1333333333333335,0.6000000000000001,1.8,0.6571760711488852,1.2999999523162842,0.07950006547977248,0.2426470588235294,0.0,100,R0,G02,low,sc04,R1_dataset
0.38235294117647056,0.20955882352941177,0.7352941176470588,1.2363636363636366,0.6000000000000001,2.4000000000000004,0.5840695677285846,0.9192387818250329,0.0811443321968472,0.22058823529411764,0.0,101,R0,G02,low,sc05,R1_dataset
0.07352941176470588,0.15808823529411764,0.8088235294117646,1.1333333333333335,0.6000000000000001,2.1,0.8275852049597645,1.2999999523162842,0.07041991309591192,0.2426470588235294,0.0,84,R0,G02,mid,sc00,R1_dataset
0.13970588235294118,0.22426470588235295,0.8823529411764705,1.0461538461538462,0.6000000000000001,1.55,0.6823437569157041,0.9999999701976776,0.07302496960794656,0.2647058823529412,0.0,85,R0,G02,mid,sc01,R1_dataset
0.1875,0.40441176470588236,0.8823529411764705,1.046153846153846,0.6000000000000001,1.5,0.5653301713464542,0.9999999701976776,0.07105075855593655,0.2647058823529412,0.0,86,R0,G02,mid,sc02,R1_dataset
0.315018315018315,0.34798534798534797,0.6593406593406593,1.365,0.6000000000000001,3.7,0.5547682195217807,0.7382411291937481,0.07302588199871805,0.1978021978021978,0.0,87,R0,G02,mid,sc03,R1_dataset
0.18382352941176472,0.34558823529411764,0.8088235294117646,1.1333333333333335,0.6000000000000001,1.8,0.6571760711488852,1.2999999523162842,0.07265144862119868,0.2426470588235294,0.0,88,R0,G02,mid,sc04,R1_dataset
0.38235294117647056,0.2867647058823529,0.7352941176470588,1.2363636363636366,0.6000000000000001,2.4000000000000004,0.5840695677285846,0.9192387818250329,0.0745395658328081,0.22058823529411764,0.0,89,R0,G02,mid,sc05,R1_dataset
0.07352941176470588,0.17279411764705882,0.8088235294117646,1.1333333333333335,0.6000000000000001,2.1,0.8275852049597645,1.2999999523162842,0.06842396640779108,0.2426470588235294,0.0,72,R0,G02,nominal,sc00,R1_dataset
0.13970588235294118,0.13970588235294118,0.8823529411764705,1.0461538461538462,0.6000000000000001,1.55,0.6823437569157041,0.9999999701976776,0.07282731505518901,0.2647058823529412,0.0,73,R0,G02,nominal,sc01,R1_dataset
0.1875,0.41911764705882354,0.8823529411764705,1.046153846153846,0.6000000000000001,1.5,0.5653301713464542,0.9999999701976776,0.06680281224427294,0.2647058823529412,0.0,74,R0,G02,nominal,sc02,R1_dataset
0.315018315018315,0.34798534798534797,0.6593406593406593,1.365,0.6000000000000001,3.7,0.5547682195217807,0.7382411291937481,0.06996552849994848,0.1978021978021978,0.0,75,R0,G02,nominal,sc03,R1_dataset
0.18382352941176472,0.2977941176470588,0.8088235294117646,1.1333333333333335,0.6000000000000001,1.8,0.6571760711488852,1.2999999523162842,0.07107948726940519,0.2426470588235294,0.0,76,R0,G02,nominal,sc04,R1_dataset
0.38235294117647056,0.3161764705882353,0.7352941176470588,1.2363636363636366,0.6000000000000001,2.4000000000000004,0.5840695677285846,0.9192387818250329,0.07204433801533178,0.22058823529411764,0.0,77,R0,G02,nominal,sc05,R1_dataset
0.18382352941176472,0.17647058823529413,0.8823529411764705,1.0461538461538462,0.6000000000000001,1.5,0.6780544352900223,0.9192387818250329,0.027881411434390265,0.2647058823529412,0.0,132,R0,G03,low,sc00,R1_dataset
0.3382352941176471,0.3161764705882353,0.6617647058823529,1.3599999999999999,0.6000000000000001,4.6000000000000005,0.7304912733243913,0.9999999701976776,0.0283412229661307,0.19852941176470587,0.0,133,R0,G03,low,sc01,R1_dataset
0.3602941176470588,0.2977941176470588,0.8823529411764705,1.046153846153846,0.6000000000000001,1.5,0.6607447308930673,0.9999999701976776,0.019828040413756277,0.2647058823529412,0.0,134,R0,G03,low,sc02,R1_dataset
0.16117216117216118,0.315018315018315,0.7326007326007326,1.240909090909091,0.6000000000000001,1.8,0.5416431633862028,0.9999999701976776,0.028429562163153007,0.21978021978021978,0.0,135,R0,G03,low,sc03,R1_dataset
0.15808823529411764,0.41544117647058826,0.7352941176470588,1.2363636363636363,0.6000000000000001,2.1,0.7140695629602132,0.9999999701976776,0.02806999920721252,0.22058823529411764,0.0,136,R0,G03,low,sc04,R1_dataset
0.3382352941176471,0.39705882352941174,0.8088235294117646,1.1333333333333333,0.6000000000000001,1.5,0.5627905155750347,0.9192387818250329,0.03398589973875682,0.2426470588235294,0.0,137,R0,G03,low,sc05,R1_dataset
0.18382352941176472,0.23529411764705882,0.8823529411764705,1.0461538461538462,0.6000000000000001,1.5,0.6780544352900223,0.9192387818250329,0.02193496667764306,0.2647058823529412,0.0,120,R0,G03,mid,sc00,R1_dataset
0.3382352941176471,0.35661764705882354,0.6617647058823529,1.3599999999999999,0.6000000000000001,4.6000000000000005,0.7304912733243913,0.9999999701976776,0.02140238851955556,0.19852941176470587,0.0,121,R0,G03,mid,sc01,R1_dataset
0.3602941176470588,0.33455882352941174,0.8823529411764705,1.046153846153846,0.6000000000000001,1.5,0.6607447308930673,0.9999999701976776,0.015993621671254333,0.2647058823529412,0.0,122,R0,G03,mid,sc02,R1_dataset
0.16117216117216118,0.32234432234432236,0.7326007326007326,1.240909090909091,0.6000000000000001,1.8,0.5416431633862028,0.9999999701976776,0.020623783748908903,0.21978021978021978,0.0,123,R0,G03,mid,sc03,R1_dataset
0.15808823529411764,0.3786764705882353,0.7352941176470588,1.2363636363636363,0.6000000000000001,2.1,0.7140695629602132,0.9999999701976776,0.022120237622098964,0.22058823529411764,0.0,124,R0,G03,mid,sc04,R1_dataset
0.3382352941176471,0.4227941176470588,0.8088235294117646,1.1333333333333333,0.6000000000000001,1.5,0.5627905155750347,0.9192387818250329,0.028817071667035093,0.2426470588235294,0.0,125,R0,G03,mid,sc05,R1_dataset
0.18382352941176472,0.2610294117647059,0.8823529411764705,1.0461538461538462,0.6000000000000001,1.5,0.6780544352900223,0.9192387818250329,0.02193445310348593,0.2647058823529412,0.0,108,R0,G03,nominal,sc00,R1_dataset
0.3382352941176471,0.34191176470588236,0.6617647058823529,1.3599999999999999,0.6000000000000001,4.6000000000000005,0.7304912733243913,0.9999999701976776,0.02154855376305977,0.19852941176470587,0.0,109,R0,G03,nominal,sc01,R1_dataset
0.3602941176470588,0.3897058823529412,0.8823529411764705,1.046153846153846,0.6000000000000001,1.5,0.6607447308930673,0.9999999701976776,0.020654539356222277,0.2647058823529412,0.0,110,R0,G03,nominal,sc02,R1_dataset
0.16117216117216118,0.26373626373626374,0.7326007326007326,1.240909090909091,0.6000000000000001,1.8,0.5416431633862028,0.9999999701976776,0.022409306769209023,0.21978021978021978,0.0,111,R0,G03,nominal,sc03,R1_dataset
0.15808823529411764,0.3492647058823529,0.7352941176470588,1.2363636363636363,0.6000000000000001,2.1,0.7140695629602132,0.9999999701976776,0.02217064920364383,0.22058823529411764,0.0,112,R0,G03,nominal,sc04,R1_dataset
0.3382352941176471,0.44485294117647056,0.8088235294117646,1.1333333333333333,0.6000000000000001,1.5,0.5627905155750347,0.9192387818250329,0.027983601200829548,0.2426470588235294,0.0,113,R0,G03,nominal,sc05,R1_dataset
0.27205882352941174,0.34558823529411764,0.8823529411764705,1.0461538461538462,0.6000000000000001,1.5,0.5950579691335109,0.9999999701976776,0.009423397724538938,0.2647058823529412,0.0,168,R0,G04,low,sc00,R1_dataset
0.07352941176470588,0.15441176470588236,0.8823529411764705,1.0461538461538462,0.6000000000000001,1.55,0.6994488977569239,0.9999999701976776,0.01387566343669538,0.2647058823529412,0.0,169,R0,G04,low,sc01,R1_dataset
0.22794117647058823,0.28308823529411764,0.8823529411764705,1.046153846153846,0.6000000000000001,1.5,0.5542796565723326,0.7382411291937481,0.0069803800977172046,0.2647058823529412,0.0,170,R0,G04,low,sc02,R1_dataset
0.34065934065934067,0.3663003663003663,0.8058608058608059,1.1375,0.6000000000000001,1.85,0.6517489612007978,1.2999999523162842,0.009423397724538938,0.24175824175824176,0.0,171,R0,G04,low,sc03,R1_dataset
0.1875,0.33455882352941174,0.8823529411764705,1.0461538461538462,0.6000000000000001,1.55,0.6951201619445312,1.2999999523162842,0.008346166817218295,0.2647058823529412,0.0,172,R0,G04,low,sc04,R1_dataset
0.3602941176470588,0.4227941176470588,0.8088235294117646,1.1333333333333333,0.6000000000000001,2.7,0.5496109933603367,1.2999999523162842,0.007692752775977356,0.2426470588235294,0.0,173,R0,G04,low,sc05,R1_dataset
0.27205882352941174,0.3639705882352941,0.8823529411764705,1.0461538461538462,0.6000000000000001,1.5,0.5950579691335109,0.9999999701976776,0.015096504369910394,0.2647058823529412,0.0,156,R0,G04,mid,sc00,R1_dataset
0.07352941176470588,0.20955882352941177,0.8823529411764705,1.0461538461538462,0.6000000000000001,1.55,0.6994488977569239,0.9999999701976776,0.02448746012250334,0.2647058823529412,0.0,157,R0,G04,mid,sc01,R1_dataset
0.22794117647058823,0.2977941176470588,0.8823529411764705,1.046153846153846,0.6000000000000001,1.5,0.5542796565723326,0.7382411291937481,0.019726928029352487,0.2647058823529412,0.0,158,R0,G04,mid,sc02,R1_dataset
0.34065934065934067,0.36996336996337,0.8058608058608059,1.1375,0.6000000000000001,1.85,0.6517489612007978,1.2999999523162842,0.015096504369910394,0.24175824175824176,0.0,159,R0,G04,mid,sc03,R1_dataset
0.1875,0.30514705882352944,0.8823529411764705,1.0461538461538462,0.6000000000000001,1.55,0.6951201619445312,1.2999999523162842,0.01618124306627079,0.2647058823529412,0.0,160,R0,G04,mid,sc04,R1_dataset
0.3602941176470588,0.375,0.8088235294117646,1.1333333333333333,0.6000000000000001,2.7,0.5496109933603367,1.2999999523162842,0.017289207464415774,0.2426470588235294,0.0,161,R0,G04,mid,sc05,R1_dataset
0.27205882352941174,0.3235294117647059,0.8823529411764705,1.0461538461538462,0.6000000000000001,1.5,0.5950579691335109,0.9999999701976776,0.026944804378304044,0.2647058823529412,0.0,144,R0,G04,nominal,sc00,R1_dataset
0.07352941176470588,0.1948529411764706,0.8823529411764705,1.0461538461538462,0.6000000000000001,1.55,0.6994488977569239,0.9999999701976776,0.04473616458352085,0.2647058823529412,0.0,145,R0,G04,nominal,sc01,R1_dataset
0.22794117647058823,0.2647058823529412,0.8823529411764705,1.046153846153846,0.6000000000000001,1.5,0.5542796565723326,0.7382411291937481,0.03530964598546212,0.2647058823529412,0.0,146,R0,G04,nominal,sc02,R1_dataset
0.34065934065934067,0.3882783882783883,0.8058608058608059,1.1375,0.6000000000000001,1.85,0.6517489612007978,1.2999999523162842,0.026944804378304044,0.24175824175824176,0.0,147,R0,G04,nominal,sc03,R1_dataset
0.1875,0.25735294117647056,0.8823529411764705,1.0461538461538462,0.6000000000000001,1.55,0.6951201619445312,1.2999999523162842,0.03088929806130921,0.2647058823529412,0.0,148,R0,G04,nominal,sc04,R1_dataset
0.3602941176470588,0.4227941176470588,0.8088235294117646,1.1333333333333333,0.6000000000000001,2.7,0.5496109933603367,1.2999999523162842,0.03105041606884324,0.2426470588235294,0.0,149,R0,G04,nominal,sc05,R1_dataset
0.18382352941176472,0.35661764705882354,0.8088235294117646,1.1333333333333335,0.6000000000000001,1.6,0.7167453173285245,0.9999999701976776,0.05673150697607013,0.2426470588235294,0.0,204,R0,G05,low,sc00,R1_dataset
0.25,0.25735294117647056,0.8088235294117646,1.1333333333333335,0.6000000000000001,1.8,0.7645394914060636,1.2999999523162842,0.055093159661900745,0.2426470588235294,0.0,205,R0,G05,low,sc01,R1_dataset
0.1875,0.16911764705882354,0.8823529411764705,1.046153846153846,0.6000000000000001,1.5,0.7299945332921861,1.2999999523162842,0.06289436630967225,0.2647058823529412,0.0,206,R0,G05,low,sc02,R1_dataset
0.11721611721611722,0.43223443223443225,0.8058608058608059,1.1375,0.6000000000000001,2.15,0.5863315948345673,0.9999999701976776,0.05321442001593399,0.24175824175824176,0.0,207,R0,G05,low,sc03,R1_dataset
0.2977941176470588,0.41911764705882354,0.8823529411764705,1.0461538461538462,0.6000000000000001,1.55,0.7137466369353023,1.2999999523162842,0.06090853908898916,0.2647058823529412,0.0,208,R0,G05,low,sc04,R1_dataset
0.25,0.24632352941176472,0.7352941176470588,1.2363636363636363,0.6000000000000001,2.4000000000000004,0.5599137663904313,0.9192387818250329,0.04929910663649218,0.22058823529411764,0.0,209,R0,G05,low,sc05,R1_dataset
0.18382352941176472,0.33455882352941174,0.8088235294117646,1.1333333333333335,0.6000000000000001,1.6,0.7167453173285245,0.9999999701976776,0.04367626612715528,0.2426470588235294,0.0,192,R0,G05,mid,sc00,R1_dataset
0.25,0.2536764705882353,0.8088235294117646,1.1333333333333335,0.6000000000000001,1.8,0.7645394914060636,1.2999999523162842,0.04126265092854752,0.2426470588235294,0.0,193,R0,G05,mid,sc01,R1_dataset
0.1875,0.18382352941176472,0.8823529411764705,1.046153846153846,0.6000000000000001,1.5,0.7299945332921861,1.2999999523162842,0.05368429730737866,0.2647058823529412,0.0,194,R0,G05,mid,sc02,R1_dataset
0.11721611721611722,0.41025641025641024,0.8058608058608059,1.1375,0.6000000000000001,2.15,0.5863315948345673,0.9999999701976776,0.03988424606542775,0.24175824175824176,0.0,195,R0,G05,mid,sc03,R1_dataset
0.2977941176470588,0.4264705882352941,0.8823529411764705,1.0461538461538462,0.6000000000000001,1.55,0.7137466369353023,1.2999999523162842,0.046558320395889405,0.2647058823529412,0.0,196,R0,G05,mid,sc04,R1_dataset
0.25,0.30514705882352944,0.7352941176470588,1.2363636363636363,0.6000000000000001,2.4000000000000004,0.5599137663904313,0.9192387818250329,0.03659058193072987,0.22058823529411764,0.0,197,R0,G05,mid,sc05,R1_dataset
0.18382352941176472,0.35661764705882354,0.8088235294117646,1.1333333333333335,0.6000000000000001,1.6,0.7167453173285245,0.9999999701976776,0.03946163908097342,0.2426470588235294,0.0,180,R0,G05,nominal,sc00,R1_dataset
0.25,0.22058823529411764,0.8088235294117646,1.1333333333333335,0.6000000000000001,1.8,0.7645394914060636,1.2999999523162842,0.03739496755379871,0.2426470588235294,0.0,181,R0,G05,nominal,sc01,R1_dataset
0.1875,0.20588235294117646,0.8823529411764705,1.046153846153846,0.6000000000000001,1.5,0.7299945332921861,1.2999999523162842,0.04793975720221606,0.2647058823529412,0.0,182,R0,G05,nominal,sc02,R1_dataset
0.11721611721611722,0.3956043956043956,0.8058608058608059,1.1375,0.6000000000000001,2.15,0.5863315948345673,0.9999999701976776,0.03165542871645151,0.24175824175824176,0.0,183,R0,G05,nominal,sc03,R1_dataset
0.2977941176470588,0.41911764705882354,0.8823529411764705,1.0461538461538462,0.6000000000000001,1.55,0.7137466369353023,1.2999999523162842,0.04540820059647573,0.2647058823529412,0.0,184,R0,G05,nominal,sc04,R1_dataset
0.25,0.2977941176470588,0.7352941176470588,1.2363636363636363,0.6000000000000001,2.4000000000000004,0.5599137663904313,0.9192387818250329,0.025557315536679434,0.22058823529411764,0.0,185,R0,G05,nominal,sc05,R1_dataset
0.4485294117647059,0.5588235294117647,0.8088235294117646,1.1333333333333335,0.6000000000000001,3.0,0.5611968375697428,0.7382411291937481,0.0784205382998556,0.2426470588235294,0.0,240,R0,G06,low,sc00,R1_dataset
0.2757352941176471,0.4338235294117647,0.8088235294117646,1.1333333333333335,0.6000000000000001,1.55,0.623630407541158,0.9999999701976776,0.08147718863833024,0.2426470588235294,0.0,241,R0,G06,low,sc01,R1_dataset
0.25,0.21323529411764705,0.8088235294117646,1.133333333333333,0.6000000000000001,2.7,0.6582450594039989,0.9999999701976776,0.0784205382998556,0.2426470588235294,0.0,242,R0,G06,low,sc02,R1_dataset
0.16117216117216118,0.34065934065934067,0.8791208791208791,1.05,0.6000000000000001,1.5,0.7117443371814213,1.2999999523162842,0.08147718863833024,0.26373626373626374,0.0,243,R0,G06,low,sc03,R1_dataset
0.07352941176470588,0.18382352941176472,0.8088235294117646,1.1333333333333333,0.6000000000000001,1.55,0.7391495551276871,1.2999999523162842,0.08300904481867734,0.2426470588235294,0.0,244,R0,G06,low,sc04,R1_dataset
0.3161764705882353,0.3382352941176471,0.8088235294117646,1.1333333333333333,0.6000000000000001,1.6,0.720221784702586,0.9192387818250329,0.08027285072579239,0.2426470588235294,0.0,245,R0,G06,low,sc05,R1_dataset
0.4485294117647059,0.5551470588235294,0.8088235294117646,1.1333333333333335,0.6000000000000001,3.0,0.5611968375697428,0.7382411291937481,0.06845455767946566,0.2426470588235294,0.0,228,R0,G06,mid,sc00,R1_dataset
0.2757352941176471,0.44485294117647056,0.8088235294117646,1.1333333333333335,0.6000000000000001,1.55,0.623630407541158,0.9999999701976776,0.0692902944715778,0.2426470588235294,0.0,229,R0,G06,mid,sc01,R1_dataset
0.25,0.26838235294117646,0.8088235294117646,1.133333333333333,0.6000000000000001,2.7,0.6582450594039989,0.9999999701976776,0.06845455767946566,0.2426470588235294,0.0,230,R0,G06,mid,sc02,R1_dataset
0.16117216117216118,0.2857142857142857,0.8791208791208791,1.05,0.6000000000000001,1.5,0.7117443371814213,1.2999999523162842,0.0692902944715778,0.26373626373626374,0.0,231,R0,G06,mid,sc03,R1_dataset
0.07352941176470588,0.19117647058823528,0.8088235294117646,1.1333333333333333,0.6000000000000001,1.55,0.7391495551276871,1.2999999523162842,0.07641903788551367,0.2426470588235294,0.0,232,R0,G06,mid,sc04,R1_dataset
0.3161764705882353,0.39338235294117646,0.8088235294117646,1.1333333333333333,0.6000000000000001,1.6,0.720221784702586,0.9192387818250329,0.06965033786866433,0.2426470588235294,0.0,233,R0,G06,mid,sc05,R1_dataset
0.4485294117647059,0.5294117647058824,0.8088235294117646,1.1333333333333335,0.6000000000000001,3.0,0.5611968375697428,0.7382411291937481,0.061804932513777035,0.2426470588235294,0.0,216,R0,G06,nominal,sc00,R1_dataset
0.2757352941176471,0.4117647058823529,0.8088235294117646,1.1333333333333335,0.6000000000000001,1.55,0.623630407541158,0.9999999701976776,0.06566902499562585,0.2426470588235294,0.0,217,R0,G06,nominal,sc01,R1_dataset
0.25,0.25,0.8088235294117646,1.133333333333333,0.6000000000000001,2.7,0.6582450594039989,0.9999999701976776,0.061804932513777035,0.2426470588235294,0.0,218,R0,G06,nominal,sc02,R1_dataset
0.16117216117216118,0.2857142857142857,0.8791208791208791,1.05,0.6000000000000001,1.5,0.7117443371814213,1.2999999523162842,0.06566902499562585,0.26373626373626374,0.0,219,R0,G06,nominal,sc03,R1_dataset
0.07352941176470588,0.21323529411764705,0.8088235294117646,1.1333333333333333,0.6000000000000001,1.55,0.7391495551276871,1.2999999523162842,0.07019615676353437,0.2426470588235294,0.0,220,R0,G06,nominal,sc04,R1_dataset
0.3161764705882353,0.38235294117647056,0.8088235294117646,1.1333333333333333,0.6000000000000001,1.6,0.720221784702586,0.9192387818250329,0.06532935592899639,0.2426470588235294,0.0,221,R0,G06,nominal,sc05,R1_dataset
0.3382352941176471,0.45588235294117646,0.8823529411764705,1.0461538461538462,0.6000000000000001,1.5,0.6387466414056507,0.9999999701976776,0.022839411335214225,0.2647058823529412,0.0,276,R0,G07,low,sc00,R1_dataset
0.07352941176470588,0.04779411764705882,0.8823529411764705,1.0461538461538462,0.6000000000000001,1.55,0.6037382253430702,0.9192387818250329,0.027477186898111797,0.2647058823529412,0.0,277,R0,G07,low,sc01,R1_dataset
0.4889705882352941,0.41911764705882354,0.8088235294117646,1.1333333333333335,0.6000000000000001,1.5,0.6212014257109603,1.2999999523162842,0.021634919733433088,0.2426470588235294,0.0,278,R0,G07,low,sc02,R1_dataset
0.11721611721611722,0.21611721611721613,0.7326007326007326,1.240909090909091,0.6000000000000001,2.4000000000000004,0.6435670439528918,0.9999999701976776,0.02009430496548362,0.21978021978021978,0.0,279,R0,G07,low,sc03,R1_dataset
0.24632352941176472,0.5441176470588235,0.8823529411764705,1.0461538461538462,0.6000000000000001,1.55,0.6820165393943647,0.9999999701976776,0.0222023516465391,0.2647058823529412,0.0,280,R0,G07,low,sc04,R1_dataset
0.16176470588235295,0.2867647058823529,0.8823529411764705,1.0461538461538462,0.6000000000000001,1.5,0.5665146333521296,0.9192387818250329,0.022651302742083122,0.2647058823529412,0.0,281,R0,G07,low,sc05,R1_dataset
0.3382352941176471,0.45955882352941174,0.8823529411764705,1.0461538461538462,0.6000000000000001,1.5,0.6387466414056507,0.9999999701976776,0.029169862069945908,0.2647058823529412,0.0,264,R0,G07,mid,sc00,R1_dataset
0.07352941176470588,0.058823529411764705,0.8823529411764705,1.0461538461538462,0.6000000000000001,1.55,0.6037382253430702,0.9192387818250329,0.0358917336838252,0.2647058823529412,0.0,265,R0,G07,mid,sc01,R1_dataset
0.4889705882352941,0.4522058823529412,0.8088235294117646,1.1333333333333335,0.6000000000000001,1.5,0.6212014257109603,1.2999999523162842,0.0312461565917265,0.2426470588235294,0.0,266,R0,G07,mid,sc02,R1_dataset
0.11721611721611722,0.21611721611721613,0.7326007326007326,1.240909090909091,0.6000000000000001,2.4000000000000004,0.6435670439528918,0.9999999701976776,0.02887746008651019,0.21978021978021978,0.0,267,R0,G07,mid,sc03,R1_dataset
0.24632352941176472,0.5,0.8823529411764705,1.0461538461538462,0.6000000000000001,1.55,0.6820165393943647,0.9999999701976776,0.028087434831315785,0.2647058823529412,0.0,268,R0,G07,mid,sc04,R1_dataset
0.16176470588235295,0.25735294117647056,0.8823529411764705,1.0461538461538462,0.6000000000000001,1.5,0.5665146333521296,0.9192387818250329,0.02841021932215641,0.2647058823529412,0.0,269,R0,G07,mid,sc05,R1_dataset
0.3382352941176471,0.4375,0.8823529411764705,1.0461538461538462,0.6000000000000001,1.5,0.6387466414056507,0.9999999701976776,0.024697789330909867,0.2647058823529412,0.0,252,R0,G07,nominal,sc00,R1_dataset
0.07352941176470588,0.08823529411764706,0.8823529411764705,1.0461538461538462,0.6000000000000001,1.55,0.6037382253430702,0.9192387818250329,0.0382176565981097,0.2647058823529412,0.0,253,R0,G07,nominal,sc01,R1_dataset
0.4889705882352941,0.5073529411764706,0.8088235294117646,1.1333333333333335,0.6000000000000001,1.5,0.6212014257109603,1.2999999523162842,0.026475619687052934,0.2426470588235294,0.0,254,R0,G07,nominal,sc02,R1_dataset
0.11721611721611722,0.20512820512820512,0.7326007326007326,1.240909090909091,0.6000000000000001,2.4000000000000004,0.6435670439528918,0.9999999701976776,0.02350842196188963,0.21978021978021978,0.0,255,R0,G07,nominal,sc03,R1_dataset
0.24632352941176472,0.47794117647058826,0.8823529411764705,1.0461538461538462,0.6000000000000001,1.55,0.6820165393943647,0.9999999701976776,0.022808196818217934,0.2647058823529412,0.0,256,R0,G07,nominal,sc04,R1_dataset
0.16176470588235295,0.28308823529411764,0.8823529411764705,1.0461538461538462,0.6000000000000001,1.5,0.5665146333521296,0.9192387818250329,0.02345715379639934,0.2647058823529412,0.0,257,R0,G07,nominal,sc05,R1_dataset
0.38235294117647056,0.27941176470588236,0.6617647058823529,1.36,0.6000000000000001,2.1,0.7059112081939191,0.9192387818250329,0.07378768578702283,0.19852941176470587,0.0,312,R0,G08,low,sc00,R1_dataset
0.07352941176470588,0.15441176470588236,0.8823529411764705,1.0461538461538462,0.6000000000000001,1.55,0.5529725331504722,0.9999999701976776,0.07121807385329534,0.2647058823529412,0.0,313,R0,G08,low,sc01,R1_dataset
0.18382352941176472,0.38235294117647056,0.8823529411764705,1.046153846153846,0.6000000000000001,1.5,0.6998282578536387,0.9999999701976776,0.0751280457116579,0.2647058823529412,0.0,314,R0,G08,low,sc02,R1_dataset
0.2271062271062271,0.21611721611721613,0.8791208791208791,1.05,0.6000000000000001,1.5,0.596661205422612,0.9192387818250329,0.07637354854980125,0.26373626373626374,0.0,315,R0,G08,low,sc03,R1_dataset
0.29411764705882354,0.41544117647058826,0.7352941176470588,1.2363636363636363,0.6000000000000001,2.7,0.5554672798818563,0.7382411291937481,0.07285676334424201,0.22058823529411764,0.0,316,R0,G08,low,sc04,R1_dataset
0.22794117647058823,0.31985294117647056,0.8088235294117646,1.1333333333333333,0.6000000000000001,2.1,0.7054485844825962,1.2999999523162842,0.07637354854980125,0.2426470588235294,0.0,317,R0,G08,low,sc05,R1_dataset
0.38235294117647056,0.34558823529411764,0.6617647058823529,1.36,0.6000000000000001,2.1,0.7059112081939191,0.9192387818250329,0.06585622573538281,0.19852941176470587,0.0,300,R0,G08,mid,sc00,R1_dataset
0.07352941176470588,0.16176470588235295,0.8823529411764705,1.0461538461538462,0.6000000000000001,1.55,0.5529725331504722,0.9999999701976776,0.058324166437157175,0.2647058823529412,0.0,301,R0,G08,mid,sc01,R1_dataset
0.18382352941176472,0.39705882352941174,0.8823529411764705,1.046153846153846,0.6000000000000001,1.5,0.6998282578536387,0.9999999701976776,0.068466113151467,0.2647058823529412,0.0,302,R0,G08,mid,sc02,R1_dataset
0.2271062271062271,0.2564102564102564,0.8791208791208791,1.05,0.6000000000000001,1.5,0.596661205422612,0.9192387818250329,0.06975080816231076,0.26373626373626374,0.0,303,R0,G08,mid,sc03,R1_dataset
0.29411764705882354,0.43014705882352944,0.7352941176470588,1.2363636363636363,0.6000000000000001,2.7,0.5554672798818563,0.7382411291937481,0.06432101939876607,0.22058823529411764,0.0,304,R0,G08,mid,sc04,R1_dataset
0.22794117647058823,0.3382352941176471,0.8088235294117646,1.1333333333333333,0.6000000000000001,2.1,0.7054485844825962,1.2999999523162842,0.06975080816231076,0.2426470588235294,0.0,305,R0,G08,mid,sc05,R1_dataset
0.38235294117647056,0.3382352941176471,0.6617647058823529,1.36,0.6000000000000001,2.1,0.7059112081939191,0.9192387818250329,0.06047886303192309,0.19852941176470587,0.0,288,R0,G08,nominal,sc00,R1_dataset
0.07352941176470588,0.09926470588235294,0.8823529411764705,1.0461538461538462,0.6000000000000001,1.55,0.5529725331504722,0.9999999701976776,0.05141615820473195,0.2647058823529412,0.0,289,R0,G08,nominal,sc01,R1_dataset
0.18382352941176472,0.3860294117647059,0.8823529411764705,1.046153846153846,0.6000000000000001,1.5,0.6998282578536387,0.9999999701976776,0.06387667624041002,0.2647058823529412,0.0,290,R0,G08,nominal,sc02,R1_dataset
0.2271062271062271,0.2454212454212454,0.8791208791208791,1.05,0.6000000000000001,1.5,0.596661205422612,0.9192387818250329,0.06575105467761494,0.26373626373626374,0.0,291,R0,G08,nominal,sc03,R1_dataset
0.29411764705882354,0.4375,0.7352941176470588,1.2363636363636363,0.6000000000000001,2.7,0.5554672798818563,0.7382411291937481,0.057727008814797004,0.22058823529411764,0.0,292,R0,G08,nominal,sc04,R1_dataset
0.22794117647058823,0.36764705882352944,0.8088235294117646,1.1333333333333333,0.6000000000000001,2.1,0.7054485844825962,1.2999999523162842,0.06575105467761494,0.2426470588235294,0.0,293,R0,G08,nominal,sc05,R1_dataset
0.20588235294117646,0.5036764705882353,0.7352941176470588,1.2363636363636366,0.6000000000000001,1.8,0.7240695653443989,1.2999999523162842,0.016946670049449913,0.22058823529411764,0.0,348,R0,G09,low,sc00,R1_dataset
0.25,0.23529411764705882,0.8823529411764705,1.0461538461538462,0.6000000000000001,1.55,0.5777876789232669,1.2999999523162842,0.014237577560445254,0.2647058823529412,0.0,349,R0,G09,low,sc01,R1_dataset
0.1875,0.23897058823529413,0.8823529411764705,1.046153846153846,0.6000000000000001,1.5,0.6077428248508322,0.9999999701976776,0.016033622879559964,0.2647058823529412,0.0,350,R0,G09,low,sc02,R1_dataset
0.16117216117216118,0.1391941391941392,0.8058608058608059,1.1375,0.6000000000000001,1.5,0.6469698211414144,0.9999999701976776,0.010118714122031953,0.24175824175824176,0.0,351,R0,G09,low,sc03,R1_dataset
0.27205882352941174,0.21691176470588236,0.7352941176470588,1.2363636363636363,0.6000000000000001,2.7,0.6347429286493312,1.2999999523162842,0.016629345222502874,0.22058823529411764,0.0,352,R0,G09,low,sc04,R1_dataset
0.18382352941176472,0.3161764705882353,0.8088235294117646,1.1333333333333333,0.6000000000000001,1.8,0.7101708417324791,0.9999999701976776,0.016033622879559964,0.2426470588235294,0.0,353,R0,G09,low,sc05,R1_dataset
0.20588235294117646,0.5625,0.7352941176470588,1.2363636363636366,0.6000000000000001,1.8,0.7240695653443989,1.2999999523162842,0.0051293623847442175,0.22058823529411764,0.0,336,R0,G09,mid,sc00,R1_dataset
0.25,0.26838235294117646,0.8823529411764705,1.0461538461538462,0.6000000000000001,1.55,0.5777876789232669,1.2999999523162842,0.008894520256646221,0.2647058823529412,0.0,337,R0,G09,mid,sc01,R1_dataset
0.1875,0.24632352941176472,0.8823529411764705,1.046153846153846,0.6000000000000001,1.5,0.6077428248508322,0.9999999701976776,0.004895370484169226,0.2647058823529412,0.0,338,R0,G09,mid,sc02,R1_dataset
0.16117216117216118,0.17582417582417584,0.8058608058608059,1.1375,0.6000000000000001,1.5,0.6469698211414144,0.9999999701976776,0.010410966081814944,0.24175824175824176,0.0,339,R0,G09,mid,sc03,R1_dataset
0.27205882352941174,0.23897058823529413,0.7352941176470588,1.2363636363636363,0.6000000000000001,2.7,0.6347429286493312,1.2999999523162842,0.005084813318635179,0.22058823529411764,0.0,340,R0,G09,mid,sc04,R1_dataset
0.18382352941176472,0.33455882352941174,0.8088235294117646,1.1333333333333333,0.6000000000000001,1.8,0.7101708417324791,0.9999999701976776,0.004895370484169226,0.2426470588235294,0.0,341,R0,G09,mid,sc05,R1_dataset
0.20588235294117646,0.5036764705882353,0.7352941176470588,1.2363636363636366,0.6000000000000001,1.8,0.7240695653443989,1.2999999523162842,0.009439558295281272,0.22058823529411764,0.0,324,R0,G09,nominal,sc00,R1_dataset
0.25,0.3014705882352941,0.8823529411764705,1.0461538461538462,0.6000000000000001,1.55,0.5777876789232669,1.2999999523162842,0.011814275757069137,0.2647058823529412,0.0,325,R0,G09,nominal,sc01,R1_dataset
0.1875,0.23529411764705882,0.8823529411764705,1.046153846153846,0.6000000000000001,1.5,0.6077428248508322,0.9999999701976776,0.008932350561046824,0.2647058823529412,0.0,326,R0,G09,nominal,sc02,R1_dataset
0.16117216117216118,0.17582417582417584,0.8058608058608059,1.1375,0.6000000000000001,1.5,0.6469698211414144,0.9999999701976776,0.013800831572035684,0.24175824175824176,0.0,327,R0,G09,nominal,sc03,R1_dataset
0.27205882352941174,0.25,0.7352941176470588,1.2363636363636363,0.6000000000000001,2.7,0.6347429286493312,1.2999999523162842,0.008767019464393337,0.22058823529411764,0.0,328,R0,G09,nominal,sc04,R1_dataset
0.18382352941176472,0.3088235294117647,0.8088235294117646,1.1333333333333333,0.6000000000000001,1.8,0.7101708417324791,0.9999999701976776,0.008932350561046824,0.2426470588235294,0.0,329,R0,G09,nominal,sc05,R1_dataset
0.27205882352941174,0.3235294117647059,0.8823529411764705,1.0461538461538462,0.6000000000000001,1.5,0.5581191067110706,0.9192387818250329,0.02006132207065892,0.2647058823529412,0.0,384,R0,G10,low,sc00,R1_dataset
0.26838235294117646,0.5441176470588235,0.588235294117647,1.5111111111111113,0.6000000000000001,3.0500000000000003,0.3979019745086735,0.7382411291937481,0.01864123011848436,0.17647058823529413,0.0,385,R0,G10,low,sc01,R1_dataset
0.18382352941176472,0.15441176470588236,0.8088235294117646,1.1333333333333335,0.6000000000000001,1.5,0.6719492713688752,1.2999999523162842,0.015054371025917241,0.2426470588235294,0.0,386,R0,G10,low,sc02,R1_dataset
0.11721611721611722,0.25274725274725274,0.8058608058608059,1.1375,0.6000000000000001,2.1,0.8054700785240794,0.9999999701976776,0.01818985535363101,0.24175824175824176,0.0,387,R0,G10,low,sc03,R1_dataset
0.2977941176470588,0.23897058823529413,0.6617647058823529,1.3599999999999999,0.6000000000000001,2.6500000000000004,0.5807202409978366,0.9999999701976776,0.01864123011848436,0.19852941176470587,0.0,388,R0,G10,low,sc04,R1_dataset
0.22794117647058823,0.2757352941176471,0.8088235294117646,1.1333333333333333,0.6000000000000001,1.8,0.7097708798691514,1.2999999523162842,0.016549837808491934,0.2426470588235294,0.0,389,R0,G10,low,sc05,R1_dataset
0.27205882352941174,0.39338235294117646,0.8823529411764705,1.0461538461538462,0.6000000000000001,1.5,0.5581191067110706,0.9192387818250329,0.006739166046723535,0.2647058823529412,0.0,372,R0,G10,mid,sc00,R1_dataset
0.26838235294117646,0.4742647058823529,0.588235294117647,1.5111111111111113,0.6000000000000001,3.0500000000000003,0.3979019745086735,0.7382411291937481,0.0037245588703368293,0.17647058823529413,0.0,373,R0,G10,mid,sc01,R1_dataset
0.18382352941176472,0.24632352941176472,0.8088235294117646,1.1333333333333335,0.6000000000000001,1.5,0.6719492713688752,1.2999999523162842,0.013278613247420868,0.2426470588235294,0.0,374,R0,G10,mid,sc02,R1_dataset
0.11721611721611722,0.2564102564102564,0.8058608058608059,1.1375,0.6000000000000001,2.1,0.8054700785240794,0.9999999701976776,0.004097692391892238,0.24175824175824176,0.0,375,R0,G10,mid,sc03,R1_dataset
0.2977941176470588,0.2867647058823529,0.6617647058823529,1.3599999999999999,0.6000000000000001,2.6500000000000004,0.5807202409978366,0.9999999701976776,0.0037245588703368293,0.19852941176470587,0.0,376,R0,G10,mid,sc04,R1_dataset
0.22794117647058823,0.29411764705882354,0.8088235294117646,1.1333333333333333,0.6000000000000001,1.8,0.7097708798691514,1.2999999523162842,0.004805469807492345,0.2426470588235294,0.0,377,R0,G10,mid,sc05,R1_dataset
0.27205882352941174,0.3786764705882353,0.8823529411764705,1.0461538461538462,0.6000000000000001,1.5,0.5581191067110706,0.9192387818250329,0.01621672010902033,0.2647058823529412,0.0,360,R0,G10,nominal,sc00,R1_dataset
0.26838235294117646,0.45588235294117646,0.588235294117647,1.5111111111111113,0.6000000000000001,3.0500000000000003,0.3979019745086735,0.7382411291937481,0.011201109334063401,0.17647058823529413,0.0,361,R0,G10,nominal,sc01,R1_dataset
0.18382352941176472,0.2426470588235294,0.8088235294117646,1.1333333333333335,0.6000000000000001,1.5,0.6719492713688752,1.2999999523162842,0.0009285086049434148,0.2426470588235294,0.0,362,R0,G10,nominal,sc02,R1_dataset
0.11721611721611722,0.26373626373626374,0.8058608058608059,1.1375,0.6000000000000001,2.1,0.8054700785240794,0.9999999701976776,0.0089388748571258,0.24175824175824176,0.0,363,R0,G10,nominal,sc03,R1_dataset
0.2977941176470588,0.28308823529411764,0.6617647058823529,1.3599999999999999,0.6000000000000001,2.6500000000000004,0.5807202409978366,0.9999999701976776,0.011201109334063401,0.19852941176470587,0.0,364,R0,G10,nominal,sc04,R1_dataset
0.22794117647058823,0.27941176470588236,0.8088235294117646,1.1333333333333333,0.6000000000000001,1.8,0.7097708798691514,1.2999999523162842,0.013867589563391285,0.2426470588235294,0.0,365,R0,G10,nominal,sc05,R1_dataset
0.38235294117647056,0.45955882352941174,0.8088235294117646,1.1333333333333335,0.6000000000000001,1.6,0.6184049551244407,0.9192387818250329,0.06166784354892089,0.2426470588235294,0.0,420,R0,G11,low,sc00,R1_dataset
0.11764705882352941,0.16544117647058823,0.7352941176470588,1.2363636363636363,0.6000000000000001,2.7,0.6541442050622737,0.9192387818250329,0.05793272329730122,0.22058823529411764,0.0,421,R0,G11,low,sc01,R1_dataset
0.18382352941176472,0.1801470588235294,0.8088235294117646,1.133333333333333,0.6000000000000001,2.35,0.7544259505145113,0.9999999701976776,0.06207141142462448,0.2426470588235294,0.0,422,R0,G11,low,sc02,R1_dataset
0.20512820512820512,0.2564102564102564,0.8058608058608059,1.1375,0.6000000000000001,2.2,0.7474730157663884,0.9999999701976776,0.06166784354892089,0.24175824175824176,0.0,423,R0,G11,low,sc03,R1_dataset
0.29411764705882354,0.33455882352941174,0.6617647058823529,1.3599999999999999,0.6000000000000001,2.75,0.6926887271397723,0.9192387818250329,0.06041164107839214,0.19852941176470587,0.0,424,R0,G11,low,sc04,R1_dataset
0.13970588235294118,0.3382352941176471,0.8088235294117646,1.1333333333333333,0.6000000000000001,1.5,0.7162206275783465,0.9999999701976776,0.061523972938371314,0.2426470588235294,0.0,425,R0,G11,low,sc05,R1_dataset
0.38235294117647056,0.47794117647058826,0.8088235294117646,1.1333333333333335,0.6000000000000001,1.6,0.6184049551244407,0.9192387818250329,0.06598578000893095,0.2426470588235294,0.0,408,R0,G11,mid,sc00,R1_dataset
0.11764705882352941,0.22426470588235295,0.7352941176470588,1.2363636363636363,0.6000000000000001,2.7,0.6541442050622737,0.9192387818250329,0.06031330200327295,0.22058823529411764,0.0,409,R0,G11,mid,sc01,R1_dataset
0.18382352941176472,0.19852941176470587,0.8088235294117646,1.133333333333333,0.6000000000000001,2.35,0.7544259505145113,0.9999999701976776,0.06952173964427993,0.2426470588235294,0.0,410,R0,G11,mid,sc02,R1_dataset
0.20512820512820512,0.2490842490842491,0.8058608058608059,1.1375,0.6000000000000001,2.2,0.7474730157663884,0.9999999701976776,0.06598578000893095,0.24175824175824176,0.0,411,R0,G11,mid,sc03,R1_dataset
0.29411764705882354,0.3860294117647059,0.6617647058823529,1.3599999999999999,0.6000000000000001,2.75,0.6926887271397723,0.9192387818250329,0.06404359256335927,0.19852941176470587,0.0,412,R0,G11,mid,sc04,R1_dataset
0.13970588235294118,0.2977941176470588,0.8088235294117646,1.1333333333333333,0.6000000000000001,1.5,0.7162206275783465,0.9999999701976776,0.06571209656860123,0.2426470588235294,0.0,413,R0,G11,mid,sc05,R1_dataset
0.38235294117647056,0.4742647058823529,0.8088235294117646,1.1333333333333335,0.6000000000000001,1.6,0.6184049551244407,0.9192387818250329,0.0648098492368062,0.2426470588235294,0.0,396,R0,G11,nominal,sc00,R1_dataset
0.11764705882352941,0.2536764705882353,0.7352941176470588,1.2363636363636363,0.6000000000000001,2.7,0.6541442050622737,0.9192387818250329,0.05774821289680344,0.22058823529411764,0.0,397,R0,G11,nominal,sc01,R1_dataset
0.18382352941176472,0.1875,0.8088235294117646,1.133333333333333,0.6000000000000001,2.35,0.7544259505145113,0.9999999701976776,0.07351920688641395,0.2426470588235294,0.0,398,R0,G11,nominal,sc02,R1_dataset
0.20512820512820512,0.27106227106227104,0.8058608058608059,1.1375,0.6000000000000001,2.2,0.7474730157663884,0.9999999701976776,0.0648098492368062,0.24175824175824176,0.0,399,R0,G11,nominal,sc03,R1_dataset
0.29411764705882354,0.35661764705882354,0.6617647058823529,1.3599999999999999,0.6000000000000001,2.75,0.6926887271397723,0.9192387818250329,0.06389285026686499,0.19852941176470587,0.0,400,R0,G11,nominal,sc04,R1_dataset
0.13970588235294118,0.27205882352941174,0.8088235294117646,1.1333333333333333,0.6000000000000001,1.5,0.7162206275783465,0.9999999701976776,0.0647569171125908,0.2426470588235294,0.0,401,R0,G11,nominal,sc05,R1_dataset
