episode_id,group_id,branch,role,level,layout,split,friction,appearance_id,origin_k20,origin_time,origin_tick50,eligible_for_matching,matching_origin_fallback,window_id
L0_G00_b0,L0_G00,0,U0,R1,L0,train,nominal,0,20,1.0,50,False,False,L0_G00_b0_k020
L0_G00_b0,L0_G00,0,U0,R1,L0,train,nominal,0,62,3.1,155,False,False,L0_G00_b0_k062
L0_G00_b0,L0_G00,0,U0,R1,L0,train,nominal,0,104,5.2,260,False,False,L0_G00_b0_k104
L0_G00_b0,L0_G00,0,U0,R1,L0,train,nominal,0,147,7.3500000000000005,367,False,False,L0_G00_b0_k147
L0_G00_b0,L0_G00,0,U0,R1,L0,train,nominal,0,189,9.450000000000001,472,False,False,L0_G00_b0_k189
L0_G00_b0,L0_G00,0,U0,R1,L0,train,nominal,0,231,11.55,577,False,False,L0_G00_b0_k231
L0_G00_b0,L0_G00,0,U0,R1,L0,train,nominal,0,30,1.5,75,True,False,L0_G00_b0_k030
L0_G00_b1,L0_G00,1,U1,R1,L0,train,nominal,0,20,1.0,50,False,False,L0_G00_b1_k020
L0_G00_b1,L0_G00,1,U1,R1,L0,train,nominal,0,62,3.1,155,False,False,L0_G00_b1_k062
L0_G00_b1,L0_G00,1,U1,R1,L0,train,nominal,0,104,5.2,260,False,False,L0_G00_b1_k104
L0_G00_b1,L0_G00,1,U1,R1,L0,train,nominal,0,147,7.3500000000000005,367,False,False,L0_G00_b1_k147
L0_G00_b1,L0_G00,1,U1,R1,L0,train,nominal,0,189,9.450000000000001,472,False,False,L0_G00_b1_k189
L0_G00_b1,L0_G00,1,U1,R1,L0,train,nominal,0,231,11.55,577,False,False,L0_G00_b1_k231
L0_G00_b1,L0_G00,1,U1,R1,L0,train,nominal,0,30,1.5,75,True,False,L0_G00_b1_k030
L0_G00_b2,L0_G00,2,U2,R1,L0,train,nominal,0,20,1.0,50,False,False,L0_G00_b2_k020
L0_G00_b2,L0_G00,2,U2,R1,L0,train,nominal,0,62,3.1,155,False,False,L0_G00_b2_k062
L0_G00_b2,L0_G00,2,U2,R1,L0,train,nominal,0,104,5.2,260,False,False,L0_G00_b2_k104
L0_G00_b2,L0_G00,2,U2,R1,L0,train,nominal,0,147,7.3500000000000005,367,False,False,L0_G00_b2_k147
L0_G00_b2,L0_G00,2,U2,R1,L0,train,nominal,0,189,9.450000000000001,472,False,False,L0_G00_b2_k189
L0_G00_b2,L0_G00,2,U2,R1,L0,train,nominal,0,231,11.55,577,False,False,L0_G00_b2_k231
L0_G00_b2,L0_G00,2,U2,R1,L0,train,nominal,0,30,1.5,75,True,False,L0_G00_b2_k030
L0_G00_b3,L0_G00,3,U0_repeat,R1,L0,train,nominal,0,20,1.0,50,False,False,L0_G00_b3_k020
L0_G00_b3,L0_G00,3,U0_repeat,R1,L0,train,nominal,0,62,3.1,155,False,False,L0_G00_b3_k062
L0_G00_b3,L0_G00,3,U0_repeat,R1,L0,train,nominal,0,104,5.2,260,False,False,L0_G00_b3_k104
L0_G00_b3,L0_G00,3,U0_repeat,R1,L0,train,nominal,0,147,7.3500000000000005,367,False,False,L0_G00_b3_k147
L0_G00_b3,L0_G00,3,U0_repeat,R1,L0,train,nominal,0,189,9.450000000000001,472,False,False,L0_G00_b3_k189
L0_G00_b3,L0_G00,3,U0_repeat,R1,L0,train,nominal,0,231,11.55,577,False,False,L0_G00_b3_k231
L0_G00_b3,L0_G00,3,U0_repeat,R1,L0,train,nominal,0,30,1.5,75,True,False,L0_G00_b3_k030
L0_G01_b0,L0_G01,0,U0,R1,L0,train,mid,3,20,1.0,50,False,False,L0_G01_b0_k020
L0_G01_b0,L0_G01,0,U0,R1,L0,train,mid,3,62,3.1,155,False,False,L0_G01_b0_k062
L0_G01_b0,L0_G01,0,U0,R1,L0,train,mid,3,104,5.2,260,False,False,L0_G01_b0_k104
L0_G01_b0,L0_G01,0,U0,R1,L0,train,mid,3,147,7.3500000000000005,367,False,False,L0_G01_b0_k147
L0_G01_b0,L0_G01,0,U0,R1,L0,train,mid,3,189,9.450000000000001,472,False,False,L0_G01_b0_k189
L0_G01_b0,L0_G01,0,U0,R1,L0,train,mid,3,231,11.55,577,False,False,L0_G01_b0_k231
L0_G01_b0,L0_G01,0,U0,R1,L0,train,mid,3,30,1.5,75,True,False,L0_G01_b0_k030
L0_G01_b1,L0_G01,1,U1,R1,L0,train,mid,3,20,1.0,50,False,False,L0_G01_b1_k020
L0_G01_b1,L0_G01,1,U1,R1,L0,train,mid,3,62,3.1,155,False,False,L0_G01_b1_k062
L0_G01_b1,L0_G01,1,U1,R1,L0,train,mid,3,104,5.2,260,False,False,L0_G01_b1_k104
L0_G01_b1,L0_G01,1,U1,R1,L0,train,mid,3,147,7.3500000000000005,367,False,False,L0_G01_b1_k147
L0_G01_b1,L0_G01,1,U1,R1,L0,train,mid,3,189,9.450000000000001,472,False,False,L0_G01_b1_k189
L0_G01_b1,L0_G01,1,U1,R1,L0,train,mid,3,231,11.55,577,False,False,L0_G01_b1_k231
L0_G01_b1,L0_G01,1,U1,R1,L0,train,mid,3,30,1.5,75,True,False,L0_G01_b1_k030
L0_G01_b2,L0_G01,2,U2,R1,L0,train,mid,3,20,1.0,50,False,False,L0_G01_b2_k020
L0_G01_b2,L0_G01,2,U2,R1,L0,train,mid,3,62,3.1,155,False,False,L0_G01_b2_k062
L0_G01_b2,L0_G01,2,U2,R1,L0,train,mid,3,104,5.2,260,False,False,L0_G01_b2_k104
L0_G01_b2,L0_G01,2,U2,R1,L0,train,mid,3,147,7.3500000000000005,367,False,False,L0_G01_b2_k147
L0_G01_b2,L0_G01,2,U2,R1,L0,train,mid,3,189,9.450000000000001,472,False,False,L0_G01_b2_k189
L0_G01_b2,L0_G01,2,U2,R1,L0,train,mid,3,231,11.55,577,False,False,L0_G01_b2_k231
L0_G01_b2,L0_G01,2,U2,R1,L0,train,mid,3,30,1.5,75,True,False,L0_G01_b2_k030
L0_G01_b3,L0_G01,3,U0_repeat,R1,L0,train,mid,3,20,1.0,50,False,False,L0_G01_b3_k020
L0_G01_b3,L0_G01,3,U0_repeat,R1,L0,train,mid,3,62,3.1,155,False,False,L0_G01_b3_k062
L0_G01_b3,L0_G01,3,U0_repeat,R1,L0,train,mid,3,104,5.2,260,False,False,L0_G01_b3_k104
L0_G01_b3,L0_G01,3,U0_repeat,R1,L0,train,mid,3,147,7.3500000000000005,367,False,False,L0_G01_b3_k147
L0_G01_b3,L0_G01,3,U0_repeat,R1,L0,train,mid,3,189,9.450000000000001,472,False,False,L0_G01_b3_k189
L0_G01_b3,L0_G01,3,U0_repeat,R1,L0,train,mid,3,231,11.55,577,False,False,L0_G01_b3_k231
L0_G01_b3,L0_G01,3,U0_repeat,R1,L0,train,mid,3,30,1.5,75,True,False,L0_G01_b3_k030
L0_G02_b0,L0_G02,0,U0,R1,L0,train,low,6,20,1.0,50,False,False,L0_G02_b0_k020
L0_G02_b0,L0_G02,0,U0,R1,L0,train,low,6,62,3.1,155,False,False,L0_G02_b0_k062
L0_G02_b0,L0_G02,0,U0,R1,L0,train,low,6,104,5.2,260,False,False,L0_G02_b0_k104
L0_G02_b0,L0_G02,0,U0,R1,L0,train,low,6,147,7.3500000000000005,367,False,False,L0_G02_b0_k147
L0_G02_b0,L0_G02,0,U0,R1,L0,train,low,6,189,9.450000000000001,472,False,False,L0_G02_b0_k189
L0_G02_b0,L0_G02,0,U0,R1,L0,train,low,6,231,11.55,577,False,False,L0_G02_b0_k231
L0_G02_b0,L0_G02,0,U0,R1,L0,train,low,6,30,1.5,75,True,False,L0_G02_b0_k030
L0_G02_b1,L0_G02,1,U1,R1,L0,train,low,6,20,1.0,50,False,False,L0_G02_b1_k020
L0_G02_b1,L0_G02,1,U1,R1,L0,train,low,6,62,3.1,155,False,False,L0_G02_b1_k062
L0_G02_b1,L0_G02,1,U1,R1,L0,train,low,6,104,5.2,260,False,False,L0_G02_b1_k104
L0_G02_b1,L0_G02,1,U1,R1,L0,train,low,6,147,7.3500000000000005,367,False,False,L0_G02_b1_k147
L0_G02_b1,L0_G02,1,U1,R1,L0,train,low,6,189,9.450000000000001,472,False,False,L0_G02_b1_k189
L0_G02_b1,L0_G02,1,U1,R1,L0,train,low,6,231,11.55,577,False,False,L0_G02_b1_k231
L0_G02_b1,L0_G02,1,U1,R1,L0,train,low,6,30,1.5,75,True,False,L0_G02_b1_k030
L0_G02_b2,L0_G02,2,U2,R1,L0,train,low,6,20,1.0,50,False,False,L0_G02_b2_k020
L0_G02_b2,L0_G02,2,U2,R1,L0,train,low,6,62,3.1,155,False,False,L0_G02_b2_k062
L0_G02_b2,L0_G02,2,U2,R1,L0,train,low,6,104,5.2,260,False,False,L0_G02_b2_k104
L0_G02_b2,L0_G02,2,U2,R1,L0,train,low,6,147,7.3500000000000005,367,False,False,L0_G02_b2_k147
L0_G02_b2,L0_G02,2,U2,R1,L0,train,low,6,189,9.450000000000001,472,False,False,L0_G02_b2_k189
L0_G02_b2,L0_G02,2,U2,R1,L0,train,low,6,231,11.55,577,False,False,L0_G02_b2_k231
L0_G02_b2,L0_G02,2,U2,R1,L0,train,low,6,30,1.5,75,True,False,L0_G02_b2_k030
L0_G02_b3,L0_G02,3,U0_repeat,R1,L0,train,low,6,20,1.0,50,False,False,L0_G02_b3_k020
L0_G02_b3,L0_G02,3,U0_repeat,R1,L0,train,low,6,62,3.1,155,False,False,L0_G02_b3_k062
L0_G02_b3,L0_G02,3,U0_repeat,R1,L0,train,low,6,104,5.2,260,False,False,L0_G02_b3_k104
L0_G02_b3,L0_G02,3,U0_repeat,R1,L0,train,low,6,147,7.3500000000000005,367,False,False,L0_G02_b3_k147
L0_G02_b3,L0_G02,3,U0_repeat,R1,L0,train,low,6,189,9.450000000000001,472,False,False,L0_G02_b3_k189
L0_G02_b3,L0_G02,3,U0_repeat,R1,L0,train,low,6,231,11.55,577,False,False,L0_G02_b3_k231
L0_G02_b3,L0_G02,3,U0_repeat,R1,L0,train,low,6,30,1.5,75,True,False,L0_G02_b3_k030
L0_G03_b0,L0_G03,0,U0,R1,L0,train,nominal,1,20,1.0,50,False,False,L0_G03_b0_k020
L0_G03_b0,L0_G03,0,U0,R1,L0,train,nominal,1,62,3.1,155,False,False,L0_G03_b0_k062
L0_G03_b0,L0_G03,0,U0,R1,L0,train,nominal,1,104,5.2,260,False,False,L0_G03_b0_k104
L0_G03_b0,L0_G03,0,U0,R1,L0,train,nominal,1,147,7.3500000000000005,367,False,False,L0_G03_b0_k147
L0_G03_b0,L0_G03,0,U0,R1,L0,train,nominal,1,189,9.450000000000001,472,False,False,L0_G03_b0_k189
L0_G03_b0,L0_G03,0,U0,R1,L0,train,nominal,1,231,11.55,577,False,False,L0_G03_b0_k231
L0_G03_b0,L0_G03,0,U0,R1,L0,train,nominal,1,30,1.5,75,True,False,L0_G03_b0_k030
L0_G03_b1,L0_G03,1,U1,R1,L0,train,nominal,1,20,1.0,50,False,False,L0_G03_b1_k020
L0_G03_b1,L0_G03,1,U1,R1,L0,train,nominal,1,62,3.1,155,False,False,L0_G03_b1_k062
L0_G03_b1,L0_G03,1,U1,R1,L0,train,nominal,1,104,5.2,260,False,False,L0_G03_b1_k104
L0_G03_b1,L0_G03,1,U1,R1,L0,train,nominal,1,147,7.3500000000000005,367,False,False,L0_G03_b1_k147
L0_G03_b1,L0_G03,1,U1,R1,L0,train,nominal,1,189,9.450000000000001,472,False,False,L0_G03_b1_k189
L0_G03_b1,L0_G03,1,U1,R1,L0,train,nominal,1,231,11.55,577,False,False,L0_G03_b1_k231
L0_G03_b1,L0_G03,1,U1,R1,L0,train,nominal,1,30,1.5,75,True,False,L0_G03_b1_k030
L0_G03_b2,L0_G03,2,U2,R1,L0,train,nominal,1,20,1.0,50,False,False,L0_G03_b2_k020
L0_G03_b2,L0_G03,2,U2,R1,L0,train,nominal,1,62,3.1,155,False,False,L0_G03_b2_k062
L0_G03_b2,L0_G03,2,U2,R1,L0,train,nominal,1,104,5.2,260,False,False,L0_G03_b2_k104
L0_G03_b2,L0_G03,2,U2,R1,L0,train,nominal,1,147,7.3500000000000005,367,False,False,L0_G03_b2_k147
L0_G03_b2,L0_G03,2,U2,R1,L0,train,nominal,1,189,9.450000000000001,472,False,False,L0_G03_b2_k189
L0_G03_b2,L0_G03,2,U2,R1,L0,train,nominal,1,231,11.55,577,False,False,L0_G03_b2_k231
L0_G03_b2,L0_G03,2,U2,R1,L0,train,nominal,1,30,1.5,75,True,False,L0_G03_b2_k030
L0_G03_b3,L0_G03,3,U0_repeat,R1,L0,train,nominal,1,20,1.0,50,False,False,L0_G03_b3_k020
L0_G03_b3,L0_G03,3,U0_repeat,R1,L0,train,nominal,1,62,3.1,155,False,False,L0_G03_b3_k062
L0_G03_b3,L0_G03,3,U0_repeat,R1,L0,train,nominal,1,104,5.2,260,False,False,L0_G03_b3_k104
L0_G03_b3,L0_G03,3,U0_repeat,R1,L0,train,nominal,1,147,7.3500000000000005,367,False,False,L0_G03_b3_k147
L0_G03_b3,L0_G03,3,U0_repeat,R1,L0,train,nominal,1,189,9.450000000000001,472,False,False,L0_G03_b3_k189
L0_G03_b3,L0_G03,3,U0_repeat,R1,L0,train,nominal,1,231,11.55,577,False,False,L0_G03_b3_k231
L0_G03_b3,L0_G03,3,U0_repeat,R1,L0,train,nominal,1,30,1.5,75,True,False,L0_G03_b3_k030
L0_G04_b0,L0_G04,0,U0,R1,L0,train,mid,4,20,1.0,50,False,False,L0_G04_b0_k020
L0_G04_b0,L0_G04,0,U0,R1,L0,train,mid,4,62,3.1,155,False,False,L0_G04_b0_k062
L0_G04_b0,L0_G04,0,U0,R1,L0,train,mid,4,104,5.2,260,False,False,L0_G04_b0_k104
L0_G04_b0,L0_G04,0,U0,R1,L0,train,mid,4,147,7.3500000000000005,367,False,False,L0_G04_b0_k147
L0_G04_b0,L0_G04,0,U0,R1,L0,train,mid,4,189,9.450000000000001,472,False,False,L0_G04_b0_k189
L0_G04_b0,L0_G04,0,U0,R1,L0,train,mid,4,231,11.55,577,False,False,L0_G04_b0_k231
L0_G04_b0,L0_G04,0,U0,R1,L0,train,mid,4,30,1.5,75,True,False,L0_G04_b0_k030
L0_G04_b1,L0_G04,1,U1,R1,L0,train,mid,4,20,1.0,50,False,False,L0_G04_b1_k020
L0_G04_b1,L0_G04,1,U1,R1,L0,train,mid,4,62,3.1,155,False,False,L0_G04_b1_k062
L0_G04_b1,L0_G04,1,U1,R1,L0,train,mid,4,104,5.2,260,False,False,L0_G04_b1_k104
L0_G04_b1,L0_G04,1,U1,R1,L0,train,mid,4,147,7.3500000000000005,367,False,False,L0_G04_b1_k147
L0_G04_b1,L0_G04,1,U1,R1,L0,train,mid,4,189,9.450000000000001,472,False,False,L0_G04_b1_k189
L0_G04_b1,L0_G04,1,U1,R1,L0,train,mid,4,231,11.55,577,False,False,L0_G04_b1_k231
L0_G04_b1,L0_G04,1,U1,R1,L0,train,mid,4,30,1.5,75,True,False,L0_G04_b1_k030
L0_G04_b2,L0_G04,2,U2,R1,L0,train,mid,4,20,1.0,50,False,False,L0_G04_b2_k020
L0_G04_b2,L0_G04,2,U2,R1,L0,train,mid,4,62,3.1,155,False,False,L0_G04_b2_k062
L0_G04_b2,L0_G04,2,U2,R1,L0,train,mid,4,104,5.2,260,False,False,L0_G04_b2_k104
L0_G04_b2,L0_G04,2,U2,R1,L0,train,mid,4,147,7.3500000000000005,367,False,False,L0_G04_b2_k147
L0_G04_b2,L0_G04,2,U2,R1,L0,train,mid,4,189,9.450000000000001,472,False,False,L0_G04_b2_k189
L0_G04_b2,L0_G04,2,U2,R1,L0,train,mid,4,231,11.55,577,False,False,L0_G04_b2_k231
L0_G04_b2,L0_G04,2,U2,R1,L0,train,mid,4,30,1.5,75,True,False,L0_G04_b2_k030
L0_G04_b3,L0_G04,3,U0_repeat,R1,L0,train,mid,4,20,1.0,50,False,False,L0_G04_b3_k020
L0_G04_b3,L0_G04,3,U0_repeat,R1,L0,train,mid,4,62,3.1,155,False,False,L0_G04_b3_k062
L0_G04_b3,L0_G04,3,U0_repeat,R1,L0,train,mid,4,104,5.2,260,False,False,L0_G04_b3_k104
L0_G04_b3,L0_G04,3,U0_repeat,R1,L0,train,mid,4,147,7.3500000000000005,367,False,False,L0_G04_b3_k147
L0_G04_b3,L0_G04,3,U0_repeat,R1,L0,train,mid,4,189,9.450000000000001,472,False,False,L0_G04_b3_k189
L0_G04_b3,L0_G04,3,U0_repeat,R1,L0,train,mid,4,231,11.55,577,False,False,L0_G04_b3_k231
L0_G04_b3,L0_G04,3,U0_repeat,R1,L0,train,mid,4,30,1.5,75,True,False,L0_G04_b3_k030
L0_G05_b0,L0_G05,0,U0,R1,L0,train,low,7,20,1.0,50,False,False,L0_G05_b0_k020
L0_G05_b0,L0_G05,0,U0,R1,L0,train,low,7,62,3.1,155,False,False,L0_G05_b0_k062
L0_G05_b0,L0_G05,0,U0,R1,L0,train,low,7,104,5.2,260,False,False,L0_G05_b0_k104
L0_G05_b0,L0_G05,0,U0,R1,L0,train,low,7,147,7.3500000000000005,367,False,False,L0_G05_b0_k147
L0_G05_b0,L0_G05,0,U0,R1,L0,train,low,7,189,9.450000000000001,472,False,False,L0_G05_b0_k189
L0_G05_b0,L0_G05,0,U0,R1,L0,train,low,7,231,11.55,577,False,False,L0_G05_b0_k231
L0_G05_b0,L0_G05,0,U0,R1,L0,train,low,7,30,1.5,75,True,False,L0_G05_b0_k030
L0_G05_b1,L0_G05,1,U1,R1,L0,train,low,7,20,1.0,50,False,False,L0_G05_b1_k020
L0_G05_b1,L0_G05,1,U1,R1,L0,train,low,7,62,3.1,155,False,False,L0_G05_b1_k062
L0_G05_b1,L0_G05,1,U1,R1,L0,train,low,7,104,5.2,260,False,False,L0_G05_b1_k104
L0_G05_b1,L0_G05,1,U1,R1,L0,train,low,7,147,7.3500000000000005,367,False,False,L0_G05_b1_k147
L0_G05_b1,L0_G05,1,U1,R1,L0,train,low,7,189,9.450000000000001,472,False,False,L0_G05_b1_k189
L0_G05_b1,L0_G05,1,U1,R1,L0,train,low,7,231,11.55,577,False,False,L0_G05_b1_k231
L0_G05_b1,L0_G05,1,U1,R1,L0,train,low,7,30,1.5,75,True,False,L0_G05_b1_k030
L0_G05_b2,L0_G05,2,U2,R1,L0,train,low,7,20,1.0,50,False,False,L0_G05_b2_k020
L0_G05_b2,L0_G05,2,U2,R1,L0,train,low,7,62,3.1,155,False,False,L0_G05_b2_k062
L0_G05_b2,L0_G05,2,U2,R1,L0,train,low,7,104,5.2,260,False,False,L0_G05_b2_k104
L0_G05_b2,L0_G05,2,U2,R1,L0,train,low,7,147,7.3500000000000005,367,False,False,L0_G05_b2_k147
L0_G05_b2,L0_G05,2,U2,R1,L0,train,low,7,189,9.450000000000001,472,False,False,L0_G05_b2_k189
L0_G05_b2,L0_G05,2,U2,R1,L0,train,low,7,231,11.55,577,False,False,L0_G05_b2_k231
L0_G05_b2,L0_G05,2,U2,R1,L0,train,low,7,30,1.5,75,True,False,L0_G05_b2_k030
L0_G05_b3,L0_G05,3,U0_repeat,R1,L0,train,low,7,20,1.0,50,False,False,L0_G05_b3_k020
L0_G05_b3,L0_G05,3,U0_repeat,R1,L0,train,low,7,62,3.1,155,False,False,L0_G05_b3_k062
L0_G05_b3,L0_G05,3,U0_repeat,R1,L0,train,low,7,104,5.2,260,False,False,L0_G05_b3_k104
L0_G05_b3,L0_G05,3,U0_repeat,R1,L0,train,low,7,147,7.3500000000000005,367,False,False,L0_G05_b3_k147
L0_G05_b3,L0_G05,3,U0_repeat,R1,L0,train,low,7,189,9.450000000000001,472,False,False,L0_G05_b3_k189
L0_G05_b3,L0_G05,3,U0_repeat,R1,L0,train,low,7,231,11.55,577,False,False,L0_G05_b3_k231
L0_G05_b3,L0_G05,3,U0_repeat,R1,L0,train,low,7,30,1.5,75,True,False,L0_G05_b3_k030
L0_G06_b0,L0_G06,0,U0,R1,L0,train,nominal,2,20,1.0,50,False,False,L0_G06_b0_k020
L0_G06_b0,L0_G06,0,U0,R1,L0,train,nominal,2,62,3.1,155,False,False,L0_G06_b0_k062
L0_G06_b0,L0_G06,0,U0,R1,L0,train,nominal,2,104,5.2,260,False,False,L0_G06_b0_k104
L0_G06_b0,L0_G06,0,U0,R1,L0,train,nominal,2,147,7.3500000000000005,367,False,False,L0_G06_b0_k147
L0_G06_b0,L0_G06,0,U0,R1,L0,train,nominal,2,189,9.450000000000001,472,False,False,L0_G06_b0_k189
L0_G06_b0,L0_G06,0,U0,R1,L0,train,nominal,2,231,11.55,577,False,False,L0_G06_b0_k231
L0_G06_b0,L0_G06,0,U0,R1,L0,train,nominal,2,30,1.5,75,True,False,L0_G06_b0_k030
L0_G06_b1,L0_G06,1,U1,R1,L0,train,nominal,2,20,1.0,50,False,False,L0_G06_b1_k020
L0_G06_b1,L0_G06,1,U1,R1,L0,train,nominal,2,62,3.1,155,False,False,L0_G06_b1_k062
L0_G06_b1,L0_G06,1,U1,R1,L0,train,nominal,2,104,5.2,260,False,False,L0_G06_b1_k104
L0_G06_b1,L0_G06,1,U1,R1,L0,train,nominal,2,147,7.3500000000000005,367,False,False,L0_G06_b1_k147
L0_G06_b1,L0_G06,1,U1,R1,L0,train,nominal,2,189,9.450000000000001,472,False,False,L0_G06_b1_k189
L0_G06_b1,L0_G06,1,U1,R1,L0,train,nominal,2,231,11.55,577,False,False,L0_G06_b1_k231
L0_G06_b1,L0_G06,1,U1,R1,L0,train,nominal,2,30,1.5,75,True,False,L0_G06_b1_k030
L0_G06_b2,L0_G06,2,U2,R1,L0,train,nominal,2,20,1.0,50,False,False,L0_G06_b2_k020
L0_G06_b2,L0_G06,2,U2,R1,L0,train,nominal,2,62,3.1,155,False,False,L0_G06_b2_k062
L0_G06_b2,L0_G06,2,U2,R1,L0,train,nominal,2,104,5.2,260,False,False,L0_G06_b2_k104
L0_G06_b2,L0_G06,2,U2,R1,L0,train,nominal,2,147,7.3500000000000005,367,False,False,L0_G06_b2_k147
L0_G06_b2,L0_G06,2,U2,R1,L0,train,nominal,2,189,9.450000000000001,472,False,False,L0_G06_b2_k189
L0_G06_b2,L0_G06,2,U2,R1,L0,train,nominal,2,231,11.55,577,False,False,L0_G06_b2_k231
L0_G06_b2,L0_G06,2,U2,R1,L0,train,nominal,2,30,1.5,75,True,False,L0_G06_b2_k030
L0_G06_b3,L0_G06,3,U0_repeat,R1,L0,train,nominal,2,20,1.0,50,False,False,L0_G06_b3_k020
L0_G06_b3,L0_G06,3,U0_repeat,R1,L0,train,nominal,2,62,3.1,155,False,False,L0_G06_b3_k062
L0_G06_b3,L0_G06,3,U0_repeat,R1,L0,train,nominal,2,104,5.2,260,False,False,L0_G06_b3_k104
L0_G06_b3,L0_G06,3,U0_repeat,R1,L0,train,nominal,2,147,7.3500000000000005,367,False,False,L0_G06_b3_k147
L0_G06_b3,L0_G06,3,U0_repeat,R1,L0,train,nominal,2,189,9.450000000000001,472,False,False,L0_G06_b3_k189
L0_G06_b3,L0_G06,3,U0_repeat,R1,L0,train,nominal,2,231,11.55,577,False,False,L0_G06_b3_k231
L0_G06_b3,L0_G06,3,U0_repeat,R1,L0,train,nominal,2,30,1.5,75,True,False,L0_G06_b3_k030
L0_G07_b0,L0_G07,0,U0,R1,L0,train,mid,5,20,1.0,50,False,False,L0_G07_b0_k020
L0_G07_b0,L0_G07,0,U0,R1,L0,train,mid,5,62,3.1,155,False,False,L0_G07_b0_k062
L0_G07_b0,L0_G07,0,U0,R1,L0,train,mid,5,104,5.2,260,False,False,L0_G07_b0_k104
L0_G07_b0,L0_G07,0,U0,R1,L0,train,mid,5,147,7.3500000000000005,367,False,False,L0_G07_b0_k147
L0_G07_b0,L0_G07,0,U0,R1,L0,train,mid,5,189,9.450000000000001,472,False,False,L0_G07_b0_k189
L0_G07_b0,L0_G07,0,U0,R1,L0,train,mid,5,231,11.55,577,False,False,L0_G07_b0_k231
L0_G07_b0,L0_G07,0,U0,R1,L0,train,mid,5,30,1.5,75,True,False,L0_G07_b0_k030
L0_G07_b1,L0_G07,1,U1,R1,L0,train,mid,5,20,1.0,50,False,False,L0_G07_b1_k020
L0_G07_b1,L0_G07,1,U1,R1,L0,train,mid,5,62,3.1,155,False,False,L0_G07_b1_k062
L0_G07_b1,L0_G07,1,U1,R1,L0,train,mid,5,104,5.2,260,False,False,L0_G07_b1_k104
L0_G07_b1,L0_G07,1,U1,R1,L0,train,mid,5,147,7.3500000000000005,367,False,False,L0_G07_b1_k147
L0_G07_b1,L0_G07,1,U1,R1,L0,train,mid,5,189,9.450000000000001,472,False,False,L0_G07_b1_k189
L0_G07_b1,L0_G07,1,U1,R1,L0,train,mid,5,231,11.55,577,False,False,L0_G07_b1_k231
L0_G07_b1,L0_G07,1,U1,R1,L0,train,mid,5,30,1.5,75,True,False,L0_G07_b1_k030
L0_G07_b2,L0_G07,2,U2,R1,L0,train,mid,5,20,1.0,50,False,False,L0_G07_b2_k020
L0_G07_b2,L0_G07,2,U2,R1,L0,train,mid,5,62,3.1,155,False,False,L0_G07_b2_k062
L0_G07_b2,L0_G07,2,U2,R1,L0,train,mid,5,104,5.2,260,False,False,L0_G07_b2_k104
L0_G07_b2,L0_G07,2,U2,R1,L0,train,mid,5,147,7.3500000000000005,367,False,False,L0_G07_b2_k147
L0_G07_b2,L0_G07,2,U2,R1,L0,train,mid,5,189,9.450000000000001,472,False,False,L0_G07_b2_k189
L0_G07_b2,L0_G07,2,U2,R1,L0,train,mid,5,231,11.55,577,False,False,L0_G07_b2_k231
L0_G07_b2,L0_G07,2,U2,R1,L0,train,mid,5,30,1.5,75,True,False,L0_G07_b2_k030
L0_G07_b3,L0_G07,3,U0_repeat,R1,L0,train,mid,5,20,1.0,50,False,False,L0_G07_b3_k020
L0_G07_b3,L0_G07,3,U0_repeat,R1,L0,train,mid,5,62,3.1,155,False,False,L0_G07_b3_k062
L0_G07_b3,L0_G07,3,U0_repeat,R1,L0,train,mid,5,104,5.2,260,False,False,L0_G07_b3_k104
L0_G07_b3,L0_G07,3,U0_repeat,R1,L0,train,mid,5,147,7.3500000000000005,367,False,False,L0_G07_b3_k147
L0_G07_b3,L0_G07,3,U0_repeat,R1,L0,train,mid,5,189,9.450000000000001,472,False,False,L0_G07_b3_k189
L0_G07_b3,L0_G07,3,U0_repeat,R1,L0,train,mid,5,231,11.55,577,False,False,L0_G07_b3_k231
L0_G07_b3,L0_G07,3,U0_repeat,R1,L0,train,mid,5,30,1.5,75,True,False,L0_G07_b3_k030
L1_G00_b0,L1_G00,0,U0,R1,L1,train,nominal,1,20,1.0,50,False,False,L1_G00_b0_k020
L1_G00_b0,L1_G00,0,U0,R1,L1,train,nominal,1,62,3.1,155,False,False,L1_G00_b0_k062
L1_G00_b0,L1_G00,0,U0,R1,L1,train,nominal,1,104,5.2,260,False,False,L1_G00_b0_k104
L1_G00_b0,L1_G00,0,U0,R1,L1,train,nominal,1,147,7.3500000000000005,367,False,False,L1_G00_b0_k147
L1_G00_b0,L1_G00,0,U0,R1,L1,train,nominal,1,189,9.450000000000001,472,False,False,L1_G00_b0_k189
L1_G00_b0,L1_G00,0,U0,R1,L1,train,nominal,1,231,11.55,577,False,False,L1_G00_b0_k231
L1_G00_b0,L1_G00,0,U0,R1,L1,train,nominal,1,30,1.5,75,True,False,L1_G00_b0_k030
L1_G00_b1,L1_G00,1,U1,R1,L1,train,nominal,1,20,1.0,50,False,False,L1_G00_b1_k020
L1_G00_b1,L1_G00,1,U1,R1,L1,train,nominal,1,62,3.1,155,False,False,L1_G00_b1_k062
L1_G00_b1,L1_G00,1,U1,R1,L1,train,nominal,1,104,5.2,260,False,False,L1_G00_b1_k104
L1_G00_b1,L1_G00,1,U1,R1,L1,train,nominal,1,147,7.3500000000000005,367,False,False,L1_G00_b1_k147
L1_G00_b1,L1_G00,1,U1,R1,L1,train,nominal,1,189,9.450000000000001,472,False,False,L1_G00_b1_k189
L1_G00_b1,L1_G00,1,U1,R1,L1,train,nominal,1,231,11.55,577,False,False,L1_G00_b1_k231
L1_G00_b1,L1_G00,1,U1,R1,L1,train,nominal,1,30,1.5,75,True,False,L1_G00_b1_k030
L1_G00_b2,L1_G00,2,U2,R1,L1,train,nominal,1,20,1.0,50,False,False,L1_G00_b2_k020
L1_G00_b2,L1_G00,2,U2,R1,L1,train,nominal,1,62,3.1,155,False,False,L1_G00_b2_k062
L1_G00_b2,L1_G00,2,U2,R1,L1,train,nominal,1,104,5.2,260,False,False,L1_G00_b2_k104
L1_G00_b2,L1_G00,2,U2,R1,L1,train,nominal,1,147,7.3500000000000005,367,False,False,L1_G00_b2_k147
L1_G00_b2,L1_G00,2,U2,R1,L1,train,nominal,1,189,9.450000000000001,472,False,False,L1_G00_b2_k189
L1_G00_b2,L1_G00,2,U2,R1,L1,train,nominal,1,231,11.55,577,False,False,L1_G00_b2_k231
L1_G00_b2,L1_G00,2,U2,R1,L1,train,nominal,1,30,1.5,75,True,False,L1_G00_b2_k030
L1_G00_b3,L1_G00,3,U0_repeat,R1,L1,train,nominal,1,20,1.0,50,False,False,L1_G00_b3_k020
L1_G00_b3,L1_G00,3,U0_repeat,R1,L1,train,nominal,1,62,3.1,155,False,False,L1_G00_b3_k062
L1_G00_b3,L1_G00,3,U0_repeat,R1,L1,train,nominal,1,104,5.2,260,False,False,L1_G00_b3_k104
L1_G00_b3,L1_G00,3,U0_repeat,R1,L1,train,nominal,1,147,7.3500000000000005,367,False,False,L1_G00_b3_k147
L1_G00_b3,L1_G00,3,U0_repeat,R1,L1,train,nominal,1,189,9.450000000000001,472,False,False,L1_G00_b3_k189
L1_G00_b3,L1_G00,3,U0_repeat,R1,L1,train,nominal,1,231,11.55,577,False,False,L1_G00_b3_k231
L1_G00_b3,L1_G00,3,U0_repeat,R1,L1,train,nominal,1,30,1.5,75,True,False,L1_G00_b3_k030
L1_G01_b0,L1_G01,0,U0,R1,L1,train,mid,4,20,1.0,50,False,False,L1_G01_b0_k020
L1_G01_b0,L1_G01,0,U0,R1,L1,train,mid,4,62,3.1,155,False,False,L1_G01_b0_k062
L1_G01_b0,L1_G01,0,U0,R1,L1,train,mid,4,104,5.2,260,False,False,L1_G01_b0_k104
L1_G01_b0,L1_G01,0,U0,R1,L1,train,mid,4,147,7.3500000000000005,367,False,False,L1_G01_b0_k147
L1_G01_b0,L1_G01,0,U0,R1,L1,train,mid,4,189,9.450000000000001,472,False,False,L1_G01_b0_k189
L1_G01_b0,L1_G01,0,U0,R1,L1,train,mid,4,231,11.55,577,False,False,L1_G01_b0_k231
L1_G01_b0,L1_G01,0,U0,R1,L1,train,mid,4,30,1.5,75,True,False,L1_G01_b0_k030
L1_G01_b1,L1_G01,1,U1,R1,L1,train,mid,4,20,1.0,50,False,False,L1_G01_b1_k020
L1_G01_b1,L1_G01,1,U1,R1,L1,train,mid,4,62,3.1,155,False,False,L1_G01_b1_k062
L1_G01_b1,L1_G01,1,U1,R1,L1,train,mid,4,104,5.2,260,False,False,L1_G01_b1_k104
L1_G01_b1,L1_G01,1,U1,R1,L1,train,mid,4,147,7.3500000000000005,367,False,False,L1_G01_b1_k147
L1_G01_b1,L1_G01,1,U1,R1,L1,train,mid,4,189,9.450000000000001,472,False,False,L1_G01_b1_k189
L1_G01_b1,L1_G01,1,U1,R1,L1,train,mid,4,231,11.55,577,False,False,L1_G01_b1_k231
L1_G01_b1,L1_G01,1,U1,R1,L1,train,mid,4,30,1.5,75,True,False,L1_G01_b1_k030
L1_G01_b2,L1_G01,2,U2,R1,L1,train,mid,4,20,1.0,50,False,False,L1_G01_b2_k020
L1_G01_b2,L1_G01,2,U2,R1,L1,train,mid,4,62,3.1,155,False,False,L1_G01_b2_k062
L1_G01_b2,L1_G01,2,U2,R1,L1,train,mid,4,104,5.2,260,False,False,L1_G01_b2_k104
L1_G01_b2,L1_G01,2,U2,R1,L1,train,mid,4,147,7.3500000000000005,367,False,False,L1_G01_b2_k147
L1_G01_b2,L1_G01,2,U2,R1,L1,train,mid,4,189,9.450000000000001,472,False,False,L1_G01_b2_k189
L1_G01_b2,L1_G01,2,U2,R1,L1,train,mid,4,231,11.55,577,False,False,L1_G01_b2_k231
L1_G01_b2,L1_G01,2,U2,R1,L1,train,mid,4,30,1.5,75,True,False,L1_G01_b2_k030
L1_G01_b3,L1_G01,3,U0_repeat,R1,L1,train,mid,4,20,1.0,50,False,False,L1_G01_b3_k020
L1_G01_b3,L1_G01,3,U0_repeat,R1,L1,train,mid,4,62,3.1,155,False,False,L1_G01_b3_k062
L1_G01_b3,L1_G01,3,U0_repeat,R1,L1,train,mid,4,104,5.2,260,False,False,L1_G01_b3_k104
L1_G01_b3,L1_G01,3,U0_repeat,R1,L1,train,mid,4,147,7.3500000000000005,367,False,False,L1_G01_b3_k147
L1_G01_b3,L1_G01,3,U0_repeat,R1,L1,train,mid,4,189,9.450000000000001,472,False,False,L1_G01_b3_k189
L1_G01_b3,L1_G01,3,U0_repeat,R1,L1,train,mid,4,231,11.55,577,False,False,L1_G01_b3_k231
L1_G01_b3,L1_G01,3,U0_repeat,R1,L1,train,mid,4,30,1.5,75,True,False,L1_G01_b3_k030
L1_G02_b0,L1_G02,0,U0,R1,L1,train,low,7,20,1.0,50,False,False,L1_G02_b0_k020
L1_G02_b0,L1_G02,0,U0,R1,L1,train,low,7,62,3.1,155,False,False,L1_G02_b0_k062
L1_G02_b0,L1_G02,0,U0,R1,L1,train,low,7,104,5.2,260,False,False,L1_G02_b0_k104
L1_G02_b0,L1_G02,0,U0,R1,L1,train,low,7,147,7.3500000000000005,367,False,False,L1_G02_b0_k147
L1_G02_b0,L1_G02,0,U0,R1,L1,train,low,7,189,9.450000000000001,472,False,False,L1_G02_b0_k189
L1_G02_b0,L1_G02,0,U0,R1,L1,train,low,7,231,11.55,577,False,False,L1_G02_b0_k231
L1_G02_b0,L1_G02,0,U0,R1,L1,train,low,7,30,1.5,75,True,False,L1_G02_b0_k030
L1_G02_b1,L1_G02,1,U1,R1,L1,train,low,7,20,1.0,50,False,False,L1_G02_b1_k020
L1_G02_b1,L1_G02,1,U1,R1,L1,train,low,7,62,3.1,155,False,False,L1_G02_b1_k062
L1_G02_b1,L1_G02,1,U1,R1,L1,train,low,7,104,5.2,260,False,False,L1_G02_b1_k104
L1_G02_b1,L1_G02,1,U1,R1,L1,train,low,7,147,7.3500000000000005,367,False,False,L1_G02_b1_k147
L1_G02_b1,L1_G02,1,U1,R1,L1,train,low,7,189,9.450000000000001,472,False,False,L1_G02_b1_k189
L1_G02_b1,L1_G02,1,U1,R1,L1,train,low,7,231,11.55,577,False,False,L1_G02_b1_k231
L1_G02_b1,L1_G02,1,U1,R1,L1,train,low,7,30,1.5,75,True,False,L1_G02_b1_k030
L1_G02_b2,L1_G02,2,U2,R1,L1,train,low,7,20,1.0,50,False,False,L1_G02_b2_k020
L1_G02_b2,L1_G02,2,U2,R1,L1,train,low,7,62,3.1,155,False,False,L1_G02_b2_k062
L1_G02_b2,L1_G02,2,U2,R1,L1,train,low,7,104,5.2,260,False,False,L1_G02_b2_k104
L1_G02_b2,L1_G02,2,U2,R1,L1,train,low,7,147,7.3500000000000005,367,False,False,L1_G02_b2_k147
L1_G02_b2,L1_G02,2,U2,R1,L1,train,low,7,189,9.450000000000001,472,False,False,L1_G02_b2_k189
L1_G02_b2,L1_G02,2,U2,R1,L1,train,low,7,231,11.55,577,False,False,L1_G02_b2_k231
L1_G02_b2,L1_G02,2,U2,R1,L1,train,low,7,30,1.5,75,True,False,L1_G02_b2_k030
L1_G02_b3,L1_G02,3,U0_repeat,R1,L1,train,low,7,20,1.0,50,False,False,L1_G02_b3_k020
L1_G02_b3,L1_G02,3,U0_repeat,R1,L1,train,low,7,62,3.1,155,False,False,L1_G02_b3_k062
L1_G02_b3,L1_G02,3,U0_repeat,R1,L1,train,low,7,104,5.2,260,False,False,L1_G02_b3_k104
L1_G02_b3,L1_G02,3,U0_repeat,R1,L1,train,low,7,147,7.3500000000000005,367,False,False,L1_G02_b3_k147
L1_G02_b3,L1_G02,3,U0_repeat,R1,L1,train,low,7,189,9.450000000000001,472,False,False,L1_G02_b3_k189
L1_G02_b3,L1_G02,3,U0_repeat,R1,L1,train,low,7,231,11.55,577,False,False,L1_G02_b3_k231
L1_G02_b3,L1_G02,3,U0_repeat,R1,L1,train,low,7,30,1.5,75,True,False,L1_G02_b3_k030
L1_G03_b0,L1_G03,0,U0,R1,L1,train,nominal,2,20,1.0,50,False,False,L1_G03_b0_k020
L1_G03_b0,L1_G03,0,U0,R1,L1,train,nominal,2,62,3.1,155,False,False,L1_G03_b0_k062
L1_G03_b0,L1_G03,0,U0,R1,L1,train,nominal,2,104,5.2,260,False,False,L1_G03_b0_k104
L1_G03_b0,L1_G03,0,U0,R1,L1,train,nominal,2,147,7.3500000000000005,367,False,False,L1_G03_b0_k147
L1_G03_b0,L1_G03,0,U0,R1,L1,train,nominal,2,189,9.450000000000001,472,False,False,L1_G03_b0_k189
L1_G03_b0,L1_G03,0,U0,R1,L1,train,nominal,2,231,11.55,577,False,False,L1_G03_b0_k231
L1_G03_b0,L1_G03,0,U0,R1,L1,train,nominal,2,30,1.5,75,True,False,L1_G03_b0_k030
L1_G03_b1,L1_G03,1,U1,R1,L1,train,nominal,2,20,1.0,50,False,False,L1_G03_b1_k020
L1_G03_b1,L1_G03,1,U1,R1,L1,train,nominal,2,62,3.1,155,False,False,L1_G03_b1_k062
L1_G03_b1,L1_G03,1,U1,R1,L1,train,nominal,2,104,5.2,260,False,False,L1_G03_b1_k104
L1_G03_b1,L1_G03,1,U1,R1,L1,train,nominal,2,147,7.3500000000000005,367,False,False,L1_G03_b1_k147
L1_G03_b1,L1_G03,1,U1,R1,L1,train,nominal,2,189,9.450000000000001,472,False,False,L1_G03_b1_k189
L1_G03_b1,L1_G03,1,U1,R1,L1,train,nominal,2,231,11.55,577,False,False,L1_G03_b1_k231
L1_G03_b1,L1_G03,1,U1,R1,L1,train,nominal,2,30,1.5,75,True,False,L1_G03_b1_k030
L1_G03_b2,L1_G03,2,U2,R1,L1,train,nominal,2,20,1.0,50,False,False,L1_G03_b2_k020
L1_G03_b2,L1_G03,2,U2,R1,L1,train,nominal,2,62,3.1,155,False,False,L1_G03_b2_k062
L1_G03_b2,L1_G03,2,U2,R1,L1,train,nominal,2,104,5.2,260,False,False,L1_G03_b2_k104
L1_G03_b2,L1_G03,2,U2,R1,L1,train,nominal,2,147,7.3500000000000005,367,False,False,L1_G03_b2_k147
L1_G03_b2,L1_G03,2,U2,R1,L1,train,nominal,2,189,9.450000000000001,472,False,False,L1_G03_b2_k189
L1_G03_b2,L1_G03,2,U2,R1,L1,train,nominal,2,231,11.55,577,False,False,L1_G03_b2_k231
L1_G03_b2,L1_G03,2,U2,R1,L1,train,nominal,2,30,1.5,75,True,False,L1_G03_b2_k030
L1_G03_b3,L1_G03,3,U0_repeat,R1,L1,train,nominal,2,20,1.0,50,False,False,L1_G03_b3_k020
L1_G03_b3,L1_G03,3,U0_repeat,R1,L1,train,nominal,2,62,3.1,155,False,False,L1_G03_b3_k062
L1_G03_b3,L1_G03,3,U0_repeat,R1,L1,train,nominal,2,104,5.2,260,False,False,L1_G03_b3_k104
L1_G03_b3,L1_G03,3,U0_repeat,R1,L1,train,nominal,2,147,7.3500000000000005,367,False,False,L1_G03_b3_k147
L1_G03_b3,L1_G03,3,U0_repeat,R1,L1,train,nominal,2,189,9.450000000000001,472,False,False,L1_G03_b3_k189
L1_G03_b3,L1_G03,3,U0_repeat,R1,L1,train,nominal,2,231,11.55,577,False,False,L1_G03_b3_k231
L1_G03_b3,L1_G03,3,U0_repeat,R1,L1,train,nominal,2,30,1.5,75,True,False,L1_G03_b3_k030
L1_G04_b0,L1_G04,0,U0,R1,L1,train,mid,5,20,1.0,50,False,False,L1_G04_b0_k020
L1_G04_b0,L1_G04,0,U0,R1,L1,train,mid,5,62,3.1,155,False,False,L1_G04_b0_k062
L1_G04_b0,L1_G04,0,U0,R1,L1,train,mid,5,104,5.2,260,False,False,L1_G04_b0_k104
L1_G04_b0,L1_G04,0,U0,R1,L1,train,mid,5,147,7.3500000000000005,367,False,False,L1_G04_b0_k147
L1_G04_b0,L1_G04,0,U0,R1,L1,train,mid,5,189,9.450000000000001,472,False,False,L1_G04_b0_k189
L1_G04_b0,L1_G04,0,U0,R1,L1,train,mid,5,231,11.55,577,False,False,L1_G04_b0_k231
L1_G04_b0,L1_G04,0,U0,R1,L1,train,mid,5,30,1.5,75,True,False,L1_G04_b0_k030
L1_G04_b1,L1_G04,1,U1,R1,L1,train,mid,5,20,1.0,50,False,False,L1_G04_b1_k020
L1_G04_b1,L1_G04,1,U1,R1,L1,train,mid,5,62,3.1,155,False,False,L1_G04_b1_k062
L1_G04_b1,L1_G04,1,U1,R1,L1,train,mid,5,104,5.2,260,False,False,L1_G04_b1_k104
L1_G04_b1,L1_G04,1,U1,R1,L1,train,mid,5,147,7.3500000000000005,367,False,False,L1_G04_b1_k147
L1_G04_b1,L1_G04,1,U1,R1,L1,train,mid,5,189,9.450000000000001,472,False,False,L1_G04_b1_k189
L1_G04_b1,L1_G04,1,U1,R1,L1,train,mid,5,231,11.55,577,False,False,L1_G04_b1_k231
L1_G04_b1,L1_G04,1,U1,R1,L1,train,mid,5,30,1.5,75,True,False,L1_G04_b1_k030
L1_G04_b2,L1_G04,2,U2,R1,L1,train,mid,5,20,1.0,50,False,False,L1_G04_b2_k020
L1_G04_b2,L1_G04,2,U2,R1,L1,train,mid,5,62,3.1,155,False,False,L1_G04_b2_k062
L1_G04_b2,L1_G04,2,U2,R1,L1,train,mid,5,104,5.2,260,False,False,L1_G04_b2_k104
L1_G04_b2,L1_G04,2,U2,R1,L1,train,mid,5,147,7.3500000000000005,367,False,False,L1_G04_b2_k147
L1_G04_b2,L1_G04,2,U2,R1,L1,train,mid,5,189,9.450000000000001,472,False,False,L1_G04_b2_k189
L1_G04_b2,L1_G04,2,U2,R1,L1,train,mid,5,231,11.55,577,False,False,L1_G04_b2_k231
L1_G04_b2,L1_G04,2,U2,R1,L1,train,mid,5,30,1.5,75,True,False,L1_G04_b2_k030
L1_G04_b3,L1_G04,3,U0_repeat,R1,L1,train,mid,5,20,1.0,50,False,False,L1_G04_b3_k020
L1_G04_b3,L1_G04,3,U0_repeat,R1,L1,train,mid,5,62,3.1,155,False,False,L1_G04_b3_k062
L1_G04_b3,L1_G04,3,U0_repeat,R1,L1,train,mid,5,104,5.2,260,False,False,L1_G04_b3_k104
L1_G04_b3,L1_G04,3,U0_repeat,R1,L1,train,mid,5,147,7.3500000000000005,367,False,False,L1_G04_b3_k147
L1_G04_b3,L1_G04,3,U0_repeat,R1,L1,train,mid,5,189,9.450000000000001,472,False,False,L1_G04_b3_k189
L1_G04_b3,L1_G04,3,U0_repeat,R1,L1,train,mid,5,231,11.55,577,False,False,L1_G04_b3_k231
L1_G04_b3,L1_G04,3,U0_repeat,R1,L1,train,mid,5,30,1.5,75,True,False,L1_G04_b3_k030
L1_G05_b0,L1_G05,0,U0,R1,L1,train,low,0,20,1.0,50,False,False,L1_G05_b0_k020
L1_G05_b0,L1_G05,0,U0,R1,L1,train,low,0,62,3.1,155,False,False,L1_G05_b0_k062
L1_G05_b0,L1_G05,0,U0,R1,L1,train,low,0,104,5.2,260,False,False,L1_G05_b0_k104
L1_G05_b0,L1_G05,0,U0,R1,L1,train,low,0,147,7.3500000000000005,367,False,False,L1_G05_b0_k147
L1_G05_b0,L1_G05,0,U0,R1,L1,train,low,0,189,9.450000000000001,472,False,False,L1_G05_b0_k189
L1_G05_b0,L1_G05,0,U0,R1,L1,train,low,0,231,11.55,577,False,False,L1_G05_b0_k231
L1_G05_b0,L1_G05,0,U0,R1,L1,train,low,0,30,1.5,75,True,False,L1_G05_b0_k030
L1_G05_b1,L1_G05,1,U1,R1,L1,train,low,0,20,1.0,50,False,False,L1_G05_b1_k020
L1_G05_b1,L1_G05,1,U1,R1,L1,train,low,0,62,3.1,155,False,False,L1_G05_b1_k062
L1_G05_b1,L1_G05,1,U1,R1,L1,train,low,0,104,5.2,260,False,False,L1_G05_b1_k104
L1_G05_b1,L1_G05,1,U1,R1,L1,train,low,0,147,7.3500000000000005,367,False,False,L1_G05_b1_k147
L1_G05_b1,L1_G05,1,U1,R1,L1,train,low,0,189,9.450000000000001,472,False,False,L1_G05_b1_k189
L1_G05_b1,L1_G05,1,U1,R1,L1,train,low,0,231,11.55,577,False,False,L1_G05_b1_k231
L1_G05_b1,L1_G05,1,U1,R1,L1,train,low,0,30,1.5,75,True,False,L1_G05_b1_k030
L1_G05_b2,L1_G05,2,U2,R1,L1,train,low,0,20,1.0,50,False,False,L1_G05_b2_k020
L1_G05_b2,L1_G05,2,U2,R1,L1,train,low,0,62,3.1,155,False,False,L1_G05_b2_k062
L1_G05_b2,L1_G05,2,U2,R1,L1,train,low,0,104,5.2,260,False,False,L1_G05_b2_k104
L1_G05_b2,L1_G05,2,U2,R1,L1,train,low,0,147,7.3500000000000005,367,False,False,L1_G05_b2_k147
L1_G05_b2,L1_G05,2,U2,R1,L1,train,low,0,189,9.450000000000001,472,False,False,L1_G05_b2_k189
L1_G05_b2,L1_G05,2,U2,R1,L1,train,low,0,231,11.55,577,False,False,L1_G05_b2_k231
L1_G05_b2,L1_G05,2,U2,R1,L1,train,low,0,30,1.5,75,True,False,L1_G05_b2_k030
L1_G05_b3,L1_G05,3,U0_repeat,R1,L1,train,low,0,20,1.0,50,False,False,L1_G05_b3_k020
L1_G05_b3,L1_G05,3,U0_repeat,R1,L1,train,low,0,62,3.1,155,False,False,L1_G05_b3_k062
L1_G05_b3,L1_G05,3,U0_repeat,R1,L1,train,low,0,104,5.2,260,False,False,L1_G05_b3_k104
L1_G05_b3,L1_G05,3,U0_repeat,R1,L1,train,low,0,147,7.3500000000000005,367,False,False,L1_G05_b3_k147
L1_G05_b3,L1_G05,3,U0_repeat,R1,L1,train,low,0,189,9.450000000000001,472,False,False,L1_G05_b3_k189
L1_G05_b3,L1_G05,3,U0_repeat,R1,L1,train,low,0,231,11.55,577,False,False,L1_G05_b3_k231
L1_G05_b3,L1_G05,3,U0_repeat,R1,L1,train,low,0,30,1.5,75,True,False,L1_G05_b3_k030
L1_G06_b0,L1_G06,0,U0,R1,L1,train,nominal,3,20,1.0,50,False,False,L1_G06_b0_k020
L1_G06_b0,L1_G06,0,U0,R1,L1,train,nominal,3,62,3.1,155,False,False,L1_G06_b0_k062
L1_G06_b0,L1_G06,0,U0,R1,L1,train,nominal,3,104,5.2,260,False,False,L1_G06_b0_k104
L1_G06_b0,L1_G06,0,U0,R1,L1,train,nominal,3,147,7.3500000000000005,367,False,False,L1_G06_b0_k147
L1_G06_b0,L1_G06,0,U0,R1,L1,train,nominal,3,189,9.450000000000001,472,False,False,L1_G06_b0_k189
L1_G06_b0,L1_G06,0,U0,R1,L1,train,nominal,3,231,11.55,577,False,False,L1_G06_b0_k231
L1_G06_b0,L1_G06,0,U0,R1,L1,train,nominal,3,30,1.5,75,True,False,L1_G06_b0_k030
L1_G06_b1,L1_G06,1,U1,R1,L1,train,nominal,3,20,1.0,50,False,False,L1_G06_b1_k020
L1_G06_b1,L1_G06,1,U1,R1,L1,train,nominal,3,62,3.1,155,False,False,L1_G06_b1_k062
L1_G06_b1,L1_G06,1,U1,R1,L1,train,nominal,3,104,5.2,260,False,False,L1_G06_b1_k104
L1_G06_b1,L1_G06,1,U1,R1,L1,train,nominal,3,147,7.3500000000000005,367,False,False,L1_G06_b1_k147
L1_G06_b1,L1_G06,1,U1,R1,L1,train,nominal,3,189,9.450000000000001,472,False,False,L1_G06_b1_k189
L1_G06_b1,L1_G06,1,U1,R1,L1,train,nominal,3,231,11.55,577,False,False,L1_G06_b1_k231
L1_G06_b1,L1_G06,1,U1,R1,L1,train,nominal,3,30,1.5,75,True,False,L1_G06_b1_k030
L1_G06_b2,L1_G06,2,U2,R1,L1,train,nominal,3,20,1.0,50,False,False,L1_G06_b2_k020
L1_G06_b2,L1_G06,2,U2,R1,L1,train,nominal,3,62,3.1,155,False,False,L1_G06_b2_k062
L1_G06_b2,L1_G06,2,U2,R1,L1,train,nominal,3,104,5.2,260,False,False,L1_G06_b2_k104
L1_G06_b2,L1_G06,2,U2,R1,L1,train,nominal,3,147,7.3500000000000005,367,False,False,L1_G06_b2_k147
L1_G06_b2,L1_G06,2,U2,R1,L1,train,nominal,3,189,9.450000000000001,472,False,False,L1_G06_b2_k189
L1_G06_b2,L1_G06,2,U2,R1,L1,train,nominal,3,231,11.55,577,False,False,L1_G06_b2_k231
L1_G06_b2,L1_G06,2,U2,R1,L1,train,nominal,3,30,1.5,75,True,False,L1_G06_b2_k030
L1_G06_b3,L1_G06,3,U0_repeat,R1,L1,train,nominal,3,20,1.0,50,False,False,L1_G06_b3_k020
L1_G06_b3,L1_G06,3,U0_repeat,R1,L1,train,nominal,3,62,3.1,155,False,False,L1_G06_b3_k062
L1_G06_b3,L1_G06,3,U0_repeat,R1,L1,train,nominal,3,104,5.2,260,False,False,L1_G06_b3_k104
L1_G06_b3,L1_G06,3,U0_repeat,R1,L1,train,nominal,3,147,7.3500000000000005,367,False,False,L1_G06_b3_k147
L1_G06_b3,L1_G06,3,U0_repeat,R1,L1,train,nominal,3,189,9.450000000000001,472,False,False,L1_G06_b3_k189
L1_G06_b3,L1_G06,3,U0_repeat,R1,L1,train,nominal,3,231,11.55,577,False,False,L1_G06_b3_k231
L1_G06_b3,L1_G06,3,U0_repeat,R1,L1,train,nominal,3,30,1.5,75,True,False,L1_G06_b3_k030
L1_G07_b0,L1_G07,0,U0,R1,L1,train,mid,6,20,1.0,50,False,False,L1_G07_b0_k020
L1_G07_b0,L1_G07,0,U0,R1,L1,train,mid,6,62,3.1,155,False,False,L1_G07_b0_k062
L1_G07_b0,L1_G07,0,U0,R1,L1,train,mid,6,104,5.2,260,False,False,L1_G07_b0_k104
L1_G07_b0,L1_G07,0,U0,R1,L1,train,mid,6,147,7.3500000000000005,367,False,False,L1_G07_b0_k147
L1_G07_b0,L1_G07,0,U0,R1,L1,train,mid,6,189,9.450000000000001,472,False,False,L1_G07_b0_k189
L1_G07_b0,L1_G07,0,U0,R1,L1,train,mid,6,231,11.55,577,False,False,L1_G07_b0_k231
L1_G07_b0,L1_G07,0,U0,R1,L1,train,mid,6,30,1.5,75,True,False,L1_G07_b0_k030
L1_G07_b1,L1_G07,1,U1,R1,L1,train,mid,6,20,1.0,50,False,False,L1_G07_b1_k020
L1_G07_b1,L1_G07,1,U1,R1,L1,train,mid,6,62,3.1,155,False,False,L1_G07_b1_k062
L1_G07_b1,L1_G07,1,U1,R1,L1,train,mid,6,104,5.2,260,False,False,L1_G07_b1_k104
L1_G07_b1,L1_G07,1,U1,R1,L1,train,mid,6,147,7.3500000000000005,367,False,False,L1_G07_b1_k147
L1_G07_b1,L1_G07,1,U1,R1,L1,train,mid,6,189,9.450000000000001,472,False,False,L1_G07_b1_k189
L1_G07_b1,L1_G07,1,U1,R1,L1,train,mid,6,231,11.55,577,False,False,L1_G07_b1_k231
L1_G07_b1,L1_G07,1,U1,R1,L1,train,mid,6,30,1.5,75,True,False,L1_G07_b1_k030
L1_G07_b2,L1_G07,2,U2,R1,L1,train,mid,6,20,1.0,50,False,False,L1_G07_b2_k020
L1_G07_b2,L1_G07,2,U2,R1,L1,train,mid,6,62,3.1,155,False,False,L1_G07_b2_k062
L1_G07_b2,L1_G07,2,U2,R1,L1,train,mid,6,104,5.2,260,False,False,L1_G07_b2_k104
L1_G07_b2,L1_G07,2,U2,R1,L1,train,mid,6,147,7.3500000000000005,367,False,False,L1_G07_b2_k147
L1_G07_b2,L1_G07,2,U2,R1,L1,train,mid,6,189,9.450000000000001,472,False,False,L1_G07_b2_k189
L1_G07_b2,L1_G07,2,U2,R1,L1,train,mid,6,231,11.55,577,False,False,L1_G07_b2_k231
L1_G07_b2,L1_G07,2,U2,R1,L1,train,mid,6,30,1.5,75,True,False,L1_G07_b2_k030
L1_G07_b3,L1_G07,3,U0_repeat,R1,L1,train,mid,6,20,1.0,50,False,False,L1_G07_b3_k020
L1_G07_b3,L1_G07,3,U0_repeat,R1,L1,train,mid,6,62,3.1,155,False,False,L1_G07_b3_k062
L1_G07_b3,L1_G07,3,U0_repeat,R1,L1,train,mid,6,104,5.2,260,False,False,L1_G07_b3_k104
L1_G07_b3,L1_G07,3,U0_repeat,R1,L1,train,mid,6,147,7.3500000000000005,367,False,False,L1_G07_b3_k147
L1_G07_b3,L1_G07,3,U0_repeat,R1,L1,train,mid,6,189,9.450000000000001,472,False,False,L1_G07_b3_k189
L1_G07_b3,L1_G07,3,U0_repeat,R1,L1,train,mid,6,231,11.55,577,False,False,L1_G07_b3_k231
L1_G07_b3,L1_G07,3,U0_repeat,R1,L1,train,mid,6,30,1.5,75,True,False,L1_G07_b3_k030
L2_G00_b0,L2_G00,0,U0,R1,L2,train,nominal,2,20,1.0,50,False,False,L2_G00_b0_k020
L2_G00_b0,L2_G00,0,U0,R1,L2,train,nominal,2,62,3.1,155,False,False,L2_G00_b0_k062
L2_G00_b0,L2_G00,0,U0,R1,L2,train,nominal,2,104,5.2,260,False,False,L2_G00_b0_k104
L2_G00_b0,L2_G00,0,U0,R1,L2,train,nominal,2,147,7.3500000000000005,367,False,False,L2_G00_b0_k147
L2_G00_b0,L2_G00,0,U0,R1,L2,train,nominal,2,189,9.450000000000001,472,False,False,L2_G00_b0_k189
L2_G00_b0,L2_G00,0,U0,R1,L2,train,nominal,2,231,11.55,577,False,False,L2_G00_b0_k231
L2_G00_b0,L2_G00,0,U0,R1,L2,train,nominal,2,30,1.5,75,True,False,L2_G00_b0_k030
L2_G00_b1,L2_G00,1,U1,R1,L2,train,nominal,2,20,1.0,50,False,False,L2_G00_b1_k020
L2_G00_b1,L2_G00,1,U1,R1,L2,train,nominal,2,62,3.1,155,False,False,L2_G00_b1_k062
L2_G00_b1,L2_G00,1,U1,R1,L2,train,nominal,2,104,5.2,260,False,False,L2_G00_b1_k104
L2_G00_b1,L2_G00,1,U1,R1,L2,train,nominal,2,147,7.3500000000000005,367,False,False,L2_G00_b1_k147
L2_G00_b1,L2_G00,1,U1,R1,L2,train,nominal,2,189,9.450000000000001,472,False,False,L2_G00_b1_k189
L2_G00_b1,L2_G00,1,U1,R1,L2,train,nominal,2,231,11.55,577,False,False,L2_G00_b1_k231
L2_G00_b1,L2_G00,1,U1,R1,L2,train,nominal,2,30,1.5,75,True,False,L2_G00_b1_k030
L2_G00_b2,L2_G00,2,U2,R1,L2,train,nominal,2,20,1.0,50,False,False,L2_G00_b2_k020
L2_G00_b2,L2_G00,2,U2,R1,L2,train,nominal,2,62,3.1,155,False,False,L2_G00_b2_k062
L2_G00_b2,L2_G00,2,U2,R1,L2,train,nominal,2,104,5.2,260,False,False,L2_G00_b2_k104
L2_G00_b2,L2_G00,2,U2,R1,L2,train,nominal,2,147,7.3500000000000005,367,False,False,L2_G00_b2_k147
L2_G00_b2,L2_G00,2,U2,R1,L2,train,nominal,2,189,9.450000000000001,472,False,False,L2_G00_b2_k189
L2_G00_b2,L2_G00,2,U2,R1,L2,train,nominal,2,231,11.55,577,False,False,L2_G00_b2_k231
L2_G00_b2,L2_G00,2,U2,R1,L2,train,nominal,2,30,1.5,75,True,False,L2_G00_b2_k030
L2_G00_b3,L2_G00,3,U0_repeat,R1,L2,train,nominal,2,20,1.0,50,False,False,L2_G00_b3_k020
L2_G00_b3,L2_G00,3,U0_repeat,R1,L2,train,nominal,2,62,3.1,155,False,False,L2_G00_b3_k062
L2_G00_b3,L2_G00,3,U0_repeat,R1,L2,train,nominal,2,104,5.2,260,False,False,L2_G00_b3_k104
L2_G00_b3,L2_G00,3,U0_repeat,R1,L2,train,nominal,2,147,7.3500000000000005,367,False,False,L2_G00_b3_k147
L2_G00_b3,L2_G00,3,U0_repeat,R1,L2,train,nominal,2,189,9.450000000000001,472,False,False,L2_G00_b3_k189
L2_G00_b3,L2_G00,3,U0_repeat,R1,L2,train,nominal,2,231,11.55,577,False,False,L2_G00_b3_k231
L2_G00_b3,L2_G00,3,U0_repeat,R1,L2,train,nominal,2,30,1.5,75,True,False,L2_G00_b3_k030
L2_G01_b0,L2_G01,0,U0,R1,L2,train,mid,5,20,1.0,50,False,False,L2_G01_b0_k020
L2_G01_b0,L2_G01,0,U0,R1,L2,train,mid,5,62,3.1,155,False,False,L2_G01_b0_k062
L2_G01_b0,L2_G01,0,U0,R1,L2,train,mid,5,104,5.2,260,False,False,L2_G01_b0_k104
L2_G01_b0,L2_G01,0,U0,R1,L2,train,mid,5,147,7.3500000000000005,367,False,False,L2_G01_b0_k147
L2_G01_b0,L2_G01,0,U0,R1,L2,train,mid,5,189,9.450000000000001,472,False,False,L2_G01_b0_k189
L2_G01_b0,L2_G01,0,U0,R1,L2,train,mid,5,231,11.55,577,False,False,L2_G01_b0_k231
L2_G01_b0,L2_G01,0,U0,R1,L2,train,mid,5,30,1.5,75,True,False,L2_G01_b0_k030
L2_G01_b1,L2_G01,1,U1,R1,L2,train,mid,5,20,1.0,50,False,False,L2_G01_b1_k020
L2_G01_b1,L2_G01,1,U1,R1,L2,train,mid,5,62,3.1,155,False,False,L2_G01_b1_k062
L2_G01_b1,L2_G01,1,U1,R1,L2,train,mid,5,104,5.2,260,False,False,L2_G01_b1_k104
L2_G01_b1,L2_G01,1,U1,R1,L2,train,mid,5,147,7.3500000000000005,367,False,False,L2_G01_b1_k147
L2_G01_b1,L2_G01,1,U1,R1,L2,train,mid,5,189,9.450000000000001,472,False,False,L2_G01_b1_k189
L2_G01_b1,L2_G01,1,U1,R1,L2,train,mid,5,231,11.55,577,False,False,L2_G01_b1_k231
L2_G01_b1,L2_G01,1,U1,R1,L2,train,mid,5,30,1.5,75,True,False,L2_G01_b1_k030
L2_G01_b2,L2_G01,2,U2,R1,L2,train,mid,5,20,1.0,50,False,False,L2_G01_b2_k020
L2_G01_b2,L2_G01,2,U2,R1,L2,train,mid,5,62,3.1,155,False,False,L2_G01_b2_k062
L2_G01_b2,L2_G01,2,U2,R1,L2,train,mid,5,104,5.2,260,False,False,L2_G01_b2_k104
L2_G01_b2,L2_G01,2,U2,R1,L2,train,mid,5,147,7.3500000000000005,367,False,False,L2_G01_b2_k147
L2_G01_b2,L2_G01,2,U2,R1,L2,train,mid,5,189,9.450000000000001,472,False,False,L2_G01_b2_k189
L2_G01_b2,L2_G01,2,U2,R1,L2,train,mid,5,231,11.55,577,False,False,L2_G01_b2_k231
L2_G01_b2,L2_G01,2,U2,R1,L2,train,mid,5,30,1.5,75,True,False,L2_G01_b2_k030
L2_G01_b3,L2_G01,3,U0_repeat,R1,L2,train,mid,5,20,1.0,50,False,False,L2_G01_b3_k020
L2_G01_b3,L2_G01,3,U0_repeat,R1,L2,train,mid,5,62,3.1,155,False,False,L2_G01_b3_k062
L2_G01_b3,L2_G01,3,U0_repeat,R1,L2,train,mid,5,104,5.2,260,False,False,L2_G01_b3_k104
L2_G01_b3,L2_G01,3,U0_repeat,R1,L2,train,mid,5,147,7.3500000000000005,367,False,False,L2_G01_b3_k147
L2_G01_b3,L2_G01,3,U0_repeat,R1,L2,train,mid,5,189,9.450000000000001,472,False,False,L2_G01_b3_k189
L2_G01_b3,L2_G01,3,U0_repeat,R1,L2,train,mid,5,231,11.55,577,False,False,L2_G01_b3_k231
L2_G01_b3,L2_G01,3,U0_repeat,R1,L2,train,mid,5,30,1.5,75,True,False,L2_G01_b3_k030
L2_G02_b0,L2_G02,0,U0,R1,L2,train,low,0,20,1.0,50,False,False,L2_G02_b0_k020
L2_G02_b0,L2_G02,0,U0,R1,L2,train,low,0,62,3.1,155,False,False,L2_G02_b0_k062
L2_G02_b0,L2_G02,0,U0,R1,L2,train,low,0,104,5.2,260,False,False,L2_G02_b0_k104
L2_G02_b0,L2_G02,0,U0,R1,L2,train,low,0,147,7.3500000000000005,367,False,False,L2_G02_b0_k147
L2_G02_b0,L2_G02,0,U0,R1,L2,train,low,0,189,9.450000000000001,472,False,False,L2_G02_b0_k189
L2_G02_b0,L2_G02,0,U0,R1,L2,train,low,0,231,11.55,577,False,False,L2_G02_b0_k231
L2_G02_b0,L2_G02,0,U0,R1,L2,train,low,0,30,1.5,75,True,False,L2_G02_b0_k030
L2_G02_b1,L2_G02,1,U1,R1,L2,train,low,0,20,1.0,50,False,False,L2_G02_b1_k020
L2_G02_b1,L2_G02,1,U1,R1,L2,train,low,0,62,3.1,155,False,False,L2_G02_b1_k062
L2_G02_b1,L2_G02,1,U1,R1,L2,train,low,0,104,5.2,260,False,False,L2_G02_b1_k104
L2_G02_b1,L2_G02,1,U1,R1,L2,train,low,0,147,7.3500000000000005,367,False,False,L2_G02_b1_k147
L2_G02_b1,L2_G02,1,U1,R1,L2,train,low,0,189,9.450000000000001,472,False,False,L2_G02_b1_k189
L2_G02_b1,L2_G02,1,U1,R1,L2,train,low,0,231,11.55,577,False,False,L2_G02_b1_k231
L2_G02_b1,L2_G02,1,U1,R1,L2,train,low,0,30,1.5,75,True,False,L2_G02_b1_k030
L2_G02_b2,L2_G02,2,U2,R1,L2,train,low,0,20,1.0,50,False,False,L2_G02_b2_k020
L2_G02_b2,L2_G02,2,U2,R1,L2,train,low,0,62,3.1,155,False,False,L2_G02_b2_k062
L2_G02_b2,L2_G02,2,U2,R1,L2,train,low,0,104,5.2,260,False,False,L2_G02_b2_k104
L2_G02_b2,L2_G02,2,U2,R1,L2,train,low,0,147,7.3500000000000005,367,False,False,L2_G02_b2_k147
L2_G02_b2,L2_G02,2,U2,R1,L2,train,low,0,189,9.450000000000001,472,False,False,L2_G02_b2_k189
L2_G02_b2,L2_G02,2,U2,R1,L2,train,low,0,231,11.55,577,False,False,L2_G02_b2_k231
L2_G02_b2,L2_G02,2,U2,R1,L2,train,low,0,30,1.5,75,True,False,L2_G02_b2_k030
L2_G02_b3,L2_G02,3,U0_repeat,R1,L2,train,low,0,20,1.0,50,False,False,L2_G02_b3_k020
L2_G02_b3,L2_G02,3,U0_repeat,R1,L2,train,low,0,62,3.1,155,False,False,L2_G02_b3_k062
L2_G02_b3,L2_G02,3,U0_repeat,R1,L2,train,low,0,104,5.2,260,False,False,L2_G02_b3_k104
L2_G02_b3,L2_G02,3,U0_repeat,R1,L2,train,low,0,147,7.3500000000000005,367,False,False,L2_G02_b3_k147
L2_G02_b3,L2_G02,3,U0_repeat,R1,L2,train,low,0,189,9.450000000000001,472,False,False,L2_G02_b3_k189
L2_G02_b3,L2_G02,3,U0_repeat,R1,L2,train,low,0,231,11.55,577,False,False,L2_G02_b3_k231
L2_G02_b3,L2_G02,3,U0_repeat,R1,L2,train,low,0,30,1.5,75,True,False,L2_G02_b3_k030
L2_G03_b0,L2_G03,0,U0,R1,L2,train,nominal,3,20,1.0,50,False,False,L2_G03_b0_k020
L2_G03_b0,L2_G03,0,U0,R1,L2,train,nominal,3,62,3.1,155,False,False,L2_G03_b0_k062
L2_G03_b0,L2_G03,0,U0,R1,L2,train,nominal,3,104,5.2,260,False,False,L2_G03_b0_k104
L2_G03_b0,L2_G03,0,U0,R1,L2,train,nominal,3,147,7.3500000000000005,367,False,False,L2_G03_b0_k147
L2_G03_b0,L2_G03,0,U0,R1,L2,train,nominal,3,189,9.450000000000001,472,False,False,L2_G03_b0_k189
L2_G03_b0,L2_G03,0,U0,R1,L2,train,nominal,3,231,11.55,577,False,False,L2_G03_b0_k231
L2_G03_b0,L2_G03,0,U0,R1,L2,train,nominal,3,30,1.5,75,True,False,L2_G03_b0_k030
L2_G03_b1,L2_G03,1,U1,R1,L2,train,nominal,3,20,1.0,50,False,False,L2_G03_b1_k020
L2_G03_b1,L2_G03,1,U1,R1,L2,train,nominal,3,62,3.1,155,False,False,L2_G03_b1_k062
L2_G03_b1,L2_G03,1,U1,R1,L2,train,nominal,3,104,5.2,260,False,False,L2_G03_b1_k104
L2_G03_b1,L2_G03,1,U1,R1,L2,train,nominal,3,147,7.3500000000000005,367,False,False,L2_G03_b1_k147
L2_G03_b1,L2_G03,1,U1,R1,L2,train,nominal,3,189,9.450000000000001,472,False,False,L2_G03_b1_k189
L2_G03_b1,L2_G03,1,U1,R1,L2,train,nominal,3,231,11.55,577,False,False,L2_G03_b1_k231
L2_G03_b1,L2_G03,1,U1,R1,L2,train,nominal,3,30,1.5,75,True,False,L2_G03_b1_k030
L2_G03_b2,L2_G03,2,U2,R1,L2,train,nominal,3,20,1.0,50,False,False,L2_G03_b2_k020
L2_G03_b2,L2_G03,2,U2,R1,L2,train,nominal,3,62,3.1,155,False,False,L2_G03_b2_k062
L2_G03_b2,L2_G03,2,U2,R1,L2,train,nominal,3,104,5.2,260,False,False,L2_G03_b2_k104
L2_G03_b2,L2_G03,2,U2,R1,L2,train,nominal,3,147,7.3500000000000005,367,False,False,L2_G03_b2_k147
L2_G03_b2,L2_G03,2,U2,R1,L2,train,nominal,3,189,9.450000000000001,472,False,False,L2_G03_b2_k189
L2_G03_b2,L2_G03,2,U2,R1,L2,train,nominal,3,231,11.55,577,False,False,L2_G03_b2_k231
L2_G03_b2,L2_G03,2,U2,R1,L2,train,nominal,3,30,1.5,75,True,False,L2_G03_b2_k030
L2_G03_b3,L2_G03,3,U0_repeat,R1,L2,train,nominal,3,20,1.0,50,False,False,L2_G03_b3_k020
L2_G03_b3,L2_G03,3,U0_repeat,R1,L2,train,nominal,3,62,3.1,155,False,False,L2_G03_b3_k062
L2_G03_b3,L2_G03,3,U0_repeat,R1,L2,train,nominal,3,104,5.2,260,False,False,L2_G03_b3_k104
L2_G03_b3,L2_G03,3,U0_repeat,R1,L2,train,nominal,3,147,7.3500000000000005,367,False,False,L2_G03_b3_k147
L2_G03_b3,L2_G03,3,U0_repeat,R1,L2,train,nominal,3,189,9.450000000000001,472,False,False,L2_G03_b3_k189
L2_G03_b3,L2_G03,3,U0_repeat,R1,L2,train,nominal,3,231,11.55,577,False,False,L2_G03_b3_k231
L2_G03_b3,L2_G03,3,U0_repeat,R1,L2,train,nominal,3,30,1.5,75,True,False,L2_G03_b3_k030
L2_G04_b0,L2_G04,0,U0,R1,L2,train,mid,6,20,1.0,50,False,False,L2_G04_b0_k020
L2_G04_b0,L2_G04,0,U0,R1,L2,train,mid,6,62,3.1,155,False,False,L2_G04_b0_k062
L2_G04_b0,L2_G04,0,U0,R1,L2,train,mid,6,104,5.2,260,False,False,L2_G04_b0_k104
L2_G04_b0,L2_G04,0,U0,R1,L2,train,mid,6,147,7.3500000000000005,367,False,False,L2_G04_b0_k147
L2_G04_b0,L2_G04,0,U0,R1,L2,train,mid,6,189,9.450000000000001,472,False,False,L2_G04_b0_k189
L2_G04_b0,L2_G04,0,U0,R1,L2,train,mid,6,231,11.55,577,False,False,L2_G04_b0_k231
L2_G04_b0,L2_G04,0,U0,R1,L2,train,mid,6,30,1.5,75,True,False,L2_G04_b0_k030
L2_G04_b1,L2_G04,1,U1,R1,L2,train,mid,6,20,1.0,50,False,False,L2_G04_b1_k020
L2_G04_b1,L2_G04,1,U1,R1,L2,train,mid,6,62,3.1,155,False,False,L2_G04_b1_k062
L2_G04_b1,L2_G04,1,U1,R1,L2,train,mid,6,104,5.2,260,False,False,L2_G04_b1_k104
L2_G04_b1,L2_G04,1,U1,R1,L2,train,mid,6,147,7.3500000000000005,367,False,False,L2_G04_b1_k147
L2_G04_b1,L2_G04,1,U1,R1,L2,train,mid,6,189,9.450000000000001,472,False,False,L2_G04_b1_k189
L2_G04_b1,L2_G04,1,U1,R1,L2,train,mid,6,231,11.55,577,False,False,L2_G04_b1_k231
L2_G04_b1,L2_G04,1,U1,R1,L2,train,mid,6,30,1.5,75,True,False,L2_G04_b1_k030
L2_G04_b2,L2_G04,2,U2,R1,L2,train,mid,6,20,1.0,50,False,False,L2_G04_b2_k020
L2_G04_b2,L2_G04,2,U2,R1,L2,train,mid,6,62,3.1,155,False,False,L2_G04_b2_k062
L2_G04_b2,L2_G04,2,U2,R1,L2,train,mid,6,104,5.2,260,False,False,L2_G04_b2_k104
L2_G04_b2,L2_G04,2,U2,R1,L2,train,mid,6,147,7.3500000000000005,367,False,False,L2_G04_b2_k147
L2_G04_b2,L2_G04,2,U2,R1,L2,train,mid,6,189,9.450000000000001,472,False,False,L2_G04_b2_k189
L2_G04_b2,L2_G04,2,U2,R1,L2,train,mid,6,231,11.55,577,False,False,L2_G04_b2_k231
L2_G04_b2,L2_G04,2,U2,R1,L2,train,mid,6,30,1.5,75,True,False,L2_G04_b2_k030
L2_G04_b3,L2_G04,3,U0_repeat,R1,L2,train,mid,6,20,1.0,50,False,False,L2_G04_b3_k020
L2_G04_b3,L2_G04,3,U0_repeat,R1,L2,train,mid,6,62,3.1,155,False,False,L2_G04_b3_k062
L2_G04_b3,L2_G04,3,U0_repeat,R1,L2,train,mid,6,104,5.2,260,False,False,L2_G04_b3_k104
L2_G04_b3,L2_G04,3,U0_repeat,R1,L2,train,mid,6,147,7.3500000000000005,367,False,False,L2_G04_b3_k147
L2_G04_b3,L2_G04,3,U0_repeat,R1,L2,train,mid,6,189,9.450000000000001,472,False,False,L2_G04_b3_k189
L2_G04_b3,L2_G04,3,U0_repeat,R1,L2,train,mid,6,231,11.55,577,False,False,L2_G04_b3_k231
L2_G04_b3,L2_G04,3,U0_repeat,R1,L2,train,mid,6,30,1.5,75,True,False,L2_G04_b3_k030
L2_G05_b0,L2_G05,0,U0,R1,L2,train,low,1,20,1.0,50,False,False,L2_G05_b0_k020
L2_G05_b0,L2_G05,0,U0,R1,L2,train,low,1,62,3.1,155,False,False,L2_G05_b0_k062
L2_G05_b0,L2_G05,0,U0,R1,L2,train,low,1,104,5.2,260,False,False,L2_G05_b0_k104
L2_G05_b0,L2_G05,0,U0,R1,L2,train,low,1,147,7.3500000000000005,367,False,False,L2_G05_b0_k147
L2_G05_b0,L2_G05,0,U0,R1,L2,train,low,1,189,9.450000000000001,472,False,False,L2_G05_b0_k189
L2_G05_b0,L2_G05,0,U0,R1,L2,train,low,1,231,11.55,577,False,False,L2_G05_b0_k231
L2_G05_b0,L2_G05,0,U0,R1,L2,train,low,1,30,1.5,75,True,False,L2_G05_b0_k030
L2_G05_b1,L2_G05,1,U1,R1,L2,train,low,1,20,1.0,50,False,False,L2_G05_b1_k020
L2_G05_b1,L2_G05,1,U1,R1,L2,train,low,1,62,3.1,155,False,False,L2_G05_b1_k062
L2_G05_b1,L2_G05,1,U1,R1,L2,train,low,1,104,5.2,260,False,False,L2_G05_b1_k104
L2_G05_b1,L2_G05,1,U1,R1,L2,train,low,1,147,7.3500000000000005,367,False,False,L2_G05_b1_k147
L2_G05_b1,L2_G05,1,U1,R1,L2,train,low,1,189,9.450000000000001,472,False,False,L2_G05_b1_k189
L2_G05_b1,L2_G05,1,U1,R1,L2,train,low,1,231,11.55,577,False,False,L2_G05_b1_k231
L2_G05_b1,L2_G05,1,U1,R1,L2,train,low,1,30,1.5,75,True,False,L2_G05_b1_k030
L2_G05_b2,L2_G05,2,U2,R1,L2,train,low,1,20,1.0,50,False,False,L2_G05_b2_k020
L2_G05_b2,L2_G05,2,U2,R1,L2,train,low,1,62,3.1,155,False,False,L2_G05_b2_k062
L2_G05_b2,L2_G05,2,U2,R1,L2,train,low,1,104,5.2,260,False,False,L2_G05_b2_k104
L2_G05_b2,L2_G05,2,U2,R1,L2,train,low,1,147,7.3500000000000005,367,False,False,L2_G05_b2_k147
L2_G05_b2,L2_G05,2,U2,R1,L2,train,low,1,189,9.450000000000001,472,False,False,L2_G05_b2_k189
L2_G05_b2,L2_G05,2,U2,R1,L2,train,low,1,231,11.55,577,False,False,L2_G05_b2_k231
L2_G05_b2,L2_G05,2,U2,R1,L2,train,low,1,30,1.5,75,True,False,L2_G05_b2_k030
L2_G05_b3,L2_G05,3,U0_repeat,R1,L2,train,low,1,20,1.0,50,False,False,L2_G05_b3_k020
L2_G05_b3,L2_G05,3,U0_repeat,R1,L2,train,low,1,62,3.1,155,False,False,L2_G05_b3_k062
L2_G05_b3,L2_G05,3,U0_repeat,R1,L2,train,low,1,104,5.2,260,False,False,L2_G05_b3_k104
L2_G05_b3,L2_G05,3,U0_repeat,R1,L2,train,low,1,147,7.3500000000000005,367,False,False,L2_G05_b3_k147
L2_G05_b3,L2_G05,3,U0_repeat,R1,L2,train,low,1,189,9.450000000000001,472,False,False,L2_G05_b3_k189
L2_G05_b3,L2_G05,3,U0_repeat,R1,L2,train,low,1,231,11.55,577,False,False,L2_G05_b3_k231
L2_G05_b3,L2_G05,3,U0_repeat,R1,L2,train,low,1,30,1.5,75,True,False,L2_G05_b3_k030
L2_G06_b0,L2_G06,0,U0,R1,L2,train,nominal,4,20,1.0,50,False,False,L2_G06_b0_k020
L2_G06_b0,L2_G06,0,U0,R1,L2,train,nominal,4,62,3.1,155,False,False,L2_G06_b0_k062
L2_G06_b0,L2_G06,0,U0,R1,L2,train,nominal,4,104,5.2,260,False,False,L2_G06_b0_k104
L2_G06_b0,L2_G06,0,U0,R1,L2,train,nominal,4,147,7.3500000000000005,367,False,False,L2_G06_b0_k147
L2_G06_b0,L2_G06,0,U0,R1,L2,train,nominal,4,189,9.450000000000001,472,False,False,L2_G06_b0_k189
L2_G06_b0,L2_G06,0,U0,R1,L2,train,nominal,4,231,11.55,577,False,False,L2_G06_b0_k231
L2_G06_b0,L2_G06,0,U0,R1,L2,train,nominal,4,30,1.5,75,True,False,L2_G06_b0_k030
L2_G06_b1,L2_G06,1,U1,R1,L2,train,nominal,4,20,1.0,50,False,False,L2_G06_b1_k020
L2_G06_b1,L2_G06,1,U1,R1,L2,train,nominal,4,62,3.1,155,False,False,L2_G06_b1_k062
L2_G06_b1,L2_G06,1,U1,R1,L2,train,nominal,4,104,5.2,260,False,False,L2_G06_b1_k104
L2_G06_b1,L2_G06,1,U1,R1,L2,train,nominal,4,147,7.3500000000000005,367,False,False,L2_G06_b1_k147
L2_G06_b1,L2_G06,1,U1,R1,L2,train,nominal,4,189,9.450000000000001,472,False,False,L2_G06_b1_k189
L2_G06_b1,L2_G06,1,U1,R1,L2,train,nominal,4,231,11.55,577,False,False,L2_G06_b1_k231
L2_G06_b1,L2_G06,1,U1,R1,L2,train,nominal,4,30,1.5,75,True,False,L2_G06_b1_k030
L2_G06_b2,L2_G06,2,U2,R1,L2,train,nominal,4,20,1.0,50,False,False,L2_G06_b2_k020
L2_G06_b2,L2_G06,2,U2,R1,L2,train,nominal,4,62,3.1,155,False,False,L2_G06_b2_k062
L2_G06_b2,L2_G06,2,U2,R1,L2,train,nominal,4,104,5.2,260,False,False,L2_G06_b2_k104
L2_G06_b2,L2_G06,2,U2,R1,L2,train,nominal,4,147,7.3500000000000005,367,False,False,L2_G06_b2_k147
L2_G06_b2,L2_G06,2,U2,R1,L2,train,nominal,4,189,9.450000000000001,472,False,False,L2_G06_b2_k189
L2_G06_b2,L2_G06,2,U2,R1,L2,train,nominal,4,231,11.55,577,False,False,L2_G06_b2_k231
L2_G06_b2,L2_G06,2,U2,R1,L2,train,nominal,4,30,1.5,75,True,False,L2_G06_b2_k030
L2_G06_b3,L2_G06,3,U0_repeat,R1,L2,train,nominal,4,20,1.0,50,False,False,L2_G06_b3_k020
L2_G06_b3,L2_G06,3,U0_repeat,R1,L2,train,nominal,4,62,3.1,155,False,False,L2_G06_b3_k062
L2_G06_b3,L2_G06,3,U0_repeat,R1,L2,train,nominal,4,104,5.2,260,False,False,L2_G06_b3_k104
L2_G06_b3,L2_G06,3,U0_repeat,R1,L2,train,nominal,4,147,7.3500000000000005,367,False,False,L2_G06_b3_k147
L2_G06_b3,L2_G06,3,U0_repeat,R1,L2,train,nominal,4,189,9.450000000000001,472,False,False,L2_G06_b3_k189
L2_G06_b3,L2_G06,3,U0_repeat,R1,L2,train,nominal,4,231,11.55,577,False,False,L2_G06_b3_k231
L2_G06_b3,L2_G06,3,U0_repeat,R1,L2,train,nominal,4,30,1.5,75,True,False,L2_G06_b3_k030
L2_G07_b0,L2_G07,0,U0,R1,L2,train,mid,7,20,1.0,50,False,False,L2_G07_b0_k020
L2_G07_b0,L2_G07,0,U0,R1,L2,train,mid,7,62,3.1,155,False,False,L2_G07_b0_k062
L2_G07_b0,L2_G07,0,U0,R1,L2,train,mid,7,104,5.2,260,False,False,L2_G07_b0_k104
L2_G07_b0,L2_G07,0,U0,R1,L2,train,mid,7,147,7.3500000000000005,367,False,False,L2_G07_b0_k147
L2_G07_b0,L2_G07,0,U0,R1,L2,train,mid,7,189,9.450000000000001,472,False,False,L2_G07_b0_k189
L2_G07_b0,L2_G07,0,U0,R1,L2,train,mid,7,231,11.55,577,False,False,L2_G07_b0_k231
L2_G07_b0,L2_G07,0,U0,R1,L2,train,mid,7,30,1.5,75,True,False,L2_G07_b0_k030
L2_G07_b1,L2_G07,1,U1,R1,L2,train,mid,7,20,1.0,50,False,False,L2_G07_b1_k020
L2_G07_b1,L2_G07,1,U1,R1,L2,train,mid,7,62,3.1,155,False,False,L2_G07_b1_k062
L2_G07_b1,L2_G07,1,U1,R1,L2,train,mid,7,104,5.2,260,False,False,L2_G07_b1_k104
L2_G07_b1,L2_G07,1,U1,R1,L2,train,mid,7,147,7.3500000000000005,367,False,False,L2_G07_b1_k147
L2_G07_b1,L2_G07,1,U1,R1,L2,train,mid,7,189,9.450000000000001,472,False,False,L2_G07_b1_k189
L2_G07_b1,L2_G07,1,U1,R1,L2,train,mid,7,231,11.55,577,False,False,L2_G07_b1_k231
L2_G07_b1,L2_G07,1,U1,R1,L2,train,mid,7,30,1.5,75,True,False,L2_G07_b1_k030
L2_G07_b2,L2_G07,2,U2,R1,L2,train,mid,7,20,1.0,50,False,False,L2_G07_b2_k020
L2_G07_b2,L2_G07,2,U2,R1,L2,train,mid,7,62,3.1,155,False,False,L2_G07_b2_k062
L2_G07_b2,L2_G07,2,U2,R1,L2,train,mid,7,104,5.2,260,False,False,L2_G07_b2_k104
L2_G07_b2,L2_G07,2,U2,R1,L2,train,mid,7,147,7.3500000000000005,367,False,False,L2_G07_b2_k147
L2_G07_b2,L2_G07,2,U2,R1,L2,train,mid,7,189,9.450000000000001,472,False,False,L2_G07_b2_k189
L2_G07_b2,L2_G07,2,U2,R1,L2,train,mid,7,231,11.55,577,False,False,L2_G07_b2_k231
L2_G07_b2,L2_G07,2,U2,R1,L2,train,mid,7,30,1.5,75,True,False,L2_G07_b2_k030
L2_G07_b3,L2_G07,3,U0_repeat,R1,L2,train,mid,7,20,1.0,50,False,False,L2_G07_b3_k020
L2_G07_b3,L2_G07,3,U0_repeat,R1,L2,train,mid,7,62,3.1,155,False,False,L2_G07_b3_k062
L2_G07_b3,L2_G07,3,U0_repeat,R1,L2,train,mid,7,104,5.2,260,False,False,L2_G07_b3_k104
L2_G07_b3,L2_G07,3,U0_repeat,R1,L2,train,mid,7,147,7.3500000000000005,367,False,False,L2_G07_b3_k147
L2_G07_b3,L2_G07,3,U0_repeat,R1,L2,train,mid,7,189,9.450000000000001,472,False,False,L2_G07_b3_k189
L2_G07_b3,L2_G07,3,U0_repeat,R1,L2,train,mid,7,231,11.55,577,False,False,L2_G07_b3_k231
L2_G07_b3,L2_G07,3,U0_repeat,R1,L2,train,mid,7,30,1.5,75,True,False,L2_G07_b3_k030
L3_G00_b0,L3_G00,0,U0,P0,L3,val,nominal,3,20,1.0,50,False,False,L3_G00_b0_k020
L3_G00_b0,L3_G00,0,U0,P0,L3,val,nominal,3,62,3.1,155,False,False,L3_G00_b0_k062
L3_G00_b0,L3_G00,0,U0,P0,L3,val,nominal,3,104,5.2,260,False,False,L3_G00_b0_k104
L3_G00_b0,L3_G00,0,U0,P0,L3,val,nominal,3,147,7.3500000000000005,367,False,False,L3_G00_b0_k147
L3_G00_b0,L3_G00,0,U0,P0,L3,val,nominal,3,189,9.450000000000001,472,False,False,L3_G00_b0_k189
L3_G00_b0,L3_G00,0,U0,P0,L3,val,nominal,3,231,11.55,577,False,False,L3_G00_b0_k231
L3_G00_b0,L3_G00,0,U0,P0,L3,val,nominal,3,30,1.5,75,True,False,L3_G00_b0_k030
L3_G00_b1,L3_G00,1,U1,P1,L3,val,nominal,3,20,1.0,50,False,False,L3_G00_b1_k020
L3_G00_b1,L3_G00,1,U1,P1,L3,val,nominal,3,62,3.1,155,False,False,L3_G00_b1_k062
L3_G00_b1,L3_G00,1,U1,P1,L3,val,nominal,3,104,5.2,260,False,False,L3_G00_b1_k104
L3_G00_b1,L3_G00,1,U1,P1,L3,val,nominal,3,147,7.3500000000000005,367,False,False,L3_G00_b1_k147
L3_G00_b1,L3_G00,1,U1,P1,L3,val,nominal,3,189,9.450000000000001,472,False,False,L3_G00_b1_k189
L3_G00_b1,L3_G00,1,U1,P1,L3,val,nominal,3,231,11.55,577,False,False,L3_G00_b1_k231
L3_G00_b1,L3_G00,1,U1,P1,L3,val,nominal,3,30,1.5,75,True,False,L3_G00_b1_k030
L3_G00_b2,L3_G00,2,U2,P2,L3,val,nominal,3,20,1.0,50,False,False,L3_G00_b2_k020
L3_G00_b2,L3_G00,2,U2,P2,L3,val,nominal,3,62,3.1,155,False,False,L3_G00_b2_k062
L3_G00_b2,L3_G00,2,U2,P2,L3,val,nominal,3,104,5.2,260,False,False,L3_G00_b2_k104
L3_G00_b2,L3_G00,2,U2,P2,L3,val,nominal,3,147,7.3500000000000005,367,False,False,L3_G00_b2_k147
L3_G00_b2,L3_G00,2,U2,P2,L3,val,nominal,3,189,9.450000000000001,472,False,False,L3_G00_b2_k189
L3_G00_b2,L3_G00,2,U2,P2,L3,val,nominal,3,231,11.55,577,False,False,L3_G00_b2_k231
L3_G00_b2,L3_G00,2,U2,P2,L3,val,nominal,3,30,1.5,75,True,False,L3_G00_b2_k030
L3_G00_b3,L3_G00,3,U0_repeat,P0,L3,val,nominal,3,20,1.0,50,False,False,L3_G00_b3_k020
L3_G00_b3,L3_G00,3,U0_repeat,P0,L3,val,nominal,3,62,3.1,155,False,False,L3_G00_b3_k062
L3_G00_b3,L3_G00,3,U0_repeat,P0,L3,val,nominal,3,104,5.2,260,False,False,L3_G00_b3_k104
L3_G00_b3,L3_G00,3,U0_repeat,P0,L3,val,nominal,3,147,7.3500000000000005,367,False,False,L3_G00_b3_k147
L3_G00_b3,L3_G00,3,U0_repeat,P0,L3,val,nominal,3,189,9.450000000000001,472,False,False,L3_G00_b3_k189
L3_G00_b3,L3_G00,3,U0_repeat,P0,L3,val,nominal,3,231,11.55,577,False,False,L3_G00_b3_k231
L3_G00_b3,L3_G00,3,U0_repeat,P0,L3,val,nominal,3,30,1.5,75,True,False,L3_G00_b3_k030
L3_G01_b0,L3_G01,0,U0,P0,L3,val,mid,6,20,1.0,50,False,False,L3_G01_b0_k020
L3_G01_b0,L3_G01,0,U0,P0,L3,val,mid,6,62,3.1,155,False,False,L3_G01_b0_k062
L3_G01_b0,L3_G01,0,U0,P0,L3,val,mid,6,104,5.2,260,False,False,L3_G01_b0_k104
L3_G01_b0,L3_G01,0,U0,P0,L3,val,mid,6,147,7.3500000000000005,367,False,False,L3_G01_b0_k147
L3_G01_b0,L3_G01,0,U0,P0,L3,val,mid,6,189,9.450000000000001,472,False,False,L3_G01_b0_k189
L3_G01_b0,L3_G01,0,U0,P0,L3,val,mid,6,231,11.55,577,False,False,L3_G01_b0_k231
L3_G01_b0,L3_G01,0,U0,P0,L3,val,mid,6,30,1.5,75,True,False,L3_G01_b0_k030
L3_G01_b1,L3_G01,1,U1,P1,L3,val,mid,6,20,1.0,50,False,False,L3_G01_b1_k020
L3_G01_b1,L3_G01,1,U1,P1,L3,val,mid,6,62,3.1,155,False,False,L3_G01_b1_k062
L3_G01_b1,L3_G01,1,U1,P1,L3,val,mid,6,104,5.2,260,False,False,L3_G01_b1_k104
L3_G01_b1,L3_G01,1,U1,P1,L3,val,mid,6,147,7.3500000000000005,367,False,False,L3_G01_b1_k147
L3_G01_b1,L3_G01,1,U1,P1,L3,val,mid,6,189,9.450000000000001,472,False,False,L3_G01_b1_k189
L3_G01_b1,L3_G01,1,U1,P1,L3,val,mid,6,231,11.55,577,False,False,L3_G01_b1_k231
L3_G01_b1,L3_G01,1,U1,P1,L3,val,mid,6,30,1.5,75,True,False,L3_G01_b1_k030
L3_G01_b2,L3_G01,2,U2,P2,L3,val,mid,6,20,1.0,50,False,False,L3_G01_b2_k020
L3_G01_b2,L3_G01,2,U2,P2,L3,val,mid,6,62,3.1,155,False,False,L3_G01_b2_k062
L3_G01_b2,L3_G01,2,U2,P2,L3,val,mid,6,104,5.2,260,False,False,L3_G01_b2_k104
L3_G01_b2,L3_G01,2,U2,P2,L3,val,mid,6,147,7.3500000000000005,367,False,False,L3_G01_b2_k147
L3_G01_b2,L3_G01,2,U2,P2,L3,val,mid,6,189,9.450000000000001,472,False,False,L3_G01_b2_k189
L3_G01_b2,L3_G01,2,U2,P2,L3,val,mid,6,231,11.55,577,False,False,L3_G01_b2_k231
L3_G01_b2,L3_G01,2,U2,P2,L3,val,mid,6,30,1.5,75,True,False,L3_G01_b2_k030
L3_G01_b3,L3_G01,3,U0_repeat,P0,L3,val,mid,6,20,1.0,50,False,False,L3_G01_b3_k020
L3_G01_b3,L3_G01,3,U0_repeat,P0,L3,val,mid,6,62,3.1,155,False,False,L3_G01_b3_k062
L3_G01_b3,L3_G01,3,U0_repeat,P0,L3,val,mid,6,104,5.2,260,False,False,L3_G01_b3_k104
L3_G01_b3,L3_G01,3,U0_repeat,P0,L3,val,mid,6,147,7.3500000000000005,367,False,False,L3_G01_b3_k147
L3_G01_b3,L3_G01,3,U0_repeat,P0,L3,val,mid,6,189,9.450000000000001,472,False,False,L3_G01_b3_k189
L3_G01_b3,L3_G01,3,U0_repeat,P0,L3,val,mid,6,231,11.55,577,False,False,L3_G01_b3_k231
L3_G01_b3,L3_G01,3,U0_repeat,P0,L3,val,mid,6,30,1.5,75,True,False,L3_G01_b3_k030
L3_G02_b0,L3_G02,0,U0,P0,L3,val,low,1,20,1.0,50,False,False,L3_G02_b0_k020
L3_G02_b0,L3_G02,0,U0,P0,L3,val,low,1,62,3.1,155,False,False,L3_G02_b0_k062
L3_G02_b0,L3_G02,0,U0,P0,L3,val,low,1,104,5.2,260,False,False,L3_G02_b0_k104
L3_G02_b0,L3_G02,0,U0,P0,L3,val,low,1,147,7.3500000000000005,367,False,False,L3_G02_b0_k147
L3_G02_b0,L3_G02,0,U0,P0,L3,val,low,1,189,9.450000000000001,472,False,False,L3_G02_b0_k189
L3_G02_b0,L3_G02,0,U0,P0,L3,val,low,1,231,11.55,577,False,False,L3_G02_b0_k231
L3_G02_b0,L3_G02,0,U0,P0,L3,val,low,1,30,1.5,75,True,False,L3_G02_b0_k030
L3_G02_b1,L3_G02,1,U1,P1,L3,val,low,1,20,1.0,50,False,False,L3_G02_b1_k020
L3_G02_b1,L3_G02,1,U1,P1,L3,val,low,1,62,3.1,155,False,False,L3_G02_b1_k062
L3_G02_b1,L3_G02,1,U1,P1,L3,val,low,1,104,5.2,260,False,False,L3_G02_b1_k104
L3_G02_b1,L3_G02,1,U1,P1,L3,val,low,1,147,7.3500000000000005,367,False,False,L3_G02_b1_k147
L3_G02_b1,L3_G02,1,U1,P1,L3,val,low,1,189,9.450000000000001,472,False,False,L3_G02_b1_k189
L3_G02_b1,L3_G02,1,U1,P1,L3,val,low,1,231,11.55,577,False,False,L3_G02_b1_k231
L3_G02_b1,L3_G02,1,U1,P1,L3,val,low,1,30,1.5,75,True,False,L3_G02_b1_k030
L3_G02_b2,L3_G02,2,U2,P2,L3,val,low,1,20,1.0,50,False,False,L3_G02_b2_k020
L3_G02_b2,L3_G02,2,U2,P2,L3,val,low,1,62,3.1,155,False,False,L3_G02_b2_k062
L3_G02_b2,L3_G02,2,U2,P2,L3,val,low,1,104,5.2,260,False,False,L3_G02_b2_k104
L3_G02_b2,L3_G02,2,U2,P2,L3,val,low,1,147,7.3500000000000005,367,False,False,L3_G02_b2_k147
L3_G02_b2,L3_G02,2,U2,P2,L3,val,low,1,189,9.450000000000001,472,False,False,L3_G02_b2_k189
L3_G02_b2,L3_G02,2,U2,P2,L3,val,low,1,231,11.55,577,False,False,L3_G02_b2_k231
L3_G02_b2,L3_G02,2,U2,P2,L3,val,low,1,30,1.5,75,True,False,L3_G02_b2_k030
L3_G02_b3,L3_G02,3,U0_repeat,P0,L3,val,low,1,20,1.0,50,False,False,L3_G02_b3_k020
L3_G02_b3,L3_G02,3,U0_repeat,P0,L3,val,low,1,62,3.1,155,False,False,L3_G02_b3_k062
L3_G02_b3,L3_G02,3,U0_repeat,P0,L3,val,low,1,104,5.2,260,False,False,L3_G02_b3_k104
L3_G02_b3,L3_G02,3,U0_repeat,P0,L3,val,low,1,147,7.3500000000000005,367,False,False,L3_G02_b3_k147
L3_G02_b3,L3_G02,3,U0_repeat,P0,L3,val,low,1,189,9.450000000000001,472,False,False,L3_G02_b3_k189
L3_G02_b3,L3_G02,3,U0_repeat,P0,L3,val,low,1,231,11.55,577,False,False,L3_G02_b3_k231
L3_G02_b3,L3_G02,3,U0_repeat,P0,L3,val,low,1,30,1.5,75,True,False,L3_G02_b3_k030
L3_G03_b0,L3_G03,0,U0,P0,L3,val,nominal,4,20,1.0,50,False,False,L3_G03_b0_k020
L3_G03_b0,L3_G03,0,U0,P0,L3,val,nominal,4,62,3.1,155,False,False,L3_G03_b0_k062
L3_G03_b0,L3_G03,0,U0,P0,L3,val,nominal,4,104,5.2,260,False,False,L3_G03_b0_k104
L3_G03_b0,L3_G03,0,U0,P0,L3,val,nominal,4,147,7.3500000000000005,367,False,False,L3_G03_b0_k147
L3_G03_b0,L3_G03,0,U0,P0,L3,val,nominal,4,189,9.450000000000001,472,False,False,L3_G03_b0_k189
L3_G03_b0,L3_G03,0,U0,P0,L3,val,nominal,4,231,11.55,577,False,False,L3_G03_b0_k231
L3_G03_b0,L3_G03,0,U0,P0,L3,val,nominal,4,30,1.5,75,True,False,L3_G03_b0_k030
L3_G03_b1,L3_G03,1,U1,P1,L3,val,nominal,4,20,1.0,50,False,False,L3_G03_b1_k020
L3_G03_b1,L3_G03,1,U1,P1,L3,val,nominal,4,62,3.1,155,False,False,L3_G03_b1_k062
L3_G03_b1,L3_G03,1,U1,P1,L3,val,nominal,4,104,5.2,260,False,False,L3_G03_b1_k104
L3_G03_b1,L3_G03,1,U1,P1,L3,val,nominal,4,147,7.3500000000000005,367,False,False,L3_G03_b1_k147
L3_G03_b1,L3_G03,1,U1,P1,L3,val,nominal,4,189,9.450000000000001,472,False,False,L3_G03_b1_k189
L3_G03_b1,L3_G03,1,U1,P1,L3,val,nominal,4,231,11.55,577,False,False,L3_G03_b1_k231
L3_G03_b1,L3_G03,1,U1,P1,L3,val,nominal,4,30,1.5,75,True,False,L3_G03_b1_k030
L3_G03_b2,L3_G03,2,U2,P2,L3,val,nominal,4,20,1.0,50,False,False,L3_G03_b2_k020
L3_G03_b2,L3_G03,2,U2,P2,L3,val,nominal,4,62,3.1,155,False,False,L3_G03_b2_k062
L3_G03_b2,L3_G03,2,U2,P2,L3,val,nominal,4,104,5.2,260,False,False,L3_G03_b2_k104
L3_G03_b2,L3_G03,2,U2,P2,L3,val,nominal,4,147,7.3500000000000005,367,False,False,L3_G03_b2_k147
L3_G03_b2,L3_G03,2,U2,P2,L3,val,nominal,4,189,9.450000000000001,472,False,False,L3_G03_b2_k189
L3_G03_b2,L3_G03,2,U2,P2,L3,val,nominal,4,231,11.55,577,False,False,L3_G03_b2_k231
L3_G03_b2,L3_G03,2,U2,P2,L3,val,nominal,4,30,1.5,75,True,False,L3_G03_b2_k030
L3_G03_b3,L3_G03,3,U0_repeat,P0,L3,val,nominal,4,20,1.0,50,False,False,L3_G03_b3_k020
L3_G03_b3,L3_G03,3,U0_repeat,P0,L3,val,nominal,4,62,3.1,155,False,False,L3_G03_b3_k062
L3_G03_b3,L3_G03,3,U0_repeat,P0,L3,val,nominal,4,104,5.2,260,False,False,L3_G03_b3_k104
L3_G03_b3,L3_G03,3,U0_repeat,P0,L3,val,nominal,4,147,7.3500000000000005,367,False,False,L3_G03_b3_k147
L3_G03_b3,L3_G03,3,U0_repeat,P0,L3,val,nominal,4,189,9.450000000000001,472,False,False,L3_G03_b3_k189
L3_G03_b3,L3_G03,3,U0_repeat,P0,L3,val,nominal,4,231,11.55,577,False,False,L3_G03_b3_k231
L3_G03_b3,L3_G03,3,U0_repeat,P0,L3,val,nominal,4,30,1.5,75,True,False,L3_G03_b3_k030
L3_G04_b0,L3_G04,0,U0,P0,L3,val,mid,7,20,1.0,50,False,False,L3_G04_b0_k020
L3_G04_b0,L3_G04,0,U0,P0,L3,val,mid,7,62,3.1,155,False,False,L3_G04_b0_k062
L3_G04_b0,L3_G04,0,U0,P0,L3,val,mid,7,104,5.2,260,False,False,L3_G04_b0_k104
L3_G04_b0,L3_G04,0,U0,P0,L3,val,mid,7,147,7.3500000000000005,367,False,False,L3_G04_b0_k147
L3_G04_b0,L3_G04,0,U0,P0,L3,val,mid,7,189,9.450000000000001,472,False,False,L3_G04_b0_k189
L3_G04_b0,L3_G04,0,U0,P0,L3,val,mid,7,231,11.55,577,False,False,L3_G04_b0_k231
L3_G04_b0,L3_G04,0,U0,P0,L3,val,mid,7,30,1.5,75,True,False,L3_G04_b0_k030
L3_G04_b1,L3_G04,1,U1,P1,L3,val,mid,7,20,1.0,50,False,False,L3_G04_b1_k020
L3_G04_b1,L3_G04,1,U1,P1,L3,val,mid,7,62,3.1,155,False,False,L3_G04_b1_k062
L3_G04_b1,L3_G04,1,U1,P1,L3,val,mid,7,104,5.2,260,False,False,L3_G04_b1_k104
L3_G04_b1,L3_G04,1,U1,P1,L3,val,mid,7,147,7.3500000000000005,367,False,False,L3_G04_b1_k147
L3_G04_b1,L3_G04,1,U1,P1,L3,val,mid,7,189,9.450000000000001,472,False,False,L3_G04_b1_k189
L3_G04_b1,L3_G04,1,U1,P1,L3,val,mid,7,231,11.55,577,False,False,L3_G04_b1_k231
L3_G04_b1,L3_G04,1,U1,P1,L3,val,mid,7,30,1.5,75,True,False,L3_G04_b1_k030
L3_G04_b2,L3_G04,2,U2,P2,L3,val,mid,7,20,1.0,50,False,False,L3_G04_b2_k020
L3_G04_b2,L3_G04,2,U2,P2,L3,val,mid,7,62,3.1,155,False,False,L3_G04_b2_k062
L3_G04_b2,L3_G04,2,U2,P2,L3,val,mid,7,104,5.2,260,False,False,L3_G04_b2_k104
L3_G04_b2,L3_G04,2,U2,P2,L3,val,mid,7,147,7.3500000000000005,367,False,False,L3_G04_b2_k147
L3_G04_b2,L3_G04,2,U2,P2,L3,val,mid,7,189,9.450000000000001,472,False,False,L3_G04_b2_k189
L3_G04_b2,L3_G04,2,U2,P2,L3,val,mid,7,231,11.55,577,False,False,L3_G04_b2_k231
L3_G04_b2,L3_G04,2,U2,P2,L3,val,mid,7,30,1.5,75,True,False,L3_G04_b2_k030
L3_G04_b3,L3_G04,3,U0_repeat,P0,L3,val,mid,7,20,1.0,50,False,False,L3_G04_b3_k020
L3_G04_b3,L3_G04,3,U0_repeat,P0,L3,val,mid,7,62,3.1,155,False,False,L3_G04_b3_k062
L3_G04_b3,L3_G04,3,U0_repeat,P0,L3,val,mid,7,104,5.2,260,False,False,L3_G04_b3_k104
L3_G04_b3,L3_G04,3,U0_repeat,P0,L3,val,mid,7,147,7.3500000000000005,367,False,False,L3_G04_b3_k147
L3_G04_b3,L3_G04,3,U0_repeat,P0,L3,val,mid,7,189,9.450000000000001,472,False,False,L3_G04_b3_k189
L3_G04_b3,L3_G04,3,U0_repeat,P0,L3,val,mid,7,231,11.55,577,False,False,L3_G04_b3_k231
L3_G04_b3,L3_G04,3,U0_repeat,P0,L3,val,mid,7,30,1.5,75,True,False,L3_G04_b3_k030
L3_G05_b0,L3_G05,0,U0,P0,L3,val,low,2,20,1.0,50,False,False,L3_G05_b0_k020
L3_G05_b0,L3_G05,0,U0,P0,L3,val,low,2,62,3.1,155,False,False,L3_G05_b0_k062
L3_G05_b0,L3_G05,0,U0,P0,L3,val,low,2,104,5.2,260,False,False,L3_G05_b0_k104
L3_G05_b0,L3_G05,0,U0,P0,L3,val,low,2,147,7.3500000000000005,367,False,False,L3_G05_b0_k147
L3_G05_b0,L3_G05,0,U0,P0,L3,val,low,2,189,9.450000000000001,472,False,False,L3_G05_b0_k189
L3_G05_b0,L3_G05,0,U0,P0,L3,val,low,2,231,11.55,577,False,False,L3_G05_b0_k231
L3_G05_b0,L3_G05,0,U0,P0,L3,val,low,2,30,1.5,75,True,False,L3_G05_b0_k030
L3_G05_b1,L3_G05,1,U1,P1,L3,val,low,2,20,1.0,50,False,False,L3_G05_b1_k020
L3_G05_b1,L3_G05,1,U1,P1,L3,val,low,2,62,3.1,155,False,False,L3_G05_b1_k062
L3_G05_b1,L3_G05,1,U1,P1,L3,val,low,2,104,5.2,260,False,False,L3_G05_b1_k104
L3_G05_b1,L3_G05,1,U1,P1,L3,val,low,2,147,7.3500000000000005,367,False,False,L3_G05_b1_k147
L3_G05_b1,L3_G05,1,U1,P1,L3,val,low,2,189,9.450000000000001,472,False,False,L3_G05_b1_k189
L3_G05_b1,L3_G05,1,U1,P1,L3,val,low,2,231,11.55,577,False,False,L3_G05_b1_k231
L3_G05_b1,L3_G05,1,U1,P1,L3,val,low,2,30,1.5,75,True,False,L3_G05_b1_k030
L3_G05_b2,L3_G05,2,U2,P2,L3,val,low,2,20,1.0,50,False,False,L3_G05_b2_k020
L3_G05_b2,L3_G05,2,U2,P2,L3,val,low,2,62,3.1,155,False,False,L3_G05_b2_k062
L3_G05_b2,L3_G05,2,U2,P2,L3,val,low,2,104,5.2,260,False,False,L3_G05_b2_k104
L3_G05_b2,L3_G05,2,U2,P2,L3,val,low,2,147,7.3500000000000005,367,False,False,L3_G05_b2_k147
L3_G05_b2,L3_G05,2,U2,P2,L3,val,low,2,189,9.450000000000001,472,False,False,L3_G05_b2_k189
L3_G05_b2,L3_G05,2,U2,P2,L3,val,low,2,231,11.55,577,False,False,L3_G05_b2_k231
L3_G05_b2,L3_G05,2,U2,P2,L3,val,low,2,30,1.5,75,True,False,L3_G05_b2_k030
L3_G05_b3,L3_G05,3,U0_repeat,P0,L3,val,low,2,20,1.0,50,False,False,L3_G05_b3_k020
L3_G05_b3,L3_G05,3,U0_repeat,P0,L3,val,low,2,62,3.1,155,False,False,L3_G05_b3_k062
L3_G05_b3,L3_G05,3,U0_repeat,P0,L3,val,low,2,104,5.2,260,False,False,L3_G05_b3_k104
L3_G05_b3,L3_G05,3,U0_repeat,P0,L3,val,low,2,147,7.3500000000000005,367,False,False,L3_G05_b3_k147
L3_G05_b3,L3_G05,3,U0_repeat,P0,L3,val,low,2,189,9.450000000000001,472,False,False,L3_G05_b3_k189
L3_G05_b3,L3_G05,3,U0_repeat,P0,L3,val,low,2,231,11.55,577,False,False,L3_G05_b3_k231
L3_G05_b3,L3_G05,3,U0_repeat,P0,L3,val,low,2,30,1.5,75,True,False,L3_G05_b3_k030
L3_G06_b0,L3_G06,0,U0,P0,L3,val,nominal,5,20,1.0,50,False,False,L3_G06_b0_k020
L3_G06_b0,L3_G06,0,U0,P0,L3,val,nominal,5,62,3.1,155,False,False,L3_G06_b0_k062
L3_G06_b0,L3_G06,0,U0,P0,L3,val,nominal,5,104,5.2,260,False,False,L3_G06_b0_k104
L3_G06_b0,L3_G06,0,U0,P0,L3,val,nominal,5,147,7.3500000000000005,367,False,False,L3_G06_b0_k147
L3_G06_b0,L3_G06,0,U0,P0,L3,val,nominal,5,189,9.450000000000001,472,False,False,L3_G06_b0_k189
L3_G06_b0,L3_G06,0,U0,P0,L3,val,nominal,5,231,11.55,577,False,False,L3_G06_b0_k231
L3_G06_b0,L3_G06,0,U0,P0,L3,val,nominal,5,30,1.5,75,True,False,L3_G06_b0_k030
L3_G06_b1,L3_G06,1,U1,P1,L3,val,nominal,5,20,1.0,50,False,False,L3_G06_b1_k020
L3_G06_b1,L3_G06,1,U1,P1,L3,val,nominal,5,62,3.1,155,False,False,L3_G06_b1_k062
L3_G06_b1,L3_G06,1,U1,P1,L3,val,nominal,5,104,5.2,260,False,False,L3_G06_b1_k104
L3_G06_b1,L3_G06,1,U1,P1,L3,val,nominal,5,147,7.3500000000000005,367,False,False,L3_G06_b1_k147
L3_G06_b1,L3_G06,1,U1,P1,L3,val,nominal,5,189,9.450000000000001,472,False,False,L3_G06_b1_k189
L3_G06_b1,L3_G06,1,U1,P1,L3,val,nominal,5,231,11.55,577,False,False,L3_G06_b1_k231
L3_G06_b1,L3_G06,1,U1,P1,L3,val,nominal,5,30,1.5,75,True,False,L3_G06_b1_k030
L3_G06_b2,L3_G06,2,U2,P2,L3,val,nominal,5,20,1.0,50,False,False,L3_G06_b2_k020
L3_G06_b2,L3_G06,2,U2,P2,L3,val,nominal,5,62,3.1,155,False,False,L3_G06_b2_k062
L3_G06_b2,L3_G06,2,U2,P2,L3,val,nominal,5,104,5.2,260,False,False,L3_G06_b2_k104
L3_G06_b2,L3_G06,2,U2,P2,L3,val,nominal,5,147,7.3500000000000005,367,False,False,L3_G06_b2_k147
L3_G06_b2,L3_G06,2,U2,P2,L3,val,nominal,5,189,9.450000000000001,472,False,False,L3_G06_b2_k189
L3_G06_b2,L3_G06,2,U2,P2,L3,val,nominal,5,231,11.55,577,False,False,L3_G06_b2_k231
L3_G06_b2,L3_G06,2,U2,P2,L3,val,nominal,5,30,1.5,75,True,False,L3_G06_b2_k030
L3_G06_b3,L3_G06,3,U0_repeat,P0,L3,val,nominal,5,20,1.0,50,False,False,L3_G06_b3_k020
L3_G06_b3,L3_G06,3,U0_repeat,P0,L3,val,nominal,5,62,3.1,155,False,False,L3_G06_b3_k062
L3_G06_b3,L3_G06,3,U0_repeat,P0,L3,val,nominal,5,104,5.2,260,False,False,L3_G06_b3_k104
L3_G06_b3,L3_G06,3,U0_repeat,P0,L3,val,nominal,5,147,7.3500000000000005,367,False,False,L3_G06_b3_k147
L3_G06_b3,L3_G06,3,U0_repeat,P0,L3,val,nominal,5,189,9.450000000000001,472,False,False,L3_G06_b3_k189
L3_G06_b3,L3_G06,3,U0_repeat,P0,L3,val,nominal,5,231,11.55,577,False,False,L3_G06_b3_k231
L3_G06_b3,L3_G06,3,U0_repeat,P0,L3,val,nominal,5,30,1.5,75,True,False,L3_G06_b3_k030
L3_G07_b0,L3_G07,0,U0,P0,L3,val,mid,0,20,1.0,50,False,False,L3_G07_b0_k020
L3_G07_b0,L3_G07,0,U0,P0,L3,val,mid,0,62,3.1,155,False,False,L3_G07_b0_k062
L3_G07_b0,L3_G07,0,U0,P0,L3,val,mid,0,104,5.2,260,False,False,L3_G07_b0_k104
L3_G07_b0,L3_G07,0,U0,P0,L3,val,mid,0,147,7.3500000000000005,367,False,False,L3_G07_b0_k147
L3_G07_b0,L3_G07,0,U0,P0,L3,val,mid,0,189,9.450000000000001,472,False,False,L3_G07_b0_k189
L3_G07_b0,L3_G07,0,U0,P0,L3,val,mid,0,231,11.55,577,False,False,L3_G07_b0_k231
L3_G07_b0,L3_G07,0,U0,P0,L3,val,mid,0,30,1.5,75,True,False,L3_G07_b0_k030
L3_G07_b1,L3_G07,1,U1,P1,L3,val,mid,0,20,1.0,50,False,False,L3_G07_b1_k020
L3_G07_b1,L3_G07,1,U1,P1,L3,val,mid,0,62,3.1,155,False,False,L3_G07_b1_k062
L3_G07_b1,L3_G07,1,U1,P1,L3,val,mid,0,104,5.2,260,False,False,L3_G07_b1_k104
L3_G07_b1,L3_G07,1,U1,P1,L3,val,mid,0,147,7.3500000000000005,367,False,False,L3_G07_b1_k147
L3_G07_b1,L3_G07,1,U1,P1,L3,val,mid,0,189,9.450000000000001,472,False,False,L3_G07_b1_k189
L3_G07_b1,L3_G07,1,U1,P1,L3,val,mid,0,231,11.55,577,False,False,L3_G07_b1_k231
L3_G07_b1,L3_G07,1,U1,P1,L3,val,mid,0,30,1.5,75,True,False,L3_G07_b1_k030
L3_G07_b2,L3_G07,2,U2,P2,L3,val,mid,0,20,1.0,50,False,False,L3_G07_b2_k020
L3_G07_b2,L3_G07,2,U2,P2,L3,val,mid,0,62,3.1,155,False,False,L3_G07_b2_k062
L3_G07_b2,L3_G07,2,U2,P2,L3,val,mid,0,104,5.2,260,False,False,L3_G07_b2_k104
L3_G07_b2,L3_G07,2,U2,P2,L3,val,mid,0,147,7.3500000000000005,367,False,False,L3_G07_b2_k147
L3_G07_b2,L3_G07,2,U2,P2,L3,val,mid,0,189,9.450000000000001,472,False,False,L3_G07_b2_k189
L3_G07_b2,L3_G07,2,U2,P2,L3,val,mid,0,231,11.55,577,False,False,L3_G07_b2_k231
L3_G07_b2,L3_G07,2,U2,P2,L3,val,mid,0,30,1.5,75,True,False,L3_G07_b2_k030
L3_G07_b3,L3_G07,3,U0_repeat,P0,L3,val,mid,0,20,1.0,50,False,False,L3_G07_b3_k020
L3_G07_b3,L3_G07,3,U0_repeat,P0,L3,val,mid,0,62,3.1,155,False,False,L3_G07_b3_k062
L3_G07_b3,L3_G07,3,U0_repeat,P0,L3,val,mid,0,104,5.2,260,False,False,L3_G07_b3_k104
L3_G07_b3,L3_G07,3,U0_repeat,P0,L3,val,mid,0,147,7.3500000000000005,367,False,False,L3_G07_b3_k147
L3_G07_b3,L3_G07,3,U0_repeat,P0,L3,val,mid,0,189,9.450000000000001,472,False,False,L3_G07_b3_k189
L3_G07_b3,L3_G07,3,U0_repeat,P0,L3,val,mid,0,231,11.55,577,False,False,L3_G07_b3_k231
L3_G07_b3,L3_G07,3,U0_repeat,P0,L3,val,mid,0,30,1.5,75,True,False,L3_G07_b3_k030
L4_G00_b0,L4_G00,0,U0,P0,L4,test,nominal,4,20,1.0,50,False,False,L4_G00_b0_k020
L4_G00_b0,L4_G00,0,U0,P0,L4,test,nominal,4,62,3.1,155,False,False,L4_G00_b0_k062
L4_G00_b0,L4_G00,0,U0,P0,L4,test,nominal,4,104,5.2,260,False,False,L4_G00_b0_k104
L4_G00_b0,L4_G00,0,U0,P0,L4,test,nominal,4,147,7.3500000000000005,367,False,False,L4_G00_b0_k147
L4_G00_b0,L4_G00,0,U0,P0,L4,test,nominal,4,189,9.450000000000001,472,False,False,L4_G00_b0_k189
L4_G00_b0,L4_G00,0,U0,P0,L4,test,nominal,4,231,11.55,577,False,False,L4_G00_b0_k231
L4_G00_b0,L4_G00,0,U0,P0,L4,test,nominal,4,30,1.5,75,True,False,L4_G00_b0_k030
L4_G00_b1,L4_G00,1,U1,P1,L4,test,nominal,4,20,1.0,50,False,False,L4_G00_b1_k020
L4_G00_b1,L4_G00,1,U1,P1,L4,test,nominal,4,62,3.1,155,False,False,L4_G00_b1_k062
L4_G00_b1,L4_G00,1,U1,P1,L4,test,nominal,4,104,5.2,260,False,False,L4_G00_b1_k104
L4_G00_b1,L4_G00,1,U1,P1,L4,test,nominal,4,147,7.3500000000000005,367,False,False,L4_G00_b1_k147
L4_G00_b1,L4_G00,1,U1,P1,L4,test,nominal,4,189,9.450000000000001,472,False,False,L4_G00_b1_k189
L4_G00_b1,L4_G00,1,U1,P1,L4,test,nominal,4,231,11.55,577,False,False,L4_G00_b1_k231
L4_G00_b1,L4_G00,1,U1,P1,L4,test,nominal,4,30,1.5,75,True,False,L4_G00_b1_k030
L4_G00_b2,L4_G00,2,U2,P2,L4,test,nominal,4,20,1.0,50,False,False,L4_G00_b2_k020
L4_G00_b2,L4_G00,2,U2,P2,L4,test,nominal,4,62,3.1,155,False,False,L4_G00_b2_k062
L4_G00_b2,L4_G00,2,U2,P2,L4,test,nominal,4,104,5.2,260,False,False,L4_G00_b2_k104
L4_G00_b2,L4_G00,2,U2,P2,L4,test,nominal,4,147,7.3500000000000005,367,False,False,L4_G00_b2_k147
L4_G00_b2,L4_G00,2,U2,P2,L4,test,nominal,4,189,9.450000000000001,472,False,False,L4_G00_b2_k189
L4_G00_b2,L4_G00,2,U2,P2,L4,test,nominal,4,231,11.55,577,False,False,L4_G00_b2_k231
L4_G00_b2,L4_G00,2,U2,P2,L4,test,nominal,4,30,1.5,75,True,False,L4_G00_b2_k030
L4_G00_b3,L4_G00,3,U0_repeat,P0,L4,test,nominal,4,20,1.0,50,False,False,L4_G00_b3_k020
L4_G00_b3,L4_G00,3,U0_repeat,P0,L4,test,nominal,4,62,3.1,155,False,False,L4_G00_b3_k062
L4_G00_b3,L4_G00,3,U0_repeat,P0,L4,test,nominal,4,104,5.2,260,False,False,L4_G00_b3_k104
L4_G00_b3,L4_G00,3,U0_repeat,P0,L4,test,nominal,4,147,7.3500000000000005,367,False,False,L4_G00_b3_k147
L4_G00_b3,L4_G00,3,U0_repeat,P0,L4,test,nominal,4,189,9.450000000000001,472,False,False,L4_G00_b3_k189
L4_G00_b3,L4_G00,3,U0_repeat,P0,L4,test,nominal,4,231,11.55,577,False,False,L4_G00_b3_k231
L4_G00_b3,L4_G00,3,U0_repeat,P0,L4,test,nominal,4,30,1.5,75,True,False,L4_G00_b3_k030
L4_G01_b0,L4_G01,0,U0,P0,L4,test,mid,7,20,1.0,50,False,False,L4_G01_b0_k020
L4_G01_b0,L4_G01,0,U0,P0,L4,test,mid,7,62,3.1,155,False,False,L4_G01_b0_k062
L4_G01_b0,L4_G01,0,U0,P0,L4,test,mid,7,104,5.2,260,False,False,L4_G01_b0_k104
L4_G01_b0,L4_G01,0,U0,P0,L4,test,mid,7,147,7.3500000000000005,367,False,False,L4_G01_b0_k147
L4_G01_b0,L4_G01,0,U0,P0,L4,test,mid,7,189,9.450000000000001,472,False,False,L4_G01_b0_k189
L4_G01_b0,L4_G01,0,U0,P0,L4,test,mid,7,231,11.55,577,False,False,L4_G01_b0_k231
L4_G01_b0,L4_G01,0,U0,P0,L4,test,mid,7,30,1.5,75,True,False,L4_G01_b0_k030
L4_G01_b1,L4_G01,1,U1,P1,L4,test,mid,7,20,1.0,50,False,False,L4_G01_b1_k020
L4_G01_b1,L4_G01,1,U1,P1,L4,test,mid,7,62,3.1,155,False,False,L4_G01_b1_k062
L4_G01_b1,L4_G01,1,U1,P1,L4,test,mid,7,104,5.2,260,False,False,L4_G01_b1_k104
L4_G01_b1,L4_G01,1,U1,P1,L4,test,mid,7,147,7.3500000000000005,367,False,False,L4_G01_b1_k147
L4_G01_b1,L4_G01,1,U1,P1,L4,test,mid,7,189,9.450000000000001,472,False,False,L4_G01_b1_k189
L4_G01_b1,L4_G01,1,U1,P1,L4,test,mid,7,231,11.55,577,False,False,L4_G01_b1_k231
L4_G01_b1,L4_G01,1,U1,P1,L4,test,mid,7,30,1.5,75,True,False,L4_G01_b1_k030
L4_G01_b2,L4_G01,2,U2,P2,L4,test,mid,7,20,1.0,50,False,False,L4_G01_b2_k020
L4_G01_b2,L4_G01,2,U2,P2,L4,test,mid,7,62,3.1,155,False,False,L4_G01_b2_k062
L4_G01_b2,L4_G01,2,U2,P2,L4,test,mid,7,104,5.2,260,False,False,L4_G01_b2_k104
L4_G01_b2,L4_G01,2,U2,P2,L4,test,mid,7,147,7.3500000000000005,367,False,False,L4_G01_b2_k147
L4_G01_b2,L4_G01,2,U2,P2,L4,test,mid,7,189,9.450000000000001,472,False,False,L4_G01_b2_k189
L4_G01_b2,L4_G01,2,U2,P2,L4,test,mid,7,231,11.55,577,False,False,L4_G01_b2_k231
L4_G01_b2,L4_G01,2,U2,P2,L4,test,mid,7,30,1.5,75,True,False,L4_G01_b2_k030
L4_G01_b3,L4_G01,3,U0_repeat,P0,L4,test,mid,7,20,1.0,50,False,False,L4_G01_b3_k020
L4_G01_b3,L4_G01,3,U0_repeat,P0,L4,test,mid,7,62,3.1,155,False,False,L4_G01_b3_k062
L4_G01_b3,L4_G01,3,U0_repeat,P0,L4,test,mid,7,104,5.2,260,False,False,L4_G01_b3_k104
L4_G01_b3,L4_G01,3,U0_repeat,P0,L4,test,mid,7,147,7.3500000000000005,367,False,False,L4_G01_b3_k147
L4_G01_b3,L4_G01,3,U0_repeat,P0,L4,test,mid,7,189,9.450000000000001,472,False,False,L4_G01_b3_k189
L4_G01_b3,L4_G01,3,U0_repeat,P0,L4,test,mid,7,231,11.55,577,False,False,L4_G01_b3_k231
L4_G01_b3,L4_G01,3,U0_repeat,P0,L4,test,mid,7,30,1.5,75,True,False,L4_G01_b3_k030
L4_G02_b0,L4_G02,0,U0,P0,L4,test,low,2,20,1.0,50,False,False,L4_G02_b0_k020
L4_G02_b0,L4_G02,0,U0,P0,L4,test,low,2,62,3.1,155,False,False,L4_G02_b0_k062
L4_G02_b0,L4_G02,0,U0,P0,L4,test,low,2,104,5.2,260,False,False,L4_G02_b0_k104
L4_G02_b0,L4_G02,0,U0,P0,L4,test,low,2,147,7.3500000000000005,367,False,False,L4_G02_b0_k147
L4_G02_b0,L4_G02,0,U0,P0,L4,test,low,2,189,9.450000000000001,472,False,False,L4_G02_b0_k189
L4_G02_b0,L4_G02,0,U0,P0,L4,test,low,2,231,11.55,577,False,False,L4_G02_b0_k231
L4_G02_b0,L4_G02,0,U0,P0,L4,test,low,2,30,1.5,75,True,False,L4_G02_b0_k030
L4_G02_b1,L4_G02,1,U1,P1,L4,test,low,2,20,1.0,50,False,False,L4_G02_b1_k020
L4_G02_b1,L4_G02,1,U1,P1,L4,test,low,2,62,3.1,155,False,False,L4_G02_b1_k062
L4_G02_b1,L4_G02,1,U1,P1,L4,test,low,2,104,5.2,260,False,False,L4_G02_b1_k104
L4_G02_b1,L4_G02,1,U1,P1,L4,test,low,2,147,7.3500000000000005,367,False,False,L4_G02_b1_k147
L4_G02_b1,L4_G02,1,U1,P1,L4,test,low,2,189,9.450000000000001,472,False,False,L4_G02_b1_k189
L4_G02_b1,L4_G02,1,U1,P1,L4,test,low,2,231,11.55,577,False,False,L4_G02_b1_k231
L4_G02_b1,L4_G02,1,U1,P1,L4,test,low,2,30,1.5,75,True,False,L4_G02_b1_k030
L4_G02_b2,L4_G02,2,U2,P2,L4,test,low,2,20,1.0,50,False,False,L4_G02_b2_k020
L4_G02_b2,L4_G02,2,U2,P2,L4,test,low,2,62,3.1,155,False,False,L4_G02_b2_k062
L4_G02_b2,L4_G02,2,U2,P2,L4,test,low,2,104,5.2,260,False,False,L4_G02_b2_k104
L4_G02_b2,L4_G02,2,U2,P2,L4,test,low,2,147,7.3500000000000005,367,False,False,L4_G02_b2_k147
L4_G02_b2,L4_G02,2,U2,P2,L4,test,low,2,189,9.450000000000001,472,False,False,L4_G02_b2_k189
L4_G02_b2,L4_G02,2,U2,P2,L4,test,low,2,231,11.55,577,False,False,L4_G02_b2_k231
L4_G02_b2,L4_G02,2,U2,P2,L4,test,low,2,30,1.5,75,True,False,L4_G02_b2_k030
L4_G02_b3,L4_G02,3,U0_repeat,P0,L4,test,low,2,20,1.0,50,False,False,L4_G02_b3_k020
L4_G02_b3,L4_G02,3,U0_repeat,P0,L4,test,low,2,62,3.1,155,False,False,L4_G02_b3_k062
L4_G02_b3,L4_G02,3,U0_repeat,P0,L4,test,low,2,104,5.2,260,False,False,L4_G02_b3_k104
L4_G02_b3,L4_G02,3,U0_repeat,P0,L4,test,low,2,147,7.3500000000000005,367,False,False,L4_G02_b3_k147
L4_G02_b3,L4_G02,3,U0_repeat,P0,L4,test,low,2,189,9.450000000000001,472,False,False,L4_G02_b3_k189
L4_G02_b3,L4_G02,3,U0_repeat,P0,L4,test,low,2,231,11.55,577,False,False,L4_G02_b3_k231
L4_G02_b3,L4_G02,3,U0_repeat,P0,L4,test,low,2,30,1.5,75,True,False,L4_G02_b3_k030
L4_G03_b0,L4_G03,0,U0,P0,L4,test,nominal,5,20,1.0,50,False,False,L4_G03_b0_k020
L4_G03_b0,L4_G03,0,U0,P0,L4,test,nominal,5,62,3.1,155,False,False,L4_G03_b0_k062
L4_G03_b0,L4_G03,0,U0,P0,L4,test,nominal,5,104,5.2,260,False,False,L4_G03_b0_k104
L4_G03_b0,L4_G03,0,U0,P0,L4,test,nominal,5,147,7.3500000000000005,367,False,False,L4_G03_b0_k147
L4_G03_b0,L4_G03,0,U0,P0,L4,test,nominal,5,189,9.450000000000001,472,False,False,L4_G03_b0_k189
L4_G03_b0,L4_G03,0,U0,P0,L4,test,nominal,5,231,11.55,577,False,False,L4_G03_b0_k231
L4_G03_b0,L4_G03,0,U0,P0,L4,test,nominal,5,30,1.5,75,True,False,L4_G03_b0_k030
L4_G03_b1,L4_G03,1,U1,P1,L4,test,nominal,5,20,1.0,50,False,False,L4_G03_b1_k020
L4_G03_b1,L4_G03,1,U1,P1,L4,test,nominal,5,62,3.1,155,False,False,L4_G03_b1_k062
L4_G03_b1,L4_G03,1,U1,P1,L4,test,nominal,5,104,5.2,260,False,False,L4_G03_b1_k104
L4_G03_b1,L4_G03,1,U1,P1,L4,test,nominal,5,147,7.3500000000000005,367,False,False,L4_G03_b1_k147
L4_G03_b1,L4_G03,1,U1,P1,L4,test,nominal,5,189,9.450000000000001,472,False,False,L4_G03_b1_k189
L4_G03_b1,L4_G03,1,U1,P1,L4,test,nominal,5,231,11.55,577,False,False,L4_G03_b1_k231
L4_G03_b1,L4_G03,1,U1,P1,L4,test,nominal,5,30,1.5,75,True,False,L4_G03_b1_k030
L4_G03_b2,L4_G03,2,U2,P2,L4,test,nominal,5,20,1.0,50,False,False,L4_G03_b2_k020
L4_G03_b2,L4_G03,2,U2,P2,L4,test,nominal,5,62,3.1,155,False,False,L4_G03_b2_k062
L4_G03_b2,L4_G03,2,U2,P2,L4,test,nominal,5,104,5.2,260,False,False,L4_G03_b2_k104
L4_G03_b2,L4_G03,2,U2,P2,L4,test,nominal,5,147,7.3500000000000005,367,False,False,L4_G03_b2_k147
L4_G03_b2,L4_G03,2,U2,P2,L4,test,nominal,5,189,9.450000000000001,472,False,False,L4_G03_b2_k189
L4_G03_b2,L4_G03,2,U2,P2,L4,test,nominal,5,231,11.55,577,False,False,L4_G03_b2_k231
L4_G03_b2,L4_G03,2,U2,P2,L4,test,nominal,5,30,1.5,75,True,False,L4_G03_b2_k030
L4_G03_b3,L4_G03,3,U0_repeat,P0,L4,test,nominal,5,20,1.0,50,False,False,L4_G03_b3_k020
L4_G03_b3,L4_G03,3,U0_repeat,P0,L4,test,nominal,5,62,3.1,155,False,False,L4_G03_b3_k062
L4_G03_b3,L4_G03,3,U0_repeat,P0,L4,test,nominal,5,104,5.2,260,False,False,L4_G03_b3_k104
L4_G03_b3,L4_G03,3,U0_repeat,P0,L4,test,nominal,5,147,7.3500000000000005,367,False,False,L4_G03_b3_k147
L4_G03_b3,L4_G03,3,U0_repeat,P0,L4,test,nominal,5,189,9.450000000000001,472,False,False,L4_G03_b3_k189
L4_G03_b3,L4_G03,3,U0_repeat,P0,L4,test,nominal,5,231,11.55,577,False,False,L4_G03_b3_k231
L4_G03_b3,L4_G03,3,U0_repeat,P0,L4,test,nominal,5,30,1.5,75,True,False,L4_G03_b3_k030
L4_G04_b0,L4_G04,0,U0,P0,L4,test,mid,0,20,1.0,50,False,False,L4_G04_b0_k020
L4_G04_b0,L4_G04,0,U0,P0,L4,test,mid,0,62,3.1,155,False,False,L4_G04_b0_k062
L4_G04_b0,L4_G04,0,U0,P0,L4,test,mid,0,104,5.2,260,False,False,L4_G04_b0_k104
L4_G04_b0,L4_G04,0,U0,P0,L4,test,mid,0,147,7.3500000000000005,367,False,False,L4_G04_b0_k147
L4_G04_b0,L4_G04,0,U0,P0,L4,test,mid,0,189,9.450000000000001,472,False,False,L4_G04_b0_k189
L4_G04_b0,L4_G04,0,U0,P0,L4,test,mid,0,231,11.55,577,False,False,L4_G04_b0_k231
L4_G04_b0,L4_G04,0,U0,P0,L4,test,mid,0,30,1.5,75,True,False,L4_G04_b0_k030
L4_G04_b1,L4_G04,1,U1,P1,L4,test,mid,0,20,1.0,50,False,False,L4_G04_b1_k020
L4_G04_b1,L4_G04,1,U1,P1,L4,test,mid,0,62,3.1,155,False,False,L4_G04_b1_k062
L4_G04_b1,L4_G04,1,U1,P1,L4,test,mid,0,104,5.2,260,False,False,L4_G04_b1_k104
L4_G04_b1,L4_G04,1,U1,P1,L4,test,mid,0,147,7.3500000000000005,367,False,False,L4_G04_b1_k147
L4_G04_b1,L4_G04,1,U1,P1,L4,test,mid,0,189,9.450000000000001,472,False,False,L4_G04_b1_k189
L4_G04_b1,L4_G04,1,U1,P1,L4,test,mid,0,231,11.55,577,False,False,L4_G04_b1_k231
L4_G04_b1,L4_G04,1,U1,P1,L4,test,mid,0,30,1.5,75,True,False,L4_G04_b1_k030
L4_G04_b2,L4_G04,2,U2,P2,L4,test,mid,0,20,1.0,50,False,False,L4_G04_b2_k020
L4_G04_b2,L4_G04,2,U2,P2,L4,test,mid,0,62,3.1,155,False,False,L4_G04_b2_k062
L4_G04_b2,L4_G04,2,U2,P2,L4,test,mid,0,104,5.2,260,False,False,L4_G04_b2_k104
L4_G04_b2,L4_G04,2,U2,P2,L4,test,mid,0,147,7.3500000000000005,367,False,False,L4_G04_b2_k147
L4_G04_b2,L4_G04,2,U2,P2,L4,test,mid,0,189,9.450000000000001,472,False,False,L4_G04_b2_k189
L4_G04_b2,L4_G04,2,U2,P2,L4,test,mid,0,231,11.55,577,False,False,L4_G04_b2_k231
L4_G04_b2,L4_G04,2,U2,P2,L4,test,mid,0,30,1.5,75,True,False,L4_G04_b2_k030
L4_G04_b3,L4_G04,3,U0_repeat,P0,L4,test,mid,0,20,1.0,50,False,False,L4_G04_b3_k020
L4_G04_b3,L4_G04,3,U0_repeat,P0,L4,test,mid,0,62,3.1,155,False,False,L4_G04_b3_k062
L4_G04_b3,L4_G04,3,U0_repeat,P0,L4,test,mid,0,104,5.2,260,False,False,L4_G04_b3_k104
L4_G04_b3,L4_G04,3,U0_repeat,P0,L4,test,mid,0,147,7.3500000000000005,367,False,False,L4_G04_b3_k147
L4_G04_b3,L4_G04,3,U0_repeat,P0,L4,test,mid,0,189,9.450000000000001,472,False,False,L4_G04_b3_k189
L4_G04_b3,L4_G04,3,U0_repeat,P0,L4,test,mid,0,231,11.55,577,False,False,L4_G04_b3_k231
L4_G04_b3,L4_G04,3,U0_repeat,P0,L4,test,mid,0,30,1.5,75,True,False,L4_G04_b3_k030
L4_G05_b0,L4_G05,0,U0,P0,L4,test,low,3,20,1.0,50,False,False,L4_G05_b0_k020
L4_G05_b0,L4_G05,0,U0,P0,L4,test,low,3,62,3.1,155,False,False,L4_G05_b0_k062
L4_G05_b0,L4_G05,0,U0,P0,L4,test,low,3,104,5.2,260,False,False,L4_G05_b0_k104
L4_G05_b0,L4_G05,0,U0,P0,L4,test,low,3,147,7.3500000000000005,367,False,False,L4_G05_b0_k147
L4_G05_b0,L4_G05,0,U0,P0,L4,test,low,3,189,9.450000000000001,472,False,False,L4_G05_b0_k189
L4_G05_b0,L4_G05,0,U0,P0,L4,test,low,3,231,11.55,577,False,False,L4_G05_b0_k231
L4_G05_b0,L4_G05,0,U0,P0,L4,test,low,3,30,1.5,75,True,False,L4_G05_b0_k030
L4_G05_b1,L4_G05,1,U1,P1,L4,test,low,3,20,1.0,50,False,False,L4_G05_b1_k020
L4_G05_b1,L4_G05,1,U1,P1,L4,test,low,3,62,3.1,155,False,False,L4_G05_b1_k062
L4_G05_b1,L4_G05,1,U1,P1,L4,test,low,3,104,5.2,260,False,False,L4_G05_b1_k104
L4_G05_b1,L4_G05,1,U1,P1,L4,test,low,3,147,7.3500000000000005,367,False,False,L4_G05_b1_k147
L4_G05_b1,L4_G05,1,U1,P1,L4,test,low,3,189,9.450000000000001,472,False,False,L4_G05_b1_k189
L4_G05_b1,L4_G05,1,U1,P1,L4,test,low,3,231,11.55,577,False,False,L4_G05_b1_k231
L4_G05_b1,L4_G05,1,U1,P1,L4,test,low,3,30,1.5,75,True,False,L4_G05_b1_k030
L4_G05_b2,L4_G05,2,U2,P2,L4,test,low,3,20,1.0,50,False,False,L4_G05_b2_k020
L4_G05_b2,L4_G05,2,U2,P2,L4,test,low,3,62,3.1,155,False,False,L4_G05_b2_k062
L4_G05_b2,L4_G05,2,U2,P2,L4,test,low,3,104,5.2,260,False,False,L4_G05_b2_k104
L4_G05_b2,L4_G05,2,U2,P2,L4,test,low,3,147,7.3500000000000005,367,False,False,L4_G05_b2_k147
L4_G05_b2,L4_G05,2,U2,P2,L4,test,low,3,189,9.450000000000001,472,False,False,L4_G05_b2_k189
L4_G05_b2,L4_G05,2,U2,P2,L4,test,low,3,231,11.55,577,False,False,L4_G05_b2_k231
L4_G05_b2,L4_G05,2,U2,P2,L4,test,low,3,30,1.5,75,True,False,L4_G05_b2_k030
L4_G05_b3,L4_G05,3,U0_repeat,P0,L4,test,low,3,20,1.0,50,False,False,L4_G05_b3_k020
L4_G05_b3,L4_G05,3,U0_repeat,P0,L4,test,low,3,62,3.1,155,False,False,L4_G05_b3_k062
L4_G05_b3,L4_G05,3,U0_repeat,P0,L4,test,low,3,104,5.2,260,False,False,L4_G05_b3_k104
L4_G05_b3,L4_G05,3,U0_repeat,P0,L4,test,low,3,147,7.3500000000000005,367,False,False,L4_G05_b3_k147
L4_G05_b3,L4_G05,3,U0_repeat,P0,L4,test,low,3,189,9.450000000000001,472,False,False,L4_G05_b3_k189
L4_G05_b3,L4_G05,3,U0_repeat,P0,L4,test,low,3,231,11.55,577,False,False,L4_G05_b3_k231
L4_G05_b3,L4_G05,3,U0_repeat,P0,L4,test,low,3,30,1.5,75,True,False,L4_G05_b3_k030
L4_G06_b0,L4_G06,0,U0,P0,L4,test,nominal,6,20,1.0,50,False,False,L4_G06_b0_k020
L4_G06_b0,L4_G06,0,U0,P0,L4,test,nominal,6,62,3.1,155,False,False,L4_G06_b0_k062
L4_G06_b0,L4_G06,0,U0,P0,L4,test,nominal,6,104,5.2,260,False,False,L4_G06_b0_k104
L4_G06_b0,L4_G06,0,U0,P0,L4,test,nominal,6,147,7.3500000000000005,367,False,False,L4_G06_b0_k147
L4_G06_b0,L4_G06,0,U0,P0,L4,test,nominal,6,189,9.450000000000001,472,False,False,L4_G06_b0_k189
L4_G06_b0,L4_G06,0,U0,P0,L4,test,nominal,6,231,11.55,577,False,False,L4_G06_b0_k231
L4_G06_b0,L4_G06,0,U0,P0,L4,test,nominal,6,30,1.5,75,True,False,L4_G06_b0_k030
L4_G06_b1,L4_G06,1,U1,P1,L4,test,nominal,6,20,1.0,50,False,False,L4_G06_b1_k020
L4_G06_b1,L4_G06,1,U1,P1,L4,test,nominal,6,62,3.1,155,False,False,L4_G06_b1_k062
L4_G06_b1,L4_G06,1,U1,P1,L4,test,nominal,6,104,5.2,260,False,False,L4_G06_b1_k104
L4_G06_b1,L4_G06,1,U1,P1,L4,test,nominal,6,147,7.3500000000000005,367,False,False,L4_G06_b1_k147
L4_G06_b1,L4_G06,1,U1,P1,L4,test,nominal,6,189,9.450000000000001,472,False,False,L4_G06_b1_k189
L4_G06_b1,L4_G06,1,U1,P1,L4,test,nominal,6,231,11.55,577,False,False,L4_G06_b1_k231
L4_G06_b1,L4_G06,1,U1,P1,L4,test,nominal,6,30,1.5,75,True,False,L4_G06_b1_k030
L4_G06_b2,L4_G06,2,U2,P2,L4,test,nominal,6,20,1.0,50,False,False,L4_G06_b2_k020
L4_G06_b2,L4_G06,2,U2,P2,L4,test,nominal,6,62,3.1,155,False,False,L4_G06_b2_k062
L4_G06_b2,L4_G06,2,U2,P2,L4,test,nominal,6,104,5.2,260,False,False,L4_G06_b2_k104
L4_G06_b2,L4_G06,2,U2,P2,L4,test,nominal,6,147,7.3500000000000005,367,False,False,L4_G06_b2_k147
L4_G06_b2,L4_G06,2,U2,P2,L4,test,nominal,6,189,9.450000000000001,472,False,False,L4_G06_b2_k189
L4_G06_b2,L4_G06,2,U2,P2,L4,test,nominal,6,231,11.55,577,False,False,L4_G06_b2_k231
L4_G06_b2,L4_G06,2,U2,P2,L4,test,nominal,6,30,1.5,75,True,False,L4_G06_b2_k030
L4_G06_b3,L4_G06,3,U0_repeat,P0,L4,test,nominal,6,20,1.0,50,False,False,L4_G06_b3_k020
L4_G06_b3,L4_G06,3,U0_repeat,P0,L4,test,nominal,6,62,3.1,155,False,False,L4_G06_b3_k062
L4_G06_b3,L4_G06,3,U0_repeat,P0,L4,test,nominal,6,104,5.2,260,False,False,L4_G06_b3_k104
L4_G06_b3,L4_G06,3,U0_repeat,P0,L4,test,nominal,6,147,7.3500000000000005,367,False,False,L4_G06_b3_k147
L4_G06_b3,L4_G06,3,U0_repeat,P0,L4,test,nominal,6,189,9.450000000000001,472,False,False,L4_G06_b3_k189
L4_G06_b3,L4_G06,3,U0_repeat,P0,L4,test,nominal,6,231,11.55,577,False,False,L4_G06_b3_k231
L4_G06_b3,L4_G06,3,U0_repeat,P0,L4,test,nominal,6,30,1.5,75,True,False,L4_G06_b3_k030
L4_G07_b0,L4_G07,0,U0,P0,L4,test,mid,1,20,1.0,50,False,False,L4_G07_b0_k020
L4_G07_b0,L4_G07,0,U0,P0,L4,test,mid,1,62,3.1,155,False,False,L4_G07_b0_k062
L4_G07_b0,L4_G07,0,U0,P0,L4,test,mid,1,104,5.2,260,False,False,L4_G07_b0_k104
L4_G07_b0,L4_G07,0,U0,P0,L4,test,mid,1,147,7.3500000000000005,367,False,False,L4_G07_b0_k147
L4_G07_b0,L4_G07,0,U0,P0,L4,test,mid,1,189,9.450000000000001,472,False,False,L4_G07_b0_k189
L4_G07_b0,L4_G07,0,U0,P0,L4,test,mid,1,231,11.55,577,False,False,L4_G07_b0_k231
L4_G07_b0,L4_G07,0,U0,P0,L4,test,mid,1,30,1.5,75,True,False,L4_G07_b0_k030
L4_G07_b1,L4_G07,1,U1,P1,L4,test,mid,1,20,1.0,50,False,False,L4_G07_b1_k020
L4_G07_b1,L4_G07,1,U1,P1,L4,test,mid,1,62,3.1,155,False,False,L4_G07_b1_k062
L4_G07_b1,L4_G07,1,U1,P1,L4,test,mid,1,104,5.2,260,False,False,L4_G07_b1_k104
L4_G07_b1,L4_G07,1,U1,P1,L4,test,mid,1,147,7.3500000000000005,367,False,False,L4_G07_b1_k147
L4_G07_b1,L4_G07,1,U1,P1,L4,test,mid,1,189,9.450000000000001,472,False,False,L4_G07_b1_k189
L4_G07_b1,L4_G07,1,U1,P1,L4,test,mid,1,231,11.55,577,False,False,L4_G07_b1_k231
L4_G07_b1,L4_G07,1,U1,P1,L4,test,mid,1,30,1.5,75,True,False,L4_G07_b1_k030
L4_G07_b2,L4_G07,2,U2,P2,L4,test,mid,1,20,1.0,50,False,False,L4_G07_b2_k020
L4_G07_b2,L4_G07,2,U2,P2,L4,test,mid,1,62,3.1,155,False,False,L4_G07_b2_k062
L4_G07_b2,L4_G07,2,U2,P2,L4,test,mid,1,104,5.2,260,False,False,L4_G07_b2_k104
L4_G07_b2,L4_G07,2,U2,P2,L4,test,mid,1,147,7.3500000000000005,367,False,False,L4_G07_b2_k147
L4_G07_b2,L4_G07,2,U2,P2,L4,test,mid,1,189,9.450000000000001,472,False,False,L4_G07_b2_k189
L4_G07_b2,L4_G07,2,U2,P2,L4,test,mid,1,231,11.55,577,False,False,L4_G07_b2_k231
L4_G07_b2,L4_G07,2,U2,P2,L4,test,mid,1,30,1.5,75,True,False,L4_G07_b2_k030
L4_G07_b3,L4_G07,3,U0_repeat,P0,L4,test,mid,1,20,1.0,50,False,False,L4_G07_b3_k020
L4_G07_b3,L4_G07,3,U0_repeat,P0,L4,test,mid,1,62,3.1,155,False,False,L4_G07_b3_k062
L4_G07_b3,L4_G07,3,U0_repeat,P0,L4,test,mid,1,104,5.2,260,False,False,L4_G07_b3_k104
L4_G07_b3,L4_G07,3,U0_repeat,P0,L4,test,mid,1,147,7.3500000000000005,367,False,False,L4_G07_b3_k147
L4_G07_b3,L4_G07,3,U0_repeat,P0,L4,test,mid,1,189,9.450000000000001,472,False,False,L4_G07_b3_k189
L4_G07_b3,L4_G07,3,U0_repeat,P0,L4,test,mid,1,231,11.55,577,False,False,L4_G07_b3_k231
L4_G07_b3,L4_G07,3,U0_repeat,P0,L4,test,mid,1,30,1.5,75,True,False,L4_G07_b3_k030
L5_G00_b0,L5_G00,0,U0,P0,L5,test,nominal,5,20,1.0,50,False,False,L5_G00_b0_k020
L5_G00_b0,L5_G00,0,U0,P0,L5,test,nominal,5,62,3.1,155,False,False,L5_G00_b0_k062
L5_G00_b0,L5_G00,0,U0,P0,L5,test,nominal,5,104,5.2,260,False,False,L5_G00_b0_k104
L5_G00_b0,L5_G00,0,U0,P0,L5,test,nominal,5,147,7.3500000000000005,367,False,False,L5_G00_b0_k147
L5_G00_b0,L5_G00,0,U0,P0,L5,test,nominal,5,189,9.450000000000001,472,False,False,L5_G00_b0_k189
L5_G00_b0,L5_G00,0,U0,P0,L5,test,nominal,5,231,11.55,577,False,False,L5_G00_b0_k231
L5_G00_b0,L5_G00,0,U0,P0,L5,test,nominal,5,30,1.5,75,True,False,L5_G00_b0_k030
L5_G00_b1,L5_G00,1,U1,P1,L5,test,nominal,5,20,1.0,50,False,False,L5_G00_b1_k020
L5_G00_b1,L5_G00,1,U1,P1,L5,test,nominal,5,62,3.1,155,False,False,L5_G00_b1_k062
L5_G00_b1,L5_G00,1,U1,P1,L5,test,nominal,5,104,5.2,260,False,False,L5_G00_b1_k104
L5_G00_b1,L5_G00,1,U1,P1,L5,test,nominal,5,147,7.3500000000000005,367,False,False,L5_G00_b1_k147
L5_G00_b1,L5_G00,1,U1,P1,L5,test,nominal,5,189,9.450000000000001,472,False,False,L5_G00_b1_k189
L5_G00_b1,L5_G00,1,U1,P1,L5,test,nominal,5,231,11.55,577,False,False,L5_G00_b1_k231
L5_G00_b1,L5_G00,1,U1,P1,L5,test,nominal,5,30,1.5,75,True,False,L5_G00_b1_k030
L5_G00_b2,L5_G00,2,U2,P2,L5,test,nominal,5,20,1.0,50,False,False,L5_G00_b2_k020
L5_G00_b2,L5_G00,2,U2,P2,L5,test,nominal,5,62,3.1,155,False,False,L5_G00_b2_k062
L5_G00_b2,L5_G00,2,U2,P2,L5,test,nominal,5,104,5.2,260,False,False,L5_G00_b2_k104
L5_G00_b2,L5_G00,2,U2,P2,L5,test,nominal,5,147,7.3500000000000005,367,False,False,L5_G00_b2_k147
L5_G00_b2,L5_G00,2,U2,P2,L5,test,nominal,5,189,9.450000000000001,472,False,False,L5_G00_b2_k189
L5_G00_b2,L5_G00,2,U2,P2,L5,test,nominal,5,231,11.55,577,False,False,L5_G00_b2_k231
L5_G00_b2,L5_G00,2,U2,P2,L5,test,nominal,5,30,1.5,75,True,False,L5_G00_b2_k030
L5_G00_b3,L5_G00,3,U0_repeat,P0,L5,test,nominal,5,20,1.0,50,False,False,L5_G00_b3_k020
L5_G00_b3,L5_G00,3,U0_repeat,P0,L5,test,nominal,5,62,3.1,155,False,False,L5_G00_b3_k062
L5_G00_b3,L5_G00,3,U0_repeat,P0,L5,test,nominal,5,104,5.2,260,False,False,L5_G00_b3_k104
L5_G00_b3,L5_G00,3,U0_repeat,P0,L5,test,nominal,5,147,7.3500000000000005,367,False,False,L5_G00_b3_k147
L5_G00_b3,L5_G00,3,U0_repeat,P0,L5,test,nominal,5,189,9.450000000000001,472,False,False,L5_G00_b3_k189
L5_G00_b3,L5_G00,3,U0_repeat,P0,L5,test,nominal,5,231,11.55,577,False,False,L5_G00_b3_k231
L5_G00_b3,L5_G00,3,U0_repeat,P0,L5,test,nominal,5,30,1.5,75,True,False,L5_G00_b3_k030
L5_G01_b0,L5_G01,0,U0,P0,L5,test,mid,0,20,1.0,50,False,False,L5_G01_b0_k020
L5_G01_b0,L5_G01,0,U0,P0,L5,test,mid,0,62,3.1,155,False,False,L5_G01_b0_k062
L5_G01_b0,L5_G01,0,U0,P0,L5,test,mid,0,104,5.2,260,False,False,L5_G01_b0_k104
L5_G01_b0,L5_G01,0,U0,P0,L5,test,mid,0,147,7.3500000000000005,367,False,False,L5_G01_b0_k147
L5_G01_b0,L5_G01,0,U0,P0,L5,test,mid,0,189,9.450000000000001,472,False,False,L5_G01_b0_k189
L5_G01_b0,L5_G01,0,U0,P0,L5,test,mid,0,231,11.55,577,False,False,L5_G01_b0_k231
L5_G01_b0,L5_G01,0,U0,P0,L5,test,mid,0,30,1.5,75,True,False,L5_G01_b0_k030
L5_G01_b1,L5_G01,1,U1,P1,L5,test,mid,0,20,1.0,50,False,False,L5_G01_b1_k020
L5_G01_b1,L5_G01,1,U1,P1,L5,test,mid,0,62,3.1,155,False,False,L5_G01_b1_k062
L5_G01_b1,L5_G01,1,U1,P1,L5,test,mid,0,104,5.2,260,False,False,L5_G01_b1_k104
L5_G01_b1,L5_G01,1,U1,P1,L5,test,mid,0,147,7.3500000000000005,367,False,False,L5_G01_b1_k147
L5_G01_b1,L5_G01,1,U1,P1,L5,test,mid,0,189,9.450000000000001,472,False,False,L5_G01_b1_k189
L5_G01_b1,L5_G01,1,U1,P1,L5,test,mid,0,231,11.55,577,False,False,L5_G01_b1_k231
L5_G01_b1,L5_G01,1,U1,P1,L5,test,mid,0,30,1.5,75,True,False,L5_G01_b1_k030
L5_G01_b2,L5_G01,2,U2,P2,L5,test,mid,0,20,1.0,50,False,False,L5_G01_b2_k020
L5_G01_b2,L5_G01,2,U2,P2,L5,test,mid,0,62,3.1,155,False,False,L5_G01_b2_k062
L5_G01_b2,L5_G01,2,U2,P2,L5,test,mid,0,104,5.2,260,False,False,L5_G01_b2_k104
L5_G01_b2,L5_G01,2,U2,P2,L5,test,mid,0,147,7.3500000000000005,367,False,False,L5_G01_b2_k147
L5_G01_b2,L5_G01,2,U2,P2,L5,test,mid,0,189,9.450000000000001,472,False,False,L5_G01_b2_k189
L5_G01_b2,L5_G01,2,U2,P2,L5,test,mid,0,231,11.55,577,False,False,L5_G01_b2_k231
L5_G01_b2,L5_G01,2,U2,P2,L5,test,mid,0,30,1.5,75,True,False,L5_G01_b2_k030
L5_G01_b3,L5_G01,3,U0_repeat,P0,L5,test,mid,0,20,1.0,50,False,False,L5_G01_b3_k020
L5_G01_b3,L5_G01,3,U0_repeat,P0,L5,test,mid,0,62,3.1,155,False,False,L5_G01_b3_k062
L5_G01_b3,L5_G01,3,U0_repeat,P0,L5,test,mid,0,104,5.2,260,False,False,L5_G01_b3_k104
L5_G01_b3,L5_G01,3,U0_repeat,P0,L5,test,mid,0,147,7.3500000000000005,367,False,False,L5_G01_b3_k147
L5_G01_b3,L5_G01,3,U0_repeat,P0,L5,test,mid,0,189,9.450000000000001,472,False,False,L5_G01_b3_k189
L5_G01_b3,L5_G01,3,U0_repeat,P0,L5,test,mid,0,231,11.55,577,False,False,L5_G01_b3_k231
L5_G01_b3,L5_G01,3,U0_repeat,P0,L5,test,mid,0,30,1.5,75,True,False,L5_G01_b3_k030
L5_G02_b0,L5_G02,0,U0,P0,L5,test,low,3,20,1.0,50,False,False,L5_G02_b0_k020
L5_G02_b0,L5_G02,0,U0,P0,L5,test,low,3,62,3.1,155,False,False,L5_G02_b0_k062
L5_G02_b0,L5_G02,0,U0,P0,L5,test,low,3,104,5.2,260,False,False,L5_G02_b0_k104
L5_G02_b0,L5_G02,0,U0,P0,L5,test,low,3,147,7.3500000000000005,367,False,False,L5_G02_b0_k147
L5_G02_b0,L5_G02,0,U0,P0,L5,test,low,3,189,9.450000000000001,472,False,False,L5_G02_b0_k189
L5_G02_b0,L5_G02,0,U0,P0,L5,test,low,3,231,11.55,577,False,False,L5_G02_b0_k231
L5_G02_b0,L5_G02,0,U0,P0,L5,test,low,3,30,1.5,75,True,False,L5_G02_b0_k030
L5_G02_b1,L5_G02,1,U1,P1,L5,test,low,3,20,1.0,50,False,False,L5_G02_b1_k020
L5_G02_b1,L5_G02,1,U1,P1,L5,test,low,3,62,3.1,155,False,False,L5_G02_b1_k062
L5_G02_b1,L5_G02,1,U1,P1,L5,test,low,3,104,5.2,260,False,False,L5_G02_b1_k104
L5_G02_b1,L5_G02,1,U1,P1,L5,test,low,3,147,7.3500000000000005,367,False,False,L5_G02_b1_k147
L5_G02_b1,L5_G02,1,U1,P1,L5,test,low,3,189,9.450000000000001,472,False,False,L5_G02_b1_k189
L5_G02_b1,L5_G02,1,U1,P1,L5,test,low,3,231,11.55,577,False,False,L5_G02_b1_k231
L5_G02_b1,L5_G02,1,U1,P1,L5,test,low,3,30,1.5,75,True,False,L5_G02_b1_k030
L5_G02_b2,L5_G02,2,U2,P2,L5,test,low,3,20,1.0,50,False,False,L5_G02_b2_k020
L5_G02_b2,L5_G02,2,U2,P2,L5,test,low,3,62,3.1,155,False,False,L5_G02_b2_k062
L5_G02_b2,L5_G02,2,U2,P2,L5,test,low,3,104,5.2,260,False,False,L5_G02_b2_k104
L5_G02_b2,L5_G02,2,U2,P2,L5,test,low,3,147,7.3500000000000005,367,False,False,L5_G02_b2_k147
L5_G02_b2,L5_G02,2,U2,P2,L5,test,low,3,189,9.450000000000001,472,False,False,L5_G02_b2_k189
L5_G02_b2,L5_G02,2,U2,P2,L5,test,low,3,231,11.55,577,False,False,L5_G02_b2_k231
L5_G02_b2,L5_G02,2,U2,P2,L5,test,low,3,30,1.5,75,True,False,L5_G02_b2_k030
L5_G02_b3,L5_G02,3,U0_repeat,P0,L5,test,low,3,20,1.0,50,False,False,L5_G02_b3_k020
L5_G02_b3,L5_G02,3,U0_repeat,P0,L5,test,low,3,62,3.1,155,False,False,L5_G02_b3_k062
L5_G02_b3,L5_G02,3,U0_repeat,P0,L5,test,low,3,104,5.2,260,False,False,L5_G02_b3_k104
L5_G02_b3,L5_G02,3,U0_repeat,P0,L5,test,low,3,147,7.3500000000000005,367,False,False,L5_G02_b3_k147
L5_G02_b3,L5_G02,3,U0_repeat,P0,L5,test,low,3,189,9.450000000000001,472,False,False,L5_G02_b3_k189
L5_G02_b3,L5_G02,3,U0_repeat,P0,L5,test,low,3,231,11.55,577,False,False,L5_G02_b3_k231
L5_G02_b3,L5_G02,3,U0_repeat,P0,L5,test,low,3,30,1.5,75,True,False,L5_G02_b3_k030
L5_G03_b0,L5_G03,0,U0,P0,L5,test,nominal,6,20,1.0,50,False,False,L5_G03_b0_k020
L5_G03_b0,L5_G03,0,U0,P0,L5,test,nominal,6,62,3.1,155,False,False,L5_G03_b0_k062
L5_G03_b0,L5_G03,0,U0,P0,L5,test,nominal,6,104,5.2,260,False,False,L5_G03_b0_k104
L5_G03_b0,L5_G03,0,U0,P0,L5,test,nominal,6,147,7.3500000000000005,367,False,False,L5_G03_b0_k147
L5_G03_b0,L5_G03,0,U0,P0,L5,test,nominal,6,189,9.450000000000001,472,False,False,L5_G03_b0_k189
L5_G03_b0,L5_G03,0,U0,P0,L5,test,nominal,6,231,11.55,577,False,False,L5_G03_b0_k231
L5_G03_b0,L5_G03,0,U0,P0,L5,test,nominal,6,30,1.5,75,True,False,L5_G03_b0_k030
L5_G03_b1,L5_G03,1,U1,P1,L5,test,nominal,6,20,1.0,50,False,False,L5_G03_b1_k020
L5_G03_b1,L5_G03,1,U1,P1,L5,test,nominal,6,62,3.1,155,False,False,L5_G03_b1_k062
L5_G03_b1,L5_G03,1,U1,P1,L5,test,nominal,6,104,5.2,260,False,False,L5_G03_b1_k104
L5_G03_b1,L5_G03,1,U1,P1,L5,test,nominal,6,147,7.3500000000000005,367,False,False,L5_G03_b1_k147
L5_G03_b1,L5_G03,1,U1,P1,L5,test,nominal,6,189,9.450000000000001,472,False,False,L5_G03_b1_k189
L5_G03_b1,L5_G03,1,U1,P1,L5,test,nominal,6,231,11.55,577,False,False,L5_G03_b1_k231
L5_G03_b1,L5_G03,1,U1,P1,L5,test,nominal,6,30,1.5,75,True,False,L5_G03_b1_k030
L5_G03_b2,L5_G03,2,U2,P2,L5,test,nominal,6,20,1.0,50,False,False,L5_G03_b2_k020
L5_G03_b2,L5_G03,2,U2,P2,L5,test,nominal,6,62,3.1,155,False,False,L5_G03_b2_k062
L5_G03_b2,L5_G03,2,U2,P2,L5,test,nominal,6,104,5.2,260,False,False,L5_G03_b2_k104
L5_G03_b2,L5_G03,2,U2,P2,L5,test,nominal,6,147,7.3500000000000005,367,False,False,L5_G03_b2_k147
L5_G03_b2,L5_G03,2,U2,P2,L5,test,nominal,6,189,9.450000000000001,472,False,False,L5_G03_b2_k189
L5_G03_b2,L5_G03,2,U2,P2,L5,test,nominal,6,231,11.55,577,False,False,L5_G03_b2_k231
L5_G03_b2,L5_G03,2,U2,P2,L5,test,nominal,6,30,1.5,75,True,False,L5_G03_b2_k030
L5_G03_b3,L5_G03,3,U0_repeat,P0,L5,test,nominal,6,20,1.0,50,False,False,L5_G03_b3_k020
L5_G03_b3,L5_G03,3,U0_repeat,P0,L5,test,nominal,6,62,3.1,155,False,False,L5_G03_b3_k062
L5_G03_b3,L5_G03,3,U0_repeat,P0,L5,test,nominal,6,104,5.2,260,False,False,L5_G03_b3_k104
L5_G03_b3,L5_G03,3,U0_repeat,P0,L5,test,nominal,6,147,7.3500000000000005,367,False,False,L5_G03_b3_k147
L5_G03_b3,L5_G03,3,U0_repeat,P0,L5,test,nominal,6,189,9.450000000000001,472,False,False,L5_G03_b3_k189
L5_G03_b3,L5_G03,3,U0_repeat,P0,L5,test,nominal,6,231,11.55,577,False,False,L5_G03_b3_k231
L5_G03_b3,L5_G03,3,U0_repeat,P0,L5,test,nominal,6,30,1.5,75,True,False,L5_G03_b3_k030
L5_G04_b0,L5_G04,0,U0,P0,L5,test,mid,1,20,1.0,50,False,False,L5_G04_b0_k020
L5_G04_b0,L5_G04,0,U0,P0,L5,test,mid,1,62,3.1,155,False,False,L5_G04_b0_k062
L5_G04_b0,L5_G04,0,U0,P0,L5,test,mid,1,104,5.2,260,False,False,L5_G04_b0_k104
L5_G04_b0,L5_G04,0,U0,P0,L5,test,mid,1,147,7.3500000000000005,367,False,False,L5_G04_b0_k147
L5_G04_b0,L5_G04,0,U0,P0,L5,test,mid,1,189,9.450000000000001,472,False,False,L5_G04_b0_k189
L5_G04_b0,L5_G04,0,U0,P0,L5,test,mid,1,231,11.55,577,False,False,L5_G04_b0_k231
L5_G04_b0,L5_G04,0,U0,P0,L5,test,mid,1,30,1.5,75,True,False,L5_G04_b0_k030
L5_G04_b1,L5_G04,1,U1,P1,L5,test,mid,1,20,1.0,50,False,False,L5_G04_b1_k020
L5_G04_b1,L5_G04,1,U1,P1,L5,test,mid,1,62,3.1,155,False,False,L5_G04_b1_k062
L5_G04_b1,L5_G04,1,U1,P1,L5,test,mid,1,104,5.2,260,False,False,L5_G04_b1_k104
L5_G04_b1,L5_G04,1,U1,P1,L5,test,mid,1,147,7.3500000000000005,367,False,False,L5_G04_b1_k147
L5_G04_b1,L5_G04,1,U1,P1,L5,test,mid,1,189,9.450000000000001,472,False,False,L5_G04_b1_k189
L5_G04_b1,L5_G04,1,U1,P1,L5,test,mid,1,231,11.55,577,False,False,L5_G04_b1_k231
L5_G04_b1,L5_G04,1,U1,P1,L5,test,mid,1,30,1.5,75,True,False,L5_G04_b1_k030
L5_G04_b2,L5_G04,2,U2,P2,L5,test,mid,1,20,1.0,50,False,False,L5_G04_b2_k020
L5_G04_b2,L5_G04,2,U2,P2,L5,test,mid,1,62,3.1,155,False,False,L5_G04_b2_k062
L5_G04_b2,L5_G04,2,U2,P2,L5,test,mid,1,104,5.2,260,False,False,L5_G04_b2_k104
L5_G04_b2,L5_G04,2,U2,P2,L5,test,mid,1,147,7.3500000000000005,367,False,False,L5_G04_b2_k147
L5_G04_b2,L5_G04,2,U2,P2,L5,test,mid,1,189,9.450000000000001,472,False,False,L5_G04_b2_k189
L5_G04_b2,L5_G04,2,U2,P2,L5,test,mid,1,231,11.55,577,False,False,L5_G04_b2_k231
L5_G04_b2,L5_G04,2,U2,P2,L5,test,mid,1,30,1.5,75,True,False,L5_G04_b2_k030
L5_G04_b3,L5_G04,3,U0_repeat,P0,L5,test,mid,1,20,1.0,50,False,False,L5_G04_b3_k020
L5_G04_b3,L5_G04,3,U0_repeat,P0,L5,test,mid,1,62,3.1,155,False,False,L5_G04_b3_k062
L5_G04_b3,L5_G04,3,U0_repeat,P0,L5,test,mid,1,104,5.2,260,False,False,L5_G04_b3_k104
L5_G04_b3,L5_G04,3,U0_repeat,P0,L5,test,mid,1,147,7.3500000000000005,367,False,False,L5_G04_b3_k147
L5_G04_b3,L5_G04,3,U0_repeat,P0,L5,test,mid,1,189,9.450000000000001,472,False,False,L5_G04_b3_k189
L5_G04_b3,L5_G04,3,U0_repeat,P0,L5,test,mid,1,231,11.55,577,False,False,L5_G04_b3_k231
L5_G04_b3,L5_G04,3,U0_repeat,P0,L5,test,mid,1,30,1.5,75,True,False,L5_G04_b3_k030
L5_G05_b0,L5_G05,0,U0,P0,L5,test,low,4,20,1.0,50,False,False,L5_G05_b0_k020
L5_G05_b0,L5_G05,0,U0,P0,L5,test,low,4,62,3.1,155,False,False,L5_G05_b0_k062
L5_G05_b0,L5_G05,0,U0,P0,L5,test,low,4,104,5.2,260,False,False,L5_G05_b0_k104
L5_G05_b0,L5_G05,0,U0,P0,L5,test,low,4,147,7.3500000000000005,367,False,False,L5_G05_b0_k147
L5_G05_b0,L5_G05,0,U0,P0,L5,test,low,4,189,9.450000000000001,472,False,False,L5_G05_b0_k189
L5_G05_b0,L5_G05,0,U0,P0,L5,test,low,4,231,11.55,577,False,False,L5_G05_b0_k231
L5_G05_b0,L5_G05,0,U0,P0,L5,test,low,4,30,1.5,75,True,False,L5_G05_b0_k030
L5_G05_b1,L5_G05,1,U1,P1,L5,test,low,4,20,1.0,50,False,False,L5_G05_b1_k020
L5_G05_b1,L5_G05,1,U1,P1,L5,test,low,4,62,3.1,155,False,False,L5_G05_b1_k062
L5_G05_b1,L5_G05,1,U1,P1,L5,test,low,4,104,5.2,260,False,False,L5_G05_b1_k104
L5_G05_b1,L5_G05,1,U1,P1,L5,test,low,4,147,7.3500000000000005,367,False,False,L5_G05_b1_k147
L5_G05_b1,L5_G05,1,U1,P1,L5,test,low,4,189,9.450000000000001,472,False,False,L5_G05_b1_k189
L5_G05_b1,L5_G05,1,U1,P1,L5,test,low,4,231,11.55,577,False,False,L5_G05_b1_k231
L5_G05_b1,L5_G05,1,U1,P1,L5,test,low,4,30,1.5,75,True,False,L5_G05_b1_k030
L5_G05_b2,L5_G05,2,U2,P2,L5,test,low,4,20,1.0,50,False,False,L5_G05_b2_k020
L5_G05_b2,L5_G05,2,U2,P2,L5,test,low,4,62,3.1,155,False,False,L5_G05_b2_k062
L5_G05_b2,L5_G05,2,U2,P2,L5,test,low,4,104,5.2,260,False,False,L5_G05_b2_k104
L5_G05_b2,L5_G05,2,U2,P2,L5,test,low,4,147,7.3500000000000005,367,False,False,L5_G05_b2_k147
L5_G05_b2,L5_G05,2,U2,P2,L5,test,low,4,189,9.450000000000001,472,False,False,L5_G05_b2_k189
L5_G05_b2,L5_G05,2,U2,P2,L5,test,low,4,231,11.55,577,False,False,L5_G05_b2_k231
L5_G05_b2,L5_G05,2,U2,P2,L5,test,low,4,30,1.5,75,True,False,L5_G05_b2_k030
L5_G05_b3,L5_G05,3,U0_repeat,P0,L5,test,low,4,20,1.0,50,False,False,L5_G05_b3_k020
L5_G05_b3,L5_G05,3,U0_repeat,P0,L5,test,low,4,62,3.1,155,False,False,L5_G05_b3_k062
L5_G05_b3,L5_G05,3,U0_repeat,P0,L5,test,low,4,104,5.2,260,False,False,L5_G05_b3_k104
L5_G05_b3,L5_G05,3,U0_repeat,P0,L5,test,low,4,147,7.3500000000000005,367,False,False,L5_G05_b3_k147
L5_G05_b3,L5_G05,3,U0_repeat,P0,L5,test,low,4,189,9.450000000000001,472,False,False,L5_G05_b3_k189
L5_G05_b3,L5_G05,3,U0_repeat,P0,L5,test,low,4,231,11.55,577,False,False,L5_G05_b3_k231
L5_G05_b3,L5_G05,3,U0_repeat,P0,L5,test,low,4,30,1.5,75,True,False,L5_G05_b3_k030
L5_G06_b0,L5_G06,0,U0,P0,L5,test,nominal,7,20,1.0,50,False,False,L5_G06_b0_k020
L5_G06_b0,L5_G06,0,U0,P0,L5,test,nominal,7,62,3.1,155,False,False,L5_G06_b0_k062
L5_G06_b0,L5_G06,0,U0,P0,L5,test,nominal,7,104,5.2,260,False,False,L5_G06_b0_k104
L5_G06_b0,L5_G06,0,U0,P0,L5,test,nominal,7,147,7.3500000000000005,367,False,False,L5_G06_b0_k147
L5_G06_b0,L5_G06,0,U0,P0,L5,test,nominal,7,189,9.450000000000001,472,False,False,L5_G06_b0_k189
L5_G06_b0,L5_G06,0,U0,P0,L5,test,nominal,7,231,11.55,577,False,False,L5_G06_b0_k231
L5_G06_b0,L5_G06,0,U0,P0,L5,test,nominal,7,30,1.5,75,True,False,L5_G06_b0_k030
L5_G06_b1,L5_G06,1,U1,P1,L5,test,nominal,7,20,1.0,50,False,False,L5_G06_b1_k020
L5_G06_b1,L5_G06,1,U1,P1,L5,test,nominal,7,62,3.1,155,False,False,L5_G06_b1_k062
L5_G06_b1,L5_G06,1,U1,P1,L5,test,nominal,7,104,5.2,260,False,False,L5_G06_b1_k104
L5_G06_b1,L5_G06,1,U1,P1,L5,test,nominal,7,147,7.3500000000000005,367,False,False,L5_G06_b1_k147
L5_G06_b1,L5_G06,1,U1,P1,L5,test,nominal,7,189,9.450000000000001,472,False,False,L5_G06_b1_k189
L5_G06_b1,L5_G06,1,U1,P1,L5,test,nominal,7,231,11.55,577,False,False,L5_G06_b1_k231
L5_G06_b1,L5_G06,1,U1,P1,L5,test,nominal,7,30,1.5,75,True,False,L5_G06_b1_k030
L5_G06_b2,L5_G06,2,U2,P2,L5,test,nominal,7,20,1.0,50,False,False,L5_G06_b2_k020
L5_G06_b2,L5_G06,2,U2,P2,L5,test,nominal,7,62,3.1,155,False,False,L5_G06_b2_k062
L5_G06_b2,L5_G06,2,U2,P2,L5,test,nominal,7,104,5.2,260,False,False,L5_G06_b2_k104
L5_G06_b2,L5_G06,2,U2,P2,L5,test,nominal,7,147,7.3500000000000005,367,False,False,L5_G06_b2_k147
L5_G06_b2,L5_G06,2,U2,P2,L5,test,nominal,7,189,9.450000000000001,472,False,False,L5_G06_b2_k189
L5_G06_b2,L5_G06,2,U2,P2,L5,test,nominal,7,231,11.55,577,False,False,L5_G06_b2_k231
L5_G06_b2,L5_G06,2,U2,P2,L5,test,nominal,7,30,1.5,75,True,False,L5_G06_b2_k030
L5_G06_b3,L5_G06,3,U0_repeat,P0,L5,test,nominal,7,20,1.0,50,False,False,L5_G06_b3_k020
L5_G06_b3,L5_G06,3,U0_repeat,P0,L5,test,nominal,7,62,3.1,155,False,False,L5_G06_b3_k062
L5_G06_b3,L5_G06,3,U0_repeat,P0,L5,test,nominal,7,104,5.2,260,False,False,L5_G06_b3_k104
L5_G06_b3,L5_G06,3,U0_repeat,P0,L5,test,nominal,7,147,7.3500000000000005,367,False,False,L5_G06_b3_k147
L5_G06_b3,L5_G06,3,U0_repeat,P0,L5,test,nominal,7,189,9.450000000000001,472,False,False,L5_G06_b3_k189
L5_G06_b3,L5_G06,3,U0_repeat,P0,L5,test,nominal,7,231,11.55,577,False,False,L5_G06_b3_k231
L5_G06_b3,L5_G06,3,U0_repeat,P0,L5,test,nominal,7,30,1.5,75,True,False,L5_G06_b3_k030
L5_G07_b0,L5_G07,0,U0,P0,L5,test,mid,2,20,1.0,50,False,False,L5_G07_b0_k020
L5_G07_b0,L5_G07,0,U0,P0,L5,test,mid,2,62,3.1,155,False,False,L5_G07_b0_k062
L5_G07_b0,L5_G07,0,U0,P0,L5,test,mid,2,104,5.2,260,False,False,L5_G07_b0_k104
L5_G07_b0,L5_G07,0,U0,P0,L5,test,mid,2,147,7.3500000000000005,367,False,False,L5_G07_b0_k147
L5_G07_b0,L5_G07,0,U0,P0,L5,test,mid,2,189,9.450000000000001,472,False,False,L5_G07_b0_k189
L5_G07_b0,L5_G07,0,U0,P0,L5,test,mid,2,231,11.55,577,False,False,L5_G07_b0_k231
L5_G07_b0,L5_G07,0,U0,P0,L5,test,mid,2,30,1.5,75,True,False,L5_G07_b0_k030
L5_G07_b1,L5_G07,1,U1,P1,L5,test,mid,2,20,1.0,50,False,False,L5_G07_b1_k020
L5_G07_b1,L5_G07,1,U1,P1,L5,test,mid,2,62,3.1,155,False,False,L5_G07_b1_k062
L5_G07_b1,L5_G07,1,U1,P1,L5,test,mid,2,104,5.2,260,False,False,L5_G07_b1_k104
L5_G07_b1,L5_G07,1,U1,P1,L5,test,mid,2,147,7.3500000000000005,367,False,False,L5_G07_b1_k147
L5_G07_b1,L5_G07,1,U1,P1,L5,test,mid,2,189,9.450000000000001,472,False,False,L5_G07_b1_k189
L5_G07_b1,L5_G07,1,U1,P1,L5,test,mid,2,231,11.55,577,False,False,L5_G07_b1_k231
L5_G07_b1,L5_G07,1,U1,P1,L5,test,mid,2,30,1.5,75,True,False,L5_G07_b1_k030
L5_G07_b2,L5_G07,2,U2,P2,L5,test,mid,2,20,1.0,50,False,False,L5_G07_b2_k020
L5_G07_b2,L5_G07,2,U2,P2,L5,test,mid,2,62,3.1,155,False,False,L5_G07_b2_k062
L5_G07_b2,L5_G07,2,U2,P2,L5,test,mid,2,104,5.2,260,False,False,L5_G07_b2_k104
L5_G07_b2,L5_G07,2,U2,P2,L5,test,mid,2,147,7.3500000000000005,367,False,False,L5_G07_b2_k147
L5_G07_b2,L5_G07,2,U2,P2,L5,test,mid,2,189,9.450000000000001,472,False,False,L5_G07_b2_k189
L5_G07_b2,L5_G07,2,U2,P2,L5,test,mid,2,231,11.55,577,False,False,L5_G07_b2_k231
L5_G07_b2,L5_G07,2,U2,P2,L5,test,mid,2,30,1.5,75,True,False,L5_G07_b2_k030
L5_G07_b3,L5_G07,3,U0_repeat,P0,L5,test,mid,2,20,1.0,50,False,False,L5_G07_b3_k020
L5_G07_b3,L5_G07,3,U0_repeat,P0,L5,test,mid,2,62,3.1,155,False,False,L5_G07_b3_k062
L5_G07_b3,L5_G07,3,U0_repeat,P0,L5,test,mid,2,104,5.2,260,False,False,L5_G07_b3_k104
L5_G07_b3,L5_G07,3,U0_repeat,P0,L5,test,mid,2,147,7.3500000000000005,367,False,False,L5_G07_b3_k147
L5_G07_b3,L5_G07,3,U0_repeat,P0,L5,test,mid,2,189,9.450000000000001,472,False,False,L5_G07_b3_k189
L5_G07_b3,L5_G07,3,U0_repeat,P0,L5,test,mid,2,231,11.55,577,False,False,L5_G07_b3_k231
L5_G07_b3,L5_G07,3,U0_repeat,P0,L5,test,mid,2,30,1.5,75,True,False,L5_G07_b3_k030
