split,episode_id,origin_grid,anchor_group,delta_yaw_true,delta_yaw_pred::command-copy,delta_yaw_pred::persistence,delta_yaw_pred::ridge_multioutput,delta_yaw_pred::M0_s42,delta_yaw_pred::M0_s43,delta_yaw_pred::M0_s44,delta_yaw_pred::M1_s42,delta_yaw_pred::M1_s43,delta_yaw_pred::M1_s44,delta_yaw_pred::M2_s42,delta_yaw_pred::M2_s43,delta_yaw_pred::M2_s44,delta_yaw_pred::M3_s42,delta_yaw_pred::M3_s43,delta_yaw_pred::M3_s44,delta_yaw_pred::M2_s42__donor_same_cond,delta_yaw_pred::M2_s42__donor_wrong_cond,delta_yaw_pred::M2_s42__donor_native,delta_yaw_pred::M2_s42__donor_zero,delta_yaw_pred::M2_s43__donor_same_cond,delta_yaw_pred::M2_s43__donor_wrong_cond,delta_yaw_pred::M2_s43__donor_native,delta_yaw_pred::M2_s43__donor_zero,delta_yaw_pred::M2_s44__donor_same_cond,delta_yaw_pred::M2_s44__donor_wrong_cond,delta_yaw_pred::M2_s44__donor_native,delta_yaw_pred::M2_s44__donor_zero
A_unseen_anchor_seen_family,48,20,AQ6,-6.229656457901001,0.0,0.12312017679214478,0.03788827958259334,0.05429069995880127,0.055745095014572144,0.05802351832389832,0.03850071430206299,0.05767835378646851,0.02747679650783539,0.014301590621471405,0.028218561410903932,0.02079318165779114,0.039888203144073486,0.05919561386108399,0.027768674492836,0.015518280863761903,-0.036171755194664,0.014301590621471405,-0.009056356549263001,0.030641216039657596,-0.016264462471008302,0.028218561410903932,0.006296493113040924,0.024195626378059387,-0.00935550257563591,0.02079318165779114,0.009708228707313539
A_unseen_anchor_seen_family,48,23,AQ6,-6.233570575714111,0.0,0.143967866897583,0.03187666303912755,0.056104379892349246,0.058176970481872564,0.058442115783691406,0.03810429573059082,0.03866348266601563,0.020657846331596376,-0.0032064527273178104,-0.03099496066570282,-0.03131625652313232,0.03729466795921326,0.03810731768608094,0.02119620591402054,0.011475831270217896,-0.05673750638961792,-0.0032064527273178104,-0.020587922632694246,0.016980654001235964,-0.042425608634948736,-0.03099496066570282,-0.013051441311836243,0.022709009051322938,-0.0384661614894867,-0.03131625652313232,-0.004410059750080109
A_unseen_anchor_seen_family,48,25,AQ6,-6.229813814163208,0.0,-0.010834091156721116,0.02682769639214405,0.04307771921157837,0.04615062773227692,0.06055195331573487,0.05956481695175171,0.052782988548278814,0.036256664991378786,0.008260242640972137,-0.024841976165771485,0.0016585648059844972,0.0591508150100708,0.051570701599121097,0.03656973242759705,0.02690926194190979,-0.04679979383945465,0.008260242640972137,-0.009577803313732147,0.027452689409255982,-0.030848982930183413,-0.024841976165771485,-0.0006761699914932251,0.03418507874011994,-0.02860117554664612,0.0016585648059844972,0.006516800820827485
A_unseen_anchor_seen_family,48,28,AQ6,-6.237152814865112,0.0,0.03962638974189758,0.03293780601958916,0.056154447793960574,0.06196839809417725,0.06749292612075806,0.0535948395729065,0.04400385320186615,0.032917141914367676,0.00665438324213028,-0.019211579859256745,0.010796093940734865,0.053441679477691656,0.04209079146385193,0.033101075887680055,0.024682186543941498,-0.05819884538650513,0.00665438324213028,-0.012794122099876404,0.032421058416366576,-0.03343726694583893,-0.019211579859256745,-0.0014401182532310488,0.032042020559310914,-0.03571337163448334,0.010796093940734865,0.0019951395690441134
A_unseen_anchor_seen_family,48,31,AQ6,-6.2339277267456055,0.0,0.10895476341247559,0.02521548939269044,0.054088604450225834,0.043393647670745855,0.06319574117660523,0.024859771132469177,0.02436201423406601,0.03338325619697571,0.014588488638401032,-0.008287613838911056,0.017632608115673066,0.022607821226119998,0.02274121791124344,0.03343557119369507,0.023648634552955627,-0.031600487232208256,0.014588488638401032,-0.0002995237708091736,0.026031172275543215,-0.04553523659706116,-0.008287613838911056,-0.014154355227947236,0.039877623319625854,-0.028616487979888916,0.017632608115673066,0.00897991955280304
A_unseen_anchor_seen_family,48,34,AQ6,-6.2400758266448975,0.0,-0.1001891851425171,0.05235431470031635,0.04853464961051941,0.0550326943397522,0.05094564557075501,0.06588143110275269,0.04732425212860108,0.062175536155700685,0.03606287837028504,0.03885108530521393,0.03532391488552094,0.06305416822433473,0.0452008605003357,0.061913168430328375,0.0441308081150055,-0.021590304374694825,0.03606287837028504,0.017231309413909913,0.0508942186832428,-0.016211101412773134,0.03885108530521393,0.019686444103717806,0.04531197845935822,-0.024058394134044647,0.03532391488552094,0.01838803440332413
A_unseen_anchor_seen_family,48,36,AQ6,-6.234699726104736,0.0,0.22764520645141603,0.06032624600135603,0.07379685044288635,0.05209262371063233,0.06564528942108154,0.05031522512435913,0.06432814598083496,0.07774640917778015,0.03282391428947449,0.046896517276763916,0.057743364572525026,0.04815030097961426,0.06133865118026734,0.07743655443191529,0.03993975520133972,-0.02727504372596741,0.03282391428947449,0.010083900392055513,0.050469678640365605,-0.0029184363782405855,0.046896517276763916,0.024301430583000185,0.06239118576049805,0.001770693063735962,0.057743364572525026,0.037980616092681885
A_unseen_anchor_seen_family,48,39,AQ6,-6.226217985153198,0.0,0.003846971690654755,0.02521185970295018,0.06081489324569703,0.04720922112464905,0.055575078725814825,0.05685368776321412,0.040098318457603456,0.03472172021865845,0.03727485537528992,0.03295281529426575,0.02611552476882935,0.05573782920837403,0.038955295085906984,0.035526448488235475,0.04064140915870667,-0.023425009846687318,0.03727485537528992,0.014076617360115052,0.034387010335922244,-0.01272929608821869,0.03295281529426575,0.012415961921215059,0.025191155076026917,-0.039264807105064393,0.02611552476882935,-0.000912468507885933
A_unseen_anchor_seen_family,49,20,AQ6,-0.0030202865600585938,0.0,0.12312017679214478,0.02317493743010084,0.02780085802078247,0.028290444612503053,0.03884891867637635,0.018398308753967287,0.01942073404788971,-0.000651337206363678,-0.0002557411789894104,0.00969737321138382,-0.009460818767547608,0.01942393183708191,0.021173498034477236,-0.00027379393577575684,-0.00021161511540412903,-0.04727928638458252,-0.0002557411789894104,-0.02060382068157196,0.008396947383880615,-0.028873947262763978,0.00969737321138382,-0.0010659590363502503,-0.008042506128549577,-0.04146295785903931,-0.009460818767547608,-0.019837728142738344
A_unseen_anchor_seen_family,49,23,AQ6,-0.01240992546081543,0.0,0.143967866897583,0.01647267349405467,0.0187637060880661,0.030405315756797793,0.03794689178466797,0.014091816544532777,0.009687417000532151,-0.020430909097194673,-0.016629815101623535,-0.03036208748817444,-0.05099810361862183,0.012635470926761629,0.009345813095569611,-0.01995892822742462,-0.018994030356407166,-0.052609688043594366,-0.016629815101623535,-0.028174877166748047,-0.00948258861899376,-0.04071218371391297,-0.03036208748817444,-0.018004155158996584,-0.03500140011310578,-0.05534603595733643,-0.05099810361862183,-0.03276751637458802
A_unseen_anchor_seen_family,49,25,AQ6,-0.012244462966918945,0.0,-0.010834091156721116,0.01693669189497465,0.01434493362903595,0.013413825631141664,0.03691230118274689,0.035466885566711424,0.023842771351337434,0.00768926739692688,0.009177250415086746,-0.012430736422538759,0.005322107672691346,0.03422714471817017,0.022716233134269716,0.008024981617927552,0.004576434195041656,-0.022090257704257966,0.009177250415086746,0.002443525940179825,0.00502210557460785,-0.013867074251174928,-0.012430736422538759,0.0006293505430221558,-0.005622222274541855,-0.02060656249523163,0.005322107672691346,0.007034376263618469
A_unseen_anchor_seen_family,49,28,AQ6,-0.03137016296386719,0.0,0.03962638974189758,0.01601760074361092,0.023610273003578187,0.029055804014205933,0.041810646653175354,0.003533643484115601,0.01753235459327698,-0.0029759064316749574,0.003370141983032227,0.0020240992307662964,-0.006553345918655396,0.0027163490653038026,0.01524035930633545,-0.002840204536914826,-0.007761085033416749,-0.01718221604824066,0.003370141983032227,0.0005311444401741028,-0.00019605010747909547,-0.0028242871165275575,0.0020240992307662964,0.004123358428478241,-0.022383905947208405,-0.013374830782413484,-0.006553345918655396,-0.0007485672831535339
A_unseen_anchor_seen_family,49,31,AQ6,-0.026722431182861328,0.0,-0.21349093914031983,-0.014311339282174368,-0.010075052082538605,-0.016119843721389773,0.00013808906078338623,-0.023204800486564637,-0.014902700483798981,-0.02448936253786087,-0.020703920722007753,-0.013630491495132447,-0.027769151329994204,-0.024756446480751038,-0.01559187024831772,-0.02506155073642731,-0.03490438461303711,-0.023983699083328248,-0.020703920722007753,-0.015935660898685457,-0.033821684122085575,-0.017704689502716066,-0.013630491495132447,-0.016477331519126892,-0.04518438577651978,-0.02836674451828003,-0.027769151329994204,-0.02076024115085602
A_unseen_anchor_seen_family,49,34,AQ6,-0.029476642608642578,0.0,-0.08978707790374757,-0.03400100377204424,-0.03007379174232483,-0.018481582403182983,-0.030799680948257448,-0.04258658885955811,-0.036540111899375914,-0.045526584982872015,-0.03702061176300049,-0.041179764270782473,-0.04604910910129548,-0.044400984048843385,-0.03844595849514008,-0.04583397209644318,-0.03849490284919739,-0.018229734897613526,-0.03702061176300049,-0.025066864490509034,-0.04692071080207825,-0.023986758291721345,-0.041179764270782473,-0.03227052092552185,-0.05098414421081543,-0.011012842506170274,-0.04604910910129548,-0.0233714833855629
A_unseen_anchor_seen_family,49,36,AQ6,-0.025336742401123047,0.0,0.06896378993988038,-0.03267959535457184,-0.0436103105545044,-0.04610702991485596,-0.055959570407867434,-0.06067228317260742,-0.055735778808593754,-0.031621509790420534,-0.03553053140640259,-0.03932763636112213,-0.036629807949066166,-0.06168637871742249,-0.054735499620437625,-0.03173063397407532,-0.03850520253181458,0.00336664542555809,-0.03553053140640259,-0.007388507574796677,-0.04651954472064972,0.0007276967167854309,-0.03932763636112213,-0.016569124162197114,-0.04498971998691559,0.011836710572242738,-0.036629807949066166,-0.0061146609485149385
A_unseen_anchor_seen_family,49,39,AQ6,-0.04811549186706543,0.0,0.30319290161132817,-0.019886991161973677,-0.05479352474212647,-0.049552255868911745,-0.06415694355964661,-0.07181994915008545,-0.08912310004234314,-0.056845688819885255,-0.055454170703887945,-0.06495721340179443,-0.06843854188919067,-0.07161145210266114,-0.08655388951301575,-0.05641943812370301,-0.056953567266464236,-0.014170965552330017,-0.055454170703887945,-0.03409514129161835,-0.06643869280815125,-0.02346051335334778,-0.06495721340179443,-0.041744092106819154,-0.07109720706939697,-0.007389205694198609,-0.06843854188919067,-0.03273041844367981
A_unseen_anchor_seen_family,50,20,AQ6,-5.912038803100586,0.3600000381469727,0.12312017679214478,0.35278334967828695,0.3265714168548584,0.31563146114349366,0.32824234962463383,0.27697076797485354,0.3147841215133667,0.30755004882812503,0.26509671211242675,0.29233531951904296,0.2766381502151489,0.27863583564758304,0.3159754276275635,0.307633638381958,0.2615366935729981,0.3569474220275879,0.26509671211242675,0.30951058864593506,0.2754574537277222,0.3743975639343262,0.29233531951904296,0.3275628089904785,0.26249561309814456,0.36710515022277834,0.2766381502151489,0.3185964107513428
A_unseen_anchor_seen_family,50,23,AQ6,-6.035080194473267,0.2400000333786011,0.143967866897583,0.23858999249582716,0.21112873554229739,0.2117570161819458,0.20818963050842287,0.16024534702301027,0.1834389328956604,0.16698442697525026,0.16716172695159914,0.2313873291015625,0.21809859275817872,0.15951147079467776,0.18281980752944949,0.167413592338562,0.15321190357208253,0.23017439842224122,0.16716172695159914,0.18813406229019167,0.15070850849151612,0.2446218013763428,0.2313873291015625,0.20255880355834963,0.1329849362373352,0.22516381740570068,0.21809859275817872,0.1823472023010254
A_unseen_anchor_seen_family,50,25,AQ6,-6.09942626953125,0.1600000262260437,-0.010834091156721116,0.16910239886453238,0.14055533409118653,0.13198150396347047,0.13787486553192138,0.1403055429458618,0.12902321815490722,0.1149412751197815,0.12576332092285156,0.18954982757568362,0.14664649963378906,0.1384938359260559,0.12813570499420165,0.11555588245391846,0.11435679197311402,0.1712573766708374,0.12576332092285156,0.1393855690956116,0.10582123994827271,0.19430843591690064,0.18954982757568362,0.15403146743774415,0.09823434948921204,0.18145047426223757,0.14664649963378906,0.15120508670806887
A_unseen_anchor_seen_family,50,28,AQ6,-6.218839645385742,0.04000002145767212,0.03962638974189758,0.06350726359285362,0.05539859533309937,0.049365258216857916,0.056559741497039795,0.03767487704753876,0.027557200193405153,0.015266159176826478,0.021147701144218448,0.05830820202827454,0.027102556824684144,0.03721846044063568,0.024945297837257387,0.015972796082496642,0.006971114873886109,0.05504482984542847,0.021147701144218448,0.03632928729057312,0.0036174267530441288,0.06946614980697632,0.05830820202827454,0.04145097136497498,0.0024666637182235718,0.056902015209198,0.027102556824684144,0.04456796348094941
A_unseen_anchor_seen_family,50,31,AQ6,-0.04067039489746094,-0.07999998927116395,0.7182290554046631,-0.04651423276138947,-0.04816814661026001,-0.04772078990936279,-0.03655313849449158,-0.06844177246093751,-0.06748136878013611,-0.0932936429977417,-0.0860469162464142,-0.0699204444885254,-0.08351004123687744,-0.07039581537246704,-0.07121841907501221,-0.09270150661468507,-0.09949240684509278,-0.06697380542755127,-0.0860469162464142,-0.07203206419944763,-0.08905062675476075,-0.05383196473121643,-0.0699204444885254,-0.07147263288497925,-0.09609404802322388,-0.06539630293846131,-0.08351004123687744,-0.07029327154159547
A_unseen_anchor_seen_family,50,34,AQ6,6.121395826339722,-0.2,1.609951400756836,-0.1316034888103266,-0.16761995553970338,-0.14720110893249513,-0.1679933309555054,-0.1683942198753357,-0.17941118478775026,-0.1846901297569275,-0.1816039800643921,-0.16460013389587402,-0.17738548517227173,-0.17042386531829834,-0.1790416955947876,-0.1843488931655884,-0.186985719203949,-0.18287562131881716,-0.1816039800643921,-0.17480297088623048,-0.16971530914306643,-0.17244614362716676,-0.16460013389587402,-0.16759440898895264,-0.17692291736602783,-0.17731897830963136,-0.17738548517227173,-0.17502975463867188
A_unseen_anchor_seen_family,50,36,AQ6,6.070549488067627,-0.2800000190734863,1.2681685447692872,-0.20315859726105076,-0.2445077657699585,-0.2436687231063843,-0.24460346698760987,-0.2491781234741211,-0.24797914028167725,-0.2262842893600464,-0.24690370559692384,-0.24289443492889407,-0.23383870124816897,-0.25002026557922363,-0.24992895126342773,-0.22586820125579835,-0.24640183448791506,-0.2649057149887085,-0.24690370559692384,-0.24919185638427735,-0.24542551040649416,-0.2450865983963013,-0.24289443492889407,-0.24539258480072024,-0.23421070575714112,-0.22783076763153076,-0.23383870124816897,-0.2289299488067627
A_unseen_anchor_seen_family,50,39,AQ6,5.9590513706207275,-0.4,1.7763601303100587,-0.3106289564302145,-0.30725009441375734,-0.30764963626861574,-0.2872154235839844,-0.32468318939208984,-0.3239515066146851,-0.34858131408691406,-0.3186079978942871,-0.30878064632415775,-0.32132720947265625,-0.32523322105407715,-0.326708459854126,-0.34846899509429935,-0.31137354373931886,-0.3515293836593628,-0.3186079978942871,-0.3296807050704956,-0.30969905853271484,-0.3433469533920288,-0.30878064632415775,-0.32005014419555666,-0.31667790412902835,-0.35546255111694336,-0.32132720947265625,-0.33472275733947754
A_unseen_anchor_seen_family,52,20,AQ6,-6.223735332489014,0.0,0.12312017679214478,0.03450450670719846,0.06534457206726074,0.05618881583213806,0.057517850399017335,0.03961414098739624,0.050427794456481934,0.01995101422071457,0.02024543285369873,0.026370915770530703,0.007730691134929657,0.04098848104476929,0.05178841948509216,0.02003975659608841,0.02268583178520203,-0.02967756986618042,0.02024543285369873,-0.0020019084215164187,0.02729456424713135,-0.01807095855474472,0.026370915770530703,0.007179345190525055,0.010307253152132035,-0.02414238899946213,0.007730691134929657,-0.0015631780028343202
A_unseen_anchor_seen_family,52,23,AQ6,-6.234439373016357,0.0,0.143967866897583,0.03515910943742889,0.05111186504364014,0.07113883495330811,0.05881263613700867,0.044815209507942204,0.04865130186080933,0.031270289421081544,0.00042633023113012317,-0.025922471284866334,-0.01611314117908478,0.04393211901187897,0.048300874233245854,0.03191763758659363,0.014462687075138092,-0.048322838544845585,0.00042633023113012317,-0.01600766032934189,0.017834755778312682,-0.0364793986082077,-0.025922471284866334,-0.009681395441293717,0.023626285791397098,-0.023196434974670412,-0.01611314117908478,0.004714905470609665
A_unseen_anchor_seen_family,52,27,AQ6,-6.234201669692993,0.0,0.06803289651870728,0.0379938044356852,0.040802815556526185,0.04933286309242249,0.05664814710617066,0.06286981105804444,0.05701890587806702,0.035127103328704834,0.015488769114017488,-0.012642927467823029,0.00917164608836174,0.06339102983474731,0.055585515499114994,0.03505986630916596,0.0337634950876236,-0.03504851162433625,0.015488769114017488,-0.0009329207241535187,0.03703874945640564,-0.019597312808036806,-0.012642927467823029,0.009373651444911956,0.030633875727653505,-0.026903980970382692,0.00917164608836174,0.0042344599962234495
A_unseen_anchor_seen_family,52,30,AQ6,-6.238706350326538,0.0,0.17852301597595216,0.018988057090305623,0.06701419353485108,0.06015630960464478,0.08076788187026979,0.052668094635009766,0.03583607375621796,0.02870432734489441,0.007234438508749008,0.005714391171932221,0.012049828469753266,0.052174305915832525,0.03393579125404358,0.028669995069503785,0.023782032728195193,-0.057406628131866456,0.007234438508749008,-0.013102936744689942,0.028437528014183047,-0.0375292718410492,0.005714391171932221,-0.004089838266372681,0.032946217060089114,-0.04154881238937378,0.012049828469753266,-0.0018754728138446809
A_unseen_anchor_seen_family,52,33,AQ6,-6.24781346321106,0.0,0.27490522861480715,0.02960826446051016,0.031149333715438845,0.027803343534469605,0.03152300417423248,0.04511483013629913,0.031794977188110356,0.05209641456604004,0.023734939098358155,-0.007405437529087067,0.014186224341392517,0.04319998621940613,0.02824614942073822,0.05157718062400818,0.033063778281211854,-0.0313130795955658,0.023734939098358155,0.0037806622684001924,0.01867009699344635,-0.061031514406204225,-0.007405437529087067,-0.02566562294960022,0.033907520771026614,-0.038299137353897096,0.014186224341392517,0.00014760270714759828
A_unseen_anchor_seen_family,52,36,AQ6,-6.231778144836426,0.0,0.12810142040252687,0.04428608749785578,0.04985190629959107,0.056600439548492434,0.03980994820594788,0.02335517108440399,0.052307224273681646,0.07047808170318604,0.026126909255981448,0.028823941946029663,0.03717707097530365,0.02263123393058777,0.05003526210784912,0.07008668184280396,0.036635690927505495,-0.040714180469512945,0.026126909255981448,-0.0006866438314318658,0.03649405241012573,-0.026728153228759766,0.028823941946029663,0.004597093537449837,0.044026318192482,-0.022859351336956026,0.03717707097530365,0.018044161796569824
A_unseen_anchor_seen_family,52,40,AQ6,-6.232078313827515,0.0,0.1847869873046875,0.04609809929208258,0.051092523336410525,0.04922267198562622,0.06263375282287598,-0.004952095448970795,0.016666868329048158,0.04037762880325318,0.03751266896724701,0.05077283382415772,0.03652821779251099,-0.005119913816452027,0.015845853090286254,0.04084586203098298,0.041300469636917116,-0.01302257776260376,0.03751266896724701,0.017464083433151246,0.05204703807830811,-0.004310020804405213,0.05077283382415772,0.023487761616706848,0.03500539362430573,-0.04913784265518189,0.03652821779251099,9.159594774246217e-05
A_unseen_anchor_seen_family,52,43,AQ6,0.03379201889038086,0.0,0.25075826644897464,0.0036776284425928704,0.01822946071624756,0.012865372002124786,0.008202563226222993,0.003595288097858429,0.011652141809463501,0.04154845774173737,-0.005685965716838837,0.041528868675231936,0.04926992058753968,0.006901887059211732,0.007013384997844697,0.041809219121932986,-0.0026394814252853394,-0.05249907970428467,-0.005685965716838837,-0.025401163101196292,0.04047095775604248,-0.0016258209943771362,0.041528868675231936,0.022071944177150728,0.052232360839843756,-0.006575144827365875,0.04926992058753968,0.03152932822704315
A_unseen_anchor_seen_family,53,20,AQ6,-6.238702297210693,0.0,0.12312017679214478,0.017649873990612294,0.03184475004673004,0.008821776509284973,0.046232253313064575,0.03137917518615723,0.03352887630462647,-0.007571279257535935,0.003996922448277473,0.018322277069091796,-0.01702805906534195,0.03207949995994568,0.035652038455009465,-0.007308261841535569,0.005291599780321121,-0.04335301518440247,0.003996922448277473,-0.017112922668457032,0.017231717705726624,-0.018099549412727355,0.018322277069091796,0.006998862326145172,-0.01655682623386383,-0.055239695310592654,-0.01702805906534195,-0.028656890988349917
A_unseen_anchor_seen_family,53,23,AQ6,-6.245075702667236,0.0,0.143967866897583,0.005340339000738291,-0.004551354050636292,0.03652521669864655,0.030992576479911806,0.01850455403327942,0.012982466816902162,-0.015593293309211732,-1.3791024684906006e-05,-0.02691514790058136,-0.0576043963432312,0.01729913055896759,0.012056893110275269,-0.014906209707260133,0.00037205573171377186,-0.04249214828014374,-1.3791024684906006e-05,-0.01569359004497528,-0.0017963649705052378,-0.03688969612121582,-0.02691514790058136,-0.012681511044502259,-0.032716935873031615,-0.06265246272087098,-0.0576043963432312,-0.0389563262462616
A_unseen_anchor_seen_family,53,27,AQ6,0.021059751510620117,0.0,0.06803289651870728,0.024885372399819174,0.004751881211996079,0.009707991778850556,0.02682272493839264,0.013398894667625429,0.019238221645355227,-0.0028308391571044925,0.004931671917438507,-0.007269741594791413,-0.013070766627788544,0.013269205391407014,0.017693226039409638,-0.002829690277576447,-0.004306654632091522,-0.020247770845890047,0.004931671917438507,0.00019804686307907106,0.004171661287546158,-0.014919516444206238,-0.007269741594791413,0.0038999594748020173,-0.029109334945678713,-0.035221886634826664,-0.013070766627788544,-0.012519276142120362
A_unseen_anchor_seen_family,53,30,AQ6,0.012319087982177734,0.0,0.17852301597595216,0.006222368998783253,0.033106058835983276,0.030447733402252198,0.04995479881763459,0.007545784115791321,0.0040360972285270694,-0.016152566671371462,0.0023588240146636963,-0.0014342114329338074,-0.017067152261734008,0.006538977473974228,0.0013273060321807861,-0.01612011343240738,-0.007228828966617584,-0.013495638966560364,0.0023588240146636963,0.001219463348388672,-0.008032990992069245,-0.014439277350902557,-0.0014342114329338074,-0.005302542448043824,-0.02803710103034973,-0.022015853226184847,-0.017067152261734008,-0.00834176316857338
A_unseen_anchor_seen_family,53,33,AQ6,0.013563871383666992,0.0,-0.058912748098373414,0.006727147050715679,-0.03210912346839905,-0.0020997632294893266,-0.018303366005420686,-0.000796913355588913,0.028325259685516357,-0.013314107060432435,0.0020886309444904327,0.017584823071956635,-0.015851935744285586,-0.0005655840039253236,0.026779896020889284,-0.012685298919677734,-0.004609020799398423,0.012923029065132142,0.0020886309444904327,0.01331286281347275,0.003980167210102081,0.01873921900987625,0.017584823071956635,0.022780901193618776,-0.024968026578426363,-0.03125618398189545,-0.015851935744285586,-0.014315202832221985
A_unseen_anchor_seen_family,53,36,AQ6,0.024713993072509766,0.0,-0.19121254682540895,-0.03350040190913817,-0.03373238742351532,-0.058673602342605595,-0.015726272761821748,0.03206814527511597,-0.00840577706694603,-0.008989597856998445,-0.013866320252418518,-0.01665569543838501,-0.003911521658301354,0.0305665522813797,-0.00990540310740471,-0.009065093100070953,-0.013836689293384552,0.007181101292371751,-0.013866320252418518,0.0014910362660884857,-0.018590116500854494,0.009562713652849199,-0.01665569543838501,-0.0023148059844970703,-0.0032337069511413578,0.03175618648529053,-0.003911521658301354,0.022141492366790774
A_unseen_anchor_seen_family,53,40,AQ6,0.02332758903503418,0.0,0.13330925703048707,-0.027325200517799436,-0.08454908132553102,-0.06868723630905152,-0.10144222974777223,-0.09474597573280336,-0.08220264911651612,-0.07122980356216431,-0.06297270059585572,-0.045168519020080566,-0.06837273836135864,-0.09567347764968873,-0.08199576139450074,-0.07031997442245484,-0.059587621688842775,-0.009131156653165818,-0.06297270059585572,-0.03052903413772583,-0.04453636109828949,-0.00670364648103714,-0.045168519020080566,-0.020352727174758913,-0.06680324673652649,-0.005278776586055756,-0.06837273836135864,-0.028194555640220643
A_unseen_anchor_seen_family,53,43,AQ6,0.021881818771362305,0.0,0.039806398749351504,0.03840594686742625,-0.03529505431652069,-0.03221309185028076,-0.0399017333984375,-0.04578500986099243,-0.015604352951049805,0.00022222772240638734,-0.012142868340015413,0.01360173374414444,0.005620025098323822,-0.047630155086517335,-0.01436423510313034,0.0007548630237579346,-0.009407378733158112,0.035453575849533084,-0.012142868340015413,0.023288649320602418,0.018364092707633974,0.05532326102256775,0.01360173374414444,0.04494364857673645,0.010775594413280487,0.07143036127090455,0.005620025098323822,0.05233687162399292
A_unseen_anchor_seen_family,54,20,AQ6,-5.868555068969727,0.48000001907348633,0.12312017679214478,0.4523282158598216,0.4380383014678955,0.43672943115234375,0.4406199932098389,0.37599143981933597,0.4030679225921631,0.4035511016845703,0.3702523708343506,0.3781939029693604,0.37279977798461916,0.3769936800003052,0.4044683456420899,0.40354995727539067,0.37213208675384524,0.4459875583648682,0.3702523708343506,0.4087434768676758,0.3691156387329102,0.4374616622924805,0.3781939029693604,0.4054600238800049,0.367095947265625,0.44096021652221684,0.37279977798461916,0.4046266555786133
A_unseen_anchor_seen_family,54,23,AQ6,-5.9767746925354,0.3600000381469727,0.143967866897583,0.32351176550262173,0.3171085357666016,0.3277956008911133,0.31483576297760013,0.24036593437194825,0.29746031761169434,0.27707662582397463,0.25912396907806395,0.3521756649017334,0.3194338083267212,0.23957803249359133,0.2968394041061401,0.2777366638183594,0.24499289989471437,0.32587590217590334,0.25912396907806395,0.28304975032806395,0.26878697872161866,0.36478536128997807,0.3521756649017334,0.3210946083068848,0.23406214714050294,0.32595310211181644,0.3194338083267212,0.281575608253479
A_unseen_anchor_seen_family,54,27,AQ6,-6.0900352001190186,0.20000002384185792,0.06803289651870728,0.2145164098345509,0.177270245552063,0.16567299365997315,0.16262876987457275,0.1568341851234436,0.16066648960113528,0.14425396919250488,0.15000703334808352,0.217164421081543,0.15188403129577638,0.15613067150115967,0.15871328115463257,0.14479830265045165,0.1359656572341919,0.19842400550842287,0.15000703334808352,0.16421078443527223,0.13359718322753908,0.22924318313598635,0.217164421081543,0.18530741930007935,0.11571261882781983,0.20561366081237795,0.15188403129577638,0.1709547758102417
A_unseen_anchor_seen_family,54,30,AQ6,-6.1857640743255615,0.08000003099441529,0.17852301597595216,0.0865196279120502,0.09778983592987062,0.10152162313461305,0.1062328577041626,0.07471904754638672,0.05394011735916138,0.047947394847869876,0.053209662437438965,0.07398749589920044,0.046125560998916626,0.07326977252960205,0.05039513111114502,0.048726582527160646,0.03999059796333313,0.09155672192573548,0.053209662437438965,0.07212107181549073,0.039230093359947205,0.10346474647521973,0.07398749589920044,0.07626349925994874,0.02648182809352875,0.08316662311553956,0.046125560998916626,0.06712093353271485
A_unseen_anchor_seen_family,54,33,AQ6,6.21775484085083,-0.11999999284744263,1.6771574020385742,-0.04218600879654149,-0.10326600074768066,-0.10326062440872193,-0.09353176951408387,-0.08811410665512086,-0.08984302282333374,-0.10969465970993042,-0.09233371615409852,-0.08615810871124269,-0.07876594066619874,-0.08989063501358033,-0.09157668352127075,-0.10924377441406251,-0.10395051240921022,-0.07335277795791627,-0.09233371615409852,-0.07646380662918091,-0.10794833898544312,-0.06368213891983032,-0.08615810871124269,-0.08532789945602418,-0.09236299991607666,-0.052735477685928345,-0.07876594066619874,-0.06328578591346741
A_unseen_anchor_seen_family,54,36,AQ6,-0.15164852142333984,-0.24000000953674316,1.2632528305053712,-0.15799754956807968,-0.18213094472885133,-0.19733657836914065,-0.1959782123565674,-0.17785394191741943,-0.2016056537628174,-0.1986986517906189,-0.19558277130126955,-0.19000002145767214,-0.191526997089386,-0.18056536912918092,-0.20166189670562745,-0.19836990833282472,-0.20308480262756348,-0.19926064014434816,-0.19558277130126955,-0.18750991821289065,-0.19756598472595216,-0.19334042072296143,-0.19000002145767214,-0.19091544151306153,-0.1963997006416321,-0.19070348739624024,-0.191526997089386,-0.18693283796310425
A_unseen_anchor_seen_family,54,40,AQ6,-0.27585625648498535,-0.4,1.5152501106262208,-0.3479139388623758,-0.3083662509918213,-0.2924216270446777,-0.3238532066345215,-0.3638334751129151,-0.3895340442657471,-0.37828428745269777,-0.36782968044281006,-0.37363867759704594,-0.3988771438598633,-0.36586546897888184,-0.39182252883911134,-0.37800323963165283,-0.35613760948181156,-0.3961960792541504,-0.36782968044281006,-0.3782209873199463,-0.368914794921875,-0.40024418830871583,-0.37363867759704594,-0.38463678359985354,-0.38955454826354985,-0.42419137954711916,-0.3988771438598633,-0.4103724479675293
A_unseen_anchor_seen_family,54,43,AQ6,-0.35316038131713867,-0.5199999809265137,0.9772150993347168,-0.43832641968207364,-0.4676711082458496,-0.418643856048584,-0.4530524253845215,-0.4964664936065674,-0.4409965515136719,-0.42880277633666997,-0.41969208717346196,-0.42967748641967773,-0.4128922462463379,-0.494186544418335,-0.44301872253417973,-0.42849121093750003,-0.4132384300231934,-0.46351137161254885,-0.41969208717346196,-0.4331240653991699,-0.42966551780700685,-0.45621395111083984,-0.42967748641967773,-0.43761901855468754,-0.4091806411743164,-0.4578882217407227,-0.4128922462463379,-0.43055539131164555
A_unseen_anchor_seen_family,56,20,AQ7,0.07509040832519531,0.0,0.054995167255401614,0.03303411859314815,0.04716178774833679,0.038188582658767706,0.042852658033370974,0.016543009877204896,0.022793492674827578,0.010598437488079072,0.02724951207637787,0.03415897488594055,0.029630967974662782,0.018302237987518313,0.023458436131477356,0.011291742324829102,0.029132384061813357,-0.024492384493350984,0.02724951207637787,0.005690010637044907,0.038602268695831304,-0.012911128997802735,0.03415897488594055,0.013026657700538636,0.03261603116989136,-0.004587358981370926,0.029630967974662782,0.019680067896842957
A_unseen_anchor_seen_family,56,23,AQ7,0.08879780769348145,0.0,0.1343375325202942,0.0264240506784315,0.03892476260662079,0.026620113849639894,0.024512164294719696,0.00376444086432457,0.014302726089954377,0.010697412490844728,0.014265409111976624,-0.0012500759214162827,-0.0034096077084541324,0.004807273298501969,0.014833134412765504,0.011679179966449738,0.02514877021312714,-0.035418379306793216,0.014265409111976624,-0.0013544958084821701,0.02667401432991028,-0.02703804671764374,-0.0012500759214162827,0.0013290200382471086,0.026638567447662354,-0.028909781575202943,-0.0034096077084541324,0.005967465043067933
A_unseen_anchor_seen_family,56,25,AQ7,0.07940173149108887,0.0,0.05856481194496155,0.029192434215904464,0.02279198467731476,0.026026237010955813,0.021039266884326936,0.014746911823749542,0.023463693261146546,0.010450311005115509,0.0038512498140335083,-0.02080725729465485,0.0018467627465724946,0.016049809753894806,0.024611184000968934,0.01179022863507271,0.02329171895980835,-0.04830114245414734,0.0038512498140335083,-0.011847566068172456,0.026967868208885193,-0.031991046667099,-0.02080725729465485,-0.000713849812746048,0.028123921155929568,-0.03238744735717774,0.0018467627465724946,0.001166272908449173
A_unseen_anchor_seen_family,56,28,AQ7,0.06734609603881836,0.0,0.11934967041015626,0.03199158979119062,0.020410016179084778,0.008167969435453415,0.015318065881729126,0.009220045804977418,0.01863718330860138,0.0049902360886335375,0.0005855359137058258,-0.011326187849044801,0.009002065658569336,0.0109613336622715,0.019367663562297823,0.005805756896734238,0.020573148131370546,-0.0551057517528534,0.0005855359137058258,-0.017281611263751984,0.021565487980842592,-0.04410061538219452,-0.011326187849044801,-0.014274290204048157,0.02755800485610962,-0.03983352184295655,0.009002065658569336,-0.0038338184356689455
A_unseen_anchor_seen_family,56,31,AQ7,0.0777745246887207,0.0,0.02517514526844025,0.018220463046695192,0.025371271371841433,0.015435828268527985,0.04239304959774018,0.007673881947994232,0.008867625147104263,0.025142723321914674,0.011909274756908417,-0.0027177631855010986,0.020081785321235657,0.007339711487293244,0.01025959998369217,0.02552623748779297,0.019801047444343568,-0.03628678917884827,0.011909274756908417,-0.003741845116019249,0.025929528474807742,-0.051774758100509646,-0.0027177631855010986,-0.013492254912853241,0.040077862143516545,-0.033698719739913945,0.020081785321235657,0.008205220848321915
A_unseen_anchor_seen_family,56,34,AQ7,0.08640360832214355,0.0,-0.2247408390045166,0.030638225515534162,0.025552988052368164,0.03204584717750549,0.031124824285507204,0.0399221807718277,0.029564571380615235,0.05231003761291504,0.03336073160171509,0.03241538405418396,0.03803313970565796,0.03875049352645874,0.029507914185523988,0.05186218023300171,0.04314515292644501,-0.0256692111492157,0.03336073160171509,0.014294198155403138,0.039515084028244024,-0.01980660855770111,0.03241538405418396,0.01047022044658661,0.04470128417015076,-0.023242129385471346,0.03803313970565796,0.016801324486732484
A_unseen_anchor_seen_family,56,36,AQ7,0.09633231163024902,0.0,-0.11855767965316773,0.04151463606033622,0.059404742717742924,0.03345349431037903,0.05124384760856629,0.048845610022544866,0.04309976696968079,0.05787270069122315,0.036630538105964665,0.04174678921699524,0.055762326717376715,0.04832957088947296,0.04138131141662598,0.057486826181411745,0.04441507756710053,-0.023221793770790103,0.036630538105964665,0.014913997054100037,0.04508394300937653,-0.01184910386800766,0.04174678921699524,0.01888355016708374,0.06004819869995118,-0.00447426438331604,0.055762326717376715,0.03435657024383545
A_unseen_anchor_seen_family,56,39,AQ7,0.10307908058166504,0.0,0.16294342279434204,0.028529710848662532,0.06550945043563842,0.07323550581932069,0.06963145136833192,0.05676383972167969,0.04851105213165283,0.06073528528213501,0.045983231067657476,0.03827846944332123,0.0407291054725647,0.05976411700248718,0.04741239845752716,0.061269867420196536,0.0477538138628006,-0.011258625984191896,0.045983231067657476,0.027752572298049928,0.03847865164279938,-0.00494106262922287,0.03827846944332123,0.022113636136054993,0.04178850054740906,-0.030725485086441042,0.0407291054725647,0.014614306390285492
A_unseen_anchor_seen_family,57,20,AQ7,0.010296821594238281,0.0,0.054995167255401614,0.018320776440655648,0.030049842596054078,0.01429433822631836,0.030616697669029237,0.0045196726918220525,-0.013080921769142152,-0.016416387259960176,0.014871712028980256,0.017143629491329193,0.00364564061164856,0.005705913901329041,-0.012391191720962525,-0.01569599360227585,0.01656670868396759,-0.03302170038223267,0.014871712028980256,-0.00464121550321579,0.014000239968299867,-0.021916282176971436,0.017143629491329193,0.006414720416069031,0.003571548312902451,-0.03251481950283051,0.00364564061164856,-0.006681802868843079
A_unseen_anchor_seen_family,57,23,AQ7,0.005361318588256836,0.0,0.1343375325202942,0.011020061133358615,0.007555053383111954,-0.0016664620488882065,0.014100362360477448,-0.005857602134346962,-0.0129437655210495,-0.020556855201721194,0.003935398161411286,-0.005322469770908356,-0.01729271113872528,-0.0051713727414608,-0.012392792105674745,-0.019779369235038757,0.001143074780702591,-0.03506144583225251,0.003935398161411286,-0.009760178625583649,0.002734315395355225,-0.02680472731590271,-0.005322469770908356,-0.005498698353767395,-0.01681753695011139,-0.03458564877510071,-0.01729271113872528,-0.010880535095930101
A_unseen_anchor_seen_family,57,25,AQ7,-0.005539894104003906,0.0,0.05856481194496155,0.019301429718735053,0.0011918149888515473,0.002117365598678589,0.007051822543144227,-0.006031560897827149,0.009004049003124237,-0.010657667368650437,0.007802517712116242,-0.0076324716210365295,-0.002723023295402527,-0.00439334511756897,0.00995689332485199,-0.009455516934394836,0.0010076850652694703,-0.019572338461875918,0.007802517712116242,0.002148452401161194,0.005537404865026474,-0.015597862005233765,-0.0076324716210365295,0.003623366355895996,-0.018457633256912232,-0.025281360745429995,-0.002723023295402527,-0.001562807708978653
A_unseen_anchor_seen_family,57,28,AQ7,-0.026213645935058594,0.0,0.11934967041015626,0.01507138451521238,-0.004675480723381043,-0.020269927382469178,-0.002430279552936554,-0.034889528155326845,-0.0019405201077461244,-0.028658854961395266,-0.0003822743892669678,0.0010479152202606202,-0.023082681000232697,-0.033049446344375615,-0.0014294251799583436,-0.028062114119529726,-0.01613636910915375,-0.01752180904150009,-0.0003822743892669678,-0.00216364711523056,-0.009520867466926576,-0.007918247580528259,0.0010479152202606202,-0.0025741159915924072,-0.04106869101524353,-0.027718701958656312,-0.023082681000232697,-0.017877361178398134
A_unseen_anchor_seen_family,57,31,AQ7,-0.023630857467651367,0.0,-0.21741783618927002,-0.006256359807462889,-0.018904659152030948,-0.033090305328369145,-0.0022588308900594713,-0.026072734594345094,-0.026839718222618103,-0.017561686038970948,0.003959207981824875,0.005391015112400055,-0.022081439197063447,-0.02531239986419678,-0.02508412003517151,-0.01749795377254486,-0.012480933964252473,0.008244159072637558,0.003959207981824875,0.01184319332242012,-0.014520129561424256,0.010779944062232972,0.005391015112400055,0.00592719241976738,-0.0326138973236084,-0.021198445558547975,-0.022081439197063447,-0.01536974161863327
A_unseen_anchor_seen_family,57,34,AQ7,-0.023889780044555664,0.0,-0.20557181835174562,-0.02326009196112824,-0.052960538864135744,-0.0422479510307312,-0.03298540115356446,-0.03969015181064606,-0.022251227498054506,-0.036801645159721376,-0.03617033362388611,-0.04021183550357819,-0.02863627076148987,-0.039271321892738346,-0.025624293088912967,-0.03690896630287171,-0.03230255842208862,-0.02108179181814194,-0.03617033362388611,-0.023260977864265443,-0.041960018873214724,-0.01589956283569336,-0.04021183550357819,-0.027908778190612795,-0.03088323473930359,0.012807801365852356,-0.02863627076148987,0.0010978251695632935
A_unseen_anchor_seen_family,57,36,AQ7,-0.028124332427978516,0.0,0.17577617168426515,-0.09183544176657871,-0.0863613486289978,-0.09848228693008423,-0.06728535890579224,-0.10250320434570313,-0.0890502691268921,-0.05313882231712341,-0.07184687852859498,-0.06506187915802002,-0.07069372534751893,-0.09976387023925781,-0.08983742594718934,-0.05274831056594849,-0.0695960283279419,-0.03629174828529358,-0.07184687852859498,-0.041275838017463685,-0.06489925384521485,-0.03354562222957611,-0.06506187915802002,-0.04531026780605316,-0.0685149610042572,-0.021439199149608613,-0.07069372534751893,-0.03548960685729981
A_unseen_anchor_seen_family,57,39,AQ7,-0.028661012649536133,0.0,-0.008642350137233735,-0.058506177118142925,-0.05803210735321045,-0.046567571163177494,-0.06945675611495972,-0.14186065196990968,-0.10497806072235108,-0.05205150842666626,-0.04921902418136597,-0.044034826755523684,-0.06744267940521241,-0.13832101821899415,-0.10362454652786256,-0.05162245035171509,-0.05037659406661987,0.00552460178732872,-0.04921902418136597,-0.01448025405406952,-0.04369478523731232,-0.010076452791690827,-0.044034826755523684,-0.027673813700675967,-0.0668827772140503,-0.024483101069927217,-0.06744267940521241,-0.042146435379982
A_unseen_anchor_seen_family,58,20,AQ7,0.30122804641723633,0.3600000381469727,0.054995167255401614,0.3479291886888418,0.3445013523101807,0.32179720401763917,0.3326788425445557,0.2849388837814331,0.2951671600341797,0.31129910945892336,0.29070632457733153,0.3039545297622681,0.29273109436035155,0.28667683601379396,0.2952530860900879,0.3121482849121094,0.2843315601348877,0.36450693607330326,0.29070632457733153,0.3297598361968994,0.28989520072937014,0.3823617458343506,0.3039545297622681,0.3391924858093262,0.2809336185455322,0.3833774566650391,0.29273109436035155,0.33505637645721437
A_unseen_anchor_seen_family,58,23,AQ7,0.20043349266052246,0.2400000333786011,0.1343375325202942,0.23313738013513113,0.2182532548904419,0.19836273193359377,0.202903151512146,0.15050411224365234,0.1822974681854248,0.19315257072448733,0.19913969039916993,0.23578467369079592,0.2213834524154663,0.15184359550476076,0.18292579650878907,0.19403064250946045,0.1788448691368103,0.2586262941360474,0.19913969039916993,0.2169069766998291,0.1775928020477295,0.25982418060302737,0.23578467369079592,0.2248004674911499,0.16519618034362793,0.25384149551391605,0.2213834524154663,0.21634500026702883
A_unseen_anchor_seen_family,58,25,AQ7,0.1303412914276123,0.1600000262260437,0.05856481194496155,0.17146713668829283,0.1400007486343384,0.12667856216430665,0.1322372794151306,0.09468952417373658,0.11790425777435304,0.11349867582321167,0.12119582891464234,0.17841138839721682,0.12355408668518067,0.0960038185119629,0.11892936229705811,0.11490201950073242,0.10471713542938232,0.16742268800735474,0.12119582891464234,0.1345820426940918,0.09349730014801026,0.1910771131515503,0.17841138839721682,0.14834856986999512,0.07714734673500062,0.1732356071472168,0.12355408668518067,0.13712234497070314
A_unseen_anchor_seen_family,58,28,AQ7,0.04667091369628906,0.04000002145767212,0.11934967041015626,0.0625610473644551,0.03402242660522461,0.0035308182239532472,0.025755196809768677,0.0065106511116027836,0.02226483225822449,0.00035327672958374023,0.025981080532073975,0.04414964318275452,0.018071743845939636,0.008362352848052979,0.022137758135795594,0.0013254225254058839,0.011823090910911561,0.062002748250961304,0.025981080532073975,0.040677773952484134,0.000908544659614563,0.0668020248413086,0.04414964318275452,0.039517796039581304,0.0010650485754013061,0.04762106537818909,0.018071743845939636,0.03662247061729431
A_unseen_anchor_seen_family,58,31,AQ7,0.01990365982055664,-0.07999998927116395,0.6573296070098877,-0.03951466321091666,-0.06255604028701782,-0.08073920011520386,-0.0502289891242981,-0.0857561469078064,-0.05577486753463745,-0.07318508625030518,-0.07278493642807007,-0.05168807506561279,-0.06310192346572877,-0.08535706996917725,-0.05585195422172547,-0.07269967794418335,-0.08880606889724732,-0.05255280733108521,-0.07278493642807007,-0.05815224647521973,-0.07051976919174195,-0.038592129945755005,-0.05168807506561279,-0.05303303003311158,-0.07305687069892884,-0.04837104678153992,-0.06310192346572877,-0.05085225105285645
A_unseen_anchor_seen_family,58,34,AQ7,-0.07972121238708496,-0.2,1.5567612648010254,-0.15765833879634805,-0.15311195850372317,-0.1844631314277649,-0.15266014337539674,-0.2233332395553589,-0.1832113265991211,-0.18693997859954836,-0.18609212636947634,-0.17419779300689697,-0.18612565994262698,-0.22137186527252198,-0.18489575386047363,-0.18596549034118653,-0.1869452238082886,-0.19105920791625977,-0.18609212636947634,-0.18087093830108644,-0.17573409080505373,-0.17983168363571167,-0.17419779300689697,-0.1769270181655884,-0.18557125329971313,-0.19062949419021608,-0.18612565994262698,-0.18631079196929934
A_unseen_anchor_seen_family,58,36,AQ7,-0.13986444473266602,-0.2800000190734863,1.3732107162475586,-0.23833352276601236,-0.23927192687988283,-0.26380205154418945,-0.2403434753417969,-0.28467822074890137,-0.2529253721237183,-0.24711341857910157,-0.2586920022964478,-0.25608372688293457,-0.25076606273651125,-0.2839985847473145,-0.2552895784378052,-0.2467538356781006,-0.25950796604156495,-0.27455613613128665,-0.2586920022964478,-0.25913889408111573,-0.2591957807540894,-0.26961255073547363,-0.25608372688293457,-0.26277952194213866,-0.2484395980834961,-0.2553116798400879,-0.25076606273651125,-0.25199294090270996
A_unseen_anchor_seen_family,58,39,AQ7,-0.202284574508667,-0.4,1.3043427467346191,-0.32413734653776816,-0.32338705062866213,-0.33828573226928715,-0.30866560935974124,-0.38433728218078617,-0.3395716190338135,-0.3285907030105591,-0.35995535850524907,-0.326694917678833,-0.3275829553604126,-0.38192372322082524,-0.33907122611999513,-0.32825961112976076,-0.34949398040771484,-0.38269150257110596,-0.35995535850524907,-0.36800241470336914,-0.32613179683685306,-0.3523381471633911,-0.326694917678833,-0.337130069732666,-0.32301523685455324,-0.34772372245788574,-0.3275829553604126,-0.3376375436782837
A_unseen_anchor_seen_family,60,20,AQ7,0.07032990455627441,0.0,0.054995167255401614,0.0329542987414849,0.05494994521141053,0.03322350680828095,0.042652818560600284,0.011873666197061539,0.01829347908496857,0.012845122814178468,0.026323944330215454,0.031874132156372074,0.034087279438972475,0.01399587243795395,0.01883898973464966,0.013541719317436219,0.026940500736236574,-0.026011836528778077,0.026323944330215454,0.004660841077566147,0.035780584812164305,-0.014233337342739107,0.031874132156372074,0.011372226476669313,0.03740029335021973,-0.0008723005652427674,0.034087279438972475,0.024197137355804445
A_unseen_anchor_seen_family,60,23,AQ7,0.0783388614654541,0.0,0.1343375325202942,0.024472439325979076,0.0392036259174347,0.027406245470046997,0.01805640459060669,-0.0007807098329067231,0.020036473870277405,0.00941547527909279,0.0127389594912529,-0.0008508451282978058,-0.003856666386127472,0.00041661262512207033,0.020133671164512635,0.010412167012691499,0.02755233645439148,-0.03725290596485138,0.0127389594912529,-0.003100673481822014,0.03170790374279022,-0.02926570773124695,-0.0008508451282978058,0.001828005351126194,0.03220367431640625,-0.028408953547477724,-0.003856666386127472,0.005368550121784211
A_unseen_anchor_seen_family,60,25,AQ7,0.06777644157409668,0.0,0.05856481194496155,0.021684855232918628,0.01817156672477722,0.028132623434066775,0.016321715712547303,0.00494484156370163,0.021436795592308044,0.014861762523651123,-0.00011842101812362671,-0.026624837517738344,0.01069086417555809,0.006336526572704316,0.02247501313686371,0.016356875002384186,0.02081655263900757,-0.056454437971115115,-0.00011842101812362671,-0.016853655874729156,0.024957527220249177,-0.04133132696151734,-0.026624837517738344,-0.006159597262740135,0.036485555768013,-0.025741744041442874,0.01069086417555809,0.010055354237556458
A_unseen_anchor_seen_family,60,28,AQ7,0.05369925498962402,0.0,0.11934967041015626,0.0298300914995695,0.019955185055732728,0.009692929685115814,0.023398248851299288,-0.0010938256978988649,0.02763529717922211,0.008734721690416336,-0.000682424008846283,-0.007481282949447632,0.015579578280448914,0.00048467963933944706,0.02820637822151184,0.009611095488071443,0.014460551738739015,-0.05841755270957947,-0.000682424008846283,-0.019757097959518435,0.02566516399383545,-0.03934953808784485,-0.007481282949447632,-0.010292423516511919,0.031164544820785525,-0.03824499249458313,0.015579578280448914,0.0027207363396883014
A_unseen_anchor_seen_family,60,31,AQ7,0.06389760971069336,0.0,-0.05218847990036011,0.02040635136087889,0.04046753644943238,0.024477452039718628,0.052315431833267215,-0.020564593374729156,0.021464580297470094,0.014706230163574219,-0.00398746021091938,-0.0026692826300859455,0.015192241966724397,-0.02043560892343521,0.02143085598945618,0.014115986227989197,0.010294666886329651,-0.06105594635009766,-0.00398746021091938,-0.02310096323490143,0.023503294587135317,-0.04338860511779785,-0.0026692826300859455,-0.01039881706237793,0.03336386978626251,-0.043016943335533145,0.015192241966724397,-0.0004688158631324768
A_unseen_anchor_seen_family,60,34,AQ7,0.07210850715637207,0.0,-0.15567724704742433,0.02780774009396821,0.01525474786758423,0.013529661297798158,0.028155806660652163,0.03595630526542664,0.021063432097434998,0.039362108707427984,0.02493175268173218,0.02921522855758667,0.0374880999326706,0.033634993433952334,0.020729073882102968,0.03865230977535248,0.03286711275577545,-0.027548915147781374,0.02493175268173218,0.007501479983329774,0.03930536508560181,-0.022898077964782715,0.02921522855758667,0.01004774123430252,0.046655410528182985,-0.02528582811355591,0.0374880999326706,0.01707606315612793
A_unseen_anchor_seen_family,60,36,AQ7,0.07763099670410156,0.0,-0.16006226539611818,0.031153214244239738,0.05070067644119263,0.03918880224227905,0.047941365838050844,0.052174425125122076,0.035098481178283694,0.04631951451301575,0.03126689791679382,0.037595134973526005,0.04257921278476715,0.05011737942695618,0.034676539897918704,0.0459068775177002,0.040907359123229986,-0.022811277210712435,0.03126689791679382,0.010792417824268341,0.04495692849159241,-0.014582955837249757,0.037595134973526005,0.015205737948417664,0.04808537364006043,-0.014073395729064943,0.04257921278476715,0.021754078567028046
A_unseen_anchor_seen_family,60,39,AQ7,0.07769250869750977,0.0,0.26219844818115234,-0.005798739611008317,0.06419664025306702,0.08283277153968811,0.09179867506027223,0.030926096439361575,0.03155958652496338,0.05125724077224732,0.02350582927465439,0.0264693021774292,0.031150305271148683,0.032385754585266116,0.03046315908432007,0.05149444341659546,0.027528762817382812,-0.028299915790557864,0.02350582927465439,0.0069790840148925785,0.028017187118530275,-0.009391625225543977,0.0264693021774292,0.011997722089290619,0.02949342131614685,-0.03564576208591461,0.031150305271148683,0.007119152694940567
A_unseen_anchor_seen_family,61,20,AQ7,0.055145978927612305,0.0,0.054995167255401614,0.04807122350380492,0.03483353853225708,0.03403156101703644,0.043331739306449894,0.03544490933418274,0.020268726348876956,0.0003206327557563782,0.047228616476058964,0.05115475654602051,0.033591821789741516,0.03698306381702423,0.020470654964447024,0.0010246923193335533,0.04631782174110413,4.965662956237793e-05,0.047228616476058964,0.03018433749675751,0.046337547898292544,0.01734263598918915,0.05115475654602051,0.04196826815605164,0.03059003055095673,1.8039345741271975e-05,0.033591821789741516,0.025035542249679566
A_unseen_anchor_seen_family,61,22,AQ7,0.04973292350769043,0.0,0.19278388023376467,0.04116023505407884,0.015833674371242525,0.01344050168991089,0.009007217735052109,0.020040911436080933,-0.005783099308609963,-0.028592568635940552,0.015139773488044739,0.013030801713466645,-0.005836959183216095,0.021458734571933747,-0.006244710087776184,-0.027556508779525757,0.01291622817516327,-0.02236575484275818,0.015139773488044739,0.0019159821793437006,0.012115449458360673,-0.020334921777248383,0.013030801713466645,0.003526332974433899,-0.010776256024837495,-0.030466589331626895,-0.005836959183216095,-0.008121003210544587
A_unseen_anchor_seen_family,61,25,AQ7,0.036566734313964844,0.0,0.05856481194496155,0.010202807099961735,-0.01232776790857315,0.007029044628143311,-0.00528278835117817,-0.04514846801757813,-0.011151797324419023,-0.031563532352447514,-0.034419992566108705,-0.024977570772171023,-0.03318582475185394,-0.04378124475479126,-0.010189286619424821,-0.03041207790374756,-0.03932926952838898,-0.05890505909919739,-0.034419992566108705,-0.039375042915344244,-0.016305848956108093,-0.030890220403671266,-0.024977570772171023,-0.016632077097892762,-0.04535721838474274,-0.05366976857185364,-0.03318582475185394,-0.031482309103012085
A_unseen_anchor_seen_family,61,27,AQ7,0.02376270294189453,0.0,0.13163771629333496,0.030831857688477595,0.003213927149772644,-0.008247590065002442,0.021203431487083438,-0.018872451782226563,-0.001963087171316147,-0.016595321893692016,0.011403772234916688,0.004741252958774567,0.002621430903673172,-0.017810064554214477,-0.0012226931750774384,-0.01603684723377228,-0.004060597717761994,-0.006593719124794006,0.011403772234916688,0.009326358884572982,-0.0008328258991241455,-0.0051297470927238464,0.004741252958774567,0.0027065485715866092,-0.013029286265373231,-0.008120822906494142,0.002621430903673172,0.007198744267225266
A_unseen_anchor_seen_family,61,30,AQ7,0.013801097869873047,0.0,0.03845289051532746,0.046585631805007875,0.006168535351753235,0.010544490069150925,0.02175554633140564,-0.000767466425895691,0.01225745975971222,0.007272288948297501,0.030727797746658327,0.03268537819385529,-0.011410848796367647,-0.0007297910749912263,0.01424197405576706,0.007335284352302552,0.012329106032848359,0.03759863376617432,0.030727797746658327,0.03670401871204376,0.012811161577701569,0.031015828251838684,0.03268537819385529,0.02972097396850586,-0.03228073120117188,0.009158118069171906,-0.011410848796367647,0.0055128179490566255
A_unseen_anchor_seen_family,61,32,AQ7,0.02147984504699707,0.0,-0.25594136714935306,-0.01596111269802658,0.03203141689300537,0.02731696367263794,0.019462256133556368,-0.046869432926177984,-0.012328599393367768,-0.012264421582221985,-0.014707563817501068,0.01623520255088806,0.00939098596572876,-0.04816911220550538,-0.015072870254516603,-0.012589053809642793,-0.02099505960941315,-0.007726600766181946,-0.014707563817501068,-0.006992605328559876,-0.0006274759769439698,0.03613883852958679,0.01623520255088806,0.024365201592445374,0.002587985992431641,0.0011892065405845643,0.00939098596572876,0.013024336099624634
A_unseen_anchor_seen_family,61,35,AQ7,0.031552791595458984,0.0,-0.08217017650604248,-0.056221700821962706,-0.07869752645492555,-0.05487850308418274,-0.04241139888763428,-0.06986438035964966,-0.039432969689369206,-0.04205799400806427,-0.06655919551849365,-0.05799495577812195,-0.03972680866718292,-0.06872642636299134,-0.04270955324172974,-0.04151047468185425,-0.06456766724586487,-0.038749229907989506,-0.06655919551849365,-0.04709362983703613,-0.06048361659049988,-0.027014708518981936,-0.05799495577812195,-0.042239800095558167,-0.041199329495429995,0.011597536504268646,-0.03972680866718292,-0.004544901847839356
A_unseen_anchor_seen_family,61,37,AQ7,0.023957252502441406,0.0,0.16508997678756715,-0.11944536097001622,-0.0788801372051239,-0.11096459627151489,-0.06522170901298523,-0.11819418668746949,-0.07446417808532715,-0.05976781845092774,-0.08725013732910157,-0.07187199592590332,-0.08863412737846375,-0.11640512943267822,-0.07425631284713745,-0.059163314104080204,-0.08880472183227539,-0.039940965175628666,-0.08725013732910157,-0.055343687534332275,-0.0746488094329834,-0.03907690942287445,-0.07187199592590332,-0.05234814882278443,-0.0933728814125061,-0.03892341852188111,-0.08863412737846375,-0.05560818314552307
A_unseen_anchor_seen_family,62,20,AQ7,0.20278167724609375,0.24000000953674316,0.054995167255401614,0.27289587724880326,0.24874134063720704,0.2317748308181763,0.2413193702697754,0.1784379243850708,0.20739891529083254,0.20345983505249024,0.20147330760955812,0.21981585025787354,0.18571165800094605,0.17994866371154786,0.20679750442504885,0.20441575050354005,0.19315400123596194,0.2745800018310547,0.20147330760955812,0.23670773506164552,0.19902931451797487,0.30048604011535646,0.21981585025787354,0.2565697431564331,0.1678496837615967,0.2640366792678833,0.18571165800094605,0.2236416578292847
A_unseen_anchor_seen_family,62,22,AQ7,0.1414177417755127,0.16000001430511476,0.19278388023376467,0.18425769369182043,0.15167407989501955,0.12049469947814942,0.13727415800094606,0.08409831523895264,0.10454092025756836,0.11107031106948853,0.10461108684539795,0.13082823753356934,0.10829831361770631,0.08611317276954651,0.10358052253723145,0.11191333532333375,0.09120646119117737,0.17493433952331544,0.10461108684539795,0.1316227197647095,0.09322489500045777,0.1826645851135254,0.13082823753356934,0.144869065284729,0.06976704597473145,0.16432127952575684,0.10829831361770631,0.12325530052185059
A_unseen_anchor_seen_family,62,25,AQ7,0.032733917236328125,0.04000001251697541,0.05856481194496155,0.04775919705037873,0.0004028141498565674,-0.0019597023725509643,0.01550162434577942,-0.024083641171455384,-0.017605060338974,-0.017634662985801696,-0.026791256666183472,0.03212224841117859,-0.005582487583160401,-0.022263309359550478,-0.016604024171829223,-0.0161990761756897,-0.038310727477073675,0.009811696410179139,-0.026791256666183472,-0.014677560329437256,-0.037900987267494204,0.043529006838798526,0.03212224841117859,0.004795259237289429,-0.03652338981628418,0.03749513626098633,-0.005582487583160401,0.0074100434780120855
A_unseen_anchor_seen_family,62,27,AQ7,-0.0310971736907959,-0.0399999886751175,0.13163771629333496,0.005546639894583233,-0.03593625724315643,-0.06229634284973145,-0.026478043198585512,-0.06516214609146119,-0.04729635119438172,-0.05993785858154297,-0.05421969890594483,-0.0028170555830001835,-0.03633965849876404,-0.06483030319213867,-0.04695985019207001,-0.05908141136169434,-0.06962118148803711,-0.01504276990890503,-0.05421969890594483,-0.03875975012779236,-0.06302584409713745,0.015468767285346985,-0.0028170555830001835,-0.013548609614372254,-0.05897607207298279,-0.0062458723783493045,-0.03633965849876404,-0.016881397366523745
A_unseen_anchor_seen_family,62,30,AQ7,-0.06905674934387207,-0.11999999284744263,0.03845289051532746,-0.05967698339741238,-0.08927047252655029,-0.10625863075256348,-0.07780830264091493,-0.07973215579986573,-0.08723015785217286,-0.0877718210220337,-0.08449028730392456,-0.07083837985992432,-0.07576034665107728,-0.07925065159797669,-0.08565032482147217,-0.08681529760360718,-0.09843211770057679,-0.06329945325851441,-0.08449028730392456,-0.06908919215202332,-0.0958706021308899,-0.05519188046455384,-0.07083837985992432,-0.0727357029914856,-0.0893833875656128,-0.04546153545379639,-0.07576034665107728,-0.05768055319786072
A_unseen_anchor_seen_family,62,32,AQ7,-0.08751082420349121,-0.2,1.3093710899353028,-0.18031276968946455,-0.19276711940765381,-0.21393551826477053,-0.17618489265441895,-0.17959139347076417,-0.2148275136947632,-0.226279354095459,-0.20517258644104006,-0.2052830219268799,-0.2093444585800171,-0.17826681137084963,-0.21773004531860352,-0.22574005126953126,-0.20781681537628174,-0.20927221775054933,-0.20517258644104006,-0.19740741252899172,-0.2117253541946411,-0.20398507118225098,-0.2052830219268799,-0.20760486125946045,-0.21298851966857912,-0.19798731803894043,-0.2093444585800171,-0.20044229030609131
A_unseen_anchor_seen_family,62,35,AQ7,-0.18388676643371582,-0.3200000047683716,1.6055938720703127,-0.24058378145539372,-0.2958440065383911,-0.29274611473083495,-0.2837530612945557,-0.3149922609329224,-0.28946139812469485,-0.2964747428894043,-0.29051847457885743,-0.267511773109436,-0.28997628688812255,-0.3129018545150757,-0.2916408061981201,-0.2960352659225464,-0.29312782287597655,-0.30609505176544194,-0.29051847457885743,-0.29009199142456055,-0.2703732013702393,-0.2760826826095581,-0.267511773109436,-0.27195005416870116,-0.2894580125808716,-0.29008166790008544,-0.28997628688812255,-0.28778648376464844
A_unseen_anchor_seen_family,62,37,AQ7,-0.24237942695617676,-0.4,1.3111123085021974,-0.3660033268354069,-0.332156777381897,-0.32691564559936526,-0.32628057003021244,-0.34110422134399415,-0.3636016845703125,-0.3734087228775025,-0.3695991039276123,-0.3588345527648926,-0.3667948722839356,-0.34095466136932373,-0.36491217613220217,-0.37294623851776126,-0.365115761756897,-0.4047510623931885,-0.3695991039276123,-0.37926478385925294,-0.35891449451446533,-0.3920336961746216,-0.3588345527648926,-0.3696237802505493,-0.36343634128570557,-0.40826325416564946,-0.3667948722839356,-0.38261985778808594
A_unseen_anchor_seen_family,128,20,AQ6,-6.2241151332855225,0.0,0.11948754787445069,0.03184197541019259,0.027882525324821474,0.04345874190330506,0.035809627175331114,0.037757652997970584,0.038920849561691284,0.017564623057842257,0.01433165967464447,0.025114458799362183,0.012894165515899659,0.03885829150676728,0.04034945070743561,0.017824393510818482,0.011739221960306169,0.02124282717704773,0.01433165967464447,-0.005423340201377869,0.02547040581703186,0.03268367946147919,0.025114458799362183,0.006328493356704712,0.01133018881082535,0.018799567222595216,0.012894165515899659,0.0052377752959728244
A_unseen_anchor_seen_family,128,23,AQ6,-6.241611957550049,0.0,0.13271141052246094,0.021185039430290764,0.0337167888879776,0.044978818297386175,0.023281444609165192,0.027184644341468812,0.009580369293689729,-9.577721357345581e-05,-0.008047522604465484,-0.04638038277626038,-0.04328323304653168,0.026160535216331483,0.009462207555770874,0.0004940826445817948,-0.004397858306765557,0.009972441196441651,-0.008047522604465484,-0.02199903130531311,-0.00210848655551672,0.011626137793064118,-0.04638038277626038,-0.020326665043830874,0.0029788224026560785,0.015600189566612244,-0.04328323304653168,-0.0106558196246624
A_unseen_anchor_seen_family,128,25,AQ6,-6.244003057479858,0.0,-0.013849914073944092,0.01536386918935487,0.031278651952743534,0.03983806967735291,0.03590747117996216,0.03511954545974732,0.02187134325504303,0.02027263790369034,0.006713613867759705,-0.0330294132232666,-0.019693161547183993,0.034949153661727905,0.02192039340734482,0.020980530977249147,0.014163279533386232,0.026939046382904053,0.006713613867759705,-0.007976873219013214,0.016483266651630402,0.024745523929595947,-0.0330294132232666,-0.004470691084861755,0.020073610544204715,0.03315105736255646,-0.019693161547183993,0.00334322452545166
A_unseen_anchor_seen_family,128,28,AQ6,-6.2482993602752686,0.0,-0.01774408519268036,0.02077967513442483,0.04597058892250061,0.051197957992553715,0.04416593313217163,0.033608663082122806,0.024265193939208986,0.020795497298240664,0.008636708557605744,-0.027049922943115236,0.00750701203942299,0.033308351039886476,0.02424113154411316,0.02159664183855057,0.008190807700157166,0.029864054918289185,0.008636708557605744,-0.007056578993797302,0.023081363737583162,0.033988463878631595,-0.027049922943115236,0.0003379836678504944,0.017592762410640717,0.036797964572906496,0.00750701203942299,0.0034558877348899843
A_unseen_anchor_seen_family,128,31,AQ6,-6.2491774559021,0.0,-0.00847260355949402,0.004478303463303439,0.05231420993804932,0.03205587863922119,0.046165978908538824,0.002841174602508545,0.009751204401254654,0.020634019374847413,0.00643799751996994,-0.02598854899406433,0.007920539379119873,0.001631513237953186,0.00895887017250061,0.021039861440658572,0.012494053691625595,0.01649817228317261,0.00643799751996994,-0.007273968309164047,0.011862803250551224,0.019451908767223358,-0.02598854899406433,-0.016599914431571963,0.017525634169578554,0.030791178345680237,0.007920539379119873,0.002075556665658951
A_unseen_anchor_seen_family,128,34,AQ6,-6.247472763061523,0.0,-0.04039775133132935,0.015227392031113451,0.04487162530422211,0.04086956977844239,0.030522483587265017,0.032383042573928836,0.029944688081741333,0.03540136218070984,0.02866700291633606,0.02031461298465729,0.027017438411712648,0.030432531237602235,0.027918320894241334,0.0353830099105835,0.02928193509578705,0.04124724268913269,0.02866700291633606,0.01178172752261162,0.0336202472448349,0.04380165934562683,0.02031461298465729,0.010460476577281953,0.026169276237487795,0.04288225769996643,0.027017438411712648,0.01318821907043457
A_unseen_anchor_seen_family,128,36,AQ6,-6.2460103034973145,0.0,0.08519254922866822,0.036979424542497766,0.025991988182067872,0.0239037424325943,0.012050751596689224,0.013349124789237977,0.03198963403701782,0.035085621476173404,0.03803361058235169,0.032913094758987425,0.040526878833770756,0.012230101227760316,0.03139148056507111,0.03541805148124695,0.03825002908706665,0.04717745184898377,0.03803361058235169,0.01950487643480301,0.03414613604545593,0.042778354883193974,0.032913094758987425,0.01262866258621216,0.03673326373100281,0.04875936508178711,0.040526878833770756,0.02445921152830124
A_unseen_anchor_seen_family,128,39,AQ6,-6.253859996795654,0.0,0.13019866943359376,0.008446619039403747,0.08038612008094788,0.07318564653396607,0.0468031644821167,0.0534386694431305,0.041579055786132815,0.04172644317150116,0.04552185535430908,0.03055447638034821,0.027139931917190552,0.05373647212982178,0.04146891236305237,0.0420589417219162,0.0438696563243866,0.053745520114898686,0.04552185535430908,0.030065110325813296,0.028001293540000916,0.034350088238716124,0.03055447638034821,0.012830044329166413,0.01781093031167984,0.03461536765098572,0.027139931917190552,0.00489271804690361
A_unseen_anchor_seen_family,129,20,AQ6,0.01312112808227539,0.0,0.11948754787445069,0.017128633257700088,0.018888755142688753,0.026248568296432497,0.022719803452491763,0.027166932821273804,0.01542787253856659,-0.0014967173337936401,0.003173626959323883,0.010903676599264146,-0.01433887779712677,0.027998584508895877,0.017109084129333495,-0.0012344032526016237,-0.00040927380323410036,0.0035697050392627717,0.003173626959323883,-0.016294360160827637,0.010127261281013489,0.00789479911327362,0.010903676599264146,9.911358356475831e-05,-0.015606278181076051,-0.013045549392700195,-0.01433887779712677,-0.022665761411190033
A_unseen_anchor_seen_family,129,23,AQ6,0.009681224822998047,0.0,0.13271141052246094,0.005781049885217881,0.00864860862493515,0.02935701906681061,0.011572859436273576,0.019160363078117373,0.0008353009819984437,-0.03103192746639252,-0.018867509067058565,-0.04413549304008484,-0.061714106798172,0.018386425077915193,0.0009151585400104523,-0.030663803219795227,-0.01874486356973648,-0.021177108585834506,-0.018867509067058565,-0.029582792520523073,-0.013090075552463533,-0.014784173667430879,-0.04413549304008484,-0.02386249899864197,-0.04043789207935333,-0.047221687436103825,-0.061714106798172,-0.041775009036064154
A_unseen_anchor_seen_family,129,25,AQ6,0.008335113525390625,0.0,-0.013849914073944092,0.005472864692185481,0.012695455551147462,0.020264634490013124,0.021871078014373782,0.03688584268093109,0.010228294134140016,0.0006846055388450623,0.011318007856607437,-0.018214982748031617,-0.011758990585803986,0.03732490241527558,0.010541092604398727,0.001230815052986145,0.011586098372936249,0.004702208936214447,0.011318007856607437,0.00426415503025055,0.007270398736000061,0.0037762612104415894,-0.018214982748031617,-0.0018986716866493227,0.003222693502902985,-0.009427914768457413,-0.011758990585803986,0.005041586607694626
A_unseen_anchor_seen_family,129,28,AQ6,-0.00860285758972168,0.0,-0.01774408519268036,0.0038594698584465737,0.020795206725597384,0.02909011244773865,0.028438836336135864,0.016171282529830935,0.010373753309249879,-0.0033316254615783692,0.011904038488864899,0.00037170648574829106,0.0008888885378837586,0.016825303435325623,0.010321156680583955,-0.002801671624183655,0.012807130813598633,-0.0022838085889816287,0.011904038488864899,0.007672102749347687,0.00924876630306244,0.0028099678456783295,0.00037170648574829106,0.006356458365917206,-0.0019178718328475954,-0.01806130111217499,0.0008888885378837586,0.004729148745536805
A_unseen_anchor_seen_family,129,31,AQ6,-0.0010900497436523438,0.0,-0.25726306438446045,-0.03751839372496745,-0.002624696865677834,0.009536266326904297,0.008356738090515138,-0.01255215108394623,-0.0010532453656196595,-0.031921017169952395,-0.023765066266059877,-0.018015488982200623,-0.02559117078781128,-0.014255456626415253,-0.004463116824626923,-0.03236826956272126,-0.02244212776422501,-0.038094961643218996,-0.023765066266059877,-0.023467621207237246,-0.023047176003456116,-0.03218459486961365,-0.018015488982200623,-0.022164621949195863,-0.028241446614265444,-0.03817798495292664,-0.02559117078781128,-0.0208052396774292
A_unseen_anchor_seen_family,129,34,AQ6,0.006984233856201172,0.0,-0.13434429168701173,-0.006799629876170877,0.002839399874210358,0.0032815784215927124,-0.02451462745666504,-0.01858608275651932,0.0017146155238151552,-0.0135006383061409,-0.00993717908859253,0.007975931465625764,-0.001961376518011093,-0.01736951172351837,0.0020712632685899734,-0.01326013207435608,-0.014691032469272614,-0.030038958787918093,-0.00993717908859253,0.00021523237228393555,-0.001255863904953003,-0.011790908873081207,0.007975931465625764,0.00736285150051117,-0.00795479491353035,-0.02242858111858368,-0.001961376518011093,0.008945724368095398
A_unseen_anchor_seen_family,129,36,AQ6,0.010518550872802734,0.0,-0.050281292200088507,-0.027552034190475944,-0.011701393872499466,-0.009626514464616777,-0.015234518051147462,-0.01217806339263916,-0.02013913840055466,-0.01030556932091713,-0.025637221336364747,-0.02059757858514786,-0.029402545094490053,-0.011201117932796479,-0.016293539106845858,-0.009783033281564713,-0.024148225784301758,-0.04171982407569885,-0.025637221336364747,-0.011849232763051987,-0.023652255535125732,-0.03872960507869721,-0.02059757858514786,-0.014404642581939698,-0.023916277289390567,-0.04236993789672852,-0.029402545094490053,-0.01098012924194336
A_unseen_anchor_seen_family,129,39,AQ6,0.007865428924560547,0.0,0.0793288290500641,-0.030138303591019024,-0.011321560293436051,-0.033182597160339354,-0.04202918410301209,-0.011250171065330506,-0.021238963305950168,-0.029203754663467408,-0.030904442071914673,-0.031275206804275514,-0.046826043725013734,-0.011443313211202621,-0.019122418761253358,-0.029159080982208253,-0.02799665927886963,-0.050382721424102786,-0.030904442071914673,-0.012445766478776932,-0.028007015585899353,-0.04836966991424561,-0.031275206804275514,-0.02362729758024216,-0.04155972599983215,-0.06552878618240357,-0.046826043725013734,-0.024256911873817445
A_unseen_anchor_seen_family,130,20,AQ6,-5.887309789657593,0.3600000381469727,0.11948754787445069,0.3467370455058862,0.34120745658874513,0.3358347892761231,0.3347862005233765,0.32217700481414796,0.3378811836242676,0.33157722949981694,0.2751481533050537,0.3025021314620972,0.2777422428131104,0.32364697456359864,0.3388109683990479,0.3315206527709961,0.2848166227340698,0.27106194496154784,0.2751481533050537,0.313235092163086,0.30955276489257816,0.2846211910247803,0.3025021314620972,0.3288317918777466,0.2804783344268799,0.26026871204376223,0.2777422428131104,0.31227371692657474
A_unseen_anchor_seen_family,130,23,AQ6,-6.003895998001099,0.2400000333786011,0.13271141052246094,0.22789836888699044,0.23053719997406008,0.22794570922851565,0.2083664894104004,0.18297429084777833,0.20363962650299072,0.18937714099884034,0.1710034251213074,0.23342220783233644,0.21460375785827637,0.1835576295852661,0.20302088260650636,0.18907530307769777,0.1658523440361023,0.15367239713668823,0.1710034251213074,0.18812129497528077,0.16468980312347414,0.14723223447799683,0.23342220783233644,0.1980688810348511,0.14564247131347657,0.1278216004371643,0.21460375785827637,0.17312426567077638
A_unseen_anchor_seen_family,130,25,AQ6,-6.078921318054199,0.1600000262260437,-0.013849914073944092,0.15763857166174322,0.1593014717102051,0.15514987707138062,0.14526948928833008,0.14308226108551025,0.14295260906219484,0.13338150978088378,0.12955181598663332,0.19082200527191162,0.16903038024902345,0.14288485050201416,0.14313236474990845,0.13347140550613404,0.12677019834518433,0.11459325551986695,0.12955181598663332,0.14112038612365724,0.12694351673126222,0.09708928465843202,0.19082200527191162,0.15280592441558838,0.118649160861969,0.0858773946762085,0.16903038024902345,0.14840419292449952
A_unseen_anchor_seen_family,130,28,AQ6,-6.216509103775024,0.04000002145767212,-0.01774408519268036,0.05134913270768929,0.06903027296066284,0.06587125062942505,0.06323032975196839,0.037633863091468815,0.03721264600753784,0.031109508872032166,0.031810611486434937,0.06717914938926697,0.03564734756946564,0.03766185641288758,0.03698512315750122,0.031628903746604924,0.022900450229644778,0.012585625052452087,0.031810611486434937,0.04391941428184509,0.02408886551856995,0.004100960493087768,0.06717914938926697,0.04517252445220948,0.023264577984809878,0.00668347179889679,0.03564734756946564,0.04921920597553253
A_unseen_anchor_seen_family,130,31,AQ6,-0.03792691230773926,-0.07999998927116395,0.5676050662994385,-0.08063015188842755,-0.04016806483268738,-0.03993363380432129,-0.04761775135993958,-0.08104413747787476,-0.06486178636550903,-0.09573817253112793,-0.10134143829345704,-0.08959585428237915,-0.09803175926208496,-0.0822205662727356,-0.06796523332595826,-0.09540292620658875,-0.09974198341369629,-0.11494460105895997,-0.10134143829345704,-0.08898098468780519,-0.09997974634170533,-0.10644690990447998,-0.08959585428237915,-0.0967682719230652,-0.09868290424346925,-0.10626022815704346,-0.09803175926208496,-0.08692172765731812
A_unseen_anchor_seen_family,130,34,AQ6,6.13167667388916,-0.2,1.8544313430786135,-0.15652738825202928,-0.15265526771545412,-0.13059110641479493,-0.15279693603515626,-0.1729727625846863,-0.17831969261169434,-0.17513067722320558,-0.1756920576095581,-0.16858812570571902,-0.18328621387481692,-0.1733476758003235,-0.17881200313568116,-0.1744919538497925,-0.17711236476898196,-0.17982487678527834,-0.1756920576095581,-0.17221367359161377,-0.17268075942993166,-0.17564042806625368,-0.16858812570571902,-0.17035874128341677,-0.18112068176269533,-0.1797266960144043,-0.18328621387481692,-0.17982338666915895
A_unseen_anchor_seen_family,130,36,AQ6,6.070657968521118,-0.2800000190734863,1.3365363121032716,-0.26255142209154586,-0.23053221702575685,-0.2342617988586426,-0.25293328762054446,-0.2508104801177979,-0.25737361907958983,-0.24783616065979006,-0.23847501277923586,-0.239945650100708,-0.25414600372314455,-0.2511520147323609,-0.2588555097579956,-0.24725799560546877,-0.23874032497406006,-0.2386589527130127,-0.23847501277923586,-0.23957605361938478,-0.24338111877441407,-0.24670584201812745,-0.239945650100708,-0.24238200187683107,-0.2548780679702759,-0.25536081790924076,-0.25414600372314455,-0.2531016826629639
A_unseen_anchor_seen_family,130,39,AQ6,5.967800140380859,-0.4,1.498460865020752,-0.3668360402846584,-0.3276477575302124,-0.3433683872222901,-0.33152313232421876,-0.34243373870849614,-0.35420937538146974,-0.3590462684631348,-0.32445354461669923,-0.33286211490631107,-0.3484313488006592,-0.3420295715332031,-0.3551912069320679,-0.358410120010376,-0.32256102561950684,-0.3116518497467041,-0.32445354461669923,-0.33504388332366947,-0.3312299966812134,-0.3329528331756592,-0.33286211490631107,-0.3417082786560059,-0.35237648487091067,-0.33971376419067384,-0.3484313488006592,-0.35961732864379886
A_unseen_anchor_seen_family,132,20,AQ6,0.02593517303466797,0.0,0.11948754787445069,0.02845820253479772,0.03989037871360779,0.045323687791824344,0.035003483295440674,0.037999415397644044,0.03331065773963928,0.010339764505624773,0.020750062167644502,0.024872367084026337,0.00035280659794807435,0.03914232552051544,0.03457778096199036,0.010451143234968187,0.0194733664393425,0.02472745329141617,0.020750062167644502,0.0015767768025398256,0.02433035671710968,0.030128642916679382,0.024872367084026337,0.007738761603832245,2.624914050102234e-05,0.003909158706665039,0.00035280659794807435,-0.006185969710350037
A_unseen_anchor_seen_family,132,23,AQ6,0.021151065826416016,0.0,0.13271141052246094,0.02446748582859211,0.02758098840713501,0.056139522790908815,0.024174486100673676,0.03400312662124634,0.01716698408126831,0.010836744308471681,-0.004337405040860176,-0.040617287158966064,-0.02755584716796875,0.03292096853256226,0.01732737123966217,0.011563414335250856,-0.0014205809682607652,0.01145562157034874,-0.004337405040860176,-0.017353475093841553,0.0024449009448289875,0.012235111743211747,-0.040617287158966064,-0.017067062854766845,0.006595727801322938,0.018415001034736634,-0.02755584716796875,-0.001941271871328354
A_unseen_anchor_seen_family,132,27,AQ6,0.016135215759277344,0.0,0.06764004230499268,0.01796436012385764,0.022671279311180115,0.03497222363948822,0.029237821698188782,0.04357898235321045,0.025688156485557556,0.016573908925056457,0.009824733436107637,-0.0275635302066803,-0.0010204687714576721,0.04334893822669983,0.02539142370223999,0.01700302064418793,0.023807136714458468,0.03203037083148957,0.009824733436107637,-0.0028810720890760423,0.024731796979904175,0.029775482416152955,-0.0275635302066803,0.0004927922040224075,0.017283427715301513,0.028129881620407107,-0.0010204687714576721,-0.0002145480364561081
A_unseen_anchor_seen_family,132,30,AQ6,0.017008543014526367,0.0,0.13639984130859376,0.0044290118984582445,0.06617908477783203,0.054909640550613405,0.06183072328567505,0.03183834850788116,0.020897752046585085,0.016509114205837252,0.008836581557989122,-0.0068471781909465795,0.007761412858963013,0.031205886602401735,0.02027980834245682,0.016869655251502993,0.013457807898521424,0.03205077648162842,0.008836581557989122,-0.009430411458015443,0.020288226008415223,0.029312947392463685,-0.0068471781909465795,-0.004605087637901306,0.012320811301469803,0.03245454132556915,0.007761412858963013,-0.0021627075970172883
A_unseen_anchor_seen_family,132,33,AQ6,0.014132261276245117,0.0,0.20700883865356445,0.007878437420311583,0.02331405729055405,0.017799785733222964,0.010316726565361024,0.03307399749755859,0.017715069651603698,0.02491244673728943,0.02291579693555832,-0.01347668766975403,0.0033176392316818237,0.031701689958572386,0.015873216092586517,0.02492879331111908,0.022957932949066163,0.038135260343551636,0.02291579693555832,0.006885308772325516,0.00854366570711136,0.023644240200519563,-0.01347668766975403,-0.016278532147407532,0.0057570114731788635,0.024419888854026794,0.0033176392316818237,-0.005905797332525254
A_unseen_anchor_seen_family,132,36,AQ6,-6.252490043640137,0.0,0.03235057294368744,0.017590658675707704,0.004803703725337983,0.024322083592414858,-0.014149346947669984,-0.005738224089145661,0.01380218267440796,0.018993967771530153,0.029805299639701844,0.015095984935760498,0.02334950864315033,-0.005803977698087693,0.013522110879421234,0.019298803806304932,0.024742580950260162,0.039115846157073975,0.029805299639701844,0.008367481827735902,0.015927959978580476,0.028577303886413576,0.015095984935760498,-0.00644388422369957,0.015654246509075164,0.03224245011806488,0.02334950864315033,0.006110528111457825
A_unseen_anchor_seen_family,132,40,AQ6,-6.258095026016235,0.0,0.13130534887313844,0.01208446678385934,0.05286296010017395,0.04253190755844116,0.02958537042140961,-0.030761259794235232,0.002593095600605011,0.019580908119678497,0.01051904633641243,0.032302033901214604,0.0279115229845047,-0.0326115757226944,0.002988848090171814,0.019876019656658174,0.0076807476580142975,0.013674068450927735,0.01051904633641243,-0.005270959436893464,0.02625943422317505,0.034805873036384584,0.032302033901214604,0.004982063174247742,0.01259312629699707,0.032728397846221925,0.0279115229845047,-0.005339534580707551
A_unseen_anchor_seen_family,132,43,AQ6,-6.264501571655273,0.0,0.17695505619049073,-0.008116033124284815,0.03057476580142975,0.018197953701019287,-0.011779800057411194,0.004000388085842133,-0.0011999189853668215,0.025951075553894046,0.0011443644762039185,0.04051482081413269,0.03946267366409302,0.005999314785003662,-0.0037861570715904238,0.02643100917339325,-0.005708907544612885,0.0032475709915161135,0.0011443644762039185,-0.017124511301517487,0.03689587414264679,0.04142429828643799,0.04051482081413269,0.017902085185050966,0.0346760094165802,0.04287165403366089,0.03946267366409302,0.02887660264968872
A_unseen_anchor_seen_family,133,20,AQ6,-6.2156760692596436,0.0,0.11948754787445069,0.011603569818211546,0.02530340850353241,0.006177806109189988,0.029690521955490115,0.04028006494045258,0.029297280311584475,-0.009259268641471863,0.006620018184185028,0.0185151681303978,-0.02122873514890671,0.04095895886421204,0.03133286833763123,-0.009070822596549987,0.004523060843348504,0.008646492660045624,0.006620018184185028,-0.012882614135742189,0.01789302229881287,0.01610701233148575,0.0185151681303978,0.007400166988372803,-0.022422024607658388,-0.016933718323707582,-0.02122873514890671,-0.031249016523361206
A_unseen_anchor_seen_family,133,23,AQ6,-6.223979711532593,0.0,0.13271141052246094,-0.005351284608098488,-0.012512037158012392,0.033140167593955994,0.004323582351207733,0.01688569635152817,-0.0012089766561985016,-0.027171191573143006,-0.004033543169498444,-0.04234251976013184,-0.06900961399078369,0.016088876128196716,-0.0017111577093601228,-0.026535874605178835,-0.0028394781053066257,-0.0017648877575993538,-0.004033543169498444,-0.018100067973136902,-0.006875737011432648,-0.008124624192714692,-0.04234251976013184,-0.01956343650817871,-0.038276162743568425,-0.03779127597808838,-0.06900961399078369,-0.04724809527397156
A_unseen_anchor_seen_family,133,27,AQ6,-6.230028867721558,0.0,0.06764004230499268,0.00485592808799163,-0.004918016493320465,0.0065515398979187015,0.007720138132572174,0.019502270221710208,0.002715861424803734,-0.01424928903579712,0.0052922949194908146,-0.020248556137084962,-0.016629463434219362,0.02005694806575775,0.002500128000974655,-0.01398266851902008,0.0012824498116970062,-0.006080394238233567,0.0052922949194908146,-0.0008839160203933717,0.0017245769500732423,-0.0015780039131641388,-0.020248556137084962,-0.0042444877326488495,-0.019402565062046052,-0.029387980699539185,-0.016629463434219362,-0.01616043746471405
A_unseen_anchor_seen_family,133,30,AQ6,-6.229341745376587,0.0,0.13639984130859376,-0.008336676193064113,0.036377939581871035,0.03461302518844605,0.039394453167915344,0.009596588462591172,-0.000716979056596756,-0.018088743090629578,0.00710381418466568,-0.003877675533294678,-0.01228143870830536,0.0099880650639534,-0.0018311813473701477,-0.017832332849502565,0.002963444590568543,-0.006730128824710847,0.00710381418466568,0.005093953013420105,-0.0062905669212341316,-0.011291196942329407,-0.003877675533294678,-0.0056504979729652405,-0.018772295117378237,-0.03098454773426056,-0.01228143870830536,-0.00547742173075676
A_unseen_anchor_seen_family,133,33,AQ6,-6.24432897567749,0.0,0.40066089630126955,-0.015071489482046958,0.004315401613712311,0.041152542829513555,0.029446735978126526,0.014361263811588289,0.028364655375480653,0.0014320626854896546,-0.009580044448375702,0.001168631762266159,0.005268742144107819,0.012124387919902802,0.024043723940849304,0.0022692397236824037,-0.008898100256919861,-0.02661498785018921,-0.009580044448375702,-0.002991248667240143,-0.006414692103862763,-0.024967676401138308,0.001168631762266159,0.0011520333588123323,0.006327816843986512,-0.016630440950393677,0.005268742144107819,0.012077205628156663
A_unseen_anchor_seen_family,133,36,AQ6,-6.245362281799316,0.0,-0.004447002708911896,0.023752668696419912,0.0663177490234375,0.09136148691177369,0.06534744501113891,0.09627802968025208,0.061836183071136475,0.02690602242946625,0.0388491690158844,0.02788810431957245,0.011273473501205444,0.09623172879219055,0.0651645600795746,0.027143800258636476,0.039130267500877385,0.024237604439258577,0.0388491690158844,0.049051621556282045,0.02111779898405075,0.005509905517101288,0.02788810431957245,0.0326627254486084,0.012301689386367798,-0.0007960364222526551,0.011273473501205444,0.02554404139518738
A_unseen_anchor_seen_family,133,40,AQ6,0.019147634506225586,0.0,0.021346461772918702,-0.016069760029030256,0.012180650979280472,-0.012213800102472305,0.004288756847381592,0.007417095452547074,0.038082253932952885,-0.013083426654338837,-0.03944023847579956,-0.013102981448173524,-0.0380473405122757,0.008387839049100876,0.036478725075721745,-0.013312116265296936,-0.03605830669403076,-0.04960584938526154,-0.03944023847579956,-0.01585439741611481,-0.010615459084510804,-0.021829374134540558,-0.013102981448173524,-0.003781278431415558,-0.032207253575325015,-0.048237678408622746,-0.0380473405122757,-0.010626676678657533
A_unseen_anchor_seen_family,133,43,AQ6,0.016196250915527344,0.0,-0.02737865447998047,0.016718398077896546,0.039002192020416264,0.011270778626203537,0.0777902364730835,-0.005362677574157715,0.023080573976039888,0.020724582672119143,-0.02410869598388672,0.01825404167175293,0.009577790647745133,-0.0022992581129074098,0.020570382475852966,0.019863565266132355,-0.022988682985305788,-0.03144165873527527,-0.02410869598388672,-0.0036682263016700745,0.020209160447120667,0.009075184166431428,0.01825404167175293,0.025387877225875856,0.013452702760696413,0.0018642380833625795,0.009577790647745133,0.031160795688629152
A_unseen_anchor_seen_family,134,20,AQ6,-5.774298429489136,0.48000001907348633,0.11948754787445069,0.4462819116874209,0.4432407379150391,0.4568089008331299,0.442459774017334,0.4193320751190186,0.41987028121948244,0.42042217254638675,0.3798273801803589,0.3861008882522583,0.3726845264434815,0.420487117767334,0.42092456817626955,0.42032861709594727,0.3867513179779053,0.3726757764816284,0.3798273801803589,0.4116409301757813,0.38219718933105473,0.3708827495574951,0.3861008882522583,0.4061867713928223,0.3723948955535889,0.35720899105072024,0.3726845264434815,0.39843444824218754
A_unseen_anchor_seen_family,134,23,AQ6,-5.887287139892578,0.3600000381469727,0.13271141052246094,0.312820141893785,0.3361464738845825,0.341541051864624,0.31248149871826175,0.2624626636505127,0.3160855531692505,0.2958350419998169,0.26345553398132326,0.3549566745758057,0.31671848297119143,0.2628586769104004,0.31558415889739994,0.2958755254745484,0.2582399368286133,0.2426297664642334,0.26345553398132326,0.28277287483215335,0.28486893177032474,0.2614274501800537,0.3549566745758057,0.3164625406265259,0.24085707664489747,0.21907341480255127,0.31671848297119143,0.2725391387939453
A_unseen_anchor_seen_family,134,27,AQ6,-6.061232805252075,0.20000002384185792,0.06764004230499268,0.19448696552272338,0.1822596311569214,0.17615023851394654,0.16076519489288332,0.1591130256652832,0.16740374565124513,0.15318576097488404,0.15192246437072754,0.218255090713501,0.15716707706451416,0.15871889591217042,0.16643004417419435,0.15335979461669924,0.14087278842926027,0.1339665412902832,0.15192246437072754,0.162245512008667,0.15184147357940675,0.13519024848937988,0.218255090713501,0.18034833669662476,0.1354249358177185,0.11195520162582398,0.15716707706451416,0.16670886278152466
A_unseen_anchor_seen_family,134,30,AQ6,-6.175374269485474,0.08000003099441529,0.13639984130859376,0.07196058272020278,0.11447107791900635,0.11993410587310792,0.11276419162750245,0.06450117826461792,0.06495935320854188,0.062254595756530764,0.05851194858551026,0.08319926857948304,0.05010195374488831,0.063710618019104,0.06312977671623231,0.06267048120498657,0.05539978742599488,0.04110110700130463,0.05851194858551026,0.07569175362586976,0.05634994506835938,0.03667698502540589,0.08319926857948304,0.07664436101913452,0.04592519104480744,0.026589471101760867,0.05010195374488831,0.06823599338531494
A_unseen_anchor_seen_family,134,33,AQ6,-0.03977322578430176,-0.11999999284744263,1.487129020690918,-0.07410684818014861,-0.07609513998031617,-0.0780286192893982,-0.0876286268234253,-0.08952938318252564,-0.09691970944404603,-0.1110535502433777,-0.09635820388793946,-0.09493305683135987,-0.0922167181968689,-0.09088712930679321,-0.09798171520233155,-0.11020495891571046,-0.09960591793060303,-0.1131211519241333,-0.09635820388793946,-0.08374193906784058,-0.10618188381195069,-0.11420156955718995,-0.09493305683135987,-0.0984855592250824,-0.09458936452865602,-0.10339286327362061,-0.0922167181968689,-0.07836818099021912
A_unseen_anchor_seen_family,134,36,AQ6,-0.14715981483459473,-0.24000000953674316,1.4005995750427247,-0.20484506727171894,-0.18548834323883057,-0.17688798904418945,-0.18776681423187258,-0.2052647113800049,-0.21242942810058596,-0.21364607810974123,-0.200501823425293,-0.19650050401687624,-0.20704164505004885,-0.20610287189483645,-0.21356191635131838,-0.2131603240966797,-0.20520730018615724,-0.21106562614440919,-0.200501823425293,-0.1947217345237732,-0.19918490648269654,-0.20621261596679688,-0.19650050401687624,-0.19734318256378175,-0.20737342834472658,-0.21194000244140626,-0.20704164505004885,-0.20350885391235352
A_unseen_anchor_seen_family,134,40,AQ6,-0.2744789123535156,-0.4,1.4657678604125977,-0.37743001220654393,-0.3489168167114258,-0.3134154558181763,-0.35865669250488286,-0.37865538597106935,-0.40018439292907715,-0.39001467227935793,-0.37383632659912114,-0.3761373519897461,-0.38963644504547124,-0.37971196174621585,-0.4013453006744385,-0.3895467758178711,-0.3755569934844971,-0.3619227409362793,-0.37383632659912114,-0.38221540451049807,-0.37488718032836915,-0.37083144187927247,-0.3761373519897461,-0.3871037483215332,-0.3990799427032471,-0.38358497619628906,-0.38963644504547124,-0.399861478805542
A_unseen_anchor_seen_family,134,43,AQ6,-0.35776734352111816,-0.5199999809265137,1.041408920288086,-0.4375902725217281,-0.49556493759155273,-0.43543124198913574,-0.46756711006164553,-0.4936233043670655,-0.44127697944641114,-0.46144695281982423,-0.4160786628723145,-0.42671160697937016,-0.43093128204345704,-0.4911740303039551,-0.4417914390563965,-0.46105642318725587,-0.4140108108520508,-0.40780119895935063,-0.4160786628723145,-0.42870564460754396,-0.4259394645690918,-0.42420334815979005,-0.42671160697937016,-0.43766479492187504,-0.43678998947143555,-0.4246496677398682,-0.43093128204345704,-0.4451014041900635
A_unseen_anchor_seen_family,136,20,AQ7,0.05287814140319824,0.0,-0.02351842224597931,0.01084227029612371,0.025553932785987856,0.022094473242759705,0.01174326315522194,0.012582752108573915,0.011028708517551424,0.004309919476509094,0.026521852612495424,0.028924718499183655,0.024155990779399873,0.013633301854133606,0.011203800141811372,0.004327923059463501,0.024304799735546112,0.032343515753746034,0.026521852612495424,0.006851069629192352,0.031109213829040527,0.03647270202636719,0.028924718499183655,0.01090637817978859,0.022697469592094423,0.02923129200935364,0.024155990779399873,0.015512506663799287
A_unseen_anchor_seen_family,136,23,AQ7,0.0623173713684082,0.0,0.10177066326141358,0.005725759950523268,0.013275717198848725,0.008415095508098602,-0.013580173254013062,-0.0025062307715415957,-0.002668930590152741,-0.002289344184100628,0.01392350494861603,-0.016514307260513308,-0.011944025754928589,-0.0019503716379404069,-0.0024777434766292575,-0.0017163680866360666,0.017940011620521546,0.02797561287879944,0.01392350494861603,-0.00038866773247718815,0.01942051649093628,0.027501118183135987,-0.016514307260513308,-0.00017279814928770066,0.015220791101455688,0.02637740671634674,-0.011944025754928589,0.0016961343586444856
A_unseen_anchor_seen_family,136,25,AQ7,0.05296969413757324,0.0,-0.029466670751571656,0.010166541575161978,0.0007933624088764191,0.005145809799432755,-0.015027152001857759,0.0023807577788829805,0.00807933285832405,0.0007418923079967499,0.007873740047216415,-0.023088967800140383,0.002718353271484375,0.0031125888228416445,0.009329824894666673,0.0016936577856540682,0.012055616825819016,0.027817106246948244,0.007873740047216415,-0.006813712418079376,0.02019660919904709,0.029622358083724976,-0.023088967800140383,0.001340208947658539,0.013606399297714233,0.030528089404106142,0.002718353271484375,0.0015330970287323
A_unseen_anchor_seen_family,136,28,AQ7,0.04298210144042969,0.0,0.1006698489189148,0.009617346772156704,-0.006432716548442841,-0.006093446910381318,-0.018603003025054934,-0.006351825594902039,-0.008483614027500154,-0.014529109001159668,-0.003221966326236725,-0.029424354434013367,0.0035655856132507328,-0.0052846819162368774,-0.007710000872612,-0.013531672954559327,-0.0008298508822917939,0.01563975214958191,-0.003221966326236725,-0.019313687086105348,0.0014797955751419069,0.016136947274208068,-0.029424354434013367,-0.020205372571945192,0.007148422300815582,0.021068835258483888,0.0035655856132507328,-0.008709950745105744
A_unseen_anchor_seen_family,136,31,AQ7,0.05395770072937012,0.0,-0.06776991486549377,-0.004777241438104661,0.0021751077845692636,-0.015932807326316835,0.006066828966140747,-0.01664533317089081,-0.010304798185825349,0.011564826220273973,0.008843538165092469,0.006211750954389573,0.021170377731323242,-0.016363961994647982,-0.006947159767150879,0.012325135618448259,0.010153279453516007,0.018864481151103975,0.008843538165092469,-0.00690879374742508,0.017339399456977846,0.029837366938591004,0.006211750954389573,-0.010014232993125916,0.02183419167995453,0.039942029118537906,0.021170377731323242,0.009653569757938386
A_unseen_anchor_seen_family,136,34,AQ7,0.04985928535461426,0.0,-0.11251432895660402,0.030782756355021437,-0.01013808771967888,-0.003292183578014374,-0.014990662038326264,0.011330072581768037,0.016841940581798553,0.016961368918418884,0.03025803864002228,0.03244600296020508,0.03298151195049286,0.01118513345718384,0.018407025933265687,0.016798794269561768,0.031055450439453125,0.04234562516212464,0.03025803864002228,0.010691829025745392,0.03377298712730408,0.03995773792266846,0.03244600296020508,0.007960672676563264,0.02882071137428284,0.039577087759971624,0.03298151195049286,0.012745735049247742
A_unseen_anchor_seen_family,136,36,AQ7,0.04301738739013672,0.0,0.18472419977188112,0.03998507167911053,0.029605388641357422,0.007632692158222199,0.024737709760665895,0.02271435856819153,0.02566506862640381,0.029094266891479495,0.029309797286987307,0.03835535645484925,0.044367271661758426,0.02190714627504349,0.02629351019859314,0.029095908999443056,0.028327670693397523,0.03438249826431274,0.029309797286987307,0.0067490220069885256,0.03581725358963013,0.04191488325595856,0.03835535645484925,0.014180156588554383,0.037870514392852786,0.04898784458637238,0.044367271661758426,0.02107193619012833
A_unseen_anchor_seen_family,136,39,AQ7,0.03693032264709473,0.0,0.12330863475799561,-0.01401240619767754,0.046978613734245306,0.019366449117660525,0.040098857879638676,0.016503056883811953,0.0021918755024671554,0.023237743973731996,0.013043436408042909,0.019586199522018434,0.024010914564132693,0.015492311120033265,0.0012266509234905244,0.023403009772300722,0.009227541089057923,0.01990354210138321,0.013043436408042909,-0.00470118448138237,0.015764597058296203,0.022191549837589267,0.019586199522018434,-0.0007442979142069817,0.014144527912139894,0.030018657445907593,0.024010914564132693,-0.0016952961683273317
A_unseen_anchor_seen_family,137,20,AQ7,0.05354022979736328,0.0,-0.02351842224597931,-0.003871071856368794,0.01933998912572861,0.005245502293109894,0.005648918449878693,0.00701328068971634,-0.013162700831890107,-0.017109793424606324,0.015492759644985199,0.016101762652397156,0.0010591596364974976,0.0072578504681587224,-0.01326771378517151,-0.01707596778869629,0.012427069246768951,0.016780076920986178,0.015492759644985199,-0.0034130990505218508,0.01685128211975098,0.014475180208683014,0.016101762652397156,0.004886032640933991,-0.00040633976459503174,0.0021742045879364013,0.0010591596364974976,-0.00884619951248169
A_unseen_anchor_seen_family,137,23,AQ7,0.04923439025878906,0.0,0.10177066326141358,-0.009678229594549614,-0.011272305995225907,-0.009535120427608491,-0.01472102999687195,-0.0013050328940153123,-0.015236552059650422,-0.02543255984783173,0.004725701734423638,-0.01493547409772873,-0.023219022154808047,-0.00112823024392128,-0.01567663997411728,-0.025195685029029847,0.005800694227218628,0.004633280262351036,0.004725701734423638,-0.008341994881629945,0.004953385889530182,0.0029283307492733003,-0.01493547409772873,-0.005977217853069306,-0.012941165268421173,-0.0195727676153183,-0.023219022154808047,-0.0133642315864563
A_unseen_anchor_seen_family,137,25,AQ7,0.04019427299499512,0.0,-0.029466670751571656,0.0002755370779925576,-0.013362722098827363,-0.005366054177284241,-0.018599319458007812,0.002811582386493683,0.005815935134887696,-0.012874889373779298,0.013622412085533143,-0.009547848999500275,0.0034333020448684692,0.004648962616920472,0.0068158738315105445,-0.012103882431983948,0.012957435846328736,0.00753440260887146,0.013622412085533143,0.007517901062965394,0.011822185665369035,0.009125432372093201,-0.009547848999500275,0.004486481845378876,0.001286838948726654,-0.008817923069000245,0.0034333020448684692,0.0048710286617279054
A_unseen_anchor_seen_family,137,28,AQ7,0.034107208251953125,0.0,0.1006698489189148,-0.007302858503821549,-0.02649209499359131,-0.022979804873466493,-0.027896422147750857,-0.03438500463962555,-0.0178434357047081,-0.03987022638320923,-0.0007448732852935792,-0.0066243082284927375,-0.02776138782501221,-0.032154956459999086,-0.017016479372978212,-0.03913750052452088,-0.004581232368946075,-0.01618111878633499,-0.0007448732852935792,-0.0033078595995903017,-0.007643091678619385,-0.014504805207252502,-0.0066243082284927375,-0.00740630179643631,-0.031214484572410585,-0.04221813082695008,-0.02776138782501221,-0.023366783559322358
A_unseen_anchor_seen_family,137,31,AQ7,0.02565312385559082,0.0,-0.11120964288711549,-0.019454882373198264,-0.02298864871263504,-0.024560536444187167,-0.010628139972686768,0.0020277030766010285,-0.0035071875900030136,-0.018690431118011476,0.013899253308773042,0.007310585677623749,-0.009560567140579224,0.0023498736321926118,-0.003178093582391739,-0.018610693514347076,0.016321305930614472,-0.0022350572049617766,0.013899253308773042,0.017743803560733795,0.0032837260514497757,-0.012865021824836731,0.007310585677623749,0.007333223521709443,-0.006098900735378266,-0.020334851741790772,-0.009560567140579224,-0.000248197466135025
A_unseen_anchor_seen_family,137,34,AQ7,0.003973722457885742,0.0,-0.1352489948272705,-0.0544367745663521,0.0021299779415130614,0.0013702765107154848,-0.022141388058662417,-0.023092499375343325,-0.009107266366481782,-0.02143208533525467,-0.022984915971755983,-0.0249384343624115,-0.02274082750082016,-0.023375438153743745,-0.009240713715553284,-0.021458858251571657,-0.018979144096374512,-0.041059654951095585,-0.022984915971755983,-0.008535897731781006,-0.024652874469757082,-0.03543593287467957,-0.0249384343624115,-0.02027217596769333,-0.022360166907310488,-0.032065200805664065,-0.02274082750082016,-0.01088830828666687
A_unseen_anchor_seen_family,137,36,AQ7,-0.006178855895996094,0.0,0.13705766201019287,-0.015835715019443336,0.0018606320023536683,0.0003457747399806977,0.014862820506095886,-0.0021561592817306518,0.006499120593070984,0.004205428808927536,-0.022403907775878907,-0.009602675586938858,-0.0275135338306427,-0.003688368946313858,0.00796932578086853,0.004300412535667419,-0.015310853719711304,-0.04013103842735291,-0.022403907775878907,-0.005846557021141053,-0.008684565126895905,-0.02496236562728882,-0.009602675586938858,-0.001476721465587616,-0.02131636738777161,-0.04512414932250977,-0.0275135338306427,-0.007765036821365357
A_unseen_anchor_seen_family,137,39,AQ7,-0.0058553218841552734,0.0,0.09427383542060852,-0.03351974289091691,0.007781872153282166,-0.013352294266223908,0.01678740680217743,0.006203171610832215,-0.0011058151721954346,-0.01595667898654938,-0.051697409152984625,-0.03768565058708191,-0.04891715943813324,0.00660984292626381,-0.0009732142090797425,-0.01696997433900833,-0.041708463430404664,-0.0677385926246643,-0.051697409152984625,-0.02832217514514923,-0.032735466957092285,-0.05089637041091919,-0.03768565058708191,-0.028666430711746217,-0.04188418388366699,-0.06424009799957275,-0.04891715943813324,-0.02633851170539856
A_unseen_anchor_seen_family,138,20,AQ7,0.3556973934173584,0.3600000381469727,-0.02351842224597931,0.32573734039181734,0.3510918617248535,0.3442882537841797,0.3313994884490967,0.32051393985748294,0.3212495088577271,0.3310887813568115,0.2963301658630371,0.3129604816436768,0.2939776420593262,0.32126774787902834,0.3194083452224732,0.33134958744049076,0.3066343069076538,0.28601908683776855,0.2963301658630371,0.33164048194885254,0.3122081279754639,0.2851592063903809,0.3129604816436768,0.33979268074035646,0.3031158208847046,0.2701297998428345,0.2939776420593262,0.3323957204818726
A_unseen_anchor_seen_family,138,23,AQ7,0.251894474029541,0.2400000333786011,0.10177066326141358,0.21243908940722284,0.22199075222015383,0.21570303440093996,0.19865798950195312,0.17256211042404176,0.20697147846221925,0.21638329029083253,0.20229930877685548,0.24926917552948,0.22594830989837647,0.1742076873779297,0.2050323486328125,0.21650323867797852,0.1958875894546509,0.1809350371360779,0.20229930877685548,0.2183156967163086,0.2024111032485962,0.17678842544555665,0.24926917552948,0.22494924068450928,0.19181616306304933,0.16491981744766238,0.22594830989837647,0.21396100521087646
A_unseen_anchor_seen_family,138,25,AQ7,0.17753005027770996,0.1600000262260437,-0.029466670751571656,0.15244124404755033,0.14227659702301027,0.13934774398803712,0.12706722021102906,0.10253952741622925,0.13897298574447634,0.13351678848266602,0.12827564477920533,0.1869121313095093,0.1276584506034851,0.10407452583312989,0.13888897895812988,0.1339638113975525,0.12352622747421266,0.11508519649505616,0.12827564477920533,0.14101173877716064,0.1268413543701172,0.11250627040863037,0.1869121313095093,0.15429290533065798,0.11293560266494751,0.09456919431686402,0.1276584506034851,0.14275994300842285
A_unseen_anchor_seen_family,138,28,AQ7,0.06443953514099121,0.04000002145767212,0.1006698489189148,0.04018680434542117,0.023932278156280518,0.015837088227272034,0.017922458052635194,0.003312462568283081,0.01909683346748352,0.002317991852760315,0.02685356438159943,0.04952526688575745,0.013475465774536134,0.005030441284179688,0.01914358735084534,0.0030807226896286013,0.024005150794982912,0.005388668179512024,0.02685356438159943,0.040329867601394655,0.012985512614250183,-0.008368960022926331,0.04952526688575745,0.0353924036026001,0.010338973999023438,-0.005378878116607666,0.013475465774536134,0.030883616209030153
A_unseen_anchor_seen_family,138,31,AQ7,-0.04797863960266113,-0.07999998927116395,0.6411991596221924,-0.06395647161960467,-0.07168747186660766,-0.08324363827705383,-0.06135728359222412,-0.08998533487319947,-0.06262105703353882,-0.07308063507080079,-0.07333663702011109,-0.05972595810890198,-0.07184590101242065,-0.08943217992782593,-0.060686707496643066,-0.07247908711433411,-0.06955072283744812,-0.09056278467178346,-0.07333663702011109,-0.058866918087005615,-0.06357125043869019,-0.07597010135650635,-0.05972595810890198,-0.05839635729789734,-0.07104249000549316,-0.0822888195514679,-0.07184590101242065,-0.05938469171524048
A_unseen_anchor_seen_family,138,34,AQ7,-0.16656208038330078,-0.2,1.492136001586914,-0.18766116293694637,-0.15836937427520753,-0.18799796104431155,-0.17373759746551515,-0.2328645467758179,-0.19085254669189455,-0.18981378078460695,-0.1883309841156006,-0.18104071617126466,-0.1898667573928833,-0.23058133125305177,-0.19167892932891847,-0.1890670418739319,-0.18647130727767947,-0.19308813810348513,-0.1883309841156006,-0.1833972454071045,-0.18182866573333742,-0.18509271144866946,-0.18104071617126466,-0.1840383529663086,-0.19182457923889162,-0.189551317691803,-0.1898667573928833,-0.19056470394134523
A_unseen_anchor_seen_family,138,36,AQ7,-0.22999119758605957,-0.2800000190734863,1.320909881591797,-0.2541270270922486,-0.24722027778625488,-0.2677813291549683,-0.2549318313598633,-0.27940115928649906,-0.2601150989532471,-0.2586521625518799,-0.2536190032958984,-0.2507188320159912,-0.2490245342254639,-0.2781177043914795,-0.26236820220947266,-0.2582833290100098,-0.25227315425872804,-0.2549551248550415,-0.2536190032958984,-0.2529139995574951,-0.2511523723602295,-0.2523249387741089,-0.2507188320159912,-0.25725712776184084,-0.2492358684539795,-0.2483612060546875,-0.2490245342254639,-0.2500675439834595
A_unseen_anchor_seen_family,138,39,AQ7,-0.3126649856567383,-0.4,1.3848141670227052,-0.3576395241006318,-0.3579372644424439,-0.3619636297225952,-0.3484884262084961,-0.3933541774749756,-0.36800334453582767,-0.3483338594436646,-0.3619171857833863,-0.3520153284072876,-0.3406612634658814,-0.3904152870178223,-0.3676442623138428,-0.34779484272003175,-0.3609021186828614,-0.34703891277313237,-0.3619171857833863,-0.3695823907852173,-0.3521791934967041,-0.3513981342315674,-0.3520153284072876,-0.36376585960388186,-0.34882941246032717,-0.332764482498169,-0.3406612634658814,-0.35114607810974124
A_unseen_anchor_seen_family,140,20,AQ7,0.011391162872314453,0.0,-0.02351842224597931,0.010762450444460468,0.033792349696159366,0.016883057355880738,0.01119561493396759,0.007845214754343034,0.006845200061798096,0.0064565099775791175,0.025677222013473514,0.026949369907379152,0.028661468625068666,0.00925130546092987,0.006847625225782395,0.006488157063722611,0.019351746141910556,0.03062000870704651,0.025677222013473514,0.005812376365065575,0.025504145026206973,0.03365322649478913,0.026949369907379152,0.009320186078548431,0.02634790539741516,0.03363445997238159,0.028661468625068666,0.020033961534500124
A_unseen_anchor_seen_family,140,23,AQ7,0.017092227935791016,0.0,0.10177066326141358,0.0037741485980708513,0.013664738833904268,0.007839094102382661,-0.02069314569234848,-0.007430907338857651,0.0015144651755690576,-0.0038172412663698197,0.012385983020067215,-0.016333523392677306,-0.012517081201076509,-0.0066770844161510474,0.0013076744973659516,-0.00320134237408638,0.018194738030433654,0.025760221481323245,0.012385983020067215,-0.002149530500173569,0.020122721791267395,0.029233932495117188,-0.016333523392677306,0.00016202554106712342,0.012836769223213196,0.025917536020278933,-0.012517081201076509,0.0009348586201667786
A_unseen_anchor_seen_family,140,25,AQ7,0.012779712677001953,0.0,-0.029466670751571656,0.0026589625921761345,-0.004541917890310288,0.006865032762289048,-0.02014121562242508,-0.009326134622097016,0.005691758543252945,0.0052740838378667835,0.003654516488313675,-0.029073017835617068,0.011377069354057313,-0.008514878898859024,0.00677277073264122,0.006399515271186829,0.012510105967521667,0.028357595205307007,0.003654516488313675,-0.01198146715760231,0.01878045052289963,0.028768861293792726,-0.029073017835617068,-0.004221494123339653,0.026397904753685,0.03710355460643768,0.011377069354057313,0.010195785760879518
A_unseen_anchor_seen_family,140,28,AQ7,0.015274763107299805,0.0,0.1006698489189148,0.0074558484805355724,-0.007410991191864014,-0.0050941772758960726,-0.010403656214475632,-0.016414493322372437,-0.0006759613752365112,-0.010847575962543488,-0.004664153605699539,-0.025579190254211428,0.010121619701385498,-0.015597790479660034,-5.140379071235657e-05,-0.009808729588985444,-0.0028396468609571458,0.013566476106643677,-0.004664153605699539,-0.02190293669700623,0.005360088497400284,0.019806963205337525,-0.025579190254211428,-0.01633395850658417,0.01374213844537735,0.03145153224468231,0.010121619701385498,-0.002201534062623978
A_unseen_anchor_seen_family,140,31,AQ7,0.010215044021606445,0.0,-0.09685277342796327,-0.0025637051569773993,0.014330458641052247,0.0075632199645042425,0.02131500244140625,-0.03711260259151459,-0.002387329936027527,-0.0025821790099143983,-0.005309762060642243,0.0002477820962667465,0.010585974901914597,-0.037585225701332096,-0.0007269836962223053,-0.0028241924941539765,-0.004560878500342369,0.012485548853874207,-0.005309762060642243,-0.02393167316913605,0.013627249002456666,0.02333256006240845,0.0002477820962667465,-0.014202341437339783,0.008012620359659195,0.02937891483306885,0.010585974901914597,-0.006554852426052094
A_unseen_anchor_seen_family,140,34,AQ7,0.012943267822265625,0.0,-0.1541920304298401,0.03479951251114503,-0.018447238206863403,-0.018139269948005677,-0.014659161865711213,0.011470846831798553,0.006061638146638871,0.015493284165859223,0.0259316623210907,0.03246493935585022,0.03676026165485382,0.010930753499269487,0.007574620842933655,0.015076029300689698,0.025107988715171815,0.0354821115732193,0.0259316623210907,0.009287257492542268,0.03493679761886597,0.04308289289474487,0.03246493935585022,0.01157851666212082,0.03554695248603821,0.04650896191596985,0.03676026165485382,0.018424516916275026
A_unseen_anchor_seen_family,140,36,AQ7,0.012955904006958008,0.0,0.09611537456512452,0.023133025677687553,0.01859908699989319,0.017930154502391816,0.01750014126300812,0.023060065507888795,0.010940788686275483,0.020995993912220002,0.023768979310989383,0.027229124307632448,0.03309204578399658,0.021602301299571993,0.012126440554857254,0.020772120356559755,0.014310353994369508,0.028922355175018313,0.023768979310989383,0.002089769393205643,0.024103818833827974,0.033420574665069584,0.027229124307632448,0.004990131035447121,0.026896229386329653,0.040183025598526004,0.03309204578399658,0.012351612001657486
A_unseen_anchor_seen_family,140,39,AQ7,0.019898414611816406,0.0,0.06236440539360047,-0.0091824448339972,0.04003479480743408,0.02563115656375885,0.03825296759605408,-0.011866704374551774,-0.0038894772529602054,0.015920192003250122,0.0077978685498237615,0.016898897290229798,0.017399848997592927,-0.013614633679389955,-0.004524368792772293,0.015939512848854066,0.007828363031148911,0.017633841931819917,0.0077978685498237615,-0.005841507762670517,0.013798803091049194,0.02112916707992554,0.016898897290229798,-0.0047325573861598975,0.005307915806770325,0.027717298269271853,0.017399848997592927,-0.006170392036437988
A_unseen_anchor_seen_family,141,20,AQ7,0.03677773475646973,0.0,-0.02351842224597931,0.025879375206780478,0.02376269102096558,0.025448015332221987,0.018027733266353606,0.039318472146987915,0.02144250571727753,-0.0005033878609538078,0.04871765971183777,0.05063762664794922,0.03145646452903748,0.03982017636299134,0.020830130577087404,-0.000540471076965332,0.04833793044090271,0.047269648313522344,0.04871765971183777,0.03192714750766754,0.04971338510513306,0.04691658020019532,0.05063762664794922,0.040691506862640385,0.03034026324748993,0.027999335527420045,0.03145646452903748,0.022814549505710602
A_unseen_anchor_seen_family,141,22,AQ7,0.04083657264709473,0.0,0.14864151477813722,0.01751430891835824,-0.003958435356616974,0.00764012485742569,-0.024942703545093536,0.025146788358688357,-0.009960350394248963,-0.0363318145275116,0.013494864106178284,0.006125494092702866,-0.014744479954242707,0.024597391486167908,-0.01141880974173546,-0.035954964160919194,0.012408969551324846,0.01251046359539032,0.013494864106178284,0.0008763309568166733,0.009512346237897873,0.007881063222885133,0.006125494092702866,-0.001488197222352028,-0.012839306890964509,-0.022511158883571625,-0.014744479954242707,-0.015769198536872864
A_unseen_anchor_seen_family,141,25,AQ7,0.0322573184967041,0.0,-0.029466670751571656,-0.008823085540780764,-0.028402683138847352,-0.00032747462391853334,-0.031634843349456786,-0.036751103401184086,-0.012612378597259522,-0.03417114317417145,-0.029700624942779544,-0.027093201875686646,-0.02797532081604004,-0.035127416253089905,-0.011842110008001328,-0.03346884250640869,-0.027953535318374634,-0.035443279147148135,-0.029700624942779544,-0.03485967516899109,-0.009247217327356339,-0.014732375741004944,-0.027093201875686646,-0.016134020686149598,-0.028704196214675903,-0.03891925215721131,-0.02797532081604004,-0.025889289379119874
A_unseen_anchor_seen_family,141,27,AQ7,0.0270078182220459,0.0,0.08191205263137818,0.00968291191682082,-0.016232697665691378,-0.012453001737594605,-0.0016238480806350709,-0.011695167422294617,-0.013513919711112977,-0.024894431233406067,0.01076655313372612,0.0007429555058479309,-0.003168482333421707,-0.010157205164432526,-0.012339404225349427,-0.024429932236671448,0.008858996629714967,-0.0017766259610652924,0.01076655313372612,0.008690333366394043,0.0016776651144027712,-0.0039455085992813116,0.0007429555058479309,-0.0002851828932762146,-0.0042349018156528475,-0.015581175684928894,-0.003168482333421707,0.0013377279043197633
A_unseen_anchor_seen_family,141,30,AQ7,0.016326904296875,0.0,-0.026170757412910462,0.023366194380233817,-0.014155155420303345,0.0009481269866228105,-0.0019822224974632265,-0.005072002857923508,0.0013696156442165376,0.00263042226433754,0.03145754635334015,0.030323711037635804,-0.014098256826400757,-0.0038625240325927735,0.005388183146715165,0.0029108338057994843,0.031539857387542725,0.009989646077156068,0.03145754635334015,0.036401405930519104,0.02581448256969452,0.008694010227918625,0.030323711037635804,0.027705958485603335,-0.007114151865243912,-0.03817369937896729,-0.014098256826400757,0.0031004540622234346
A_unseen_anchor_seen_family,141,32,AQ7,0.015000104904174805,0.0,0.07561373114585877,-0.0448389121650364,0.04389570653438568,0.07089163661003113,0.042213457822799685,-0.03622286915779114,0.003007898479700089,-0.009532642364501954,-0.007615591585636139,0.01909726858139038,0.016479288041591645,-0.03663560748100281,-0.002210812270641327,-0.010005451738834381,-0.010768157243728638,-0.016183026134967804,-0.007615591585636139,-0.004177370667457581,0.012454207241535188,0.0033344030380249023,0.01909726858139038,0.02478539049625397,0.015219667553901674,0.009935843944549562,0.016479288041591645,0.01999553442001343
A_unseen_anchor_seen_family,141,35,AQ7,0.009936094284057617,0.0,-0.023980966210365297,-0.016728345542933034,0.03061964511871338,0.054337835311889654,0.002131139859557152,-0.019097921252250672,0.021227267384529114,0.0037616401910781864,-0.03172577619552613,-0.016961702704429628,-0.031531518697738646,-0.0183109387755394,0.020955830812454224,0.003986582159996033,-0.02982461452484131,-0.04564494788646698,-0.03172577619552613,-0.010535442829132081,-0.021076174080371858,-0.03209323883056641,-0.016961702704429628,-0.008491604030132294,-0.031119176745414735,-0.046124947071075444,-0.031531518697738646,-0.011828580498695375
A_unseen_anchor_seen_family,141,37,AQ7,0.003615856170654297,0.0,0.08281666040420532,-0.03646951038589543,0.023367305099964143,0.025637513399124148,0.04199341833591461,-0.016830453276634218,0.028067958354949952,-0.0015007738023996354,-0.03882212042808533,-0.016966694593429567,-0.038045990467071536,-0.01506759226322174,0.029834070801734926,-0.0012698113918304444,-0.03818314969539643,-0.05324245691299439,-0.03882212042808533,-0.018050900101661684,-0.01999810189008713,-0.03210514783859253,-0.016966694593429567,-0.0077898442745208745,-0.03558374047279358,-0.052340805530548096,-0.038045990467071536,-0.013657568395137787
A_unseen_anchor_seen_family,142,20,AQ7,0.27360010147094727,0.24000000953674316,-0.02351842224597931,0.25070402895177885,0.25560526847839354,0.2560744285583496,0.24149069786071778,0.2094285488128662,0.235003399848938,0.22317168712615967,0.2065525770187378,0.2292092800140381,0.18675546646118166,0.20993144512176515,0.23246378898620607,0.22347567081451417,0.21100640296936035,0.19735118150711062,0.2065525770187378,0.23836467266082764,0.22065596580505373,0.1972975015640259,0.2292092800140381,0.2571142673492432,0.18975625038146973,0.16861835718154908,0.18675546646118166,0.22113182544708254
A_unseen_anchor_seen_family,142,22,AQ7,0.21274781227111816,0.16000001430511476,0.14864151477813722,0.16061176755609985,0.15296537876129152,0.14408442974090577,0.13291521072387696,0.11520950794219971,0.1283598303794861,0.13365808725357056,0.10267016887664795,0.1323942184448242,0.10221832990646362,0.11614024639129639,0.12461546659469605,0.13363990783691407,0.10449059009552003,0.09121309518814087,0.10267016887664795,0.1292362689971924,0.10884233713150025,0.09066605567932129,0.1323942184448242,0.13944149017333984,0.09322171211242676,0.06524116992950439,0.10221832990646362,0.11382822990417481
A_unseen_anchor_seen_family,142,25,AQ7,0.09714293479919434,0.04000001251697541,-0.029466670751571656,0.028733304409636225,0.0014058113098144533,0.006910669803619385,0.009703481197357179,-0.018170130252838135,0.0025683432817459107,0.0013619720935821535,-0.01936948895454407,0.04007969796657562,-0.001748698949813843,-0.016387465596199035,0.0026615828275680545,0.001816818118095398,-0.020795422792434695,-0.030975496768951418,-0.01936948895454407,-0.008298823237419128,-0.013155439496040346,-0.03141667544841766,0.04007969796657562,0.01054903268814087,-0.015183258056640626,-0.032046785950660704,-0.001748698949813843,0.012773412466049195
A_unseen_anchor_seen_family,142,27,AQ7,0.025098323822021484,-0.0399999886751175,0.08191205263137818,-0.015602305877073498,-0.043095400929450994,-0.048889231681823735,-0.030081388354301453,-0.0611993432044983,-0.041643461585044866,-0.05129588842391968,-0.05352662801742554,-0.0023623019456863407,-0.04271779954433441,-0.060696154832839966,-0.04135985374450684,-0.05096194744110108,-0.05832821726799012,-0.07026594877243042,-0.05352662801742554,-0.03804740905761719,-0.040668037533760075,-0.05851302742958069,-0.0023623019456863407,-0.016062074899673463,-0.04580177962779999,-0.06334042549133301,-0.04271779954433441,-0.023392757773399355
A_unseen_anchor_seen_family,142,30,AQ7,-0.09938549995422363,-0.11999999284744263,-0.026170757412910462,-0.08289642082218644,-0.09919055700302125,-0.1088483214378357,-0.08952205181121826,-0.09399525523185731,-0.09248170852661133,-0.08299990892410279,-0.08380688428878785,-0.07467223405838012,-0.08014682531356812,-0.09283056855201721,-0.08894286751747132,-0.08204183578491211,-0.07994474172592164,-0.09844213724136353,-0.08380688428878785,-0.06952584981918335,-0.08177851438522339,-0.09764292240142823,-0.07467223405838012,-0.07580392956733704,-0.07612406015396118,-0.09165768623352051,-0.08014682531356812,-0.06210116147994996
A_unseen_anchor_seen_family,142,32,AQ7,-0.14395856857299805,-0.2,1.273350715637207,-0.20669707974105211,-0.20191822052001954,-0.21882548332214358,-0.1885770082473755,-0.18229533433914186,-0.222900390625,-0.22811560630798342,-0.20542750358581544,-0.21235425472259523,-0.21537957191467286,-0.18066333532333376,-0.22548041343688965,-0.22749905586242677,-0.2047511100769043,-0.21166701316833497,-0.20542750358581544,-0.19774937629699707,-0.21383132934570315,-0.21897609233856202,-0.21235425472259523,-0.21421484947204592,-0.2142714023590088,-0.21828212738037112,-0.21537957191467286,-0.20673289299011233
A_unseen_anchor_seen_family,142,35,AQ7,-0.25733399391174316,-0.3200000047683716,1.5088129043579102,-0.2725823161451357,-0.3037996292114258,-0.3075169086456299,-0.3072085380554199,-0.33161978721618657,-0.30506758689880376,-0.30473122596740726,-0.296112585067749,-0.2759589672088623,-0.30030174255371095,-0.328962254524231,-0.30611701011657716,-0.304497766494751,-0.29425482749938964,-0.2977155208587647,-0.296112585067749,-0.2957776546478272,-0.2759816646575928,-0.278179669380188,-0.2759589672088623,-0.2806499481201172,-0.3023581027984619,-0.29936392307281495,-0.30030174255371095,-0.2986948013305664
A_unseen_anchor_seen_family,142,37,AQ7,-0.32141637802124023,-0.4,1.271037006378174,-0.38828902194567444,-0.3539674043655396,-0.3409277439117432,-0.35129044055938724,-0.3507283687591553,-0.379679799079895,-0.38620288372039796,-0.370463490486145,-0.3632559299468994,-0.3674331665039063,-0.3509155511856079,-0.38035025596618655,-0.38574535846710206,-0.3689713478088379,-0.3653307437896729,-0.370463490486145,-0.3788332462310791,-0.3639942407608032,-0.36322104930877686,-0.3632559299468994,-0.3746273756027222,-0.37113633155822756,-0.3635422229766846,-0.3674331665039063,-0.38402016162872316
A_unseen_anchor_seen_family,208,20,AQ6,0.0013337135314941406,0.0,0.08141022324562074,0.013958321925722645,-0.003236140310764313,0.013056275248527528,0.004849875718355179,0.010709814727306366,-0.016626065969467165,-0.00139051228761673,0.010623266547918321,-0.011620508879423142,-0.00449482873082161,0.011741992831230164,-0.016625969111919405,-0.0012658521533012391,-0.02691851556301117,0.030578744411468507,0.010623266547918321,0.0021271377801895144,-0.020963633060455324,0.034969857335090636,-0.011620508879423142,0.006941898912191391,-0.017987917363643646,0.020770403742790225,-0.00449482873082161,0.005079619586467743
A_unseen_anchor_seen_family,208,23,AQ6,-0.010077714920043945,0.0,0.14717211723327636,0.00021764108337598323,-0.02080662250518799,-0.007848200201988221,-0.027381187677383425,-0.011008051782846452,-0.05180865526199341,-0.03468514382839203,-0.010278039425611497,-0.05187135338783264,-0.04615300595760346,-0.012321043759584427,-0.051629829406738284,-0.03445201218128204,-0.05119017362594605,0.01320781707763672,-0.010278039425611497,-0.018898534774780276,-0.05253701210021973,0.008347957581281663,-0.05187135338783264,-0.02394085228443146,-0.04573356509208679,0.014238277077674867,-0.04615300595760346,-0.012701289355754854
A_unseen_anchor_seen_family,208,25,AQ6,-0.014368534088134766,0.0,0.04716776013374329,0.0005493808100241693,-0.026513779163360597,-0.009889462590217592,-0.031675875186920166,-0.017191995680332185,-0.048162588477134706,-0.024049492180347444,0.010265766829252244,-0.03405406177043915,-0.019391389191150667,-0.01831306666135788,-0.04781282544136048,-0.02347501814365387,-0.0417462170124054,0.031209400296211245,0.010265766829252244,-0.0040635779500007635,-0.039608281850814823,0.024014583230018618,-0.03405406177043915,-0.007446537911891937,-0.0365469753742218,0.03088209927082062,-0.019391389191150667,-0.0002397686243057251
A_unseen_anchor_seen_family,208,28,AQ6,-0.03142046928405762,0.0,0.05196561217308045,0.0033066312617408195,-0.01750917583703995,0.0032396942377090456,-0.031022056937217712,-0.015692192316055297,-0.037030750513076784,-0.028711268305778505,0.00280316099524498,-0.031143912672996522,-0.005831659957766533,-0.01708550751209259,-0.03681568801403046,-0.028165876865386963,-0.0446975588798523,0.031967082619667055,0.00280316099524498,-0.008847392350435258,-0.03500196933746338,0.032543450593948364,-0.031143912672996522,-0.0034672409296035767,-0.029951620101928714,0.030904173851013184,-0.005831659957766533,-0.004573404788970947
A_unseen_anchor_seen_family,208,31,AQ6,-0.023023366928100586,0.0,0.01215881034731865,-0.022438414327801498,0.0028793830424547195,-0.026678121089935305,-0.026528578996658326,-0.0346264123916626,-0.052732014656066896,-0.04231179356575013,-0.004366867989301681,-0.04284433722496033,-0.011602193117141724,-0.03537801802158356,-0.05198546051979065,-0.041731253266334534,-0.0509855329990387,0.01007024422287941,-0.004366867989301681,-0.016096056997776033,-0.054327493906021124,0.015393376350402832,-0.04284433722496033,-0.0229049950838089,-0.05148808360099793,0.01943066716194153,-0.011602193117141724,-0.012855818867683411
A_unseen_anchor_seen_family,208,34,AQ6,-0.026453495025634766,0.0,-0.09661496877670289,-0.00579145684305625,0.0006174117326736451,0.01388511061668396,0.0025382667779922487,-0.015684865415096283,-0.01643287241458893,-0.020152910053730013,-0.011931315064430237,0.02547159492969513,0.02052900791168213,-0.016987042129039766,-0.01832367479801178,-0.019758839905261994,-0.037550508975982666,-0.005375611782073975,-0.011931315064430237,-0.018839295208454135,0.005402208864688874,0.05332902669906617,0.02547159492969513,0.03016355335712433,-0.02401406466960907,0.04393332600593567,0.02052900791168213,0.016336604952812195
A_unseen_anchor_seen_family,208,36,AQ6,-0.03006577491760254,0.0,0.2364602565765381,-0.029764555619668183,-0.018700973689556123,-0.025500622391700745,-0.022524866461753848,-0.012113922089338303,-0.02461529076099396,-0.011285309493541718,0.028601616621017456,0.017049434781074523,0.040223112702369695,-0.011501605808734895,-0.025328060984611513,-0.010705830156803132,-0.017013415694236755,0.03798112869262696,0.028601616621017456,0.017030009627342226,-0.01231297254562378,0.03388820886611939,0.017049434781074523,0.012090298533439637,-0.00893467515707016,0.05407805442810059,0.040223112702369695,0.029692575335502625
A_unseen_anchor_seen_family,208,39,AQ6,-0.051482439041137695,0.0,-0.0018432799726724625,0.03349288648771806,-0.061893099546432497,-0.04672056436538696,-0.025855788588523866,-0.01816067397594452,-0.031934475898742674,-0.06281151771545411,0.002640336751937866,-0.013997220993041994,-0.03889355659484864,-0.016998186707496643,-0.031182324886322024,-0.0631908655166626,-0.027626734972000123,0.013934034109115602,0.002640336751937866,-0.00540531873703003,-0.049813789129257206,0.004228922724723816,-0.013997220993041994,-0.021497932076454163,-0.07421753406524659,-0.01229143887758255,-0.03889355659484864,-0.04722322225570679
A_unseen_anchor_seen_family,209,20,AQ6,-0.05701327323913574,0.0,0.08141022324562074,-0.0007550202267698509,0.00775931477546692,0.009674939513206483,-0.004604437947273255,0.00498223751783371,-0.024966931343078615,-0.010088127851486207,0.0038622766733169556,-0.01574794352054596,-0.028747808933258057,0.005276201665401459,-0.02469565570354462,-0.01005016788840294,-0.03583030700683594,0.01241254210472107,0.0038622766733169556,-0.00825425684452057,-0.023981508612632752,0.00989309996366501,-0.01574794352054596,0.0019840925931930544,-0.04323417842388153,-0.008700301498174667,-0.028747808933258057,-0.019469003379344943
A_unseen_anchor_seen_family,209,23,AQ6,-0.0644071102142334,0.0,0.14717211723327636,-0.015186348461696898,-0.022097748517990113,-0.006760102510452271,-0.028064253926277163,-0.005722500383853912,-0.03865219354629517,-0.04550315141677857,-0.015541532635688783,-0.048510783910751344,-0.06341474056243897,-0.008085879683494569,-0.03810809254646302,-0.04532681405544281,-0.032081836462020875,-0.015507891774177551,-0.015541532635688783,-0.024749290943145753,-0.0468210369348526,-0.01566092371940613,-0.048510783910751344,-0.026684027910232545,-0.061269974708557134,-0.04756530821323395,-0.06341474056243897,-0.044179356098175054
A_unseen_anchor_seen_family,209,25,AQ6,-0.05464363098144531,0.0,0.04716776013374329,-0.009341623687145239,-0.015711064636707305,-0.003850473463535309,-0.02177402526140213,0.00752902626991272,-0.026587289571762086,-0.022085489332675935,0.015115174651145936,-0.01869465410709381,-0.010390710830688477,0.005963551998138428,-0.025686264038085938,-0.02143831104040146,-0.017423641681671143,0.007168711721897126,0.015115174651145936,0.007812520116567611,-0.024462443590164185,0.0012610048055648805,-0.01869465410709381,-0.003945210576057435,-0.02474428862333298,-0.014157359302043915,-0.010390710830688477,0.002812299132347107
A_unseen_anchor_seen_family,209,28,AQ6,-0.06887054443359375,0.0,0.05196561217308045,-0.013613574014237418,-0.015055471658706666,0.010472071170806885,-0.02099796235561371,0.01643948256969452,-0.021729251742362978,-0.02021876722574234,0.013130322098731995,-0.0016294106841087343,-0.005949683487415314,0.016589102149009705,-0.021011538803577423,-0.019760778546333315,-0.0074051618576049805,-0.004172828048467636,0.013130322098731995,0.007818645238876343,-0.005120073258876801,-5.3882598876953125e-05,-0.0016294106841087343,0.005075827240943909,-0.016348299384117127,-0.02723100781440735,-0.005949683487415314,-0.0040620177984237674
A_unseen_anchor_seen_family,209,31,AQ6,-0.05927681922912598,0.0,-0.09394495487213135,-0.04612199082512565,-0.03109244704246521,-0.00937051847577095,-0.01727731227874756,-0.025988486409187318,-0.04541639089584351,-0.048699334263801575,-0.019427320361137392,-0.030765345692634585,-0.03515084683895111,-0.027526849508285524,-0.04699580073356629,-0.048680159449577334,-0.04288980066776276,-0.03384327292442322,-0.019427320361137392,-0.02471035420894623,-0.0376193642616272,-0.041105872392654424,-0.030765345692634585,-0.03225146532058716,-0.04344683289527893,-0.051322060823440555,-0.03515084683895111,-0.030911248922348023
A_unseen_anchor_seen_family,209,34,AQ6,-0.06157541275024414,0.0,-0.18965926170349123,-0.03583948787079249,-0.03438691198825836,-0.03356898128986359,-0.06074250936508179,-0.027133196592330933,-0.04279946088790894,-0.04531039893627167,-0.03442433476448059,-0.025632968544960024,-0.021128810942173004,-0.026043996214866638,-0.042926532030105595,-0.045013561844825745,-0.03369768261909485,-0.057037949562072754,-0.03442433476448059,-0.03402408361434937,-0.020760092139244082,-0.04820879697799683,-0.025632968544960024,-0.03243255913257599,-0.023578983545303345,-0.04233965277671814,-0.021128810942173004,-0.01917904019355774
A_unseen_anchor_seen_family,209,36,AQ6,-0.0691068172454834,0.0,-0.12126808166503907,-0.052969408785912,-0.03746282756328583,-0.03445432484149933,-0.04612243175506592,-0.02279985547065735,-0.053356087207794195,-0.05553880333900452,-0.06797794699668884,-0.04215313792228699,-0.05774070024490357,-0.023191189765930178,-0.05251753330230713,-0.05573550462722779,-0.050449490547180176,-0.0826092302799225,-0.06797794699668884,-0.06450539827346802,-0.02979630529880524,-0.061798459291458135,-0.04215313792228699,-0.04436016082763672,-0.039767381548881535,-0.08169952630996705,-0.05774070024490357,-0.050878661870956424
A_unseen_anchor_seen_family,209,39,AQ6,-0.06489300727844238,0.0,-0.16142110824584963,-0.04344644150990006,-0.013388273119926453,-0.012723548710346222,-0.02654278874397278,-0.026813310384750367,-0.041788899898529054,-0.03303989768028259,-0.04917198717594147,-0.03913878500461579,-0.05650202631950379,-0.027688014507293704,-0.039925122261047365,-0.03354614675045014,-0.028233227133750916,-0.07134552597999573,-0.04917198717594147,-0.04801065027713776,-0.029055556654930117,-0.06882674694061279,-0.03913878500461579,-0.04311179220676423,-0.045078775286674505,-0.09315928220748902,-0.05650202631950379,-0.054629915952682497
A_unseen_anchor_seen_family,210,20,AQ6,-5.840578317642212,0.3600000381469727,0.08141022324562074,0.3288533920214162,0.36732628345489504,0.38830869197845463,0.3711974859237671,0.40738945007324223,0.37546601295471194,0.37141213417053226,0.3136256456375122,0.3662739276885987,0.33544058799743653,0.40900135040283203,0.37570948600769044,0.3715654850006104,0.3694669246673584,0.27335443496704104,0.3136256456375122,0.325697135925293,0.37343993186950686,0.2777918338775635,0.3662739276885987,0.33266696929931644,0.36662552356719974,0.25260190963745116,0.33544058799743653,0.3166564226150513
A_unseen_anchor_seen_family,210,23,AQ6,-5.976296424865723,0.2400000333786011,0.14717211723327636,0.2069309705400756,0.24972515106201174,0.27558858394622804,0.24280076026916506,0.2568690776824951,0.2386403799057007,0.24886407852172854,0.18479205369949342,0.23118443489074708,0.2140816926956177,0.2569605827331543,0.23837709426879883,0.24888412952423097,0.23210113048553468,0.1571877717971802,0.18479205369949342,0.1937022089958191,0.23197093009948733,0.1411736011505127,0.23118443489074708,0.1950645923614502,0.21252472400665284,0.11879301071166992,0.2140816926956177,0.17004702091217042
A_unseen_anchor_seen_family,210,25,AQ6,-6.053805589675903,0.1600000262260437,0.04716776013374329,0.1428240832824125,0.1881738305091858,0.2004619598388672,0.17495101690292358,0.17922401428222656,0.1701735019683838,0.19842393398284913,0.13407561779022217,0.1874513864517212,0.16175304651260378,0.17842316627502441,0.1706053137779236,0.19872580766677858,0.18105618953704836,0.11954437494277954,0.13407561779022217,0.14566965103149415,0.1923507809638977,0.0987362265586853,0.1874513864517212,0.15175552368164064,0.1768645763397217,0.08982509970664979,0.16175304651260378,0.1457667589187622
A_unseen_anchor_seen_family,210,28,AQ6,-6.182663202285767,0.04000002145767212,0.05196561217308045,0.03387608883500534,0.08570070266723634,0.10293580293655397,0.0745615541934967,0.06583075523376465,0.061922699213027954,0.07752386331558228,0.039980754256248474,0.06534526944160461,0.033474776148796084,0.06547377705574035,0.06248360276222229,0.0776611328125,0.06689572334289551,0.014962893724441529,0.039980754256248474,0.04856855273246766,0.06769362092018127,0.0031736969947814943,0.06534526944160461,0.043170553445816044,0.05531736016273499,0.0004644155502319336,0.033474776148796084,0.04208963811397553
A_unseen_anchor_seen_family,210,31,AQ6,-0.013964653015136719,-0.07999998927116395,0.40577702522277836,-0.11574686637020615,-0.03503351211547852,-0.03882167339324952,-0.0625572681427002,-0.07834219336509705,-0.06860413551330567,-0.07343382835388183,-0.11382724046707154,-0.10111478567123414,-0.11174609661102296,-0.07984585762023927,-0.07031592130661012,-0.07368277311325074,-0.10203502178192139,-0.1286023497581482,-0.11382724046707154,-0.10564882755279542,-0.09508296251296998,-0.11943248510360718,-0.10111478567123414,-0.11156984567642213,-0.10014195442199708,-0.11992762088775635,-0.11174609661102296,-0.10235123634338379
A_unseen_anchor_seen_family,210,34,AQ6,6.15802788734436,-0.2,1.6611312866210939,-0.18077443587858216,-0.15782383680343628,-0.13855143785476684,-0.16317371129989625,-0.1634358286857605,-0.1790553331375122,-0.17361836433410646,-0.17874609231948854,-0.17905360460281372,-0.19375498294830323,-0.1628517508506775,-0.18060625791549684,-0.1738893985748291,-0.1790829300880432,-0.1853975534439087,-0.17874609231948854,-0.1742800235748291,-0.18450543880462647,-0.18807637691497803,-0.17905360460281372,-0.18184971809387207,-0.1910746455192566,-0.18538072109222414,-0.19375498294830323,-0.19033964872360232
A_unseen_anchor_seen_family,210,36,AQ6,6.089028835296631,-0.2800000190734863,1.3981209754943849,-0.2657007209456744,-0.2562045812606812,-0.24520978927612305,-0.2671715259552002,-0.2688201189041138,-0.26761670112609864,-0.256662917137146,-0.24257991313934327,-0.24669475555419923,-0.25389666557312013,-0.2691264390945435,-0.2688636302947998,-0.2564683198928833,-0.26608502864837646,-0.24431705474853516,-0.24257991313934327,-0.243961238861084,-0.25312576293945316,-0.25425381660461427,-0.24669475555419923,-0.2502544164657593,-0.2587013244628906,-0.2529202938079834,-0.25389666557312013,-0.2526257038116455
A_unseen_anchor_seen_family,210,39,AQ6,5.966974258422852,-0.4,1.6522924423217775,-0.36157105245838134,-0.3475511550903321,-0.3349858045578003,-0.3526633739471436,-0.3371981859207154,-0.36446814537048344,-0.3660311698913574,-0.33659977912902833,-0.3427327156066895,-0.3558419704437256,-0.3371121406555176,-0.3663305759429932,-0.3651759624481201,-0.365333366394043,-0.32137465476989746,-0.33659977912902833,-0.3444243431091309,-0.3701546669006348,-0.3362925529479981,-0.3427327156066895,-0.35078752040863037,-0.3730701208114624,-0.34344120025634767,-0.3558419704437256,-0.36063139438629155
A_unseen_anchor_seen_family,212,20,AQ6,-0.02790665626525879,0.0,0.08141022324562074,0.01057454905032777,0.009712043404579164,0.017288999259471895,0.004095707833766937,0.00976281464099884,-0.021027429401874544,-0.008165726810693741,0.01736352890729904,-0.009359318017959596,-0.014519093930721283,0.01090814396739006,-0.021068194508552553,-0.00808941274881363,-0.01880360543727875,0.03528439998626709,0.01736352890729904,0.009127579629421234,-0.01737155616283417,0.03085013031959534,-0.009359318017959596,0.008261486887931824,-0.029743367433547975,0.0031949311494827272,-0.014519093930721283,-0.006328792870044709
A_unseen_anchor_seen_family,212,23,AQ6,-0.03328561782836914,0.0,0.14717211723327636,0.0035000874816773354,-0.028616809844970705,-0.0003836922347545624,-0.023856261372566225,-0.0058850407600402836,-0.04607165455818177,-0.020632874965667725,-0.006080657243728638,-0.04596506953239441,-0.03033075034618378,-0.007205116748809815,-0.045556628704071046,-0.020244207978248597,-0.035901796817779545,0.014396192133426668,-0.006080657243728638,-0.014141899347305299,-0.04690042734146119,0.009873409569263459,-0.04596506953239441,-0.020650535821914673,-0.028369665145874023,0.01549091786146164,-0.03033075034618378,-0.0039826869964599615
A_unseen_anchor_seen_family,212,27,AQ6,-0.05860400199890137,0.0,0.11604558229446411,0.0023793866278854457,-0.03770146667957306,-0.01764018088579178,-0.04445908069610596,-0.007752820104360581,-0.037491756677627566,-0.028929787874221805,0.010304349660873414,-0.02773118615150452,-0.008589954674243927,-0.00905875787138939,-0.0366045355796814,-0.028601840138435364,-0.034581801295280455,0.03615146279335022,0.010304349660873414,0.0006836757063865662,-0.03147279024124146,0.031081390380859376,-0.02773118615150452,0.0004081927239894867,-0.035490345954895024,0.02362031489610672,-0.008589954674243927,-0.0021133027970790864
A_unseen_anchor_seen_family,212,30,AQ6,-0.05934548377990723,0.0,0.1713505268096924,-0.015318039881091755,0.006310570240020752,0.0009826898574829101,-0.015322637557983399,-0.01746721863746643,-0.03540521264076233,-0.03630100190639496,0.004268656671047211,-0.02148851454257965,-0.0034646280109882355,-0.01872057467699051,-0.035291400551795964,-0.0359058678150177,-0.053497314453125,0.026924374699592593,0.004268656671047211,-0.01022242084145546,-0.04309757947921753,0.02582284212112427,-0.02148851454257965,-0.007979986816644668,-0.04777820706367493,0.027075588703155518,-0.0034646280109882355,-0.008209623396396637
A_unseen_anchor_seen_family,212,33,AQ6,-0.0622711181640625,0.0,0.013332575559616089,-0.07731315391675653,-0.07821844816207886,-0.08958981633186341,-0.10845102071762086,-0.06355820894241333,-0.09609489440917969,-0.11593157052993774,-0.0419452965259552,-0.09766689538955689,-0.08780565261840821,-0.065074622631073,-0.09562389850616455,-0.11571373939514161,-0.09678367376327515,-0.019218121469020844,-0.0419452965259552,-0.055616861581802374,-0.10945966243743897,-0.03181740641593933,-0.09766689538955689,-0.0745521366596222,-0.12190670967102052,-0.056971883773803716,-0.08780565261840821,-0.08885843753814698
A_unseen_anchor_seen_family,212,36,AQ6,-0.037363529205322266,0.0,-0.11245464086532593,-0.04141681918948738,-0.03299110531806946,-0.04617503583431244,-0.040047848224639894,-0.05477147102355957,-0.0442812204360962,-0.03379239737987518,0.01624334305524826,0.002685119211673737,0.0181259423494339,-0.05552119016647339,-0.04113400578498841,-0.03292915523052216,-0.028507310152053836,0.033742547035217285,0.01624334305524826,0.0059844270348548894,-0.023264412581920624,0.02441397607326508,0.002685119211673737,-0.0005512692034244538,-0.03649401366710663,0.03738240897655487,0.0181259423494339,0.005728653818368912
A_unseen_anchor_seen_family,212,40,AQ6,-0.0581207275390625,0.0,-0.20248947143554688,-0.01998042234239295,-0.06285067796707154,-0.07036232352256776,-0.05446727871894837,-0.09678980708122253,-0.06028258800506592,-0.04029865562915802,-0.008068066835403443,-0.023580826818943024,-0.015868327021598818,-0.09574027061462403,-0.060644686222076416,-0.03967964351177216,-0.038987493515014654,0.016795989871025086,-0.008068066835403443,-0.008380629122257233,-0.05304637551307678,0.017096349596977235,-0.023580826818943024,-0.01780515015125275,-0.06725098490715027,0.02212825119495392,-0.015868327021598818,-0.0180282860994339
A_unseen_anchor_seen_family,212,43,AQ6,-0.06012392044067383,0.0,-0.11075960397720337,0.00815198451962694,-0.04902868270874024,-0.05966814756393433,-0.057494056224823,-0.026284268498420717,-0.05137109160423279,-0.044167238473892215,-0.011042898148298265,-0.010396887362003327,-0.0012388139963150026,-0.026118585467338563,-0.048570603132247925,-0.043814778327941895,-0.035036176443099976,0.017214131355285645,-0.011042898148298265,-0.0036474213004112246,-0.027386602759361268,0.036232110857963566,-0.010396887362003327,0.00882236957550049,-0.042184853553771974,0.022207590937614444,-0.0012388139963150026,0.002917212247848511
A_unseen_anchor_seen_family,213,20,AQ6,-0.09899330139160156,0.0,0.08141022324562074,-0.006280083666258394,0.015662875771522523,-0.011328279227018357,0.006883456557989121,0.01977651119232178,-0.007894964516162872,-0.016811473667621615,0.006820698082447053,-0.007203208655118943,-0.03970191776752472,0.01975429952144623,-0.007320922613143922,-0.01692037284374237,-0.034408843517303465,0.017995327711105347,0.006820698082447053,-0.00493585616350174,-0.011828132718801499,0.019053930044174196,-0.007203208655118943,0.008869993686676026,-0.055838155746459964,-0.014499953389167786,-0.03970191776752472,-0.028670412302017213
A_unseen_anchor_seen_family,213,23,AQ6,-0.12373232841491699,0.0,0.14717211723327636,-0.026318682955013273,-0.04196036159992218,-0.007328999042510987,-0.03813189864158631,-0.014099183678627015,-0.048545971512794495,-0.04220150411128998,-0.0026731945574283602,-0.047147542238235474,-0.07115498781204224,-0.016208308935165405,-0.048572230339050296,-0.04195915460586548,-0.040021431446075444,0.0037681866437196732,-0.0026731945574283602,-0.013796705007553102,-0.04729583263397217,-0.01094287931919098,-0.047147542238235474,-0.022923272848129273,-0.06932485103607178,-0.03921798169612885,-0.07115498781204224,-0.04948644936084748
A_unseen_anchor_seen_family,213,27,AQ6,-0.1316509246826172,0.0,0.11604558229446411,-0.010729045407980557,-0.03662014901638031,-0.0181052103638649,-0.04295138120651246,-0.002528451383113861,-0.03278861939907074,-0.03653797209262848,0.010237830132246018,-0.01968863308429718,-0.01871282458305359,-0.0035591319203376773,-0.03167119324207306,-0.03627246618270874,-0.020995047688484193,0.0004099339246749878,0.010237830132246018,0.0036577008664608005,-0.02123931646347046,-0.0003898158669471741,-0.01968863308429718,-0.0036646038293838504,-0.03989554643630982,-0.026701980829238893,-0.01871282458305359,-0.01631268560886383
A_unseen_anchor_seen_family,213,30,AQ6,-0.11907815933227539,0.0,0.1713505268096924,-0.028083727972614093,0.0010537520051002503,0.007925844192504883,-0.010349425673484803,0.00855698436498642,-0.03007711172103882,-0.04099528193473816,0.00815652757883072,-0.008857744187116623,-0.015747398138046265,0.00890268012881279,-0.030115842819213867,-0.04061453938484192,-0.010745668411254884,-0.006633105129003525,0.00815652757883072,0.004277229309082031,-0.015898454189300536,-0.011269380152225495,-0.008857744187116623,-0.008047564327716828,-0.02602098286151886,-0.03469457924365998,-0.015747398138046265,-0.010897973179817201
A_unseen_anchor_seen_family,213,33,AQ6,-0.13320517539978027,0.0,0.3876992702484131,-0.03066590153653618,-0.035458311438560486,-0.007959544658660889,-0.011781397461891175,-0.006679051369428635,-0.03746814131736755,-0.051548135280609135,-0.019397114217281342,-0.02365632802248001,-0.045690327882766724,-0.008710815012454987,-0.03868592977523804,-0.050974273681640626,-0.0306624710559845,-0.036458826065063475,-0.019397114217281342,-0.024147009849548342,-0.025609761476516724,-0.049140593409538275,-0.02365632802248001,-0.027455887198448183,-0.05062319040298462,-0.07152113914489747,-0.045690327882766724,-0.04263576865196228
A_unseen_anchor_seen_family,213,36,AQ6,-0.1167294979095459,0.0,-0.017968463897705077,-0.004827610459175006,-0.035987287759780884,0.02789350748062134,-0.06670538187026978,-0.000790170580148697,-0.01865171790122986,0.002621084451675415,-0.005884423851966858,0.012284751981496811,-0.006005570292472839,-0.0031331449747085574,-0.018081834912300112,0.0029292315244674686,-0.008115261793136597,-0.028727430105209353,-0.005884423851966858,-0.008174195885658264,0.013939447700977325,-0.024867704510688784,0.012284751981496811,0.0062784478068351746,0.0028959676623344422,-0.03707752227783203,-0.006005570292472839,-0.0031085848808288575
A_unseen_anchor_seen_family,213,40,AQ6,-0.13469505310058594,0.0,-0.12321617603302003,-0.036728561070724024,-0.04080352187156677,-0.062297415733337407,-0.07838133573532105,-0.03269106149673462,-0.011966933310031892,-0.05155594944953919,-0.07126197814941407,-0.03204476833343506,-0.051752912998199466,-0.03338038921356201,-0.011231283843517305,-0.05192501544952393,-0.0559694528579712,-0.10016674995422364,-0.07126197814941407,-0.0756574034690857,-0.026410594582557678,-0.06736633777618409,-0.03204476833343506,-0.04124912619590759,-0.04523338973522187,-0.09012978076934815,-0.051752912998199466,-0.05358579158782959
A_unseen_anchor_seen_family,213,43,AQ6,-0.11434531211853027,0.0,-0.32494816780090335,0.03582218494015979,-0.010332591831684113,-0.006717297434806824,0.0037803113460540775,0.09456243515014649,0.09939575791358948,0.021153685450553895,0.029039978981018066,0.0596523404121399,0.07270873188972474,0.0950875461101532,0.09988040328025818,0.020421218872070313,0.0336570143699646,-0.012285535782575609,0.029039978981018066,0.016548635065555574,0.05868847966194153,0.02807024121284485,0.0596523404121399,0.053051608800888064,0.07688995003700257,0.013840752840042115,0.07270873188972474,0.05811693668365479
A_unseen_anchor_seen_family,214,20,AQ6,-5.668317079544067,0.48000001907348633,0.08141022324562074,0.4283982582029509,0.4605107307434082,0.5076192855834961,0.4689473152160645,0.49545249938964847,0.44588680267333985,0.44935359954833987,0.4158173561096192,0.4362266540527344,0.4167348861694336,0.49698562622070314,0.4460041999816895,0.4493552684783936,0.4602224349975586,0.3776460409164429,0.4158173561096192,0.4238748550415039,0.4406340599060059,0.36500115394592286,0.4362266540527344,0.40972437858581545,0.43997859954833984,0.35550961494445804,0.4167348861694336,0.4024522781372071
A_unseen_anchor_seen_family,214,23,AQ6,-5.79318642616272,0.3600000381469727,0.14717211723327636,0.2918527435468702,0.35752830505371097,0.38938860893249516,0.34335007667541506,0.34194369316101075,0.348508095741272,0.35174107551574707,0.2782775402069092,0.35333240032196045,0.3170753240585327,0.3415886163711548,0.34877820014953614,0.35211777687072754,0.3282230377197266,0.24876573085784914,0.2782775402069092,0.2884988784790039,0.3549355983734131,0.26373212337493895,0.35333240032196045,0.31409926414489747,0.3178694248199463,0.22043340206146242,0.3170753240585327,0.2699861526489258
A_unseen_anchor_seen_family,214,27,AQ6,-5.976253986358643,0.20000002384185792,0.11604558229446411,0.17890199202675117,0.20782260894775392,0.22235689163208008,0.18357852697372437,0.19713313579559327,0.2028751611709595,0.22384743690490724,0.15977985858917237,0.21881370544433595,0.16606035232543948,0.1968467950820923,0.20294854640960694,0.22388901710510256,0.1987265467643738,0.1354347348213196,0.15977985858917237,0.16671781539916994,0.22402563095092776,0.12915139198303224,0.21881370544433595,0.18166935443878174,0.20086984634399416,0.11387063264846803,0.16606035232543948,0.16666388511657715
A_unseen_anchor_seen_family,214,30,AQ6,-6.099883556365967,0.08000003099441529,0.1713505268096924,0.0522135309406528,0.13005023002624513,0.14460880756378175,0.11764293909072876,0.085061514377594,0.09285266399383546,0.1042233943939209,0.0635890007019043,0.08657875657081604,0.048454788327217106,0.08421947956085206,0.09223631620407105,0.10428929328918457,0.09467567801475525,0.045735991001129156,0.0635890007019043,0.07655872106552125,0.10213022232055664,0.03878867328166962,0.08657875657081604,0.07367960214614869,0.07708793282508851,0.024171179533004763,0.048454788327217106,0.0625783145427704
A_unseen_anchor_seen_family,214,33,AQ6,0.00813150405883789,-0.11999999284744263,1.3372095108032227,-0.10227091849369102,-0.06804250478744507,-0.06655287146568299,-0.09838720560073853,-0.08233760595321656,-0.09491052627563477,-0.09387707710266113,-0.11019119024276734,-0.10376375913619995,-0.10714086294174195,-0.08316500782966614,-0.09601131677627564,-0.09421558380126954,-0.0985922932624817,-0.12872567176818847,-0.11019119024276734,-0.10168648958206178,-0.09998775124549866,-0.12964210510253907,-0.10376375913619995,-0.11613219976425171,-0.08891959190368653,-0.11905665397644044,-0.10714086294174195,-0.097192120552063
A_unseen_anchor_seen_family,214,36,AQ6,-0.11950492858886719,-0.24000000953674316,1.4465960502624513,-0.21644784633105463,-0.20390818119049073,-0.20377368927001954,-0.21478083133697512,-0.24184956550598147,-0.2238019943237305,-0.21361749172210695,-0.20608100891113282,-0.20030455589294435,-0.2077275276184082,-0.2422801733016968,-0.22539944648742677,-0.21361703872680665,-0.21342976093292237,-0.2170675277709961,-0.20608100891113282,-0.20231990814208986,-0.19783719778060915,-0.21408233642578126,-0.20030455589294435,-0.20107002258300782,-0.20646953582763672,-0.21264095306396485,-0.2077275276184082,-0.20228252410888672
A_unseen_anchor_seen_family,214,40,AQ6,5.974366188049316,-0.4,1.3546805381774902,-0.3797477647115015,-0.3903937339782715,-0.3534901857376099,-0.3996047735214234,-0.38922336101531985,-0.4008095741271973,-0.4065781116485596,-0.3820969104766846,-0.3702077150344849,-0.3873659610748291,-0.38992314338684086,-0.40283870697021484,-0.4065268516540528,-0.4099289417266846,-0.37336759567260747,-0.3820969104766846,-0.38840100765228275,-0.3958033084869385,-0.36906936168670657,-0.3702077150344849,-0.3789766311645508,-0.41330780982971194,-0.3756280899047852,-0.3873659610748291,-0.3945646286010742
A_unseen_anchor_seen_family,214,43,AQ6,5.850418329238892,-0.5199999809265137,1.7031875610351563,-0.4040934528885267,-0.514943265914917,-0.4817679405212403,-0.4884828567504883,-0.48971185684204105,-0.4498774528503418,-0.48938951492309574,-0.420599365234375,-0.41214914321899415,-0.44138522148132325,-0.4909233093261719,-0.4497902870178223,-0.48911752700805666,-0.4559514999389649,-0.401579761505127,-0.420599365234375,-0.4310648918151856,-0.4386049270629883,-0.405541467666626,-0.41214914321899415,-0.4184532165527344,-0.46645402908325195,-0.43285555839538575,-0.44138522148132325,-0.4441568374633789
A_unseen_anchor_seen_family,216,20,AQ7,-0.025458097457885742,0.0,-0.038530108332633976,0.01661628420902841,-0.005617639422416687,0.0028853029012680057,-0.011313874274492264,-0.043185761570930487,-0.0327322781085968,-0.004417675733566284,-0.00977255031466484,-0.010122238099575043,0.0034033611416816713,-0.04244763255119324,-0.03408981263637543,-0.0046669781208038335,-0.014985549449920655,0.04393502473831177,-0.00977255031466484,0.019079731404781343,-0.007307419925928116,0.043450170755386354,-0.010122238099575043,0.01667978912591934,0.0009552158415317536,0.0378750741481781,0.0034033611416816713,0.02643721401691437
A_unseen_anchor_seen_family,216,23,AQ7,-0.014168977737426758,0.0,0.12024517059326173,0.007506701484677224,-0.025440508127212526,-0.015646529197692872,-0.03074084520339966,-0.03742812275886536,-0.03758988678455353,-0.027183786034584045,0.006893070042133332,-0.02492857575416565,-0.028464585542678833,-0.037535831332206726,-0.03869598805904389,-0.026990273594856264,-0.03376309871673584,0.033943578600883484,0.006893070042133332,0.0026677057147026064,-0.02571339011192322,0.03300719261169434,-0.02492857575416565,0.003991812467575073,-0.027749910950660706,0.028311654925346375,-0.028464585542678833,0.003979460150003433
A_unseen_anchor_seen_family,216,25,AQ7,-0.01825737953186035,0.0,-0.04379922151565552,0.00653988332391042,-0.04316999912261963,-0.025242722034454348,-0.04789828658103943,-0.029018408060073855,-0.03853270411491394,-0.03678200244903564,0.004696584492921829,-0.029012715816497805,-0.023472273349761964,-0.030662041902542115,-0.037380197644233705,-0.03626236915588379,-0.03777063488960267,0.03430610299110413,0.004696584492921829,-0.003887283802032471,-0.0312295138835907,0.02993552088737488,-0.029012715816497805,0.0001544669270515442,-0.03373517096042633,0.028959983587265016,-0.023472273349761964,-0.00033718049526214604
A_unseen_anchor_seen_family,216,28,AQ7,-0.017798900604248047,0.0,0.09882522821426393,0.003652693946105515,-0.05366658568382263,-0.03639861345291138,-0.06253989934921265,-0.04269129633903504,-0.057995241880416874,-0.05322713255882264,-0.007628827542066574,-0.04369050860404969,-0.006397530436515808,-0.042926993966102604,-0.05882079601287842,-0.05265795588493347,-0.05544868707656861,0.01689363867044449,-0.007628827542066574,-0.01879658102989197,-0.053321027755737306,0.015449455380439759,-0.04369050860404969,-0.020099717378616336,-0.053915399312973025,0.02148067355155945,-0.006397530436515808,-0.010051779448986053
A_unseen_anchor_seen_family,216,31,AQ7,-0.011780261993408203,0.0,-0.05245165824890137,-0.011317569936740008,-0.052306866645812994,-0.051334899663925175,-0.04569839835166931,-0.04102569818496704,-0.0551591157913208,-0.032724007964134216,0.0001457963138818741,-0.019945468008518222,0.007486892491579056,-0.041609615087509155,-0.05276786088943482,-0.0318106472492218,-0.051255202293396,0.010968200862407684,0.0001457963138818741,-0.01312977969646454,-0.04176321625709534,0.02293930947780609,-0.019945468008518222,-0.012633198499679567,-0.03361006379127503,0.03215165138244629,0.007486892491579056,0.004558318853378296
A_unseen_anchor_seen_family,216,34,AQ7,-0.005921602249145508,0.0,-0.3821382761001587,0.0013477240269433928,-0.03719742894172669,-0.03193241357803345,-0.051385444402694706,-0.04789988100528717,-0.03810118734836579,-0.03483478128910065,-0.021216025948524477,0.02552902400493622,0.013282455503940582,-0.048132050037384036,-0.036994370818138125,-0.03455129861831665,-0.04731038212776184,-0.015109898149967195,-0.021216025948524477,-0.03020085096359253,-0.009928891062736513,0.04567397236824036,0.02552902400493622,0.01599775850772858,-0.031592079997062684,0.033226168155670165,0.013282455503940582,0.002325066551566124
A_unseen_anchor_seen_family,216,36,AQ7,0.0033092498779296875,0.0,0.0353526771068573,-0.015065512621837963,-0.06129761338233948,-0.0569253146648407,-0.07628924250602723,-0.06003919839859009,-0.05745114088058472,-0.03958745300769806,0.007911138236522675,-0.0033097155392169952,0.005835863202810288,-0.06101186275482178,-0.055790519714355474,-0.03892818093299866,-0.04493417441844941,0.01836553066968918,0.007911138236522675,-0.008463016152381897,-0.04684318006038666,0.015221302211284638,-0.0033097155392169952,-0.015647268295288088,-0.040655589103698736,0.018352246284484865,0.005835863202810288,-0.004523017257452011
A_unseen_anchor_seen_family,216,39,AQ7,0.002996683120727539,0.0,-0.3890573024749756,0.0006033252453653687,-0.06522250175476074,-0.07292007207870484,-0.08280836343765259,-0.07947457432746888,-0.042691782116889954,-0.052320694923400884,-0.028166657686233523,-0.0004119217395782471,-0.02754681706428528,-0.0792373836040497,-0.04216135144233704,-0.05269681215286255,-0.0575280487537384,-0.014951430261135101,-0.028166657686233523,-0.03524662256240845,-0.03957882523536682,0.014604541659355165,-0.0004119217395782471,-0.012076901644468308,-0.07052054405212403,0.003985253721475602,-0.02754681706428528,-0.033573204278945924
A_unseen_anchor_seen_family,217,20,AQ7,-0.03422260284423828,0.0,-0.038530108332633976,0.0019029420565358974,0.005197200179100037,-0.003257757425308228,-0.01721286177635193,-0.0449527382850647,-0.04133602678775788,-0.014440062642097474,-0.016771806776523592,-0.01727032959461212,-0.01912636607885361,-0.04493741393089295,-0.04258399307727814,-0.01477365642786026,-0.02096858024597168,0.027916845679283143,-0.016771806776523592,0.008511066436767578,-0.015418754518032075,0.021244455873966218,-0.01727032959461212,0.011017274856567384,-0.020015257596969607,0.014518097043037415,-0.01912636607885361,0.004683569073677063
A_unseen_anchor_seen_family,217,23,AQ7,-0.024056196212768555,0.0,0.12024517059326173,-0.007897288060395654,-0.026876091957092285,-0.015119031071662903,-0.028766900300979614,-0.029628777503967287,-0.026193904876708987,-0.03450560867786408,0.0014294560998678208,-0.019563023746013642,-0.03330221772193909,-0.030856344103813174,-0.026949343085289002,-0.034402137994766234,-0.02866068780422211,0.007796926051378251,0.0014294560998678208,-0.004597663506865502,-0.021783706545829774,0.009102745354175568,-0.019563023746013642,-2.1047890186309814e-05,-0.035609501600265506,-0.01749114990234375,-0.03330221772193909,-0.010613304376602174
A_unseen_anchor_seen_family,217,25,AQ7,-0.0027086734771728516,0.0,-0.04379922151565552,-0.0033511211732589878,-0.030107745528221132,-0.01861930936574936,-0.037190622091293334,-0.0072688087821006775,-0.016897663474082947,-0.03549518585205078,0.015610983967781067,-0.014678877592086793,-0.012505830824375154,-0.008832612633705139,-0.015439246594905854,-0.034936684370040896,-0.0116825208067894,0.009835495054721833,0.015610983967781067,0.009668084979057313,-0.01724751591682434,0.008278100192546845,-0.014678877592086793,0.002688182890415192,-0.02431944310665131,-0.008566522598266601,-0.012505830824375154,0.0055635377764701845
A_unseen_anchor_seen_family,217,28,AQ7,-0.011989116668701172,0.0,0.09882522821426393,-0.013267511329872729,-0.04917760491371155,-0.03064398765563965,-0.05234286785125733,-0.020199596881866455,-0.04267728626728058,-0.049570110440254216,0.0025934815406799317,-0.011541759967803955,-0.02425408810377121,-0.019340038299560547,-0.04285182356834412,-0.04916361272335053,-0.02106502950191498,-0.017262472212314608,0.0025934815406799317,-0.0020708754658699037,-0.013368739187717438,-0.013793331384658814,-0.011541759967803955,-0.007367256283760071,-0.034596285223960875,-0.04386082887649537,-0.02425408810377121,-0.02263922393321991
A_unseen_anchor_seen_family,217,31,AQ7,-0.013782739639282227,0.0,-0.0744318425655365,-0.017882672303121325,-0.05089595317840576,-0.04126172661781311,-0.029474005103111267,-0.009989058226346971,-0.03223534226417542,-0.027201232314109803,0.01201424151659012,0.001987145096063614,-0.012371969223022462,-0.011658194661140443,-0.03133077919483185,-0.026938396692276004,-0.00921842008829117,-0.006928601115942002,0.01201424151659012,0.007103478163480759,-0.0023735202848911285,-0.015417224168777466,0.001987145096063614,-0.0023309074342250827,-0.017787398397922517,-0.033721864223480225,-0.012371969223022462,-0.006559327244758606
A_unseen_anchor_seen_family,217,34,AQ7,-0.0272064208984375,0.0,0.03007265627384186,-0.06447283197689038,-0.05181823372840882,-0.056433677673339844,-0.05799906849861145,-0.08149815201759339,-0.06634116172790527,-0.06375930905342102,-0.06995480060577393,-0.05979257822036743,-0.06587271690368653,-0.08121747374534607,-0.06743134260177612,-0.06331247687339783,-0.06823701858520508,-0.09316003322601318,-0.06995480060577393,-0.07140101194381714,-0.05201747417449951,-0.07489346265792847,-0.05979257822036743,-0.06433868408203125,-0.06275083422660828,-0.08254605531692505,-0.06587271690368653,-0.061699610948562626
A_unseen_anchor_seen_family,217,36,AQ7,-0.04129362106323242,0.0,-0.09142682552337647,-0.07081639698231729,-0.055379974842071536,-0.04964746236801148,-0.09200431108474733,-0.03291249871253967,-0.05046554207801819,-0.040642887353897095,-0.07616366147994996,-0.06458143591880798,-0.044826272130012515,-0.034370169043540955,-0.05224642753601075,-0.040846925973892216,-0.07285269498825074,-0.1005131483078003,-0.07616366147994996,-0.07994186282157899,-0.057064187526702885,-0.09072518348693848,-0.06458143591880798,-0.06860989332199097,-0.03770818412303925,-0.07421891689300537,-0.044826272130012515,-0.04152803719043732
A_unseen_anchor_seen_family,217,39,AQ7,-0.027375221252441406,0.0,-0.23138194084167482,-0.04251006431802197,-0.051981675624847415,-0.061144244670867924,-0.04378558993339539,0.015700604021549224,0.00583360567688942,-0.03130309283733368,-0.026373133063316345,-0.025688675045967103,-0.04346745610237122,0.015791533887386324,0.005616791546344757,-0.032197168469429015,-0.021836164593696597,-0.059328418970108036,-0.026373133063316345,-0.03161369264125824,-0.03186060786247254,-0.048338225483894354,-0.025688675045967103,-0.031709814071655275,-0.03493216037750244,-0.07467049360275269,-0.04346745610237122,-0.04327378869056702
A_unseen_anchor_seen_family,218,20,AQ7,0.4003167152404785,0.3600000381469727,-0.038530108332633976,0.331511354304722,0.36327116489410405,0.3806051731109619,0.35202717781066895,0.36803150177001953,0.3647075891494751,0.3710176229476929,0.38451406955719,0.3922752857208252,0.3953336477279663,0.3691142559051514,0.36305129528045654,0.37083952426910405,0.38884959220886234,0.29903125762939453,0.38451406955719,0.3481456279754639,0.39118676185607915,0.29412522315979006,0.3922752857208252,0.34901974201202396,0.39760951995849614,0.2827332973480225,0.3953336477279663,0.3505695104598999
A_unseen_anchor_seen_family,218,23,AQ7,0.28112339973449707,0.2400000333786011,0.12024517059326173,0.21422003094137687,0.24562926292419435,0.2737093448638916,0.2414045572280884,0.25254735946655277,0.2566221714019776,0.2630946636199951,0.2229257106781006,0.26327223777770997,0.2539140462875366,0.2536219120025635,0.2547255277633667,0.26314237117767336,0.2596914291381836,0.1853386998176575,0.2229257106781006,0.22309792041778564,0.26739761829376224,0.1832080125808716,0.26327223777770997,0.22929809093475342,0.25603756904602054,0.16416972875595093,0.2539140462875366,0.21419284343719483
A_unseen_anchor_seen_family,218,25,AQ7,0.20408892631530762,0.1600000262260437,-0.04379922151565552,0.14881458579629878,0.17662559747695925,0.1852564811706543,0.16344218254089357,0.15709388256072998,0.17383676767349243,0.18456343412399293,0.13642357587814333,0.1894856929779053,0.1643048882484436,0.15679302215576174,0.17462948560714722,0.18481361865997314,0.17422021627426149,0.1176763415336609,0.13642357587814333,0.14368549585342408,0.19121053218841555,0.09983601570129395,0.1894856929779053,0.15294530391693117,0.17227522134780884,0.08642462491989136,0.1643048882484436,0.1411667823791504
A_unseen_anchor_seen_family,218,28,AQ7,0.06491994857788086,0.04000002145767212,0.09882522821426393,0.034222151519369984,0.050391900539398196,0.06034799218177796,0.04358842968940735,0.03264731168746948,0.044782042503356934,0.04633291363716126,0.033437889814376835,0.06015741229057312,0.021343508362770082,0.03357185423374176,0.044462651014328,0.04653236865997315,0.061444288492202764,0.007966452836990356,0.033437889814376835,0.04195443391799927,0.06535550951957703,-0.0036272823810577395,0.06015741229057312,0.036658775806427006,0.040827912092208866,-0.006276705861091614,0.021343508362770082,0.03227909505367279
A_unseen_anchor_seen_family,218,31,AQ7,-0.06039118766784668,-0.07999998927116395,0.42772693634033204,-0.08624379843592568,-0.060130989551544195,-0.06895995140075684,-0.053217273950576786,-0.07101549506187439,-0.05580493211746216,-0.04290305376052857,-0.08580985069274903,-0.06357160806655884,-0.07669968605041505,-0.07102538347244262,-0.05454080104827881,-0.04290953874588013,-0.07231159210205078,-0.10518759489059448,-0.08580985069274903,-0.07612652182579041,-0.05461280345916748,-0.08441351652145386,-0.06357160806655884,-0.07028091549873353,-0.06357457041740418,-0.08720465302467346,-0.07669968605041505,-0.06724838018417359
A_unseen_anchor_seen_family,218,34,AQ7,-0.19062280654907227,-0.2,1.4520316123962402,-0.19987003854563015,-0.1737995743751526,-0.18506731986999514,-0.1914390802383423,-0.22279181480407717,-0.19808138608932496,-0.18754923343658447,-0.19748146533966066,-0.19442578554153445,-0.20280508995056154,-0.22282195091247559,-0.19777474403381348,-0.1874483346939087,-0.19992423057556152,-0.2014587163925171,-0.19748146533966066,-0.19407620429992678,-0.19818944931030275,-0.19697057008743288,-0.19442578554153445,-0.19653438329696657,-0.2003596067428589,-0.19858044385910034,-0.20280508995056154,-0.20241384506225588
A_unseen_anchor_seen_family,218,36,AQ7,-0.2648348808288574,-0.2800000190734863,1.317168140411377,-0.27514707503910885,-0.26235525608062743,-0.2702150583267212,-0.28443274497985843,-0.26927876472473145,-0.272317910194397,-0.2644525527954102,-0.25574865341186526,-0.2572591304779053,-0.24993343353271485,-0.26981635093688966,-0.2747584104537964,-0.26435132026672364,-0.27497642040252684,-0.2556410551071167,-0.25574865341186526,-0.25538549423217777,-0.2687875270843506,-0.26050419807434083,-0.2572591304779053,-0.26205000877380374,-0.26383509635925295,-0.24852375984191896,-0.24993343353271485,-0.25159311294555664
A_unseen_anchor_seen_family,218,39,AQ7,-0.3796377182006836,-0.4,1.227057933807373,-0.3687533246687945,-0.40388422012329106,-0.4066441059112549,-0.3685670137405396,-0.39655561447143556,-0.4058701992034912,-0.38889560699462894,-0.3572349786758423,-0.36166298389434814,-0.35198187828063965,-0.3972146511077881,-0.40868763923645024,-0.38925018310546877,-0.39798324108123784,-0.3525881290435791,-0.3572349786758423,-0.3691792964935303,-0.38868930339813235,-0.36134951114654545,-0.36166298389434814,-0.37087602615356446,-0.37834644317626953,-0.34052083492279056,-0.35198187828063965,-0.3618488311767578
A_unseen_anchor_seen_family,220,20,AQ7,-0.02718210220336914,0.0,-0.038530108332633976,0.016536464357365173,0.0029209896922111514,-0.002630475163459778,-0.012427490949630738,-0.04763375818729401,-0.037013286352157594,-0.0026809029281139375,-0.011070094257593156,-0.01117207556962967,0.007435260713100434,-0.04651084542274475,-0.038593658804893495,-0.002896198630332947,-0.014705604314804077,0.04566360712051392,-0.011070094257593156,0.01780150830745697,-0.011913975328207017,0.04023045301437378,-0.01117207556962967,0.014962238073349,0.006220842152833939,0.041487342119216924,0.007435260713100434,0.030858144164085388
A_unseen_anchor_seen_family,220,23,AQ7,-0.01910090446472168,0.0,0.12024517059326173,0.0055550901322248105,-0.025999253988265993,-0.016707435250282288,-0.038611006736755375,-0.04213547706604004,-0.03502369225025177,-0.02840567231178284,0.005404350906610489,-0.025195556879043582,-0.028814107179641724,-0.0419636607170105,-0.036561614274978636,-0.028197771310806276,-0.03168763816356659,0.0333558738231659,0.005404350906610489,0.0010764919221401216,-0.024380533397197725,0.03583927154541016,-0.025195556879043582,0.004120363295078278,-0.029974070191383363,0.02852042317390442,-0.028814107179641724,0.0030081093311309817
A_unseen_anchor_seen_family,220,25,AQ7,-0.02535724639892578,0.0,-0.04379922151565552,-0.0009676956590754182,-0.04958111643791199,-0.024514566361904147,-0.053179544210433964,-0.04505394101142884,-0.0413878083229065,-0.0316876620054245,-3.21805477142334e-05,-0.03496150076389313,-0.01527138650417328,-0.04662968814373017,-0.040503308176994324,-0.031054189801216128,-0.04721988141536713,0.026951125264167788,-3.21805477142334e-05,-0.009009391069412231,-0.03681614398956299,0.023942361772060397,-0.03496150076389313,-0.0053934879601001745,-0.02802696228027344,0.03150620460510254,-0.01527138650417328,0.008258259296417237
A_unseen_anchor_seen_family,220,28,AQ7,-0.02960205078125,0.0,0.09882522821426393,0.0014911956544843862,-0.05519718527793885,-0.03685083687305451,-0.05461339950561524,-0.05052995681762695,-0.051970970630645756,-0.05091000199317933,-0.009100623428821564,-0.03965662717819214,-8.335337042808533e-05,-0.051101505756378174,-0.0530281662940979,-0.050366514921188356,-0.058170104026794435,0.01393221914768219,-0.009100623428821564,-0.02131343185901642,-0.046092838048934937,0.019396883249282838,-0.03965662717819214,-0.01616770774126053,-0.04207387566566467,0.02940275073051453,-8.335337042808533e-05,-0.0036559835076332096
A_unseen_anchor_seen_family,220,31,AQ7,-0.027829885482788086,0.0,-0.09815329313278198,-0.008445167334627602,-0.028170531988143923,-0.015179891884326936,-0.018725275993347168,-0.04974617660045624,-0.05071625709533692,-0.04064753949642182,-0.00988856926560402,-0.02535115480422974,-0.0010624177753925325,-0.05099201202392578,-0.05017766356468201,-0.040639445185661316,-0.06252846717834473,0.011618295311927797,-0.00988856926560402,-0.024590668082237244,-0.05078142285346985,0.021188707649707796,-0.02535115480422974,-0.016096128523349764,-0.05396759510040283,0.025827479362487794,-0.0010624177753925325,-0.009064558893442154
A_unseen_anchor_seen_family,220,34,AQ7,-0.03142595291137695,0.0,-0.3524443864822388,0.031126321595056728,-0.03888179957866669,-0.0467878520488739,-0.0382254958152771,-0.045777255296707155,-0.04479872882366181,-0.031813979148864746,-0.018811368942260744,0.02609164118766785,0.01560003012418747,-0.046203941106796265,-0.04530575573444367,-0.0315628707408905,-0.046619868278503424,-0.01120487004518509,-0.018811368942260744,-0.027979519963264466,-0.008609755337238312,0.04562290906906128,0.02609164118766785,0.01718745082616806,-0.021318334341049197,0.03586958646774292,0.01560003012418747,0.004548940807580948
A_unseen_anchor_seen_family,220,36,AQ7,-0.023857593536376953,0.0,-0.04672356247901917,-0.016047000234064617,-0.060012674331665045,-0.048828649520874026,-0.06482683420181275,-0.05153283476829529,-0.07167314291000366,-0.05295828580856324,0.005551478266716004,-0.007709318399429322,-0.0029891878366470337,-0.053212332725524905,-0.07008023262023926,-0.05263558626174927,-0.040438574552536015,0.018796426057815552,0.005551478266716004,-0.008301262557506562,-0.04694575667381287,0.013662168383598329,-0.007709318399429322,-0.01780628561973572,-0.05310711860656739,0.00942719876766205,-0.0029891878366470337,-0.014250233769416809
A_unseen_anchor_seen_family,220,39,AQ7,-0.007996082305908203,0.0,-0.3623218536376953,-0.0031928978410904092,-0.06906622648239136,-0.06492503881454469,-0.08408432006835938,-0.09672383069992066,-0.05442622900009156,-0.04852052927017212,-0.03318500518798828,0.004041500389575958,-0.015971010923385622,-0.0973994553089142,-0.05470073819160462,-0.04915513694286347,-0.05756739974021912,-0.023458468914031985,-0.03318500518798828,-0.03901637196540833,-0.029074490070343018,0.019208887219429018,0.004041500389575958,-0.004342219233512879,-0.058785879611968996,0.008071894943714143,-0.015971010923385622,-0.02128964513540268
A_unseen_anchor_seen_family,221,20,AQ7,-0.0342869758605957,0.0,-0.038530108332633976,0.031653389119685175,0.009232106059789658,0.017507693171501162,-0.003808204829692841,-0.010626661777496339,-0.00665278509259224,0.0016294479370117189,0.02053075581789017,0.019296979904174807,0.012172074615955354,-0.010536555945873261,-0.00844278410077095,0.001261689141392708,0.017729882895946503,0.06204675436019898,0.02053075581789017,0.044374203681945806,0.020676569640636445,0.05303106307983399,0.019296979904174807,0.047036087512969976,0.012647776305675507,0.04162886440753937,0.012172074615955354,0.03622987270355225
A_unseen_anchor_seen_family,221,22,AQ7,-0.0354464054107666,0.0,0.12309644222259522,0.021710240432401523,-0.014781662821769716,-0.002418024092912674,-0.028855958580970766,-0.00728367492556572,-0.02195152193307877,-0.03126517236232758,0.019672930240631104,-0.015059100091457368,-0.023392778635025025,-0.008685433119535447,-0.022639399766922,-0.031283289194107056,-0.01292293518781662,0.02495636194944382,0.019672930240631104,0.012990202009677888,-0.015539488196372986,0.016310210525989532,-0.015059100091457368,0.009106242656707763,-0.02311900407075882,-0.007390700280666351,-0.023392778635025025,-0.0007606800645589828
A_unseen_anchor_seen_family,221,25,AQ7,-0.03870439529418945,0.0,-0.04379922151565552,-0.012449743792032307,-0.044144296646118165,-0.013240653276443482,-0.04891371726989746,-0.03782631456851959,-0.029717454314231874,-0.054620617628097536,-0.027544468641281128,-0.03189722895622254,-0.041377538442611696,-0.03941903114318848,-0.028505912423133852,-0.054136037826538086,-0.05025061368942261,-0.0337923139333725,-0.027544468641281128,-0.03295231461524963,-0.032357457280159,-0.01807745397090912,-0.03189722895622254,-0.018189559876918792,-0.04953816831111908,-0.04166381359100342,-0.041377538442611696,-0.025369837880134583
A_unseen_anchor_seen_family,221,27,AQ7,-0.031276702880859375,0.0,0.05955353379249573,0.008072708066075072,-0.04025909900665284,-0.024863953888416293,-0.023047383129596713,-0.0037828341126441957,-0.0423762321472168,-0.033331483602523804,0.015928304195404055,-0.0054673880338668825,0.00010523870587348939,-0.0034317709505558014,-0.04193342626094818,-0.033150511980056765,-0.004389078915119172,-0.0016136765480041504,0.015928304195404055,0.0111814945936203,-0.0061534360051155096,-0.005003992095589638,-0.0054673880338668825,3.9395689964294436e-05,-0.010120047628879547,-0.017031200230121613,0.00010523870587348939,0.0011644534766674043
A_unseen_anchor_seen_family,221,30,AQ7,-0.03768515586853027,0.0,-0.03800504803657532,0.01570752467297821,-0.029194462299346927,0.0044513590633869175,-0.014606118202209473,0.008253245055675507,-0.01490994393825531,-0.0043211191892623905,0.03600325584411621,0.0274412214756012,-0.007053367793560028,0.008535422384738922,-0.012216282635927202,-0.003850483149290085,0.0335962176322937,0.013568061590194703,0.03600325584411621,0.03582527041435242,0.0247761145234108,0.00861184522509575,0.0274412214756012,0.025575229525566102,0.0032506614923477175,-0.03490391075611115,-0.007053367793560028,0.0019005641341209413
A_unseen_anchor_seen_family,221,32,AQ7,-0.027101755142211914,0.0,0.12753154039382936,-0.06815435656144131,0.005854079127311707,0.022644612193107608,0.012666830420494081,-0.07724735736846924,-0.08628103137016296,-0.04044617414474488,-0.03897798657417298,-0.027592951059341432,-0.023892223834991455,-0.07971194982528687,-0.09002072215080262,-0.04041786193847657,-0.05130286812782288,-0.05635460615158081,-0.03897798657417298,-0.040122324228286745,-0.028374221920967103,-0.053247219324111944,-0.027592951059341432,-0.03169150650501251,-0.032813149690628055,-0.0353978842496872,-0.023892223834991455,-0.019941760599613192
A_unseen_anchor_seen_family,221,35,AQ7,-0.04464125633239746,0.0,-0.14986306428909302,-0.04820615011829757,-0.09767479896545411,-0.020602552592754366,-0.06978620290756225,-0.010513729602098466,-0.04524986743927002,-0.03846168518066406,-0.038351121544837954,-0.03149798214435578,-0.042375203967094426,-0.011292760074138642,-0.04482952952384949,-0.03765403628349304,-0.029723194241523743,-0.0596511721611023,-0.038351121544837954,-0.035315266251564024,-0.028174567222595218,-0.050913798809051516,-0.03149798214435578,-0.036389464139938356,-0.03679602146148682,-0.060815644264221196,-0.042375203967094426,-0.03666305243968964
A_unseen_anchor_seen_family,221,37,AQ7,-0.06060290336608887,0.0,0.1420677423477173,-0.08806675705629655,-0.07961339950561525,-0.10680716037750244,-0.09284944534301759,-0.03973526358604432,-0.019620540738105777,-0.08463602662086488,-0.07367106080055237,-0.04332363903522492,-0.0838699221611023,-0.0419903039932251,-0.019088011980056763,-0.08437374830245972,-0.051584851741790776,-0.09522099494934083,-0.07367106080055237,-0.0710716187953949,-0.03407112061977387,-0.0634200394153595,-0.04332363903522492,-0.04675613641738892,-0.07138957977294923,-0.10309745073318483,-0.0838699221611023,-0.08023228645324708
A_unseen_anchor_seen_family,222,20,AQ7,0.27597475051879883,0.24000000953674316,-0.038530108332633976,0.25647804286468356,0.26731357574462894,0.2935265302658081,0.261510705947876,0.24737515449523928,0.2768777370452881,0.2600512266159058,0.28593292236328127,0.3090552806854248,0.27729687690734867,0.24813168048858644,0.2743551731109619,0.25983195304870604,0.290625,0.21033358573913574,0.28593292236328127,0.25411908626556395,0.308742880821228,0.20811207294464112,0.3090552806854248,0.26687326431274416,0.28049397468566895,0.18593090772628784,0.27729687690734867,0.2396348237991333
A_unseen_anchor_seen_family,222,22,AQ7,0.1975877285003662,0.16000001430511476,0.12309644222259522,0.16480769907014317,0.1726787805557251,0.18626313209533693,0.16706851720809937,0.1768137574195862,0.17782062292099,0.17865943908691406,0.1428006410598755,0.18869632482528687,0.171881639957428,0.17716898918151858,0.17579883337020874,0.17845757007598878,0.18071495294570925,0.10404770374298096,0.1428006410598755,0.1441967487335205,0.1897392749786377,0.10295348167419434,0.18869632482528687,0.15273146629333498,0.17290322780609133,0.08004543781280518,0.171881639957428,0.1304038405418396
A_unseen_anchor_seen_family,222,25,AQ7,0.07701277732849121,0.04000001251697541,-0.04379922151565552,0.025106646158384677,0.029577195644378662,0.04435961246490479,0.043240812420845036,0.02677612602710724,0.036168241500854494,0.046748879551887515,-0.010974976420402528,0.04168936610221863,0.030793640017509463,0.026243311166763306,0.037627312541008,0.046891212463378906,0.019153454899787904,-0.029444167017936708,-0.010974976420402528,-0.005266129970550537,0.04436852335929871,-0.035448175668716435,0.04168936610221863,0.009032103419303895,0.038513180613517765,-0.03361152112483978,0.030793640017509463,0.010584580898284913
A_unseen_anchor_seen_family,222,27,AQ7,-0.012060165405273438,-0.0399999886751175,0.05955353379249573,-0.017212509727819292,-0.020335906744003297,-0.007078659534454346,-0.002488115429878235,-0.032638758420944214,-0.020359498262405396,-0.00825527310371399,-0.04358555972576142,0.011112084984779358,-0.03307944238185883,-0.03271723091602326,-0.020301139354705813,-0.008241331577301026,-0.013337373733520508,-0.06511460542678833,-0.04358555972576142,-0.03401566445827484,0.016224083304405213,-0.058230072259902954,0.011112084984779358,-0.0155682772397995,-0.013255780935287476,-0.06320968866348267,-0.03307944238185883,-0.02434143126010895
A_unseen_anchor_seen_family,222,30,AQ7,-0.14620113372802734,-0.11999999284744263,-0.03800504803657532,-0.09055509052944206,-0.08217482566833496,-0.08589786887168885,-0.07189023494720459,-0.07724244594573976,-0.07829961776733399,-0.04918127059936524,-0.07816065549850465,-0.06279819011688233,-0.07583263516426086,-0.07690343856811524,-0.07626525163650513,-0.04872947335243225,-0.06518402099609376,-0.09969472289085389,-0.07816065549850465,-0.06989693641662598,-0.05868643522262573,-0.10169382095336915,-0.06279819011688233,-0.0781791090965271,-0.049805200099945074,-0.1008615255355835,-0.07583263516426086,-0.06418336629867553
A_unseen_anchor_seen_family,222,32,AQ7,-0.18735170364379883,-0.2,1.018496608734131,-0.22657326923459867,-0.19299657344818116,-0.2117257833480835,-0.18736832141876222,-0.1643378734588623,-0.2193997383117676,-0.20406999588012698,-0.21001496315002444,-0.21646900177001954,-0.21428909301757815,-0.1653816819190979,-0.22281503677368164,-0.20395298004150392,-0.21175127029418947,-0.21878223419189455,-0.21001496315002444,-0.20396196842193604,-0.21842937469482424,-0.22247929573059083,-0.21646900177001954,-0.2192229747772217,-0.2080101013183594,-0.22011256217956543,-0.21428909301757815,-0.20693984031677248
A_unseen_anchor_seen_family,222,35,AQ7,-0.30234503746032715,-0.3200000047683716,1.2803127288818361,-0.2905978954020977,-0.31553604602813723,-0.3084130764007569,-0.32982461452484135,-0.3200441598892212,-0.3010173320770264,-0.30588817596435547,-0.30233840942382817,-0.28008546829223635,-0.30482444763183597,-0.31882917881011963,-0.30181593894958497,-0.30622453689575196,-0.3156151294708252,-0.3040992259979248,-0.30233840942382817,-0.30116772651672363,-0.2863093614578247,-0.2818641662597656,-0.28008546829223635,-0.2831784725189209,-0.30277695655822756,-0.3018372058868408,-0.30482444763183597,-0.30228276252746583
A_unseen_anchor_seen_family,222,37,AQ7,-0.393172025680542,-0.4,1.8047460556030275,-0.38088015881461773,-0.3498766660690308,-0.32816553115844727,-0.3499215126037598,-0.3440106391906739,-0.37443971633911133,-0.3837848901748657,-0.35175909996032717,-0.3568875312805176,-0.3723470211029053,-0.34596164226531984,-0.3750130653381348,-0.38322243690490726,-0.38341426849365234,-0.34366300106048586,-0.35175909996032717,-0.3588724136352539,-0.37775602340698244,-0.35918617248535156,-0.3568875312805176,-0.3637849569320679,-0.4048021793365479,-0.36535272598266605,-0.3723470211029053,-0.3812583446502686
B_seen_anchor_unseen_family,3,20,AQ0,0.335654616355896,0.2700000286102295,0.12196736335754395,0.2190355438272282,0.18913056850433352,0.13998626470565798,0.1978710412979126,0.11930615901947023,0.20351943969726563,0.22312941551208498,0.2079331398010254,0.22998757362365724,0.2587867259979248,0.12019453048706055,0.20251135826110842,0.2245131015777588,0.18479415178298952,0.20997221469879152,0.2079331398010254,0.2015453338623047,0.2027996301651001,0.22974841594696047,0.22998757362365724,0.21795475482940674,0.24096341133117677,0.28117244243621825,0.2587867259979248,0.2659751892089844
B_seen_anchor_unseen_family,3,23,AQ0,0.24646508693695068,0.18000000715255737,-0.01710999310016632,0.14352596749769428,0.09185036420822144,0.08790236711502075,0.10230133533477784,-0.015358418226242065,0.06702234148979187,0.11856336593627931,0.10943397283554078,0.14491101503372192,0.1694241166114807,-0.015643590688705446,0.06677466034889222,0.11996138095855713,0.0995073914527893,0.1411858081817627,0.10943397283554078,0.11754118204116822,0.11056357622146606,0.14794362783432008,0.14491101503372192,0.13382351398468018,0.15919179916381837,0.19051594734191896,0.1694241166114807,0.17596302032470704
B_seen_anchor_unseen_family,3,25,AQ0,0.1901623010635376,0.12000000476837158,-0.03789882063865662,0.11569343479854631,0.06953569650650025,0.04451123476028443,0.050810956954956056,-0.010151575505733491,0.03517711758613586,0.08580832481384278,0.09267550706863403,0.1337263584136963,0.1252227306365967,-0.011698192358016968,0.03556448817253113,0.08703050613403321,0.07749319076538086,0.11578309535980225,0.09267550706863403,0.09377272129058839,0.08668763041496277,0.13906022310256957,0.1337263584136963,0.11638026237487793,0.11210256814956665,0.14127576351165771,0.1252227306365967,0.13548225164413452
B_seen_anchor_unseen_family,3,28,AQ0,0.09323179721832275,0.030000001192092896,0.20605053901672366,0.04811263298785156,-0.012769751250743866,-0.03060719966888428,-0.0002626687288284302,-0.06138945817947388,0.0014244914054870605,0.0199244499206543,-0.005859011411666871,0.06288470029830932,0.02440449893474579,-0.06227594614028931,0.0013606041669845582,0.020549881458282473,-0.011582821607589722,0.007108911871910095,-0.005859011411666871,-0.0010761231184005739,0.0324957549571991,0.07406069040298462,0.06288470029830932,0.060714471340179446,0.021895387768745424,0.023954010009765627,0.02440449893474579,0.03528229594230652
B_seen_anchor_unseen_family,3,31,AQ0,-0.0038938522338867188,-0.06000000238418579,0.5144503593444825,-0.01591260895946689,-0.012335866689682007,-0.047506353259086614,-0.030157506465911865,-0.02885602116584778,-0.017901599407196045,0.006435096263885498,-0.05385202765464783,-0.0013101875782012941,-0.02664129734039307,-0.032030713558197026,-0.017412692308425903,0.005729144811630249,-0.06210557818412781,-0.03248298168182373,-0.05385202765464783,-0.04092364013195038,-0.01251879334449768,-0.005862712860107422,-0.0013101875782012941,-0.005488157272338867,-0.029831123352050782,-0.014764499664306641,-0.02664129734039307,-0.015838956832885744
B_seen_anchor_unseen_family,3,34,AQ0,-0.09011387825012207,-0.15000000000000002,1.2396931648254395,-0.08461309737911754,-0.037313738465309144,-0.06379270553588867,-0.010377287864685059,-0.04573093950748444,-0.054415732622146606,-0.0147123783826828,-0.14256529808044435,-0.08514625430107117,-0.10593307018280029,-0.04716286659240723,-0.055694544315338136,-0.014804962277412416,-0.14219805002212524,-0.1389734148979187,-0.14256529808044435,-0.133565092086792,-0.09726996421813966,-0.07106279730796815,-0.08514625430107117,-0.07143772840499878,-0.10812108516693116,-0.09633315801620485,-0.10593307018280029,-0.09699521064758301
B_seen_anchor_unseen_family,3,36,AQ0,-0.16004645824432373,-0.21000001430511475,1.0669763565063477,-0.20120604799302774,-0.1257573366165161,-0.11043190956115723,-0.10802967548370362,-0.1750945329666138,-0.1434775471687317,-0.15150525569915774,-0.21364450454711914,-0.18215105533599854,-0.2537663459777832,-0.1737611770629883,-0.14244728088378908,-0.1518784284591675,-0.21138734817504884,-0.2048017978668213,-0.21364450454711914,-0.20478239059448244,-0.18768594264984131,-0.16537761688232422,-0.18215105533599854,-0.16822516918182373,-0.25565099716186523,-0.2452270030975342,-0.2537663459777832,-0.24509787559509277
B_seen_anchor_unseen_family,3,39,AQ0,-0.24430978298187256,-0.30000000000000004,1.1828405380249023,-0.23980149923011784,-0.23789665699005128,-0.15657914876937867,-0.195944881439209,-0.16199649572372438,-0.2392054557800293,-0.20270268917083742,-0.17469896078109742,-0.20019230842590333,-0.24404668807983398,-0.16397054195404054,-0.2362229824066162,-0.20326521396636965,-0.17743163108825685,-0.1914355754852295,-0.17469896078109742,-0.1782267212867737,-0.2013927459716797,-0.19611109495162965,-0.20019230842590333,-0.18939926624298098,-0.24586007595062256,-0.2750154733657837,-0.24404668807983398,-0.24921672344207765
B_seen_anchor_unseen_family,7,20,AQ0,0.43730151653289795,0.4200000286102295,0.12196736335754395,0.31447033396131313,0.3317306518554688,0.2663596630096436,0.329522180557251,0.22609605789184573,0.29462196826934817,0.321452260017395,0.28601436614990233,0.3298457860946655,0.3453275203704834,0.22726726531982422,0.2937985420227051,0.3230159282684326,0.274609375,0.28522610664367676,0.28601436614990233,0.2833667516708374,0.31846415996551514,0.3279860019683838,0.3298457860946655,0.3237346172332764,0.34127316474914554,0.3552971124649048,0.3453275203704834,0.3501553535461426
B_seen_anchor_unseen_family,7,23,AQ0,0.35001981258392334,0.33000001907348636,-0.01710999310016632,0.2502781016109596,0.229377818107605,0.19826037883758546,0.23371968269348145,0.13200123310089112,0.2176851272583008,0.26766619682312015,0.23141181468963623,0.2611114501953125,0.29810843467712406,0.13250205516815186,0.21670231819152833,0.2693835258483887,0.22131075859069826,0.2536953926086426,0.23141181468963623,0.23837902545928957,0.24081063270568848,0.26453185081481934,0.2611114501953125,0.25168581008911134,0.2925012826919556,0.3186395883560181,0.29810843467712406,0.3054461240768433
B_seen_anchor_unseen_family,7,26,AQ0,0.2578028440475464,0.24000000953674316,-0.08173196315765381,0.1915816462983543,0.14350666999816894,0.13084721565246582,0.14907692670822145,0.05867125988006592,0.1054302453994751,0.148356831073761,0.16620824337005616,0.18042209148406985,0.1871435880661011,0.058672600984573366,0.10486047267913819,0.14925936460494996,0.15702024698257447,0.19073488712310793,0.16620824337005616,0.1718552350997925,0.15191173553466797,0.18687174320220948,0.18042209148406985,0.17404792308807374,0.18185958862304688,0.20635221004486085,0.1871435880661011,0.1964149355888367
B_seen_anchor_unseen_family,7,29,AQ0,0.16781818866729736,0.15000000000000002,0.25995821952819825,0.11529421797594584,0.08944741487503052,0.06698198914527893,0.07545717358589173,0.03534728288650513,0.050875842571258545,0.09454132914543152,0.09201055765151978,0.09581627845764161,0.11665279865264894,0.034142321348190306,0.05033361315727234,0.09499595165252686,0.08834688663482666,0.1089993953704834,0.09201055765151978,0.09774664640426636,0.07881314754486085,0.11414793729782105,0.09581627845764161,0.0994432032108307,0.11289863586425782,0.11355473995208741,0.11665279865264894,0.12545837163925172
B_seen_anchor_unseen_family,7,32,AQ0,0.04913783073425293,0.0,0.794754695892334,0.04816080768200292,0.034904152154922485,0.03928825259208679,0.05968277454376221,-0.010889065265655518,-0.008025538921356202,0.10442813634872437,-0.02112443745136261,0.03758504390716553,0.0713222086429596,-0.013902303576469422,-0.00671457052230835,0.10373719930648805,-0.03217655420303345,0.003157150745391846,-0.02112443745136261,-0.0072168707847595215,0.02778632640838623,0.03892509937286377,0.03758504390716553,0.03745095729827881,0.06304054856300355,0.0824813723564148,0.0713222086429596,0.0845106840133667
B_seen_anchor_unseen_family,7,35,AQ0,-0.06745052337646484,-0.09000000357627869,1.05987548828125,-0.06234399402612332,-0.013849091529846192,-0.07297790050506592,-0.030364620685577395,-0.0313202828168869,-0.044351732730865484,-0.0008371949195861817,-0.1133123278617859,-0.0727852463722229,-0.0924616813659668,-0.033069878816604614,-0.04449260532855988,-0.0015208989381790162,-0.11246904134750367,-0.09528666734695435,-0.1133123278617859,-0.0995042622089386,-0.07807098627090454,-0.05224300622940064,-0.0727852463722229,-0.05669699907302857,-0.09514424204826355,-0.07382787466049194,-0.0924616813659668,-0.0733539879322052
B_seen_anchor_unseen_family,7,38,AQ0,-0.1773836612701416,-0.18000000715255737,1.0153307914733887,-0.15902510162568995,-0.11413084268569947,-0.09970043897628784,-0.07761208415031434,-0.10752506256103517,-0.12913789749145507,-0.10929534435272217,-0.16992045640945436,-0.1528545141220093,-0.20549654960632324,-0.11001424789428711,-0.12685787677764893,-0.10893735885620118,-0.16792616844177247,-0.1676872253417969,-0.16992045640945436,-0.1580155611038208,-0.15564751625061035,-0.14314084053039552,-0.1528545141220093,-0.13830130100250246,-0.20605916976928712,-0.19248611927032472,-0.20549654960632324,-0.19164888858795168
B_seen_anchor_unseen_family,7,41,AQ0,-0.2654350996017456,-0.2700000286102295,1.0564002037048341,-0.2631261161685658,-0.20861337184906006,-0.1950230121612549,-0.13976447582244875,-0.11609472036361695,-0.20592019557952881,-0.21432223320007326,-0.18189563751220705,-0.22647383213043215,-0.2904359817504883,-0.11894097328186036,-0.20622265338897705,-0.2139225244522095,-0.18231189250946045,-0.18139816522598268,-0.18189563751220705,-0.17214267253875734,-0.225896954536438,-0.20765249729156496,-0.22647383213043215,-0.20918331146240235,-0.2896141529083252,-0.3125360488891602,-0.2904359817504883,-0.2910945415496826
B_seen_anchor_unseen_family,11,20,AQ1,0.32563936710357666,0.2700000286102295,0.19823777675628662,0.23248623718202632,0.2156912088394165,0.18840708732604983,0.22291526794433594,0.16343402862548828,0.2308687448501587,0.24920754432678224,0.2343702554702759,0.2602337121963501,0.3076377630233765,0.16407166719436647,0.22978928089141848,0.25014934539794925,0.20848608016967773,0.2334678411483765,0.2343702554702759,0.2274784564971924,0.23313517570495607,0.26133046150207523,0.2602337121963501,0.2499070167541504,0.2674536228179932,0.3069377899169922,0.3076377630233765,0.2959939241409302
B_seen_anchor_unseen_family,11,23,AQ1,0.2246997356414795,0.18000000715255737,-0.06859660148620605,0.1505047694592599,0.13526616096496583,0.13467488288879395,0.14177558422088624,0.03520774245262146,0.10165607929229736,0.14386707544326782,0.12943259477615357,0.16154943704605104,0.19560683965682985,0.03454997837543488,0.10063271522521973,0.14463287591934204,0.1099515199661255,0.15139025449752808,0.12943259477615357,0.13071243762969972,0.12377830743789674,0.16251962184906008,0.16154943704605104,0.1492990255355835,0.15730496644973757,0.19670705795288088,0.19560683965682985,0.18224732875823976
B_seen_anchor_unseen_family,11,25,AQ1,0.1620844602584839,0.12000000476837158,0.03319470882415772,0.12369860973756708,0.1108788013458252,0.09077420234680177,0.08869178295135499,0.026807302236557008,0.07551084756851197,0.1133572816848755,0.11059720516204835,0.14968552589416503,0.15260956287384034,0.024110862612724306,0.07495998740196229,0.11428481340408325,0.0971867859363556,0.1332963228225708,0.11059720516204835,0.11587717533111573,0.10729806423187256,0.1524422287940979,0.14968552589416503,0.13386147022247316,0.13635971546173095,0.16316719055175782,0.15260956287384034,0.16110653877258302
B_seen_anchor_unseen_family,11,28,AQ1,0.05878651142120361,0.030000001192092896,0.172188401222229,0.0385184778504188,0.025177764892578128,0.026899725198745728,0.027476996183395386,-0.03481149971485138,0.020074668526649478,0.0285354882478714,-0.005888023972511292,0.0546396553516388,0.03704257309436798,-0.036978313326835634,0.020005527138710025,0.028823941946029663,-0.010338686406612396,0.014275777339935304,-0.005888023972511292,0.0025110989809036255,0.033792951703071596,0.06840991973876953,0.0546396553516388,0.05602073669433594,0.03067668676376343,0.03262068927288055,0.03704257309436798,0.0472422331571579
B_seen_anchor_unseen_family,11,31,AQ1,-0.019232630729675293,-0.06000000238418579,0.47040982246398927,-0.014017764229848996,0.00761365294456482,-0.0006637960672378541,0.014065772294998169,-0.013552635908126831,-0.022176527976989747,0.0319886714220047,-0.0524599313735962,0.009395277500152588,-0.017350053787231447,-0.01697215437889099,-0.02102174758911133,0.031421178579330446,-0.0629992961883545,-0.02305079698562622,-0.0524599313735962,-0.03630830943584442,-0.003334939479827881,0.009326493740081787,0.009395277500152588,0.0069782018661499025,-0.025274664163589478,-0.002869445085525513,-0.017350053787231447,-0.003990596532821656
B_seen_anchor_unseen_family,11,34,AQ1,-0.07732725143432617,-0.15000000000000002,0.4138974666595459,-0.095875935682686,-0.020211856067180636,-0.038735464215278625,0.01052945852279663,-0.029814332723617554,-0.05903066396713257,-0.01850375384092331,-0.12879343032836915,-0.07753108143806459,-0.11363933086395264,-0.032657355070114136,-0.05958700776100159,-0.018301957845687868,-0.13435423374176025,-0.12987055778503417,-0.12879343032836915,-0.12193566560745239,-0.08674356341362,-0.071304190158844,-0.07753108143806459,-0.06929686069488526,-0.11553122997283936,-0.10038870573043823,-0.11363933086395264,-0.10110752582550049
B_seen_anchor_unseen_family,11,36,AQ1,-0.13822531700134277,-0.21000001430511475,1.4894051551818848,-0.12296886932204819,-0.07191267013549806,-0.08091049194335938,-0.06244381666183472,-0.07620015740394592,-0.0988099753856659,-0.13011833429336547,-0.1539134383201599,-0.12063817977905274,-0.21605460643768312,-0.07674459815025331,-0.09986397624015808,-0.13062746524810792,-0.15619980096817018,-0.13296082019805908,-0.1539134383201599,-0.1378109097480774,-0.12725497484207154,-0.1048209547996521,-0.12063817977905274,-0.10637785196304322,-0.215685510635376,-0.21710731983184817,-0.21605460643768312,-0.20676150321960451
B_seen_anchor_unseen_family,11,39,AQ1,-0.258289098739624,-0.30000000000000004,1.2868425369262697,-0.23502064274348122,-0.15769022703170776,-0.1525360107421875,-0.12349289655685425,-0.14488788843154907,-0.21189136505126954,-0.18333270549774172,-0.19315649271011354,-0.25063323974609375,-0.25848135948181156,-0.14592000246047973,-0.2127823829650879,-0.18338117599487305,-0.19598445892333985,-0.18616698980331423,-0.19315649271011354,-0.18649744987487793,-0.25681638717651367,-0.23665390014648438,-0.25063323974609375,-0.2384708881378174,-0.2589399576187134,-0.28208131790161134,-0.25848135948181156,-0.26510190963745117
B_seen_anchor_unseen_family,15,20,AQ1,0.4122653007507324,0.3900000095367432,0.19823777675628662,0.3181523512476693,0.3443274736404419,0.29293715953826904,0.32770791053771975,0.263582181930542,0.31122703552246095,0.3263570308685303,0.3021352291107178,0.35252268314361573,0.37117571830749513,0.2653404474258423,0.3103923797607422,0.32749102115631107,0.2936241388320923,0.30238320827484133,0.3021352291107178,0.30182971954345705,0.33953909873962407,0.35163605213165283,0.35252268314361573,0.3489564895629883,0.3561139583587647,0.37129993438720704,0.37117571830749513,0.3677083015441895
B_seen_anchor_unseen_family,15,23,AQ1,0.312150239944458,0.30000000000000004,-0.06859660148620605,0.24480602656747066,0.24134421348571777,0.20492539405822754,0.24898986816406252,0.1785643219947815,0.24058122634887696,0.2602413177490234,0.2385044813156128,0.2638262271881104,0.30292830467224124,0.17871544361114503,0.23847117424011233,0.26134610176086426,0.21999521255493165,0.25120244026184085,0.2385044813156128,0.23919515609741213,0.23853740692138672,0.2638084650039673,0.2638262271881104,0.2518214464187622,0.2689931154251099,0.3038402557373047,0.30292830467224124,0.2894497871398926
B_seen_anchor_unseen_family,15,26,AQ1,0.2210139036178589,0.21000001430511475,0.2712117671966553,0.17500605046343962,0.15125899314880373,0.1622266173362732,0.15049676895141603,0.054566490650177005,0.11785051822662354,0.15695085525512698,0.1481027841567993,0.17107894420623782,0.18379595279693606,0.053850996494293216,0.11740758419036866,0.15783522129058838,0.13965519666671752,0.17086505889892578,0.1481027841567993,0.15601418018341065,0.14653003215789795,0.178381085395813,0.17107894420623782,0.16637707948684693,0.17046220302581788,0.207987642288208,0.18379595279693606,0.19581900835037233
B_seen_anchor_unseen_family,15,29,AQ1,0.12347948551177979,0.12000000476837158,0.057866728305816656,0.10540816706413342,0.06665061712265015,0.05919766426086426,0.06224967241287232,0.029998576641082766,0.0560233473777771,0.07750906348228455,0.06857430934906006,0.09822357892990113,0.10056453943252563,0.02717413902282715,0.055606627464294435,0.07832999229431153,0.06352068781852722,0.08237279653549195,0.06857430934906006,0.07505110502243043,0.0781445324420929,0.11382477283477783,0.09822357892990113,0.1001549243927002,0.09574770927429199,0.10437278747558594,0.10056453943252563,0.11255913972854614
B_seen_anchor_unseen_family,15,33,AQ1,-0.011096358299255371,-0.06000000238418579,0.845925235748291,0.0077906076291196285,-0.01121513843536377,-0.006077384948730469,-0.0018762469291687012,-0.03066315054893494,-0.04374996423721314,0.031861972808837895,-0.0573826014995575,-0.007208263874053955,-0.011020243167877197,-0.03160349726676941,-0.042262601852416995,0.031346261501312256,-0.06855207681655884,-0.03503929078578949,-0.0573826014995575,-0.04482649564743042,-0.020566105842590332,-0.0028575539588928224,-0.007208263874053955,-0.007719510793685914,-0.020297861099243166,0.00372958779335022,-0.011020243167877197,0.003795629739761353
B_seen_anchor_unseen_family,15,36,AQ1,-0.11082375049591064,-0.15000000000000002,1.2791290283203125,-0.08755055240411566,-0.04865995943546295,-0.0466596007347107,0.007909773290157318,-0.05633436441421509,-0.041900694370269775,-0.05639269351959229,-0.12055828571319581,-0.05263185501098633,-0.1193904995918274,-0.05792312622070313,-0.04224066734313965,-0.05594247579574585,-0.12925914525985718,-0.10376431941986085,-0.12055828571319581,-0.10960233211517334,-0.06596309542655945,-0.04284935891628266,-0.05263185501098633,-0.04396786689758301,-0.12532917261123658,-0.10553276538848877,-0.1193904995918274,-0.10120182037353516
B_seen_anchor_unseen_family,15,39,AQ1,-0.23169732093811035,-0.24000000953674316,1.2938647270202637,-0.169672801397465,-0.12271506786346437,-0.10677225589752198,-0.07074686288833619,-0.11935250759124756,-0.16601481437683108,-0.16683852672576904,-0.19797160625457766,-0.19688879251480104,-0.2684146881103516,-0.12031757831573486,-0.16517360210418702,-0.1666847109794617,-0.20086042881011965,-0.19571940898895265,-0.19797160625457766,-0.19029558897018434,-0.2049588680267334,-0.18179583549499512,-0.19688879251480104,-0.1796958088874817,-0.26970753669738773,-0.26610019207000735,-0.2684146881103516,-0.26319260597229005
B_seen_anchor_unseen_family,15,42,AQ1,-0.3258708715438843,-0.33000001907348636,0.8049266815185547,-0.34695384967461923,-0.23438010215759278,-0.21558606624603271,-0.19814341068267824,-0.1905790686607361,-0.24873132705688478,-0.23947441577911377,-0.2598052263259888,-0.28478069305419923,-0.2827592372894287,-0.19526474475860597,-0.2499643325805664,-0.23906428813934327,-0.2574394941329956,-0.26835567951202394,-0.2598052263259888,-0.2539153337478638,-0.28523898124694824,-0.2737999677658081,-0.28478069305419923,-0.27144789695739746,-0.28157849311828614,-0.28986387252807616,-0.2827592372894287,-0.27363176345825196
B_seen_anchor_unseen_family,19,20,AQ2,0.31603920459747314,0.2700000286102295,-0.02157011926174164,0.20906094332646116,0.21199774742126465,0.16556369066238405,0.21992831230163576,0.1280495524406433,0.1909670948982239,0.20752978324890137,0.1746896505355835,0.20024046897888184,0.242453932762146,0.1302729845046997,0.18780527114868165,0.20837388038635254,0.17027888298034669,0.20034217834472656,0.1746896505355835,0.18720365762710572,0.19190168380737305,0.221109414100647,0.20024046897888184,0.20653233528137208,0.23522508144378662,0.27579326629638673,0.242453932762146,0.2584773778915405
B_seen_anchor_unseen_family,19,23,AQ2,0.20881009101867676,0.18000000715255737,0.10525927543640137,0.1421683385347198,0.12634027004241943,0.11817559003829957,0.12373484373092652,0.028170961141586306,0.09194236397743226,0.14358192682266235,0.12018551826477052,0.15691436529159547,0.19129377603530884,0.028481999039649965,0.09267110824584962,0.14453744888305664,0.10979794263839722,0.1470884919166565,0.12018551826477052,0.1292191982269287,0.12509812116622926,0.15804859399795534,0.15691436529159547,0.14685341119766235,0.16232872009277344,0.19778811931610107,0.19129377603530884,0.18601440191268923
B_seen_anchor_unseen_family,19,25,AQ2,0.15847563743591309,0.12000000476837158,-0.16025553941726686,0.12065202976423915,0.08989665508270264,0.0673906445503235,0.07716485261917115,0.0136845201253891,0.05767911672592163,0.09844037294387818,0.08755852580070496,0.12220426797866822,0.12895071506500244,0.01207905113697052,0.05810904502868652,0.0990622341632843,0.07823926210403442,0.12550096511840822,0.08755852580070496,0.09774654507637025,0.08210282921791077,0.14034979343414308,0.12220426797866822,0.11626524925231935,0.11748902797698975,0.14391345977783204,0.12895071506500244,0.13858489990234377
B_seen_anchor_unseen_family,19,28,AQ2,0.06826066970825195,0.030000001192092896,-0.036534830927848816,0.04928981326055064,0.016059821844100954,0.005347204208374024,0.019321861863136294,-0.010221609473228456,0.036631202697753905,0.03662591874599457,-0.006235384941101075,0.0594372034072876,0.03308869600296021,-0.01229013651609421,0.037531778216362,0.03714551627635956,-0.009383374452590944,0.013145378232002259,-0.006235384941101075,0.0019754767417907715,0.03770183026790619,0.07344577312469483,0.0594372034072876,0.06312407255172729,0.029854485392570497,0.03489964902400971,0.03308869600296021,0.044324573874473576
B_seen_anchor_unseen_family,19,31,AQ2,-0.034333229064941406,-0.06000000238418579,0.5530468940734864,-0.004348256359589642,0.013526886701583862,-0.010919392108917236,0.014396691322326662,-0.01243954598903656,-0.010679173469543458,0.050683408975601196,-0.038898846507072454,0.015371507406234742,-0.006270122528076173,-0.01435791850090027,-0.009875577688217164,0.04991140961647034,-0.04982285499572754,-0.01289777159690857,-0.038898846507072454,-0.026443454623222354,0.00424310564994812,0.010358744859695436,0.015371507406234742,0.011842584609985352,-0.014854896068572999,0.012370479106903077,-0.006270122528076173,0.007244968414306641
B_seen_anchor_unseen_family,19,34,AQ2,-0.10191893577575684,-0.15000000000000002,0.6496602058410645,-0.08160157833941642,-0.030846425890922548,-0.08005317449569703,-0.008695614337921143,-0.03081839680671692,-0.06688337326049805,-0.014421829581260683,-0.12335777282714844,-0.08040320873260498,-0.11511985063552857,-0.032738858461380006,-0.06512766480445863,-0.014596492052078247,-0.1260431408882141,-0.106579327583313,-0.12335777282714844,-0.11052180528640748,-0.08720739483833313,-0.0744310438632965,-0.08040320873260498,-0.0723399579524994,-0.11514387130737305,-0.10037398338317871,-0.11511985063552857,-0.10365070104599
B_seen_anchor_unseen_family,19,36,AQ2,-0.18300068378448486,-0.21000001430511475,1.516474723815918,-0.1577108088457161,-0.0821962833404541,-0.11162757873535156,-0.05842591524124146,-0.07318053841590881,-0.11162558794021607,-0.102384352684021,-0.1365119218826294,-0.1255936861038208,-0.21627621650695802,-0.07402400374412536,-0.10858936309814454,-0.10297527313232423,-0.1386548161506653,-0.1416063904762268,-0.1365119218826294,-0.1309873104095459,-0.13249109983444216,-0.1111024022102356,-0.1255936861038208,-0.11074588298797608,-0.21864297389984133,-0.21119580268859864,-0.21627621650695802,-0.20599334239959718
B_seen_anchor_unseen_family,19,39,AQ2,-0.28988754749298096,-0.30000000000000004,1.10466947555542,-0.28524152592157365,-0.19421131610870362,-0.20157601833343508,-0.15205656290054323,-0.10600094795227051,-0.21052169799804688,-0.19235777854919434,-0.1968930006027222,-0.22969563007354737,-0.27069902420043945,-0.10978349447250367,-0.2095810651779175,-0.19201314449310303,-0.19716647863388062,-0.20509278774261475,-0.1968930006027222,-0.19287874698638918,-0.2289589881896973,-0.22650489807128907,-0.22969563007354737,-0.21862776279449464,-0.26972692012786864,-0.2795931339263916,-0.27069902420043945,-0.266136384010315
B_seen_anchor_unseen_family,23,20,AQ2,0.33740079402923584,0.33000001907348636,-0.02157011926174164,0.262728207226613,0.29886484146118164,0.23594677448272705,0.267010498046875,0.20130114555358888,0.26131153106689453,0.25318298339843753,0.22789735794067384,0.2644669055938721,0.29493877887725833,0.20401804447174074,0.2579054832458496,0.25402901172637943,0.2268295764923096,0.24242639541625977,0.22789735794067384,0.23601310253143312,0.25809445381164553,0.28130569458007815,0.2644669055938721,0.270395827293396,0.29114437103271484,0.32006449699401857,0.29493877887725833,0.30780625343322754
B_seen_anchor_unseen_family,23,23,AQ2,0.22942793369293213,0.24000000953674316,0.10525927543640137,0.1932282431684386,0.18561384677886963,0.18149465322494507,0.17901222705841066,0.07371257543563843,0.1398607611656189,0.20216994285583498,0.17167431116104126,0.20071415901184084,0.2408848285675049,0.07389541268348694,0.14074866771698,0.20315873622894287,0.16363704204559326,0.19198437929153445,0.17167431116104126,0.17938319444656373,0.174278998374939,0.2018509387969971,0.20071415901184084,0.19113469123840332,0.22420616149902345,0.24658026695251467,0.2408848285675049,0.2378777265548706
B_seen_anchor_unseen_family,23,26,AQ2,0.15387511253356934,0.15000000000000002,0.008977675437927246,0.12746797552013586,0.10605382919311523,0.08621748089790345,0.08162385821342469,0.03193518221378327,0.09061959385871887,0.11291877031326295,0.10481083393096924,0.1415955662727356,0.15036251544952395,0.03019479513168335,0.08952453136444093,0.11386010646820069,0.09646417498588562,0.13668737411499024,0.10481083393096924,0.11494553089141846,0.10884419679641724,0.15556743144989016,0.1415955662727356,0.13756265640258789,0.14062169790267945,0.16305789947509766,0.15036251544952395,0.16316630840301516
B_seen_anchor_unseen_family,23,29,AQ2,0.04808914661407471,0.06000000238418579,0.2357517719268799,0.065861356040485,0.0543338418006897,0.04429052174091339,0.05973090529441834,0.029016998410224915,0.0676897943019867,0.06798167824745179,0.023485401272773744,0.08329412937164307,0.0560167670249939,0.027411040663719178,0.0675832211971283,0.06819692254066467,0.01729762852191925,0.044097465276718144,0.023485401272773744,0.032211631536483765,0.05384082198143006,0.09200949668884278,0.08329412937164307,0.08042306900024415,0.05209150314331055,0.05749928951263428,0.0560167670249939,0.0667120099067688
B_seen_anchor_unseen_family,23,32,AQ2,-0.07354485988616943,-0.09000000357627869,1.11751708984375,-0.06470130467402439,0.008825820684432984,-0.03454867601394653,0.0200227290391922,-0.06968514323234558,-0.059942579269409185,-0.03083990812301636,-0.11602832078933717,-0.07279104590415955,-0.10709626674652101,-0.0717697024345398,-0.06131684184074402,-0.031592857837677006,-0.121075439453125,-0.09626045823097229,-0.11602832078933717,-0.10612014532089234,-0.08133775591850281,-0.08064095973968506,-0.07279104590415955,-0.07815613150596619,-0.10630340576171876,-0.10926375389099122,-0.10709626674652101,-0.10516655445098877
B_seen_anchor_unseen_family,23,35,AQ2,-0.1411130428314209,-0.18000000715255737,1.1421781539916993,-0.05444778046487253,-0.03746159076690674,-0.09013705253601074,-0.03472180962562561,-0.05793468356132508,-0.041634377837181095,-0.026567852497100832,-0.14634854793548585,-0.08053924441337586,-0.1123436450958252,-0.057842814922332765,-0.041313531994819644,-0.026586210727691652,-0.1545124053955078,-0.13007016181945802,-0.14634854793548585,-0.1331464409828186,-0.08626383543014526,-0.054028022289276126,-0.08053924441337586,-0.06002833843231201,-0.11578898429870606,-0.09826255440711976,-0.1123436450958252,-0.09534960985183716
B_seen_anchor_unseen_family,23,38,AQ2,-0.26044583320617676,-0.2700000047683716,1.2912243843078615,-0.23425148127377882,-0.1511479616165161,-0.17525544166564944,-0.13583458662033082,-0.10800158977508545,-0.1730435132980347,-0.18563673496246338,-0.24340331554412842,-0.22718212604522706,-0.26445298194885253,-0.11221268177032472,-0.17283926010131836,-0.18552176952362062,-0.24065849781036378,-0.2466439962387085,-0.24340331554412842,-0.24173634052276613,-0.23015308380126953,-0.20875108242034912,-0.22718212604522706,-0.21362204551696778,-0.26372356414794923,-0.26631505489349366,-0.26445298194885253,-0.26441750526428226
B_seen_anchor_unseen_family,23,41,AQ2,-0.33661651611328125,-0.36000001430511475,0.8898189544677735,-0.29807333010775866,-0.2872673988342285,-0.23649859428405762,-0.24005017280578614,-0.23739514350891114,-0.2895525455474854,-0.2831620216369629,-0.2647268056869507,-0.3134429454803467,-0.31230585575103764,-0.2406933069229126,-0.2888205051422119,-0.28264546394348145,-0.2632804870605469,-0.2752410411834717,-0.2647268056869507,-0.25911080837249756,-0.31098465919494633,-0.3060055494308472,-0.3134429454803467,-0.29829974174499513,-0.31010208129882816,-0.32160036563873295,-0.31230585575103764,-0.3093538284301758
B_seen_anchor_unseen_family,27,20,AQ3,0.3397796154022217,0.2700000286102295,0.20604400634765627,0.2609500173272265,0.23746881484985352,0.2146859407424927,0.26241202354431153,0.16039685010910035,0.23733885288238527,0.24236857891082764,0.21285710334777833,0.24756979942321777,0.2809803009033203,0.16206313371658326,0.23723926544189455,0.24364848136901857,0.20367414951324464,0.23180413246154785,0.21285710334777833,0.2232140064239502,0.23141212463378907,0.2598578453063965,0.24756979942321777,0.2488128662109375,0.26977362632751467,0.31136386394500737,0.2809803009033203,0.2978168249130249
B_seen_anchor_unseen_family,27,23,AQ3,0.2602360248565674,0.18000000715255737,0.045965474843978886,0.17730305376610178,0.14663723707199097,0.16364607810974122,0.16024469137191774,0.05594438314437866,0.1290764570236206,0.15771920680999757,0.14158583879470826,0.17143871784210207,0.221108078956604,0.05499790906906128,0.12904891967773438,0.15865101814270022,0.12916319370269777,0.16688227653503418,0.14158583879470826,0.15026973485946657,0.14749923944473267,0.1738085150718689,0.17143871784210207,0.16375577449798584,0.20250511169433594,0.2309370517730713,0.221108078956604,0.22179238796234133
B_seen_anchor_unseen_family,27,25,AQ3,0.1976313591003418,0.12000000476837158,0.09682148098945619,0.14201437969526584,0.1158305287361145,0.10610091686248779,0.10519511699676515,0.057650125026702886,0.08047527074813843,0.10172510147094727,0.10098075866699219,0.1449347734451294,0.1359625816345215,0.055984085798263555,0.07938294410705567,0.10237600803375245,0.08873708248138429,0.12163462638854981,0.10098075866699219,0.10479773283004762,0.09940302968025208,0.14863269329071047,0.1449347734451294,0.12882497310638427,0.12232284545898438,0.14941428899765016,0.1359625816345215,0.14519792795181274
B_seen_anchor_unseen_family,27,28,AQ3,0.12145376205444336,0.030000001192092896,-0.01599203944206238,0.0832886068486565,0.05250574946403504,0.06404813528060914,0.06970655918121338,0.014015570282936096,0.04703047275543213,0.04391787648200989,0.011222232878208161,0.08535810708999635,0.05349889993667603,0.011778530478477479,0.04548517465591431,0.04401534199714661,0.0018098026514053345,0.025356993079185486,0.011222232878208161,0.015954321622848513,0.0492607593536377,0.08670936822891236,0.08535810708999635,0.07466354370117188,0.04504307508468628,0.05377862453460694,0.05349889993667603,0.06286607384681701
B_seen_anchor_unseen_family,27,31,AQ3,0.013067007064819336,-0.06000000238418579,0.7052900791168213,0.021025403813361123,0.013631892204284669,-0.002846366167068482,0.0004962921142578125,0.005356454849243165,-0.017447692155838013,0.021992987394332888,-0.0499758929014206,0.006507545709609985,-0.012751758098602295,0.0025572478771209717,-0.017992109060287476,0.02144870758056641,-0.06104962229728699,-0.03008001446723938,-0.0499758929014206,-0.03924123048782349,-0.004782259464263916,0.0027047872543334963,0.006507545709609985,0.0024854719638824465,-0.020230525732040407,0.0009297847747802735,-0.012751758098602295,-0.0010490536689758301
B_seen_anchor_unseen_family,27,34,AQ3,-0.05968332290649414,-0.15000000000000002,0.679589319229126,-0.07405915516412485,-0.027698472142219543,-0.06997565627098083,-0.009527315199375153,-0.025831478834152224,-0.06522987484931946,-0.022365240752696993,-0.11911051273345948,-0.08496646881103516,-0.11034871339797975,-0.027592149376869202,-0.06552871465682984,-0.022226716578006747,-0.12401556968688965,-0.11588187217712403,-0.11911051273345948,-0.11024680137634278,-0.0963197410106659,-0.07399078607559205,-0.08496646881103516,-0.07555547952651978,-0.11399651765823365,-0.09782339334487916,-0.11034871339797975,-0.09881711602210999
B_seen_anchor_unseen_family,27,36,AQ3,-0.13473129272460938,-0.21000001430511475,1.3450704574584962,-0.16300719427395624,-0.10305615663528443,-0.12485194206237793,-0.07949955463409425,-0.0819868564605713,-0.1310994029045105,-0.13484764099121094,-0.14774051904678345,-0.1326563835144043,-0.24040436744689941,-0.0829194962978363,-0.12902358770370484,-0.13478500843048097,-0.1528496026992798,-0.14616036415100098,-0.14774051904678345,-0.13979010581970217,-0.14429137706756592,-0.12416349649429322,-0.1326563835144043,-0.12040811777114868,-0.24225683212280275,-0.23342549800872803,-0.24040436744689941,-0.23047709465026855
B_seen_anchor_unseen_family,27,39,AQ3,-0.223341703414917,-0.30000000000000004,1.154449462890625,-0.26913177101099683,-0.19781410694122314,-0.20341079235076906,-0.171546471118927,-0.16893632411956788,-0.2542412281036377,-0.21535725593566896,-0.24313063621520997,-0.25542354583740234,-0.29865567684173583,-0.1722496271133423,-0.255796217918396,-0.21475434303283691,-0.24167537689208984,-0.24758596420288087,-0.24313063621520997,-0.24167380332946778,-0.2592158794403076,-0.244630765914917,-0.25542354583740234,-0.24691634178161623,-0.297893762588501,-0.3076969623565674,-0.29865567684173583,-0.2999314546585083
B_seen_anchor_unseen_family,31,20,AQ3,-5.91138482093811,0.2700000286102295,0.20604400634765627,0.2609500173272265,0.23746881484985352,0.2146859407424927,0.26241202354431153,0.16039685010910035,0.23733885288238527,0.24236857891082764,0.21285710334777833,0.24756979942321777,0.2809803009033203,0.16206313371658326,0.23723926544189455,0.24364848136901857,0.20591459274291993,0.23124818801879884,0.21285710334777833,0.2232140064239502,0.2304414749145508,0.259275484085083,0.24756979942321777,0.2488128662109375,0.268743371963501,0.3108232498168946,0.2809803009033203,0.2978168249130249
B_seen_anchor_unseen_family,31,23,AQ3,0.28005409240722656,0.18000000715255737,0.045965474843978886,0.17730305376610178,0.14663723707199097,0.16364607810974122,0.16024469137191774,0.05594438314437866,0.1290764570236206,0.15771920680999757,0.14158583879470826,0.17143871784210207,0.221108078956604,0.05499790906906128,0.12904891967773438,0.15865101814270022,0.12339736223220826,0.16696757078170776,0.14158583879470826,0.15026973485946657,0.14053632020950318,0.17363073825836184,0.17143871784210207,0.16375577449798584,0.1950802206993103,0.23138971328735353,0.221108078956604,0.22179238796234133
B_seen_anchor_unseen_family,31,25,AQ3,0.24011445045471191,0.12000000476837158,0.09682148098945619,0.14201437969526584,0.1158305287361145,0.10610091686248779,0.10519511699676515,0.057650125026702886,0.08047527074813843,0.10172510147094727,0.10098075866699219,0.1449347734451294,0.1359625816345215,0.055984085798263555,0.07938294410705567,0.10237600803375245,0.08900258541107178,0.12313079833984375,0.10098075866699219,0.10479773283004762,0.09805275797843933,0.14835638999938966,0.1449347734451294,0.12882497310638427,0.1187026619911194,0.14986720085144042,0.1359625816345215,0.14519792795181274
B_seen_anchor_unseen_family,31,28,AQ3,0.159224271774292,0.030000001192092896,-0.01599203944206238,0.08328860684865652,0.05250574946403504,0.06404813528060914,0.06970655918121338,0.014015570282936096,0.04703047275543213,0.04391787648200989,0.011222232878208161,0.08535810708999635,0.05349889993667603,0.011778530478477479,0.04548517465591431,0.04401534199714661,0.0016501322388648987,0.02484639883041382,0.011222232878208161,0.015954321622848513,0.04636032581329346,0.08761016130447388,0.08535810708999635,0.07466354370117188,0.04473702609539032,0.05101015567779541,0.05349889993667603,0.06286607384681701
B_seen_anchor_unseen_family,31,31,AQ3,0.03975486755371094,-0.09000000357627869,1.0985774993896484,0.020673380503874617,-0.0049747943878173835,0.01568795442581177,-0.0010480761528015136,-0.0077769935131073,-0.040922981500625615,0.01344423294067383,-0.059743911027908325,-0.00699116587638855,-0.03005087375640869,-0.010559093952178956,-0.04076088666915894,0.012650591135025025,-0.07463425993919373,-0.03330802321434021,-0.059743911027908325,-0.04655738174915314,-0.01865960955619812,-0.0083385169506073,-0.00699116587638855,-0.010632717609405519,-0.03505181074142456,-0.010399854183197022,-0.03005087375640869,-0.015772259235382082
B_seen_anchor_unseen_family,31,34,AQ3,-0.05409502983093262,-0.18000000715255737,1.078787899017334,-0.07586891535033423,-0.04262313842773438,-0.06026681661605835,-0.03053179383277893,-0.03302942216396332,-0.06470600962638855,-0.031052303314208985,-0.1330428957939148,-0.10618498325347901,-0.11868102550506593,-0.03275131285190582,-0.06608874797821045,-0.031327804923057555,-0.13206627368927001,-0.12693629264831544,-0.1330428957939148,-0.1237107515335083,-0.11568132638931275,-0.08236736059188843,-0.10618498325347901,-0.09026387929916382,-0.12389096021652223,-0.10381908416748048,-0.11868102550506593,-0.10752060413360597
B_seen_anchor_unseen_family,31,36,AQ3,-0.12206172943115234,-0.24000000953674316,1.4119538307189943,-0.18997383601119963,-0.12655404806137086,-0.1296322822570801,-0.10070135593414307,-0.09753376245498657,-0.17240194082260132,-0.18499999046325685,-0.18906559944152834,-0.18338494300842287,-0.2880842685699463,-0.0969223201274872,-0.1724554538726807,-0.18471732139587405,-0.19362385272979737,-0.1734693765640259,-0.18906559944152834,-0.17535916566848755,-0.19148609638214112,-0.1818636178970337,-0.18338494300842287,-0.1781412124633789,-0.28758251667022705,-0.2926161766052246,-0.2880842685699463,-0.28417439460754396
B_seen_anchor_unseen_family,31,39,AQ3,-0.20633196830749512,-0.33000001907348636,1.0711359977722168,-0.25371195210538616,-0.21374402046203614,-0.1864985227584839,-0.19432458877563477,-0.16568236351013185,-0.21885714530944825,-0.21671884059906008,-0.21150615215301516,-0.26158182621002196,-0.2962326765060425,-0.1689173460006714,-0.21463558673858643,-0.21587085723876953,-0.214285945892334,-0.21405615806579592,-0.21150615215301516,-0.20597493648529053,-0.26224284172058104,-0.2557818412780762,-0.26158182621002196,-0.2508197069168091,-0.29623382091522216,-0.3073144435882569,-0.2962326765060425,-0.2948567867279053
B_seen_anchor_unseen_family,35,20,AQ4,0.34597933292388916,0.2700000286102295,-0.035868179798126225,0.23811622551715544,0.2366166114807129,0.2002964496612549,0.2518158912658692,0.16283288002014162,0.22426819801330566,0.2306236982345581,0.20522117614746094,0.23211565017700198,0.25824503898620604,0.16491491794586183,0.22282047271728517,0.23200123310089113,0.20004205703735353,0.22798333168029786,0.20522117614746094,0.2173229217529297,0.2188361167907715,0.24939680099487305,0.23211565017700198,0.2351933479309082,0.24991531372070314,0.29448413848876953,0.25824503898620604,0.2751896142959595
B_seen_anchor_unseen_family,35,23,AQ4,0.24553179740905762,0.18000000715255737,0.20350613594055178,0.17160355528835627,0.15014472007751467,0.15011563301086428,0.1537949562072754,0.05645192861557007,0.11491467952728272,0.15125670433044436,0.13293933868408203,0.16989126205444338,0.20951573848724367,0.055636739730834966,0.11325449943542482,0.15201251506805422,0.1211058497428894,0.1593818783760071,0.13293933868408203,0.1410447597503662,0.13744570016860963,0.16941961050033572,0.16989126205444338,0.15956010818481448,0.17334381341934205,0.21009607315063478,0.20951573848724367,0.19956858158111573
B_seen_anchor_unseen_family,35,25,AQ4,0.16850024461746216,0.12000000476837158,0.08478324413299561,0.13724018641713687,0.10947914123535157,0.1069803237915039,0.09699206948280335,0.046749621629714966,0.08226248621940613,0.10477508306503297,0.11095621585845948,0.15065298080444336,0.1561426877975464,0.04366229176521302,0.08063969612121583,0.10543899536132813,0.09348998069763184,0.13094637393951417,0.11095621585845948,0.11485291719436647,0.10071264505386353,0.15151987075805665,0.15065298080444336,0.13215380907058716,0.12831305265426637,0.15776417255401612,0.1561426877975464,0.1546461582183838
B_seen_anchor_unseen_family,35,28,AQ4,0.07820838689804077,0.030000001192092896,0.08659849166870118,0.06887585766902593,0.025534662604331973,0.02718903422355652,0.036486935615539555,-0.005576659739017487,0.033912837505340576,0.03030160665512085,-0.0004196763038635254,0.0734636425971985,0.035964077711105345,-0.007732778787612915,0.03347564339637756,0.030756518244743347,-0.005083858966827393,0.020544865727424623,-0.0004196763038635254,0.006885457038879395,0.03412193655967712,0.07372619509696961,0.0734636425971985,0.06162419319152832,0.030643954873085022,0.03310534358024597,0.035964077711105345,0.04460321962833405
B_seen_anchor_unseen_family,35,31,AQ4,-0.02202838659286499,-0.06000000238418579,0.5756481170654297,0.004857112883464143,0.01418885588645935,0.0026074409484863285,0.005761361122131348,-0.009414476156234742,-0.011430543661117554,-0.0005394577980041504,-0.04877645373344422,-0.003610438108444214,-0.029172980785369874,-0.012579184770584107,-0.012730830907821657,-0.0011082231998443604,-0.05633450150489808,-0.030177652835845947,-0.04877645373344422,-0.03715833425521851,-0.017449957132339478,-0.007942968606948852,-0.003610438108444214,-0.0075425863265991214,-0.03535585999488831,-0.017921912670135497,-0.029172980785369874,-0.01859835982322693
B_seen_anchor_unseen_family,35,34,AQ4,-0.08465749025344849,-0.15000000000000002,0.805484676361084,-0.09260922004745244,-0.054924511909484865,-0.06729182600975037,-0.04773446321487427,-0.049593460559844975,-0.07764438390731812,-0.048522290587425236,-0.13251110315322875,-0.09197927713394166,-0.13422899246215822,-0.05115364789962769,-0.07740269899368286,-0.04860493838787079,-0.13341912031173705,-0.125371253490448,-0.13251110315322875,-0.12503042221069335,-0.09896245002746583,-0.09024115800857545,-0.09197927713394166,-0.08955156207084657,-0.13622716665267945,-0.1220896601676941,-0.13422899246215822,-0.1248059630393982
B_seen_anchor_unseen_family,35,36,AQ4,-0.15717709064483643,-0.21000001430511475,1.4493038177490236,-0.13814891852481104,-0.09712373614311219,-0.0910249650478363,-0.0850057601928711,-0.0790186643600464,-0.10399367809295655,-0.1383111357688904,-0.15189088582992555,-0.13976765871047975,-0.2373292684555054,-0.0797783374786377,-0.10508795976638795,-0.13893766403198243,-0.1554574728012085,-0.13918135166168213,-0.15189088582992555,-0.13949425220489503,-0.153179669380188,-0.12424987554550171,-0.13976765871047975,-0.12985739707946778,-0.2370238780975342,-0.24260997772216797,-0.2373292684555054,-0.2369074821472168
B_seen_anchor_unseen_family,35,39,AQ4,-0.2505173087120056,-0.30000000000000004,1.3520922660827637,-0.2587832455433498,-0.18723530769348146,-0.21025285720825196,-0.18485639095306397,-0.1495939612388611,-0.2221094608306885,-0.20774943828582765,-0.25888633728027344,-0.2503790378570557,-0.27858428955078124,-0.15173801183700564,-0.2242900609970093,-0.20753412246704103,-0.25828075408935547,-0.2607879400253296,-0.25888633728027344,-0.2556132793426514,-0.25186986923217775,-0.24264235496520997,-0.2503790378570557,-0.24382653236389162,-0.2787261724472046,-0.2848164796829224,-0.27858428955078124,-0.2802254676818848
B_seen_anchor_unseen_family,39,20,AQ4,0.32919204235076904,0.2700000047683716,-0.035868179798126225,0.27575571092690976,0.29238095283508303,0.22430310249328614,0.2581786155700684,0.21435599327087404,0.2527562856674194,0.24132177829742432,0.23929729461669924,0.26022815704345703,0.28802237510681156,0.21778388023376466,0.25063037872314453,0.2426905155181885,0.23731775283813478,0.2501175880432129,0.23929729461669924,0.24590389728546144,0.24788599014282228,0.2767849683761597,0.26022815704345703,0.2639343738555908,0.2799412250518799,0.3134058475494385,0.28802237510681156,0.30114493370056156
B_seen_anchor_unseen_family,39,23,AQ4,0.2330697774887085,0.18000000715255737,0.20350613594055178,0.17930696362617635,0.14781570434570312,0.1436469554901123,0.1535666584968567,0.0542792022228241,0.12417831420898438,0.15585888624191285,0.13158210515975952,0.16921532154083252,0.2084904432296753,0.05300904512405396,0.12193114757537843,0.15665254592895508,0.1174318552017212,0.1489612102508545,0.13158210515975952,0.13884166479110718,0.1438745141029358,0.16853339672088624,0.16921532154083252,0.16086584329605103,0.17608355283737184,0.20937094688415528,0.2084904432296753,0.19821317195892335
B_seen_anchor_unseen_family,39,26,AQ4,0.1320170760154724,0.09000000357627869,0.19864867925643923,0.11289306463717244,0.06358739733695984,0.06733091473579407,0.05039491653442383,0.008930507302284242,0.05041636228561402,0.07554883360862732,0.0707397222518921,0.11409668922424317,0.12940405607223512,0.0064249724149703985,0.048995968699455265,0.07633190751075745,0.055973345041275026,0.10074424743652344,0.0707397222518921,0.07565178871154786,0.06358176469802856,0.11547561883926392,0.11409668922424317,0.09568763375282288,0.10571963787078859,0.1366503953933716,0.12940405607223512,0.13116378784179689
B_seen_anchor_unseen_family,39,29,AQ4,0.03057652711868286,0.0,0.11076374053955079,0.060091511159913735,0.0008861213922500611,0.017301404476165773,0.0281813383102417,-0.026804763078689578,0.027194786071777347,0.010157254338264466,-0.02524474859237671,0.059583556652069096,0.01996690034866333,-0.02854568362236023,0.025994649529457094,0.010630470514297486,-0.03318847417831421,-0.004522985219955445,-0.02524474859237671,-0.01814214289188385,0.028746825456619263,0.07600302696228028,0.059583556652069096,0.0586296021938324,0.014602848887443544,0.022763004899024965,0.01996690034866333,0.03117908835411072
B_seen_anchor_unseen_family,39,32,AQ4,-0.05476975440979004,-0.09000000357627869,0.3813138008117676,-0.004631670062923621,0.005891048908233643,0.008060610294342041,0.01680331230163574,0.0017355024814605714,-0.029094189405441284,0.01781615912914276,-0.05276091098785401,-0.002354007959365845,-0.031279778480529784,-0.003046667575836182,-0.029070478677749634,0.017356324195861816,-0.06530606746673584,-0.02475607395172119,-0.05276091098785401,-0.03945581018924713,-0.012679213285446168,-0.002569067478179932,-0.002354007959365845,-0.005777508020401001,-0.0355470210313797,-0.01709442138671875,-0.031279778480529784,-0.019138944149017335
B_seen_anchor_unseen_family,39,35,AQ4,-0.15715205669403076,-0.18000000715255737,0.6065003871917725,-0.07542862924501612,-0.03948931396007538,-0.0631570816040039,0.00459858775138855,-0.020922264456748964,-0.07467303276062012,-0.023905968666076662,-0.1190816879272461,-0.08791139125823975,-0.12835681438446045,-0.023492138087749484,-0.07696466445922852,-0.024039995670318604,-0.12683436870574952,-0.10932738780975343,-0.1190816879272461,-0.10823336839675904,-0.10089919567108155,-0.08507753014564515,-0.08791139125823975,-0.08407434821128845,-0.13411355018615723,-0.10876888036727905,-0.12835681438446045,-0.11535694599151612
B_seen_anchor_unseen_family,39,38,AQ4,-0.2737409472465515,-0.2700000047683716,1.162497329711914,-0.2213422967035295,-0.12506420612335206,-0.13585623502731323,-0.06565853357315064,-0.11657570600509644,-0.1755218505859375,-0.16525082588195802,-0.18243377208709718,-0.2228785037994385,-0.256059455871582,-0.11821057796478272,-0.17510025501251222,-0.1655520796775818,-0.18598240613937378,-0.18170549869537356,-0.18243377208709718,-0.1768979072570801,-0.231242036819458,-0.21095914840698243,-0.2228785037994385,-0.2088115453720093,-0.25819056034088134,-0.26726765632629396,-0.256059455871582,-0.2553111553192139
B_seen_anchor_unseen_family,39,41,AQ4,-0.34526675939559937,-0.36000001430511475,1.0277631759643555,-0.2951490264478193,-0.21320250034332278,-0.18719757795333863,-0.17707951068878175,-0.17029099464416506,-0.25677664279937745,-0.23911700248718262,-0.24663774967193605,-0.2837648391723633,-0.3021441459655762,-0.17229053974151612,-0.25802135467529297,-0.23894829750061036,-0.24838528633117676,-0.2579044818878174,-0.24663774967193605,-0.24226534366607666,-0.28532187938690184,-0.2731069326400757,-0.2837648391723633,-0.2689851760864258,-0.3001624584197998,-0.3135448694229126,-0.3021441459655762,-0.2982625484466553
B_seen_anchor_unseen_family,83,20,AQ0,0.2824300527572632,0.2700000286102295,0.08056628704071045,0.22618672089523548,0.20276355743408203,0.16506357192993165,0.2083136796951294,0.14932626485824585,0.21496753692626955,0.22954745292663575,0.2129610538482666,0.2321783781051636,0.2630914688110352,0.15090224742889405,0.2129380702972412,0.23039202690124513,0.19836165904998782,0.18668196201324463,0.2129610538482666,0.20694236755371095,0.2125333070755005,0.20091321468353274,0.2321783781051636,0.21983513832092286,0.2530999660491943,0.23722238540649415,0.2630914688110352,0.26749343872070314
B_seen_anchor_unseen_family,83,23,AQ0,0.1938544511795044,0.18000000715255737,-0.04989555180072785,0.14944978254234914,0.11069600582122803,0.11984379291534425,0.11622115373611451,0.009134918451309204,0.07781689763069154,0.12829239368438722,0.1146587371826172,0.15014785528182983,0.1800532102584839,0.009124088287353517,0.07672448754310608,0.12933886051177979,0.11387509107589722,0.10327532291412354,0.1146587371826172,0.12369825839996339,0.1308154344558716,0.11682391166687012,0.15014785528182983,0.13899717330932618,0.16656758785247805,0.1607776403427124,0.1800532102584839,0.18003599643707277
B_seen_anchor_unseen_family,83,25,AQ0,0.13730359077453613,0.12000000476837158,-0.03749662041664124,0.12032317439531313,0.08922290802001953,0.07464876174926759,0.06415722370147706,0.007030817866325379,0.04631201624870301,0.09656199216842652,0.10423214435577394,0.13909354209899902,0.13282159566879273,0.0059408038854599,0.04676389694213867,0.09754801988601686,0.09026431441307069,0.08514592051506042,0.10423214435577394,0.09994490742683411,0.10175957679748536,0.09104442596435547,0.13909354209899902,0.11972932815551758,0.12091218233108521,0.11291426420211792,0.13282159566879273,0.13768764734268188
B_seen_anchor_unseen_family,83,28,AQ0,0.048033833503723145,0.030000001192092896,0.07379275560379028,0.048044725665397026,0.009311768412590028,0.0038954615592956543,0.01665776073932648,-0.055227458477020264,0.012173748016357422,0.02395066022872925,-0.0008072629570960999,0.07083157300949097,0.02554920017719269,-0.05637425184249878,0.012610390782356262,0.02449964284896851,-0.005064275860786439,-0.008649154007434845,-0.0008072629570960999,0.003748387098312378,0.05045857429504395,0.037229740619659425,0.07083157300949097,0.06247522830963135,0.02459632456302643,0.021677204966545106,0.02554920017719269,0.03540604114532471
B_seen_anchor_unseen_family,83,31,AQ0,-0.046576738357543945,-0.06000000238418579,0.3635227680206299,-0.01647304842930323,-0.0017047226428985596,-0.036210423707962035,-0.022323167324066164,-0.028290125727653506,-0.02192720174789429,0.0035140872001647953,-0.05344793796539307,0.005615735054016114,-0.026715993881225586,-0.029808977246284486,-0.01964818835258484,0.0032813966274261477,-0.05778622627258301,-0.06344678401947022,-0.05344793796539307,-0.0411130428314209,-0.0018070995807647706,-0.008646559715270997,0.005615735054016114,0.0008776485919952393,-0.027580881118774415,-0.03466155529022217,-0.026715993881225586,-0.01688530445098877
B_seen_anchor_unseen_family,83,34,AQ0,-0.1238853931427002,-0.15000000000000002,1.3190102577209473,-0.031517352423527045,-0.08863506317138672,-0.06181824207305908,-0.06326671242713929,-0.10788617134094239,-0.0424780160188675,-0.043259125947952275,-0.10897915363311768,-0.008021782338619233,-0.0627653181552887,-0.11297485828399659,-0.04158191084861756,-0.043522948026657106,-0.10466902256011963,-0.11631983518600464,-0.10897915363311768,-0.10319795608520509,-0.009633895754814149,-0.022835130989551547,-0.008021782338619233,-0.006254763901233674,-0.06270704865455627,-0.06569644212722779,-0.0627653181552887,-0.05473403334617615
B_seen_anchor_unseen_family,83,36,AQ0,-0.20069074630737305,-0.21000001430511475,1.3785801887512208,-0.19422864164282247,-0.14070382118225097,-0.15856300592422487,-0.14635949134826662,-0.1333265781402588,-0.17926476001739503,-0.18774180412292482,-0.17802722454071046,-0.1774324655532837,-0.2581198692321777,-0.13453707695007325,-0.1796884059906006,-0.18870010375976565,-0.17738101482391358,-0.18446795940399172,-0.17802722454071046,-0.16955137252807617,-0.1797083616256714,-0.18753206729888916,-0.1774324655532837,-0.17791165113449098,-0.2578181266784668,-0.26127374172210693,-0.2581198692321777,-0.2516467094421387
B_seen_anchor_unseen_family,83,39,AQ0,-0.2734804153442383,-0.30000000000000004,0.7556931972503662,-0.29050890396702406,-0.29193906784057616,-0.21749000549316408,-0.24065954685211183,-0.2546374559402466,-0.27778258323669436,-0.2538302898406983,-0.24128007888793945,-0.2691493511199951,-0.2947930097579956,-0.25688064098358154,-0.27278211116790774,-0.25428171157836915,-0.23761603832244874,-0.24057950973510744,-0.24128007888793945,-0.23542368412017822,-0.26815683841705323,-0.277016806602478,-0.2691493511199951,-0.26561684608459474,-0.29321012496948246,-0.29755711555480957,-0.2947930097579956,-0.29407644271850586
B_seen_anchor_unseen_family,87,20,AQ0,0.447759747505188,0.4200000286102295,0.08056628704071045,0.3216215110293204,0.3393779993057251,0.28553280830383304,0.3301384687423706,0.248121976852417,0.30080671310424806,0.3238940000534058,0.29198005199432375,0.33183414936065675,0.3487970113754273,0.25002632141113285,0.29906430244445803,0.3249367237091065,0.28708744049072266,0.27860136032104493,0.29198005199432375,0.2887433528900147,0.32586579322814946,0.3186551332473755,0.33183414936065675,0.3253354072570801,0.34490380287170413,0.34157586097717285,0.3487970113754273,0.3525120258331299
B_seen_anchor_unseen_family,87,23,AQ0,0.3524765968322754,0.33000001907348636,-0.04989555180072785,0.2562019166556144,0.2448451042175293,0.2253814697265625,0.24350638389587403,0.1554802179336548,0.22491378784179689,0.27178518772125243,0.23663213253021242,0.2662199497222901,0.30726413726806645,0.156202495098114,0.2232588291168213,0.27310235500335694,0.23431377410888674,0.22441492080688477,0.23663213253021242,0.2441929340362549,0.25199103355407715,0.2448375463485718,0.2662199497222901,0.2567242383956909,0.29623591899871826,0.29159884452819823,0.30726413726806645,0.30896117687225344
B_seen_anchor_unseen_family,87,26,AQ0,0.2655850648880005,0.24000000953674316,-0.08953117728233338,0.19322385971632325,0.16022751331329346,0.16052345037460328,0.16093206405639648,0.07588363885879518,0.10933129787445069,0.15466674566268923,0.17476515769958498,0.18807692527770997,0.19140944480895997,0.07553974390029908,0.10861487388610841,0.15546064376831056,0.17089083194732668,0.16244399547576904,0.17476515769958498,0.17873182296752932,0.16557594537734988,0.15463807582855227,0.18807692527770997,0.17707924842834474,0.1922569751739502,0.18611338138580324,0.19140944480895997,0.19968056678771973
B_seen_anchor_unseen_family,87,29,AQ0,0.17090368270874023,0.15000000000000002,0.20089316368103027,0.11506362921413699,0.11070442199707031,0.09609273672103882,0.09602395296096802,0.03821818828582764,0.05874605178833008,0.1007009506225586,0.0976730227470398,0.1012739658355713,0.118274986743927,0.037008252739906315,0.058750319480896,0.10126099586486817,0.0975624680519104,0.09372799396514893,0.0976730227470398,0.1028717041015625,0.09069109559059144,0.07658111453056336,0.1012739658355713,0.10182695388793946,0.11865081787109376,0.11379259824752808,0.118274986743927,0.12719242572784425
B_seen_anchor_unseen_family,87,32,AQ0,0.06621038913726807,0.0,0.6285921096801759,0.030106828144654343,0.022311419248580933,0.02279148101806641,0.023715341091156007,-0.04176715910434723,-0.016064244508743285,0.07196033596992493,-0.037597909569740295,0.03019295930862427,0.052936017513275146,-0.04306405782699585,-0.01395634412765503,0.07147983312606812,-0.03997819125652313,-0.04285318851470948,-0.037597909569740295,-0.02625260651111603,0.025831782817840578,0.018079322576522828,0.03019295930862427,0.02894861698150635,0.053071677684783936,0.046633103489875795,0.052936017513275146,0.062353897094726565
B_seen_anchor_unseen_family,87,35,AQ0,-0.055626749992370605,-0.09000000357627869,1.1752220153808595,0.0249940502868998,-0.04874349534511566,-0.06528108716011048,-0.043957823514938356,-0.12134485244750977,-0.0046151459217071535,0.022642867267131807,-0.10860934257507325,0.03773017525672913,-0.020169106125831605,-0.12493243217468263,-0.0037505686283111576,0.022048215568065646,-0.10833847522735596,-0.11718087196350098,-0.10860934257507325,-0.10365560054779054,0.03574937582015991,0.024109168350696566,0.03773017525672913,0.0437241017818451,-0.016233879327774047,-0.022032475471496584,-0.020169106125831605,0.0012641727924346926
B_seen_anchor_unseen_family,87,38,AQ0,-0.15551221370697021,-0.18000000715255737,0.9556710243225098,-0.20153161561571628,-0.16800262928009035,-0.15362017154693605,-0.1670094966888428,-0.19752869606018067,-0.21406536102294924,-0.17649375200271608,-0.20754892826080323,-0.19918326139450074,-0.2564126014709473,-0.19995282888412477,-0.21608986854553225,-0.1771302580833435,-0.2081756114959717,-0.21531331539154053,-0.20754892826080323,-0.20621223449707032,-0.20230908393859864,-0.21046218872070313,-0.19918326139450074,-0.1986470937728882,-0.2560736656188965,-0.25859775543212893,-0.2564126014709473,-0.25050668716430663
B_seen_anchor_unseen_family,87,41,AQ0,-0.234918475151062,-0.2700000286102295,1.2968815803527833,-0.23422746364020441,-0.23169825077056885,-0.18535975217819214,-0.22286016941070558,-0.1937449336051941,-0.20138895511627197,-0.2209416627883911,-0.17565935850143433,-0.16556026935577395,-0.24758675098419192,-0.19810616970062256,-0.1988479495048523,-0.22171146869659425,-0.1770723581314087,-0.18169908523559572,-0.17565935850143433,-0.17136672735214234,-0.1664382576942444,-0.1715893864631653,-0.16556026935577395,-0.16753298044204712,-0.24609241485595704,-0.2454709529876709,-0.24758675098419192,-0.25199499130249026
B_seen_anchor_unseen_family,91,20,AQ1,0.35227537155151367,0.2700000286102295,0.152415931224823,0.23775002689885694,0.21765589714050293,0.19331010580062868,0.2220629692077637,0.18279311656951905,0.238388466835022,0.2549912929534912,0.24090371131896973,0.2639915943145752,0.3146744728088379,0.1841798186302185,0.23696174621582033,0.25560808181762695,0.2239459037780762,0.21177868843078615,0.24090371131896973,0.23386206626892092,0.24881579875946047,0.23747124671936037,0.2639915943145752,0.25354971885681155,0.2837653636932373,0.2707173824310303,0.3146744728088379,0.30252947807312014
B_seen_anchor_unseen_family,91,23,AQ1,0.2469651699066162,0.18000000715255737,-0.04546923637390137,0.16053775183858132,0.14636783599853517,0.15005164146423342,0.14957938194274903,0.05755994319915772,0.11365040540695191,0.15462956428527833,0.13770737648010253,0.16680424213409425,0.20226190090179444,0.05748565793037415,0.11190356016159059,0.15517973899841309,0.1266871690750122,0.11777976751327515,0.13770737648010253,0.13836324214935303,0.14579370021820068,0.1269157886505127,0.16680424213409425,0.15420291423797608,0.1721549391746521,0.1608609437942505,0.20226190090179444,0.1876180648803711
B_seen_anchor_unseen_family,91,25,AQ1,0.18034350872039795,0.12000000476837158,0.005819938331842423,0.1283237684018191,0.12697569131851197,0.10661697387695312,0.09948809146881105,0.04225879609584809,0.08362871408462524,0.12498260736465455,0.11656018495559693,0.15448901653289795,0.16203993558883667,0.040519851446151736,0.08311606645584108,0.12577829360961915,0.10981979370117188,0.10090054273605348,0.11656018495559693,0.12109625339508057,0.12316455841064454,0.10872777700424195,0.15448901653289795,0.1366777777671814,0.15226516723632813,0.14051123857498168,0.16203993558883667,0.16699371337890626
B_seen_anchor_unseen_family,91,28,AQ1,0.08039379119873047,0.030000001192092896,0.1597537398338318,0.0470897217140657,0.042650097608566286,0.05099960565567017,0.03857331871986389,-0.021680194139480594,0.02861661016941071,0.03298255205154419,2.842843532562256e-05,0.06349490880966187,0.04172791838645935,-0.023262208700180056,0.029187867045402528,0.0332698404788971,0.0037861049175262453,-0.004243171215057373,2.842843532562256e-05,0.008195534348487854,0.05347759127616883,0.03864502310752869,0.06349490880966187,0.062409186363220216,0.04055747985839844,0.031503659486770634,0.04172791838645935,0.0517603874206543
B_seen_anchor_unseen_family,91,31,AQ1,-0.011304020881652832,-0.06000000238418579,0.341606879234314,-0.020941548855450867,0.01484227180480957,-0.012111154198646546,0.005233335494995117,-0.021437025070190432,-0.030994033813476565,0.020138317346572877,-0.06466445922851563,0.009266126155853273,-0.02455127835273743,-0.024519294500350952,-0.027949273586273193,0.019736433029174806,-0.06614287495613098,-0.07212655544281006,-0.06466445922851563,-0.050642776489257815,0.004223811626434326,0.0013671517372131348,0.009266126155853273,0.005643391609191895,-0.023174369335174562,-0.027158388495445253,-0.02455127835273743,-0.014367979764938355
B_seen_anchor_unseen_family,91,34,AQ1,-0.07743990421295166,-0.15000000000000002,0.7881150245666504,-0.05550941211622878,-0.07894403934478761,-0.10565237998962403,-0.05980285406112671,-0.11346004009246827,-0.0643508791923523,-0.0191843181848526,-0.10542324781417847,0.003582233190536499,-0.03944811820983887,-0.1179975152015686,-0.06006922721862793,-0.019575154781341555,-0.10596263408660889,-0.11593422889709473,-0.10542324781417847,-0.10391366481781006,0.00035913735628128056,-0.013703575730323792,0.003582233190536499,0.0024669438600540164,-0.036816364526748656,-0.045087686181068426,-0.03944811820983887,-0.028164386749267578
B_seen_anchor_unseen_family,91,36,AQ1,-0.14027535915374756,-0.21000001430511475,1.3507800102233887,-0.1772824862414183,-0.12920241355895998,-0.1679606556892395,-0.14015889167785645,-0.1359189987182617,-0.1643189311027527,-0.1831594228744507,-0.16668783426284792,-0.15575118064880372,-0.26630775928497313,-0.1394793748855591,-0.16028497219085694,-0.1837868928909302,-0.1683186173439026,-0.17495732307434084,-0.16668783426284792,-0.16354351043701174,-0.15771086215972902,-0.17070019245147705,-0.15575118064880372,-0.15260162353515627,-0.26782727241516113,-0.26940715312957764,-0.26630775928497313,-0.264457106590271
B_seen_anchor_unseen_family,91,39,AQ1,-0.24168860912322998,-0.30000000000000004,1.2145027160644533,-0.270729901209309,-0.2287622928619385,-0.21112723350524903,-0.23350987434387208,-0.20061275959014893,-0.2563398838043213,-0.22170028686523438,-0.23064532279968264,-0.24403991699218752,-0.25028548240661624,-0.20526652336120607,-0.2529168128967285,-0.22176268100738528,-0.22700171470642092,-0.23477294445037844,-0.23064532279968264,-0.22720129489898683,-0.23922495841979982,-0.2516123533248901,-0.24403991699218752,-0.2387147903442383,-0.24751636981964112,-0.2526894807815552,-0.25028548240661624,-0.2487172842025757
B_seen_anchor_unseen_family,95,20,AQ1,0.49968183040618896,0.3900000095367432,0.152415931224823,0.32341614096449983,0.3428054332733155,0.2937063455581665,0.32023072242736816,0.2782174587249756,0.3158163070678711,0.32897396087646485,0.3080594062805176,0.35678958892822266,0.3777268171310425,0.28066391944885255,0.31462547779083255,0.32976503372192384,0.30599260330200195,0.2983473300933838,0.3080594062805176,0.3075742244720459,0.35050573348999026,0.3416325092315674,0.35678958892822266,0.35315144062042236,0.3651205062866211,0.36106688976287843,0.3777268171310425,0.37371573448181156
B_seen_anchor_unseen_family,95,23,AQ1,0.3945896625518799,0.30000000000000004,-0.04546923637390137,0.2548390089467922,0.24833102226257325,0.21567041873931886,0.25255327224731444,0.20079336166381836,0.25024070739746096,0.2654880046844483,0.24652247428894045,0.26896023750305176,0.3099710464477539,0.20144658088684084,0.24756126403808595,0.26628334522247316,0.23670241832733155,0.2260161876678467,0.24652247428894045,0.24664089679718018,0.25063223838806153,0.24080228805541992,0.26896023750305176,0.2565495491027832,0.28011608123779297,0.2718530178070068,0.3099710464477539,0.29515509605407714
B_seen_anchor_unseen_family,95,26,AQ1,0.29531311988830566,0.21000001430511475,0.2613183259963989,0.17975079985065734,0.16558879613876343,0.17732121944427492,0.15782835483551028,0.07060134410858154,0.12549233436584473,0.1668061137199402,0.1534690022468567,0.17736384868621827,0.18927931785583496,0.07050459384918213,0.12514159679412842,0.1675102710723877,0.15315929651260377,0.14420180320739748,0.1534690022468567,0.16114932298660278,0.1613346576690674,0.14851139783859255,0.17736384868621827,0.1694351673126221,0.18755030632019043,0.17389744520187378,0.18927931785583496,0.19941620826721193
B_seen_anchor_unseen_family,95,29,AQ1,0.20225310325622559,0.12000000476837158,0.06832680702209473,0.1082823837403397,0.08779838085174561,0.08073012828826905,0.0783539891242981,0.04309394359588623,0.06323251724243165,0.08483046293258667,0.07291193008422851,0.10226323604583741,0.10594471693038941,0.04080871045589447,0.06318660974502564,0.08551149368286133,0.07670490741729737,0.06859979629516602,0.07291193008422851,0.07957602143287659,0.09399223327636719,0.08119128942489624,0.10226323604583741,0.10160696506500244,0.10678107738494874,0.0997504472732544,0.10594471693038941,0.1176443099975586
B_seen_anchor_unseen_family,95,33,AQ1,0.07622742652893066,-0.06000000238418579,0.6011100292205811,-0.012294834063386767,-0.02637648582458496,-0.03994995355606079,-0.03214731812477112,-0.06445266008377075,-0.05390259623527527,-0.005315884947776794,-0.08137521743774415,-0.01900826096534729,-0.029322606325149537,-0.06640925407409669,-0.051849555969238285,-0.0055137038230896,-0.07972713708877564,-0.08666360378265381,-0.08137521743774415,-0.07134804725646973,-0.02227723002433777,-0.028967088460922243,-0.01900826096534729,-0.021556377410888672,-0.027813935279846193,-0.03299077153205872,-0.029322606325149537,-0.018345630168914797
B_seen_anchor_unseen_family,95,36,AQ1,-0.03946995735168457,-0.15000000000000002,1.192376708984375,-0.039814484228125266,-0.12158135175704957,-0.0969473123550415,-0.0675027072429657,-0.0821629285812378,-0.04809500277042389,-0.039762839674949646,-0.08725893497467041,0.007587237656116486,-0.053830289840698244,-0.08237549662590027,-0.04562556743621826,-0.040449708700180054,-0.09029916524887086,-0.09869197607040406,-0.08725893497467041,-0.08450904488563538,0.0020593225955963137,-0.013643895089626313,0.007587237656116486,0.012199892103672028,-0.0525342345237732,-0.06319899559020996,-0.053830289840698244,-0.0403655469417572
B_seen_anchor_unseen_family,95,39,AQ1,-0.16137194633483887,-0.24000000953674316,1.3211283683776855,-0.21209155372296498,-0.20368900299072268,-0.20025908946990967,-0.18285555839538575,-0.14617054462432863,-0.21443145275115968,-0.20376353263854982,-0.19858977794647217,-0.19901970624923707,-0.29182395935058597,-0.1450258731842041,-0.21521754264831544,-0.20491387844085696,-0.19787524938583376,-0.207674241065979,-0.19858977794647217,-0.19280402660369875,-0.1980003833770752,-0.2084528684616089,-0.19901970624923707,-0.19699271917343142,-0.29357750415802003,-0.29227490425109864,-0.29182395935058597,-0.2855067253112793
B_seen_anchor_unseen_family,95,42,AQ1,-0.2539020776748657,-0.33000001907348636,0.9367547988891602,-0.27989331795756905,-0.292835807800293,-0.24898736476898195,-0.2499020576477051,-0.2096963167190552,-0.24094133377075197,-0.26004188060760497,-0.20682716369628906,-0.22008681297302246,-0.27158823013305666,-0.2119981050491333,-0.23920817375183107,-0.2603551626205444,-0.20556790828704835,-0.21720943450927735,-0.20682716369628906,-0.20018086433410645,-0.21747653484344484,-0.22951183319091797,-0.22008681297302246,-0.21964023113250733,-0.26933059692382816,-0.273250150680542,-0.27158823013305666,-0.27060880661010744
B_seen_anchor_unseen_family,99,20,AQ2,0.3675495386123657,0.2700000286102295,-0.013050247728824616,0.2212207327427722,0.22344551086425782,0.19288443326950075,0.22239224910736086,0.17623279094696045,0.20407137870788575,0.2129995346069336,0.1891467332839966,0.20712964534759523,0.24900484085083008,0.17837083339691162,0.19900023937225342,0.21340618133544922,0.18786810636520387,0.18271156549453738,0.1891467332839966,0.1981045722961426,0.20751981735229494,0.1986940145492554,0.20712964534759523,0.21105432510375977,0.247322154045105,0.2406918525695801,0.24900484085083008,0.263185977935791
B_seen_anchor_unseen_family,99,23,AQ2,0.2524014711380005,0.18000000715255737,0.08574210405349732,0.15186148060664487,0.1457882285118103,0.150126051902771,0.1376367211341858,0.06767417192459106,0.10953868627548219,0.16005047559738161,0.1301443099975586,0.16400063037872314,0.20462608337402344,0.06897175312042236,0.1094360113143921,0.16072624921798706,0.12646970748901368,0.11814355850219727,0.1301443099975586,0.13817961215972902,0.1398033618927002,0.12961841821670533,0.16400063037872314,0.1540409803390503,0.17829873561859133,0.1681543827056885,0.20462608337402344,0.19357867240905763
B_seen_anchor_unseen_family,99,25,AQ2,0.2010098695755005,0.12000000476837158,-0.1427974820137024,0.12297579245802051,0.10957195758819581,0.10055279731750488,0.09533631801605225,0.04866896569728851,0.08435604572296143,0.10956207513809205,0.09725949168205261,0.14102962017059326,0.13832628726959229,0.04762613773345947,0.08378682136535645,0.11012969017028809,0.0955070436000824,0.08525471091270448,0.09725949168205261,0.10467466115951539,0.10915924310684205,0.08766440153121949,0.14102962017059326,0.12408667802810669,0.13531572818756105,0.12223845720291138,0.13832628726959229,0.14627052545547486
B_seen_anchor_unseen_family,99,28,AQ2,0.11530804634094238,0.030000001192092896,-0.09532172083854676,0.05395992862382311,0.041718083620071414,0.04923037290573121,0.04089483916759491,0.01372913420200348,0.051098525524139404,0.04720075130462647,0.001996886730194092,0.06956539154052735,0.036096641421318056,0.012042251229286195,0.053072839975357056,0.047699069976806646,0.00013240426778793335,-0.0014742702245712281,0.001996886730194092,0.009653031826019287,0.051936244964599615,0.03601228296756744,0.06956539154052735,0.06676779985427857,0.0343594491481781,0.030155280232429506,0.036096641421318056,0.046517124772071844
B_seen_anchor_unseen_family,99,31,AQ2,0.01246345043182373,-0.06000000238418579,0.46131973266601567,-0.00514369665208273,0.011467087268829347,-0.016458511352539062,-0.0027413547039031984,-0.02239941954612732,-0.013359475135803224,0.04468409419059754,-0.04112350344657898,0.019323652982711794,-0.0063090682029724125,-0.024286752939224245,-0.01103009581565857,0.04426825642585755,-0.04143459796905518,-0.05350995063781738,-0.04112350344657898,-0.030557483434677124,0.014272987842559814,0.0066485762596130375,0.019323652982711794,0.014511454105377198,-0.005173736810684205,-0.013967925310134889,-0.0063090682029724125,0.0058021962642669685
B_seen_anchor_unseen_family,99,34,AQ2,-0.06030571460723877,-0.15000000000000002,1.1979456901550294,-0.023694742204579913,-0.10005966424942017,-0.116128408908844,-0.08379170298576355,-0.12973283529281618,-0.06137192249298096,-0.023617848753929138,-0.11997957229614259,-0.006720967590808868,-0.048462009429931646,-0.13327491283416748,-0.05708653330802918,-0.023829516768455506,-0.12273311614990234,-0.13104922771453859,-0.11997957229614259,-0.11653882265090942,-0.008893273770809174,-0.01570807695388794,-0.006720967590808868,-0.006813393533229828,-0.045945101976394655,-0.05072157382965088,-0.048462009429931646,-0.03653306066989899
B_seen_anchor_unseen_family,99,36,AQ2,-0.13073527812957764,-0.21000001430511475,1.3629660606384277,-0.19675760765263278,-0.14880189895629883,-0.17449008226394655,-0.1315370559692383,-0.15852415561676025,-0.18658958673477175,-0.1843754291534424,-0.1736989498138428,-0.17517915964126587,-0.26022303104400635,-0.160535204410553,-0.18193902969360354,-0.18491727113723755,-0.17466766834259034,-0.17943546772003174,-0.1736989498138428,-0.17115540504455568,-0.17766335010528567,-0.18711315393447878,-0.17517915964126587,-0.16916528940200806,-0.261384916305542,-0.2632767200469971,-0.26022303104400635,-0.25752398967742923
B_seen_anchor_unseen_family,99,39,AQ2,-0.22540652751922607,-0.30000000000000004,1.0598089218139648,-0.2904355373863298,-0.263723087310791,-0.23401541709899903,-0.22546658515930176,-0.22179939746856692,-0.2719951629638672,-0.2378398895263672,-0.24754996299743653,-0.26519451141357425,-0.28236849308013917,-0.22346978187561037,-0.2699263095855713,-0.23821778297424318,-0.24392123222351075,-0.24904725551605225,-0.24754996299743653,-0.24295947551727295,-0.2619801044464111,-0.27145700454711913,-0.26519451141357425,-0.26103804111480716,-0.2831888675689697,-0.28512372970581057,-0.28236849308013917,-0.2824177026748657
B_seen_anchor_unseen_family,103,20,AQ2,0.38342106342315674,0.33000001907348636,-0.013050247728824616,0.274887996642924,0.30635972023010255,0.26152706146240234,0.26572906970977783,0.2453596591949463,0.27432918548583984,0.2564654111862183,0.24119787216186525,0.27085251808166505,0.3010758876800537,0.24811315536499023,0.2689650058746338,0.2568663597106934,0.24303741455078126,0.23516478538513186,0.24119787216186525,0.24689593315124514,0.2685152530670166,0.26173574924468995,0.27085251808166505,0.27450056076049806,0.30142586231231694,0.2923345804214478,0.3010758876800537,0.31276693344116213
B_seen_anchor_unseen_family,103,23,AQ2,0.26817619800567627,0.24000000953674316,0.08574210405349732,0.20292138524036363,0.20236449241638185,0.21188480854034425,0.19063584804534914,0.11036953926086426,0.15492898225784302,0.2149766206741333,0.1815262317657471,0.20792956352233888,0.25391345024108886,0.11142423152923585,0.15492054224014284,0.2156679630279541,0.1811974883079529,0.1695997714996338,0.1815262317657471,0.18811408281326295,0.19367849826812744,0.18042286634445193,0.20792956352233888,0.1985583782196045,0.23609724044799807,0.22740659713745118,0.25391345024108886,0.2454977035522461
B_seen_anchor_unseen_family,103,26,AQ2,0.19076323509216309,0.15000000000000002,-0.033492651581764225,0.1319120345194919,0.13092256784439088,0.12299060821533203,0.10135565996170044,0.0688507080078125,0.11115211248397827,0.12138930559158326,0.11062811613082886,0.15214470624923707,0.15259157419204714,0.06749710440635681,0.10976800918579102,0.12237588167190552,0.10791251659393311,0.10127428770065308,0.11062811613082886,0.11976773738861085,0.12243316173553467,0.11345556974411011,0.15214470624923707,0.14028148651123049,0.14679839611053466,0.13890243768692018,0.15259157419204714,0.16277313232421875
B_seen_anchor_unseen_family,103,29,AQ2,0.08875477313995361,0.06000000238418579,0.19230414628982545,0.06839715775987619,0.07581578493118286,0.08320482969284058,0.07867749929428101,0.05026900768280029,0.08107324838638306,0.0759467363357544,0.03312171995639801,0.09482429027557374,0.05823750495910645,0.04872391819953919,0.08184227943420411,0.07614001035690308,0.03431043028831482,0.025158044695854188,0.03312171995639801,0.040279775857925415,0.06937068700790405,0.054199290275573735,0.09482429027557374,0.08353033065795899,0.05750414729118347,0.0523563027381897,0.05823750495910645,0.06816084384918213
B_seen_anchor_unseen_family,103,32,AQ2,-0.03645050525665283,-0.09000000357627869,0.8445196151733398,-0.11121725771556253,-0.03015308976173401,-0.07893940210342408,-0.06464205980300904,-0.10612435340881349,-0.09876351356506348,-0.09352461695671083,-0.13283743858337402,-0.09976125359535218,-0.13117462396621704,-0.10616950988769532,-0.10086700916290284,-0.09415102005004883,-0.13590466976165771,-0.1334208369255066,-0.13283743858337402,-0.12816922664642336,-0.10219950675964357,-0.10856592655181885,-0.09976125359535218,-0.10418331623077393,-0.12879315614700318,-0.1340377688407898,-0.13117462396621704,-0.12280068397521973
B_seen_anchor_unseen_family,103,35,AQ2,-0.12636470794677734,-0.18000000715255737,1.2546764373779298,-0.06335114720212362,-0.12445646524429321,-0.1286158561706543,-0.08407623767852784,-0.09104826450347901,-0.07961263656616212,-0.04403448700904847,-0.09208421111106874,-0.0331784188747406,-0.08077445030212403,-0.09181560873985291,-0.07545409798622132,-0.04434051513671875,-0.09174895286560059,-0.10461157560348511,-0.09208421111106874,-0.08677553534507752,-0.030669921636581422,-0.049089014530181885,-0.0331784188747406,-0.02722214460372925,-0.07812309265136719,-0.08610184192657472,-0.08077445030212403,-0.07249279618263245
B_seen_anchor_unseen_family,103,38,AQ2,-0.24077200889587402,-0.2700000047683716,1.0234334945678711,-0.25010842680541867,-0.20875985622406007,-0.1899230718612671,-0.1818157434463501,-0.16347332000732423,-0.21091008186340332,-0.2111818552017212,-0.2077490329742432,-0.2164245367050171,-0.28416852951049804,-0.1655742883682251,-0.20930750370025636,-0.21169400215148926,-0.2048577070236206,-0.2115579128265381,-0.2077490329742432,-0.20407788753509523,-0.21429798603057862,-0.22572112083435059,-0.2164245367050171,-0.21336288452148439,-0.28513946533203127,-0.28638267517089844,-0.28416852951049804,-0.2807828187942505
B_seen_anchor_unseen_family,103,41,AQ2,-0.31833064556121826,-0.36000001430511475,1.1252546310424805,-0.3020970322810335,-0.3021742343902588,-0.29168329238891605,-0.2591806650161743,-0.26423158645629885,-0.2852722406387329,-0.2975573301315308,-0.22830252647399904,-0.27487030029296877,-0.30915527343750004,-0.2655965328216553,-0.2827580451965332,-0.29697794914245607,-0.22289218902587893,-0.22531938552856445,-0.22830252647399904,-0.22299437522888185,-0.2699295997619629,-0.27773661613464357,-0.27487030029296877,-0.2692444324493408,-0.30790922641754154,-0.30861849784851075,-0.30915527343750004,-0.30895974636077883
B_seen_anchor_unseen_family,107,20,AQ3,0.32323503494262695,0.2700000286102295,0.16157495975494385,0.2516526619704275,0.254024076461792,0.24059071540832522,0.2665716171264649,0.20071852207183838,0.2533881187438965,0.2526089906692505,0.22328236103057864,0.25057849884033206,0.2848273277282715,0.2027673959732056,0.2516336917877197,0.2534999132156372,0.21959462165832522,0.21016445159912112,0.22328236103057864,0.2292658805847168,0.24349524974823,0.23096580505371095,0.25057849884033206,0.2495875120162964,0.2831517934799194,0.2727491855621338,0.2848273277282715,0.29963479042053226
B_seen_anchor_unseen_family,107,23,AQ3,0.22020721435546875,0.18000000715255737,0.05766520500183106,0.17243015174224602,0.1750409245491028,0.20258464813232424,0.17970352172851564,0.10034556388854982,0.14736260175704957,0.1783003807067871,0.1500841498374939,0.1780779004096985,0.2345353364944458,0.10074452161788941,0.14637845754623413,0.17881500720977783,0.1384220600128174,0.13267323970794678,0.1500841498374939,0.1567606568336487,0.15529813766479494,0.14631613492965698,0.1780779004096985,0.1688335180282593,0.2078262805938721,0.19879385232925417,0.2345353364944458,0.22524855136871338
B_seen_anchor_unseen_family,107,25,AQ3,0.16308116912841797,0.12000000476837158,0.09260530471801759,0.13047256135062094,0.1429893970489502,0.13933868408203126,0.12321460247039795,0.08312750458717347,0.09955317378044129,0.11546847820281983,0.10531524419784546,0.14591655731201172,0.14017653465270996,0.08213110566139221,0.09870163202285767,0.11584575176239015,0.0973298192024231,0.09042099714279175,0.10531524419784546,0.10840016603469849,0.11639685630798341,0.10039110183715821,0.14591655731201172,0.1292109251022339,0.1319899320602417,0.12204308509826661,0.14017653465270996,0.14623353481292725
B_seen_anchor_unseen_family,107,28,AQ3,0.07359910011291504,0.030000001192092896,0.005537971481680871,0.07066308317398931,0.07342100739479065,0.09192903041839601,0.08799870610237122,0.024010184407234195,0.05680590867996216,0.04712812900543213,0.01540772318840027,0.08646329641342164,0.05726165175437928,0.021918010711669923,0.05618617534637452,0.047414606809616094,0.010290808975696564,0.004148361086845398,0.01540772318840027,0.019681337475776675,0.05900710225105286,0.04590392708778382,0.08646329641342164,0.07488209009170532,0.05127607583999634,0.04701929390430451,0.05726165175437928,0.06497647762298585
B_seen_anchor_unseen_family,107,31,AQ3,-0.0301053524017334,-0.06000000238418579,0.5535488128662109,-0.006182590283081524,0.011522680521011353,-0.01739576756954193,-0.012198686599731445,-0.012723332643508911,-0.026078611612319946,0.002383100986480713,-0.05584330558776856,0.006494140625,-0.02681732773780823,-0.015033513307571411,-0.023110514879226687,0.0021642446517944336,-0.06001428365707398,-0.06803498268127442,-0.05584330558776856,-0.04712193608283997,0.0001586437225341797,-0.010336774587631227,0.006494140625,0.000512993335723877,-0.024679851531982423,-0.034703570604324344,-0.02681732773780823,-0.017187339067459107
B_seen_anchor_unseen_family,107,34,AQ3,-0.11970782279968262,-0.15000000000000002,1.0098573684692382,-0.011055223608446508,-0.0559798538684845,-0.06493605375289917,-0.037982490658760075,-0.08368642926216126,-0.0289328932762146,-0.03165769577026367,-0.11215296983718873,0.007008166611194611,-0.04758128523826599,-0.08875058293342591,-0.0283940851688385,-0.03166305124759674,-0.1141179919242859,-0.12267184257507324,-0.11215296983718873,-0.10949895381927491,0.00046094208955764775,-0.014265547692775727,0.007008166611194611,0.006152613461017609,-0.04619368612766266,-0.053362131118774414,-0.04758128523826599,-0.03599980175495148
B_seen_anchor_unseen_family,107,36,AQ3,-0.1863694190979004,-0.21000001430511475,1.0193498611450196,-0.19579939102400906,-0.138011634349823,-0.17491396665573122,-0.13961211442947388,-0.1524470090866089,-0.1842831611633301,-0.20409839153289797,-0.17159342765808105,-0.17715249061584473,-0.2686182975769043,-0.15469388961791994,-0.18148933649063112,-0.20474493503570557,-0.1726185441017151,-0.18152432441711427,-0.17159342765808105,-0.16788439750671388,-0.17875592708587648,-0.18648768663406373,-0.17715249061584473,-0.1780537724494934,-0.26915690898895267,-0.2727230548858643,-0.2686182975769043,-0.262826132774353
B_seen_anchor_unseen_family,107,39,AQ3,-0.25046658515930176,-0.30000000000000004,0.971135425567627,-0.2880691254572159,-0.2882121801376343,-0.22739400863647463,-0.23827688694000246,-0.23853304386138918,-0.2812835693359375,-0.23457927703857423,-0.2415740728378296,-0.2670742988586426,-0.2658979654312134,-0.24003896713256836,-0.27798304557800296,-0.23468677997589113,-0.23989994525909425,-0.24311435222625732,-0.2415740728378296,-0.2365001678466797,-0.26421637535095216,-0.27239689826965335,-0.2670742988586426,-0.261577844619751,-0.2635361194610596,-0.2672201871871948,-0.2658979654312134,-0.26306507587432865
B_seen_anchor_unseen_family,111,20,AQ3,-5.822006702423096,0.2700000286102295,0.16157495975494385,0.2516526619704275,0.254024076461792,0.24059071540832522,0.2665716171264649,0.20071852207183838,0.2533881187438965,0.2526089906692505,0.22328236103057864,0.25057849884033206,0.2848273277282715,0.2027673959732056,0.2516336917877197,0.2534999132156372,0.2194101095199585,0.21272640228271486,0.22328236103057864,0.2292658805847168,0.24248809814453126,0.2368320941925049,0.25057849884033206,0.2495875120162964,0.280399227142334,0.2703284740447998,0.2848273277282715,0.29963479042053226
B_seen_anchor_unseen_family,111,23,AQ3,-5.928326845169067,0.18000000715255737,0.05766520500183106,0.17243015174224596,0.1750409245491028,0.20258464813232424,0.17970352172851564,0.10034556388854982,0.14736260175704957,0.1783003807067871,0.1500841498374939,0.1780779004096985,0.2345353364944458,0.10074452161788941,0.14637845754623413,0.17881500720977783,0.14408526420593262,0.1330306887626648,0.1500841498374939,0.1567606568336487,0.15847227573394776,0.14541949033737184,0.1780779004096985,0.1688335180282593,0.20842545032501222,0.1947169065475464,0.2345353364944458,0.22524855136871338
B_seen_anchor_unseen_family,111,25,AQ3,0.30220913887023926,0.12000000476837158,0.09260530471801759,0.13047256135062094,0.1429893970489502,0.13933868408203126,0.12321460247039795,0.08312750458717347,0.09955317378044129,0.11546847820281983,0.10531524419784546,0.14591655731201172,0.14017653465270996,0.08213110566139221,0.09870163202285767,0.11584575176239015,0.09675030708312989,0.09204236268997193,0.10531524419784546,0.10840016603469849,0.11614125967025757,0.10554914474487305,0.14591655731201172,0.1292109251022339,0.1309678077697754,0.12150037288665771,0.14017653465270996,0.14623353481292725
B_seen_anchor_unseen_family,111,28,AQ3,0.21761751174926758,0.030000001192092896,0.005537971481680871,0.07066308317398935,0.07342100739479065,0.09192903041839601,0.08799870610237122,0.024010184407234195,0.05680590867996216,0.04712812900543213,0.01540772318840027,0.08646329641342164,0.05726165175437928,0.021918010711669923,0.05618617534637452,0.047414606809616094,0.011710005998611451,0.004616110026836396,0.01540772318840027,0.019681337475776675,0.06244228482246399,0.04702079892158509,0.08646329641342164,0.07488209009170532,0.054285699129104616,0.047423988580703735,0.05726165175437928,0.06497647762298585
B_seen_anchor_unseen_family,111,31,AQ3,0.09831452369689941,-0.09000000357627869,0.8803228378295899,-0.028473621015750974,-0.02544883489608765,-0.034405475854873656,-0.05881426334381104,-0.06462867259979248,-0.06718287467956544,-0.051510179042816163,-0.08631470203399659,-0.044896757602691656,-0.0658017098903656,-0.06561700105667115,-0.06548790335655212,-0.05199750065803528,-0.09083534479141236,-0.09784032702445984,-0.08631470203399659,-0.07708466053009033,-0.05096914768218994,-0.05619972348213196,-0.044896757602691656,-0.05078231692314148,-0.06483604311943054,-0.06980894804000855,-0.0658017098903656,-0.05650575160980225
B_seen_anchor_unseen_family,111,34,AQ3,-0.004617452621459961,-0.18000000715255737,1.2301681518554688,-0.06296924972315075,-0.12128467559814454,-0.10363107919692993,-0.07841137051582336,-0.1050640344619751,-0.08347772359848023,-0.07066681981086731,-0.1104062557220459,-0.03256683945655823,-0.09087866544723511,-0.10781495571136475,-0.08115628957748414,-0.07088552117347717,-0.1164328694343567,-0.12560867071151735,-0.1104062557220459,-0.10564694404602051,-0.035916900634765624,-0.04983853399753571,-0.03256683945655823,-0.031243187189102174,-0.0889251470565796,-0.09587461948394777,-0.09087866544723511,-0.08202774524688722
B_seen_anchor_unseen_family,111,36,AQ3,-0.0708169937133789,-0.24000000953674316,0.9851038932800293,-0.20102509074967065,-0.19166920185089112,-0.2027552366256714,-0.18342270851135256,-0.19341973066329957,-0.20761623382568362,-0.24325025081634521,-0.2138352394104004,-0.1985846757888794,-0.30222735404968265,-0.19217116832733155,-0.20839464664459229,-0.24390001296997071,-0.21220264434814454,-0.22269897460937502,-0.2138352394104004,-0.21122303009033205,-0.19896949529647828,-0.20841183662414553,-0.1985846757888794,-0.19836016893386843,-0.302689266204834,-0.30506744384765627,-0.30222735404968265,-0.29564194679260253
B_seen_anchor_unseen_family,111,39,AQ3,-0.1585698127746582,-0.33000001907348636,1.159218215942383,-0.279379583064102,-0.2690579414367676,-0.25777130126953124,-0.23270840644836427,-0.2166075944900513,-0.24877512454986572,-0.26694345474243164,-0.20746495723724367,-0.23630309104919434,-0.3035653829574585,-0.21646931171417239,-0.24812722206115723,-0.267501163482666,-0.211213493347168,-0.21326205730438233,-0.20746495723724367,-0.20309269428253174,-0.23708930015563967,-0.2428760528564453,-0.23630309104919434,-0.23708653450012207,-0.3045119047164917,-0.30108389854431156,-0.3035653829574585,-0.30620875358581545
B_seen_anchor_unseen_family,115,20,AQ4,0.4136528968811035,0.2700000286102295,-0.05659032464027405,0.2287561855799834,0.24810750484466554,0.2217327117919922,0.2512711524963379,0.1984348773956299,0.23700828552246095,0.24256587028503418,0.21278932094573977,0.23684487342834473,0.26033477783203124,0.20077505111694338,0.23457727432250977,0.2435694217681885,0.21011037826538087,0.20310206413269044,0.21278932094573977,0.2217186212539673,0.22896351814270022,0.2204312324523926,0.23684487342834473,0.23650422096252444,0.2571986436843872,0.24718923568725587,0.26033477783203124,0.2752385139465332
B_seen_anchor_unseen_family,115,23,AQ4,0.31039661169052124,0.18000000715255737,0.18230650424957276,0.1606234700518316,0.16388236284255983,0.16566908359527588,0.15534592866897584,0.07857651710510255,0.125580096244812,0.16121946573257448,0.1369913697242737,0.17028589248657228,0.210326623916626,0.07902070283889771,0.12308157682418824,0.16160703897476197,0.13359541893005372,0.1258615255355835,0.1369913697242737,0.1437672257423401,0.14825692176818847,0.13710331916809082,0.17028589248657228,0.15997021198272707,0.18342945575714112,0.173284649848938,0.210326623916626,0.19993329048156738
B_seen_anchor_unseen_family,115,25,AQ4,0.2393389344215393,0.12000000476837158,0.0382086992263794,0.12635565576963415,0.12462401390075684,0.12062065601348877,0.10368027687072755,0.06087146401405335,0.09079437255859375,0.11505297422409058,0.11538916826248169,0.15204193592071535,0.15850975513458254,0.05914179682731629,0.08951238989830018,0.11551423072814943,0.10874898433685304,0.09788265228271485,0.11538916826248169,0.11809096336364747,0.1209916353225708,0.10418268442153931,0.15204193592071535,0.13371623754501344,0.14210116863250732,0.13159195184707642,0.15850975513458254,0.15677320957183838
B_seen_anchor_unseen_family,115,28,AQ4,0.14397716522216797,0.030000001192092896,0.09150280952453614,0.057391219737163414,0.03137299418449402,0.04252491891384125,0.039959803223609924,-0.006203551590442658,0.035203140974044804,0.028913453221321106,0.0007354587316513062,0.07240011096000672,0.034672340750694274,-0.008004556596279145,0.03562602698802948,0.02958081364631653,0.0026494532823562625,-0.009031474590301514,0.0007354587316513062,0.007857170701026917,0.049926355481147766,0.03003172874450684,0.07240011096000672,0.06012998223304749,0.034950068593025206,0.026825654506683352,0.034672340750694274,0.042555338144302374
B_seen_anchor_unseen_family,115,31,AQ4,0.04381358623504639,-0.06000000238418579,0.43616714477539065,-0.007464109094593963,0.017300784587860107,0.0035798013210296634,0.0019034266471862793,-0.013346630334854127,-0.01786125898361206,-0.0005047738552093506,-0.05185402631759644,0.0002961814403533936,-0.028419125080108645,-0.015424060821533204,-0.01681607961654663,-0.0007268726825714112,-0.05422079563140869,-0.06095514297485352,-0.05185402631759644,-0.041979312896728516,-0.007042807340621949,-0.016024839878082276,0.0002961814403533936,-0.004975539445877076,-0.028962457180023195,-0.03812720775604248,-0.028419125080108645,-0.018911397457122805
B_seen_anchor_unseen_family,115,34,AQ4,-0.018580973148345947,-0.15000000000000002,0.8744176864624024,-0.029644170586434156,-0.10130085945129395,-0.07554259300231934,-0.045995271205902105,-0.09091530442237855,-0.041680753231048584,-0.03718558251857758,-0.1126414179801941,0.010163955390453339,-0.055339622497558597,-0.09743689298629761,-0.04009388685226441,-0.03762781322002411,-0.11671159267425538,-0.12485454082489014,-0.1126414179801941,-0.11164747476577759,0.001657603681087494,-0.007981152832508087,0.010163955390453339,0.005630913376808167,-0.056080573797225954,-0.06097319722175598,-0.055339622497558597,-0.04733611345291138
B_seen_anchor_unseen_family,115,36,AQ4,-0.0834851861000061,-0.21000001430511475,1.2034292221069336,-0.19276322040221744,-0.15660464763641357,-0.1787091135978699,-0.14326057434082032,-0.15282536745071412,-0.18904150724411012,-0.20971212387084961,-0.17191526889801026,-0.17587894201278687,-0.2654757499694824,-0.1548172950744629,-0.18994734287261963,-0.21069889068603517,-0.1770266056060791,-0.18426201343536378,-0.17191526889801026,-0.16894376277923584,-0.18058395385742188,-0.18876721858978274,-0.17587894201278687,-0.17907507419586183,-0.26696803569793703,-0.2701112747192383,-0.2654757499694824,-0.260682487487793
B_seen_anchor_unseen_family,115,39,AQ4,-0.16180503368377686,-0.30000000000000004,1.1230503082275392,-0.2896876546725193,-0.2899862051010132,-0.24614782333374025,-0.2561382055282593,-0.22360877990722658,-0.26449432373046877,-0.2670503377914429,-0.2229944705963135,-0.2466754674911499,-0.2891371250152588,-0.22542147636413576,-0.2611229181289673,-0.266968584060669,-0.22151114940643313,-0.22366890907287598,-0.2229944705963135,-0.21895461082458498,-0.24800527095794678,-0.2555245399475098,-0.2466754674911499,-0.24624469280242922,-0.28843441009521487,-0.2900369167327881,-0.2891371250152588,-0.2909018754959107
B_seen_anchor_unseen_family,119,20,AQ4,0.36322128772735596,0.2700000047683716,-0.05659032464027405,0.2663956709897377,0.3015017032623291,0.24454865455627442,0.2545164108276367,0.2460254430770874,0.2670452117919922,0.2505646228790283,0.24566364288330078,0.26554231643676757,0.28970797061920167,0.24992172718048097,0.2640212059020996,0.2515678405761719,0.2501241207122803,0.23826045989990235,0.24566364288330078,0.25014696121215824,0.25797572135925295,0.24738590717315675,0.26554231643676757,0.2653653144836426,0.2879574060440064,0.2781657934188843,0.28970797061920167,0.30141515731811525
B_seen_anchor_unseen_family,119,23,AQ4,0.25766849517822266,0.18000000715255737,0.18230650424957276,0.16832687838965166,0.15925849676132203,0.1561295747756958,0.1524191737174988,0.07452040910720825,0.13239991664886475,0.16280428171157837,0.13566474914550783,0.1693174481391907,0.2091693639755249,0.07440617084503175,0.12927594184875488,0.16323091983795168,0.1241845965385437,0.118980872631073,0.13566474914550783,0.14142506122589113,0.14971623420715333,0.14201643466949462,0.1693174481391907,0.1609433650970459,0.18166246414184573,0.17520307302474977,0.2091693639755249,0.19848812818527223
B_seen_anchor_unseen_family,119,26,AQ4,0.15425682067871094,0.09000000357627869,0.18769705295562744,0.10184911786735538,0.07637941241264344,0.08127828836441041,0.05734210014343262,0.0173217236995697,0.05597535967826844,0.080087548494339,0.071926748752594,0.112831711769104,0.13117890357971193,0.015881884098052978,0.054836058616638185,0.08091163635253906,0.06696800589561462,0.058189624547958375,0.071926748752594,0.07652255892753601,0.080696439743042,0.06588243246078491,0.112831711769104,0.09446967840194703,0.11587810516357422,0.10601012706756592,0.13117890357971193,0.1296337127685547
B_seen_anchor_unseen_family,119,29,AQ4,0.05967444181442261,0.0,0.10955402851104737,0.047221755638785785,0.005644799768924714,0.02936898171901703,0.030040323734283447,-0.028524923324584964,0.029863917827606203,0.010154399275779725,-0.02357510328292847,0.06217073202133179,0.020383620262145997,-0.030071946978569034,0.02982318997383118,0.01086750328540802,-0.025165140628814697,-0.03060438930988312,-0.02357510328292847,-0.01648549735546112,0.040493649244308476,0.02406500577926636,0.06217073202133179,0.05819950699806214,0.01849993169307709,0.013617151975631715,0.020383620262145997,0.03088340759277344
B_seen_anchor_unseen_family,119,32,AQ4,-0.03983670473098755,-0.09000000357627869,0.2659542322158814,-0.02972564936981229,-0.0014326751232147219,-0.01790769100189209,-0.014388865232467652,-0.023362070322036743,-0.05101757645606995,-0.007591259479522706,-0.06774288415908813,-0.02057554125785828,-0.03626426458358765,-0.027186095714569092,-0.04943684339523316,-0.007866668701171876,-0.06966805458068848,-0.07885757684707642,-0.06774288415908813,-0.05607188940048218,-0.026662826538085938,-0.03600257635116577,-0.02057554125785828,-0.025416386127471925,-0.03399477601051331,-0.040797984600067144,-0.03626426458358765,-0.026450300216674806
B_seen_anchor_unseen_family,119,35,AQ4,-0.11693483591079712,-0.18000000715255737,0.75835280418396,-0.08773485918232479,-0.07742616534233093,-0.13607916831970215,-0.0893174409866333,-0.13280949592590333,-0.08391512036323548,-0.037635549902915955,-0.13246543407440187,-0.04633722305297852,-0.046723109483718876,-0.13502063751220703,-0.07957406044006349,-0.03796395659446716,-0.13280028104782104,-0.14803404808044435,-0.13246543407440187,-0.1289686441421509,-0.05086674690246582,-0.06548899412155151,-0.04633722305297852,-0.048158454895019534,-0.043434181809425355,-0.053480565547943115,-0.046723109483718876,-0.03045533299446106
B_seen_anchor_unseen_family,119,38,AQ4,-0.23310768604278564,-0.2700000047683716,1.4578370094299318,-0.2391508156898104,-0.18871071338653567,-0.1892665505409241,-0.19504032135009766,-0.1482989549636841,-0.22958636283874512,-0.21555171012878419,-0.219964861869812,-0.2327821731567383,-0.27468333244323734,-0.1495716691017151,-0.22970850467681886,-0.2168527603149414,-0.21866559982299805,-0.22690181732177736,-0.219964861869812,-0.2164693355560303,-0.23385009765625,-0.24115746021270754,-0.2327821731567383,-0.2357116460800171,-0.2754851341247559,-0.27565293312072753,-0.27468333244323734,-0.2705003499984741
B_seen_anchor_unseen_family,119,41,AQ4,-0.3204951286315918,-0.36000001430511475,0.8965569496154786,-0.2905143103001231,-0.30654478073120117,-0.2763253688812256,-0.28736581802368166,-0.26523661613464355,-0.29334161281585697,-0.289289665222168,-0.25356545448303225,-0.30237808227539065,-0.31620230674743655,-0.26670446395874026,-0.2895693778991699,-0.28915343284606937,-0.24761872291564943,-0.2573929071426392,-0.25356545448303225,-0.24803528785705567,-0.2953091382980347,-0.31003379821777344,-0.30237808227539065,-0.29353766441345214,-0.3133983135223389,-0.31678466796875004,-0.31620230674743655,-0.31598472595214844
B_seen_anchor_unseen_family,163,20,AQ0,0.4791707992553711,0.2700000286102295,0.014338368177413942,0.22136248759290003,0.23262882232666016,0.2051891326904297,0.24697024822235109,0.2320133924484253,0.24662680625915528,0.2584043025970459,0.22787644863128664,0.23343529701232912,0.28733785152435304,0.23273243904113772,0.24154884815216066,0.2587446212768555,0.2250893831253052,0.200152587890625,0.22787644863128664,0.2166088104248047,0.23327739238739015,0.2050943374633789,0.23343529701232912,0.22144308090209963,0.28710007667541504,0.23926377296447754,0.28733785152435304,0.26874070167541503
B_seen_anchor_unseen_family,163,23,AQ0,0.3980865478515625,0.18000000715255737,-0.009926154464483262,0.14756493200426107,0.1576449751853943,0.19255497455596926,0.17210997343063356,0.11996204853057862,0.13424570560455323,0.19179279804229737,0.13148119449615478,0.15376436710357666,0.19690164327621462,0.12002081871032716,0.13123743534088136,0.19215254783630373,0.15401533842086793,0.11122987270355225,0.13148119449615478,0.13176792860031128,0.15351238250732424,0.11710374355316162,0.15376436710357666,0.14041407108306886,0.19710459709167483,0.15881385803222658,0.19690164327621462,0.18089344501495364
B_seen_anchor_unseen_family,163,25,AQ0,0.3221508264541626,0.12000000476837158,-0.0403165876865387,0.11024367865281633,0.13469685316085817,0.1323491334915161,0.10541847944259644,0.0825951635837555,0.0972634494304657,0.15272111892700196,0.11238346099853516,0.1390168309211731,0.1397781848907471,0.08011711835861207,0.09561392068862916,0.15314245223999023,0.12251822948455811,0.08701632618904115,0.11238346099853516,0.10247282981872559,0.13943171501159668,0.0942581295967102,0.1390168309211731,0.1187708854675293,0.1413369655609131,0.11150655746459961,0.1397781848907471,0.1333688735961914
B_seen_anchor_unseen_family,163,28,AQ0,0.22585809230804443,0.030000001192092896,0.1468333125114441,0.04130914584537706,0.058015829324722296,0.06361738443374634,0.05036231279373169,0.007459405064582825,0.06944299936294555,0.06272693872451783,0.009629487991333008,0.07841452360153199,0.03343051970005036,0.005196785926818848,0.06782063245773316,0.06239962577819824,0.017286044359207154,-0.001059044897556305,0.009629487991333008,0.011863005161285401,0.07932136654853822,0.03594202399253845,0.07841452360153199,0.06669633388519287,0.029776749014854432,0.0252742737531662,0.03343051970005036,0.04166423082351685
B_seen_anchor_unseen_family,163,31,AQ0,0.11447036266326904,-0.06000000238418579,0.35366287231445315,-0.048686290402446125,-0.012434136867523194,-0.04484742283821106,-0.03964803814888001,-0.03409990966320038,-0.034476476907730105,-0.016424459218978883,-0.06475368738174439,-0.007558912038803101,-0.0550573468208313,-0.03622022569179535,-0.035854351520538334,-0.016745924949645996,-0.04587593674659729,-0.0751026451587677,-0.06475368738174439,-0.056859862804412846,-0.011518937349319459,-0.022640740871429445,-0.007558912038803101,-0.013604807853698732,-0.049351835250854494,-0.06314051151275635,-0.0550573468208313,-0.04721976518630982
B_seen_anchor_unseen_family,163,34,AQ0,0.04625725746154785,-0.15000000000000002,0.499922513961792,-0.13764195493254242,-0.10221108198165894,-0.09490431547164918,-0.11318882703781129,-0.17558306455612183,-0.12496433258056641,-0.07399551272392273,-0.14053274393081666,-0.06879550814628602,-0.10882050991058351,-0.17872860431671145,-0.11705262660980226,-0.07383652925491334,-0.15234732627868652,-0.15158693790435793,-0.14053274393081666,-0.14203405380249023,-0.07465591430664063,-0.09274516105651856,-0.06879550814628602,-0.07059743404388429,-0.11205589771270752,-0.10983889102935791,-0.10882050991058351,-0.10493602752685548
B_seen_anchor_unseen_family,163,36,AQ0,-0.023859500885009766,-0.21000001430511475,1.1442121505737306,-0.2544391201536698,-0.18011176586151123,-0.1991536855697632,-0.2542432308197022,-0.2983324766159058,-0.2916839122772217,-0.2512716770172119,-0.19345976114273072,-0.180820631980896,-0.2589324712753296,-0.30031719207763674,-0.2861594915390015,-0.25208420753479005,-0.1975963354110718,-0.20794711112976075,-0.19345976114273072,-0.1992451310157776,-0.18610596656799316,-0.19831790924072268,-0.180820631980896,-0.1848242521286011,-0.2522690773010254,-0.26649796962738037,-0.2589324712753296,-0.2540304183959961
B_seen_anchor_unseen_family,163,39,AQ0,-0.09776651859283447,-0.30000000000000004,1.2081389427185059,-0.2898352077096253,-0.2967135190963745,-0.29420928955078124,-0.3343348026275635,-0.31907148361206056,-0.35313398838043214,-0.32411923408508303,-0.2878142356872559,-0.29370191097259524,-0.33305451869964603,-0.3187710762023926,-0.34984745979309084,-0.32587149143218996,-0.2986075639724732,-0.2972085237503052,-0.2878142356872559,-0.2938917875289917,-0.30172832012176515,-0.29222445487976073,-0.29370191097259524,-0.2922907114028931,-0.329861330986023,-0.3246137857437134,-0.33305451869964603,-0.32920379638671876
B_seen_anchor_unseen_family,167,20,AQ0,0.6231515407562256,0.4200000286102295,0.014338368177413942,0.316797277726985,0.35384511947631836,0.31339185237884526,0.33970479965209965,0.31463327407836916,0.32274317741394043,0.33858709335327153,0.30169310569763186,0.3326890945434571,0.3589481353759766,0.316364049911499,0.3180028676986695,0.339193058013916,0.2997440338134766,0.2874969482421875,0.30169310569763186,0.29732713699340824,0.333684253692627,0.32093324661254885,0.3326890945434571,0.32709808349609376,0.3605541706085205,0.34362635612487796,0.3589481353759766,0.3540390968322754
B_seen_anchor_unseen_family,167,23,AQ0,0.5799129009246826,0.33000001907348636,-0.009926154464483262,0.2543170661175264,0.28199243545532227,0.2904830932617188,0.2903422832489014,0.2630063533782959,0.271536922454834,0.31693115234375,0.2509772300720215,0.27075834274291993,0.3240935802459717,0.26349787712097167,0.2684248685836792,0.31755173206329346,0.2641571044921875,0.23241720199584961,0.2509772300720215,0.25099351406097414,0.27213597297668457,0.24608340263366701,0.27075834274291993,0.2593111515045166,0.32564840316772464,0.2926872491836548,0.3240935802459717,0.3101188182830811
B_seen_anchor_unseen_family,167,26,AQ0,0.5146385431289673,0.24000000953674316,-0.07957561016082765,0.18566662022999922,0.19745131731033327,0.23617587089538575,0.1994492769241333,0.15305027961730958,0.1570649027824402,0.2128539562225342,0.18650074005126954,0.19332476854324343,0.19756195545196534,0.15176815986633302,0.15441274642944336,0.21308863162994385,0.2025850057601929,0.16948423385620118,0.18650074005126954,0.18592345714569092,0.19266085624694826,0.15632193088531496,0.19332476854324343,0.18148102760314944,0.20977997779846191,0.1825481653213501,0.19756195545196534,0.1996372103691101
B_seen_anchor_unseen_family,167,29,AQ0,0.3947666883468628,0.15000000000000002,0.21569743156433108,0.10798450945398007,0.1388406038284302,0.1256694793701172,0.11756690740585328,0.09427570104598999,0.09917311668395996,0.13582804203033447,0.1005265474319458,0.11327319145202637,0.11658802032470704,0.09245638847351074,0.09670524597167969,0.13576384782791137,0.11400301456451417,0.09316982626914978,0.1005265474319458,0.10307745933532715,0.11675937175750734,0.0793549656867981,0.11327319145202637,0.10278468132019043,0.11568262577056886,0.11084761619567872,0.11658802032470704,0.12400304079055786
B_seen_anchor_unseen_family,167,32,AQ0,0.29734599590301514,0.0,0.37902288436889653,-0.03791647810846325,-0.006524193286895752,0.0016549110412597658,-0.011384308338165283,-0.08150014281272888,-0.05630022883415223,-1.062154769897461e-05,-0.0803607702255249,-0.008546686172485352,-0.01686736345291138,-0.08363147974014283,-0.05615898370742798,-0.000305938720703125,-0.07200868129730224,-0.08197668194770813,-0.0803607702255249,-0.07693650722503663,-0.013380539417266846,-0.020260339975357058,-0.008546686172485352,-0.012250745296478273,-0.01893683671951294,-0.025777530670166016,-0.01686736345291138,-0.009788870811462402
B_seen_anchor_unseen_family,167,35,AQ0,0.192704439163208,-0.09000000357627869,0.4071532726287842,-0.10257659108026028,-0.0693787693977356,-0.06206967830657959,-0.12091686725616456,-0.13240995407104492,-0.07846002578735352,-0.042671510577201845,-0.10624814033508301,-0.03151378631591797,-0.06786864399909974,-0.13424499034881593,-0.07537995576858521,-0.04255290031433106,-0.10130282640457154,-0.1190941333770752,-0.10624814033508301,-0.10166192054748535,-0.029082489013671876,-0.05719826221466065,-0.03151378631591797,-0.031756949424743657,-0.05825120210647583,-0.0702297568321228,-0.06786864399909974,-0.056194049119949345
B_seen_anchor_unseen_family,167,38,AQ0,0.08797979354858398,-0.18000000715255737,0.6794572830200196,-0.17264424899954217,-0.19121687412261965,-0.16160746812820437,-0.1577030658721924,-0.13231750726699829,-0.1789880394935608,-0.17391420602798463,-0.12459158897399902,-0.08399570584297181,-0.1739525079727173,-0.1325941562652588,-0.17497392892837527,-0.17508744001388551,-0.12743260860443115,-0.14303009510040285,-0.12459158897399902,-0.12474813461303712,-0.08784965872764589,-0.11231763362884523,-0.08399570584297181,-0.08740370869636536,-0.16788777112960818,-0.1794794797897339,-0.1739525079727173,-0.16783416271209717
B_seen_anchor_unseen_family,167,41,AQ0,-0.01502084732055664,-0.2700000286102295,1.4466903686523438,-0.24178816755703006,-0.27718119621276854,-0.24633255004882815,-0.23843083381652833,-0.2154869556427002,-0.2739888668060303,-0.2984176635742188,-0.17695975303649902,-0.21533262729644775,-0.2891051530838013,-0.21747000217437745,-0.26908738613128663,-0.29970741271972656,-0.184583055973053,-0.18391085863113404,-0.17695975303649902,-0.18046033382415771,-0.2234762191772461,-0.22719109058380127,-0.21533262729644775,-0.21475558280944826,-0.3142576217651367,-0.2792176961898804,-0.2891051530838013,-0.28503634929656985
B_seen_anchor_unseen_family,171,20,AQ1,0.4849785566329956,0.2700000286102295,0.13844845294952393,0.23908930081040075,0.23179147243499756,0.2453539848327637,0.2665169954299927,0.25455622673034667,0.273685884475708,0.2881075143814087,0.2513952970504761,0.2643803596496582,0.31560835838317874,0.2553917646408081,0.26924169063568115,0.28857009410858153,0.25241401195526125,0.22022786140441897,0.2513952970504761,0.2436692237854004,0.2639216423034668,0.23556301593780518,0.2643803596496582,0.25342764854431155,0.3156272888183594,0.2710290908813477,0.31560835838317874,0.30427484512329106
B_seen_anchor_unseen_family,171,23,AQ1,0.4072694778442383,0.18000000715255737,-0.07398598194122315,0.16767985125099896,0.15947508811950684,0.1858924388885498,0.17703391313552858,0.13693323135375976,0.1600186586380005,0.20723576545715333,0.15250766277313232,0.17590672969818116,0.21246936321258547,0.1358899235725403,0.15744800567626954,0.2077042818069458,0.1686948299407959,0.12776168584823608,0.15250766277313232,0.1475848436355591,0.17602730989456178,0.14022735357284546,0.17590672969818116,0.1644960641860962,0.21183602809906008,0.1649648427963257,0.21246936321258547,0.19687541723251345
B_seen_anchor_unseen_family,171,25,AQ1,0.33050012588500977,0.12000000476837158,-0.045808449387550354,0.12981510797663504,0.14879310131072998,0.1309646725654602,0.1277198076248169,0.110497784614563,0.13049429655075073,0.1746445655822754,0.12928853034973145,0.16415557861328126,0.17202264070510864,0.10798496007919312,0.12858028411865235,0.17502405643463137,0.14335544109344484,0.10997090339660645,0.12928853034973145,0.12945326566696166,0.16423182487487795,0.11557215452194214,0.16415557861328126,0.14548749923706056,0.17292160987854005,0.14287395477294923,0.17202264070510864,0.16813641786575317
B_seen_anchor_unseen_family,171,28,AQ1,0.22793614864349365,0.030000001192092896,0.17201824188232423,0.04580662026407889,0.0686493754386902,0.0854570508003235,0.06154536008834839,0.00667310655117035,0.06603492498397827,0.06619126796722412,0.005712097883224488,0.07543781399726868,0.041975149512290956,0.0049584656953811646,0.06616811752319336,0.06604425311088562,0.020526334643363953,-0.0005795210599899292,0.005712097883224488,0.010652214288711548,0.07657374143600465,0.04345757961273194,0.07543781399726868,0.06597040891647339,0.03629420101642609,0.033467200398445134,0.041975149512290956,0.04879485368728638
B_seen_anchor_unseen_family,171,31,AQ1,0.1262502670288086,-0.06000000238418579,0.2562733173370361,-0.04119097552796295,-0.004865324497222901,-0.03374677300453186,-0.02963775992393494,-0.03946360945701599,-0.03882737755775452,-0.005509072542190552,-0.06385263800621033,0.004029405117034912,-0.042287504673004156,-0.04306576251983643,-0.03656909465789795,-0.005527311563491822,-0.047723785042762756,-0.07583677768707275,-0.06385263800621033,-0.05599377751350403,0.0007708907127380372,-0.015280771255493165,0.004029405117034912,-0.0019332468509674072,-0.03772024512290955,-0.05204353332519532,-0.042287504673004156,-0.033848476409912114
B_seen_anchor_unseen_family,171,34,AQ1,0.06383919715881348,-0.15000000000000002,0.11250164508819581,-0.10938966437461284,-0.11730208396911622,-0.09310645461082459,-0.10935482978820801,-0.12798807621002198,-0.08794019222259522,-0.059671741724014286,-0.11001613140106202,-0.03735207319259644,-0.0946668028831482,-0.1315888285636902,-0.08268091678619385,-0.05962917804718018,-0.1166858196258545,-0.12327680587768555,-0.11001613140106202,-0.1120460033416748,-0.04707461595535278,-0.055091369152069095,-0.03735207319259644,-0.040484416484832766,-0.0912875235080719,-0.09366234540939332,-0.0946668028831482,-0.08800967931747437
B_seen_anchor_unseen_family,171,36,AQ1,0.02312910556793213,-0.21000001430511475,0.8635846138000489,-0.24570036307212675,-0.1863825559616089,-0.18942546844482422,-0.21035609245300294,-0.29587864875793457,-0.25678195953369143,-0.2331549882888794,-0.19389292001724245,-0.17727285623550415,-0.22956109046936035,-0.29810519218444825,-0.25025229454040526,-0.23432245254516604,-0.19877003431320192,-0.20673875808715822,-0.19389292001724245,-0.19831751585006716,-0.17667673826217653,-0.19728988409042358,-0.17727285623550415,-0.18056699037551882,-0.22515501976013186,-0.23725855350494385,-0.22956109046936035,-0.22436327934265138
B_seen_anchor_unseen_family,171,39,AQ1,-0.05561268329620361,-0.30000000000000004,1.2276082038879395,-0.3088131968625813,-0.310149884223938,-0.2882727146148682,-0.33373067378997806,-0.3115461349487305,-0.36554665565490724,-0.3484851360321045,-0.29638099670410156,-0.29979240894317627,-0.3437527656555176,-0.3123156309127808,-0.3640690088272095,-0.3502776384353638,-0.3090272426605225,-0.3054388046264649,-0.29638099670410156,-0.3009053707122803,-0.3119101047515869,-0.30150642395019533,-0.29979240894317627,-0.3019334077835083,-0.3405342102050781,-0.33572137355804443,-0.3437527656555176,-0.339667820930481
B_seen_anchor_unseen_family,175,20,AQ1,0.5605381727218628,0.3900000095367432,0.13844845294952393,0.32475541487604376,0.33895554542541506,0.32714414596557617,0.3381211757659912,0.33052775859832767,0.3391168594360352,0.34705319404602053,0.31804466247558594,0.3572046518325806,0.3756569862365723,0.3329976558685303,0.33510942459106446,0.34777412414550785,0.3181743621826172,0.30609655380249023,0.31804466247558594,0.3163353443145752,0.3569501399993897,0.34034180641174316,0.3572046518325806,0.35305242538452153,0.375058650970459,0.362473726272583,0.3756569862365723,0.37371273040771485
B_seen_anchor_unseen_family,175,23,AQ1,0.5259782075881958,0.30000000000000004,-0.07398598194122315,0.26198110835920974,0.25016374588012696,0.2409418821334839,0.27097811698913576,0.27557919025421146,0.2884550094604492,0.30178360939025883,0.25827457904815676,0.27790656089782717,0.3186190128326416,0.27506556510925295,0.2854776859283447,0.3025179624557495,0.26595869064331057,0.23490643501281738,0.25827457904815676,0.25501041412353515,0.2775080680847168,0.25348279476165775,0.27790656089782717,0.26710333824157717,0.31856648921966557,0.2799055099487305,0.3186190128326416,0.3037711620330811
B_seen_anchor_unseen_family,175,26,AQ1,0.4478861093521118,0.21000001430511475,0.20382275581359866,0.1752687193564583,0.19385154247283937,0.21442077159881592,0.191369891166687,0.15151910781860353,0.1716099262237549,0.2162707805633545,0.16955854892730715,0.1880806922912598,0.2078157424926758,0.15012240409851074,0.17012695074081421,0.21684675216674806,0.18545112609863282,0.15762790441513064,0.16955854892730715,0.1735783338546753,0.18890122175216675,0.15587370395660402,0.1880806922912598,0.177659273147583,0.2153200387954712,0.1810250759124756,0.2078157424926758,0.2056046485900879
B_seen_anchor_unseen_family,175,29,AQ1,0.32516443729400635,0.12000000476837158,0.13380017280578613,0.10331756988514287,0.12141720056533814,0.10485856533050537,0.11027053594589234,0.08179209232330323,0.10413662195205689,0.1194197177886963,0.08007510304450989,0.11149933338165284,0.10679793357849121,0.07854608297348023,0.1028763771057129,0.1194490671157837,0.09165117144584656,0.0719184398651123,0.08007510304450989,0.08431235551834107,0.11806313991546631,0.08132181763648988,0.11149933338165284,0.10366153717041016,0.10947346687316895,0.09826523661613465,0.10679793357849121,0.11711244583129883
B_seen_anchor_unseen_family,175,33,AQ1,0.19802522659301758,-0.06000000238418579,0.355413293838501,-0.0761608756868714,-0.03342666029930115,-0.05784246921539307,-0.06477636694908143,-0.10746657848358154,-0.10219194889068604,-0.07981220483779908,-0.11655757427215577,-0.06841574907302857,-0.09913738369941712,-0.11065418720245362,-0.10091068744659425,-0.08006483316421509,-0.11645041704177857,-0.11718986034393311,-0.11655757427215577,-0.11407880783081055,-0.06986221075057984,-0.07819200158119202,-0.06841574907302857,-0.07236796617507935,-0.09636163711547852,-0.10586965084075928,-0.09913738369941712,-0.0889527440071106
B_seen_anchor_unseen_family,175,36,AQ1,0.12061524391174316,-0.15000000000000002,0.3754746437072754,-0.13102121799871444,-0.13192715644836425,-0.12691518068313598,-0.14653220176696777,-0.1970679044723511,-0.10127781629562378,-0.08247836232185364,-0.14946788549423218,-0.06496580243110657,-0.10205891132354737,-0.20233790874481203,-0.09303618669509889,-0.08226410150527955,-0.15718903541564944,-0.16303181648254395,-0.14946788549423218,-0.15169141292572022,-0.06831964254379273,-0.08484716415405275,-0.06496580243110657,-0.06801068782806396,-0.08993452787399292,-0.10848758220672608,-0.10205891132354737,-0.095849347114563
B_seen_anchor_unseen_family,175,39,AQ1,0.019278645515441895,-0.24000000953674316,0.6683082103729249,-0.18477695216788292,-0.19039759635925294,-0.17326905727386477,-0.18596944808959961,-0.20161008834838867,-0.18121951818466187,-0.2216882944107056,-0.16467074155807496,-0.07825081944465638,-0.21261138916015626,-0.2020765781402588,-0.17833774089813234,-0.22311139106750488,-0.1720605254173279,-0.18916200399398805,-0.16467074155807496,-0.16805920600891114,-0.07942638993263246,-0.1158503532409668,-0.07825081944465638,-0.08371587991714478,-0.21402425765991212,-0.22284510135650637,-0.21261138916015626,-0.2073824405670166
B_seen_anchor_unseen_family,175,42,AQ1,-0.0913705825805664,-0.33000001907348636,1.2376081466674806,-0.2799724791413165,-0.29699852466583254,-0.2846709728240967,-0.27797229290008546,-0.1849354147911072,-0.2624032735824585,-0.30927529335021975,-0.18097389936447145,-0.22249648571014405,-0.29728398323059085,-0.18582942485809328,-0.25845816135406496,-0.31108305454254154,-0.19113945960998535,-0.19397854804992676,-0.18097389936447145,-0.18567392826080323,-0.22756597995758057,-0.23903775215148926,-0.22249648571014405,-0.22264957427978516,-0.3040684461593628,-0.292632532119751,-0.29728398323059085,-0.28768107891082767
B_seen_anchor_unseen_family,179,20,AQ2,0.5134745836257935,0.2700000286102295,-0.017340442538261416,0.2128199242300824,0.23759276866912843,0.23228557109832765,0.24900665283203127,0.2244286060333252,0.2395345687866211,0.25339746475219727,0.21999380588531495,0.23393425941467286,0.2885155200958252,0.22589011192321778,0.23453927040100098,0.2533802747726441,0.22435002326965334,0.1941640853881836,0.21999380588531495,0.2130396842956543,0.23504230976104737,0.20081422328948975,0.23393425941467286,0.2218815326690674,0.29188165664672855,0.24644451141357424,0.2885155200958252,0.2749194145202637
B_seen_anchor_unseen_family,179,23,AQ2,0.43071770668029785,0.18000000715255737,0.09833443760871888,0.14986062249995707,0.16510897874832153,0.19511306285858154,0.16506853103637698,0.12005687952041627,0.14520248174667358,0.1989595413208008,0.13924810886383057,0.16903603076934814,0.20718054771423342,0.11989425420761109,0.141343891620636,0.1994000315666199,0.16242531538009644,0.1228764295578003,0.13924810886383057,0.14466989040374756,0.1702364444732666,0.13357572555541994,0.16903603076934814,0.1591632127761841,0.20734968185424807,0.1669522523880005,0.20718054771423342,0.19523913860321046
B_seen_anchor_unseen_family,179,25,AQ2,0.3637382984161377,0.12000000476837158,-0.1350996732711792,0.1170427903681091,0.12308000326156616,0.11561307907104493,0.10990602970123292,0.08843621611595154,0.10796163082122803,0.15237334966659546,0.10665664672851563,0.14381742477416992,0.1464827060699463,0.08645389080047608,0.10515965223312379,0.15244705677032472,0.13230725526809692,0.08759767413139344,0.10665664672851563,0.11114224195480348,0.1473172664642334,0.09496963024139404,0.14381742477416992,0.12946016788482667,0.15382144451141358,0.1298486351966858,0.1464827060699463,0.1540937900543213
B_seen_anchor_unseen_family,179,28,AQ2,0.2795858383178711,0.030000001192092896,-0.056983363628387455,0.047377495068296645,0.0528067946434021,0.06319296360015869,0.047907838225364686,0.0015854507684707642,0.0713387966156006,0.06810646057128907,0.005346056818962098,0.0688784956932068,0.03388193547725678,-0.0005200207233428955,0.07087986469268799,0.06799550056457519,0.019968029856681824,-3.268420696258545e-05,0.005346056818962098,0.011743101477622987,0.0796838939189911,0.03460465371608734,0.0688784956932068,0.06741122007369996,0.03964861035346985,0.026354050636291506,0.03388193547725678,0.04381667971611023
B_seen_anchor_unseen_family,179,31,AQ2,0.1720653772354126,-0.06000000238418579,0.35398559570312504,-0.03595028129942971,-0.018373882770538332,-0.046155917644500735,-0.03948220312595368,-0.056327158212661745,-0.038258254528045654,0.003079921007156372,-0.05838207006454468,-0.0012164473533630372,-0.03997860848903656,-0.05905001163482666,-0.03646324872970581,0.0031118750572204593,-0.04446955621242524,-0.06898334026336671,-0.05838207006454468,-0.05282992124557495,-0.005485838651657105,-0.014933860301971436,-0.0012164473533630372,-0.007066738605499268,-0.03213436603546143,-0.04633105099201203,-0.03997860848903656,-0.03039836883544922
B_seen_anchor_unseen_family,179,34,AQ2,0.11536145210266113,-0.15000000000000002,0.1440263032913208,-0.14455857731693422,-0.1226538896560669,-0.10827050209045411,-0.11439549922943115,-0.15515401363372805,-0.11623821258544922,-0.07493235468864441,-0.13198411464691162,-0.06751863956451416,-0.10763548612594605,-0.15793631076812745,-0.10983159542083741,-0.07486354112625122,-0.1401859998703003,-0.14368894100189208,-0.13198411464691162,-0.13295739889144897,-0.07590193152427674,-0.08445290327072144,-0.06751863956451416,-0.07054576873779297,-0.11023283004760742,-0.10630367994308472,-0.10763548612594605,-0.10390751361846924
B_seen_anchor_unseen_family,179,36,AQ2,0.058145761489868164,-0.21000001430511475,1.0465277671813966,-0.26441585380350274,-0.2040477752685547,-0.2272030830383301,-0.25768399238586426,-0.29276642799377445,-0.2940378665924072,-0.2561588048934937,-0.20268943309783938,-0.20356540679931642,-0.2637544393539429,-0.2945222854614258,-0.2885005950927734,-0.25683317184448246,-0.21042869091033936,-0.2128468990325928,-0.20268943309783938,-0.20884132385253906,-0.2028970241546631,-0.21867058277130128,-0.20356540679931642,-0.20803604125976563,-0.2583306312561035,-0.26760544776916506,-0.2637544393539429,-0.25949347019195557
B_seen_anchor_unseen_family,179,39,AQ2,-0.009264707565307617,-0.30000000000000004,1.1933555603027344,-0.3044978460165758,-0.3107146263122559,-0.2970326900482178,-0.3537676811218262,-0.3337484359741211,-0.36087415218353275,-0.34542264938354494,-0.3004804849624634,-0.2933053493499756,-0.3436246156692505,-0.33421628475189213,-0.35981216430664065,-0.3472141981124878,-0.3101679801940918,-0.31047086715698247,-0.3004804849624634,-0.3060804843902588,-0.30237429141998295,-0.2887347459793091,-0.2933053493499756,-0.29286603927612304,-0.3398786544799805,-0.3355798959732056,-0.3436246156692505,-0.339674711227417
B_seen_anchor_unseen_family,183,20,AQ2,0.5308393239974976,0.33000001907348636,-0.017340442538261416,0.2664871881302342,0.3104446411132813,0.2950830221176148,0.28723275661468506,0.2880993127822876,0.30933933258056645,0.2917393207550049,0.2662661075592041,0.2978357791900635,0.3321876049041748,0.29058299064636234,0.304293966293335,0.2916489839553833,0.26514267921447754,0.24905328750610353,0.2662661075592041,0.26222341060638427,0.2980832576751709,0.2700659275054932,0.2978357791900635,0.2876846551895142,0.3340662002563477,0.3026014566421509,0.3321876049041748,0.3235238552093506
B_seen_anchor_unseen_family,183,23,AQ2,0.4474484920501709,0.24000000953674316,0.09833443760871888,0.2009205271336758,0.21994431018829347,0.2601658582687378,0.21404354572296144,0.1582961082458496,0.18804153203964236,0.24994678497314454,0.1903170108795166,0.21293320655822756,0.25645620822906495,0.15768764019012452,0.18403489589691163,0.2503318786621094,0.19999437332153322,0.17593488693237305,0.1903170108795166,0.19446277618408203,0.21281533241271974,0.18878035545349123,0.21293320655822756,0.20387182235717774,0.2527613162994385,0.22824614048004152,0.25645620822906495,0.24714958667755127
B_seen_anchor_unseen_family,183,26,AQ2,0.34546804428100586,0.15000000000000002,-0.031547939777374266,0.12653310841519935,0.14550375938415527,0.14048804044723512,0.12243473529815674,0.10855528116226197,0.13475269079208374,0.16530919075012207,0.12022762298583985,0.15359060764312746,0.156077241897583,0.10616168975830079,0.1315750002861023,0.1655565142631531,0.14892544746398925,0.10534552335739136,0.12022762298583985,0.1274105429649353,0.16133368015289307,0.11562070846557618,0.15359060764312746,0.14434375762939453,0.16519060134887698,0.1420703411102295,0.156077241897583,0.16582762002944948
B_seen_anchor_unseen_family,183,29,AQ2,0.2578495740890503,0.06000000238418579,0.16503757238388062,0.06310004256306749,0.08784950971603395,0.10191423892974855,0.08664095997810364,0.04409173429012299,0.10507155656814576,0.10332829952239991,0.03691647648811341,0.09132009744644165,0.060697650909423834,0.042177224159240724,0.10390124320983887,0.10300370454788209,0.05430219769477845,0.028829032182693483,0.03691647648811341,0.0438132256269455,0.09766253232955933,0.061319375038146974,0.09132009744644165,0.08778368830680848,0.061271643638610845,0.0559546172618866,0.060697650909423834,0.07086706161499023
B_seen_anchor_unseen_family,183,32,AQ2,0.14543020725250244,-0.09000000357627869,0.3195577144622803,-0.12350901234001484,-0.09792847633361818,-0.16310003995895386,-0.15155410766601562,-0.153084135055542,-0.11499698162078859,-0.1386539101600647,-0.1293138384819031,-0.06911027431488037,-0.16021497249603273,-0.15654866695404054,-0.11356325149536134,-0.13942811489105225,-0.13073016405105592,-0.13296490907669067,-0.1293138384819031,-0.1274710774421692,-0.06176590919494629,-0.08631531596183778,-0.06911027431488037,-0.07278165817260743,-0.14392335414886476,-0.16981260776519777,-0.16021497249603273,-0.1498257637023926
B_seen_anchor_unseen_family,183,35,AQ2,0.08674883842468262,-0.18000000715255737,0.5689046382904053,-0.16406738165795962,-0.12965049743652343,-0.18526710271835328,-0.1352395296096802,-0.17102566957473755,-0.15665452480316164,-0.13014507293701172,-0.13385396003723146,-0.10012463331222535,-0.15273571014404297,-0.17266193628311158,-0.15094685554504395,-0.13074408769607546,-0.14285324811935426,-0.15881437063217163,-0.13385396003723146,-0.13912601470947267,-0.09791779518127441,-0.12898504734039307,-0.10012463331222535,-0.1044783115386963,-0.1409600853919983,-0.15990426540374758,-0.15273571014404297,-0.14784282445907593
B_seen_anchor_unseen_family,183,38,AQ2,0.008466005325317383,-0.2700000047683716,0.7635337829589844,-0.2642569620058447,-0.23010752201080323,-0.24175186157226564,-0.2798067569732666,-0.23936076164245607,-0.27446277141571046,-0.2603370189666748,-0.21214799880981447,-0.22581813335418702,-0.25914483070373534,-0.24329283237457278,-0.264901328086853,-0.2614645004272461,-0.2231916427612305,-0.22022106647491457,-0.21214799880981447,-0.21535894870758057,-0.23365535736083987,-0.23914837837219238,-0.22581813335418702,-0.229435133934021,-0.2587233066558838,-0.2556605339050293,-0.25914483070373534,-0.25452556610107424
B_seen_anchor_unseen_family,183,41,AQ2,-0.07744026184082031,-0.36000001430511475,0.815778923034668,-0.2589975839974426,-0.3179208278656006,-0.30624184608459476,-0.34560182094573977,-0.2719467639923096,-0.30252552032470703,-0.3135857105255127,-0.24271507263183595,-0.21916465759277345,-0.2833382844924927,-0.2735452651977539,-0.30083091259002687,-0.3147578239440918,-0.2517075538635254,-0.2386643886566162,-0.24271507263183595,-0.23780927658081055,-0.22370901107788088,-0.23276638984680176,-0.21916465759277345,-0.21790900230407717,-0.29743845462799073,-0.27421417236328127,-0.2833382844924927,-0.2709130048751831
B_seen_anchor_unseen_family,187,20,AQ3,-5.759681940078735,0.2700000286102295,0.15680735111236574,0.24014882101786467,0.2621455192565918,0.26304466724395753,0.280851411819458,0.2557828187942505,0.2738135099411011,0.2739027500152588,0.24766352176666262,0.25686159133911135,0.3100930690765381,0.2568246126174927,0.2689476013183594,0.2742335796356201,0.24713401794433595,0.21520299911499025,0.24766352176666262,0.23752806186676026,0.25637445449829105,0.22826526165008545,0.25686159133911135,0.24557933807373047,0.30968761444091797,0.26019992828369143,0.3100930690765381,0.29351420402526857
B_seen_anchor_unseen_family,187,23,AQ3,-5.836743593215942,0.18000000715255737,0.06471049785614014,0.1601957680644146,0.1888819217681885,0.22785723209381104,0.204233980178833,0.16466352939605713,0.17411105632781984,0.21602187156677247,0.16076689958572388,0.17834113836288454,0.23011813163757325,0.16347864866256714,0.16965088844299317,0.21622753143310547,0.1712787985801697,0.13385170698165894,0.16076689958572388,0.15902611017227175,0.17774615287780762,0.14655048847198487,0.17834113836288454,0.17083458900451662,0.23058104515075684,0.18676608800888062,0.23011813163757325,0.2212238311767578
B_seen_anchor_unseen_family,187,25,AQ3,-5.913505554199219,0.12000000476837158,0.021632295846939088,0.1105911523607456,0.17442599534988404,0.1666709065437317,0.15529966354370117,0.13846631050109864,0.13016440868377685,0.15783039331436158,0.11606614589691162,0.1459486722946167,0.1439536213874817,0.13515512943267824,0.12672767639160157,0.15789836645126343,0.13729751110076904,0.10097159147262574,0.11606614589691162,0.11851181983947755,0.14741284847259523,0.10013136863708497,0.1459486722946167,0.12918015718460082,0.1457311511039734,0.12223002910614014,0.1439536213874817,0.14528074264526367
B_seen_anchor_unseen_family,187,28,AQ3,0.28591418266296387,0.030000001192092896,0.004185621440410614,0.048463208187922734,0.08890880942344666,0.11184511184692383,0.09580968618392945,0.06337074041366578,0.09290376901626587,0.08439346551895142,0.017746341228485108,0.08650482892990113,0.05431087613105774,0.061126488447189334,0.09079372882843018,0.08412132263183594,0.030113315582275393,0.006314876675605774,0.017746341228485108,0.02094075381755829,0.08695399761199951,0.04862591922283173,0.08650482892990113,0.07497002482414246,0.05054752826690674,0.043710884451866154,0.05431087613105774,0.06156820058822632
B_seen_anchor_unseen_family,187,31,AQ3,0.16957426071166992,-0.06000000238418579,0.45783834457397465,-0.042434384410177044,0.002075016498565674,-0.030370819568634036,-0.05048664212226868,-0.023007631301879883,-0.04666728377342225,-0.017936068773269653,-0.0595242977142334,-0.004948461055755616,-0.04653803706169129,-0.026155519485473636,-0.045033967494964605,-0.018174487352371215,-0.04445702135562897,-0.07167762517929077,-0.0595242977142334,-0.05414889454841614,-0.006473523378372193,-0.020042043924331666,-0.004948461055755616,-0.010876178741455078,-0.04178357124328613,-0.05467239618301392,-0.04653803706169129,-0.037664830684661865
B_seen_anchor_unseen_family,187,34,AQ3,0.08872342109680176,-0.15000000000000002,0.36864848136901857,-0.12622131599648445,-0.1062082052230835,-0.08235902786254884,-0.09616122245788575,-0.12552400827407836,-0.11818420886993408,-0.07601725459098817,-0.12792603969573976,-0.05856035351753235,-0.10068142414093018,-0.12898925542831421,-0.11085984706878663,-0.07590240836143494,-0.13606754541397095,-0.14607226848602295,-0.12792603969573976,-0.12802064418792725,-0.06646913886070252,-0.08414084911346437,-0.05856035351753235,-0.06137970685958863,-0.10247451066970825,-0.10150417089462281,-0.10068142414093018,-0.09563816189765931
B_seen_anchor_unseen_family,187,36,AQ3,0.022344589233398438,-0.21000001430511475,1.3323984146118164,-0.2548217650219439,-0.15069465637207033,-0.15964896678924562,-0.20433654785156252,-0.30513806343078614,-0.2841479301452637,-0.2458270072937012,-0.21083798408508303,-0.18077348470687868,-0.2599466562271118,-0.3056736469268799,-0.2775704383850098,-0.2466447353363037,-0.21781001091003419,-0.2249072074890137,-0.21083798408508303,-0.21667110919952393,-0.17890799045562744,-0.19594163894653321,-0.18077348470687868,-0.18439414501190188,-0.2534722566604614,-0.2670334577560425,-0.2599466562271118,-0.25511980056762695
B_seen_anchor_unseen_family,187,39,AQ3,-0.06308388710021973,-0.30000000000000004,1.0622337341308594,-0.31413356399031966,-0.30738930702209477,-0.30242786407470706,-0.3456124305725098,-0.32124736309051516,-0.3587190866470337,-0.33857169151306155,-0.28121695518493656,-0.30319075584411626,-0.36345810890197755,-0.3208004713058472,-0.35437064170837407,-0.3397679328918457,-0.29347004890441897,-0.28013243675231936,-0.28121695518493656,-0.2822399616241455,-0.31107683181762696,-0.30312299728393555,-0.30319075584411626,-0.3032596349716187,-0.36146039962768556,-0.3569307327270508,-0.36345810890197755,-0.35957083702087406
B_seen_anchor_unseen_family,191,20,AQ3,-5.832157611846924,0.2700000286102295,0.15680735111236574,0.24014882101786467,0.2621455192565918,0.26304466724395753,0.280851411819458,0.2557828187942505,0.2738135099411011,0.2739027500152588,0.24766352176666262,0.25686159133911135,0.3100930690765381,0.2568246126174927,0.2689476013183594,0.2742335796356201,0.24345717430114747,0.21494529247283936,0.24766352176666262,0.23752806186676026,0.25753483772277835,0.2288928508758545,0.25686159133911135,0.24557933807373047,0.3078610897064209,0.2612135887145996,0.3100930690765381,0.29351420402526857
B_seen_anchor_unseen_family,191,23,AQ3,-5.915577173233032,0.18000000715255737,0.06471049785614014,0.16019576806441457,0.1888819217681885,0.22785723209381104,0.204233980178833,0.16466352939605713,0.17411105632781984,0.21602187156677247,0.16076689958572388,0.17834113836288454,0.23011813163757325,0.16347864866256714,0.16965088844299317,0.21622753143310547,0.17122480869293213,0.1320042848587036,0.16076689958572388,0.15902611017227175,0.1780649781227112,0.1482357621192932,0.17834113836288454,0.17083458900451662,0.23130602836608888,0.18914759159088135,0.23011813163757325,0.2212238311767578
B_seen_anchor_unseen_family,191,25,AQ3,0.3004739284515381,0.12000000476837158,0.021632295846939088,0.1105911523607456,0.17442599534988404,0.1666709065437317,0.15529966354370117,0.13846631050109864,0.13016440868377685,0.15783039331436158,0.11606614589691162,0.1459486722946167,0.1439536213874817,0.13515512943267824,0.12672767639160157,0.15789836645126343,0.1334179162979126,0.09937454462051393,0.11606614589691162,0.11851181983947755,0.1455984354019165,0.10220718383789062,0.1459486722946167,0.12918015718460082,0.1460106134414673,0.12144619226455688,0.1439536213874817,0.14528074264526367
B_seen_anchor_unseen_family,191,28,AQ3,0.20244407653808594,0.030000001192092896,0.004185621440410614,0.048463208187922706,0.08890880942344666,0.11184511184692383,0.09580968618392945,0.06337074041366578,0.09290376901626587,0.08439346551895142,0.017746341228485108,0.08650482892990113,0.05431087613105774,0.061126488447189334,0.09079372882843018,0.08412132263183594,0.029435741901397708,0.007242441177368164,0.017746341228485108,0.02094075381755829,0.08756887912750244,0.0505736529827118,0.08650482892990113,0.07497002482414246,0.0499393105506897,0.045487180352211,0.05431087613105774,0.06156820058822632
B_seen_anchor_unseen_family,191,31,AQ3,0.08827877044677734,-0.09000000357627869,0.5611466407775879,-0.09469644535570751,-0.057089102268219,-0.05255323052406311,-0.1128043532371521,-0.10590908527374268,-0.1218395471572876,-0.10059669017791749,-0.12571265697479247,-0.09300808906555176,-0.12482447624206544,-0.1083229660987854,-0.12164179086685181,-0.10121003389358521,-0.1238715171813965,-0.130609393119812,-0.12571265697479247,-0.12370240688323975,-0.09508182406425476,-0.09832413792610169,-0.09300808906555176,-0.09656098484992981,-0.11535464525222779,-0.13290460109710694,-0.12482447624206544,-0.11506537199020386
B_seen_anchor_unseen_family,191,34,AQ3,0.012164592742919922,-0.18000000715255737,0.5091040134429932,-0.1659367933627312,-0.12214522361755371,-0.11217336654663086,-0.13473145961761476,-0.1704594135284424,-0.14347418546676635,-0.10276069641113282,-0.13432879447937013,-0.09517183303833009,-0.1277002215385437,-0.17390980720520022,-0.1322155237197876,-0.10270106792449951,-0.14277676343917847,-0.14957960844039916,-0.13432879447937013,-0.13798543214797973,-0.09652538299560548,-0.12042689323425293,-0.09517183303833009,-0.10048153400421143,-0.11555860042572022,-0.13091766834259033,-0.1277002215385437,-0.12049140930175782
B_seen_anchor_unseen_family,191,36,AQ3,-0.041074275970458984,-0.24000000953674316,0.9465771675109864,-0.222754783795786,-0.21784253120422364,-0.18581938743591309,-0.20298588275909424,-0.19973719120025635,-0.21321606636047363,-0.23107986450195314,-0.1509058713912964,-0.13709280490875245,-0.21984832286834718,-0.19739487171173098,-0.21068665981292725,-0.23184828758239748,-0.15212161540985109,-0.17712452411651614,-0.1509058713912964,-0.1567873239517212,-0.14444413185119628,-0.1729190230369568,-0.13709280490875245,-0.1445772409439087,-0.2232311248779297,-0.2310116529464722,-0.21984832286834718,-0.21447386741638186
B_seen_anchor_unseen_family,191,39,AQ3,-0.11332178115844727,-0.33000001907348636,1.3257962226867677,-0.3470682514122209,-0.3640814304351807,-0.29723553657531737,-0.3443521022796631,-0.3800516128540039,-0.388427209854126,-0.38604938983917236,-0.3099656105041504,-0.32103466987609863,-0.3914355278015137,-0.37993750572204593,-0.38782501220703125,-0.3874059677124024,-0.318576192855835,-0.3133152008056641,-0.3099656105041504,-0.3128551006317139,-0.326740837097168,-0.3196811437606812,-0.32103466987609863,-0.318684196472168,-0.38446612358093263,-0.38952026367187503,-0.3914355278015137,-0.38917045593261723
B_seen_anchor_unseen_family,195,20,AQ4,0.383148193359375,0.2700000286102295,-0.11453810930252076,0.23041247854297772,0.26995348930358887,0.2596091985702515,0.27757081985473636,0.2543906927108765,0.25897357463836673,0.27504687309265136,0.24353723526000978,0.2511875629425049,0.2954254150390625,0.2553774118423462,0.25498528480529786,0.27554965019226074,0.24036014080047607,0.212434720993042,0.24353723526000978,0.2310191631317139,0.2520737171173096,0.2204309940338135,0.2511875629425049,0.23728582859039307,0.295558500289917,0.24702856540679932,0.2954254150390625,0.2752310514450073
B_seen_anchor_unseen_family,195,23,AQ4,0.2872992753982544,0.18000000715255737,0.14896708726882935,0.15362893234234914,0.19848520755767823,0.23007180690765383,0.20534024238586426,0.1605318784713745,0.16650711297988893,0.20735607147216797,0.1520680069923401,0.1744970202445984,0.2175020217895508,0.15974098443984985,0.16064035892486572,0.20772306919097902,0.1690411925315857,0.13183141946792604,0.1520680069923401,0.15386158227920532,0.17432098388671877,0.14296960830688477,0.1744970202445984,0.16507394313812257,0.21796760559082032,0.17882695198059084,0.2175020217895508,0.20726327896118166
B_seen_anchor_unseen_family,195,25,AQ4,0.22691267728805542,0.12000000476837158,0.056294685602188116,0.11694694213595867,0.15458540916442873,0.1534608006477356,0.13752348423004152,0.11895987987518311,0.11990008354187012,0.15901584625244142,0.11974431276321412,0.1519769310951233,0.15821433067321777,0.11580177545547486,0.11614725589752198,0.15911296606063843,0.13720284700393678,0.10281078815460205,0.11974431276321412,0.12223505973815918,0.15290131568908694,0.10515782833099366,0.1519769310951233,0.13381062746047975,0.1578691601753235,0.13441684246063232,0.15821433067321777,0.15655212402343752
B_seen_anchor_unseen_family,195,28,AQ4,0.1104230284690857,0.030000001192092896,0.08975843191146851,0.04541792587104718,0.06097301244735718,0.09060934782028199,0.0580193042755127,0.025471460819244385,0.06688773036003114,0.06751178503036499,0.0058743953704833984,0.07226206064224243,0.03189472854137421,0.022788411378860476,0.06623798608779907,0.06735128164291382,0.02049505412578583,-0.004939514398574829,0.0058743953704833984,0.010550057888031006,0.07112274169921876,0.03112865686416626,0.07226206064224243,0.05952229499816895,0.025010642409324647,0.024696418642997743,0.03189472854137421,0.03850078880786896
B_seen_anchor_unseen_family,195,31,AQ4,0.009970247745513916,-0.06000000238418579,0.36736645698547366,-0.034674376654426124,0.005233848094940186,-0.022761112451553347,-0.02716776728630066,-0.04026589393615723,-0.03843638896942139,-0.021923375129699708,-0.05496722459793091,-0.014665216207504272,-0.05113131999969483,-0.04203091859817505,-0.03813109397888184,-0.02212148904800415,-0.04591979682445527,-0.06500563621520997,-0.05496722459793091,-0.04936401247978211,-0.01559712290763855,-0.030360001325607303,-0.014665216207504272,-0.01960223913192749,-0.04751588106155396,-0.06251953244209289,-0.05113131999969483,-0.04307219386100769
B_seen_anchor_unseen_family,195,34,AQ4,-0.026966989040374756,-0.15000000000000002,0.26165499687194826,-0.13719717073993432,-0.10088834762573243,-0.07344764471054077,-0.09297897815704347,-0.1456984519958496,-0.11283130645751954,-0.07375207543373108,-0.14154882431030275,-0.07288004159927368,-0.1147095799446106,-0.1494850516319275,-0.10613913536071778,-0.07365859746932983,-0.1503061056137085,-0.1561058282852173,-0.14154882431030275,-0.1429581642150879,-0.07754456996917725,-0.0950141191482544,-0.07288004159927368,-0.07167254090309143,-0.11223607063293457,-0.11312279701232911,-0.1147095799446106,-0.10876425504684449
B_seen_anchor_unseen_family,195,36,AQ4,-0.07477456331253052,-0.21000001430511475,1.1511527061462403,-0.2570979060277489,-0.1603048324584961,-0.15181629657745363,-0.1834667444229126,-0.24388251304626465,-0.27863759994506837,-0.2404012441635132,-0.15947313308715821,-0.1805885672569275,-0.24601092338562014,-0.2456666946411133,-0.2739813089370728,-0.24103708267211915,-0.16274673938751222,-0.17900393009185792,-0.15947313308715821,-0.16559773683547974,-0.18170604705810547,-0.1973132610321045,-0.1805885672569275,-0.18505485057830812,-0.24631254673004152,-0.2538092613220215,-0.24601092338562014,-0.24125354290008547
B_seen_anchor_unseen_family,195,39,AQ4,-0.13649511337280273,-0.30000000000000004,1.321417045593262,-0.311825748771377,-0.290220308303833,-0.2904547214508057,-0.30965137481689453,-0.3016197204589844,-0.3565399646759033,-0.3298090934753418,-0.29193615913391113,-0.3042187213897705,-0.3420979976654053,-0.3013424634933472,-0.3549246311187744,-0.3317084312438965,-0.3024842500686646,-0.3019640684127808,-0.29193615913391113,-0.2970259428024292,-0.31088194847106937,-0.30015757083892824,-0.3042187213897705,-0.3014334917068482,-0.3396323680877686,-0.33381123542785646,-0.3420979976654053,-0.3384769439697266
B_seen_anchor_unseen_family,199,20,AQ4,0.4182535409927368,0.2700000047683716,-0.11453810930252076,0.26805196395273195,0.3137077331542969,0.2776998519897461,0.27194719314575194,0.2911487817764282,0.28815858364105223,0.27552433013916017,0.2638145208358765,0.2782567024230957,0.3151291608810425,0.2940991401672363,0.28390417098999027,0.27604055404663086,0.2626053333282471,0.24513275623321534,0.2638145208358765,0.258905816078186,0.2764504909515381,0.24555785655975343,0.2782567024230957,0.26600465774536136,0.31458835601806645,0.27503652572631837,0.3151291608810425,0.3011867761611939
B_seen_anchor_unseen_family,199,23,AQ4,0.3492840528488159,0.18000000715255737,0.14896708726882935,0.16133234068016922,0.18759135007858277,0.2152437686920166,0.1968617081642151,0.1524344325065613,0.16444555521011353,0.20244579315185549,0.1505670189857483,0.17392336130142214,0.21638209819793702,0.1509858012199402,0.15785949230194093,0.20284223556518555,0.1596487045288086,0.12992987632751465,0.1505670189857483,0.15159775018692018,0.1741162896156311,0.15125758647918702,0.17392336130142214,0.16648483276367188,0.21629278659820558,0.18201547861099243,0.21638209819793702,0.20622630119323732
B_seen_anchor_unseen_family,199,26,AQ4,0.22701090574264526,0.09000000357627869,0.16481143236160278,0.09059843369756122,0.10517646074295045,0.11061379909515381,0.08874151110649109,0.07328606843948364,0.08341645002365113,0.1333816647529602,0.07754313945770264,0.11331087350845337,0.13150155544281006,0.07069293260574341,0.08028996586799622,0.13362643718719483,0.10214077234268189,0.059686040878295904,0.07754313945770264,0.08149035573005677,0.1144350290298462,0.06588763594627381,0.11331087350845337,0.09606097936630249,0.13573174476623537,0.10640885829925538,0.13150155544281006,0.13002957105636598
B_seen_anchor_unseen_family,199,29,AQ4,0.13180071115493774,0.0,0.1269991397857666,0.03481471720051004,0.03828578591346741,0.07299183607101441,0.044553935527801514,0.007081514596939087,0.06823627948760987,0.05052127838134766,-0.016846784949302675,0.07106761932373047,0.017700743675231934,0.0041727364063262945,0.06788078546524048,0.05041283369064331,-0.001655903458595276,-0.026992845535278323,-0.016846784949302675,-0.012560847401618959,0.07502290010452271,0.027260243892669678,0.07106761932373047,0.057293713092803955,0.017853322625160217,0.009235584735870361,0.017700743675231934,0.026115363836288454
B_seen_anchor_unseen_family,199,32,AQ4,0.02279806137084961,-0.09000000357627869,0.19815851449966432,-0.057917587396873395,-0.01321331262588501,-0.04178066551685333,-0.05395996570587158,-0.0466577172279358,-0.07231470346450806,-0.03888190388679505,-0.06916850805282593,-0.032714074850082396,-0.06126623153686524,-0.04945219159126282,-0.0698233187198639,-0.03886173963546753,-0.05436882972717286,-0.08273756504058838,-0.06916850805282593,-0.06266543865203858,-0.034320640563964847,-0.049099606275558476,-0.032714074850082396,-0.03943199515342713,-0.058271718025207524,-0.06866835355758667,-0.06126623153686524,-0.05358300209045411
B_seen_anchor_unseen_family,199,35,AQ4,-0.06608295440673828,-0.18000000715255737,0.12681543827056885,-0.15240595806796967,-0.08329973220825196,-0.05341619253158569,-0.07619050145149231,-0.11340811252593995,-0.13689732551574707,-0.10525959730148315,-0.1393354892730713,-0.055388367176055914,-0.11088335514068604,-0.11959795951843262,-0.13184542655944825,-0.10518255233764649,-0.13974586725234986,-0.15586003065109255,-0.1393354892730713,-0.13751113414764404,-0.057933509349823,-0.07963229417800904,-0.055388367176055914,-0.05929674506187439,-0.11073945760726929,-0.11235425472259522,-0.11088335514068604,-0.10268759727478027
B_seen_anchor_unseen_family,199,38,AQ4,-0.15333038568496704,-0.2700000047683716,0.8059926986694337,-0.234239907442093,-0.17015460729599,-0.15726802349090577,-0.14971983432769775,-0.13588541746139526,-0.19218671321868896,-0.238307523727417,-0.14912341833114626,-0.13372658491134645,-0.22174856662750245,-0.13862531185150148,-0.19008854627609253,-0.23915674686431887,-0.15814152956008912,-0.16163525581359864,-0.14912341833114626,-0.15323785543441773,-0.14143426418304444,-0.16375365257263186,-0.13372658491134645,-0.14222823381423952,-0.23543162345886232,-0.22629189491271973,-0.22174856662750245,-0.21718275547027588
B_seen_anchor_unseen_family,199,41,AQ4,-0.24159538745880127,-0.36000001430511475,1.4444276809692385,-0.34589978696229795,-0.35251774787902834,-0.3408979415893555,-0.3654035568237305,-0.36754345893859863,-0.42398786544799805,-0.3926281452178955,-0.2939122200012207,-0.3320912599563599,-0.3874168634414673,-0.3678881645202637,-0.42130413055419924,-0.3935240268707276,-0.3093014240264893,-0.2995717763900757,-0.2939122200012207,-0.29793677330017093,-0.336170768737793,-0.3396432161331177,-0.3320912599563599,-0.3344590187072754,-0.3866921424865723,-0.3809084892272949,-0.3874168634414673,-0.38507492542266847
C_unseen_anchor_unseen_family,51,20,AQ6,-5.916214466094971,0.2700000286102295,0.12312017679214478,0.26090538798626073,0.24737119674682617,0.21405532360076907,0.26537907123565674,0.16463148593902588,0.24883060455322267,0.24619426727294924,0.18916375637054444,0.22878170013427734,0.26465926170349124,0.16716153621673585,0.2479045867919922,0.24709320068359375,0.18839051723480227,0.21824388504028322,0.18916375637054444,0.20768563747406008,0.22289130687713624,0.24957423210144045,0.22878170013427734,0.23734853267669678,0.26070604324340824,0.3006669282913208,0.26465926170349124,0.28536276817321776
C_unseen_anchor_unseen_family,51,23,AQ6,-6.007648229598999,0.18000000715255737,0.143967866897583,0.18345052267563036,0.15245984792709352,0.16925467252731324,0.16958208084106446,0.04925642013549805,0.11365691423416138,0.13705369234085082,0.11064324378967286,0.1550048589706421,0.19455974102020265,0.04843842387199402,0.11191245317459107,0.13809992074966432,0.10487682819366456,0.14233102798461914,0.11064324378967286,0.12190945148468019,0.1203627347946167,0.1568195700645447,0.1550048589706421,0.14436061382293702,0.162515664100647,0.19643434286117556,0.19455974102020265,0.18228633403778077
C_unseen_anchor_unseen_family,51,25,AQ6,-6.064185619354248,0.12000000476837158,-0.010834091156721116,0.1479974362921205,0.1126365900039673,0.10482962131500245,0.11299047470092774,0.06899402737617492,0.08789933919906617,0.1062971830368042,0.10121265649795533,0.1486950993537903,0.1455561399459839,0.06587381362915039,0.08618597984313965,0.10735034942626953,0.09179767370224,0.1277479410171509,0.10121265649795533,0.10934709310531616,0.100998854637146,0.15100290775299074,0.1486950993537903,0.13054609298706055,0.12612154483795165,0.1565469026565552,0.1455561399459839,0.15143593549728396
C_unseen_anchor_unseen_family,51,28,AQ6,-6.173877239227295,0.030000001192092896,0.03962638974189758,0.08023567196795867,0.05001669526100159,0.07012325525283813,0.0780946969985962,0.005951544642448426,0.04202428162097931,0.035303303599357606,0.0026404500007629395,0.0793405592441559,0.04185832440853119,0.00436822772026062,0.039852583408355714,0.03591911792755127,-0.0035946473479270937,0.018720924854278564,0.0026404500007629395,0.00926494002342224,0.04020486772060394,0.08363847732543946,0.0793405592441559,0.06848849058151245,0.03779232800006867,0.0394694596529007,0.04185832440853119,0.05172241926193238
C_unseen_anchor_unseen_family,51,31,AQ6,-6.264008522033691,-0.06000000238418579,0.574853515625,0.005621259036925164,0.007190656661987305,0.0003401815891265869,-0.004157346487045288,-0.02675832509994507,-0.027985703945159913,-0.010562127828598023,-0.06563394069671631,-0.009692054986953736,-0.03444584608078003,-0.031658250093460086,-0.029488539695739748,-0.010947132110595705,-0.07354584932327271,-0.050513398647308354,-0.06563394069671631,-0.05614785552024842,-0.02202730178833008,-0.014953756332397462,-0.009692054986953736,-0.014560258388519287,-0.03727872967720032,-0.022667282819747926,-0.03444584608078003,-0.024321937561035158
C_unseen_anchor_unseen_family,51,34,AQ6,-0.05083322525024414,-0.15000000000000002,1.0319723129272462,-0.07066394248138874,-0.03545286059379578,-0.058321154117584234,-0.020889021456241608,-0.02741207182407379,-0.06842372417449952,-0.022409090399742128,-0.12107148170471192,-0.07373488545417786,-0.10486948490142822,-0.031084418296813965,-0.0668297290802002,-0.022396701574325564,-0.12572813034057617,-0.10983362197875977,-0.12107148170471192,-0.11102824211120606,-0.09115493297576904,-0.06973877549171448,-0.07373488545417786,-0.0706305742263794,-0.1091160774230957,-0.09705904126167297,-0.10486948490142822,-0.0955304503440857
C_unseen_anchor_unseen_family,51,36,AQ6,-0.1288623809814453,-0.21000001430511475,1.33992338180542,-0.1345104434963546,-0.10036249160766603,-0.12298712730407715,-0.09219930768013002,-0.05806165933609009,-0.12105095386505127,-0.12308472394943237,-0.1299270749092102,-0.12282375097274781,-0.22933747768402102,-0.06015743613243103,-0.11861592531204224,-0.12330286502838135,-0.13623218536376955,-0.12518242597579957,-0.1299270749092102,-0.12306590080261232,-0.1361243963241577,-0.12203221321105957,-0.12282375097274781,-0.11869961023330688,-0.23328003883361817,-0.2241170883178711,-0.22933747768402102,-0.2219930171966553
C_unseen_anchor_unseen_family,51,39,AQ6,-0.23994207382202148,-0.30000000000000004,1.4333240509033205,-0.24796594996836807,-0.18462644815444948,-0.1972262501716614,-0.15939083099365237,-0.15072914361953738,-0.22195537090301515,-0.21191916465759278,-0.2566813945770264,-0.24427764415740968,-0.2788997173309326,-0.15302339792251587,-0.2230175018310547,-0.21177330017089846,-0.2552412509918213,-0.2578768730163574,-0.2566813945770264,-0.2550860404968262,-0.24670679569244386,-0.23042736053466797,-0.24427764415740968,-0.23398227691650392,-0.278318452835083,-0.28028216361999514,-0.2788997173309326,-0.27881410121917727
C_unseen_anchor_unseen_family,55,20,AQ6,-5.878690958023071,0.36000001430511475,0.12312017679214478,0.34969776074818715,0.3507756233215332,0.31258506774902345,0.3504665851593018,0.2469266653060913,0.2940243721008301,0.3127322673797608,0.2584093570709229,0.28780431747436525,0.3389653205871582,0.2499400615692139,0.29311523437500003,0.3137826442718506,0.2568527698516846,0.2729514122009277,0.2584093570709229,0.2702491283416748,0.28420917987823485,0.2993480205535889,0.28780431747436525,0.2907232761383057,0.3363396167755127,0.3590394020080567,0.3389653205871582,0.35088102817535405
C_unseen_anchor_unseen_family,55,23,AQ6,-5.982949495315552,0.2700000047683716,0.143967866897583,0.24349452704127714,0.24751620292663576,0.2429273843765259,0.2421792507171631,0.09594311714172364,0.2110698461532593,0.2113128185272217,0.15801982879638674,0.2289978265762329,0.25374679565429686,0.09564035534858704,0.20872428417205813,0.21245424747467043,0.15162250995635987,0.17832000255584718,0.15801982879638674,0.1661634922027588,0.20628511905670166,0.2307619571685791,0.2289978265762329,0.22019188404083254,0.22624211311340334,0.2561248540878296,0.25374679565429686,0.24238963127136232
C_unseen_anchor_unseen_family,55,27,AQ6,-6.109329462051392,0.15000000000000002,0.06803289651870728,0.17702369746231905,0.13586435317993165,0.13870093822479249,0.13810670375823975,0.08118953704833985,0.10990643501281738,0.12523608207702638,0.1238546371459961,0.170583713054657,0.15366693735122683,0.07951789498329163,0.10745768547058106,0.1260676383972168,0.11571463346481324,0.15286622047424317,0.1238546371459961,0.1314970135688782,0.12438116073608399,0.17452256679534914,0.170583713054657,0.15411406755447388,0.14027267694473267,0.1707607626914978,0.15366693735122683,0.16526743173599245
C_unseen_anchor_unseen_family,55,30,AQ6,-6.197960615158081,0.06000000238418579,0.17852301597595216,0.0920673858126654,0.08886229991912842,0.10860083103179932,0.12550239562988283,0.039470469951629644,0.06279752850532531,0.06998971700668336,0.028221058845520022,0.08869211673736573,0.06877615451812745,0.03671036362648011,0.059863150119781494,0.07044989466667176,0.02336360216140747,0.04686418771743775,0.028221058845520022,0.03705268502235413,0.06489563584327698,0.10500507354736328,0.08869211673736573,0.08958780169487,0.06433779001235962,0.07256172895431519,0.06877615451812745,0.08065857887268067
C_unseen_anchor_unseen_family,55,33,AQ6,6.2369608879089355,-0.09000000357627869,1.1244870185852052,-0.013709259297322963,-0.007575589418411255,-0.03111284375190735,0.005841886997222901,-0.04361687004566193,-0.03680534362792969,-0.021240395307540894,-0.10238094329833985,-0.05767711400985718,-0.08042387366294862,-0.04852010011672974,-0.04008339643478394,-0.021975731849670412,-0.11236068010330201,-0.07877748012542725,-0.10238094329833985,-0.0896929144859314,-0.06723008751869201,-0.0682145357131958,-0.05767711400985718,-0.06351391673088073,-0.08309760689735413,-0.0783158540725708,-0.08042387366294862,-0.07510548830032349
C_unseen_anchor_unseen_family,55,36,AQ6,6.158575057983398,-0.18000000715255737,1.499740505218506,-0.0745928276926111,-0.0673224687576294,-0.09814454317092897,-0.07253371477127075,-0.0628779411315918,-0.0674649715423584,-0.03836617469787598,-0.13990119695663453,-0.09486314058303834,-0.12343108654022217,-0.06488416194915772,-0.06603186130523682,-0.03888217508792877,-0.14427423477172852,-0.12895512580871582,-0.13990119695663453,-0.1295074224472046,-0.11002311706542969,-0.07392995357513428,-0.09486314058303834,-0.08263300061225892,-0.12658486366271973,-0.11472868919372559,-0.12343108654022217,-0.1156126618385315
C_unseen_anchor_unseen_family,55,40,AQ6,6.032419204711914,-0.30000000000000004,1.1055313110351563,-0.2952965004663914,-0.2387453317642212,-0.1844573497772217,-0.19122517108917236,-0.14274054765701294,-0.2506741046905518,-0.2373893976211548,-0.21708354949951172,-0.2525846004486084,-0.29155955314636234,-0.1473137378692627,-0.2498783826828003,-0.23689861297607423,-0.21660933494567872,-0.22562830448150636,-0.21708354949951172,-0.21414892673492433,-0.2582140922546387,-0.24642708301544192,-0.2525846004486084,-0.24211125373840334,-0.2915427923202515,-0.32290282249450686,-0.29155955314636234,-0.29263393878936766
C_unseen_anchor_unseen_family,55,43,AQ6,5.947684288024902,-0.3900000095367432,1.1797479629516603,-0.29694220651669084,-0.32776119709014895,-0.277384877204895,-0.2990170955657959,-0.27773051261901854,-0.2864855289459229,-0.3090958118438721,-0.2722240447998047,-0.2912736415863037,-0.3079373359680176,-0.28005921840667725,-0.2840780258178711,-0.3082091808319092,-0.27505064010620117,-0.28174002170562745,-0.2722240447998047,-0.2673048496246338,-0.2927910327911377,-0.28402745723724365,-0.2912736415863037,-0.27320704460144046,-0.3089474201202393,-0.31400926113128663,-0.3079373359680176,-0.3023356676101685
C_unseen_anchor_unseen_family,59,20,AQ7,0.3545694351196289,0.2700000286102295,0.054995167255401614,0.25605122699681554,0.258970308303833,0.21788675785064698,0.26236786842346194,0.16821385622024537,0.2268092155456543,0.2430269718170166,0.2108848571777344,0.24030394554138185,0.27811636924743655,0.170914101600647,0.22463817596435548,0.24454069137573242,0.2067354917526245,0.23537602424621584,0.2108848571777344,0.22698049545288088,0.23192548751831055,0.26359574794769286,0.24030394554138185,0.24955809116363525,0.2718630075454712,0.3144572734832764,0.27811636924743655,0.29990572929382325
C_unseen_anchor_unseen_family,59,23,AQ7,0.26883792877197266,0.18000000715255737,0.1343375325202942,0.17799791031493434,0.15629948377609254,0.15527522563934326,0.15763099193573,0.03548611998558045,0.10790826082229615,0.15599329471588136,0.13796544075012207,0.16886852979660036,0.20977065563201905,0.03657435774803162,0.1071035385131836,0.15744727849960327,0.12445014715194702,0.1636981010437012,0.13796544075012207,0.14707908630371094,0.13938623666763306,0.17404454946517944,0.16886852979660036,0.16288442611694337,0.184038782119751,0.22357692718505862,0.20977065563201905,0.21166462898254396
C_unseen_anchor_unseen_family,59,25,AQ7,0.19414401054382324,0.12000000476837158,0.05856481194496155,0.15036217411588093,0.11086128950119019,0.10308809280395509,0.10096876621246338,0.027122619748115542,0.07433463335037231,0.09852162599563599,0.09832178354263306,0.1448887586593628,0.1298539638519287,0.027311056852340698,0.07438971996307374,0.10034327507019043,0.09029009342193604,0.12298033237457276,0.09832178354263306,0.10545778274536133,0.10058716535568238,0.14922263622283935,0.1448887586593628,0.12887511253356934,0.11344982385635377,0.14619556665420533,0.1298539638519287,0.13948920965194703
C_unseen_anchor_unseen_family,59,28,AQ7,0.09475517272949219,0.030000001192092896,0.11934967041015626,0.07928945573956012,0.029955706000328066,0.024159860610961915,0.04266398251056672,-0.027332401275634768,0.03382130861282349,0.018426826596260073,0.0006027430295944214,0.06827030181884766,0.03747193217277527,-0.02703661322593689,0.03404533863067627,0.019398057460784913,-0.00459476113319397,0.01992352306842804,0.0006027430295944214,0.008654364943504333,0.03636369705200195,0.07984893918037415,0.06827030181884766,0.06400409936904908,0.032642921805381774,0.03141971230506897,0.03747193217277527,0.0461104691028595
C_unseen_anchor_unseen_family,59,31,AQ7,-0.003050565719604492,-0.06000000238418579,0.5854887962341309,0.01407245041538714,-0.0007317602634429933,-0.005093669891357422,0.026113134622573853,-0.024290791153907778,-0.01474306583404541,0.02594349980354309,-0.04061447679996491,0.011264944076538087,-0.012439906597137451,-0.027330303192138673,-0.013790261745452882,0.0256342351436615,-0.05276745557785034,-0.015125077962875367,-0.04061447679996491,-0.026885053515434267,-0.002996647357940674,0.006402599811553955,0.011264944076538087,0.006510019302368164,-0.023369938135147095,-0.00025000572204589847,-0.012439906597137451,-8.506178855895997e-05
C_unseen_anchor_unseen_family,59,34,AQ7,-0.0840446949005127,-0.15000000000000002,0.6989043235778809,-0.08009889362740749,-0.04884496629238129,-0.08261994123458863,-0.0400489091873169,-0.05592312812805176,-0.0720047652721405,-0.03594962358474731,-0.1231976866722107,-0.0857881784439087,-0.12291109561920166,-0.05815781354904175,-0.07100350856781006,-0.03624424040317536,-0.12765171527862548,-0.11471575498580933,-0.1231976866722107,-0.11385490894317628,-0.09557611942291261,-0.07725199460983277,-0.0857881784439087,-0.07749337553977967,-0.12435073852539064,-0.11212284564971925,-0.12291109561920166,-0.11236364841461183
C_unseen_anchor_unseen_family,59,36,AQ7,-0.15874218940734863,-0.21000001430511475,1.3845211029052735,-0.14703311000930644,-0.10670120716094972,-0.136910343170166,-0.06765447854995728,-0.09156325459480286,-0.11725374460220338,-0.11056408882141114,-0.13169074058532715,-0.11804457902908326,-0.2105269193649292,-0.09329719543457032,-0.11519949436187744,-0.11152989864349366,-0.134235680103302,-0.1284040927886963,-0.13169074058532715,-0.12248075008392334,-0.12425509691238404,-0.1096194624900818,-0.11804457902908326,-0.10558868646621705,-0.21082913875579834,-0.20593621730804446,-0.2105269193649292,-0.19916361570358276
C_unseen_anchor_unseen_family,59,39,AQ7,-0.25573134422302246,-0.30000000000000004,1.2080139160156251,-0.30154325923878733,-0.19542587995529176,-0.22138805389404298,-0.17653846740722656,-0.14374520778656005,-0.21770305633544923,-0.20433359146118166,-0.2152782440185547,-0.2409533739089966,-0.27545619010925293,-0.14783389568328859,-0.21612787246704102,-0.20442075729370118,-0.2158902645111084,-0.21993112564086914,-0.2152782440185547,-0.2104658365249634,-0.24241032600402834,-0.23601510524749758,-0.2409533739089966,-0.22830691337585451,-0.2746379613876343,-0.28728201389312746,-0.27545619010925293,-0.2729112386703491
C_unseen_anchor_unseen_family,63,20,AQ7,0.24268794059753418,0.18000000715255737,0.054995167255401614,0.2030839948272415,0.20227863788604739,0.15272219181060792,0.18042984008789065,0.04425509572029114,0.1426332712173462,0.14926122426986696,0.11884902715682984,0.17145581245422364,0.18974682092666628,0.04642516374588013,0.13987184762954713,0.1505760431289673,0.11399006843566895,0.14357277154922485,0.11884902715682984,0.13341917991638183,0.16426050662994385,0.1953537702560425,0.17145581245422364,0.1827975630760193,0.18271417617797853,0.22457051277160645,0.18974682092666628,0.21023106575012207
C_unseen_anchor_unseen_family,63,22,AQ7,0.17847895622253418,0.12000000476837158,0.19278388023376467,0.13856261448409793,0.10450410842895508,0.08973873257637024,0.10266703367233276,-0.0065545797348022464,0.05614498853683472,0.0890188992023468,0.0673520565032959,0.10322552919387817,0.1277809739112854,-0.004493468999862671,0.05370079278945923,0.09051837921142579,0.05975894927978516,0.10394510030746461,0.0673520565032959,0.08421740531921387,0.08380277156829835,0.11729594469070435,0.10322552919387817,0.1070345163345337,0.1117546558380127,0.1553700566291809,0.1277809739112854,0.13909250497817993
C_unseen_anchor_unseen_family,63,25,AQ7,0.08183622360229492,0.030000001192092896,0.05856481194496155,0.0619501023925583,0.00181063711643219,0.007307159900665283,0.0052951425313949585,-0.0706167995929718,-0.01668907254934311,0.01058100163936615,-0.019848796725273135,0.03191688060760498,0.05193194150924683,-0.06984536647796631,-0.01673296242952347,0.012436404824256897,-0.024453851580619815,-0.0038502275943756107,-0.019848796725273135,-0.016943898797035218,-0.00472155511379242,0.03616304099559784,0.03191688060760498,0.018820978701114655,0.03686689138412476,0.06582499742507934,0.05193194150924683,0.06131749749183655
C_unseen_anchor_unseen_family,63,27,AQ7,0.017743349075317383,-0.030000001192092896,0.13163771629333496,0.03353968366462848,-0.02717415988445282,-0.03909598886966706,0.0017886430025100708,-0.08644245862960816,-0.01609758287668228,-0.017483893036842345,-0.06129729747772217,0.031152573227882386,0.012704318761825562,-0.0874709725379944,-0.016239443421363832,-0.016586562991142275,-0.07060924172401428,-0.035462686419487,-0.06129729747772217,-0.05097953081130982,-0.006968039274215698,0.04056662321090698,0.031152573227882386,0.02276674509048462,0.004800616204738617,0.013062423467636109,0.012704318761825562,0.023683059215545657
C_unseen_anchor_unseen_family,63,30,AQ7,-0.08026933670043945,-0.09000000357627869,0.03845289051532746,-0.021872609334225482,-0.035496008396148686,-0.032846036553382876,-0.01527864933013916,-0.07202538847923279,-0.046594452857971196,-0.057595318555831915,-0.06450762748718263,-0.017931199073791506,-0.06140445470809937,-0.07390390038490295,-0.044729489088058474,-0.057365196943283084,-0.07610332369804383,-0.05036868453025818,-0.06450762748718263,-0.05458641052246094,-0.052092444896698,-0.007214093208312989,-0.017931199073791506,-0.019886326789855958,-0.07247977256774903,-0.04609196782112122,-0.06140445470809937,-0.048101198673248295
C_unseen_anchor_unseen_family,63,32,AQ7,-0.11147928237915039,-0.15000000000000002,1.0440411567687988,-0.11888844226567322,-0.10539041757583618,-0.0926846206188202,-0.052537965774536136,-0.16206582784652712,-0.10983544588088989,-0.11961053609848023,-0.15817151069641114,-0.11305902004241944,-0.16314139366149905,-0.16595141887664797,-0.11109070777893067,-0.1194692850112915,-0.16900055408477785,-0.1402291536331177,-0.15817151069641114,-0.1490835189819336,-0.11893470287322999,-0.12772009372711182,-0.11305902004241944,-0.12024952173233033,-0.16115474700927734,-0.1575178384780884,-0.16314139366149905,-0.1584314823150635
C_unseen_anchor_unseen_family,63,35,AQ7,-0.19406437873840332,-0.24000000953674316,1.2727889060974122,-0.1279783146093335,-0.12455743551254272,-0.1633915901184082,-0.11191294193267823,-0.15316017866134646,-0.13708186149597168,-0.11290986537933351,-0.21353831291198733,-0.15283007621765138,-0.19427201747894288,-0.15397759675979616,-0.13621923923492432,-0.11392590999603272,-0.221713924407959,-0.1966092348098755,-0.21353831291198733,-0.19981603622436525,-0.16610252857208252,-0.1445173740386963,-0.15283007621765138,-0.14664479494094848,-0.1962047815322876,-0.1796996831893921,-0.19427201747894288,-0.17621986865997316
C_unseen_anchor_unseen_family,63,37,AQ7,-0.27117204666137695,-0.30000000000000004,1.345130443572998,-0.2654489896344846,-0.20537889003753662,-0.16188184022903443,-0.12170799970626832,-0.16344515085220337,-0.21971867084503174,-0.2048482894897461,-0.2261667251586914,-0.25299596786499023,-0.297698450088501,-0.16700109243392947,-0.21579182147979736,-0.20580267906188965,-0.22843983173370364,-0.23860340118408205,-0.2261667251586914,-0.22649383544921875,-0.25919437408447266,-0.24818353652954103,-0.25299596786499023,-0.24315893650054932,-0.2968655586242676,-0.33009977340698243,-0.297698450088501,-0.3050461292266846
C_unseen_anchor_unseen_family,131,20,AQ6,-5.876327991485596,0.2700000286102295,0.11948754787445069,0.25485908381386,0.25211749076843265,0.22881908416748048,0.2638734817504883,0.20539426803588867,0.25883116722106936,0.2582683324813843,0.19672070741653444,0.23139894008636475,0.260243034362793,0.20766851902008057,0.2572382688522339,0.25886409282684325,0.20370349884033204,0.19216116666793825,0.19672070741653444,0.2125706434249878,0.23248577117919922,0.22209463119506836,0.23139894008636475,0.236872935295105,0.26492600440979003,0.2518053770065308,0.260243034362793,0.27867746353149414
C_unseen_anchor_unseen_family,131,23,AQ6,-5.982575416564941,0.18000000715255737,0.13271141052246094,0.1727588990667936,0.16920497417449953,0.18509175777435305,0.16394203901290894,0.07323993444442749,0.1219149112701416,0.14883661270141602,0.11253020763397217,0.15048580169677736,0.18796203136444092,0.07375304698944092,0.11960235834121705,0.14916954040527344,0.10932939052581787,0.10262510776519776,0.11253020763397217,0.12179932594299317,0.12716832160949706,0.11752359867095948,0.15048580169677736,0.1394441843032837,0.16036611795425415,0.15176396369934084,0.18796203136444092,0.17371281385421755
C_unseen_anchor_unseen_family,131,25,AQ6,-6.041642189025879,0.12000000476837158,-0.013849914073944092,0.13653360908933135,0.13123054504394532,0.1270068645477295,0.11379733085632325,0.07907066345214844,0.09424188137054444,0.11527218818664552,0.10487591028213501,0.14807342290878298,0.1522928833961487,0.07732731699943543,0.0931539535522461,0.11596182584762574,0.1019973397254944,0.09419339299201966,0.10487591028213501,0.11121312379837037,0.11727554798126222,0.09796212315559388,0.14807342290878298,0.12963762283325195,0.1358223795890808,0.12101210355758668,0.1522928833961487,0.14887008666992188
C_unseen_anchor_unseen_family,131,28,AQ6,-6.155340194702148,0.030000001192092896,-0.01774408519268036,0.06807754108279428,0.06457146406173707,0.08910394906997682,0.08014611005783082,0.015278573334217073,0.05433229207992554,0.044652658700942996,0.011204692721366883,0.0843905508518219,0.04742885529994965,0.013967987895011903,0.05401594638824463,0.04521259069442749,0.006420150399208069,0.00373007208108902,0.011204692721366883,0.01622757911682129,0.057989054918289186,0.04739831984043122,0.0843905508518219,0.07194558382034302,0.04514362514019013,0.04177280068397522,0.04742885529994965,0.05605265498161316
C_unseen_anchor_unseen_family,131,31,AQ6,-6.2466020584106445,-0.06000000238418579,0.3565699577331543,-0.018224053042961652,0.021871769428253175,0.008634728193283082,0.013952648639678955,-0.0284274697303772,-0.02607080936431885,-9.216666221618653e-05,-0.06323277950286865,-0.0055882930755615234,-0.037207973003387455,-0.0319095253944397,-0.02500702738761902,-0.0002472043037414551,-0.066100811958313,-0.0722578227519989,-0.06323277950286865,-0.05450260639190674,-0.012563014030456544,-0.0168487548828125,-0.0055882930755615234,-0.010412049293518067,-0.037951058149337774,-0.043627220392227176,-0.037207973003387455,-0.028310805559158325
C_unseen_anchor_unseen_family,131,34,AQ6,-0.0450291633605957,-0.15000000000000002,1.3986881256103516,-0.015956915603030863,-0.0910494089126587,-0.07018260955810547,-0.0579133152961731,-0.12606005668640138,-0.04635211527347565,-0.03266655802726746,-0.11689406633377075,-0.011315806210041046,-0.06482903957366944,-0.13130536079406738,-0.045304521918296814,-0.03318300247192383,-0.11912467479705811,-0.13033754825592042,-0.11689406633377075,-0.11313489675521851,-0.01799164563417435,-0.030813300609588624,-0.011315806210041046,-0.01576170176267624,-0.0672995924949646,-0.06674423217773438,-0.06482903957366944,-0.05925921797752381
C_unseen_anchor_unseen_family,131,36,AQ6,-0.11150503158569336,-0.21000001430511475,1.0155750274658204,-0.1814687086040928,-0.140343713760376,-0.1627617120742798,-0.14046256542205812,-0.14977983236312867,-0.17543081045150757,-0.18544620275497437,-0.1580730676651001,-0.16427266597747803,-0.26775646209716797,-0.15129961967468264,-0.17709281444549563,-0.1857832431793213,-0.15739030838012696,-0.1670165777206421,-0.1580730676651001,-0.15484793186187745,-0.1679753065109253,-0.1768627166748047,-0.16427266597747803,-0.1693122386932373,-0.2687706470489502,-0.2724762916564942,-0.26775646209716797,-0.2608604669570923
C_unseen_anchor_unseen_family,131,39,AQ6,-0.18663382530212402,-0.30000000000000004,1.1440160751342774,-0.270011137696359,-0.23930921554565432,-0.21043288707733154,-0.2206378698348999,-0.19781676530838013,-0.23609614372253418,-0.2212170124053955,-0.20650205612182618,-0.24077436923980713,-0.26097109317779543,-0.19825023412704468,-0.2336425304412842,-0.22105953693389893,-0.20211603641510012,-0.20825853347778323,-0.20650205612182618,-0.2009816646575928,-0.23718919754028323,-0.24791364669799806,-0.24077436923980713,-0.23611340522766114,-0.25801169872283936,-0.2608663558959961,-0.26097109317779543,-0.25925440788269044
C_unseen_anchor_unseen_family,135,20,AQ6,-5.903391361236572,0.36000001430511475,0.11948754787445069,0.34365145657578644,0.346725606918335,0.32382280826568605,0.3408705711364746,0.2834010124206543,0.2998342514038086,0.32020645141601567,0.2651256322860718,0.2889261722564697,0.3325543880462647,0.28621573448181153,0.29822037220001224,0.3209712505340576,0.2686450004577637,0.2634132862091065,0.2651256322860718,0.27512774467468265,0.2872009754180908,0.28438396453857423,0.2889261722564697,0.2901453018188477,0.33482322692871097,0.3304731845855713,0.3325543880462647,0.34372792243957523
C_unseen_anchor_unseen_family,135,23,AQ6,-6.007140636444092,0.2700000047683716,0.13271141052246094,0.23280290343244034,0.25989456176757814,0.25295400619506836,0.2320950269699097,0.1165824294090271,0.212890362739563,0.2170466184616089,0.15958369970321656,0.2236278772354126,0.24724977016448976,0.11727875471115112,0.2100630521774292,0.21749582290649416,0.15838999748229982,0.15265377759933474,0.15958369970321656,0.16573684215545656,0.2080035448074341,0.20001955032348634,0.2236278772354126,0.21447505950927737,0.22012157440185548,0.2188422441482544,0.24724977016448976,0.2340394973754883
C_unseen_anchor_unseen_family,135,27,AQ6,-6.139086961746216,0.15000000000000002,0.06764004230499268,0.15699425315049156,0.14226598739624025,0.14775824546813965,0.1305009126663208,0.09327892065048218,0.11230201721191407,0.12628593444824218,0.12494870424270631,0.16750748157501222,0.15343207120895386,0.09167484045028687,0.11035888195037842,0.12692785263061523,0.12238603830337524,0.1127063274383545,0.12494870424270631,0.12982162237167358,0.13597021102905274,0.11841471195220948,0.16750748157501222,0.14948368072509766,0.14790327548980714,0.1359863042831421,0.15343207120895386,0.16113097667694093
C_unseen_anchor_unseen_family,135,30,AQ6,-6.229157447814941,0.06000000238418579,0.13639984130859376,0.07750834062081804,0.10569983720779419,0.1306711196899414,0.12883424758911133,0.03615193068981171,0.07576452493667603,0.07860034704208374,0.03260343670845032,0.09576414823532105,0.07101367712020874,0.03404855728149414,0.0742037296295166,0.07882539033889771,0.03138518035411835,0.025914621353149415,0.03260343670845032,0.04062728881835938,0.07929776906967163,0.0652236580848694,0.09576414823532105,0.09060829281806947,0.07026363611221313,0.06457486152648927,0.07101367712020874,0.08195277452468873
C_unseen_anchor_unseen_family,135,33,AQ6,6.219902992248535,-0.09000000357627869,0.6045022487640381,-0.08268579643703858,-0.04096391201019287,-0.08829037547111512,-0.11997911930084229,-0.07945398092269898,-0.10966054201126099,-0.13814679384231568,-0.12082688808441162,-0.11163280010223389,-0.15798835754394533,-0.08032989501953125,-0.1132326602935791,-0.13843235969543458,-0.12017500400543213,-0.12341798543930055,-0.12082688808441162,-0.11703350543975831,-0.1153918743133545,-0.12206587791442872,-0.11163280010223389,-0.11655039787292482,-0.1585278630256653,-0.16363710165023804,-0.15798835754394533,-0.15000108480453492
C_unseen_anchor_unseen_family,135,36,AQ6,6.139718532562256,-0.18000000715255737,1.1598392486572267,-0.1104134074302067,-0.10958492755889893,-0.14245843887329102,-0.08968741893768312,-0.10569006204605103,-0.11555191278457642,-0.0824581801891327,-0.12080290317535401,-0.0984052300453186,-0.14972031116485596,-0.11027014255523682,-0.11177239418029786,-0.08202509880065918,-0.1239906907081604,-0.1342158317565918,-0.12080290317535401,-0.11682246923446656,-0.10171357393264771,-0.11032286882400513,-0.0984052300453186,-0.1035193681716919,-0.14930135011672974,-0.15485045909881592,-0.14972031116485596,-0.141416335105896
C_unseen_anchor_unseen_family,135,40,AQ6,6.046217441558838,-0.30000000000000004,0.8451420783996583,-0.2958075962736475,-0.27773566246032716,-0.20811488628387453,-0.22448694705963135,-0.2692059755325317,-0.2905181646347046,-0.2491283416748047,-0.2647336721420288,-0.3019068241119385,-0.31243076324462893,-0.27244505882263187,-0.2879525899887085,-0.24956409931182863,-0.2638283729553223,-0.2638948678970337,-0.2647336721420288,-0.258884334564209,-0.303494930267334,-0.3091157913208008,-0.3019068241119385,-0.2991377592086792,-0.31198852062225346,-0.3121231079101563,-0.31243076324462893,-0.3118626594543457
C_unseen_anchor_unseen_family,135,43,AQ6,5.968721151351929,-0.3900000095367432,0.9163165092468262,-0.3346100288542835,-0.2932765960693359,-0.22500219345092776,-0.2330401420593262,-0.27587251663208007,-0.2621787548065186,-0.2910905361175537,-0.27097411155700685,-0.28395981788635255,-0.3200568675994873,-0.2781525135040283,-0.26385812759399413,-0.29161720275878905,-0.2695034027099609,-0.27344594001770023,-0.27097411155700685,-0.2661826372146607,-0.2821406126022339,-0.29254989624023436,-0.28395981788635255,-0.27964625358581546,-0.32108469009399415,-0.319952392578125,-0.3200568675994873,-0.3217807769775391
C_unseen_anchor_unseen_family,139,20,AQ7,0.3379402160644531,0.2700000286102295,-0.02351842224597931,0.23385937869979118,0.25840671062469484,0.23209090232849122,0.2548299074172974,0.2000598907470703,0.2428694248199463,0.25495784282684325,0.21539247035980225,0.2432396173477173,0.2759110927581787,0.20185606479644777,0.2387540340423584,0.25570044517517093,0.22131829261779787,0.20863449573516846,0.21539247035980225,0.22961575984954835,0.242050838470459,0.23145618438720705,0.2432396173477173,0.24929563999176027,0.2802008628845215,0.26788194179534913,0.2759110927581787,0.2963639497756958
C_unseen_anchor_unseen_family,139,23,AQ7,0.24274539947509766,0.18000000715255737,0.10177066326141358,0.1572996195870261,0.158095121383667,0.1706324815750122,0.14985035657882692,0.05821371674537659,0.12227731943130493,0.17140711545944215,0.14095532894134521,0.17134436368942263,0.20992646217346192,0.059661400318145756,0.11888016462326051,0.17203387022018435,0.1328517198562622,0.12778521776199342,0.14095532894134521,0.14881856441497804,0.15168191194534303,0.14468326568603515,0.17134436368942263,0.1625910758972168,0.1964449167251587,0.1893996000289917,0.20992646217346192,0.20909550189971926
C_unseen_anchor_unseen_family,139,25,AQ7,0.17258167266845703,0.12000000476837158,-0.029466670751571656,0.13133628147513843,0.11297580003738404,0.1144413709640503,0.09122207164764405,0.03915359079837799,0.09135238528251649,0.11241705417633058,0.10478651523590088,0.15094083547592163,0.1344334363937378,0.039242815971374516,0.08992961049079895,0.11333286762237549,0.09769272208213807,0.09433666467666627,0.10478651523590088,0.1116694450378418,0.11468892097473145,0.10408904552459718,0.15094083547592163,0.13445373773574829,0.12720868587493897,0.11980218887329103,0.1344334363937378,0.1447251558303833
C_unseen_anchor_unseen_family,139,28,AQ7,0.06967043876647949,0.030000001192092896,0.1006698489189148,0.05691521272052618,0.020951864123344422,0.03822485208511353,0.0309390664100647,-0.02390543818473816,0.03176118135452271,0.015821391344070436,0.0008889347314834595,0.06968271136283875,0.03284658789634705,-0.023753541707992556,0.031776875257492065,0.016618198156356814,-0.0002587974071502686,-0.006946690380573273,0.0008889347314834595,0.008321806788444519,0.04806782603263855,0.03142717778682709,0.06968271136283875,0.06023024320602417,0.03197321891784668,0.02857135832309723,0.03284658789634705,0.04041838943958283
C_unseen_anchor_unseen_family,139,31,AQ7,-0.021854877471923828,-0.06000000238418579,0.3332612752914429,-0.020567970777950764,-0.005696123838424683,-0.03140836358070374,0.0025535285472869877,-0.035832762718200684,-0.026062870025634767,0.016285109519958495,-0.04745103418827057,0.007094043493270874,-0.019107300043106082,-0.037908294796943666,-0.02182881832122803,0.016453397274017335,-0.049743497371673585,-0.05758746862411499,-0.04745103418827057,-0.03554717600345612,0.0007751703262329102,-0.0037936329841613773,0.007094043493270874,0.0030786752700805668,-0.02097756862640381,-0.028459009528160096,-0.019107300043106082,-0.008945661783218385
C_unseen_anchor_unseen_family,139,34,AQ7,-0.10305190086364746,-0.15000000000000002,1.2067678451538086,-0.03257138965231595,-0.10406944751739503,-0.11088392734527588,-0.07176559567451478,-0.11636383533477784,-0.061826282739639284,-0.04146663248538971,-0.11176996231079102,0.001967604458332062,-0.050614142417907716,-0.12166789770126343,-0.057412040233612065,-0.04148814082145691,-0.11497645378112793,-0.1252608299255371,-0.11176996231079102,-0.11081492900848389,-0.0012428387999534607,-0.01533872038125992,0.001967604458332062,0.0009240329265594483,-0.04725745916366578,-0.054497730731964115,-0.050614142417907716,-0.03910350799560547
C_unseen_anchor_unseen_family,139,36,AQ7,-0.16804051399230957,-0.21000001430511475,1.3267556190490724,-0.18794348381324572,-0.14446637630462647,-0.17546162605285645,-0.1381806254386902,-0.15090326070785523,-0.19082630872726442,-0.18787137269973755,-0.17200243473052979,-0.17397122383117677,-0.25866739749908446,-0.1533925771713257,-0.18788022994995118,-0.1885080099105835,-0.17220572233200074,-0.18117103576660157,-0.17200243473052979,-0.16907868385314942,-0.1745886206626892,-0.18801321983337405,-0.17397122383117677,-0.17145423889160158,-0.25995788574218753,-0.2616579532623291,-0.25866739749908446,-0.25300562381744385
C_unseen_anchor_unseen_family,139,39,AQ7,-0.2504861354827881,-0.30000000000000004,1.2120884895324708,-0.3016748082085472,-0.28743848800659183,-0.23118691444396974,-0.23655691146850588,-0.22946414947509766,-0.28169803619384765,-0.2392133712768555,-0.2508272647857666,-0.2682489395141602,-0.27125709056854247,-0.23051478862762453,-0.27958269119262696,-0.23953022956848147,-0.24777367115020754,-0.2517259120941162,-0.2508272647857666,-0.25161664485931395,-0.26630823612213134,-0.27648744583129886,-0.2682489395141602,-0.26369352340698243,-0.272905158996582,-0.2717036485671997,-0.27125709056854247,-0.27575776576995853
C_unseen_anchor_unseen_family,143,20,AQ7,0.253342866897583,0.18000000715255737,-0.02351842224597931,0.18089214653021704,0.20515642166137696,0.16920242309570313,0.17463948726654055,0.073410964012146,0.16074554920196535,0.16240577697753908,0.1234446406364441,0.17494087219238283,0.18747874498367312,0.07472501397132873,0.155944299697876,0.16294395923614502,0.12783827781677246,0.11882861852645875,0.1234446406364441,0.136143434047699,0.17261862754821777,0.16066648960113528,0.17494087219238283,0.18267555236816407,0.1933607578277588,0.1775347113609314,0.18747874498367312,0.2064979076385498
C_unseen_anchor_unseen_family,143,22,AQ7,0.1931908130645752,0.12000000476837158,0.14864151477813722,0.11491668834837739,0.10380280017852783,0.1078688144683838,0.09435217380523682,0.027372902631759646,0.0698025405406952,0.10458496809005738,0.06653722524642945,0.09996487498283387,0.11987161636352539,0.028282260894775393,0.06439492702484131,0.1051120400428772,0.07349319458007812,0.05523115396499634,0.06653722524642945,0.08291174173355104,0.09199830293655396,0.07363181114196778,0.09996487498283387,0.10084465742111207,0.11538951396942139,0.1003770112991333,0.11987161636352539,0.12939916849136354
C_unseen_anchor_unseen_family,143,25,AQ7,0.09366679191589355,0.030000001192092896,-0.029466670751571656,0.04292420975181577,0.0027489542961120607,0.015853655338287354,-0.004800340533256531,-0.06117825508117676,0.0001880660653114319,0.02413046360015869,-0.013560190796852112,0.0374966025352478,0.05555526018142701,-0.06063562631607056,-0.001085503399372101,0.025074160099029543,-0.01354985535144806,-0.019275015592575075,-0.013560190796852112,-0.010633301734924317,0.013667431473731995,-0.002973303198814392,0.0374966025352478,0.02407371997833252,0.04930389523506165,0.038823196291923524,0.05555526018142701,0.06558122634887696
C_unseen_anchor_unseen_family,143,27,AQ7,0.026266098022460938,-0.030000001192092896,0.08191205263137818,0.012390737892971704,-0.03251913785934448,-0.02363611161708832,-0.006506583094596863,-0.07522809505462646,-0.010832133889198304,-0.014405503869056702,-0.06063504815101624,0.030958580970764163,0.00747910737991333,-0.07612183094024659,-0.011346682906150818,-0.013992163538932801,-0.06231074333190918,-0.07121334075927735,-0.06063504815101624,-0.050684249401092535,0.003215853869915009,-0.013918347656726837,0.030958580970764163,0.020862889289855958,0.005377013981342316,-0.0021916761994361877,0.00747910737991333,0.0176451176404953
C_unseen_anchor_unseen_family,143,30,AQ7,-0.0721733570098877,-0.09000000357627869,-0.026170757412910462,-0.04509204675899954,-0.04221855401992798,-0.0314666360616684,-0.029487925767898562,-0.07892448902130128,-0.04737834930419922,-0.05439451932907105,-0.06334178447723389,-0.020380109548568726,-0.06515238881111145,-0.07996239066123963,-0.043897658586502075,-0.054143893718719485,-0.0661114752292633,-0.07223384380340576,-0.06334178447723389,-0.05407602787017823,-0.03331588506698609,-0.047374296188354495,-0.020380109548568726,-0.021510040760040285,-0.06502754092216492,-0.07184826731681825,-0.06515238881111145,-0.05192276239395142
C_unseen_anchor_unseen_family,143,32,AQ7,-0.1012566089630127,-0.15000000000000002,0.7170285224914551,-0.16374366502845225,-0.1271439075469971,-0.13942334651947022,-0.14347318410873414,-0.18003324270248414,-0.14593217372894288,-0.17665705680847169,-0.182976508140564,-0.13897699117660522,-0.20020453929901125,-0.18208845853805544,-0.14580496549606323,-0.17652676105499268,-0.18186042308807374,-0.18348050117492676,-0.182976508140564,-0.1816339731216431,-0.1397094011306763,-0.14368098974227905,-0.13897699117660522,-0.14547102451324465,-0.20095679759979249,-0.19960044622421266,-0.20020453929901125,-0.19533905982971192
C_unseen_anchor_unseen_family,143,35,AQ7,-0.16301178932189941,-0.24000000953674316,1.073580551147461,-0.12641688966402614,-0.1715896248817444,-0.17389249801635742,-0.13803350925445557,-0.1567708969116211,-0.14871253967285156,-0.13431947231292726,-0.15218656063079836,-0.08119645714759827,-0.1790638566017151,-0.1577675461769104,-0.1456093192100525,-0.13594826459884643,-0.15501939058303835,-0.1647218704223633,-0.15218656063079836,-0.15056207180023196,-0.0856129288673401,-0.09707796573638916,-0.08119645714759827,-0.08155282139778137,-0.17856808900833132,-0.17998497486114504,-0.1790638566017151,-0.17088946104049685
C_unseen_anchor_unseen_family,143,37,AQ7,-0.22433209419250488,-0.30000000000000004,1.4293046951293946,-0.27038403188297616,-0.2520587921142578,-0.22172372341156008,-0.22285087108612062,-0.18306531906127932,-0.28677499294281006,-0.2504649877548218,-0.21963815689086916,-0.2738935708999634,-0.3114449977874756,-0.18461073637008668,-0.2872703313827515,-0.2518185138702393,-0.2198363780975342,-0.2266063690185547,-0.21963815689086916,-0.21682164669036866,-0.2751569986343384,-0.28050591945648196,-0.2738935708999634,-0.2776463508605957,-0.3128973484039307,-0.31023383140563965,-0.3114449977874756,-0.31214590072631837
C_unseen_anchor_unseen_family,211,20,AQ6,-5.734071493148804,0.2700000286102295,0.08141022324562074,0.23697543032939006,0.26242616176605227,0.26464662551879886,0.28536548614501955,0.2734468698501587,0.274572491645813,0.2823861360549927,0.21962690353393555,0.25069730281829833,0.28702304363250736,0.27511157989501955,0.2714373588562012,0.2828107833862305,0.23541603088378907,0.20338773727416992,0.21962690353393555,0.22344603538513186,0.25258650779724123,0.22526469230651858,0.25069730281829833,0.23944239616394045,0.3018813610076905,0.2561624526977539,0.28702304363250736,0.2823259592056275
C_unseen_anchor_unseen_family,211,23,AQ6,-5.78449559211731,0.18000000715255737,0.14717211723327636,0.1517915007198788,0.17990844249725343,0.21850371360778809,0.18570433855056764,0.14671590328216552,0.1410688877105713,0.19319636821746827,0.12254598140716554,0.1468471169471741,0.18630812168121338,0.1459718108177185,0.13831567764282227,0.19342433214187624,0.14933419227600098,0.10782672166824342,0.12254598140716554,0.12713369131088256,0.1465119004249573,0.11272413730621339,0.1468471169471741,0.1355028986930847,0.18595129251480103,0.14760041236877441,0.18630812168121338,0.1697868824005127
C_unseen_anchor_unseen_family,211,25,AQ6,-5.853254556655884,0.12000000476837158,0.04716776013374329,0.12171912071000064,0.1539990782737732,0.1570070743560791,0.12899209260940553,0.11721649169921876,0.1161738157272339,0.16003543138504028,0.10926798582077027,0.1455154895782471,0.14749064445495605,0.11408363580703736,0.11416285037994385,0.1604541301727295,0.13153653144836427,0.09532989859580994,0.10926798582077027,0.11547267436981201,0.1469018578529358,0.09605062603950501,0.1455154895782471,0.128557026386261,0.1522249698638916,0.1169387698173523,0.14749064445495605,0.14548373222351074
C_unseen_anchor_unseen_family,211,28,AQ6,-5.945432662963867,0.030000001192092896,0.05196561217308045,0.050604497210110316,0.08252086639404298,0.11654369831085205,0.07601909041404725,0.05182783603668213,0.07996867299079896,0.07765040993690492,0.015914085507392883,0.08171344995498658,0.0423695832490921,0.04941348433494568,0.07919043302536011,0.0774926781654358,0.028338465094566348,0.007526414096355439,0.015914085507392883,0.01920885741710663,0.08137892484664917,0.04263126850128174,0.08171344995498658,0.06887196302413941,0.03904636204242706,0.03516141474246979,0.0423695832490921,0.049425148963928224
C_unseen_anchor_unseen_family,211,31,AQ6,-6.063505411148071,-0.06000000238418579,0.2902843952178955,-0.054865408775997375,0.015349984169006348,-0.01853579878807068,-0.020472019910812378,-0.03563339710235596,-0.04694632291793824,-0.028211164474487307,-0.07032249569892883,-0.021588706970214845,-0.06758667230606079,-0.03875694274902344,-0.045799350738525396,-0.028471416234970095,-0.05766540765762329,-0.07970589399337769,-0.07032249569892883,-0.06498289108276367,-0.025860035419464113,-0.032362121343612674,-0.021588706970214845,-0.02558003067970276,-0.06655418872833252,-0.0715950608253479,-0.06758667230606079,-0.05996935367584229
C_unseen_anchor_unseen_family,211,34,AQ6,-6.1207053661346436,-0.15000000000000002,0.407020378112793,-0.12347938628254329,-0.10217829942703248,-0.07136053442955018,-0.09035346508026124,-0.1456117033958435,-0.10743958950042726,-0.06857916116714478,-0.12941788434982301,-0.0612261176109314,-0.10863149166107178,-0.1492417573928833,-0.10174930095672607,-0.06843801140785218,-0.13582292795181275,-0.14005579948425292,-0.12941788434982301,-0.12987992763519288,-0.06898546814918519,-0.07542208433151246,-0.0612261176109314,-0.06448779702186584,-0.10681420564651489,-0.1071387529373169,-0.10863149166107178,-0.10300607681274415
C_unseen_anchor_unseen_family,211,36,AQ6,0.11020445823669434,-0.21000001430511475,1.074416732788086,-0.2509410966686483,-0.16107599735260011,-0.1510088920593262,-0.2025484323501587,-0.2719620227813721,-0.2864021062850952,-0.2368964433670044,-0.1665651798248291,-0.17480287551879883,-0.2482717514038086,-0.27326340675354005,-0.2808994770050049,-0.23772397041320803,-0.16984699964523317,-0.18566708564758302,-0.1665651798248291,-0.1732597827911377,-0.17655744552612307,-0.19225924015045168,-0.17480287551879883,-0.1789248824119568,-0.24374904632568362,-0.2579254150390625,-0.2482717514038086,-0.24346179962158204
C_unseen_anchor_unseen_family,211,39,AQ6,0.01598072052001953,-0.30000000000000004,1.3059109687805177,-0.303027602922387,-0.3007991313934326,-0.28209857940673827,-0.3251727342605591,-0.32175183296203613,-0.3570651292800904,-0.36030020713806155,-0.2950491428375244,-0.3005168676376343,-0.3659024477005005,-0.32048723697662357,-0.3545786142349243,-0.3624021053314209,-0.31074457168579106,-0.30047810077667236,-0.2950491428375244,-0.2997630596160889,-0.30593528747558596,-0.2996129035949707,-0.3005168676376343,-0.30055031776428226,-0.3631170272827149,-0.35642819404602055,-0.3659024477005005,-0.3613674402236939
C_unseen_anchor_unseen_family,215,20,AQ6,-5.759094476699829,0.36000001430511475,0.08141022324562074,0.3257678030913165,0.3458251953125,0.35299134254455566,0.34301290512084964,0.3438076734542847,0.31261701583862306,0.336076307296753,0.284836483001709,0.3019906997680664,0.34731507301330566,0.346195125579834,0.30939166545867924,0.33671226501464846,0.29068818092346194,0.27378473281860355,0.284836483001709,0.28580708503723146,0.30327873229980473,0.28757305145263673,0.3019906997680664,0.29360332489013674,0.3564356327056885,0.33211460113525393,0.34731507301330566,0.3468214511871338
C_unseen_anchor_unseen_family,215,23,AQ6,-5.835779428482056,0.2700000047683716,0.14717211723327636,0.21183550508552554,0.26763129234313965,0.27994983196258544,0.24902865886688233,0.1868252158164978,0.22846660614013672,0.2526366472244263,0.16899573802947998,0.21976125240325928,0.24581446647644045,0.18583469390869142,0.22528853416442873,0.2528692722320557,0.18224973678588868,0.15607365369796755,0.16899573802947998,0.17113016843795778,0.2192394256591797,0.19635572433471682,0.21976125240325928,0.2106027603149414,0.24648444652557375,0.21180012226104739,0.24581446647644045,0.23051736354827881
C_unseen_anchor_unseen_family,215,27,AQ6,-5.979891538619995,0.15000000000000002,0.11604558229446411,0.14140927965451933,0.16515209674835207,0.17583858966827393,0.13791701793670655,0.13796961307525635,0.14490262269973755,0.17548940181732178,0.13163957595825196,0.16842486858367922,0.1565577030181885,0.13554636240005494,0.14287121295928956,0.17565659284591675,0.15796581506729127,0.11614384651184083,0.13163957595825196,0.1343611478805542,0.17079021930694582,0.11817187070846558,0.16842486858367922,0.15118328332901002,0.1645936131477356,0.1343570351600647,0.1565577030181885,0.16086077690124512
C_unseen_anchor_unseen_family,215,30,AQ6,-6.097501993179321,0.06000000238418579,0.1713505268096924,0.057761288841268105,0.12490966320037843,0.14671564102172852,0.1214878797531128,0.06599460244178772,0.10671250820159912,0.10602595806121827,0.0353422075510025,0.09698410630226136,0.06738963127136231,0.06329092979431153,0.10504732131958008,0.10564541816711426,0.05122929811477661,0.026671972870826722,0.0353422075510025,0.04136617183685303,0.10203542709350587,0.0640347957611084,0.09698410630226136,0.08813159465789795,0.06772454380989075,0.060729515552520756,0.06738963127136231,0.0769351601600647
C_unseen_anchor_unseen_family,215,33,AQ6,-6.229763031005859,-0.09000000357627869,0.20578479766845703,-0.09582329229455544,-0.08152502775192261,-0.11290987730026246,-0.1465133786201477,-0.11912121772766114,-0.11006039381027222,-0.13067440986633302,-0.09678701162338257,-0.061852562427520755,-0.12273802757263184,-0.12335021495819093,-0.10952134132385255,-0.13115360736846923,-0.09723961353302002,-0.10643882751464845,-0.09678701162338257,-0.09333348274230957,-0.058034205436706544,-0.0823104500770569,-0.061852562427520755,-0.06973384022712707,-0.118111252784729,-0.13107358217239382,-0.12273802757263184,-0.11658082008361817
C_unseen_anchor_unseen_family,215,36,AQ6,6.248505115509033,-0.18000000715255737,1.009300994873047,-0.19642131681390917,-0.15857326984405518,-0.13658461570739747,-0.2053217649459839,-0.28020467758178713,-0.18420367240905763,-0.2015777826309204,-0.2013036012649536,-0.11904423236846924,-0.19568040370941164,-0.2800879001617432,-0.18494853973388672,-0.2015979290008545,-0.20669846534729006,-0.21661965847015383,-0.2013036012649536,-0.20539622306823732,-0.11277679204940796,-0.13872005939483642,-0.11904423236846924,-0.12481476068496705,-0.17718532085418703,-0.20938937664031984,-0.19568040370941164,-0.18728876113891602
C_unseen_anchor_unseen_family,215,40,AQ6,6.10417628288269,-0.30000000000000004,1.4312224388122559,-0.3124573550385412,-0.3100622653961182,-0.2484217405319214,-0.31979937553405763,-0.36594629287719727,-0.3644917488098145,-0.3473535060882569,-0.2967805624008179,-0.2897071838378906,-0.3516373157501221,-0.3675137042999268,-0.3575817108154297,-0.3490525007247925,-0.3068748474121094,-0.29959270954132083,-0.2967805624008179,-0.3019197702407837,-0.2932964324951172,-0.2985905170440674,-0.2897071838378906,-0.2914716958999634,-0.35592231750488285,-0.3417840003967285,-0.3516373157501221,-0.34822859764099123
C_unseen_anchor_unseen_family,215,43,AQ6,6.019440412521362,-0.3900000095367432,1.1136101722717286,-0.3228040978220814,-0.3834229469299317,-0.39095020294189453,-0.40329055786132817,-0.3564644813537598,-0.3909956932067871,-0.3824738740921021,-0.33046693801879884,-0.3395589351654053,-0.349681830406189,-0.3574684619903565,-0.38623714447021484,-0.38382570743560795,-0.3366068124771118,-0.3286077737808228,-0.33046693801879884,-0.3254797697067261,-0.3429586887359619,-0.34357681274414065,-0.3395589351654053,-0.3374229907989502,-0.34990754127502444,-0.354216480255127,-0.349681830406189,-0.34940447807312014
C_unseen_anchor_unseen_family,219,20,AQ7,0.4436798095703125,0.2700000286102295,-0.038530108332633976,0.23963339261269587,0.25763137340545655,0.2528952360153198,0.2670719385147095,0.23003008365631106,0.26683566570281986,0.2803551197052002,0.25107316970825194,0.26890542507171633,0.3243876457214356,0.23146619796752932,0.26180028915405273,0.28048970699310305,0.24823513031005862,0.22105126380920412,0.25107316970825194,0.2445077896118164,0.2685724973678589,0.23641865253448488,0.26890542507171633,0.25783963203430177,0.32421743869781494,0.2744673252105713,0.3243876457214356,0.31029729843139653
C_unseen_anchor_unseen_family,219,23,AQ7,0.3623175621032715,0.18000000715255737,0.12024517059326173,0.15908056112118,0.1754755735397339,0.2119097948074341,0.18280906677246095,0.1336594820022583,0.15701168775558472,0.2059591054916382,0.1545462965965271,0.17617368698120117,0.222504997253418,0.13362789154052734,0.15259528160095215,0.20623903274536134,0.17026497125625611,0.13095942735671998,0.1545462965965271,0.15376228094100952,0.1765129566192627,0.14430872201919556,0.17617368698120117,0.16606849431991577,0.22321126461029053,0.18331458568573,0.222504997253418,0.2099228382110596
C_unseen_anchor_unseen_family,219,25,AQ7,0.27381181716918945,0.12000000476837158,-0.04379922151565552,0.1277096232238869,0.14163711071014404,0.1437084436416626,0.11629605293273926,0.09520575404167175,0.12403215169906617,0.1481423020362854,0.1105184555053711,0.15079379081726074,0.14696375131607056,0.09258413314819336,0.12235945463180542,0.1485074996948242,0.12750539779663086,0.09911011457443238,0.1105184555053711,0.11370465755462647,0.15132954120635989,0.10585048198699952,0.15079379081726074,0.1331345558166504,0.14725210666656494,0.1160336971282959,0.14696375131607056,0.14206849336624147
C_unseen_anchor_unseen_family,219,28,AQ7,0.18056368827819824,0.030000001192092896,0.09882522821426393,0.050950559894475014,0.04829186499118805,0.07620804309844971,0.04404827356338501,0.015677964687347414,0.0592961311340332,0.04731392860412598,0.004635557532310486,0.073338782787323,0.03447998762130738,0.014502090215682984,0.0578315019607544,0.047198048233985906,0.021012619137763977,-0.006905142962932587,0.004635557532310486,0.009258145093917846,0.07376195192337036,0.03554213047027588,0.073338782787323,0.060907733440399174,0.024587371945381166,0.029348769783973695,0.03447998762130738,0.0414765328168869
C_unseen_anchor_unseen_family,219,31,AQ7,0.08236169815063477,-0.06000000238418579,0.21738669872283936,-0.039105430515412626,-0.018817222118377688,-0.04157190322875977,-0.023779636621475222,-0.039605796337127686,-0.043480885028839115,-0.00495591163635254,-0.05653403997421265,-0.0030372023582458498,-0.03970907330513001,-0.04222533404827118,-0.040777659416198736,-0.004840719699859619,-0.04090974926948548,-0.06833286881446839,-0.05653403997421265,-0.04956108331680298,-0.005799770355224609,-0.018211084604263305,-0.0030372023582458498,-0.008904463052749634,-0.03594576716423035,-0.049983119964599615,-0.03970907330513001,-0.03142630457878113
C_unseen_anchor_unseen_family,219,34,AQ7,0.005622386932373047,-0.15000000000000002,0.4554909706115723,-0.15469959624334761,-0.11433899402618408,-0.10827666521072388,-0.10728665590286256,-0.15967288017272951,-0.11492593288421632,-0.06076342463493348,-0.12742630243301392,-0.07648675441741944,-0.11120731830596925,-0.16289920806884767,-0.10759867429733277,-0.06059403419494629,-0.12315789461135865,-0.13898310661315919,-0.12742630243301392,-0.12603542804718018,-0.07884854078292847,-0.09866988658905029,-0.07648675441741944,-0.08009823560714723,-0.10676021575927735,-0.1127339243888855,-0.11120731830596925,-0.1069434404373169
C_unseen_anchor_unseen_family,219,36,AQ7,-0.06037592887878418,-0.21000001430511475,1.0615063667297364,-0.22655552928966746,-0.1771737575531006,-0.18855931758880617,-0.19161410331726075,-0.2061025381088257,-0.24038746356964114,-0.2016768455505371,-0.14060096740722658,-0.18795826435089114,-0.22707049846649172,-0.2078488349914551,-0.2377821445465088,-0.20183961391448976,-0.14775172472000123,-0.15568199157714846,-0.14060096740722658,-0.14433515071868896,-0.19130485057830812,-0.20765390396118166,-0.18795826435089114,-0.19324839115142822,-0.22294392585754397,-0.23383970260620118,-0.22707049846649172,-0.22246174812316896
C_unseen_anchor_unseen_family,219,39,AQ7,-0.16523385047912598,-0.30000000000000004,1.425045108795166,-0.30929904801296654,-0.3210911273956299,-0.2371485471725464,-0.2899046897888184,-0.37658789157867434,-0.3587969779968262,-0.3349479675292969,-0.318320631980896,-0.29275648593902587,-0.3495596647262573,-0.3772370576858521,-0.3589805603027344,-0.33725590705871583,-0.3290256500244141,-0.32318465709686284,-0.318320631980896,-0.3232535600662232,-0.30119097232818604,-0.29110178947448734,-0.29275648593902587,-0.29307572841644286,-0.3440534830093384,-0.34162204265594487,-0.3495596647262573,-0.34522991180419926
C_unseen_anchor_unseen_family,223,20,AQ7,0.36841869354248047,0.18000000715255737,-0.038530108332633976,0.1866661604431218,0.20659778118133545,0.19242857694625856,0.18583877086639405,0.10179460048675537,0.18849143981933594,0.1897104859352112,0.15751222372055054,0.2021960735321045,0.23378357887268067,0.10262525081634521,0.18263859748840333,0.18964383602142335,0.15642367601394655,0.13119177818298342,0.15751222372055054,0.15065113306045533,0.2018545150756836,0.16922507286071778,0.2021960735321045,0.19180772304534913,0.23344717025756836,0.18831233978271486,0.23378357887268067,0.2208469867706299
C_unseen_anchor_unseen_family,223,22,AQ7,0.3204367160797119,0.12000000476837158,0.12309644222259522,0.11911261986242068,0.11649506092071533,0.13180849552154542,0.12140682935714722,0.08387140035629273,0.10467423200607301,0.1407808780670166,0.0976615309715271,0.12156373262405396,0.15983325242996216,0.08323251605033875,0.10004253387451173,0.1408998966217041,0.11598901748657227,0.07040860056877137,0.0976615309715271,0.09765465259552003,0.12075412273406982,0.08838473558425904,0.12156373262405396,0.11296386718750001,0.16018354892730713,0.10701403617858887,0.15983325242996216,0.14312652349472046
C_unseen_anchor_unseen_family,223,25,AQ7,0.22853803634643555,0.030000001192092896,-0.04379922151565552,0.039297551500564236,0.028803649544715884,0.03653673231601715,0.020072343945503238,-0.017587944865226746,0.02772602736949921,0.055606222152709966,-0.008382529020309448,0.036677789688110356,0.0653213083744049,-0.02008088529109955,0.02642522156238556,0.05591456294059754,0.0021926909685134888,-0.015140715241432191,-0.008382529020309448,-0.007777461409568787,0.03894781172275544,-0.0010061204433441163,0.036677789688110356,0.022711443901062014,0.0653573989868164,0.040905535221099854,0.0653213083744049,0.06232020854949952
C_unseen_anchor_unseen_family,223,27,AQ7,0.16861963272094727,-0.030000001192092896,0.05955353379249573,0.010780534042226009,-0.009012067317962646,0.00954909920692444,0.00798720419406891,-0.03589071035385132,0.009651204943656922,0.01581273376941681,-0.05270419120788575,0.036931377649307255,0.00943865180015564,-0.03804740905761719,0.00794786810874939,0.015529917180538179,-0.029446476697921754,-0.06526418924331666,-0.05270419120788575,-0.04693742692470551,0.036907026171684267,-0.015860325098037722,0.036931377649307255,0.020654001832008363,0.0049928963184356695,-0.001960344612598419,0.00943865180015564,0.01632632315158844
C_unseen_anchor_unseen_family,223,30,AQ7,0.08322525024414062,-0.09000000357627869,-0.03800504803657532,-0.05275071646625512,-0.02471587657928467,-0.0090462327003479,-0.021596789360046387,-0.04910058975219727,-0.023940068483352662,-0.024265599250793458,-0.0598752498626709,-0.012173187732696534,-0.0633330762386322,-0.051389002799987794,-0.022715735435485843,-0.02457157373428345,-0.05113977789878846,-0.07023086547851563,-0.0598752498626709,-0.05425925254821778,-0.011661392450332642,-0.05095473527908326,-0.012173187732696534,-0.023419183492660523,-0.05280627012252808,-0.07558492422103882,-0.0633330762386322,-0.05386354923248291
C_unseen_anchor_unseen_family,223,32,AQ7,0.04237866401672363,-0.15000000000000002,0.1805116415023804,-0.21375049796545112,-0.16511991024017336,-0.14412472248077393,-0.14517033100128174,-0.1939494848251343,-0.19655879735946657,-0.2296285629272461,-0.20907516479492189,-0.16609599590301516,-0.2562736511230469,-0.19909656047821045,-0.19810075759887696,-0.2295308828353882,-0.22877883911132812,-0.2089263677597046,-0.20907516479492189,-0.21381583213806155,-0.1743274211883545,-0.17395907640457153,-0.16609599590301516,-0.16882320642471316,-0.24718337059020998,-0.25765337944030764,-0.2562736511230469,-0.25014495849609375
C_unseen_anchor_unseen_family,223,35,AQ7,0.0021359920501708984,-0.24000000953674316,0.4390652656555176,-0.20069870862370545,-0.20655050277709963,-0.1631022930145264,-0.18710994720458984,-0.17980523109436036,-0.1824797868728638,-0.1962386727333069,-0.14923287630081178,-0.13347936868667604,-0.22341275215148926,-0.18253605365753175,-0.17510602474212647,-0.19660012722015383,-0.15564353466033937,-0.16652889251708985,-0.14923287630081178,-0.15011762380599977,-0.1338270425796509,-0.1659345865249634,-0.13347936868667604,-0.13615883588790895,-0.21951861381530763,-0.22939667701721192,-0.22341275215148926,-0.21775527000427247
C_unseen_anchor_unseen_family,223,37,AQ7,-0.04985523223876953,-0.30000000000000004,1.0796704292297363,-0.28738326766055244,-0.2962263584136963,-0.21896867752075197,-0.3012559413909912,-0.2329338073730469,-0.2898000717163086,-0.2947192907333374,-0.1903499245643616,-0.248138427734375,-0.2862751007080078,-0.23426010608673098,-0.28631775379180907,-0.29553725719451907,-0.19658144712448122,-0.20254211425781252,-0.1903499245643616,-0.19458686113357546,-0.25883643627166747,-0.26473023891448977,-0.248138427734375,-0.2531566143035889,-0.29738473892211914,-0.28275647163391116,-0.2862751007080078,-0.2835636854171753
supp_AQ5xQ4,43,20,AQ5,0.3165334612131119,0.2700000286102295,0.07377517819404603,0.268786480557939,0.23733968734741212,0.19626758098602295,0.2332087516784668,0.16696004867553713,0.24201545715332032,0.2530899286270142,0.2293996810913086,0.2596695899963379,0.30171895027160645,0.16885902881622317,0.24036738872528077,0.2537447452545166,0.21743478775024416,0.24526619911193848,0.2293996810913086,0.23742313385009767,0.24390401840209963,0.2694366455078125,0.2596695899963379,0.25880208015441897,0.2910618782043457,0.33140192031860355,0.30171895027160645,0.31860306262969973
supp_AQ5xQ4,43,23,AQ5,0.22148001194000244,0.18000000715255737,-0.0802946388721466,0.17329727790197588,0.13536641597747803,0.1425933837890625,0.13914331197738647,0.035360109806060795,0.10298094749450684,0.13599272966384887,0.12151559591293336,0.16221379041671755,0.2035068988800049,0.035670730471611026,0.1008312225341797,0.1369795322418213,0.11256922483444215,0.14662740230560303,0.12151559591293336,0.13010110855102539,0.12706689834594728,0.16230368614196777,0.16221379041671755,0.15086857080459595,0.1751234531402588,0.20699825286865237,0.2035068988800049,0.1960760593414307
supp_AQ5xQ4,43,25,AQ5,0.16199423372745514,0.12000000476837158,0.010845085978507996,0.15548471254754398,0.10352342128753662,0.09036808013916016,0.08612097501754762,0.04649438858032227,0.06655290126800538,0.09148386120796204,0.08890258669853211,0.13910986185073854,0.13190382719039917,0.04457429349422455,0.06464225053787231,0.09245633482933045,0.07874657511711121,0.11821093559265138,0.08890258669853211,0.09582616090774537,0.09037604331970216,0.1411911964416504,0.13910986185073854,0.11971952915191651,0.11753952503204346,0.14584019184112548,0.13190382719039917,0.1407254457473755
supp_AQ5xQ4,43,28,AQ5,0.060934290289878845,0.030000001192092896,0.2096940040588379,0.08965729384948005,0.04495892524719239,0.055143141746521,0.04881503880023957,0.0016995936632156373,0.027349987626075746,0.0338912159204483,0.0023444712162017825,0.07623971700668336,0.043704771995544435,-0.0006191149353981019,0.025638201832771303,0.03434592187404633,-0.002093446254730225,0.01977597177028656,0.0023444712162017825,0.010218065977096558,0.04282211065292359,0.08061889410018921,0.07623971700668336,0.06789698004722595,0.03758603632450104,0.04272404909133912,0.043704771995544435,0.05443476438522339
supp_AQ5xQ4,43,31,AQ5,-0.02557539939880371,-0.06000000238418579,0.5007037639617921,0.03882642762398869,0.022947347164154055,-0.008616366982460022,0.015548169612884521,-0.001630222797393799,-0.007535910606384278,0.036208325624465944,-0.05667699575424195,0.012647122144699097,0.0004468321800231934,-0.004851335287094117,-0.007936036586761475,0.035746169090271,-0.06828603744506836,-0.02829941511154175,-0.05667699575424195,-0.04037849307060242,0.001624041795730591,0.006626832485198975,0.012647122144699097,0.007234722375869751,-0.004754781723022461,0.015054559707641602,0.0004468321800231934,0.012469965219497682
supp_AQ5xQ4,43,34,AQ5,-0.10269123315811157,-0.15000000000000002,0.7259884357452393,-0.08062398859818531,-0.045321246981620794,-0.08013310432434083,-0.005206859111785889,-0.08554943799972535,-0.09465865492820741,-0.04816973805427552,-0.13250248432159425,-0.0755108892917633,-0.11992111206054688,-0.08764292001724244,-0.09132429361343385,-0.04774892926216126,-0.13685262203216553,-0.11437938213348389,-0.13250248432159425,-0.11921733617782593,-0.08860160112380983,-0.07947859764099122,-0.0755108892917633,-0.07434035539627075,-0.12352392673492432,-0.11314163208007813,-0.11992111206054688,-0.10805456638336182
supp_AQ5xQ4,43,36,AQ5,-0.18072082102298737,-0.21000001430511475,1.430610466003418,-0.14378301632501142,-0.11194484233856201,-0.12439248561859131,-0.07960540652275086,-0.09058098793029785,-0.13220890760421752,-0.13090935945510865,-0.1524555325508118,-0.13068414926528932,-0.21848881244659424,-0.0919983983039856,-0.12914236783981323,-0.13111546039581298,-0.15489997863769533,-0.15085116624832154,-0.1524555325508118,-0.1435774564743042,-0.1437696695327759,-0.12269779443740846,-0.13068414926528932,-0.11850997209548951,-0.222076153755188,-0.2090399503707886,-0.21848881244659424,-0.20638957023620608
supp_AQ5xQ4,43,39,AQ5,-0.2856155261397362,-0.30000000000000004,1.2100566864013673,-0.27173846724329775,-0.17233948707580568,-0.17448815107345583,-0.15924276113510133,-0.12487202882766724,-0.20944249629974365,-0.18436471223831177,-0.2102503776550293,-0.23588566780090334,-0.23906242847442627,-0.12916032075881959,-0.20773921012878419,-0.18395843505859377,-0.21076099872589113,-0.22065017223358155,-0.2102503776550293,-0.20778405666351318,-0.2356600284576416,-0.22834739685058594,-0.23588566780090334,-0.22264392375946046,-0.23901720046997071,-0.2535696029663086,-0.23906242847442627,-0.23327527046203614
supp_AQ5xQ4,47,20,AQ5,0.4566102772951126,0.45,0.07377517819404603,0.42735111343398935,0.4381475925445557,0.38208572864532475,0.4135284423828125,0.3404019355773926,0.3824676275253296,0.3980826139450073,0.37261853218078617,0.40793628692626954,0.43965063095092777,0.3426548957824707,0.38024203777313237,0.3988349437713623,0.3660423278808594,0.3696637630462647,0.37261853218078617,0.3725605964660645,0.4012715816497803,0.3979122400283814,0.40793628692626954,0.4042869091033936,0.4382591247558594,0.45305628776550294,0.43965063095092777,0.4470867156982422
supp_AQ5xQ4,47,24,AQ5,0.3348325043916702,0.33000001907348636,-0.026095473766326906,0.28712278275864606,0.27017109394073485,0.2524512052536011,0.27443628311157225,0.19129124879837037,0.2498034954071045,0.28136208057403567,0.24865484237670898,0.2811485528945923,0.31298451423645024,0.1922040104866028,0.24743995666503907,0.28256652355194095,0.24023351669311524,0.26198697090148926,0.24865484237670898,0.25388302803039553,0.2569445610046387,0.2816002368927002,0.2811485528945923,0.2704814910888672,0.30096864700317383,0.3256717681884766,0.31298451423645024,0.3170769214630127
supp_AQ5xQ4,47,27,AQ5,0.2342129349708557,0.24000000953674316,0.025339654088020327,0.23288414862422602,0.182355797290802,0.19362818002700807,0.19861326217651368,0.10969134569168092,0.1415765881538391,0.16833837032318116,0.17219823598861694,0.20197119712829592,0.1958078145980835,0.10895510911941529,0.13819663524627687,0.16871428489685059,0.16542546749114992,0.19985094070434573,0.17219823598861694,0.1809437155723572,0.16525294780731203,0.20635519027709961,0.20197119712829592,0.19012463092803955,0.18692688941955568,0.21666860580444336,0.1958078145980835,0.20422651767730715
supp_AQ5xQ4,47,31,AQ5,0.11407123506069183,0.12000000476837158,0.011352932453155518,0.13997612085375166,0.11518750190734864,0.10082862377166749,0.11979036331176758,0.07229278087615967,0.05946309566497803,0.10906035900115968,0.07705423831939698,0.088844895362854,0.1197360634803772,0.07010121941566468,0.05762486457824707,0.1090323567390442,0.07370190620422364,0.09881097078323364,0.07705423831939698,0.0862389624118805,0.07119472026824951,0.09982854127883911,0.088844895362854,0.0900986671447754,0.11580076217651368,0.11574543714523317,0.1197360634803772,0.12932655811309815
supp_AQ5xQ4,47,34,AQ5,-0.02916814386844635,-0.030000001192092896,0.8338563919067383,0.03991644364565907,0.054431295394897466,0.01881004571914673,0.06634014844894409,-0.008402124047279358,0.015376520156860352,0.048129874467849734,-0.06897252798080444,-0.003400588035583496,-0.01343812942504883,-0.011473131179809571,0.013061630725860597,0.04728287756443024,-0.07787498235702515,-0.048454818129539494,-0.06897252798080444,-0.058294123411178594,-0.011924451589584351,-0.01127852201461792,-0.003400588035583496,-0.009257400035858154,-0.018027105927467348,-0.012718701362609865,-0.01343812942504883,-0.006350803375244141
supp_AQ5xQ4,47,38,AQ5,-0.15435656905174255,-0.15000000000000002,1.1296954154968262,-0.11169501359528447,-0.09070850610733033,-0.052672076225280764,-0.057979929447174075,-0.14011924266815187,-0.09628405570983888,-0.08083080053329468,-0.1836224675178528,-0.12738672494888306,-0.17163294553756714,-0.13989330530166627,-0.09336754083633424,-0.08081705570220948,-0.18128113746643068,-0.1821400284767151,-0.1836224675178528,-0.17835599184036255,-0.1334167718887329,-0.11024301052093506,-0.12738672494888306,-0.11362043619155884,-0.17382580041885376,-0.1595461130142212,-0.17163294553756714,-0.16408530473709107
supp_AQ5xQ4,47,41,AQ5,-0.25116801261901855,-0.24000000953674316,1.217881965637207,-0.14806410591619557,-0.17175439596176148,-0.09903945326805115,-0.13245701789855957,-0.12809839248657226,-0.1635493874549866,-0.1515807867050171,-0.14484634399414062,-0.1597254753112793,-0.2121901035308838,-0.1291723370552063,-0.1601930618286133,-0.15182154178619386,-0.1465241551399231,-0.15343931913375855,-0.14484634399414062,-0.1437041401863098,-0.16507971286773682,-0.15796812772750857,-0.1597254753112793,-0.14867457151412963,-0.21506292819976808,-0.22653369903564455,-0.2121901035308838,-0.20984241962432862
supp_AQ5xQ4,47,45,AQ5,-0.37637823820114136,-0.36000001430511475,0.9488128662109375,-0.29112082131147526,-0.35542366504669193,-0.21298863887786867,-0.2737275123596192,-0.28307223320007324,-0.28320975303649903,-0.2874624729156494,-0.28414759635925296,-0.3056435823440552,-0.2940912008285523,-0.2815894603729248,-0.2831589698791504,-0.2877868175506592,-0.28558304309844973,-0.2946241140365601,-0.28414759635925296,-0.2805955410003662,-0.3082037448883057,-0.3016455888748169,-0.3056435823440552,-0.2922192096710205,-0.29731311798095705,-0.2931361198425293,-0.2940912008285523,-0.2885595321655274
supp_AQ5xQ4,123,20,AQ5,0.31104592978954315,0.2700000286102295,0.0407363623380661,0.2592208972615716,0.25817275047302246,0.22420685291290285,0.24550321102142336,0.21680936813354493,0.26679859161376956,0.26920974254608154,0.23635165691375734,0.26514925956726076,0.3043309450149536,0.21793076992034913,0.2646894693374634,0.26976857185363773,0.23527021408081056,0.221803879737854,0.23635165691375734,0.24320428371429445,0.2593907356262207,0.2470714092254639,0.26514925956726076,0.2635680198669434,0.3051975011825562,0.2900502443313599,0.3043309450149536,0.32140583992004396
supp_AQ5xQ4,123,23,AQ5,0.21926183998584747,0.18000000715255737,-0.08836885690689088,0.15750449946677947,0.15141419172286988,0.16312127113342287,0.14690262079238892,0.057108706235885626,0.11199522018432617,0.14617667198181153,0.12517983913421632,0.16151971817016603,0.20585012435913086,0.057723844051361085,0.10980844497680664,0.14682112932205202,0.1199771523475647,0.11348261833190919,0.12517983913421632,0.13301503658294678,0.1376981019973755,0.12521978616714477,0.16151971817016603,0.15044665336608887,0.18079047203063967,0.16992590427398682,0.20585012435913086,0.19636857509613037
supp_AQ5xQ4,123,25,AQ5,0.16242040693759918,0.12000000476837158,-0.012537840008735658,0.13909718368385196,0.11367259025573731,0.10262848138809205,0.08689138293266296,0.04797276258468628,0.06897290945053101,0.09691467881202698,0.08977198600769043,0.13713350296020507,0.13321337699890137,0.04660473465919495,0.06770910024642944,0.09771299362182617,0.08865118026733398,0.07911229133605957,0.08977198600769043,0.09598953127861024,0.10415842533111573,0.0905985414981842,0.13713350296020507,0.11790674924850464,0.1263051748275757,0.11727780103683472,0.13321337699890137,0.13990375995635987
supp_AQ5xQ4,123,28,AQ5,0.0665617287158966,0.030000001192092896,0.12120542526245118,0.06675516101063174,0.04465853571891785,0.059906464815139775,0.04742099344730377,-0.012462875247001648,0.032752060890197755,0.03553731143474579,-0.0019183874130249024,0.07542418241500855,0.04041953384876251,-0.013806605339050294,0.032238987088203434,0.03600120544433594,0.0014415442943573,-0.005577926337718964,-0.0019183874130249024,0.005601933598518372,0.05788867473602295,0.04198635518550873,0.07542418241500855,0.0653445303440094,0.040366753935813904,0.032139962911605834,0.04041953384876251,0.04986411035060883
supp_AQ5xQ4,123,31,AQ5,-0.03039446473121643,-0.06000000238418579,0.34705467224121095,0.012876979285346458,0.012890380620956422,-0.0017821073532104494,0.004329955577850342,-0.01182384490966797,-0.008098316192626954,0.03542691767215729,-0.04510751068592072,0.0243435800075531,0.00028380155563354495,-0.012357318401336671,-0.006532996892929077,0.035202795267105104,-0.04953216016292572,-0.058249056339263916,-0.04510751068592072,-0.031968599557876586,0.016574525833129884,0.006469058990478516,0.0243435800075531,0.018033504486083984,-0.0022952675819396975,-0.011617183685302734,0.00028380155563354495,0.011521029472351075
supp_AQ5xQ4,123,34,AQ5,-0.10761022567749023,-0.15000000000000002,1.0619124412536622,-0.00035140726630247256,-0.0729156494140625,-0.12101054191589355,-0.0773701548576355,-0.11307463645935059,-0.04627399146556854,-6.400346755981445e-05,-0.11312174797058105,-0.002044856548309326,-0.03877626955509186,-0.11709668636322022,-0.042334127426147464,-0.0006530046463012696,-0.11506547927856446,-0.1283121109008789,-0.11312174797058105,-0.10887858867645264,-0.005969817936420441,-0.01924140900373459,-0.002044856548309326,-0.003650011122226715,-0.03706438541412354,-0.043458944559097296,-0.03877626955509186,-0.02792940139770508
supp_AQ5xQ4,123,36,AQ5,-0.184625543653965,-0.21000001430511475,1.4224610328674316,-0.1929366476177944,-0.12779935598373413,-0.15477283000946046,-0.14369429349899293,-0.14892534017562867,-0.19898195266723634,-0.185870099067688,-0.19485273361206057,-0.18649799823760987,-0.258485221862793,-0.15178458690643312,-0.19697911739349366,-0.18715398311614992,-0.19351091384887698,-0.20197110176086427,-0.19485273361206057,-0.19210309982299806,-0.18558131456375124,-0.19779415130615235,-0.18649799823760987,-0.18201205730438233,-0.2607273101806641,-0.2602849006652832,-0.258485221862793,-0.25665605068206787
supp_AQ5xQ4,123,39,AQ5,-0.2878451570868492,-0.30000000000000004,1.1635007858276367,-0.3184289771502633,-0.2693089723587036,-0.2064530372619629,-0.23239822387695314,-0.22701852321624758,-0.28410842418670657,-0.2411259174346924,-0.25905885696411135,-0.27543179988861083,-0.2825516700744629,-0.23026573657989502,-0.28207025527954105,-0.2418069124221802,-0.25832495689392093,-0.26163792610168457,-0.25905885696411135,-0.25732591152191164,-0.275809383392334,-0.2829590797424317,-0.27543179988861083,-0.27154557704925536,-0.2822848081588745,-0.28251214027404786,-0.2825516700744629,-0.28857145309448246
supp_AQ5xQ4,127,20,AQ5,0.484762504696846,0.45,0.0407363623380661,0.4177855301376219,0.4473286628723145,0.39867939949035647,0.4078691482543946,0.37566566467285156,0.39860148429870607,0.40545268058776857,0.378632402420044,0.4129121780395508,0.4414355278015137,0.3774498701095581,0.3960352420806885,0.4061760902404785,0.37816359996795657,0.3707866668701172,0.378632402420044,0.3783416509628296,0.41236791610717777,0.4057024478912354,0.4129121780395508,0.4095325469970703,0.44186105728149416,0.43826036453247075,0.4414355278015137,0.44965777397155765
supp_AQ5xQ4,127,24,AQ5,0.3525281548500061,0.33000001907348636,-0.04699671566486359,0.27016366165628736,0.2791383981704712,0.26305058002471926,0.2701574802398682,0.201576566696167,0.2521372795104981,0.28302431106567383,0.2513278484344483,0.28104577064514163,0.31789889335632326,0.20330374240875246,0.25014405250549315,0.28399410247802737,0.24975717067718506,0.24232006072998047,0.2513278484344483,0.2559274435043335,0.26677465438842773,0.2565186977386475,0.28104577064514163,0.27073030471801757,0.3057837009429932,0.29744360446929935,0.31789889335632326,0.31634795665740967
supp_AQ5xQ4,127,27,AQ5,0.25564782321453094,0.24000000953674316,-0.028534629940986635,0.21347944173701136,0.18515889644622804,0.19707678556442262,0.19325600862503053,0.10949842929840088,0.14424160718917847,0.17023694515228271,0.17676987648010256,0.20307626724243166,0.19965753555297852,0.1089970350265503,0.1415416955947876,0.17072346210479739,0.17262008190155032,0.16663849353790283,0.17676987648010256,0.18443067073822023,0.17619351148605347,0.1678172588348389,0.20307626724243166,0.19080922603607178,0.19536440372467043,0.18859792947769166,0.19965753555297852,0.2075127124786377
supp_AQ5xQ4,127,31,AQ5,0.13447724282741547,0.12000000476837158,-0.047210806608200075,0.11576588080245305,0.11437218189239502,0.11555428504943849,0.11848828792572022,0.058081823587417605,0.06275584101676941,0.10831799507141114,0.07954241633415222,0.09254549741744995,0.1154792308807373,0.056149160861969,0.06164975166320801,0.10863051414489747,0.08121259212493898,0.07393736243247986,0.07954241633415222,0.08753931522369385,0.08249152898788453,0.06952787637710571,0.09254549741744995,0.0880809485912323,0.11468706130981446,0.11184935569763184,0.1154792308807373,0.12383430004119873
supp_AQ5xQ4,127,34,AQ5,0.0009222328662872314,-0.030000001192092896,0.6730846405029297,-0.014840298677925252,0.038007831573486334,-0.01276676654815674,-0.011264514923095704,-0.023769602179527283,-0.030474692583084106,-0.023427271842956544,-0.06392182111740112,-0.024533557891845706,-0.045151281356811526,-0.023129051923751833,-0.03223422169685364,-0.024068120121955874,-0.0626726746559143,-0.06974143981933593,-0.06392182111740112,-0.05728966593742371,-0.02960747480392456,-0.03990694880485535,-0.024533557891845706,-0.027821320295333865,-0.04422969818115235,-0.056122308969497686,-0.045151281356811526,-0.034029221534729
supp_AQ5xQ4,127,38,AQ5,-0.1501978039741516,-0.15000000000000002,1.1706918716430665,-0.1491052792718755,-0.08727914094924927,-0.09978801012039185,-0.10309443473815919,-0.13136844635009767,-0.11623514890670777,-0.11441558599472046,-0.16450109481811526,-0.10819115638732911,-0.1874191999435425,-0.1363425135612488,-0.11109719276428223,-0.1138545036315918,-0.16506965160369874,-0.16990623474121094,-0.16450109481811526,-0.15945277214050294,-0.11123650074005127,-0.11790369749069214,-0.10819115638732911,-0.11352429389953614,-0.18722417354583742,-0.19079443216323855,-0.1874191999435425,-0.18285744190216066
supp_AQ5xQ4,127,41,AQ5,-0.22604474425315857,-0.24000000953674316,1.022538948059082,-0.18941035722470598,-0.18699597120285036,-0.14645174741744996,-0.1809356451034546,-0.14638309478759767,-0.2018511772155762,-0.21608734130859375,-0.15549728870391846,-0.1724414348602295,-0.22378096580505372,-0.14955002069473267,-0.19618747234344483,-0.21592235565185547,-0.15333824157714845,-0.1599146366119385,-0.15549728870391846,-0.15154066085815432,-0.17430849075317384,-0.18612669706344606,-0.1724414348602295,-0.17050822973251345,-0.2209777355194092,-0.22501056194305422,-0.22378096580505372,-0.2210164546966553
supp_AQ5xQ4,127,45,AQ5,-0.3466389775276184,-0.36000001430511475,1.3721108436584473,-0.2549060827190438,-0.3325917959213257,-0.28226261138916015,-0.3034693241119385,-0.22140846252441407,-0.28180580139160155,-0.29263930320739745,-0.27065882682800296,-0.27809643745422363,-0.31170420646667485,-0.22156739234924316,-0.28119122982025146,-0.29321620464324955,-0.27083089351654055,-0.2725480318069458,-0.27065882682800296,-0.2668804407119751,-0.2788279056549072,-0.2874162197113037,-0.27809643745422363,-0.27690241336822513,-0.3109032154083252,-0.31313462257385255,-0.31170420646667485,-0.30458142757415774
supp_AQ5xQ4,203,20,AQ5,0.48276039958000183,0.2700000286102295,0.05655591487884522,0.2323692506142906,0.267128324508667,0.2710758209228516,0.27214527130126953,0.2344515323638916,0.2805792331695557,0.28526763916015624,0.2450042724609375,0.26582932472229004,0.3193061351776123,0.23558387756347657,0.27607762813568115,0.2856109619140625,0.2475618839263916,0.21344537734985353,0.2450042724609375,0.2360334873199463,0.26656289100646974,0.24091734886169436,0.26582932472229004,0.2541658401489258,0.3219967365264893,0.2739173412322998,0.3193061351776123,0.3048822641372681
supp_AQ5xQ4,203,23,AQ5,0.4192860573530197,0.18000000715255737,-0.04985465407371521,0.12876622791543252,0.1579981803894043,0.20111818313598634,0.1678887486457825,0.10349041223526001,0.13885095119476318,0.18436009883880616,0.12901052236557006,0.1572174906730652,0.19402101039886477,0.10192285776138306,0.13607447147369386,0.18454508781433107,0.14924027919769287,0.1127508044242859,0.12901052236557006,0.13255373239517212,0.15719889402389528,0.12292529344558717,0.1572174906730652,0.145707368850708,0.19473924636840823,0.15643701553344727,0.19402101039886477,0.18079614639282227
supp_AQ5xQ4,203,25,AQ5,0.34595584869384766,0.12000000476837158,-0.037461820244789126,0.10546098530383095,0.13371691703796387,0.13395457267761232,0.10362470149993896,0.082522851228714,0.10239231586456299,0.14562984704971313,0.09470888376235963,0.13480699062347412,0.13422720432281496,0.07933849096298218,0.10046699047088624,0.14582096338272096,0.11904962062835694,0.0802422046661377,0.09470888376235963,0.09681993126869202,0.13527647256851197,0.08544580340385438,0.13480699062347412,0.11642475128173829,0.1391442894935608,0.11168780326843263,0.13422720432281496,0.13614311218261718
supp_AQ5xQ4,203,28,AQ5,0.25757521390914917,0.030000001192092896,0.13232983350753785,0.031269783569072195,0.06902867555618286,0.08379042148590088,0.05169288516044617,0.006312641501426697,0.061694979667663574,0.061035346984863285,-0.003500017523765564,0.0677487850189209,0.031678175926208495,0.0034951508045196534,0.06111246347427368,0.06073362827301026,0.012711200118064881,-0.00916842669248581,-0.003500017523765564,0.0022876322269439696,0.06564851999282838,0.0375223845243454,0.0677487850189209,0.058134067058563235,0.027951410412788393,0.026587823033332826,0.031678175926208495,0.039980754256248474
supp_AQ5xQ4,203,31,AQ5,0.1399873048067093,-0.06000000238418579,0.31388397216796876,-0.032181691775656766,-0.007996702194213867,-0.029425063729286195,-0.0294142484664917,-0.021975278854370117,-0.02595195174217224,0.016489636898040772,-0.05902687311172486,0.014421093463897706,-0.01823117733001709,-0.02386770248413086,-0.025974130630493166,0.016241461038589478,-0.041288083791732794,-0.07081307768821717,-0.05902687311172486,-0.050671303272247316,0.010127556324005128,-0.0006990373134613038,0.014421093463897706,0.008670449256896973,-0.009909164905548096,-0.029547673463821412,-0.01823117733001709,-0.008918434381484985
supp_AQ5xQ4,203,34,AQ5,0.08088886737823486,-0.15000000000000002,0.2516876459121704,-0.07617326355548325,-0.12189673185348511,-0.0811289131641388,-0.09257988929748535,-0.10471678972244264,-0.0691605567932129,-0.05608632564544678,-0.10663307905197145,-0.015391908586025238,-0.08757004737854004,-0.1062638282775879,-0.0643752634525299,-0.056344300508499146,-0.11176435947418213,-0.12290834188461304,-0.10663307905197145,-0.10734045505523682,-0.02216615676879883,-0.037876206636428836,-0.015391908586025238,-0.017912918329238893,-0.08616522550582886,-0.08924189805984498,-0.08757004737854004,-0.08199046850204468
supp_AQ5xQ4,203,36,AQ5,0.04757679998874664,-0.21000001430511475,0.7433882713317872,-0.2447877283923432,-0.16905531883239747,-0.21822285652160645,-0.19839904308319092,-0.32517552375793457,-0.2383985996246338,-0.2514204978942871,-0.2352846622467041,-0.16261645555496218,-0.2560011863708496,-0.3249258041381836,-0.23344895839691163,-0.2530343532562256,-0.24404048919677734,-0.241359281539917,-0.2352846622467041,-0.23856008052825928,-0.1558289170265198,-0.18233988285064698,-0.16261645555496218,-0.1654592275619507,-0.248268723487854,-0.26191794872283936,-0.2560011863708496,-0.2509044647216797
supp_AQ5xQ4,203,39,AQ5,-0.024022474884986877,-0.30000000000000004,1.123304843902588,-0.2883390303676239,-0.26093716621398927,-0.26412181854248046,-0.2895174503326416,-0.2773258209228516,-0.340215015411377,-0.29977004528045653,-0.2752434253692627,-0.27736821174621584,-0.31271722316741946,-0.2786550045013428,-0.3362203359603882,-0.3013915538787842,-0.28742830753326415,-0.28238682746887206,-0.2752434253692627,-0.27959344387054447,-0.29027481079101564,-0.2864907026290894,-0.27736821174621584,-0.28225317001342776,-0.31421296596527104,-0.3060025215148926,-0.31271722316741946,-0.3090074062347412
supp_AQ5xQ4,207,20,AQ5,0.6350201666355133,0.45,0.05655591487884522,0.3909338834903409,0.44222402572631836,0.43251752853393555,0.4152888298034668,0.37356309890747075,0.39862301349639895,0.40978283882141114,0.3711054086685181,0.39938201904296877,0.44014940261840824,0.3753487586975098,0.3935900211334229,0.4103851318359375,0.37013835906982423,0.36038002967834476,0.3711054086685181,0.3688999652862549,0.39761128425598147,0.4010645866394043,0.39938201904296877,0.4017735004425049,0.44237990379333497,0.42489118576049806,0.44014940261840824,0.435044002532959
supp_AQ5xQ4,207,24,AQ5,0.5974954217672348,0.33000001907348636,-0.027884507179260255,0.24084656273934857,0.2815208911895752,0.29105753898620607,0.28093967437744144,0.24325201511383057,0.27775275707244873,0.3061062812805176,0.25538547039031984,0.27825927734375,0.31392407417297363,0.24258289337158204,0.27544631958007815,0.306776762008667,0.2625720024108887,0.24477875232696533,0.25538547039031984,0.2566269874572754,0.2782775402069092,0.2543334722518921,0.27825927734375,0.2686096906661987,0.31838316917419435,0.2931712865829468,0.31392407417297363,0.3100624084472656
supp_AQ5xQ4,207,27,AQ5,0.5307935327291489,0.24000000953674316,-0.02876584231853485,0.17368727713504628,0.20652313232421876,0.23618023395538332,0.209948468208313,0.1676697850227356,0.17174787521362306,0.2133734464645386,0.17360546588897707,0.1903847932815552,0.18828365802764893,0.16647672653198242,0.16890832185745241,0.2131673812866211,0.19588521718978882,0.16049995422363283,0.17360546588897707,0.17700734138488772,0.1920356035232544,0.15183491706848146,0.1903847932815552,0.1773671269416809,0.20521366596221924,0.17715315818786623,0.18828365802764893,0.19372777938842775
supp_AQ5xQ4,207,31,AQ5,0.3892548829317093,0.12000000476837158,-0.010230499505996705,0.08506161376862263,0.12430667877197266,0.1320037841796875,0.12010339498519898,0.07952853441238404,0.07810517549514771,0.12763056755065919,0.07452772855758667,0.08230164051055909,0.11032509803771973,0.07746230363845825,0.077056622505188,0.12736072540283203,0.09291901588439942,0.0676052987575531,0.07452772855758667,0.08103545904159547,0.0864537537097931,0.060648733377456666,0.08230164051055909,0.07850856184959412,0.10342493057250977,0.10592658519744874,0.11032509803771973,0.11762185096740724
supp_AQ5xQ4,207,34,AQ5,0.2515871524810791,-0.030000001192092896,0.2738807201385498,-0.06666539815031439,-0.02460266351699829,-0.0885519027709961,-0.0599429726600647,-0.07843906283378602,-0.05781210660934449,-0.06377269625663758,-0.07496684789657593,-0.01664193868637085,-0.08564760684967042,-0.08042026758193971,-0.05716530084609986,-0.06446841359138489,-0.07758941650390626,-0.07525529265403748,-0.07496684789657593,-0.07195286750793457,-0.00813136100769043,-0.04287576675415039,-0.01664193868637085,-0.021792173385620117,-0.08323898315429688,-0.0952097475528717,-0.08564760684967042,-0.07816898822784424
supp_AQ5xQ4,207,38,AQ5,0.11024892330169678,-0.15000000000000002,1.3741670608520509,-0.15822270436590644,-0.11047196388244629,-0.09833303689956666,-0.09668704271316529,-0.14468358755111696,-0.16081678867340088,-0.0971265196800232,-0.10284935235977173,-0.07477983236312867,-0.10199493169784546,-0.14645591974258423,-0.15621552467346192,-0.09707674980163575,-0.10309509038925171,-0.12457833290100098,-0.10284935235977173,-0.10685460567474366,-0.0814934015274048,-0.09813473820686341,-0.07477983236312867,-0.08012167811393739,-0.10038566589355469,-0.11935156583786011,-0.10199493169784546,-0.09639669060707093
supp_AQ5xQ4,207,41,AQ5,0.02118992805480957,-0.24000000953674316,1.3001596450805666,-0.23347094696688836,-0.2610541582107544,-0.18739206790924073,-0.23636972904205322,-0.289113450050354,-0.2821979999542236,-0.2801922559738159,-0.2316673040390015,-0.21021780967712403,-0.2840552568435669,-0.28978517055511477,-0.2776467323303223,-0.2817249298095703,-0.24008500576019287,-0.23275456428527833,-0.2316673040390015,-0.23552937507629396,-0.2133955240249634,-0.21586368083953858,-0.21021780967712403,-0.21075439453125,-0.28093948364257815,-0.27766516208648684,-0.2840552568435669,-0.2784904718399048
supp_AQ5xQ4,207,45,AQ5,-0.0910501778125763,-0.36000001430511475,1.4022956848144532,-0.29932564318144617,-0.3947779178619385,-0.3538698673248291,-0.36452105045318606,-0.3626069784164429,-0.35361905097961427,-0.36680254936218265,-0.29720563888549806,-0.28800010681152344,-0.3351677179336548,-0.36416962146759035,-0.3459847688674927,-0.3679971218109131,-0.3058193683624268,-0.29882986545562745,-0.29720563888549806,-0.29699015617370605,-0.28815736770629885,-0.2905543327331543,-0.28800010681152344,-0.28387789726257323,-0.3337567806243897,-0.3379860401153565,-0.3351677179336548,-0.3360179901123047
