split,variant,n_windows,lead_MAE_vx@0.25s,lead_RMSE_vx@0.25s,prefix_MAE_vx@0.25s,lead_MAE_vy@0.25s,lead_RMSE_vy@0.25s,prefix_MAE_vy@0.25s,lead_MAE_wz@0.25s,lead_RMSE_wz@0.25s,prefix_MAE_wz@0.25s,lead_MAE_vx@0.5s,lead_RMSE_vx@0.5s,prefix_MAE_vx@0.5s,lead_MAE_vy@0.5s,lead_RMSE_vy@0.5s,prefix_MAE_vy@0.5s,lead_MAE_wz@0.5s,lead_RMSE_wz@0.5s,prefix_MAE_wz@0.5s,lead_MAE_vx@1.0s,lead_RMSE_vx@1.0s,prefix_MAE_vx@1.0s,lead_MAE_vy@1.0s,lead_RMSE_vy@1.0s,prefix_MAE_vy@1.0s,lead_MAE_wz@1.0s,lead_RMSE_wz@1.0s,prefix_MAE_wz@1.0s,lead_MAE_vx@2.0s,lead_RMSE_vx@2.0s,prefix_MAE_vx@2.0s,lead_MAE_vy@2.0s,lead_RMSE_vy@2.0s,prefix_MAE_vy@2.0s,lead_MAE_wz@2.0s,lead_RMSE_wz@2.0s,prefix_MAE_wz@2.0s,legacy_MAE_all_mixed_unit
A_unseen_anchor_seen_family,M0_s42,288,0.04165341332554817,0.058796752244234085,0.037224967032670975,0.03736908733844757,0.05461187660694122,0.03604340925812721,0.08874775469303131,0.11583422869443893,0.08222402632236481,0.04304106906056404,0.059503715485334396,0.03763279318809509,0.04707075655460358,0.07304391264915466,0.03901762515306473,0.09890148043632507,0.12521643936634064,0.08856216073036194,0.042910411953926086,0.055869363248348236,0.03976064547896385,0.04378904029726982,0.05784623324871063,0.04342784732580185,0.09893127530813217,0.127589613199234,0.09506560117006302,0.04425053671002388,0.06512482464313507,0.04116900637745857,0.04329377040266991,0.05828502029180527,0.046528227627277374,0.07813629508018494,0.10078603029251099,0.09670455008745193,0.06146726384758949
A_unseen_anchor_seen_family,M0_s43,288,0.03694834187626839,0.05355852097272873,0.0351562537252903,0.03381413221359253,0.05133980140089989,0.035978615283966064,0.08766041696071625,0.1134096160531044,0.08213388919830322,0.044623684138059616,0.062947578728199,0.03709125518798828,0.04210646450519562,0.06072599068284035,0.039342205971479416,0.10158327966928482,0.1308041214942932,0.08844677358865738,0.044234249740839005,0.06137102097272873,0.03943192586302757,0.043534696102142334,0.055848609656095505,0.0439794585108757,0.10206581652164459,0.13129250705242157,0.09600941091775894,0.04126288741827011,0.05982303246855736,0.040278054773807526,0.04204440861940384,0.05616401135921478,0.04686625674366951,0.07899469882249832,0.10198909044265747,0.09700170159339905,0.061382003128528595
A_unseen_anchor_seen_family,M0_s44,288,0.04079720750451088,0.05681693181395531,0.03681103512644768,0.03862939402461052,0.0536237433552742,0.036795493215322495,0.08707000315189362,0.11333104968070984,0.08182035386562347,0.04307130351662636,0.06222688406705856,0.0381433367729187,0.049983661621809006,0.07193394005298615,0.04066823422908783,0.10631793737411499,0.13385221362113953,0.08914116024971008,0.04251740872859955,0.058842409402132034,0.03947038576006889,0.04228738695383072,0.05521174147725105,0.043879974633455276,0.10335373133420944,0.1319790780544281,0.09450378268957138,0.041541654616594315,0.05972243845462799,0.04057566449046135,0.045892342925071716,0.059559863060712814,0.04764577001333237,0.0769718587398529,0.10085458308458328,0.09634168446063995,0.06152103468775749
A_unseen_anchor_seen_family,M1_s42,288,0.04299937188625336,0.05630236119031906,0.0378122553229332,0.0361214280128479,0.050104569643735886,0.0350511334836483,0.08886273950338364,0.11592535674571991,0.08404064178466797,0.04196636378765106,0.05817554518580437,0.03893130272626877,0.04365165904164314,0.05693080276250839,0.0392131470143795,0.1003013327717781,0.1319364458322525,0.09099666029214859,0.04257496818900108,0.05660545080900192,0.03909359872341156,0.04511566832661629,0.05944040045142174,0.04341374337673187,0.10551394522190094,0.13335934281349182,0.09636793285608292,0.04228086397051811,0.05707023665308952,0.040397513657808304,0.03981568664312363,0.049353789538145065,0.04591291397809982,0.07565566897392273,0.09915444999933243,0.09652453660964966,0.06094498932361603
A_unseen_anchor_seen_family,M1_s42/cvar_cross_support,288,0.05618433281779289,0.07261612266302109,0.04918130114674568,0.04718831181526184,0.06413357704877853,0.047615136951208115,0.11312411725521088,0.14704833924770355,0.09878402203321457,0.057100310921669006,0.07443535327911377,0.0493394210934639,0.05597542226314545,0.07328833639621735,0.051581818610429764,0.13937759399414062,0.17738497257232666,0.10744041949510574,0.04933350905776024,0.06594518572092056,0.05033949390053749,0.08427909761667252,0.11350657790899277,0.0657728835940361,0.1258930116891861,0.16018013656139374,0.11724230647087097,0.051074329763650894,0.06855802983045578,0.05090917646884918,0.06661306321620941,0.09395620971918106,0.07401388138532639,0.08761776238679886,0.1169273853302002,0.11350082606077194,0.07947463542222977
A_unseen_anchor_seen_family,M1_s42/cvar_diff_condition,288,0.05642268434166908,0.07199899107217789,0.04940757900476456,0.04662980139255524,0.06540858000516891,0.049543969333171844,0.11580409109592438,0.1476505994796753,0.0977669507265091,0.05752360820770264,0.07494597882032394,0.049203597009181976,0.055643703788518906,0.07346982508897781,0.05229007825255394,0.14545509219169617,0.18089349567890167,0.10829412937164307,0.05014096200466156,0.06715231388807297,0.05019949749112129,0.09406518936157227,0.13252349197864532,0.06774624437093735,0.12762421369552612,0.1606883406639099,0.11778704077005386,0.05432414636015892,0.07271046191453934,0.05142603814601898,0.06959376484155655,0.09360098093748093,0.07762376219034195,0.09035834670066833,0.117811419069767,0.11452630162239075,0.08119203895330429
A_unseen_anchor_seen_family,M1_s42/cvar_shuffle,288,0.04645339772105217,0.061564862728118896,0.043761707842350006,0.04585454612970352,0.06572158634662628,0.04413536936044693,0.10606515407562256,0.13577619194984436,0.09118255972862244,0.04922513663768768,0.0665329247713089,0.04475871101021767,0.05580650269985199,0.07471747696399689,0.049161430448293686,0.11889142543077469,0.1514761745929718,0.09977862238883972,0.04690631479024887,0.06377777457237244,0.04625413566827774,0.07787912338972092,0.10992702841758728,0.060921281576156616,0.12875252962112427,0.16338041424751282,0.11030767112970352,0.050071462988853455,0.069736547768116,0.048580270260572433,0.06430068612098694,0.09203419089317322,0.07173430919647217,0.09234070032835007,0.11924757063388824,0.10977045446634293,0.07669501006603241
A_unseen_anchor_seen_family,M1_s42/cvar_zero,288,0.04460897669196129,0.06008695438504219,0.03984765708446503,0.040229931473731995,0.05792063847184181,0.040637772530317307,0.09864412248134613,0.1287742555141449,0.08911998569965363,0.048130691051483154,0.06507472693920135,0.04210968688130379,0.048976629972457886,0.06582817435264587,0.044538456946611404,0.12159058451652527,0.15427535772323608,0.09956081956624985,0.043854400515556335,0.06069357693195343,0.04325845465064049,0.06258174031972885,0.08973055332899094,0.051894430071115494,0.11094359308481216,0.14268182218074799,0.10525065660476685,0.04429522156715393,0.062003083527088165,0.04419289156794548,0.05774509161710739,0.08215245604515076,0.06198859587311745,0.08587680757045746,0.11216108500957489,0.10336566716432571,0.06984906643629074
A_unseen_anchor_seen_family,M1_s43,288,0.040482297539711,0.05495864525437355,0.03665880486369133,0.03343548998236656,0.049498315900564194,0.037851281464099884,0.09237784892320633,0.12064189463853836,0.08566240966320038,0.03869354724884033,0.05637576803565025,0.03768293559551239,0.044147294014692307,0.06372636556625366,0.03940931707620621,0.0961010754108429,0.12304145097732544,0.08988325297832489,0.040569521486759186,0.054856304079294205,0.03899548947811127,0.042335204780101776,0.055520012974739075,0.043123260140419006,0.11057373881340027,0.142024427652359,0.0945819839835167,0.04117317870259285,0.061601486057043076,0.040139470249414444,0.039833731949329376,0.05123230069875717,0.045038726180791855,0.07541963458061218,0.09841299802064896,0.09537719935178757,0.06018512696027756
A_unseen_anchor_seen_family,M1_s43/cvar_cross_support,288,0.05888507142663002,0.0765475332736969,0.05263455584645271,0.047943342477083206,0.06529384106397629,0.05153660103678703,0.09839116036891937,0.12917199730873108,0.0904633104801178,0.04396667331457138,0.06101774424314499,0.051615599542856216,0.05578196048736572,0.07765226066112518,0.05294213816523552,0.11588475108146667,0.14335520565509796,0.0989474505186081,0.04936941713094711,0.0635317713022232,0.049443211406469345,0.09153509140014648,0.11843018978834152,0.069980189204216,0.11519673466682434,0.14428073167800903,0.10961642861366272,0.048924367874860764,0.07048261910676956,0.05070896074175835,0.07186481356620789,0.09945362061262131,0.07725983113050461,0.08699102699756622,0.11056371033191681,0.11093206703662872,0.07963363081216812
A_unseen_anchor_seen_family,M1_s43/cvar_diff_condition,288,0.05521541088819504,0.07362188398838043,0.05033203214406967,0.048538029193878174,0.06697496771812439,0.05275389924645424,0.10342215746641159,0.13333465158939362,0.08922946453094482,0.04328550770878792,0.06007138639688492,0.049974728375673294,0.057680051773786545,0.08109263330698013,0.05437082797288895,0.11618877947330475,0.1482229381799698,0.09855696558952332,0.0508812740445137,0.06478731334209442,0.04897608608007431,0.09151429682970047,0.12285102903842926,0.06970350444316864,0.12092556059360504,0.15643998980522156,0.11102595925331116,0.04930970445275307,0.07044606655836105,0.05093598738312721,0.06857379525899887,0.0951475128531456,0.08009481430053711,0.09045731276273727,0.11677215248346329,0.11235775053501129,0.0811295211315155
A_unseen_anchor_seen_family,M1_s43/cvar_shuffle,288,0.05085001885890961,0.06716496497392654,0.0443061888217926,0.04449783265590668,0.06673551350831985,0.049392275512218475,0.10031812638044357,0.13385194540023804,0.08825775980949402,0.04534529894590378,0.06438469141721725,0.04604644328355789,0.05695082247257233,0.08102019876241684,0.051263730973005295,0.11413829773664474,0.14256277680397034,0.09743291884660721,0.05016368627548218,0.0660720095038414,0.046659089624881744,0.08133701235055923,0.106758251786232,0.0634382888674736,0.1206352710723877,0.16031207144260406,0.10703977197408676,0.05591440200805664,0.0787598267197609,0.04989314451813698,0.06984922289848328,0.09961462765932083,0.07550095021724701,0.0935065820813179,0.11914218217134476,0.10850618034601212,0.07796675711870193
A_unseen_anchor_seen_family,M1_s43/cvar_zero,288,0.04574912041425705,0.06302659213542938,0.04144003614783287,0.041826024651527405,0.060240551829338074,0.04312078282237053,0.09635768085718155,0.13009172677993774,0.08741260319948196,0.040893297642469406,0.057075098156929016,0.04270380362868309,0.05183246359229088,0.0738324522972107,0.045734845101833344,0.11162500828504562,0.14023779332637787,0.09567917883396149,0.04510379955172539,0.06065797433257103,0.043418772518634796,0.060910701751708984,0.08370739966630936,0.0522485114634037,0.10263387113809586,0.13639375567436218,0.10218190401792526,0.04699111357331276,0.0681515634059906,0.04490020498633385,0.060108158737421036,0.08167766779661179,0.0623014010488987,0.08698257058858871,0.11092431098222733,0.10215604305267334,0.06978587806224823
A_unseen_anchor_seen_family,M1_s44,288,0.03954307734966278,0.05493481829762459,0.03606303408741951,0.035422131419181824,0.05377547815442085,0.035824086517095566,0.08287934213876724,0.10885494947433472,0.07991203665733337,0.043949194252491,0.06416137516498566,0.03749168664216995,0.04228116571903229,0.062420930713415146,0.038645464926958084,0.09680365025997162,0.12114786356687546,0.08696955442428589,0.04229160025715828,0.05845188349485397,0.03839853033423424,0.04549454152584076,0.06324256211519241,0.042954184114933014,0.1038738489151001,0.13306033611297607,0.09274355322122574,0.03959604352712631,0.057696640491485596,0.03984888270497322,0.04597599804401398,0.06479775905609131,0.046007219702005386,0.07605721056461334,0.09828242659568787,0.09417254477739334,0.06000955402851105
A_unseen_anchor_seen_family,M1_s44/cvar_cross_support,288,0.05012292414903641,0.06724189221858978,0.044838011264801025,0.04652811586856842,0.06613337248563766,0.0443195141851902,0.10449588298797607,0.1359599381685257,0.09180023521184921,0.05645332112908363,0.07720302790403366,0.04724256321787834,0.05215669423341751,0.07496390491724014,0.04795869067311287,0.11396893858909607,0.14550235867500305,0.10013766586780548,0.049425940960645676,0.06614865362644196,0.046867456287145615,0.09920742362737656,0.1316733956336975,0.0692925751209259,0.11812499910593033,0.1487281173467636,0.11225509643554688,0.04758472368121147,0.06875619292259216,0.04935622587800026,0.07343316078186035,0.109761543571949,0.07948242127895355,0.08749363571405411,0.1147456243634224,0.11097263544797897,0.07993709295988083
A_unseen_anchor_seen_family,M1_s44/cvar_diff_condition,288,0.048240676522254944,0.06552381813526154,0.043887630105018616,0.046437911689281464,0.06661689281463623,0.04619346559047699,0.10494175553321838,0.136651873588562,0.09137691557407379,0.05491844564676285,0.07676207274198532,0.046755142509937286,0.053787846118211746,0.0759599357843399,0.049499817192554474,0.11799441277980804,0.1497928947210312,0.10060478746891022,0.050900399684906006,0.06658950448036194,0.046360746026039124,0.1018766313791275,0.13863885402679443,0.06918424367904663,0.12076181918382645,0.15292370319366455,0.11444269865751266,0.04791068285703659,0.06845378875732422,0.04949137195944786,0.07227127999067307,0.10399442166090012,0.08051332086324692,0.08444073796272278,0.1102483794093132,0.11203329265117645,0.08067931979894638
A_unseen_anchor_seen_family,M1_s44/cvar_shuffle,288,0.04657454043626785,0.0618613101541996,0.04337027296423912,0.04520653188228607,0.06462710350751877,0.04287032410502434,0.08738395571708679,0.11562249064445496,0.08604629337787628,0.046578653156757355,0.06526941806077957,0.043929893523454666,0.04997856169939041,0.073017418384552,0.04623118415474892,0.1003938838839531,0.12754282355308533,0.09357904642820358,0.05004342272877693,0.06595258414745331,0.04445137083530426,0.08712907880544662,0.12029140442609787,0.06122201308608055,0.11549009382724762,0.14925280213356018,0.10429803282022476,0.04856216907501221,0.07096005976200104,0.048879824578762054,0.06808975338935852,0.10084180533885956,0.07242047041654587,0.087443046271801,0.11426462233066559,0.10658270865678787,0.07596100121736526
A_unseen_anchor_seen_family,M1_s44/cvar_zero,288,0.03967706859111786,0.056278444826602936,0.03761976957321167,0.044765617698431015,0.06351170688867569,0.042077187448740005,0.09022729843854904,0.1199885904788971,0.08371073752641678,0.04833131283521652,0.06828221678733826,0.04009370133280754,0.048281583935022354,0.069253109395504,0.04500531032681465,0.09922314435243607,0.1261231005191803,0.09060025960206985,0.049474410712718964,0.06557166576385498,0.041854068636894226,0.06474438309669495,0.09386544674634933,0.05350211635231972,0.11427929997444153,0.14589712023735046,0.10009630769491196,0.043846484273672104,0.06523311883211136,0.044667698442935944,0.058933667838573456,0.08493299037218094,0.06352824717760086,0.0843864381313324,0.10912180691957474,0.10104217380285263,0.06974603980779648
A_unseen_anchor_seen_family,M2_s42,288,0.037501513957977295,0.05225975438952446,0.03556007891893387,0.037663839757442474,0.0570857897400856,0.037969738245010376,0.08872278779745102,0.11900391429662704,0.08339636772871017,0.04246971756219864,0.057692669332027435,0.03701550513505936,0.05198071897029877,0.07061739265918732,0.043019384145736694,0.09692572057247162,0.12747950851917267,0.09039083123207092,0.04255235195159912,0.057144343852996826,0.038961637765169144,0.0510261096060276,0.07060857862234116,0.047246020287275314,0.10925708711147308,0.1396586298942566,0.09651724249124527,0.04650189355015755,0.06494656950235367,0.0408509187400341,0.043606873601675034,0.06697450578212738,0.05279476195573807,0.08277587592601776,0.10765410959720612,0.09805629402399063,0.0639006569981575
A_unseen_anchor_seen_family,M2_s42/donor_native,288,0.037501513957977295,0.05225975438952446,0.03556007891893387,0.037663839757442474,0.0570857897400856,0.037969738245010376,0.08872278779745102,0.11900391429662704,0.08339636772871017,0.04246971756219864,0.057692669332027435,0.03701550513505936,0.05198071897029877,0.07061739265918732,0.043019384145736694,0.09692572057247162,0.12747950851917267,0.09039083123207092,0.04255235195159912,0.057144343852996826,0.038961637765169144,0.0510261096060276,0.07060857862234116,0.047246020287275314,0.10925708711147308,0.1396586298942566,0.09651724249124527,0.04650189355015755,0.06494656950235367,0.0408509187400341,0.043606873601675034,0.06697450578212738,0.05279476195573807,0.08277587592601776,0.10765410959720612,0.09805629402399063,0.0639006569981575
A_unseen_anchor_seen_family,M2_s42/donor_same_cond,288,0.03698079660534859,0.051443908363580704,0.03502224385738373,0.033003173768520355,0.04801109433174133,0.035792507231235504,0.0875910222530365,0.11405517160892487,0.08252572268247604,0.040037862956523895,0.0557086355984211,0.035667259246110916,0.04632467031478882,0.062220338732004166,0.039156723767519,0.09565261006355286,0.12467025965452194,0.0886877030134201,0.040025267750024796,0.05421573668718338,0.03719813749194145,0.04579952731728554,0.06242087483406067,0.0428585484623909,0.10243941843509674,0.13021382689476013,0.09308912605047226,0.042041681706905365,0.05843427777290344,0.03868532180786133,0.035971108824014664,0.04566356912255287,0.04332657903432846,0.07446254044771194,0.09707098454236984,0.09357020258903503,0.05852736905217171
A_unseen_anchor_seen_family,M2_s42/donor_wrong_cond,288,0.048740994185209274,0.06865967810153961,0.04066275805234909,0.044051870703697205,0.07040664553642273,0.043135128915309906,0.08893848955631256,0.11954300105571747,0.0862475261092186,0.04963075742125511,0.06540130078792572,0.042785923928022385,0.05835476890206337,0.08053307235240936,0.049227409064769745,0.10623977333307266,0.14074371755123138,0.09569893777370453,0.04851025342941284,0.06570074707269669,0.045671191066503525,0.07357516884803772,0.10756956040859222,0.05935259908437729,0.12751156091690063,0.16405875980854034,0.10775930434465408,0.06238720193505287,0.08796727657318115,0.051953431218862534,0.06754818558692932,0.1173550933599472,0.07546640187501907,0.1085582971572876,0.14315421879291534,0.11273311823606491,0.08005097508430481
A_unseen_anchor_seen_family,M2_s42/donor_zero,288,0.04725613817572594,0.06428512930870056,0.03884752094745636,0.038663990795612335,0.05733557790517807,0.03913126140832901,0.08693583309650421,0.1162833496928215,0.0846693217754364,0.04341435059905052,0.05989079177379608,0.03934358060359955,0.05092073976993561,0.06729434430599213,0.043717559427022934,0.10040818154811859,0.13123612105846405,0.0914934054017067,0.047850050032138824,0.06374716013669968,0.041289642453193665,0.056319646537303925,0.07906081527471542,0.050214607268571854,0.10786329954862595,0.13816294074058533,0.09688576310873032,0.047096967697143555,0.06594321876764297,0.042974118143320084,0.05286455899477005,0.07841802388429642,0.05896913260221481,0.08564555644989014,0.11095496267080307,0.09842219948768616,0.06678847968578339
A_unseen_anchor_seen_family,M2_s43,288,0.038931895047426224,0.05423303321003914,0.035082243382930756,0.03800894692540169,0.056370414793491364,0.03841728717088699,0.08487659692764282,0.11745051294565201,0.08452776819467545,0.04057766869664192,0.05677514150738716,0.037120189517736435,0.05284496769309044,0.07481946796178818,0.04254908487200737,0.09580956399440765,0.12366952747106552,0.09073209762573242,0.04274953901767731,0.06002623215317726,0.03862683102488518,0.04761241376399994,0.061570748686790466,0.046707652509212494,0.10268015414476395,0.1308906525373459,0.09476995468139648,0.047181908041238785,0.06774351000785828,0.041645124554634094,0.04911641776561737,0.07960040867328644,0.054673127830028534,0.08059579879045486,0.10608620941638947,0.0965815857052803,0.06429994106292725
A_unseen_anchor_seen_family,M2_s43/donor_native,288,0.038931895047426224,0.05423303321003914,0.035082243382930756,0.03800894692540169,0.056370414793491364,0.03841728717088699,0.08487659692764282,0.11745051294565201,0.08452776819467545,0.04057766869664192,0.05677514150738716,0.037120189517736435,0.05284496769309044,0.07481946796178818,0.04254908487200737,0.09580956399440765,0.12366952747106552,0.09073209762573242,0.04274953901767731,0.06002623215317726,0.03862683102488518,0.04761241376399994,0.061570748686790466,0.046707652509212494,0.10268015414476395,0.1308906525373459,0.09476995468139648,0.047181908041238785,0.06774351000785828,0.041645124554634094,0.04911641776561737,0.07960040867328644,0.054673127830028534,0.08059579879045486,0.10608620941638947,0.0965815857052803,0.06429994106292725
A_unseen_anchor_seen_family,M2_s43/donor_same_cond,288,0.034348681569099426,0.048292409628629684,0.033614955842494965,0.036326900124549866,0.05074463412165642,0.036621399223804474,0.08435489237308502,0.11217385530471802,0.08338813483715057,0.037985749542713165,0.053928278386592865,0.035193853080272675,0.04830889776349068,0.06764620542526245,0.039094068109989166,0.09577770531177521,0.12120115011930466,0.08886046707630157,0.04091740399599075,0.05599620193243027,0.03654196485877037,0.042135581374168396,0.05421663075685501,0.042522069066762924,0.10206852853298187,0.1309092491865158,0.09318955987691879,0.0401371531188488,0.05937263369560242,0.03940791264176369,0.03747768700122833,0.048499852418899536,0.04326242953538895,0.07121344655752182,0.09397090971469879,0.0936664491891861,0.05877893418073654
A_unseen_anchor_seen_family,M2_s43/donor_wrong_cond,288,0.04465850070118904,0.0629311203956604,0.039836663752794266,0.04695756733417511,0.06627603620290756,0.04378782585263252,0.08672845363616943,0.11950501054525375,0.0868147537112236,0.04662947356700897,0.06501034647226334,0.04249563813209534,0.05925125628709793,0.08259335160255432,0.04892050474882126,0.10670462250709534,0.13759168982505798,0.09624992311000824,0.05041273310780525,0.069740429520607,0.04457996040582657,0.0748443752527237,0.10761015117168427,0.05986680090427399,0.12784993648529053,0.17033825814723969,0.10738673806190491,0.06835991889238358,0.09647759795188904,0.05417679250240326,0.07051138579845428,0.11811310052871704,0.07699757814407349,0.10469686985015869,0.13939669728279114,0.11309628933668137,0.0814235508441925
A_unseen_anchor_seen_family,M2_s43/donor_zero,288,0.039036259055137634,0.05472928285598755,0.03630701079964638,0.03898923844099045,0.056375548243522644,0.03905356302857399,0.08219386637210846,0.1129661574959755,0.08330242335796356,0.041481368243694305,0.05798611044883728,0.03823467344045639,0.052224889397621155,0.07339455932378769,0.04305872693657875,0.09145186096429825,0.11941468715667725,0.08912497758865356,0.043402090668678284,0.06081906333565712,0.0398736335337162,0.053451016545295715,0.07161491364240646,0.05058823525905609,0.10684878379106522,0.1375907063484192,0.09473802894353867,0.044991862028837204,0.06573338061571121,0.042479272931814194,0.05430558696389198,0.07945317775011063,0.06023579090833664,0.0856543779373169,0.11078238487243652,0.0973811224102974,0.06669872999191284
A_unseen_anchor_seen_family,M2_s44,288,0.04205404222011566,0.05897907912731171,0.03578495606780052,0.039869070053100586,0.05924827232956886,0.037915028631687164,0.08878792822360992,0.12334795296192169,0.08295953273773193,0.04166506975889206,0.058577220886945724,0.03754764050245285,0.0468793548643589,0.06452618539333344,0.0420299656689167,0.10245052725076675,0.13246667385101318,0.09136974811553955,0.04282814636826515,0.058128856122493744,0.038634587079286575,0.048763200640678406,0.06596659123897552,0.04533844068646431,0.10622700303792953,0.13886210322380066,0.0972118154168129,0.04499371722340584,0.06343496590852737,0.04129176586866379,0.04777080938220024,0.07493068277835846,0.052655868232250214,0.08290229737758636,0.10736656188964844,0.09875186532735825,0.06423316895961761
A_unseen_anchor_seen_family,M2_s44/donor_native,288,0.04205404222011566,0.05897907912731171,0.03578495606780052,0.039869070053100586,0.05924827232956886,0.037915028631687164,0.08878792822360992,0.12334795296192169,0.08295953273773193,0.04166506975889206,0.058577220886945724,0.03754764050245285,0.0468793548643589,0.06452618539333344,0.0420299656689167,0.10245052725076675,0.13246667385101318,0.09136974811553955,0.04282814636826515,0.058128856122493744,0.038634587079286575,0.048763200640678406,0.06596659123897552,0.04533844068646431,0.10622700303792953,0.13886210322380066,0.0972118154168129,0.04499371722340584,0.06343496590852737,0.04129176586866379,0.04777080938220024,0.07493068277835846,0.052655868232250214,0.08290229737758636,0.10736656188964844,0.09875186532735825,0.06423316895961761
A_unseen_anchor_seen_family,M2_s44/donor_same_cond,288,0.03873877972364426,0.05374307557940483,0.034161075949668884,0.03351771831512451,0.048342470079660416,0.03534895181655884,0.08698263764381409,0.11626304686069489,0.08124102652072906,0.0384775772690773,0.056188616901636124,0.03527408465743065,0.040688417851924896,0.055476173758506775,0.03822833299636841,0.09885615855455399,0.12570561468601227,0.08821868151426315,0.03925224393606186,0.053257256746292114,0.036485373973846436,0.04398568347096443,0.05867321789264679,0.04117532819509506,0.10113261640071869,0.13009785115718842,0.09284544736146927,0.03931574150919914,0.054794300347566605,0.03856201842427254,0.03909565508365631,0.051382165402173996,0.04270244017243385,0.07453540712594986,0.09738565981388092,0.09427417069673538,0.05851287767291069
A_unseen_anchor_seen_family,M2_s44/donor_wrong_cond,288,0.049813948571681976,0.0704556480050087,0.04047790914773941,0.04854099825024605,0.07716996222734451,0.04266883432865143,0.08900634199380875,0.12426628172397614,0.08519924432039261,0.04761149361729622,0.06497712433338165,0.04279939457774162,0.051573947072029114,0.07695525884628296,0.048430416733026505,0.11153120547533035,0.1453607678413391,0.09574159234762192,0.04899214208126068,0.0660281628370285,0.045000310987234116,0.0743120014667511,0.10704659670591354,0.05785471946001053,0.12998700141906738,0.16946358978748322,0.10856950283050537,0.06559018045663834,0.09055311977863312,0.053112369030714035,0.07530694454908371,0.12253125011920929,0.07693785429000854,0.10877881199121475,0.1423160433769226,0.11509934812784195,0.08171652257442474
A_unseen_anchor_seen_family,M2_s44/donor_zero,288,0.04250247776508331,0.05837786942720413,0.03615204989910126,0.040543343871831894,0.0581110417842865,0.038424402475357056,0.08311548829078674,0.11365818232297897,0.0814349576830864,0.04073452949523926,0.0586157850921154,0.03832581266760826,0.04676516354084015,0.06329382956027985,0.04281002655625343,0.09721139818429947,0.12682633101940155,0.08922265470027924,0.04334370791912079,0.05905792489647865,0.039689041674137115,0.05352699011564255,0.07319332659244537,0.048346735537052155,0.10977239161729813,0.1426006257534027,0.09584951400756836,0.04348699375987053,0.061019428074359894,0.04215286299586296,0.055776968598365784,0.08186537027359009,0.05843569338321686,0.08611709624528885,0.11066552251577377,0.09846615046262741,0.06635157018899918
A_unseen_anchor_seen_family,M3_s42,288,0.04316859319806099,0.056544121354818344,0.037793297320604324,0.03593916445970535,0.049923256039619446,0.034958332777023315,0.08884258568286896,0.11586879193782806,0.08403976261615753,0.041961271315813065,0.058087050914764404,0.03894020617008209,0.043511535972356796,0.05667770653963089,0.03908701613545418,0.10012727975845337,0.13160791993141174,0.09093166142702103,0.042534127831459045,0.056621283292770386,0.03908456489443779,0.04511494189500809,0.05943712964653969,0.04329043626785278,0.10505915433168411,0.13285256922245026,0.09625286608934402,0.04230843111872673,0.05699646845459938,0.040367867797613144,0.03969471901655197,0.04916815087199211,0.045756492763757706,0.07562936842441559,0.09901603311300278,0.09639320522546768,0.060839179903268814
A_unseen_anchor_seen_family,M3_s43,288,0.040342528373003006,0.05477544292807579,0.036471668630838394,0.0333360880613327,0.04936572536826134,0.03777455911040306,0.092369943857193,0.1207427978515625,0.08561116456985474,0.038625363260507584,0.0564102977514267,0.03754831477999687,0.04404504597187042,0.06360767036676407,0.039317358285188675,0.09578439593315125,0.12278005480766296,0.08980567008256912,0.040314484387636185,0.05464411526918411,0.03887329623103142,0.042101845145225525,0.0553022138774395,0.04304884001612663,0.11059346795082092,0.14210623502731323,0.09454724192619324,0.041082195937633514,0.06154089793562889,0.040064699947834015,0.039955027401447296,0.05121450126171112,0.04496960714459419,0.0753975361585617,0.09846919029951096,0.09536213427782059,0.06013214588165283
A_unseen_anchor_seen_family,M3_s44,288,0.03934906795620918,0.05472905561327934,0.03598394989967346,0.03537798672914505,0.053724948316812515,0.03586040437221527,0.08295699208974838,0.10902328789234161,0.07993064075708389,0.04399200528860092,0.0642019659280777,0.0374731682240963,0.042303506284952164,0.06245110183954239,0.038656558841466904,0.09679320454597473,0.12124530971050262,0.08699778467416763,0.04234425723552704,0.05849307030439377,0.038391709327697754,0.04527852684259415,0.06301874667406082,0.042927417904138565,0.10383811593055725,0.1330450177192688,0.09278334677219391,0.0396462082862854,0.057732634246349335,0.039866432547569275,0.04589347541332245,0.06466987729072571,0.046013541519641876,0.07605746388435364,0.09829813987016678,0.09416834264993668,0.06001611053943634
A_unseen_anchor_seen_family,command-copy,288,0.05590580031275749,0.10628257691860199,0.05288456380367279,0.05616307258605957,0.10801386833190918,0.05292323976755142,0.09238018095493317,0.14905394613742828,0.08777148276567459,0.06036173552274704,0.10506204515695572,0.05656898766756058,0.06573667377233505,0.13899405300617218,0.05638163909316063,0.11172334104776382,0.17143604159355164,0.0954311192035675,0.060332417488098145,0.10287800431251526,0.056598372757434845,0.10735278576612473,0.2286633402109146,0.07857724279165268,0.11235528439283371,0.1611570119857788,0.10827650129795074,0.06548008322715759,0.12350345402956009,0.05895543470978737,0.06412489712238312,0.1228320449590683,0.08917105197906494,0.08877018094062805,0.1246747300028801,0.1062370166182518,0.08478783816099167
A_unseen_anchor_seen_family,persistence,288,0.06869244575500488,0.11796705424785614,0.04984460771083832,0.06250691413879395,0.11185549199581146,0.04609888792037964,0.12781831622123718,0.22260713577270508,0.1108582392334938,0.12600299715995789,0.2040189653635025,0.07646464556455612,0.10150554031133652,0.16672436892986298,0.06532780081033707,0.19755509495735168,0.32022354006767273,0.14194896817207336,0.22079303860664368,0.35414573550224304,0.12976953387260437,0.18731087446212769,0.30734995007514954,0.10964351147413254,0.40012407302856445,0.632423996925354,0.23047342896461487,0.16351966559886932,0.2740097939968109,0.1658613681793213,0.1674582064151764,0.26252612471580505,0.14963257312774658,0.2914500832557678,0.4287738502025604,0.3048132061958313,0.20676904916763306
A_unseen_anchor_seen_family,persistence_OLD_wrong_axis,288,0.06869244575500488,0.11796705424785614,0.04984460771083832,0.06250691413879395,0.11185549199581146,0.04609888792037964,0.23616796731948853,0.3708992600440979,0.21065211296081543,0.12600299715995789,0.2040189653635025,0.07646464556455612,0.10150554031133652,0.16672436892986298,0.06532780081033707,0.28639763593673706,0.4185481071472168,0.2383936494588852,0.22079303860664368,0.35414573550224304,0.12976953387260437,0.18731087446212769,0.30734995007514954,0.10964351147413254,0.30077245831489563,0.4317360818386078,0.2712496221065521,0.16351966559886932,0.2740097939968109,0.1658613681793213,0.1674582064151764,0.26252612471580505,0.14963257312774658,0.19243685901165009,0.3137226104736328,0.27289870381355286,0.1961309015750885
A_unseen_anchor_seen_family,ridge_multioutput,288,0.03448161066944497,0.046105252033870815,0.031853965077468155,0.03509382948615219,0.048965847451931145,0.03444647759386932,0.08464210299701835,0.11002930142194144,0.07994934909308654,0.04170357382813075,0.05529103693026413,0.0354309021171267,0.041224343257137495,0.05933378202814257,0.03802523801900978,0.09735840504612296,0.13128499236000202,0.08731843576704638,0.03889417120577425,0.0535106890302453,0.037463619843613,0.05378402471025421,0.06883983671147913,0.04394282741503176,0.10240252812705439,0.1339208091509455,0.09207198733750842,0.04115756865222177,0.05349328090646284,0.03932141556878761,0.053694132357574115,0.07316639061003875,0.054370720393585335,0.08089048208848554,0.10637836549460462,0.09415862576564234,0.0626169205760051
B_seen_anchor_unseen_family,M0_s42,240,0.17740967869758606,0.22055450081825256,0.14614473283290863,0.0484270416200161,0.05943550169467926,0.04063906893134117,0.16008488833904266,0.19174671173095703,0.12152448296546936,0.17573541402816772,0.23284076154232025,0.148942232131958,0.051132213324308395,0.062706358730793,0.04116753861308098,0.13841436803340912,0.1731148660182953,0.13097234070301056,0.2712503969669342,0.34779199957847595,0.17640215158462524,0.057699624449014664,0.06986674666404724,0.051945433020591736,0.20249515771865845,0.2837175726890564,0.16700336337089539,0.21082182228565216,0.28637009859085083,0.22068293392658234,0.0841318741440773,0.09635268896818161,0.06506501138210297,0.14679676294326782,0.17955951392650604,0.18857744336128235,0.15810845792293549
B_seen_anchor_unseen_family,M0_s43,240,0.15764574706554413,0.20435993373394012,0.13576416671276093,0.06628385931253433,0.07871057838201523,0.04921773448586464,0.16252630949020386,0.18979626893997192,0.11828674376010895,0.16108042001724243,0.198562890291214,0.1406792551279068,0.06523346155881882,0.08038785308599472,0.05110599100589752,0.1477934867143631,0.18836607038974762,0.12982790172100067,0.24461689591407776,0.33136415481567383,0.1726204752922058,0.057661812752485275,0.07259224355220795,0.05670846253633499,0.21171346306800842,0.3022678792476654,0.1616988331079483,0.18113425374031067,0.2515023946762085,0.21916687488555908,0.08935993164777756,0.10492759197950363,0.06968528032302856,0.13751010596752167,0.17015425860881805,0.1809774935245514,0.156609907746315
B_seen_anchor_unseen_family,M0_s44,240,0.15470518171787262,0.20071862637996674,0.13361527025699615,0.06284721195697784,0.0753292515873909,0.040893446654081345,0.1346023827791214,0.1709296554327011,0.1144617348909378,0.15558871626853943,0.19456203281879425,0.14371775090694427,0.10591349750757217,0.12270157784223557,0.04985249787569046,0.16253410279750824,0.1985326111316681,0.1286037117242813,0.24905674159526825,0.3265361189842224,0.1707417517900467,0.061597809195518494,0.07529732584953308,0.057073261588811874,0.1909964680671692,0.25292423367500305,0.164691761136055,0.1854570060968399,0.2588372230529785,0.21876223385334015,0.1023075208067894,0.12048758566379547,0.07791121304035187,0.12491258978843689,0.1637258380651474,0.1809820830821991,0.15921851992607117
B_seen_anchor_unseen_family,M1_s42,240,0.17466042935848236,0.22349876165390015,0.1561189591884613,0.07031164318323135,0.08391798287630081,0.04792112484574318,0.16733144223690033,0.20058651268482208,0.12675493955612183,0.1528960019350052,0.19973242282867432,0.15325205028057098,0.061710551381111145,0.0744866132736206,0.0505286380648613,0.14830785989761353,0.19799800217151642,0.1345786303281784,0.2276029884815216,0.3133198618888855,0.17762133479118347,0.06865081191062927,0.08592093735933304,0.06200016662478447,0.20184116065502167,0.26615893840789795,0.1805235594511032,0.17406664788722992,0.2331875115633011,0.2286011278629303,0.0520024336874485,0.06537756323814392,0.06794793158769608,0.12604553997516632,0.1701086312532425,0.19423827528953552,0.1635957807302475
B_seen_anchor_unseen_family,M1_s42/cvar_cross_support,240,0.16304311156272888,0.2080167979001999,0.15449818968772888,0.07221285253763199,0.08626361191272736,0.053971949964761734,0.19068361818790436,0.23185350000858307,0.14358197152614594,0.1537855565547943,0.19957920908927917,0.1563539355993271,0.07136707752943039,0.08806129544973373,0.056038957089185715,0.1785425990819931,0.2187698781490326,0.148969367146492,0.2425858974456787,0.32677268981933594,0.18305395543575287,0.10333703458309174,0.1306498795747757,0.07687067240476608,0.1935213953256607,0.2685457170009613,0.18892358243465424,0.1642368733882904,0.22451315820217133,0.23013727366924286,0.05212460458278656,0.06505469977855682,0.07957612723112106,0.1253104954957962,0.1675121784210205,0.19406479597091675,0.16792605817317963
B_seen_anchor_unseen_family,M1_s42/cvar_diff_condition,240,0.16403648257255554,0.20760957896709442,0.15473869442939758,0.07210280001163483,0.08616045117378235,0.05360476300120354,0.19049072265625,0.2308395504951477,0.14388661086559296,0.15156395733356476,0.19501841068267822,0.1553914099931717,0.06907466053962708,0.08478372544050217,0.055724143981933594,0.16342663764953613,0.2073901742696762,0.1463438868522644,0.24351730942726135,0.32623180747032166,0.1833076775074005,0.09676436334848404,0.12607894837856293,0.07237844169139862,0.19669319689273834,0.2655581831932068,0.18901580572128296,0.16590732336044312,0.22822391986846924,0.23030328750610352,0.05631454661488533,0.0714082345366478,0.07509315758943558,0.12453523278236389,0.16689345240592957,0.19574882090091705,0.16704842448234558
B_seen_anchor_unseen_family,M1_s42/cvar_shuffle,240,0.17413459718227386,0.2213984876871109,0.15785980224609375,0.06970206648111343,0.08273185044527054,0.04877294972538948,0.17731288075447083,0.21728092432022095,0.13451842963695526,0.1504582315683365,0.19713148474693298,0.15588641166687012,0.06538169831037521,0.07978896796703339,0.05267003923654556,0.15124265849590302,0.19806668162345886,0.1397714614868164,0.24104280769824982,0.3239630460739136,0.18372876942157745,0.07623449712991714,0.09509188681840897,0.06620783358812332,0.19907645881175995,0.27591028809547424,0.18263806402683258,0.1726190596818924,0.23496274650096893,0.23137705028057098,0.05358066409826279,0.06918839365243912,0.07099467515945435,0.13119681179523468,0.17579804360866547,0.1941380351781845,0.16550323367118835
B_seen_anchor_unseen_family,M1_s42/cvar_zero,240,0.15903113782405853,0.2051178365945816,0.1538875252008438,0.0706850215792656,0.08367308974266052,0.047780364751815796,0.19222716987133026,0.22600394487380981,0.14166045188903809,0.14774902164936066,0.19298602640628815,0.15383009612560272,0.06399063766002655,0.07671786844730377,0.050970327109098434,0.13752135634422302,0.1786482036113739,0.14105094969272614,0.2386467307806015,0.3218803405761719,0.18089254200458527,0.0736357718706131,0.09235827624797821,0.06426739692687988,0.1855189949274063,0.25994226336479187,0.18185247480869293,0.16615000367164612,0.22753098607063293,0.22851566970348358,0.0442730188369751,0.05441740155220032,0.06607837229967117,0.12681978940963745,0.169255793094635,0.18924912810325623,0.1612810641527176
B_seen_anchor_unseen_family,M1_s43,240,0.17169202864170074,0.21667766571044922,0.1620299071073532,0.08466754853725433,0.09360207617282867,0.050589464604854584,0.15482863783836365,0.19414661824703217,0.1235048696398735,0.1820565164089203,0.22123609483242035,0.1559443473815918,0.08651027828454971,0.10461339354515076,0.05204062536358833,0.1408546417951584,0.18194235861301422,0.1319246143102646,0.2775273621082306,0.3391866385936737,0.1851075291633606,0.05336678773164749,0.06802519410848618,0.0641653835773468,0.22479407489299774,0.2976360023021698,0.16965031623840332,0.19417327642440796,0.2651752531528473,0.22876591980457306,0.07684550434350967,0.09278228133916855,0.0732215940952301,0.1528715044260025,0.1888759434223175,0.18776868283748627,0.1632520705461502
B_seen_anchor_unseen_family,M1_s43/cvar_cross_support,240,0.1594069004058838,0.19442567229270935,0.16281156241893768,0.09680495411157608,0.10750407725572586,0.060856182128190994,0.17091846466064453,0.21231050789356232,0.1319783627986908,0.1865483969449997,0.2294274866580963,0.1613733172416687,0.09027771651744843,0.10583887249231339,0.05986696854233742,0.1800912469625473,0.22572466731071472,0.14880795776844025,0.29804155230522156,0.3604966700077057,0.19224180281162262,0.09615515172481537,0.1207922175526619,0.08003340661525726,0.21164464950561523,0.2973828613758087,0.1830267310142517,0.19250765442848206,0.2721066176891327,0.2320602387189865,0.08427978307008743,0.10514906048774719,0.08610548824071884,0.13702280819416046,0.176296666264534,0.19462591409683228,0.17093054950237274
B_seen_anchor_unseen_family,M1_s43/cvar_diff_condition,240,0.16333575546741486,0.19755515456199646,0.1639643907546997,0.09606650471687317,0.10670404136180878,0.05900423228740692,0.16796255111694336,0.21326929330825806,0.1317388266324997,0.1876487135887146,0.22917528450489044,0.16239245235919952,0.09072720259428024,0.10822206735610962,0.05910133197903633,0.18106722831726074,0.22421246767044067,0.14749757945537567,0.298362672328949,0.36112409830093384,0.19348733127117157,0.0824764147400856,0.10582461953163147,0.0755469799041748,0.22327449917793274,0.3031361401081085,0.1847546100616455,0.19057407975196838,0.27032026648521423,0.23354516923427582,0.08633562177419662,0.10762543231248856,0.0811803787946701,0.141244575381279,0.17947092652320862,0.19592241942882538,0.17021599411964417
B_seen_anchor_unseen_family,M1_s43/cvar_shuffle,240,0.1751926988363266,0.21579857170581818,0.16688087582588196,0.09855750948190689,0.1080736592411995,0.05696776136755943,0.1722351759672165,0.214400053024292,0.13200561702251434,0.18045145273208618,0.22092589735984802,0.16241584718227386,0.08734641224145889,0.10798443108797073,0.05764507129788399,0.17492754757404327,0.21695569157600403,0.14547394216060638,0.3024822175502777,0.36575236916542053,0.1944408118724823,0.06479089707136154,0.0820348933339119,0.06965513527393341,0.22749513387680054,0.318268358707428,0.17780916392803192,0.19377641379833221,0.27403515577316284,0.2362830638885498,0.07957614213228226,0.101887546479702,0.07555607706308365,0.15250131487846375,0.1917443871498108,0.1912270039319992,0.16768872737884521
B_seen_anchor_unseen_family,M1_s43/cvar_zero,240,0.15996424853801727,0.19595184922218323,0.1625083088874817,0.09662862122058868,0.10490012168884277,0.054865799844264984,0.18255329132080078,0.21922340989112854,0.13468226790428162,0.18343912065029144,0.22464798390865326,0.16042768955230713,0.08954839408397675,0.10660023987293243,0.0558382049202919,0.1684686690568924,0.210295632481575,0.14389733970165253,0.2958216965198517,0.3595505356788635,0.1910312920808792,0.06788108497858047,0.08380544185638428,0.06864497065544128,0.21297655999660492,0.29566463828086853,0.17494994401931763,0.19179168343544006,0.27244195342063904,0.23333758115768433,0.08672919124364853,0.10738793760538101,0.07420069724321365,0.1387588381767273,0.17855164408683777,0.18596068024635315,0.1644996702671051
B_seen_anchor_unseen_family,M1_s44,240,0.18971580266952515,0.24037982523441315,0.15508635342121124,0.0753527507185936,0.08715751022100449,0.04867935925722122,0.13234640657901764,0.16868706047534943,0.11354559659957886,0.189204603433609,0.23078060150146484,0.1569606214761734,0.09631182253360748,0.11718106269836426,0.0552828349173069,0.17947544157505035,0.22953493893146515,0.12702128291130066,0.2692694365978241,0.3346874713897705,0.18108737468719482,0.07435431331396103,0.0942746251821518,0.06592989712953568,0.2003684639930725,0.28149163722991943,0.16474103927612305,0.17778640985488892,0.2506309747695923,0.22453908622264862,0.07313203811645508,0.08769643306732178,0.07273494452238083,0.13664992153644562,0.175410658121109,0.18242321908473969,0.15989907085895538
B_seen_anchor_unseen_family,M1_s44/cvar_cross_support,240,0.18764440715312958,0.23396675288677216,0.15765617787837982,0.07168186455965042,0.0859580710530281,0.05276009067893028,0.14714384078979492,0.17762312293052673,0.12166304141283035,0.18376058340072632,0.22277766466140747,0.16079342365264893,0.09845302999019623,0.11774987727403641,0.05846349895000458,0.16186323761940002,0.20737701654434204,0.134175106883049,0.2864040732383728,0.3538835346698761,0.18688827753067017,0.11858704686164856,0.15291963517665863,0.08220869302749634,0.1999131590127945,0.28798919916152954,0.16928677260875702,0.1757398247718811,0.2512609362602234,0.2282850593328476,0.06880782544612885,0.08580654114484787,0.08522023260593414,0.12850143015384674,0.1702803075313568,0.17860278487205505,0.16403602063655853
B_seen_anchor_unseen_family,M1_s44/cvar_diff_condition,240,0.18631646037101746,0.23492206633090973,0.15653657913208008,0.0694488063454628,0.08372470736503601,0.05258398875594139,0.1433498114347458,0.17245711386203766,0.12201255559921265,0.18635410070419312,0.2251262217760086,0.1605004221200943,0.09875621646642685,0.11814724653959274,0.05812447890639305,0.162885382771492,0.20975907146930695,0.1347533017396927,0.28534063696861267,0.35324445366859436,0.18733124434947968,0.10798338055610657,0.13812503218650818,0.07816116511821747,0.2058963179588318,0.29275980591773987,0.17137455940246582,0.17754821479320526,0.2520272433757782,0.2284061163663864,0.07043316215276718,0.08716513961553574,0.0803687646985054,0.1251549869775772,0.16542071104049683,0.1797216236591339,0.16283217072486877
B_seen_anchor_unseen_family,M1_s44/cvar_shuffle,240,0.19409963488578796,0.24414710700511932,0.1575547158718109,0.07028596848249435,0.08327145129442215,0.04947732388973236,0.13838425278663635,0.17590682208538055,0.11721585690975189,0.18785446882247925,0.23002654314041138,0.1617134064435959,0.10445693135261536,0.12577380239963531,0.05828763172030449,0.1756698191165924,0.2242727428674698,0.13547088205814362,0.29173728823661804,0.3607068955898285,0.18948853015899658,0.09234479069709778,0.11505141854286194,0.06945166736841202,0.18887034058570862,0.2683592140674591,0.1677292436361313,0.17854410409927368,0.25576114654541016,0.23236984014511108,0.06090789660811424,0.07954353094100952,0.07383877784013748,0.1327778697013855,0.17334610223770142,0.18005885183811188,0.16208915412425995
B_seen_anchor_unseen_family,M1_s44/cvar_zero,240,0.18628473579883575,0.23570822179317474,0.15534599125385284,0.07015582919120789,0.08508207648992538,0.04937580227851868,0.14103224873542786,0.17174339294433594,0.11677040159702301,0.18760308623313904,0.2284023016691208,0.16095633804798126,0.09894799441099167,0.11933697015047073,0.05588318035006523,0.17086149752140045,0.21620997786521912,0.1317422091960907,0.28620606660842896,0.35906484723091125,0.1868686079978943,0.09183039516210556,0.11657460033893585,0.07074716687202454,0.20198236405849457,0.28960710763931274,0.1655454784631729,0.17822465300559998,0.254567414522171,0.22913192212581635,0.05646514147520065,0.07038450241088867,0.07058756798505783,0.1341344565153122,0.17591217160224915,0.17848704755306244,0.15940217673778534
B_seen_anchor_unseen_family,M2_s42,240,0.16473108530044556,0.19955922663211823,0.16287115216255188,0.04645177349448204,0.05565657094120979,0.04610060900449753,0.15304715931415558,0.19125480949878693,0.1236732229590416,0.15076971054077148,0.19565702974796295,0.15415562689304352,0.08874503523111343,0.10751167684793472,0.05213453248143196,0.13545915484428406,0.17447756230831146,0.1302979737520218,0.2664322555065155,0.3385964334011078,0.18524935841560364,0.07579245418310165,0.09486478567123413,0.06618175655603409,0.21813471615314484,0.2995656132698059,0.17657417058944702,0.17745977640151978,0.24183596670627594,0.2275049388408661,0.03984014689922333,0.048464301973581314,0.06714524328708649,0.136495903134346,0.18308056890964508,0.186269611120224,0.16030660271644592
B_seen_anchor_unseen_family,M2_s42/donor_native,240,0.16473108530044556,0.19955922663211823,0.16287115216255188,0.04645177349448204,0.05565657094120979,0.04610060900449753,0.15304715931415558,0.19125480949878693,0.1236732229590416,0.15076971054077148,0.19565702974796295,0.15415562689304352,0.08874503523111343,0.10751167684793472,0.05213453248143196,0.13545915484428406,0.17447756230831146,0.1302979737520218,0.2664322555065155,0.3385964334011078,0.18524935841560364,0.07579245418310165,0.09486478567123413,0.06618175655603409,0.21813471615314484,0.2995656132698059,0.17657417058944702,0.17745977640151978,0.24183596670627594,0.2275049388408661,0.03984014689922333,0.048464301973581314,0.06714524328708649,0.136495903134346,0.18308056890964508,0.186269611120224,0.16030660271644592
B_seen_anchor_unseen_family,M2_s42/donor_same_cond,240,0.15751968324184418,0.19338764250278473,0.15845291316509247,0.045299284160137177,0.0539713092148304,0.04755331203341484,0.15131108462810516,0.19013988971710205,0.12270835787057877,0.1509128361940384,0.19446979463100433,0.14870816469192505,0.08533983677625656,0.10390093177556992,0.052133310586214066,0.12990012764930725,0.16711023449897766,0.1283159703016281,0.2574775815010071,0.33223044872283936,0.18028289079666138,0.06957003474235535,0.09033431857824326,0.06355452537536621,0.2128455489873886,0.2891322374343872,0.17284497618675232,0.1758771389722824,0.24006696045398712,0.22287577390670776,0.04901166632771492,0.05922244116663933,0.06766005605459213,0.133710578083992,0.17908824980258942,0.18401743471622467,0.15818442404270172
B_seen_anchor_unseen_family,M2_s42/donor_wrong_cond,240,0.17029063403606415,0.2041577845811844,0.16656185686588287,0.04627640172839165,0.056825149804353714,0.049111172556877136,0.15458782017230988,0.1947120875120163,0.12784746289253235,0.1518709510564804,0.19298070669174194,0.15800689160823822,0.08653055131435394,0.10483335703611374,0.052590262144804,0.15245495736598969,0.19462460279464722,0.13751031458377838,0.2591094970703125,0.3480173945426941,0.18982474505901337,0.07274904102087021,0.08882351964712143,0.06420563906431198,0.2342272251844406,0.3224545121192932,0.18717440962791443,0.1855057179927826,0.25439998507499695,0.23860788345336914,0.045006703585386276,0.05604206770658493,0.06639187783002853,0.16102518141269684,0.20723815262317657,0.19865398108959198,0.16788458824157715
B_seen_anchor_unseen_family,M2_s42/donor_zero,240,0.14963380992412567,0.1817626953125,0.1608554869890213,0.04670606553554535,0.05634024366736412,0.04604693874716759,0.151210218667984,0.18972480297088623,0.12492399662733078,0.14826038479804993,0.19292226433753967,0.1525735855102539,0.08309396356344223,0.10152897238731384,0.05068289488554001,0.1347212791442871,0.1739690750837326,0.1305781602859497,0.26029303669929504,0.3381046950817108,0.18361090123653412,0.06675480306148529,0.08594788610935211,0.06277932226657867,0.20427195727825165,0.2804799973964691,0.17209739983081818,0.17477045953273773,0.23939484357833862,0.22553858160972595,0.039201654493808746,0.04833615571260452,0.06339912861585617,0.12922266125679016,0.17429515719413757,0.17972621321678162,0.15622131526470184
B_seen_anchor_unseen_family,M2_s43,240,0.1769637018442154,0.21932178735733032,0.15903188288211823,0.10169022530317307,0.11109840869903564,0.05631415173411369,0.15079952776432037,0.1896044760942459,0.12586258351802826,0.1833333969116211,0.22379253804683685,0.152289018034935,0.10118970274925232,0.1192232295870781,0.059350255876779556,0.14119689166545868,0.17766469717025757,0.13348767161369324,0.3075612485408783,0.35642722249031067,0.19722971320152283,0.06281910091638565,0.08406859636306763,0.07501598447561264,0.21698564291000366,0.30776453018188477,0.16646546125411987,0.1729629784822464,0.24766622483730316,0.22976860404014587,0.08071287721395493,0.09812244027853012,0.07532203942537308,0.11289914697408676,0.15189874172210693,0.18012458086013794,0.16173839569091797
B_seen_anchor_unseen_family,M2_s43/donor_native,240,0.1769637018442154,0.21932178735733032,0.15903188288211823,0.10169022530317307,0.11109840869903564,0.05631415173411369,0.15079952776432037,0.1896044760942459,0.12586258351802826,0.1833333969116211,0.22379253804683685,0.152289018034935,0.10118970274925232,0.1192232295870781,0.059350255876779556,0.14119689166545868,0.17766469717025757,0.13348767161369324,0.3075612485408783,0.35642722249031067,0.19722971320152283,0.06281910091638565,0.08406859636306763,0.07501598447561264,0.21698564291000366,0.30776453018188477,0.16646546125411987,0.1729629784822464,0.24766622483730316,0.22976860404014587,0.08071287721395493,0.09812244027853012,0.07532203942537308,0.11289914697408676,0.15189874172210693,0.18012458086013794,0.16173839569091797
B_seen_anchor_unseen_family,M2_s43/donor_same_cond,240,0.18052272498607635,0.2242416888475418,0.15713030099868774,0.10053563117980957,0.10970020294189453,0.05664995685219765,0.1464710533618927,0.1884857565164566,0.12285873293876648,0.18236392736434937,0.2228865921497345,0.1482420712709427,0.0968996062874794,0.11974333971738815,0.05879902467131615,0.13314859569072723,0.16620269417762756,0.12953190505504608,0.2905080020427704,0.34952276945114136,0.18979068100452423,0.06297799199819565,0.08491377532482147,0.071558877825737,0.23171761631965637,0.31934574246406555,0.16592277586460114,0.17993220686912537,0.2514275908470154,0.22672520577907562,0.08757875859737396,0.10680599510669708,0.07533388584852219,0.13342145085334778,0.16929922997951508,0.18666952848434448,0.16290955245494843
B_seen_anchor_unseen_family,M2_s43/donor_wrong_cond,240,0.18215666711330414,0.22461004555225372,0.16496600210666656,0.098589688539505,0.1079607605934143,0.05668211728334427,0.14991678297519684,0.1923956274986267,0.1270144283771515,0.18271757662296295,0.22329097986221313,0.15708063542842865,0.09334823489189148,0.11742302030324936,0.058634210377931595,0.1494530737400055,0.19002339243888855,0.13547560572624207,0.3016609847545624,0.3763100802898407,0.19979283213615417,0.06264815479516983,0.0796077623963356,0.06924473494291306,0.2459697425365448,0.3437853157520294,0.17866359651088715,0.1857888549566269,0.2721923589706421,0.24370330572128296,0.08080928027629852,0.10081793367862701,0.07247067242860794,0.15063877403736115,0.1921352744102478,0.19879181683063507,0.17165526747703552
B_seen_anchor_unseen_family,M2_s43/donor_zero,240,0.17904898524284363,0.22020582854747772,0.16012941300868988,0.10028690844774246,0.10876628011465073,0.05566468462347984,0.14742006361484528,0.18754594027996063,0.12438464164733887,0.1846846044063568,0.22572265565395355,0.15267062187194824,0.09861212223768234,0.12176365405321121,0.05832554027438164,0.14038553833961487,0.17565418779850006,0.13182632625102997,0.2945673167705536,0.35082632303237915,0.19574972987174988,0.05823158472776413,0.0772087424993515,0.07544995844364166,0.21886713802814484,0.30651235580444336,0.16401812434196472,0.1751510500907898,0.2522658705711365,0.23054084181785583,0.08058298379182816,0.09888171404600143,0.07450544089078903,0.11659329384565353,0.1564721316099167,0.17962084710597992,0.1615557223558426
B_seen_anchor_unseen_family,M2_s44,240,0.17998246848583221,0.2249964475631714,0.16166938841342926,0.09589993208646774,0.11514279991388321,0.05168496444821358,0.14266447722911835,0.1751282662153244,0.12361361086368561,0.1723693162202835,0.2141251415014267,0.1487179845571518,0.06186624616384506,0.07931959629058838,0.05626865476369858,0.15781870484352112,0.20453324913978577,0.13370923697948456,0.25571689009666443,0.3338094651699066,0.18042750656604767,0.08195603638887405,0.10299782454967499,0.07268072664737701,0.24281373620033264,0.336239755153656,0.18083128333091736,0.1661110520362854,0.2353994995355606,0.22172966599464417,0.06502444297075272,0.08179841935634613,0.07263552397489548,0.1529993712902069,0.20094376802444458,0.19217081367969513,0.1621786504983902
B_seen_anchor_unseen_family,M2_s44/donor_native,240,0.17998246848583221,0.2249964475631714,0.16166938841342926,0.09589993208646774,0.11514279991388321,0.05168496444821358,0.14266447722911835,0.1751282662153244,0.12361361086368561,0.1723693162202835,0.2141251415014267,0.1487179845571518,0.06186624616384506,0.07931959629058838,0.05626865476369858,0.15781870484352112,0.20453324913978577,0.13370923697948456,0.25571689009666443,0.3338094651699066,0.18042750656604767,0.08195603638887405,0.10299782454967499,0.07268072664737701,0.24281373620033264,0.336239755153656,0.18083128333091736,0.1661110520362854,0.2353994995355606,0.22172966599464417,0.06502444297075272,0.08179841935634613,0.07263552397489548,0.1529993712902069,0.20094376802444458,0.19217081367969513,0.1621786504983902
B_seen_anchor_unseen_family,M2_s44/donor_same_cond,240,0.17865139245986938,0.22544339299201965,0.15582671761512756,0.09456069022417068,0.113305002450943,0.052369777113199234,0.13788798451423645,0.17103664577007294,0.12236521393060684,0.16726087033748627,0.21065039932727814,0.14374381303787231,0.06302245706319809,0.0813966915011406,0.05679452419281006,0.1575871855020523,0.20196664333343506,0.1317731887102127,0.2462150901556015,0.32597872614860535,0.1750154346227646,0.08689364790916443,0.10829644650220871,0.07250501215457916,0.23487070202827454,0.3193393647670746,0.17584027349948883,0.16602684557437897,0.23434042930603027,0.2174461930990219,0.07761785387992859,0.09589079022407532,0.0753360465168953,0.1608816534280777,0.20131191611289978,0.19118359684944153,0.16132193803787231
B_seen_anchor_unseen_family,M2_s44/donor_wrong_cond,240,0.1897733062505722,0.23282694816589355,0.16505053639411926,0.09381197392940521,0.11237291246652603,0.05174637958407402,0.1439128816127777,0.17862892150878906,0.12430167943239212,0.17441865801811218,0.21434499323368073,0.15254642069339752,0.057146038860082626,0.07259467989206314,0.05567283555865288,0.16630315780639648,0.21497009694576263,0.13890105485916138,0.2498631626367569,0.343668669462204,0.18410097062587738,0.08165634423494339,0.10120642930269241,0.06905286759138107,0.247648224234581,0.34259241819381714,0.19137471914291382,0.17626067996025085,0.25404036045074463,0.23225928843021393,0.07428935170173645,0.09155325591564178,0.07143096625804901,0.17002013325691223,0.22101877629756927,0.2059977501630783,0.16989600658416748
B_seen_anchor_unseen_family,M2_s44/donor_zero,240,0.1825416386127472,0.22765667736530304,0.160591259598732,0.09648367017507553,0.1151251569390297,0.05279821157455444,0.1362612396478653,0.17018553614616394,0.12037493288516998,0.17136625945568085,0.21650947630405426,0.14833933115005493,0.06274215131998062,0.0810110941529274,0.056994520127773285,0.15330937504768372,0.20019257068634033,0.1309918910264969,0.2488112449645996,0.3300149440765381,0.17938950657844543,0.08326441794633865,0.10326407104730606,0.07234431058168411,0.22395366430282593,0.3107213079929352,0.17300179600715637,0.17135244607925415,0.2438354641199112,0.22142194211483002,0.0711531788110733,0.08747480064630508,0.07185669243335724,0.15613463521003723,0.20040149986743927,0.18545542657375336,0.15957802534103394
B_seen_anchor_unseen_family,M3_s42,240,0.17420417070388794,0.22295072674751282,0.15564309060573578,0.069525346159935,0.08317355066537857,0.04774614796042442,0.1673336923122406,0.20044218003749847,0.12657827138900757,0.1525578647851944,0.19868703186511993,0.1524750292301178,0.061563946306705475,0.07435822486877441,0.05026549845933914,0.14847570657730103,0.1981981247663498,0.13422048091888428,0.2289302498102188,0.3140200674533844,0.1774638146162033,0.06982836127281189,0.08767358213663101,0.06200039014220238,0.20067600905895233,0.26485690474510193,0.18072278797626495,0.17394329607486725,0.2332230806350708,0.22775322198867798,0.05237375199794769,0.06552400439977646,0.06804117560386658,0.12592481076717377,0.17007139325141907,0.19429008662700653,0.16336147487163544
B_seen_anchor_unseen_family,M3_s43,240,0.17147977650165558,0.21663810312747955,0.16201946139335632,0.08504268527030945,0.09394053369760513,0.05056140571832657,0.15453268587589264,0.19347184896469116,0.12334667146205902,0.18195733428001404,0.2211664766073227,0.15607251226902008,0.08601056039333344,0.10447871685028076,0.05199000984430313,0.1419641077518463,0.18333253264427185,0.13214083015918732,0.2794744670391083,0.34109580516815186,0.18528805673122406,0.05354728922247887,0.06817253679037094,0.06407049298286438,0.2237814962863922,0.2958962619304657,0.16958729922771454,0.19383734464645386,0.26475900411605835,0.2288433015346527,0.07595114409923553,0.09203557670116425,0.07328437268733978,0.15292617678642273,0.18874473869800568,0.18774811923503876,0.16329194605350494
B_seen_anchor_unseen_family,M3_s44,240,0.1903451383113861,0.24116250872612,0.15506699681282043,0.07466696202754974,0.08643266558647156,0.04851935803890228,0.13238731026649475,0.16842207312583923,0.11356290429830551,0.18931055068969727,0.23084931075572968,0.15683609247207642,0.09570184350013733,0.11657039821147919,0.05507846921682358,0.1788318008184433,0.22906163334846497,0.12704147398471832,0.2690843641757965,0.334249347448349,0.1810658723115921,0.07433373481035233,0.09437104314565659,0.06587117165327072,0.20033393800258636,0.28151625394821167,0.16507627069950104,0.1777363121509552,0.25059443712234497,0.22457565367221832,0.0731515884399414,0.08779530972242355,0.07267331331968307,0.13629455864429474,0.17523935437202454,0.18258897960186005,0.15994597971439362
B_seen_anchor_unseen_family,command-copy,240,0.15029118955135345,0.23954296112060547,0.1296127885580063,0.02948407083749771,0.03872308135032654,0.02861400693655014,0.1515549272298813,0.22717370092868805,0.12201741337776184,0.1845441460609436,0.29635128378868103,0.1387077271938324,0.03688245639204979,0.046035654842853546,0.030910104513168335,0.1841772347688675,0.27801811695098877,0.1316690742969513,0.3100856840610504,0.4724189341068268,0.2094249427318573,0.04011232778429985,0.04977092891931534,0.035538043826818466,0.20721085369586945,0.33494308590888977,0.17672885954380035,0.18905383348464966,0.2802956998348236,0.2632322311401367,0.030548037961125374,0.03903932124376297,0.036970559507608414,0.11602192372083664,0.1654592901468277,0.1871519535779953,0.1624515950679779
B_seen_anchor_unseen_family,persistence,240,0.1437646895647049,0.2016817331314087,0.10310763120651245,0.0406944714486599,0.05100718140602112,0.03418131172657013,0.17323943972587585,0.23743830621242523,0.1434905230998993,0.2684796154499054,0.32979533076286316,0.16057001054286957,0.0443655401468277,0.05700472369790077,0.03797607868909836,0.2822641432285309,0.3568693995475769,0.19269481301307678,0.5394389033317566,0.6012963652610779,0.300563246011734,0.04818202555179596,0.061199821531772614,0.04297001659870148,0.6769793033599854,0.758705735206604,0.35878047347068787,0.4741017520427704,0.5026025772094727,0.4221547245979309,0.03877513110637665,0.04834042116999626,0.04612076282501221,0.6188159584999084,0.6430568099021912,0.5394222736358643,0.335899293422699
B_seen_anchor_unseen_family,persistence_OLD_wrong_axis,240,0.1437646895647049,0.2016817331314087,0.10310763120651245,0.0406944714486599,0.05100718140602112,0.03418131172657013,0.4017825126647949,0.49205565452575684,0.362451434135437,0.2684796154499054,0.32979533076286316,0.16057001054286957,0.0443655401468277,0.05700472369790077,0.03797607868909836,0.5291247367858887,0.5805178284645081,0.42352494597435,0.5394389033317566,0.6012963652610779,0.300563246011734,0.04818202555179596,0.061199821531772614,0.04297001659870148,0.5035207867622375,0.5439671277999878,0.48238885402679443,0.4741017520427704,0.5026025772094727,0.4221547245979309,0.03877513110637665,0.04834042116999626,0.04612076282501221,0.3774068057537079,0.46300333738327026,0.4772239029407501,0.3151664435863495
B_seen_anchor_unseen_family,ridge_multioutput,240,0.14990683333953245,0.18506296748782824,0.12665828858110542,0.07259690661300547,0.08388992978989757,0.04769212408393848,0.14365266985346536,0.18338583370721906,0.12518922407272226,0.1482820421312995,0.18652909705669662,0.12344376903240857,0.07004158459250592,0.08243198376547747,0.05590027157700836,0.16380999276445357,0.20005106079190452,0.1346796290180532,0.23800495547095926,0.3021991791236755,0.16032801615817865,0.08859162074721993,0.11102254902389602,0.07437161408331404,0.24402763126549376,0.3343179364619229,0.1857491451856454,0.1843003815593864,0.2466926310305231,0.2080046485737946,0.054771363630232675,0.06591366467226856,0.08044928060022077,0.1347747539216724,0.1642614392066854,0.2016763378391631,0.1633767556710595
C_unseen_anchor_unseen_family,M0_s42,96,0.17338652908802032,0.22057631611824036,0.14971540868282318,0.05700818821787834,0.07230673730373383,0.04398238658905029,0.15232066810131073,0.18427160382270813,0.14800769090652466,0.175532266497612,0.2283111810684204,0.15819625556468964,0.05415951833128929,0.06529083847999573,0.04443741589784622,0.13381168246269226,0.16816553473472595,0.15549610555171967,0.2808394134044647,0.3574644923210144,0.1888314187526703,0.058471400290727615,0.07362674176692963,0.053946398198604584,0.20015180110931396,0.2730233371257782,0.183563232421875,0.19804759323596954,0.27143606543540955,0.22651560604572296,0.07505238056182861,0.08769543468952179,0.06659379601478577,0.16257287561893463,0.1903965026140213,0.20180615782737732,0.16497185826301575
C_unseen_anchor_unseen_family,M0_s43,96,0.15098018944263458,0.2041698843240738,0.14154480397701263,0.06074173375964165,0.07005268335342407,0.05202857777476311,0.15436039865016937,0.18674533069133759,0.14590641856193542,0.16571111977100372,0.20659300684928894,0.15320762991905212,0.05735229328274727,0.0703737884759903,0.054153021425008774,0.16512669622898102,0.20810583233833313,0.15776698291301727,0.2558123767375946,0.3413829803466797,0.18669991195201874,0.06361313909292221,0.07970736920833588,0.06115850433707237,0.23120497167110443,0.3102234899997711,0.18186050653457642,0.16964085400104523,0.23838858306407928,0.22681620717048645,0.09115449339151382,0.10975469648838043,0.07276765257120132,0.14566540718078613,0.17620372772216797,0.19520384073257446,0.16492924094200134
C_unseen_anchor_unseen_family,M0_s44,96,0.14678595960140228,0.20239996910095215,0.13567186892032623,0.06823129206895828,0.08148118853569031,0.04742061346769333,0.12983094155788422,0.163563072681427,0.1442369967699051,0.16361863911151886,0.20070138573646545,0.15482667088508606,0.10124224424362183,0.11800524592399597,0.05330157279968262,0.1475541740655899,0.18528251349925995,0.15677803754806519,0.2631784677505493,0.33835315704345703,0.1831282675266266,0.06254452466964722,0.07752908021211624,0.05891987308859825,0.196183443069458,0.25215935707092285,0.18320636451244354,0.17166201770305634,0.24744628369808197,0.2238021343946457,0.09523596614599228,0.11629348248243332,0.0782267302274704,0.14905942976474762,0.17927125096321106,0.19557692110538483,0.1658685952425003
C_unseen_anchor_unseen_family,M1_s42,96,0.16520266234874725,0.21732869744300842,0.1576635241508484,0.07625070214271545,0.08868103474378586,0.05461134389042854,0.16249936819076538,0.1966400295495987,0.15424253046512604,0.16234154999256134,0.21039645373821259,0.16212567687034607,0.06646871566772461,0.08054747432470322,0.05607347562909126,0.1789095401763916,0.23691551387310028,0.1621657758951187,0.2440761774778366,0.323839396238327,0.1901939958333969,0.070445217192173,0.08600505441427231,0.06793671101331711,0.21780216693878174,0.28869250416755676,0.19913910329341888,0.15896911919116974,0.2175339162349701,0.23537677526474,0.054206203669309616,0.06730516254901886,0.07250285148620605,0.13831479847431183,0.17607462406158447,0.20838527381420135,0.17208831012248993
C_unseen_anchor_unseen_family,M1_s42/cvar_cross_support,96,0.15892060101032257,0.20747235417366028,0.15671704709529877,0.07847330719232559,0.09293387085199356,0.05973279848694801,0.18806840479373932,0.23448096215724945,0.17111733555793762,0.16270597279071808,0.2142280489206314,0.16354703903198242,0.0758129358291626,0.09106819331645966,0.06177044287323952,0.18513111770153046,0.2416834533214569,0.17129763960838318,0.2575016915798187,0.3365859389305115,0.19489213824272156,0.10495001077651978,0.13180390000343323,0.0789848193526268,0.21064037084579468,0.28630441427230835,0.20410209894180298,0.1532721072435379,0.21153420209884644,0.23615792393684387,0.055665064603090286,0.06995178759098053,0.0816286951303482,0.12735819816589355,0.1651209145784378,0.20711937546730042,0.1749686747789383
C_unseen_anchor_unseen_family,M1_s42/cvar_diff_condition,96,0.15888585150241852,0.20987561345100403,0.15755558013916016,0.08008527010679245,0.09457865357398987,0.05879135802388191,0.18267671763896942,0.2213355302810669,0.17221111059188843,0.15984639525413513,0.21003839373588562,0.16345074772834778,0.07456284016370773,0.09339094907045364,0.06051525101065636,0.1725028157234192,0.22279240190982819,0.17029890418052673,0.2566567361354828,0.33495256304740906,0.19488193094730377,0.09868931770324707,0.12041940540075302,0.0773635059595108,0.20919351279735565,0.2919408679008484,0.20145003497600555,0.15192686021327972,0.21502144634723663,0.23602493107318878,0.05609293654561043,0.07314906269311905,0.0799037516117096,0.12320484966039658,0.15939591825008392,0.2048526406288147,0.17359377443790436
C_unseen_anchor_unseen_family,M1_s42/cvar_shuffle,96,0.16062051057815552,0.2150396704673767,0.15887661278247833,0.07359825074672699,0.08545269817113876,0.054176244884729385,0.1773333102464676,0.2123671919107437,0.16331230103969574,0.16465522348880768,0.21252889931201935,0.16358165442943573,0.07010392844676971,0.08419856429100037,0.05727279186248779,0.17083851993083954,0.2354641854763031,0.16488616168498993,0.25721144676208496,0.33592259883880615,0.19510087370872498,0.07996415346860886,0.10057990252971649,0.06923781335353851,0.21454496681690216,0.2961640954017639,0.19912472367286682,0.1561233401298523,0.21733912825584412,0.23733589053153992,0.05591827258467674,0.07310524582862854,0.0732538253068924,0.1379365175962448,0.1717832237482071,0.20622779428958893,0.1722724884748459
C_unseen_anchor_unseen_family,M1_s42/cvar_zero,96,0.15295889973640442,0.20393963158130646,0.15552736818790436,0.07733587175607681,0.09022362530231476,0.054020144045352936,0.18687321245670319,0.22721050679683685,0.16861584782600403,0.15800827741622925,0.2069423645734787,0.16214962303638458,0.06850475817918777,0.08259283006191254,0.056559935212135315,0.16078947484493256,0.2203972041606903,0.16798534989356995,0.2543887197971344,0.3324008882045746,0.1923774629831314,0.075539730489254,0.09240356087684631,0.06776102632284164,0.2054487019777298,0.2848903238773346,0.19899311661720276,0.15318994224071503,0.21209919452667236,0.23449411988258362,0.04546574130654335,0.05626090243458748,0.06928452849388123,0.129314586520195,0.16564753651618958,0.20246846973896027,0.16874901950359344
C_unseen_anchor_unseen_family,M1_s43,96,0.15776774287223816,0.2097858041524887,0.16300827264785767,0.07133838534355164,0.08409956842660904,0.051035117357969284,0.15793032944202423,0.19025321304798126,0.15473753213882446,0.19497041404247284,0.23249094188213348,0.16489063203334808,0.09330420941114426,0.11144951730966568,0.053893376141786575,0.15078864991664886,0.19843538105487823,0.15871886909008026,0.2850114703178406,0.34658998250961304,0.19737078249454498,0.059123098850250244,0.0736662745475769,0.06820408254861832,0.23824673891067505,0.3044812083244324,0.18616165220737457,0.1810828298330307,0.2509666681289673,0.23436805605888367,0.0742984190583229,0.09371249377727509,0.07682763785123825,0.16192825138568878,0.19168026745319366,0.20024827122688293,0.17048130929470062
C_unseen_anchor_unseen_family,M1_s43/cvar_cross_support,96,0.15517033636569977,0.19606202840805054,0.1644715666770935,0.08309637755155563,0.09726966917514801,0.05994411185383797,0.17832136154174805,0.21208550035953522,0.15804503858089447,0.1998710185289383,0.23878146708011627,0.16853110492229462,0.09277340024709702,0.11290842294692993,0.06000380590558052,0.16783346235752106,0.21398089826107025,0.16530659794807434,0.30461782217025757,0.364414781332016,0.20310188829898834,0.1044289693236351,0.12861163914203644,0.07734329998493195,0.21430325508117676,0.2839890718460083,0.18938829004764557,0.17883287370204926,0.2570790946483612,0.23616400361061096,0.07814737409353256,0.10513687133789062,0.08450163155794144,0.1428707242012024,0.17121876776218414,0.20295728743076324,0.17454098165035248
C_unseen_anchor_unseen_family,M1_s43/cvar_diff_condition,96,0.1539779156446457,0.19704285264015198,0.16508430242538452,0.08542827516794205,0.09876330941915512,0.06073417514562607,0.15805070102214813,0.19260627031326294,0.15839090943336487,0.1971145123243332,0.234883114695549,0.16904085874557495,0.09335952997207642,0.11270557343959808,0.061148419976234436,0.1686662882566452,0.20953132212162018,0.16716571152210236,0.3063012659549713,0.3663957118988037,0.20388656854629517,0.09716662019491196,0.11748503148555756,0.07903525978326797,0.2266291379928589,0.2956637144088745,0.1936219185590744,0.17669133841991425,0.25535738468170166,0.2375648468732834,0.0833919569849968,0.10755041241645813,0.0854075625538826,0.15019486844539642,0.17609761655330658,0.20323225855827332,0.17540155351161957
C_unseen_anchor_unseen_family,M1_s43/cvar_shuffle,96,0.15865473449230194,0.2072458565235138,0.16659829020500183,0.08182267099618912,0.09546194225549698,0.056001923978328705,0.17303232848644257,0.2094808667898178,0.1602298617362976,0.19573748111724854,0.23269449174404144,0.16948309540748596,0.09288337081670761,0.11354390531778336,0.05779792740941048,0.17880688607692719,0.2178715318441391,0.16528670489788055,0.3060355484485626,0.36739346385002136,0.2056366503238678,0.07504905015230179,0.09224916249513626,0.07015737891197205,0.2276918739080429,0.29810845851898193,0.18787549436092377,0.1811390519142151,0.25910240411758423,0.24055138230323792,0.0741301104426384,0.09893246740102768,0.07593031227588654,0.15402917563915253,0.18472246825695038,0.20018905401229858,0.17222359776496887
C_unseen_anchor_unseen_family,M1_s43/cvar_zero,96,0.14721469581127167,0.1916302740573883,0.16188332438468933,0.0825236514210701,0.0955277755856514,0.053198475390672684,0.18067465722560883,0.21656647324562073,0.16262736916542053,0.19572176039218903,0.234671488404274,0.16727027297019958,0.0921948030591011,0.11108151823282242,0.055655162781476974,0.1658513844013214,0.2061556875705719,0.16538359224796295,0.30370771884918213,0.36507996916770935,0.20230498909950256,0.07685477286577225,0.09340417385101318,0.06884074956178665,0.22314579784870148,0.2915801703929901,0.18733975291252136,0.17815692722797394,0.25864580273628235,0.23804153501987457,0.0842885747551918,0.10636036098003387,0.07585448771715164,0.14874689280986786,0.17749452590942383,0.1971760094165802,0.170357346534729
C_unseen_anchor_unseen_family,M1_s44,96,0.18858368694782257,0.23852472007274628,0.15952354669570923,0.07889517396688461,0.09200366586446762,0.053045790642499924,0.1328718066215515,0.16103000938892365,0.13992556929588318,0.19941984117031097,0.2392425835132599,0.16710110008716583,0.0887874960899353,0.10533525794744492,0.058122824877500534,0.1793728619813919,0.24151046574115753,0.15097525715827942,0.285870760679245,0.34562644362449646,0.19388039410114288,0.07851485908031464,0.09576059877872467,0.06822685897350311,0.20539675652980804,0.27456533908843994,0.17628444731235504,0.16460572183132172,0.23972798883914948,0.230351060628891,0.07174905389547348,0.08617770671844482,0.07492636889219284,0.16105856001377106,0.19089481234550476,0.19159702956676483,0.16562482714653015
C_unseen_anchor_unseen_family,M1_s44/cvar_cross_support,96,0.18023012578487396,0.22826792299747467,0.15858487784862518,0.072064608335495,0.08860268443822861,0.05465828999876976,0.14594513177871704,0.18016378581523895,0.1444818526506424,0.19505737721920013,0.23312340676784515,0.16677221655845642,0.0844699963927269,0.1015353575348854,0.05877489224076271,0.15762513875961304,0.2119060456752777,0.15303704142570496,0.3023180663585663,0.36350154876708984,0.19652791321277618,0.11802545189857483,0.15330210328102112,0.07821788638830185,0.21364711225032806,0.2865353524684906,0.18013158440589905,0.16570769250392914,0.24159817397594452,0.23189979791641235,0.06961996853351593,0.08527296781539917,0.08287408202886581,0.15141558647155762,0.18298335373401642,0.18948481976985931,0.1680862158536911
C_unseen_anchor_unseen_family,M1_s44/cvar_diff_condition,96,0.18284344673156738,0.23359185457229614,0.16068525612354279,0.07372701168060303,0.0880119651556015,0.057269103825092316,0.1431545615196228,0.17258144915103912,0.1477726548910141,0.19539332389831543,0.23381483554840088,0.16909675300121307,0.08664592355489731,0.10538887232542038,0.05974815785884857,0.16474111378192902,0.2110873907804489,0.15645214915275574,0.3011532723903656,0.3607075810432434,0.1974961906671524,0.11145085096359253,0.13512633740901947,0.07878993451595306,0.20876367390155792,0.2771758437156677,0.18089771270751953,0.16565679013729095,0.24254737794399261,0.23271556198596954,0.07316555082798004,0.08929023891687393,0.0821438655257225,0.1534404754638672,0.18275003135204315,0.18874478340148926,0.16786806285381317
C_unseen_anchor_unseen_family,M1_s44/cvar_shuffle,96,0.19350755214691162,0.24096283316612244,0.1611458659172058,0.07333621382713318,0.08666492998600006,0.05344957858324051,0.12989401817321777,0.15826086699962616,0.138926699757576,0.19941210746765137,0.2406800538301468,0.1696951538324356,0.09309277683496475,0.11250072717666626,0.058694854378700256,0.17834138870239258,0.2340715378522873,0.1510542333126068,0.30217060446739197,0.3652627170085907,0.19931554794311523,0.09785383939743042,0.11660640686750412,0.06942026317119598,0.2081080675125122,0.27005723118782043,0.17663954198360443,0.16626256704330444,0.24547582864761353,0.235694020986557,0.06589735299348831,0.08222295343875885,0.0741073340177536,0.15783153474330902,0.1894010752439499,0.1911216378211975,0.16697433590888977
C_unseen_anchor_unseen_family,M1_s44/cvar_zero,96,0.1818874329328537,0.2320524901151657,0.15859587490558624,0.07567537575960159,0.09129444509744644,0.054035138338804245,0.14030742645263672,0.16778996586799622,0.14240963757038116,0.19770967960357666,0.23700055480003357,0.16958753764629364,0.08757271617650986,0.10621526092290878,0.05801190063357353,0.16384561359882355,0.21802295744419098,0.15213043987751007,0.30138668417930603,0.3672282099723816,0.19819708168506622,0.09223321825265884,0.11644408106803894,0.07149169594049454,0.21168585121631622,0.2826146185398102,0.1755390614271164,0.1665738970041275,0.24471831321716309,0.23397521674633026,0.05764481797814369,0.06983807682991028,0.07168073207139969,0.15903614461421967,0.1904304474592209,0.18811184167861938,0.1645892709493637
C_unseen_anchor_unseen_family,M2_s42,96,0.1554442197084427,0.19025295972824097,0.16124792397022247,0.04837648943066597,0.05852079391479492,0.04892610013484955,0.15517951548099518,0.18637458980083466,0.14981447160243988,0.16072621941566467,0.20639802515506744,0.1597810536623001,0.0971212089061737,0.11400101333856583,0.05562159791588783,0.1466604620218277,0.19832050800323486,0.1557963639497757,0.27683818340301514,0.34791773557662964,0.194800466299057,0.07890195399522781,0.09451460838317871,0.06875164061784744,0.22753433883190155,0.3088338375091553,0.19138945639133453,0.16101889312267303,0.22739459574222565,0.23207788169384003,0.03538605198264122,0.04465874284505844,0.0702376514673233,0.14841093122959137,0.18593654036521912,0.1998608261346817,0.16739213466644287
C_unseen_anchor_unseen_family,M2_s42/donor_native,96,0.1554442197084427,0.19025295972824097,0.16124792397022247,0.04837648943066597,0.05852079391479492,0.04892610013484955,0.15517951548099518,0.18637458980083466,0.14981447160243988,0.16072621941566467,0.20639802515506744,0.1597810536623001,0.0971212089061737,0.11400101333856583,0.05562159791588783,0.1466604620218277,0.19832050800323486,0.1557963639497757,0.27683818340301514,0.34791773557662964,0.194800466299057,0.07890195399522781,0.09451460838317871,0.06875164061784744,0.22753433883190155,0.3088338375091553,0.19138945639133453,0.16101889312267303,0.22739459574222565,0.23207788169384003,0.03538605198264122,0.04465874284505844,0.0702376514673233,0.14841093122959137,0.18593654036521912,0.1998608261346817,0.16739213466644287
C_unseen_anchor_unseen_family,M2_s42/donor_same_cond,96,0.14567819237709045,0.18146973848342896,0.1578669548034668,0.048666078597307205,0.05945169925689697,0.05150498449802399,0.15347357094287872,0.18275496363639832,0.14900155365467072,0.1618635207414627,0.20725174248218536,0.15655766427516937,0.09273934364318848,0.10786845535039902,0.05611872673034668,0.14510565996170044,0.19697727262973785,0.1550765335559845,0.27354463934898376,0.3423587679862976,0.19144855439662933,0.07422306388616562,0.09075756371021271,0.06678011268377304,0.22192873060703278,0.2978202998638153,0.1889077126979828,0.1608591377735138,0.2256973534822464,0.22867320477962494,0.042724937200546265,0.05281251296401024,0.07086766511201859,0.14622162282466888,0.1831580251455307,0.1973636895418167,0.1656348556280136
C_unseen_anchor_unseen_family,M2_s42/donor_wrong_cond,96,0.1601903885602951,0.19263781607151031,0.16442523896694183,0.049446988850831985,0.05983620882034302,0.05211327597498894,0.15145309269428253,0.18603995442390442,0.15330518782138824,0.16086465120315552,0.20424437522888184,0.16389687359333038,0.09770255535840988,0.11292500048875809,0.05653458088636398,0.16586977243423462,0.2182435840368271,0.16299867630004883,0.27539756894111633,0.3602841794490814,0.19931335747241974,0.06991489231586456,0.0849653109908104,0.06726674735546112,0.24928230047225952,0.33465632796287537,0.20103819668293,0.16706116497516632,0.23798835277557373,0.24282938241958618,0.04216207191348076,0.05370718613266945,0.07028426975011826,0.1598937213420868,0.20583540201187134,0.21020527184009552,0.17443963885307312
C_unseen_anchor_unseen_family,M2_s42/donor_zero,96,0.14000189304351807,0.1717001497745514,0.15937474370002747,0.05020947381854057,0.061145782470703125,0.050156377255916595,0.15059472620487213,0.18179602921009064,0.15105479955673218,0.15933741629123688,0.20639707148075104,0.15898780524730682,0.09472020715475082,0.1098773330450058,0.05543475225567818,0.14647136628627777,0.1973639577627182,0.15670926868915558,0.27462682127952576,0.34944847226142883,0.19388702511787415,0.06917750090360641,0.08436949551105499,0.06662489473819733,0.2117277979850769,0.29206159710884094,0.18721428513526917,0.15925011038780212,0.2241094559431076,0.23027731478214264,0.035156577825546265,0.04463501647114754,0.06752031296491623,0.13779997825622559,0.17573922872543335,0.19282935559749603,0.16354233026504517
C_unseen_anchor_unseen_family,M2_s43,96,0.1628447324037552,0.21207112073898315,0.15586169064044952,0.08862491697072983,0.10127555578947067,0.05549299344420433,0.15772472321987152,0.1872256100177765,0.15734140574932098,0.1918548345565796,0.23034176230430603,0.1547919660806656,0.09703204780817032,0.11752530932426453,0.05821060389280319,0.1392219513654709,0.18004867434501648,0.15767142176628113,0.30983829498291016,0.35897278785705566,0.20524407923221588,0.06719319522380829,0.08838817477226257,0.07424553483724594,0.22325082123279572,0.2912236750125885,0.17932170629501343,0.16210375726222992,0.23712198436260223,0.23107503354549408,0.07784754037857056,0.09592964500188828,0.0752653181552887,0.11250340938568115,0.1452893167734146,0.19192400574684143,0.16608810424804688
C_unseen_anchor_unseen_family,M2_s43/donor_native,96,0.1628447324037552,0.21207112073898315,0.15586169064044952,0.08862491697072983,0.10127555578947067,0.05549299344420433,0.15772472321987152,0.1872256100177765,0.15734140574932098,0.1918548345565796,0.23034176230430603,0.1547919660806656,0.09703204780817032,0.11752530932426453,0.05821060389280319,0.1392219513654709,0.18004867434501648,0.15767142176628113,0.30983829498291016,0.35897278785705566,0.20524407923221588,0.06719319522380829,0.08838817477226257,0.07424553483724594,0.22325082123279572,0.2912236750125885,0.17932170629501343,0.16210375726222992,0.23712198436260223,0.23107503354549408,0.07784754037857056,0.09592964500188828,0.0752653181552887,0.11250340938568115,0.1452893167734146,0.19192400574684143,0.16608810424804688
C_unseen_anchor_unseen_family,M2_s43/donor_same_cond,96,0.16732770204544067,0.21688994765281677,0.15694580972194672,0.08632755279541016,0.10002521425485611,0.05583970993757248,0.15487857162952423,0.1865232139825821,0.15551188588142395,0.18900440633296967,0.22734475135803223,0.1537126898765564,0.09559664875268936,0.12069159746170044,0.058049123734235764,0.14099431037902832,0.1821991354227066,0.15619246661663055,0.29925301671028137,0.35543057322502136,0.19940246641635895,0.06756333261728287,0.08937227725982666,0.07175933569669724,0.24615885317325592,0.3113253116607666,0.18244536221027374,0.16678212583065033,0.23842523992061615,0.23072697222232819,0.0815783143043518,0.10031504184007645,0.07608446478843689,0.1381463259458542,0.16908401250839233,0.19969338178634644,0.16883493959903717
C_unseen_anchor_unseen_family,M2_s43/donor_wrong_cond,96,0.17008037865161896,0.21661877632141113,0.16231028735637665,0.08678683638572693,0.10048459470272064,0.05600811168551445,0.15761242806911469,0.1900363713502884,0.15788516402244568,0.18789862096309662,0.2262498438358307,0.16121985018253326,0.09107393771409988,0.11866523325443268,0.058173246681690216,0.15654700994491577,0.20361661911010742,0.1620742827653885,0.30845707654953003,0.38378122448921204,0.20802386105060577,0.06683825701475143,0.08556146919727325,0.06927980482578278,0.2613542079925537,0.34307101368904114,0.19282664358615875,0.17391140758991241,0.25932496786117554,0.2462443709373474,0.07640724629163742,0.09921947866678238,0.07333620637655258,0.1516299694776535,0.18642005324363708,0.21029463410377502,0.1766250729560852
C_unseen_anchor_unseen_family,M2_s43/donor_zero,96,0.16487544775009155,0.21304070949554443,0.1573670357465744,0.08554068952798843,0.09841730445623398,0.05440486967563629,0.15502339601516724,0.1849561184644699,0.1554120033979416,0.19258011877536774,0.23065119981765747,0.15635889768600464,0.09717008471488953,0.12304192781448364,0.05751197412610054,0.13668383657932281,0.17947901785373688,0.15680837631225586,0.29984530806541443,0.357390820980072,0.20421361923217773,0.062433768063783646,0.08148227632045746,0.0753462165594101,0.23155732452869415,0.29963961243629456,0.1783374398946762,0.16542178392410278,0.24073359370231628,0.23314818739891052,0.07399629056453705,0.0946221798658371,0.07504614442586899,0.12390035390853882,0.15235558152198792,0.19225749373435974,0.16681727766990662
C_unseen_anchor_unseen_family,M2_s44,96,0.1732291430234909,0.22008395195007324,0.1609964668750763,0.09373351186513901,0.11454464495182037,0.05544193461537361,0.15255111455917358,0.18472571671009064,0.1535562425851822,0.1874016523361206,0.23272879421710968,0.15461300313472748,0.06320282816886902,0.07828230410814285,0.05807451903820038,0.18628014624118805,0.24194858968257904,0.16207316517829895,0.2745492160320282,0.3439749479293823,0.19143177568912506,0.08365448564291,0.10182071477174759,0.0732470229268074,0.24551069736480713,0.33004194498062134,0.19366663694381714,0.14620743691921234,0.21685491502285004,0.2258363515138626,0.06669148802757263,0.08299065381288528,0.07469189167022705,0.17906419932842255,0.2157038003206253,0.20507380366325378,0.1685340255498886
C_unseen_anchor_unseen_family,M2_s44/donor_native,96,0.1732291430234909,0.22008395195007324,0.1609964668750763,0.09373351186513901,0.11454464495182037,0.05544193461537361,0.15255111455917358,0.18472571671009064,0.1535562425851822,0.1874016523361206,0.23272879421710968,0.15461300313472748,0.06320282816886902,0.07828230410814285,0.05807451903820038,0.18628014624118805,0.24194858968257904,0.16207316517829895,0.2745492160320282,0.3439749479293823,0.19143177568912506,0.08365448564291,0.10182071477174759,0.0732470229268074,0.24551069736480713,0.33004194498062134,0.19366663694381714,0.14620743691921234,0.21685491502285004,0.2258363515138626,0.06669148802757263,0.08299065381288528,0.07469189167022705,0.17906419932842255,0.2157038003206253,0.20507380366325378,0.1685340255498886
C_unseen_anchor_unseen_family,M2_s44/donor_same_cond,96,0.17315740883350372,0.2213168740272522,0.1569572538137436,0.09430843591690063,0.11481158435344696,0.05651706084609032,0.1476266235113144,0.17991141974925995,0.15055504441261292,0.1834758073091507,0.23006108403205872,0.15134795010089874,0.06326498836278915,0.07848703116178513,0.058904364705085754,0.18634557723999023,0.2384127378463745,0.15958330035209656,0.2658362090587616,0.3369590938091278,0.18688230216503143,0.08853503316640854,0.1088142916560173,0.07354548573493958,0.23972953855991364,0.3169358968734741,0.18949580192565918,0.14544019103050232,0.21589890122413635,0.22282622754573822,0.07777292281389236,0.09512920677661896,0.07749635726213455,0.18019871413707733,0.21474730968475342,0.20371383428573608,0.16801214218139648
C_unseen_anchor_unseen_family,M2_s44/donor_wrong_cond,96,0.18501417338848114,0.22787639498710632,0.1650264412164688,0.09162131696939468,0.1125589981675148,0.056261662393808365,0.14576062560081482,0.17939019203186035,0.15091203153133392,0.1891530603170395,0.23076504468917847,0.159589946269989,0.058217573910951614,0.07195791602134705,0.0581577867269516,0.18798458576202393,0.2525998651981354,0.16438254714012146,0.27102574706077576,0.35520699620246887,0.19418223202228546,0.08096388727426529,0.09917885065078735,0.07031957060098648,0.25496095418930054,0.33924320340156555,0.20427973568439484,0.15464584529399872,0.23519131541252136,0.23687677085399628,0.0738731175661087,0.09074139595031738,0.07345132529735565,0.18446360528469086,0.22972372174263,0.21773678064346313,0.17602163553237915
C_unseen_anchor_unseen_family,M2_s44/donor_zero,96,0.17625999450683594,0.2238202691078186,0.160834401845932,0.09510064125061035,0.11609285324811935,0.05722756311297417,0.1443815678358078,0.17425134778022766,0.14810295403003693,0.18889258801937103,0.23562082648277283,0.15560801327228546,0.06412490457296371,0.0801616832613945,0.05931955203413963,0.17620837688446045,0.23448379337787628,0.1570577174425125,0.26855337619781494,0.3411601185798645,0.19100680947303772,0.08252660185098648,0.10112184286117554,0.07333078235387802,0.22664062678813934,0.30765917897224426,0.18480412662029266,0.1509895771741867,0.2256896197795868,0.22668036818504333,0.07125230878591537,0.08711069822311401,0.07373985648155212,0.17591099441051483,0.2126847356557846,0.19778864085674286,0.1660696119070053
C_unseen_anchor_unseen_family,M3_s42,96,0.16443879902362823,0.2165098637342453,0.15692447125911713,0.07573912292718887,0.08831950277090073,0.05463729798793793,0.16197539865970612,0.19613800942897797,0.15402711927890778,0.16170692443847656,0.20895007252693176,0.16125459969043732,0.06637866050004959,0.08029617369174957,0.05593371391296387,0.1787070631980896,0.23636208474636078,0.16161587834358215,0.24564427137374878,0.3249591588973999,0.18997439742088318,0.0714062750339508,0.08759187161922455,0.0680096298456192,0.21679608523845673,0.2872166931629181,0.19926191866397858,0.15834373235702515,0.21741610765457153,0.2344968169927597,0.054774776101112366,0.06809929758310318,0.07267273962497711,0.13806791603565216,0.17560553550720215,0.20819009840488434,0.17178654670715332
C_unseen_anchor_unseen_family,M3_s43,96,0.15754617750644684,0.2099413424730301,0.1628359854221344,0.07195894420146942,0.08478788286447525,0.05102013051509857,0.15757904946804047,0.1893947571516037,0.1545608639717102,0.19478048384189606,0.2323610782623291,0.16496996581554413,0.09258713573217392,0.11123981326818466,0.05377053841948509,0.15158067643642426,0.19856008887290955,0.15894538164138794,0.2871454656124115,0.34854552149772644,0.19749368727207184,0.05945655703544617,0.07380489259958267,0.06811275333166122,0.2369401901960373,0.30323049426078796,0.18598538637161255,0.18072296679019928,0.25049740076065063,0.23439921438694,0.07340633124113083,0.09300883114337921,0.07683161646127701,0.1619918942451477,0.1917240470647812,0.20028027892112732,0.17050370573997498
C_unseen_anchor_unseen_family,M3_s44,96,0.18933860957622528,0.23932413756847382,0.15956680476665497,0.07820658385753632,0.0912887379527092,0.053023338317871094,0.13292726874351501,0.16111542284488678,0.13998399674892426,0.19945377111434937,0.23928296566009521,0.16700980067253113,0.08818522840738297,0.10471977293491364,0.05797811225056648,0.17910879850387573,0.24117408692836761,0.15109291672706604,0.2856364846229553,0.3451341688632965,0.19384431838989258,0.07824570685625076,0.09561590850353241,0.0681898295879364,0.20527976751327515,0.2744847536087036,0.17668451368808746,0.16447943449020386,0.23962588608264923,0.23037534952163696,0.07186170667409897,0.08633771538734436,0.07488543540239334,0.16054560244083405,0.19064396619796753,0.1917392462491989,0.16566666960716248
C_unseen_anchor_unseen_family,command-copy,96,0.15066738426685333,0.2357330173254013,0.1410781294107437,0.029875651001930237,0.039772193878889084,0.027166815474629402,0.14417098462581635,0.20714648067951202,0.1354827582836151,0.1773340106010437,0.2797338366508484,0.14936508238315582,0.03318146988749504,0.043834466487169266,0.02974824234843254,0.16979092359542847,0.24820199608802795,0.14356902241706848,0.32706764340400696,0.48120611906051636,0.22266291081905365,0.042417239397764206,0.05255508795380592,0.03470810130238533,0.2150799036026001,0.3145906329154968,0.18245342373847961,0.19650311768054962,0.2884165346622467,0.2731319069862366,0.02852438949048519,0.0365227535367012,0.03648579865694046,0.12427413463592529,0.17342202365398407,0.1880197525024414,0.16587914526462555
C_unseen_anchor_unseen_family,persistence,96,0.1491568684577942,0.20784488320350647,0.1001313105225563,0.036202121526002884,0.05115417391061783,0.02842055633664131,0.17822296917438507,0.26363977789878845,0.13656741380691528,0.26832810044288635,0.32756638526916504,0.16112938523292542,0.04225924611091614,0.053251877427101135,0.03408901020884514,0.28383782505989075,0.36936312913894653,0.190958634018898,0.5095191597938538,0.5724125504493713,0.2961817681789398,0.04669705405831337,0.05763956531882286,0.03898565098643303,0.6878029704093933,0.783789336681366,0.37198346853256226,0.4703472852706909,0.4994199872016907,0.4111342132091522,0.03161053732037544,0.03969816118478775,0.04071544110774994,0.6228612065315247,0.6445242762565613,0.5468271374702454,0.3328922688961029
C_unseen_anchor_unseen_family,persistence_OLD_wrong_axis,96,0.1491568684577942,0.20784488320350647,0.1001313105225563,0.036202121526002884,0.05115417391061783,0.02842055633664131,0.4248487949371338,0.5148929953575134,0.3564451038837433,0.26832810044288635,0.32756638526916504,0.16112938523292542,0.04225924611091614,0.053251877427101135,0.03408901020884514,0.5256132483482361,0.5847362279891968,0.4214496612548828,0.5095191597938538,0.5724125504493713,0.2961817681789398,0.04669705405831337,0.05763956531882286,0.03898565098643303,0.4956461191177368,0.5444025993347168,0.4821344316005707,0.4703472852706909,0.4994199872016907,0.4111342132091522,0.03161053732037544,0.03969816118478775,0.04071544110774994,0.37544718384742737,0.4611878991127014,0.4781346619129181,0.30999478697776794
C_unseen_anchor_unseen_family,ridge_multioutput,96,0.14519230808960285,0.18573837728819673,0.1277017382128124,0.06738935405616253,0.07781311632888566,0.05109684508404178,0.1502539041182559,0.1837099295283177,0.15074834950815014,0.16831048374246968,0.2122223513793336,0.13141358498738848,0.06391510713071515,0.08060756652329648,0.057936987328763255,0.19143324223475258,0.2559541530463537,0.15647665771891237,0.24731556254979203,0.3082127368802959,0.1702998024899351,0.09909028864041797,0.1290259523664185,0.07716406877942418,0.2641339534209943,0.3540772177626929,0.19727994260522103,0.1651333210091676,0.2305456088280824,0.21274843684224337,0.048149211897493056,0.06027357661059318,0.08316308178240676,0.15683793941656696,0.18695515054353,0.21144557334435934,0.1691190306563365
supp_AQ5xQ4,M0_s42,48,0.19341939687728882,0.23969760537147522,0.14629456400871277,0.051005568355321884,0.06406590342521667,0.043082308024168015,0.16151054203510284,0.1812702715396881,0.1354181319475174,0.18662099540233612,0.2341143935918808,0.15258949995040894,0.05155641958117485,0.06206884607672691,0.04241523519158363,0.14766870439052582,0.18760819733142853,0.14503267407417297,0.2627369463443756,0.35759595036506653,0.1755552738904953,0.04729662835597992,0.059195034205913544,0.05271383002400398,0.25009164214134216,0.33698955178260803,0.1863505244255066,0.220434308052063,0.3260049819946289,0.21617785096168518,0.08127827942371368,0.08871840685606003,0.06442566215991974,0.19277697801589966,0.23752813041210175,0.20345719158649445,0.16135357320308685
supp_AQ5xQ4,M0_s43,48,0.17175717651844025,0.22500698268413544,0.13599403202533722,0.05895126983523369,0.0696997195482254,0.04489409551024437,0.15142123401165009,0.16821691393852234,0.13176937401294708,0.16546835005283356,0.2069905400276184,0.14489752054214478,0.0642918199300766,0.07831570506095886,0.04754789173603058,0.17784221470355988,0.21821877360343933,0.14657825231552124,0.2363460808992386,0.3431606590747833,0.17129841446876526,0.05258091166615486,0.06420508027076721,0.05590427294373512,0.2549092471599579,0.35488077998161316,0.18275603652000427,0.19440709054470062,0.289458692073822,0.21560527384281158,0.08357969671487808,0.0952407717704773,0.06742024421691895,0.16584138572216034,0.21730215847492218,0.199408158659935,0.16081123054027557
supp_AQ5xQ4,M0_s44,48,0.17188222706317902,0.22075319290161133,0.13704745471477509,0.06476251035928726,0.07674040645360947,0.03995969146490097,0.14108414947986603,0.16075077652931213,0.12356042861938477,0.1523636132478714,0.1908767819404602,0.1480160653591156,0.09834933280944824,0.11296362429857254,0.04904737323522568,0.1839674562215805,0.226461261510849,0.14441771805286407,0.2471751570701599,0.34202903509140015,0.17181307077407837,0.060980673879384995,0.07332015037536621,0.05741509422659874,0.25492432713508606,0.32473188638687134,0.18499764800071716,0.19745202362537384,0.29732444882392883,0.21683897078037262,0.09585007280111313,0.11324437707662582,0.07658469676971436,0.1548634022474289,0.21284350752830505,0.1964646726846695,0.16329610347747803
supp_AQ5xQ4,M1_s42,48,0.19381307065486908,0.24323320388793945,0.15962620079517365,0.07067278027534485,0.08444304764270782,0.04629518836736679,0.15171901881694794,0.17306360602378845,0.14131221175193787,0.15594427287578583,0.21034647524356842,0.15695689618587494,0.06297122687101364,0.07565926015377045,0.048925165086984634,0.18362067639827728,0.23736640810966492,0.15404337644577026,0.22153227031230927,0.3188824951648712,0.1754423826932907,0.06225477531552315,0.08080380409955978,0.062356844544410706,0.2562437355518341,0.3391478955745697,0.205023393034935,0.19807249307632446,0.2746216654777527,0.2263612598180771,0.04443325102329254,0.05643504112958908,0.06826838850975037,0.154408261179924,0.213284432888031,0.21032708883285522,0.16831889748573303
supp_AQ5xQ4,M1_s42/cvar_cross_support,48,0.18756763637065887,0.23015096783638,0.1597507745027542,0.0732276663184166,0.08647774159908295,0.05148797109723091,0.16984356939792633,0.21217846870422363,0.15351973474025726,0.14869122207164764,0.19647549092769623,0.15670904517173767,0.07841136306524277,0.09471423923969269,0.055005647242069244,0.19064193964004517,0.2365993857383728,0.15809325873851776,0.2330535650253296,0.3331690728664398,0.17844192683696747,0.10602770000696182,0.14670372009277344,0.07696665078401566,0.2423509806394577,0.3398648798465729,0.20481589436531067,0.18660755455493927,0.2641535997390747,0.22840873897075653,0.053711652755737305,0.06447380781173706,0.07956741750240326,0.14015932381153107,0.2020726054906845,0.20918191969394684,0.1723860204219818
supp_AQ5xQ4,M1_s42/cvar_diff_condition,48,0.17601381242275238,0.22478151321411133,0.1560014933347702,0.07947488129138947,0.0911499485373497,0.052512142807245255,0.17702722549438477,0.21261683106422424,0.1593271791934967,0.14741918444633484,0.1985490918159485,0.1561281681060791,0.07562258094549179,0.09114756435155869,0.05479777604341507,0.18642693758010864,0.2387111783027649,0.16430190205574036,0.2302161306142807,0.3295866847038269,0.1760578453540802,0.08970513194799423,0.11053526401519775,0.073969267308712,0.25730404257774353,0.3504626154899597,0.2115076631307602,0.19192665815353394,0.27188223600387573,0.22733783721923828,0.05600886419415474,0.06935910135507584,0.07737354934215546,0.13850583136081696,0.1990467756986618,0.2119743973016739,0.17222860455513
supp_AQ5xQ4,M1_s42/cvar_shuffle,48,0.189610555768013,0.2383529543876648,0.15924201905727386,0.06862938404083252,0.08040214329957962,0.04652552679181099,0.15906403958797455,0.18301035463809967,0.14581021666526794,0.14746706187725067,0.200149267911911,0.15576080977916718,0.06845011562108994,0.0818224847316742,0.05030583590269089,0.1806745082139969,0.23234060406684875,0.1555202454328537,0.22737888991832733,0.32599231600761414,0.17683221399784088,0.07094793766736984,0.09015128761529922,0.06623025238513947,0.25571146607398987,0.35194987058639526,0.20573125779628754,0.19533197581768036,0.2774895429611206,0.22780470550060272,0.046923112124204636,0.05872061476111412,0.07174909859895706,0.15945839881896973,0.21338242292404175,0.21311409771442413,0.17088930308818817
supp_AQ5xQ4,M1_s42/cvar_zero,48,0.1730242371559143,0.22025850415229797,0.15599104762077332,0.07171250134706497,0.08481035381555557,0.045092400163412094,0.16302989423274994,0.18812550604343414,0.15254022181034088,0.14856788516044617,0.19975729286670685,0.15542230010032654,0.06580200046300888,0.0796346664428711,0.04883275181055069,0.16829486191272736,0.217140793800354,0.15662607550621033,0.22919811308383942,0.32769522070884705,0.17597344517707825,0.06638055294752121,0.08485496044158936,0.06273020803928375,0.25439921021461487,0.3523382246494293,0.20498500764369965,0.19233150780200958,0.2726590633392334,0.2265530377626419,0.04138435795903206,0.05178060755133629,0.06588753312826157,0.14602194726467133,0.20738188922405243,0.20769652724266052,0.16671237349510193
supp_AQ5xQ4,M1_s43,48,0.18757979571819305,0.2351839691400528,0.16090244054794312,0.06818782538175583,0.07900211215019226,0.04832758009433746,0.14092566072940826,0.16185179352760315,0.13331015408039093,0.16759522259235382,0.21120235323905945,0.1539153903722763,0.08225154876708984,0.09946176409721375,0.049616120755672455,0.15062947571277618,0.18358953297138214,0.14262953400611877,0.25674155354499817,0.3293245732784271,0.1789717674255371,0.05801638960838318,0.07121896743774414,0.06371474266052246,0.3012484610080719,0.3670511543750763,0.19009621441364288,0.20773203670978546,0.3030227720737457,0.22277888655662537,0.0651315376162529,0.08199772238731384,0.07468223571777344,0.1770893782377243,0.2211359590291977,0.20378176867961884,0.16708096861839294
supp_AQ5xQ4,M1_s43/cvar_cross_support,48,0.1729525774717331,0.21664561331272125,0.1622873991727829,0.07500144094228745,0.08756625652313232,0.05303829535841942,0.16532404720783234,0.19665032625198364,0.1403600126504898,0.1718006134033203,0.21778610348701477,0.15627892315387726,0.08053518086671829,0.09775957465171814,0.0536552295088768,0.1708924025297165,0.2056262493133545,0.14947278797626495,0.2795332670211792,0.3535090386867523,0.1856088638305664,0.1026267483830452,0.13014033436775208,0.07698081433773041,0.2674298584461212,0.3453424870967865,0.19372017681598663,0.20874743163585663,0.3098284900188446,0.22764898836612701,0.0710841491818428,0.09016811102628708,0.08458059281110764,0.14629638195037842,0.19384267926216125,0.20447038114070892,0.17223332822322845
supp_AQ5xQ4,M1_s43/cvar_diff_condition,48,0.17314045131206512,0.21554210782051086,0.16303841769695282,0.07483448088169098,0.08959214389324188,0.05428774282336235,0.16540013253688812,0.1918915957212448,0.14483769237995148,0.1702108383178711,0.21497395634651184,0.15793024003505707,0.08234088867902756,0.0956534743309021,0.054706476628780365,0.1779332160949707,0.21669921278953552,0.15327511727809906,0.2792324721813202,0.3501129746437073,0.1837417334318161,0.08728045225143433,0.1041024923324585,0.07177574187517166,0.2706073820590973,0.35477012395858765,0.19819988310337067,0.21193023025989532,0.3120056688785553,0.22773951292037964,0.08599554747343063,0.11090855300426483,0.08284050971269608,0.1481129378080368,0.19701151549816132,0.20717352628707886,0.17258451879024506
supp_AQ5xQ4,M1_s43/cvar_shuffle,48,0.1809031218290329,0.22452931106090546,0.16061930358409882,0.07701283693313599,0.08818873763084412,0.048567794263362885,0.14189818501472473,0.16725073754787445,0.136317640542984,0.16644908487796783,0.21140389144420624,0.15568065643310547,0.0778842344880104,0.09764506667852402,0.05197852477431297,0.16996921598911285,0.21095360815525055,0.147898331284523,0.2777617275714874,0.34892964363098145,0.18344785273075104,0.07147816568613052,0.08893819153308868,0.06793869286775589,0.2819613516330719,0.3630542755126953,0.19199977815151215,0.2183266431093216,0.3260190486907959,0.2306947261095047,0.07297748327255249,0.09475071728229523,0.07714852690696716,0.16748130321502686,0.2190750241279602,0.20364882051944733,0.1704973578453064
supp_AQ5xQ4,M1_s43/cvar_zero,48,0.1701972335577011,0.21109610795974731,0.16072896122932434,0.07843762636184692,0.08740002661943436,0.046752192080020905,0.15805567800998688,0.18379954993724823,0.1412254124879837,0.1695430874824524,0.21477633714675903,0.1560978889465332,0.0803711861371994,0.09631361812353134,0.049075450748205185,0.16752813756465912,0.19956566393375397,0.14787857234477997,0.27601900696754456,0.3489191234111786,0.18245764076709747,0.07237351685762405,0.0858566090464592,0.0655675157904625,0.27600404620170593,0.35335350036621094,0.19014139473438263,0.21229465305805206,0.3135330379009247,0.22733911871910095,0.07990612834692001,0.099827840924263,0.07428193092346191,0.1539454609155655,0.19863177835941315,0.19908292591571808,0.16690132021903992
supp_AQ5xQ4,M1_s44,48,0.19878767430782318,0.25265878438949585,0.15128783881664276,0.07862699031829834,0.09121626615524292,0.05066210404038429,0.14564602077007294,0.16926069557666779,0.1281164586544037,0.1837102621793747,0.22605636715888977,0.15445439517498016,0.0913628339767456,0.10669547319412231,0.055902935564517975,0.16931559145450592,0.22386083006858826,0.13846810162067413,0.25848522782325745,0.34080106019973755,0.17679385840892792,0.06704898178577423,0.08983729779720306,0.06574983149766922,0.27763131260871887,0.37083274126052856,0.1817787140607834,0.19639909267425537,0.2932267189025879,0.22002935409545898,0.07977428287267685,0.0961051806807518,0.07296793907880783,0.16258279979228973,0.2173522561788559,0.19655783474445343,0.16318504512310028
supp_AQ5xQ4,M1_s44/cvar_cross_support,48,0.19995994865894318,0.24829888343811035,0.15290896594524384,0.07608891278505325,0.09053073078393936,0.05221332609653473,0.1635739654302597,0.18080638349056244,0.1319362074136734,0.17984597384929657,0.2203367054462433,0.15718050301074982,0.09444355219602585,0.10788749158382416,0.05823536589741707,0.1541634500026703,0.20667093992233276,0.13980159163475037,0.2806563675403595,0.36269816756248474,0.18152181804180145,0.11570916324853897,0.16484104096889496,0.08201213926076889,0.27538177371025085,0.3710232079029083,0.17951542139053345,0.19562000036239624,0.29077863693237305,0.22466185688972473,0.0742618665099144,0.09156492352485657,0.08616981655359268,0.1430167406797409,0.198565274477005,0.18961843848228455,0.16681671142578125
supp_AQ5xQ4,M1_s44/cvar_diff_condition,48,0.19735495746135712,0.2470988780260086,0.15509718656539917,0.07775290310382843,0.0919547826051712,0.05315083637833595,0.16037999093532562,0.17970262467861176,0.13737863302230835,0.18046599626541138,0.2200491726398468,0.1581660956144333,0.09251669049263,0.10768075287342072,0.057817403227090836,0.15075379610061646,0.20204010605812073,0.14313119649887085,0.2745955288410187,0.35539519786834717,0.1808691918849945,0.09925160557031631,0.11813012510538101,0.07683023810386658,0.27280983328819275,0.3681080937385559,0.1821315586566925,0.19638371467590332,0.29343944787979126,0.22507363557815552,0.08455892652273178,0.1020895466208458,0.08120898902416229,0.14287371933460236,0.20061752200126648,0.19260627031326294,0.16629630327224731
supp_AQ5xQ4,M1_s44/cvar_shuffle,48,0.20268739759922028,0.25714629888534546,0.15206371247768402,0.07227455824613571,0.08384709805250168,0.05107885226607323,0.1492619514465332,0.17120178043842316,0.12890784442424774,0.18034613132476807,0.22269181907176971,0.15675926208496094,0.09802097082138062,0.11413860321044922,0.05762537941336632,0.1580297201871872,0.19853943586349487,0.13952115178108215,0.2742503583431244,0.3613106310367584,0.18142548203468323,0.08396928757429123,0.1039656475186348,0.06818079948425293,0.2741656005382538,0.35766535997390747,0.1812306046485901,0.19695718586444855,0.2962295413017273,0.22611595690250397,0.07354692369699478,0.09065388888120651,0.07456836849451065,0.15273022651672363,0.2137151062488556,0.19342701137065887,0.16470377147197723
supp_AQ5xQ4,M1_s44/cvar_zero,48,0.19551639258861542,0.24863049387931824,0.15099433064460754,0.07823550701141357,0.09354986995458603,0.05177323520183563,0.15453381836414337,0.17111249268054962,0.13082975149154663,0.1806616336107254,0.2221730649471283,0.15723180770874023,0.09372708201408386,0.10826697200536728,0.05659855529665947,0.1554211527109146,0.2013721913099289,0.13899043202400208,0.27448001503944397,0.3637180030345917,0.18079166114330292,0.07972093671560287,0.10739272832870483,0.0708167552947998,0.2837716341018677,0.37650829553604126,0.17849843204021454,0.1978393793106079,0.29637253284454346,0.2248568832874298,0.06748282164335251,0.08340507000684738,0.07087167352437973,0.15322379767894745,0.21143759787082672,0.1914726346731186,0.16240039467811584
supp_AQ5xQ4,M2_s42,48,0.18457244336605072,0.22981198132038116,0.16515061259269714,0.044873908162117004,0.059005022048950195,0.04577161744236946,0.15769505500793457,0.17546223104000092,0.14088812470436096,0.1435091644525528,0.19113735854625702,0.1552930623292923,0.09180625528097153,0.1107332706451416,0.05024049058556557,0.14623023569583893,0.19107812643051147,0.1460486799478531,0.2496456652879715,0.3421986401081085,0.17621558904647827,0.06878530979156494,0.09489021450281143,0.06416965276002884,0.26333776116371155,0.36749106645584106,0.1947217732667923,0.1962401270866394,0.28424787521362305,0.2226613312959671,0.03573082014918327,0.046111807227134705,0.06729734688997269,0.1580505669116974,0.22740642726421356,0.2032543569803238,0.16440434753894806
supp_AQ5xQ4,M2_s42/donor_native,48,0.18457244336605072,0.22981198132038116,0.16515061259269714,0.044873908162117004,0.059005022048950195,0.04577161744236946,0.15769505500793457,0.17546223104000092,0.14088812470436096,0.1435091644525528,0.19113735854625702,0.1552930623292923,0.09180625528097153,0.1107332706451416,0.05024049058556557,0.14623023569583893,0.19107812643051147,0.1460486799478531,0.2496456652879715,0.3421986401081085,0.17621558904647827,0.06878530979156494,0.09489021450281143,0.06416965276002884,0.26333776116371155,0.36749106645584106,0.1947217732667923,0.1962401270866394,0.28424787521362305,0.2226613312959671,0.03573082014918327,0.046111807227134705,0.06729734688997269,0.1580505669116974,0.22740642726421356,0.2032543569803238,0.16440434753894806
supp_AQ5xQ4,M2_s42/donor_same_cond,48,0.17450402677059174,0.2214478850364685,0.16155607998371124,0.047510042786598206,0.06096671521663666,0.048373620957136154,0.15518257021903992,0.1753275990486145,0.1401246041059494,0.14324036240577698,0.19058924913406372,0.15106935799121857,0.08334413170814514,0.10349220782518387,0.05077160522341728,0.14257992804050446,0.18518005311489105,0.1439768373966217,0.2412666231393814,0.330735981464386,0.1722680777311325,0.06911452859640121,0.09734027087688446,0.06262078136205673,0.2571166753768921,0.35277655720710754,0.19057457149028778,0.19586803019046783,0.2810143828392029,0.217549666762352,0.04164601489901543,0.05410723388195038,0.06841512024402618,0.16008548438549042,0.22275462746620178,0.19990511238574982,0.16195662319660187
supp_AQ5xQ4,M2_s42/donor_wrong_cond,48,0.18586254119873047,0.23055382072925568,0.1671375334262848,0.047159623354673386,0.06222512573003769,0.048417333513498306,0.1580241322517395,0.1832232028245926,0.14512164890766144,0.14642758667469025,0.1965874880552292,0.15884141623973846,0.08792289346456528,0.10559125989675522,0.05130986496806145,0.16753190755844116,0.2173369973897934,0.15519139170646667,0.24988560378551483,0.35693007707595825,0.18425258994102478,0.05893370881676674,0.07905414700508118,0.06337807327508926,0.2739863097667694,0.3865283727645874,0.2061939239501953,0.20158076286315918,0.29422712326049805,0.23445816338062286,0.04497966170310974,0.056538768112659454,0.06690716743469238,0.17308074235916138,0.23843251168727875,0.21481618285179138,0.1720605194568634
supp_AQ5xQ4,M2_s42/donor_zero,48,0.16906897723674774,0.2080589085817337,0.16290411353111267,0.0503128282725811,0.06336268782615662,0.046464841812849045,0.15568354725837708,0.17430981993675232,0.14279969036579132,0.14261271059513092,0.191556915640831,0.15375344455242157,0.08516792207956314,0.104030542075634,0.04988424479961395,0.14796732366085052,0.19176620244979858,0.14779581129550934,0.24533940851688385,0.34224915504455566,0.17652200162410736,0.061955418437719345,0.08764565736055374,0.06220809370279312,0.2509494125843048,0.3510265648365021,0.19348783791065216,0.1935114860534668,0.2808978855609894,0.22277052700519562,0.03574974834918976,0.045924484729766846,0.06430701166391373,0.14671535789966583,0.21240222454071045,0.19801822304725647,0.161698579788208
supp_AQ5xQ4,M2_s43,48,0.18000221252441406,0.22441667318344116,0.15542472898960114,0.0854034498333931,0.09444074332714081,0.051448605954647064,0.1519349366426468,0.172216534614563,0.14202187955379486,0.16451825201511383,0.20652323961257935,0.14865247905254364,0.08132419735193253,0.09979334473609924,0.05361650884151459,0.15330059826374054,0.1969023495912552,0.14489729702472687,0.2900947332382202,0.35103854537010193,0.18493057787418365,0.07503017038106918,0.09875203669071198,0.0734112560749054,0.2733255624771118,0.36384254693984985,0.18387556076049805,0.19625364243984222,0.2913508117198944,0.2231781929731369,0.07194478064775467,0.08951401710510254,0.0742611214518547,0.12850958108901978,0.18520674109458923,0.1966368407011032,0.16469205915927887
supp_AQ5xQ4,M2_s43/donor_native,48,0.18000221252441406,0.22441667318344116,0.15542472898960114,0.0854034498333931,0.09444074332714081,0.051448605954647064,0.1519349366426468,0.172216534614563,0.14202187955379486,0.16451825201511383,0.20652323961257935,0.14865247905254364,0.08132419735193253,0.09979334473609924,0.05361650884151459,0.15330059826374054,0.1969023495912552,0.14489729702472687,0.2900947332382202,0.35103854537010193,0.18493057787418365,0.07503017038106918,0.09875203669071198,0.0734112560749054,0.2733255624771118,0.36384254693984985,0.18387556076049805,0.19625364243984222,0.2913508117198944,0.2231781929731369,0.07194478064775467,0.08951401710510254,0.0742611214518547,0.12850958108901978,0.18520674109458923,0.1966368407011032,0.16469205915927887
supp_AQ5xQ4,M2_s43/donor_same_cond,48,0.18891282379627228,0.2357673943042755,0.15450631082057953,0.0861138105392456,0.0958874374628067,0.05159412696957588,0.1496884971857071,0.1727602332830429,0.13921454548835754,0.1655368059873581,0.2063797563314438,0.14520768821239471,0.07967614382505417,0.09975597262382507,0.0532025471329689,0.15123863518238068,0.19198328256607056,0.14236542582511902,0.27477407455444336,0.3418181836605072,0.1788046509027481,0.07643014937639236,0.10165910422801971,0.06993729621171951,0.29059740900993347,0.3747235834598541,0.18399129807949066,0.199904203414917,0.2923199534416199,0.2168751209974289,0.07732125371694565,0.09693528711795807,0.07537460327148438,0.15639589726924896,0.20219698548316956,0.20316365361213684,0.16513778269290924
supp_AQ5xQ4,M2_s43/donor_wrong_cond,48,0.18994396924972534,0.23692768812179565,0.1609163135290146,0.08687356859445572,0.09651201963424683,0.05262140557169914,0.15451236069202423,0.17937789857387543,0.1435386836528778,0.1714204102754593,0.2130381166934967,0.1543450504541397,0.07882217317819595,0.09961587190628052,0.054776862263679504,0.18322132527828217,0.21865706145763397,0.150248721241951,0.28859594464302063,0.37891674041748047,0.1892654448747635,0.0661274641752243,0.0847792699933052,0.0674465000629425,0.3067341446876526,0.40511542558670044,0.19817303121089935,0.2098643034696579,0.31683793663978577,0.23576590418815613,0.07349066436290741,0.0968635156750679,0.07231681793928146,0.15573559701442719,0.21148283779621124,0.21383418142795563,0.17397229373455048
supp_AQ5xQ4,M2_s43/donor_zero,48,0.18158257007598877,0.22868312895298004,0.15652309358119965,0.08471647650003433,0.09357016533613205,0.05124122276902199,0.1493728756904602,0.1702592521905899,0.13901494443416595,0.16850340366363525,0.21092350780963898,0.1492190659046173,0.0830095037817955,0.1040477603673935,0.053366731852293015,0.15227335691452026,0.1934935450553894,0.14316602051258087,0.2785200774669647,0.347713828086853,0.1849922388792038,0.0661412850022316,0.08819317817687988,0.07427357137203217,0.2805844843387604,0.3653639554977417,0.18405033648014069,0.19745326042175293,0.2967553734779358,0.224385604262352,0.07308437675237656,0.0914694294333458,0.07411052286624908,0.13354231417179108,0.18429145216941833,0.19678357243537903,0.16509322822093964
supp_AQ5xQ4,M2_s44,48,0.18967439234256744,0.2416626513004303,0.1577887237071991,0.09516484290361404,0.11492414772510529,0.05150165408849716,0.14241665601730347,0.1627076417207718,0.13707953691482544,0.1619560867547989,0.20484137535095215,0.14512115716934204,0.0602177195250988,0.07677901536226273,0.054803404957056046,0.18582004308700562,0.24384194612503052,0.15052537620067596,0.2492656707763672,0.3400757610797882,0.17241999506950378,0.06986337900161743,0.09447044134140015,0.07197297364473343,0.2799265682697296,0.39559802412986755,0.19480179250240326,0.18583257496356964,0.2754133343696594,0.2166762351989746,0.07763651758432388,0.09955726563930511,0.07526982575654984,0.1771336793899536,0.24098724126815796,0.2077677994966507,0.16657128930091858
supp_AQ5xQ4,M2_s44/donor_native,48,0.18967439234256744,0.2416626513004303,0.1577887237071991,0.09516484290361404,0.11492414772510529,0.05150165408849716,0.14241665601730347,0.1627076417207718,0.13707953691482544,0.1619560867547989,0.20484137535095215,0.14512115716934204,0.0602177195250988,0.07677901536226273,0.054803404957056046,0.18582004308700562,0.24384194612503052,0.15052537620067596,0.2492656707763672,0.3400757610797882,0.17241999506950378,0.06986337900161743,0.09447044134140015,0.07197297364473343,0.2799265682697296,0.39559802412986755,0.19480179250240326,0.18583257496356964,0.2754133343696594,0.2166762351989746,0.07763651758432388,0.09955726563930511,0.07526982575654984,0.1771336793899536,0.24098724126815796,0.2077677994966507,0.16657128930091858
supp_AQ5xQ4,M2_s44/donor_same_cond,48,0.1867639571428299,0.23961634933948517,0.15406043827533722,0.09606757760047913,0.11600920557975769,0.05295410379767418,0.14312207698822021,0.1646866500377655,0.13588093221187592,0.15605537593364716,0.2008374184370041,0.14124614000320435,0.06048266962170601,0.07797331362962723,0.05596281215548515,0.1844605952501297,0.2437615692615509,0.1490822732448578,0.2430344969034195,0.33198124170303345,0.16860274970531464,0.07668023556470871,0.10591807216405869,0.07180693745613098,0.2777191698551178,0.38336512446403503,0.19093427062034607,0.18347643315792084,0.27210280299186707,0.2117796689271927,0.08846980333328247,0.10940127819776535,0.07789311558008194,0.18449704349040985,0.24090372025966644,0.20667634904384613,0.16544970870018005
supp_AQ5xQ4,M2_s44/donor_wrong_cond,48,0.1984225958585739,0.24858884513378143,0.1602935492992401,0.0941338911652565,0.11469464004039764,0.05288643017411232,0.1473873406648636,0.16906386613845825,0.13825345039367676,0.16781477630138397,0.21236374974250793,0.14978644251823425,0.05704725906252861,0.0717773288488388,0.055823445320129395,0.19950981438159943,0.2617205083370209,0.15614518523216248,0.2535950839519501,0.3575739860534668,0.17854160070419312,0.061093587428331375,0.08035819977521896,0.06841667741537094,0.2811216413974762,0.39602968096733093,0.20679673552513123,0.19669945538043976,0.2958787977695465,0.22816649079322815,0.08181345462799072,0.10258658230304718,0.07331433892250061,0.1865779608488083,0.24949347972869873,0.22162702679634094,0.17436927556991577
supp_AQ5xQ4,M2_s44/donor_zero,48,0.19129204750061035,0.24108432233333588,0.15655161440372467,0.09769651293754578,0.11767043173313141,0.05422571673989296,0.1415541023015976,0.16340439021587372,0.1345432698726654,0.16370993852615356,0.21001926064491272,0.14546272158622742,0.06294392794370651,0.07979018986225128,0.057386431843042374,0.18259482085704803,0.2385265827178955,0.14735645055770874,0.2449100762605667,0.3384392559528351,0.17363204061985016,0.0684855505824089,0.09140250086784363,0.07149969041347504,0.26821544766426086,0.3733503520488739,0.18968787789344788,0.19043855369091034,0.28446921706199646,0.2181309312582016,0.08118078857660294,0.10182368755340576,0.07383368909358978,0.17579776048660278,0.23500366508960724,0.20224593579769135,0.16473685204982758
supp_AQ5xQ4,M3_s42,48,0.1936585158109665,0.24275662004947662,0.15909163653850555,0.07047537714242935,0.08415458351373672,0.046318866312503815,0.15137894451618195,0.17252682149410248,0.1414596289396286,0.15591831505298615,0.20990099012851715,0.15634816884994507,0.06317760795354843,0.07595833390951157,0.048807498067617416,0.1826423853635788,0.23611591756343842,0.153610497713089,0.22265835106372833,0.31980791687965393,0.17530140280723572,0.0640416219830513,0.08282657712697983,0.0625104233622551,0.25517311692237854,0.3375297784805298,0.20510368049144745,0.1974320262670517,0.2748088538646698,0.22557967901229858,0.04495544359087944,0.0568811409175396,0.06848350912332535,0.15456010401248932,0.2132004052400589,0.21033957600593567,0.16813425719738007
supp_AQ5xQ4,M3_s43,48,0.18663287162780762,0.23442333936691284,0.16037553548812866,0.06842820346355438,0.07928801327943802,0.04821833223104477,0.14054861664772034,0.1610586941242218,0.13276012241840363,0.16749660670757294,0.21129387617111206,0.1538001000881195,0.0820879340171814,0.09947072714567184,0.049641452729701996,0.1511494368314743,0.1838836520910263,0.1424858272075653,0.2590290606021881,0.3312744200229645,0.17898887395858765,0.05815383791923523,0.071512371301651,0.06381966918706894,0.3011920154094696,0.3665069341659546,0.19005045294761658,0.20758289098739624,0.3025556802749634,0.2227516919374466,0.06400685757398605,0.08101639151573181,0.07490915805101395,0.17752444744110107,0.22138692438602448,0.2038208395242691,0.16716055572032928
supp_AQ5xQ4,M3_s44,48,0.19916526973247528,0.2529672682285309,0.15120919048786163,0.07804866880178452,0.09056799858808517,0.05061087757349014,0.1458546221256256,0.16887834668159485,0.12825119495391846,0.18408989906311035,0.22629764676094055,0.15438726544380188,0.09086046367883682,0.10610026121139526,0.05575567111372948,0.1695946305990219,0.22442802786827087,0.1387062966823578,0.25826212763786316,0.34033071994781494,0.17682132124900818,0.0666477307677269,0.08955506235361099,0.06567632406949997,0.2777465581893921,0.37097907066345215,0.18210004270076752,0.19633710384368896,0.29320940375328064,0.22007493674755096,0.08001255989074707,0.09655369818210602,0.0729232206940651,0.162242591381073,0.21723675727844238,0.19672292470932007,0.16324037313461304
supp_AQ5xQ4,command-copy,48,0.16465944051742554,0.2623625099658966,0.12914782762527466,0.025552168488502502,0.0339844785630703,0.02505100890994072,0.1816198229789734,0.25472575426101685,0.1343650072813034,0.19255171716213226,0.3047483265399933,0.14493994414806366,0.036052826792001724,0.04536173865199089,0.026907673105597496,0.18061299622058868,0.2573017179965973,0.14514096081256866,0.3087731599807739,0.48534002900123596,0.2049105316400528,0.0410812608897686,0.051083147525787354,0.032996173948049545,0.25360700488090515,0.40741103887557983,0.18675187230110168,0.1942186802625656,0.3187015950679779,0.24983350932598114,0.02139413356781006,0.027223903685808182,0.03519941493868828,0.12125376611948013,0.19344449043273926,0.19216306507587433,0.1590653359889984
supp_AQ5xQ4,persistence,48,0.14100466668605804,0.20576678216457367,0.10167552530765533,0.03535499796271324,0.044170986860990524,0.03178010880947113,0.1604243963956833,0.23158317804336548,0.14174093306064606,0.3031081259250641,0.3647930920124054,0.1645796000957489,0.04543287679553032,0.05775167793035507,0.03519774228334427,0.33912205696105957,0.42110109329223633,0.196556955575943,0.5938434600830078,0.6651099324226379,0.32444965839385986,0.048017337918281555,0.06058334559202194,0.04060514643788338,0.7086897492408752,0.8115657567977905,0.3797716200351715,0.4819040596485138,0.5140431523323059,0.4519505202770233,0.029557624831795692,0.03653552010655403,0.041857652366161346,0.6081753373146057,0.6334515810012817,0.5538385510444641,0.3492155373096466
supp_AQ5xQ4,persistence_OLD_wrong_axis,48,0.14100466668605804,0.20576678216457367,0.10167552530765533,0.03535499796271324,0.044170986860990524,0.03178010880947113,0.38745465874671936,0.48146969079971313,0.3625704050064087,0.3031081259250641,0.3647930920124054,0.1645796000957489,0.04543287679553032,0.05775167793035507,0.03519774228334427,0.5024344325065613,0.5799707174301147,0.4221578538417816,0.5938434600830078,0.6651099324226379,0.32444965839385986,0.048017337918281555,0.06058334559202194,0.04060514643788338,0.5467880368232727,0.5773905515670776,0.4835033416748047,0.4819040596485138,0.5140431523323059,0.4519505202770233,0.029557624831795692,0.03653552010655403,0.041857652366161346,0.3664412200450897,0.4607543647289276,0.4774690866470337,0.3237591087818146
supp_AQ5xQ4,ridge_multioutput,48,0.1686267948965272,0.20674046951757713,0.13257556531469228,0.06317824799059847,0.07408087732896348,0.0467174560139583,0.15821149229010215,0.17812338387323107,0.13697131949223998,0.13685308370976146,0.18511722523446672,0.12555969707824272,0.06716745886069068,0.08349649291208784,0.05451602977216844,0.19374568213192797,0.2604581291232301,0.14791556905837655,0.22275522655935753,0.30355272143518575,0.15719810603195566,0.10527008685606909,0.12732625340565407,0.08042716016291336,0.28722808304248637,0.3852332639246823,0.20115354498909335,0.2056659931613428,0.2878999192115693,0.20527288035978924,0.047833608139296276,0.05539934259420521,0.08690372865515758,0.17483703078843305,0.23041229599114504,0.21664893136982458,0.16960851346159045
