split,episode_id,condition,command_family,anchor_group,rep,origin_grid,row_index,nn_dist_std_space,knn5_dist_std_space,mahalanobis_dist,pca_pc1,pca_pc2,pca_pc3,recon_err_5pc,multi_axis_frac,vx_wz_coactive_frac,cmd_mean_vx,cmd_mean_vy,cmd_mean_wz
train,0,normal,Q1_straight,AQ0,0,20,0,0.0,0.0,6.223340966974535,7.989285258689109,4.440892098500626e-15,-0.0028743346386071456,2.0780050398283993,0.0,0.0,0.5099999904632568,0.0,0.0
train,0,normal,Q1_straight,AQ0,0,23,1,0.0,0.0,6.2509296091140545,8.499429080476522,5.440092820663267e-15,-0.0034882419605834214,2.311874359014365,0.0,0.0,0.5400000214576721,0.0,0.0
train,0,normal,Q1_straight,AQ0,0,25,2,0.0,0.0,6.277469663840234,8.869786080225337,6.0645932720149176e-15,-0.0039289742933612815,2.58089383371055,0.0,0.0,0.5600000023841858,0.0,0.0
train,0,normal,Q1_straight,AQ0,0,28,3,0.0,0.0,6.271821508809682,9.468298710951535,6.022959908591474e-15,-0.004633918601418291,2.5901580959699713,0.0,0.0,0.5900000333786011,0.0,0.0
train,0,normal,Q1_straight,AQ0,0,31,4,0.0,0.0,6.2939017381130995,9.265379372896039,5.1833537462186996e-15,-0.004392512929609627,2.6999654573163734,0.0,0.0,0.5800000429153442,0.0,0.0
train,0,normal,Q1_straight,AQ0,0,34,5,0.0,0.0,6.132197177597876,8.709705118363253,6.529499163576702e-15,-0.003733470532801597,2.464116187678129,0.0,0.0,0.5500000715255737,0.0,0.0
train,0,normal,Q1_straight,AQ0,0,36,6,0.0,0.0,6.3394018244479176,8.368279901261882,6.321332346459485e-15,-0.003324443449788217,2.150738326707641,0.0,0.0,0.5300000309944153,0.0,0.0
train,0,normal,Q1_straight,AQ0,0,39,7,0.0,0.0,5.6047150621297686,7.900665722371384,5.405398351143731e-15,-0.0027566300153812895,2.414017289263168,0.0,0.0,0.5,0.0,0.0
train,1,normal,Q2_lateral,AQ0,0,20,8,0.0,0.0,6.117910782446123,-3.233730900119233,3.860385030740198,-6.259524324860599,4.649089992379374,0.0,0.0,0.0,0.11249999701976776,0.0
train,1,normal,Q2_lateral,AQ0,0,23,9,0.0,0.0,6.119460367449689,-4.352877615519505,6.137790103268421,-4.9527258396179485,4.042017667780488,0.0,0.0,0.0,0.07500000298023224,0.0
train,1,normal,Q2_lateral,AQ0,0,25,10,0.0,0.0,5.955288635320102,-4.933111120596539,7.329733891604132,-3.619084956965033,4.403499627155589,0.0,0.0,0.0,0.05000000074505806,0.0
train,1,normal,Q2_lateral,AQ0,0,28,11,0.0,0.0,5.972840239220633,-5.570162473592507,8.630902810610657,-1.0867881652659888,4.87892134808429,0.0,0.0,0.0,0.012500000186264515,0.0
train,1,normal,Q2_lateral,AQ0,0,31,12,0.0,0.0,6.72073972454863,-5.401763284636339,8.289748401862907,1.6994322178061274,4.92788105292375,0.0,0.0,0.0,-0.02500000037252903,0.0
train,1,normal,Q2_lateral,AQ0,0,34,13,0.0,0.0,6.7068902668898644,-4.7033878084653935,6.855318447889167,4.119448816265222,4.280027460734625,0.0,0.0,0.0,-0.0625,0.0
train,1,normal,Q2_lateral,AQ0,0,36,14,0.0,0.0,6.686475732817764,-4.081292007519644,5.578956002549777,5.34362807100317,3.9841319840904585,0.0,0.0,0.0,-0.08749999850988388,0.0
train,1,normal,Q2_lateral,AQ0,0,39,15,0.0,0.0,6.556427857973985,-2.9223565818336295,3.223081613704784,6.332559869707952,5.150349561933439,0.0,0.0,0.0,-0.125,0.0
train,2,normal,Q3_turn,AQ0,0,20,16,0.0,0.0,6.117910782445936,-3.233730900119227,-3.860385030740202,-6.259524315632753,4.649089992379362,0.0,0.0,0.0,0.0,0.18000002205371857
train,2,normal,Q3_turn,AQ0,0,23,17,0.0,0.0,6.119460367449566,-4.352877615519497,-6.137790103268428,-4.952725832325211,4.04201766778046,0.0,0.0,0.0,0.0,0.12000001966953278
train,2,normal,Q3_turn,AQ0,0,25,18,0.0,0.0,5.955288635320111,-4.933111120596528,-7.329733891604133,-3.6190849516431696,4.403499627155605,0.0,0.0,0.0,0.0,0.08000001311302185
train,2,normal,Q3_turn,AQ0,0,28,19,0.0,0.0,5.9728402392208535,-5.570162473592495,-8.630902810610658,-1.086788163682665,4.878921348084282,0.0,0.0,0.0,0.0,0.02000001072883606
train,2,normal,Q3_turn,AQ0,0,31,20,0.0,0.0,6.720739724548634,-5.4017632846363295,-8.28974840186291,1.6994322152825934,4.92788105292375,0.0,0.0,0.0,0.0,-0.03999999538064003
train,2,normal,Q3_turn,AQ0,0,34,21,0.0,0.0,6.706890266889699,-4.703387808465385,-6.855318447889166,4.11944881017897,4.280027460734587,0.0,0.0,0.0,0.0,-0.10000000149011612
train,2,normal,Q3_turn,AQ0,0,36,22,0.0,0.0,6.686475732817902,-4.081292007519638,-5.578956002549783,5.3436280631167605,3.984131984090474,0.0,0.0,0.0,0.0,-0.14000001549720764
train,2,normal,Q3_turn,AQ0,0,39,23,0.0,0.0,6.5564278579737145,-2.922356581833632,-3.2230816137047955,6.332559860372006,5.150349561933416,0.0,0.0,0.0,0.0,-0.20000000298023224
train,4,normal,Q1_straight,AQ0,1,20,24,0.0,0.527576065117545,12.12320984449514,7.4953083014366655,3.7539416020138106e-15,-0.0022849453596329797,2.878594543420807,0.0,0.0,0.48000001907348633,0.0,0.0
train,4,normal,Q1_straight,AQ0,1,23,25,0.0,0.7872097386010755,12.42578424788287,8.3598756195937,4.912736883966318e-15,-0.0033114730577697427,2.3225726497487518,0.0,0.0,0.5300000309944153,0.0,0.0
train,4,normal,Q1_straight,AQ0,1,26,26,0.0,0.466442789164584,11.138733078092125,8.872651499345105,5.745404152435185e-15,-0.003926867723478417,2.503198244279269,0.0,0.0,0.5600000619888306,0.0,0.0
train,4,normal,Q1_straight,AQ0,1,29,27,0.0,0.493516193826039,12.102969360850253,9.466777706959734,6.25888230132432e-15,-0.004630234408498329,2.6766925172992098,0.0,0.0,0.5900000333786011,0.0,0.0
train,4,normal,Q1_straight,AQ0,1,31,28,0.0,0.5454633501380547,9.62617417609129,9.661123376653562,5.953570969552402e-15,-0.004854187437000418,2.472783570804313,0.0,0.0,0.6000000238418579,0.0,0.0
train,4,normal,Q1_straight,AQ0,1,34,29,0.0,0.715859983526274,11.441858817284738,9.07346701498879,5.2388648974499574e-15,-0.004168195920474953,2.7853573359752195,0.0,0.0,0.5699999928474426,0.0,0.0
train,4,normal,Q1_straight,AQ0,1,37,30,0.0,0.6050433519967248,9.31486714552678,8.526904119412489,6.529499163576702e-15,-0.003518239408800694,2.4354675975646893,0.0,0.0,0.5400000810623169,0.0,0.0
train,4,normal,Q1_straight,AQ0,1,40,31,0.0,0.7022813226569156,11.079655896337453,8.024536799594388,6.113165529342268e-15,-0.002916021093766874,2.193962176453182,0.0,0.0,0.5100000500679016,0.0,0.0
train,5,normal,Q2_lateral,AQ0,1,20,32,0.0,0.7807200583588265,11.497841926275976,-2.165041221145904,1.7145649632720745,-6.215427651672392,7.340498320867203,0.0,0.0,0.0,0.17499999701976776,0.0
train,5,normal,Q2_lateral,AQ0,1,23,33,0.0,0.8876720657463656,13.747171184917692,-3.565701905428317,4.52406322961996,-6.061203907828382,4.779998850963464,0.0,0.0,0.0,0.13750000298023224,0.0
train,5,normal,Q2_lateral,AQ0,1,26,34,0.0,0.9343757148525764,12.221236664814798,-4.67066178934598,6.7766226546112796,-4.569858968125156,4.243438262942395,0.0,0.0,0.0,0.10000000149011612,0.0
train,5,normal,Q2_lateral,AQ0,1,29,35,0.0,0.9999999999999938,12.379601635871843,-5.453898538156274,8.381668925041762,-2.2276999051757014,4.838432712694928,0.0,0.0,0.0,0.0625,0.0
train,5,normal,Q2_lateral,AQ0,1,32,36,0.0,1.3856406460551018,14.437134830635586,-5.7065214157092665,8.898082448889499,-0.1454317471961594,4.952390989909546,0.0,0.0,0.0,0.0,0.0
train,5,normal,Q2_lateral,AQ0,1,35,37,0.0,1.4034427793696298,14.579584146305214,-5.178684237660955,7.832249271757119,2.535109079559946,4.940928304288718,0.0,0.0,0.0,-0.03750000149011612,0.0
train,5,normal,Q2_lateral,AQ0,1,38,38,0.0,1.454044836580353,14.600010368356457,-4.397237955050033,6.226661872031426,4.753184336645634,4.195567984649072,0.0,0.0,0.0,-0.07500000298023224,0.0
train,5,normal,Q2_lateral,AQ0,1,41,39,0.0,1.561440116717653,13.488275617269457,-3.31751153886687,4.026712843898446,6.077440219432371,4.759302615332804,0.0,0.0,0.0,-0.11249999701976776,0.0
train,6,normal,Q3_turn,AQ0,1,20,40,0.0,0.7807200583588219,11.49784192627593,-2.165041221145892,-1.7145649632720654,-6.215427642502094,7.3404983208672325,0.0,0.0,0.0,0.0,0.2800000309944153
train,6,normal,Q3_turn,AQ0,1,23,41,0.0,0.8876720657463713,13.747171184917098,-3.5657019054283143,-4.52406322961997,-6.061203898895217,4.779998850963449,0.0,0.0,0.0,0.0,0.2200000286102295
train,6,normal,Q3_turn,AQ0,1,26,42,0.0,0.9343757148525675,12.221236664814734,-4.670661789345967,-6.776622654611278,-4.569858961399172,4.24343826294238,0.0,0.0,0.0,0.0,0.1600000113248825
train,6,normal,Q3_turn,AQ0,1,29,43,0.0,0.9999999999999976,12.379601635872575,-5.453898538156262,-8.381668925041765,-2.2276999019090873,4.838432712694929,0.0,0.0,0.0,0.0,0.10000002384185791
train,6,normal,Q3_turn,AQ0,1,32,44,0.0,1.3856406460551047,14.437134830634427,-5.706521415709253,-8.898082448889493,-0.14543174700164516,4.952390989909541,0.0,0.0,0.0,0.0,1.1920929132713809e-08
train,6,normal,Q3_turn,AQ0,1,35,45,0.0,1.4034427793696236,14.579584146304907,-5.1786842376609465,-7.83224927175712,2.5351090758059875,4.940928304288711,0.0,0.0,0.0,0.0,-0.059999994933605194
train,6,normal,Q3_turn,AQ0,1,38,46,0.0,1.4540448365803496,14.600010368357111,-4.397237955050029,-6.226661872031431,4.753184329627354,4.195567984649054,0.0,0.0,0.0,0.0,-0.12000000476837158
train,6,normal,Q3_turn,AQ0,1,41,47,0.0,1.5614401167176435,13.488275617269615,-3.3175115388668677,-4.026712843898452,6.077440210469651,4.759302615332804,0.0,0.0,0.0,0.0,-0.18000000715255737
train,8,normal,Q1_straight,AQ1,0,20,48,0.0,0.0,6.223340966974535,7.989285258689109,4.440892098500626e-15,-0.0028743346386071456,2.0780050398283993,0.0,0.0,0.5099999904632568,0.0,0.0
train,8,normal,Q1_straight,AQ1,0,23,49,0.0,0.0,6.2509296091140545,8.499429080476522,5.440092820663267e-15,-0.0034882419605834214,2.311874359014365,0.0,0.0,0.5400000214576721,0.0,0.0
train,8,normal,Q1_straight,AQ1,0,25,50,0.0,0.0,6.277469663840234,8.869786080225337,6.0645932720149176e-15,-0.0039289742933612815,2.58089383371055,0.0,0.0,0.5600000023841858,0.0,0.0
train,8,normal,Q1_straight,AQ1,0,28,51,0.0,0.0,6.271821508809682,9.468298710951535,6.022959908591474e-15,-0.004633918601418291,2.5901580959699713,0.0,0.0,0.5900000333786011,0.0,0.0
train,8,normal,Q1_straight,AQ1,0,31,52,0.0,0.0,6.2939017381130995,9.265379372896039,5.1833537462186996e-15,-0.004392512929609627,2.6999654573163734,0.0,0.0,0.5800000429153442,0.0,0.0
train,8,normal,Q1_straight,AQ1,0,34,53,0.0,0.0,6.132197177597876,8.709705118363253,6.529499163576702e-15,-0.003733470532801597,2.464116187678129,0.0,0.0,0.5500000715255737,0.0,0.0
train,8,normal,Q1_straight,AQ1,0,36,54,0.0,0.0,6.3394018244479176,8.368279901261882,6.321332346459485e-15,-0.003324443449788217,2.150738326707641,0.0,0.0,0.5300000309944153,0.0,0.0
train,8,normal,Q1_straight,AQ1,0,39,55,0.0,0.0,5.6047150621297686,7.900665722371384,5.405398351143731e-15,-0.0027566300153812895,2.414017289263168,0.0,0.0,0.5,0.0,0.0
train,9,normal,Q2_lateral,AQ1,0,20,56,0.0,0.0,6.117910782446123,-3.233730900119233,3.860385030740198,-6.259524324860599,4.649089992379374,0.0,0.0,0.0,0.11249999701976776,0.0
train,9,normal,Q2_lateral,AQ1,0,23,57,0.0,0.0,6.119460367449689,-4.352877615519505,6.137790103268421,-4.9527258396179485,4.042017667780488,0.0,0.0,0.0,0.07500000298023224,0.0
train,9,normal,Q2_lateral,AQ1,0,25,58,0.0,0.0,5.955288635320102,-4.933111120596539,7.329733891604132,-3.619084956965033,4.403499627155588,0.0,0.0,0.0,0.05000000074505806,0.0
train,9,normal,Q2_lateral,AQ1,0,28,59,0.0,0.0,5.9728402392206315,-5.570162473592507,8.630902810610653,-1.0867881652659888,4.878921348084291,0.0,0.0,0.0,0.012500000186264515,0.0
train,9,normal,Q2_lateral,AQ1,0,31,60,0.0,0.0,6.72073972454863,-5.401763284636339,8.289748401862907,1.6994322178061274,4.927881052923751,0.0,0.0,0.0,-0.02500000037252903,0.0
train,9,normal,Q2_lateral,AQ1,0,34,61,0.0,0.0,6.706890266889865,-4.7033878084653935,6.855318447889167,4.119448816265222,4.280027460734625,0.0,0.0,0.0,-0.0625,0.0
train,9,normal,Q2_lateral,AQ1,0,36,62,0.0,0.0,6.686475732817763,-4.081292007519641,5.578956002549776,5.343628071003174,3.984131984090458,0.0,0.0,0.0,-0.08749999850988388,0.0
train,9,normal,Q2_lateral,AQ1,0,39,63,0.0,0.0,6.556427857973985,-2.9223565818336295,3.223081613704784,6.332559869707952,5.150349561933439,0.0,0.0,0.0,-0.125,0.0
train,10,normal,Q3_turn,AQ1,0,20,64,0.0,0.0,6.117910782445936,-3.233730900119227,-3.860385030740202,-6.259524315632753,4.649089992379362,0.0,0.0,0.0,0.0,0.18000002205371857
train,10,normal,Q3_turn,AQ1,0,23,65,0.0,0.0,6.119460367449566,-4.352877615519497,-6.137790103268428,-4.952725832325211,4.04201766778046,0.0,0.0,0.0,0.0,0.12000001966953278
train,10,normal,Q3_turn,AQ1,0,25,66,0.0,0.0,5.955288635320111,-4.933111120596528,-7.329733891604133,-3.6190849516431696,4.403499627155605,0.0,0.0,0.0,0.0,0.08000001311302185
train,10,normal,Q3_turn,AQ1,0,28,67,0.0,0.0,5.9728402392208535,-5.570162473592495,-8.630902810610658,-1.086788163682665,4.878921348084282,0.0,0.0,0.0,0.0,0.02000001072883606
train,10,normal,Q3_turn,AQ1,0,31,68,0.0,0.0,6.720739724548634,-5.4017632846363295,-8.28974840186291,1.6994322152825934,4.92788105292375,0.0,0.0,0.0,0.0,-0.03999999538064003
train,10,normal,Q3_turn,AQ1,0,34,69,0.0,0.0,6.706890266889699,-4.703387808465385,-6.855318447889166,4.11944881017897,4.280027460734587,0.0,0.0,0.0,0.0,-0.10000000149011612
train,10,normal,Q3_turn,AQ1,0,36,70,0.0,0.0,6.686475732817902,-4.081292007519638,-5.578956002549783,5.3436280631167605,3.984131984090474,0.0,0.0,0.0,0.0,-0.14000001549720764
train,10,normal,Q3_turn,AQ1,0,39,71,0.0,0.0,6.5564278579737145,-2.922356581833632,-3.2230816137047955,6.332559860372006,5.150349561933416,0.0,0.0,0.0,0.0,-0.20000000298023224
train,12,normal,Q1_straight,AQ1,1,20,72,0.0,0.527576065117545,10.218266346170989,7.304087301063129,3.6290415117434804e-15,-0.0020601570433251906,2.9129664054267606,0.0,0.0,0.4699999690055847,0.0,0.0
train,12,normal,Q1_straight,AQ1,1,23,73,0.0,0.5367317978168022,11.266511430977326,8.384239320500951,4.947431353485854e-15,-0.003337129815278006,2.4650195359844904,0.0,0.0,0.5300000309944153,0.0,0.0
train,12,normal,Q1_straight,AQ1,1,27,74,0.0,0.466442789164584,11.481042431889263,9.051545259424529,5.9674487573602164e-15,-0.004139942926702167,2.511911094142001,0.0,0.0,0.5699999928474426,0.0,0.0
train,12,normal,Q1_straight,AQ1,1,30,75,0.0,0.493516193826039,11.662548075122091,9.652259607352972,6.328271240363392e-15,-0.004850352248889883,2.635268783173809,0.0,0.0,0.6000000238418579,0.0,0.0
train,12,normal,Q1_straight,AQ1,1,33,76,0.0,0.7423777672051126,9.590748814424984,9.648074331520592,5.745404152435185e-15,-0.004839681070398005,2.6099770688841772,0.0,0.0,0.6000000238418579,0.0,0.0
train,12,normal,Q1_straight,AQ1,1,36,77,0.0,0.700319608950395,10.795417846054317,9.072911021217326,5.918876500032866e-15,-0.004165599677867782,2.698934306906855,0.0,0.0,0.5699999928474426,0.0,0.0
train,12,normal,Q1_straight,AQ1,1,40,78,0.0,0.5598928918479364,11.040266190269124,8.381772161697178,6.251943407420413e-15,-0.003339236758806985,2.183846775666749,0.0,0.0,0.5300000309944153,0.0,0.0
train,12,normal,Q1_straight,AQ1,1,43,79,0.0,0.5128778864922836,10.917847262885255,7.711627823178894,5.197231534026514e-15,-0.0025330625820103522,2.548288798511651,0.0,0.0,0.49000000953674316,0.0,0.0
train,13,normal,Q2_lateral,AQ1,1,20,80,0.0,0.7807200583588265,11.287839837472756,-2.0453234285031057,1.4693156265691119,-6.100959766628371,7.488396551454709,0.0,0.0,0.0,0.16249999403953552,0.0
train,13,normal,Q2_lateral,AQ1,1,23,81,0.0,0.8800305571470801,12.743204849120408,-3.4001844993787027,4.192741268171583,-6.169683896472864,4.700289901798446,0.0,0.0,0.0,0.125,0.0
train,13,normal,Q2_lateral,AQ1,1,26,82,0.0,0.9237604307034013,11.854638567214028,-4.5126567080948385,6.458997534961582,-4.770342118937449,4.134419008684245,0.0,0.0,0.0,0.08749999850988388,0.0
train,13,normal,Q2_lateral,AQ1,1,29,83,0.0,0.9999999999999938,12.343405593042407,-5.306687781828547,8.08787670888268,-2.519416425961332,4.8287879624140375,0.0,0.0,0.0,0.05000000074505806,0.0
train,13,normal,Q2_lateral,AQ1,1,33,84,0.0,1.3857850061790586,14.574924439528003,-5.698816239699886,8.881020751377138,0.44876297041751056,4.963964174963982,0.0,0.0,0.0,-0.02500000037252903,0.0
train,13,normal,Q2_lateral,AQ1,1,36,85,0.0,1.4034427793696298,14.58094312525249,-5.098375768566542,7.6601194978738745,3.0875436900298787,4.776185924771163,0.0,0.0,0.0,-0.0625,0.0
train,13,normal,Q2_lateral,AQ1,1,39,86,0.0,0.0,10.258489283129403,-4.2431959662439045,5.9040504394917095,5.18918540781446,4.061173768669722,0.0,0.0,0.0,-0.10000000149011612,0.0
train,13,normal,Q2_lateral,AQ1,1,42,87,0.0,0.0,9.52376919456428,-3.078075953581273,3.536214170492521,6.306375989520409,5.10355511820527,0.0,0.0,0.0,-0.13750000298023224,0.0
train,14,normal,Q3_turn,AQ1,1,20,88,0.0,0.7807200583588219,11.287839837472422,-2.045323428503096,-1.469315626569105,-6.100959757625933,7.48839655145474,0.0,0.0,0.0,0.0,0.2600000202655792
train,14,normal,Q3_turn,AQ1,1,23,89,0.0,0.8800305571470867,12.743204849117554,-3.4001844993786987,-4.1927412681715905,-6.169683887378615,4.70028990179843,0.0,0.0,0.0,0.0,0.20000001788139343
train,14,normal,Q3_turn,AQ1,1,26,90,0.0,0.9237604307033973,11.854638567214622,-4.51265670809483,-6.458997534961585,-4.770342111914749,4.134419008684222,0.0,0.0,0.0,0.0,0.14000001549720764
train,14,normal,Q3_turn,AQ1,1,29,91,0.0,0.9999999999999976,12.343405593043657,-5.306687781828536,-8.087876708882684,-2.5194164222636015,4.828787962414039,0.0,0.0,0.0,0.0,0.08000002056360245
train,14,normal,Q3_turn,AQ1,1,33,92,0.0,1.3857850061790675,14.57492443952728,-5.698816239699871,-8.881020751377136,0.4487629697360155,4.963964174963981,0.0,0.0,0.0,0.0,-0.03999999165534973
train,14,normal,Q3_turn,AQ1,1,36,93,0.0,1.4034427793696236,14.580943125252347,-5.098375768566533,-7.660119497873876,3.087543685462135,4.776185924771147,0.0,0.0,0.0,0.0,-0.10000000149011612
train,14,normal,Q3_turn,AQ1,1,39,94,0.0,0.0,10.258489283130626,-4.243195966243901,-5.904050439491717,5.189185400154627,4.061173768669729,0.0,0.0,0.0,0.0,-0.1599999964237213
train,14,normal,Q3_turn,AQ1,1,42,95,0.0,0.0,9.523769194563412,-3.078075953581274,-3.53621417049253,6.306375980221973,5.103555118205255,0.0,0.0,0.0,0.0,-0.2199999988079071
train,16,normal,Q1_straight,AQ2,0,20,96,0.0,0.0,6.223340966974535,7.989285258689109,4.440892098500626e-15,-0.0028743346386071456,2.0780050398283993,0.0,0.0,0.5099999904632568,0.0,0.0
train,16,normal,Q1_straight,AQ2,0,23,97,0.0,0.0,6.2509296091140545,8.499429080476522,5.440092820663267e-15,-0.0034882419605834214,2.311874359014365,0.0,0.0,0.5400000214576721,0.0,0.0
train,16,normal,Q1_straight,AQ2,0,25,98,0.0,0.0,6.277469663840234,8.869786080225337,6.0645932720149176e-15,-0.0039289742933612815,2.58089383371055,0.0,0.0,0.5600000023841858,0.0,0.0
train,16,normal,Q1_straight,AQ2,0,28,99,0.0,0.0,6.271821508809682,9.468298710951535,6.022959908591474e-15,-0.004633918601418291,2.5901580959699713,0.0,0.0,0.5900000333786011,0.0,0.0
train,16,normal,Q1_straight,AQ2,0,31,100,0.0,0.0,6.2939017381130995,9.265379372896039,5.1833537462186996e-15,-0.004392512929609627,2.6999654573163734,0.0,0.0,0.5800000429153442,0.0,0.0
train,16,normal,Q1_straight,AQ2,0,34,101,0.0,0.0,6.132197177597876,8.709705118363253,6.529499163576702e-15,-0.003733470532801597,2.464116187678129,0.0,0.0,0.5500000715255737,0.0,0.0
train,16,normal,Q1_straight,AQ2,0,36,102,0.0,0.0,6.3394018244479176,8.368279901261882,6.321332346459485e-15,-0.003324443449788217,2.150738326707641,0.0,0.0,0.5300000309944153,0.0,0.0
train,16,normal,Q1_straight,AQ2,0,39,103,0.0,0.0,5.604715062129769,7.900665722371384,5.405398351143731e-15,-0.0027566300153812895,2.414017289263168,0.0,0.0,0.5,0.0,0.0
train,17,normal,Q2_lateral,AQ2,0,20,104,0.0,0.0,6.117910782446124,-3.233730900119232,3.860385030740198,-6.259524324860601,4.649089992379374,0.0,0.0,0.0,0.11249999701976776,0.0
train,17,normal,Q2_lateral,AQ2,0,23,105,0.0,0.0,6.119460367449689,-4.352877615519505,6.137790103268421,-4.9527258396179485,4.042017667780488,0.0,0.0,0.0,0.07500000298023224,0.0
train,17,normal,Q2_lateral,AQ2,0,25,106,0.0,0.0,5.955288635320102,-4.933111120596539,7.329733891604132,-3.619084956965033,4.403499627155589,0.0,0.0,0.0,0.05000000074505806,0.0
train,17,normal,Q2_lateral,AQ2,0,28,107,0.0,0.0,5.972840239220633,-5.570162473592507,8.630902810610657,-1.0867881652659888,4.87892134808429,0.0,0.0,0.0,0.012500000186264515,0.0
train,17,normal,Q2_lateral,AQ2,0,31,108,0.0,0.0,6.72073972454863,-5.401763284636339,8.289748401862907,1.6994322178061274,4.927881052923751,0.0,0.0,0.0,-0.02500000037252903,0.0
train,17,normal,Q2_lateral,AQ2,0,34,109,0.0,0.0,6.706890266889865,-4.7033878084653935,6.855318447889167,4.119448816265222,4.280027460734625,0.0,0.0,0.0,-0.0625,0.0
train,17,normal,Q2_lateral,AQ2,0,36,110,0.0,0.0,6.686475732817763,-4.081292007519641,5.578956002549776,5.343628071003174,3.984131984090458,0.0,0.0,0.0,-0.08749999850988388,0.0
train,17,normal,Q2_lateral,AQ2,0,39,111,0.0,0.0,6.556427857973985,-2.9223565818336295,3.223081613704784,6.332559869707952,5.150349561933439,0.0,0.0,0.0,-0.125,0.0
train,18,normal,Q3_turn,AQ2,0,20,112,0.0,0.0,6.117910782445936,-3.233730900119227,-3.860385030740202,-6.259524315632753,4.649089992379362,0.0,0.0,0.0,0.0,0.18000002205371857
train,18,normal,Q3_turn,AQ2,0,23,113,0.0,0.0,6.119460367449566,-4.352877615519497,-6.137790103268428,-4.952725832325211,4.04201766778046,0.0,0.0,0.0,0.0,0.12000001966953278
train,18,normal,Q3_turn,AQ2,0,25,114,0.0,0.0,5.955288635320111,-4.933111120596528,-7.329733891604133,-3.6190849516431696,4.403499627155605,0.0,0.0,0.0,0.0,0.08000001311302185
train,18,normal,Q3_turn,AQ2,0,28,115,0.0,0.0,5.9728402392208535,-5.570162473592495,-8.630902810610658,-1.086788163682665,4.878921348084282,0.0,0.0,0.0,0.0,0.02000001072883606
train,18,normal,Q3_turn,AQ2,0,31,116,0.0,0.0,6.720739724548634,-5.4017632846363295,-8.28974840186291,1.6994322152825934,4.92788105292375,0.0,0.0,0.0,0.0,-0.03999999538064003
train,18,normal,Q3_turn,AQ2,0,34,117,0.0,0.0,6.706890266889699,-4.703387808465385,-6.855318447889166,4.11944881017897,4.280027460734588,0.0,0.0,0.0,0.0,-0.10000000149011612
train,18,normal,Q3_turn,AQ2,0,36,118,0.0,0.0,6.686475732817903,-4.081292007519638,-5.578956002549783,5.3436280631167605,3.984131984090474,0.0,0.0,0.0,0.0,-0.14000001549720764
train,18,normal,Q3_turn,AQ2,0,39,119,0.0,0.0,6.556427857973714,-2.9223565818336334,-3.223081613704798,6.332559860372005,5.150349561933416,0.0,0.0,0.0,0.0,-0.20000000298023224
train,20,normal,Q1_straight,AQ2,1,20,120,0.0,0.43112226632229983,10.21062892016117,8.031859754894949,4.517219931443606e-15,-0.002920491623208843,2.467725909640076,0.0,0.0,0.5100000500679016,0.0,0.0
train,20,normal,Q1_straight,AQ2,1,23,121,0.0,0.8147380441323216,11.674579116718842,8.708834386601849,5.218048215738236e-15,-0.0037301759230556064,2.344703387420205,0.0,0.0,0.550000011920929,0.0,0.0
train,20,normal,Q1_straight,AQ2,1,26,122,0.0,0.6621477035760978,11.874398438896076,9.232239948646614,6.231126725708691e-15,-0.004354101498936808,2.641372273756397,0.0,0.0,0.5800000429153442,0.0,0.0
train,20,normal,Q1_straight,AQ2,1,29,123,0.0,0.5454633501380547,10.382749887309988,9.845201399991721,6.0923488476305465e-15,-0.005072064154004324,2.4980043885941896,0.0,0.0,0.6100000143051147,0.0,0.0
train,20,normal,Q1_straight,AQ2,1,32,124,0.0,0.7423777672051126,11.262947396638092,9.640794383977772,5.773159728050814e-15,-0.004831371756417013,2.618381706627685,0.0,0.0,0.6000000238418579,0.0,0.0
train,20,normal,Q1_straight,AQ2,1,35,125,0.0,0.6326752490915574,11.392088745114695,9.069486235466517,6.279698983036042e-15,-0.004158930785600479,2.6015959939942515,0.0,0.0,0.5700000524520874,0.0,0.0
train,20,normal,Q1_straight,AQ2,1,38,126,0.0,0.5598928918479364,10.704821107072474,8.567829910241624,6.46011022453763e-15,-0.0035584241774905268,2.204158626237356,0.0,0.0,0.5400000810623169,0.0,0.0
train,20,normal,Q1_straight,AQ2,1,41,127,0.0,0.0,5.6047150621297686,7.900665722371384,5.405398351143731e-15,-0.0027566300153812895,2.414017289263168,0.0,0.0,0.5,0.0,0.0
train,21,normal,Q2_lateral,AQ2,1,20,128,0.0,1.1446864286458827,11.363335646831088,-2.942585954950568,3.2788218677182774,-6.3814005847571185,5.421938199427346,0.0,0.0,0.0,0.13750000298023224,0.0
train,21,normal,Q2_lateral,AQ2,1,23,129,0.0,1.2581976564052666,14.048567677811123,-4.157263316524651,5.732927034093221,-5.307108096436777,4.307706411548554,0.0,0.0,0.0,0.10000000149011612,0.0
train,21,normal,Q2_lateral,AQ2,1,26,130,0.0,0.9778117301634219,14.047671008188884,-5.084056023344521,7.632159881306921,-3.3530046105740623,4.52767662602981,0.0,0.0,0.0,0.0625,0.0
train,21,normal,Q2_lateral,AQ2,1,29,131,0.0,1.0628029873754912,13.983608279269667,-5.706837623196863,8.899151683834711,-0.7389857429382227,4.844550751905066,0.0,0.0,0.0,0.02500000037252903,0.0
train,21,normal,Q2_lateral,AQ2,1,32,132,0.0,0.0,8.607698941317663,-5.545004852772495,8.57434796298228,1.383557724847488,4.896178266387834,0.0,0.0,0.0,-0.03750000149011612,0.0
train,21,normal,Q2_lateral,AQ2,1,35,133,0.0,0.0,8.575400663848587,-4.858592148693346,7.167253380672277,3.8902818647643715,4.3813271757377885,0.0,0.0,0.0,-0.07500000298023224,0.0
train,21,normal,Q2_lateral,AQ2,1,38,134,0.0,0.0,10.612766238601441,-3.8693885593830153,5.143521704602014,5.659268007397962,4.317067658960216,0.0,0.0,0.0,-0.11249999701976776,0.0
train,21,normal,Q2_lateral,AQ2,1,41,135,0.0,0.0,10.4396621384362,-2.609866795685222,2.6005622571510485,6.349882362987945,6.065295795144721,0.0,0.0,0.0,-0.15000000596046448,0.0
train,22,normal,Q3_turn,AQ2,1,20,136,0.0,1.1446864286458767,11.36333564683064,-2.9425859549505575,-3.2788218677182708,-6.381400575347591,5.42193819942736,0.0,0.0,0.0,0.0,0.2200000286102295
train,22,normal,Q3_turn,AQ2,1,23,137,0.0,1.2581976564052706,14.04856767780784,-4.157263316524643,-5.732927034093225,-5.307108088619962,4.30770641154853,0.0,0.0,0.0,0.0,0.1600000113248825
train,22,normal,Q3_turn,AQ2,1,26,138,0.0,0.9778117301634313,14.047671008184603,-5.084056023344512,-7.6321598813069285,-3.3530046056455554,4.527676626029826,0.0,0.0,0.0,0.0,0.10000000894069672
train,22,normal,Q3_turn,AQ2,1,29,139,0.0,1.0628029873754845,13.983608279270618,-5.706837623196849,-8.89915168383471,-0.738985741868567,4.844550751905059,0.0,0.0,0.0,0.0,0.04000001400709152
train,22,normal,Q3_turn,AQ2,1,32,140,0.0,0.0,8.60769894131767,-5.5450048527724825,-8.574347962982282,1.3835577227887361,4.896178266387836,0.0,0.0,0.0,0.0,-0.059999994933605194
train,22,normal,Q3_turn,AQ2,1,35,141,0.0,0.0,8.575400663848464,-4.858592148693338,-7.167253380672281,3.8902818590149146,4.381327175737753,0.0,0.0,0.0,0.0,-0.12000000476837158
train,22,normal,Q3_turn,AQ2,1,38,142,0.0,0.0,10.61276623860137,-3.869388559383015,-5.1435217046020245,5.659267999047807,4.31706765896023,0.0,0.0,0.0,0.0,-0.18000000715255737
train,22,normal,Q3_turn,AQ2,1,41,143,0.0,0.0,10.439662138436239,-2.6098667956852277,-2.6005622571510654,6.349882353628562,6.065295795144689,0.0,0.0,0.0,0.0,-0.24000000953674316
train,24,normal,Q1_straight,AQ3,0,20,144,0.0,0.0,6.223340966974535,7.989285258689109,4.440892098500626e-15,-0.0028743346386071456,2.0780050398283993,0.0,0.0,0.5099999904632568,0.0,0.0
train,24,normal,Q1_straight,AQ3,0,23,145,0.0,0.0,6.2509296091140545,8.499429080476522,5.440092820663267e-15,-0.0034882419605834214,2.311874359014365,0.0,0.0,0.5400000214576721,0.0,0.0
train,24,normal,Q1_straight,AQ3,0,25,146,0.0,0.0,6.277469663840234,8.869786080225337,6.0645932720149176e-15,-0.0039289742933612815,2.58089383371055,0.0,0.0,0.5600000023841858,0.0,0.0
train,24,normal,Q1_straight,AQ3,0,28,147,0.0,0.0,6.271821508809682,9.468298710951535,6.022959908591474e-15,-0.004633918601418291,2.5901580959699713,0.0,0.0,0.5900000333786011,0.0,0.0
train,24,normal,Q1_straight,AQ3,0,31,148,0.0,0.0,6.293901738113101,9.265379372896039,5.1833537462186996e-15,-0.004392512929609627,2.6999654573163734,0.0,0.0,0.5800000429153442,0.0,0.0
train,24,normal,Q1_straight,AQ3,0,34,149,0.0,0.0,6.132197177597874,8.709705118363258,6.5156213757688874e-15,-0.0037334705328014514,2.4641161876781283,0.0,0.0,0.5500000715255737,0.0,0.0
train,24,normal,Q1_straight,AQ3,0,36,150,0.0,0.0,6.3394018244479176,8.368279901261882,6.321332346459485e-15,-0.003324443449788217,2.150738326707641,0.0,0.0,0.5300000309944153,0.0,0.0
train,24,normal,Q1_straight,AQ3,0,39,151,0.0,0.0,5.6047150621297686,7.900665722371384,5.405398351143731e-15,-0.0027566300153812895,2.414017289263168,0.0,0.0,0.5,0.0,0.0
train,25,normal,Q2_lateral,AQ3,0,20,152,0.0,0.0,6.117910782446123,-3.233730900119233,3.860385030740198,-6.259524324860599,4.649089992379374,0.0,0.0,0.0,0.11249999701976776,0.0
train,25,normal,Q2_lateral,AQ3,0,23,153,0.0,0.0,6.119460367449689,-4.352877615519505,6.137790103268421,-4.9527258396179485,4.042017667780488,0.0,0.0,0.0,0.07500000298023224,0.0
train,25,normal,Q2_lateral,AQ3,0,25,154,0.0,0.0,5.955288635320102,-4.933111120596539,7.329733891604132,-3.619084956965033,4.403499627155589,0.0,0.0,0.0,0.05000000074505806,0.0
train,25,normal,Q2_lateral,AQ3,0,28,155,0.0,0.0,5.972840239220633,-5.570162473592507,8.630902810610657,-1.0867881652659888,4.87892134808429,0.0,0.0,0.0,0.012500000186264515,0.0
train,25,normal,Q2_lateral,AQ3,0,31,156,0.0,0.0,6.72073972454863,-5.401763284636339,8.289748401862907,1.6994322178061274,4.927881052923751,0.0,0.0,0.0,-0.02500000037252903,0.0
train,25,normal,Q2_lateral,AQ3,0,34,157,0.0,0.0,6.706890266889865,-4.7033878084653935,6.855318447889167,4.119448816265222,4.280027460734625,0.0,0.0,0.0,-0.0625,0.0
train,25,normal,Q2_lateral,AQ3,0,36,158,0.0,0.0,6.686475732817763,-4.081292007519641,5.578956002549776,5.343628071003174,3.984131984090458,0.0,0.0,0.0,-0.08749999850988388,0.0
train,25,normal,Q2_lateral,AQ3,0,39,159,0.0,0.0,6.556427857973985,-2.9223565818336295,3.223081613704784,6.332559869707952,5.150349561933439,0.0,0.0,0.0,-0.125,0.0
train,26,normal,Q3_turn,AQ3,0,20,160,0.0,0.0,6.117910782445936,-3.233730900119227,-3.860385030740202,-6.259524315632753,4.649089992379362,0.0,0.0,0.0,0.0,0.18000002205371857
train,26,normal,Q3_turn,AQ3,0,23,161,0.0,0.0,6.119460367449566,-4.352877615519497,-6.137790103268428,-4.952725832325211,4.04201766778046,0.0,0.0,0.0,0.0,0.12000001966953278
train,26,normal,Q3_turn,AQ3,0,25,162,0.0,0.0,5.955288635320111,-4.933111120596528,-7.329733891604133,-3.6190849516431696,4.403499627155605,0.0,0.0,0.0,0.0,0.08000001311302185
train,26,normal,Q3_turn,AQ3,0,28,163,0.0,0.0,5.9728402392208535,-5.570162473592495,-8.630902810610658,-1.086788163682665,4.8789213480842815,0.0,0.0,0.0,0.0,0.02000001072883606
train,26,normal,Q3_turn,AQ3,0,31,164,0.0,0.0,6.720739724548634,-5.4017632846363295,-8.289748401862905,1.6994322152825934,4.927881052923751,0.0,0.0,0.0,0.0,-0.03999999538064003
train,26,normal,Q3_turn,AQ3,0,34,165,0.0,0.0,6.706890266889699,-4.703387808465385,-6.855318447889166,4.11944881017897,4.280027460734587,0.0,0.0,0.0,0.0,-0.10000000149011612
train,26,normal,Q3_turn,AQ3,0,36,166,0.0,0.0,6.686475732817902,-4.081292007519638,-5.578956002549783,5.3436280631167605,3.984131984090474,0.0,0.0,0.0,0.0,-0.14000001549720764
train,26,normal,Q3_turn,AQ3,0,39,167,0.0,0.0,6.5564278579737145,-2.922356581833632,-3.2230816137047955,6.332559860372006,5.150349561933416,0.0,0.0,0.0,0.0,-0.20000000298023224
train,28,normal,Q1_straight,AQ3,1,20,168,0.0,0.43112226632229983,8.878494983377752,8.20248136885128,4.7253867485608225e-15,-0.0031218716958878456,2.3595742265105546,0.0,0.0,0.5199999809265137,0.0,0.0
train,28,normal,Q1_straight,AQ3,1,23,169,0.0,0.700319608950395,10.564755823912249,8.692038201460123,5.440092820663267e-15,-0.003714069407642656,2.3353568010551524,0.0,0.0,0.550000011920929,0.0,0.0
train,28,normal,Q1_straight,AQ3,1,25,170,0.0,0.6050433519967248,8.706353049620283,9.052587079176101,6.050715484207103e-15,-0.0041442054173621845,2.5359938243591023,0.0,0.0,0.5699999928474426,0.0,0.0
train,28,normal,Q1_straight,AQ3,1,28,171,0.0,0.5454633501380547,9.405421491710095,9.652376734289694,6.161737786669619e-15,-0.004851795318422197,2.583622961498519,0.0,0.0,0.6000000238418579,0.0,0.0
train,28,normal,Q1_straight,AQ3,1,31,172,0.0,0.5061401992732467,10.989499149450207,9.454113300416214,5.3915205633359164e-15,-0.004615926700681228,2.706310137054267,0.0,0.0,0.5900000333786011,0.0,0.0
train,28,normal,Q1_straight,AQ3,1,34,173,0.0,0.47658675527650807,10.624686714902074,8.891085454875324,6.3352101342672995e-15,-0.00394955124741414,2.5243985996690097,0.0,0.0,0.5600000619888306,0.0,0.0
train,28,normal,Q1_straight,AQ3,1,36,174,0.0,0.4570858545248897,10.583850787224891,8.544888762361705,6.265821195228227e-15,-0.003534599243859682,2.193386878741822,0.0,0.0,0.5400000810623169,0.0,0.0
train,28,normal,Q1_straight,AQ3,1,39,175,0.0,0.4403901398095593,9.866459028632828,8.0735454621481,5.7245874707234634e-15,-0.0029618494908004722,2.3508601598801135,0.0,0.0,0.5100000500679016,0.0,0.0
train,29,normal,Q2_lateral,AQ3,1,20,176,0.0,0.0,6.117910782446123,-3.233730900119233,3.860385030740198,-6.259524324860599,4.649089992379374,0.0,0.0,0.0,0.11249999701976776,0.0
train,29,normal,Q2_lateral,AQ3,1,23,177,0.0,0.0,6.119460367449689,-4.352877615519505,6.137790103268421,-4.9527258396179485,4.042017667780488,0.0,0.0,0.0,0.07500000298023224,0.0
train,29,normal,Q2_lateral,AQ3,1,25,178,0.0,0.0,5.955288635320102,-4.933111120596539,7.329733891604132,-3.619084956965033,4.403499627155588,0.0,0.0,0.0,0.05000000074505806,0.0
train,29,normal,Q2_lateral,AQ3,1,28,179,0.0,0.0,5.9728402392206315,-5.570162473592507,8.630902810610653,-1.0867881652659888,4.878921348084291,0.0,0.0,0.0,0.012500000186264515,0.0
train,29,normal,Q2_lateral,AQ3,1,31,180,0.0,0.0,8.607698941317661,-5.545004852772495,8.57434796298228,1.383557724847488,4.896178266387834,0.0,0.0,0.0,-0.03750000149011612,0.0
train,29,normal,Q2_lateral,AQ3,1,34,181,0.0,0.0,8.575400663848585,-4.858592148693346,7.167253380672277,3.8902818647643715,4.3813271757377885,0.0,0.0,0.0,-0.07500000298023224,0.0
train,29,normal,Q2_lateral,AQ3,1,36,182,0.0,0.0,10.258489283129403,-4.2431959662439045,5.9040504394917095,5.18918540781446,4.061173768669722,0.0,0.0,0.0,-0.10000000149011612,0.0
train,29,normal,Q2_lateral,AQ3,1,39,183,0.0,0.0,9.52376919456428,-3.078075953581273,3.536214170492521,6.306375989520409,5.10355511820527,0.0,0.0,0.0,-0.13750000298023224,0.0
train,30,normal,Q3_turn,AQ3,1,20,184,0.0,0.0,6.117910782445936,-3.233730900119227,-3.860385030740202,-6.259524315632753,4.649089992379362,0.0,0.0,0.0,0.0,0.18000002205371857
train,30,normal,Q3_turn,AQ3,1,23,185,0.0,0.0,6.119460367449566,-4.352877615519497,-6.137790103268428,-4.952725832325211,4.04201766778046,0.0,0.0,0.0,0.0,0.12000001966953278
train,30,normal,Q3_turn,AQ3,1,25,186,0.0,0.0,5.955288635320111,-4.933111120596528,-7.329733891604133,-3.6190849516431696,4.403499627155605,0.0,0.0,0.0,0.0,0.08000001311302185
train,30,normal,Q3_turn,AQ3,1,28,187,0.0,0.0,5.9728402392208535,-5.570162473592495,-8.630902810610658,-1.086788163682665,4.878921348084282,0.0,0.0,0.0,0.0,0.02000001072883606
train,30,normal,Q3_turn,AQ3,1,31,188,0.0,0.0,8.60769894131767,-5.5450048527724825,-8.574347962982282,1.3835577227887361,4.896178266387836,0.0,0.0,0.0,0.0,-0.059999994933605194
train,30,normal,Q3_turn,AQ3,1,34,189,0.0,0.0,8.575400663848464,-4.858592148693338,-7.167253380672281,3.8902818590149146,4.381327175737753,0.0,0.0,0.0,0.0,-0.12000000476837158
train,30,normal,Q3_turn,AQ3,1,36,190,0.0,0.0,10.258489283130626,-4.243195966243901,-5.904050439491717,5.189185400154627,4.061173768669729,0.0,0.0,0.0,0.0,-0.1599999964237213
train,30,normal,Q3_turn,AQ3,1,39,191,0.0,0.0,9.523769194563412,-3.078075953581274,-3.53621417049253,6.306375980221973,5.103555118205255,0.0,0.0,0.0,0.0,-0.2199999988079071
train,32,normal,Q1_straight,AQ4,0,20,192,0.0,0.0,6.223340966974535,7.989285258689109,4.440892098500626e-15,-0.0028743346386071456,2.078005039828399,0.0,0.0,0.5099999904632568,0.0,0.0
train,32,normal,Q1_straight,AQ4,0,23,193,0.0,0.0,6.2509296091140545,8.499429080476522,5.440092820663267e-15,-0.0034882419605834214,2.311874359014365,0.0,0.0,0.5400000214576721,0.0,0.0
train,32,normal,Q1_straight,AQ4,0,25,194,0.0,0.0,6.277469663840234,8.869786080225335,6.036837696399289e-15,-0.003928974293361087,2.58089383371055,0.0,0.0,0.5600000023841858,0.0,0.0
train,32,normal,Q1_straight,AQ4,0,28,195,0.0,0.0,6.271821508809682,9.468298710951535,6.022959908591474e-15,-0.004633918601418291,2.5901580959699713,0.0,0.0,0.5900000333786011,0.0,0.0
train,32,normal,Q1_straight,AQ4,0,31,196,0.0,0.0,6.2939017381130995,9.265379372896039,5.1833537462186996e-15,-0.004392512929609627,2.6999654573163734,0.0,0.0,0.5800000429153442,0.0,0.0
train,32,normal,Q1_straight,AQ4,0,34,197,0.0,0.0,6.132197177597876,8.709705118363253,6.529499163576702e-15,-0.003733470532801597,2.464116187678129,0.0,0.0,0.5500000715255737,0.0,0.0
train,32,normal,Q1_straight,AQ4,0,36,198,0.0,0.0,6.3394018244479176,8.368279901261882,6.321332346459485e-15,-0.003324443449788217,2.150738326707641,0.0,0.0,0.5300000309944153,0.0,0.0
train,32,normal,Q1_straight,AQ4,0,39,199,0.0,0.0,5.6047150621297686,7.900665722371384,5.405398351143731e-15,-0.0027566300153812895,2.414017289263168,0.0,0.0,0.5,0.0,0.0
train,33,normal,Q2_lateral,AQ4,0,20,200,0.0,0.0,6.117910782446123,-3.233730900119233,3.860385030740198,-6.259524324860599,4.649089992379374,0.0,0.0,0.0,0.11249999701976776,0.0
train,33,normal,Q2_lateral,AQ4,0,23,201,0.0,0.0,6.119460367449689,-4.352877615519505,6.137790103268421,-4.9527258396179485,4.042017667780488,0.0,0.0,0.0,0.07500000298023224,0.0
train,33,normal,Q2_lateral,AQ4,0,25,202,0.0,0.0,5.955288635320102,-4.933111120596539,7.329733891604132,-3.619084956965033,4.403499627155589,0.0,0.0,0.0,0.05000000074505806,0.0
train,33,normal,Q2_lateral,AQ4,0,28,203,0.0,0.0,5.972840239220633,-5.570162473592507,8.630902810610657,-1.0867881652659888,4.87892134808429,0.0,0.0,0.0,0.012500000186264515,0.0
train,33,normal,Q2_lateral,AQ4,0,31,204,0.0,0.0,6.72073972454863,-5.401763284636339,8.289748401862907,1.6994322178061274,4.927881052923751,0.0,0.0,0.0,-0.02500000037252903,0.0
train,33,normal,Q2_lateral,AQ4,0,34,205,0.0,0.0,6.706890266889865,-4.7033878084653935,6.855318447889167,4.119448816265222,4.280027460734625,0.0,0.0,0.0,-0.0625,0.0
train,33,normal,Q2_lateral,AQ4,0,36,206,0.0,0.0,6.686475732817763,-4.081292007519641,5.578956002549776,5.343628071003174,3.984131984090458,0.0,0.0,0.0,-0.08749999850988388,0.0
train,33,normal,Q2_lateral,AQ4,0,39,207,0.0,0.0,6.556427857973985,-2.9223565818336295,3.223081613704784,6.332559869707952,5.150349561933439,0.0,0.0,0.0,-0.125,0.0
train,34,normal,Q3_turn,AQ4,0,20,208,0.0,0.0,6.117910782445936,-3.233730900119227,-3.860385030740202,-6.259524315632753,4.649089992379362,0.0,0.0,0.0,0.0,0.18000002205371857
train,34,normal,Q3_turn,AQ4,0,23,209,0.0,0.0,6.119460367449567,-4.352877615519499,-6.137790103268429,-4.952725832325209,4.042017667780461,0.0,0.0,0.0,0.0,0.12000001966953278
train,34,normal,Q3_turn,AQ4,0,25,210,0.0,0.0,5.955288635320111,-4.933111120596528,-7.329733891604133,-3.6190849516431696,4.403499627155605,0.0,0.0,0.0,0.0,0.08000001311302185
train,34,normal,Q3_turn,AQ4,0,28,211,0.0,0.0,5.9728402392208535,-5.570162473592495,-8.630902810610658,-1.086788163682665,4.878921348084282,0.0,0.0,0.0,0.0,0.02000001072883606
train,34,normal,Q3_turn,AQ4,0,31,212,0.0,0.0,6.720739724548634,-5.4017632846363295,-8.28974840186291,1.6994322152825934,4.92788105292375,0.0,0.0,0.0,0.0,-0.03999999538064003
train,34,normal,Q3_turn,AQ4,0,34,213,0.0,0.0,6.706890266889699,-4.703387808465385,-6.855318447889166,4.11944881017897,4.280027460734587,0.0,0.0,0.0,0.0,-0.10000000149011612
train,34,normal,Q3_turn,AQ4,0,36,214,0.0,0.0,6.686475732817902,-4.081292007519638,-5.578956002549783,5.3436280631167605,3.984131984090474,0.0,0.0,0.0,0.0,-0.14000001549720764
train,34,normal,Q3_turn,AQ4,0,39,215,0.0,0.0,6.5564278579737145,-2.922356581833632,-3.2230816137047955,6.332559860372006,5.150349561933416,0.0,0.0,0.0,0.0,-0.20000000298023224
train,36,normal,Q1_straight,AQ4,1,20,216,0.0,0.6256013192635259,11.100599400551994,7.650784235876072,4.2396641752873165e-15,-0.0024720450916422346,2.589679493503779,0.0,0.0,0.4899999499320984,0.0,0.0
train,36,normal,Q1_straight,AQ4,1,23,217,0.0,0.8147380441323216,11.44354043914864,8.332722037371312,4.621303340002214e-15,-0.003288075863315726,2.200211324833613,0.0,0.0,0.5299999713897705,0.0,0.0
train,36,normal,Q1_straight,AQ4,1,26,218,0.0,0.6508511970874246,10.704620921972039,8.85864016562625,6.050715484207103e-15,-0.003916428164868507,2.5279346548478623,0.0,0.0,0.5600000023841858,0.0,0.0
train,36,normal,Q1_straight,AQ4,1,29,219,0.0,0.7870968026324123,11.276259860431143,9.441447088412113,5.981326545168031e-15,-0.004604151343184731,2.732874468073418,0.0,0.0,0.5900000333786011,0.0,0.0
train,36,normal,Q1_straight,AQ4,1,31,220,0.0,0.872871560943971,9.73271567566622,9.861270441682764,6.022959908591474e-15,-0.005087218127678678,2.4348262478260327,0.0,0.0,0.6100000143051147,0.0,0.0
train,36,normal,Q1_straight,AQ4,1,34,221,0.0,0.700319608950395,11.060894900723639,9.265520142200927,5.918876500032866e-15,-0.0043914271249270165,2.7293936156908636,0.0,0.0,0.5800000429153442,0.0,0.0
train,36,normal,Q1_straight,AQ4,1,37,222,0.0,0.5735458856308189,11.561682039331375,8.722814896490682,6.654399253847032e-15,-0.0037443909126497754,2.299342861875366,0.0,0.0,0.5500000715255737,0.0,0.0
train,36,normal,Q1_straight,AQ4,1,40,223,0.0,0.5203959135032333,11.186346214894538,8.25447391613777,5.918876500032866e-15,-0.0031772653316886057,2.3829759000701825,0.0,0.0,0.5200000405311584,0.0,0.0
train,37,normal,Q2_lateral,AQ4,1,20,224,0.0,1.1446864286458827,11.718151381224828,-2.6666232692335647,2.722312852738448,-6.258271453073105,5.810407953481503,0.0,0.0,0.0,0.11249999701976776,0.0
train,37,normal,Q2_lateral,AQ4,1,23,225,0.0,1.2581976564052666,14.285720256675463,-3.8266406631207297,5.070648191420684,-5.533972574382185,4.3690389117123685,0.0,0.0,0.0,0.07500000298023224,0.0
train,37,normal,Q2_lateral,AQ4,1,26,226,0.0,0.9343757148525764,11.996316116238216,-4.775106039345401,7.012108771954432,-3.819568107777325,4.435795465054107,0.0,0.0,0.0,0.03750000149011612,0.0
train,37,normal,Q2_lateral,AQ4,1,29,227,0.0,0.9999999999999938,12.120301601076681,-5.42295171726478,8.337110594451575,-1.3785046860516195,5.022409057271691,0.0,0.0,0.0,0.0,0.0
train,37,normal,Q2_lateral,AQ4,1,32,228,0.0,0.0,8.607698941317661,-5.545004852772495,8.57434796298228,1.383557724847488,4.896178266387834,0.0,0.0,0.0,-0.03750000149011612,0.0
train,37,normal,Q2_lateral,AQ4,1,35,229,0.0,0.0,8.575400663848585,-4.858592148693346,7.167253380672277,3.8902818647643715,4.3813271757377885,0.0,0.0,0.0,-0.07500000298023224,0.0
train,37,normal,Q2_lateral,AQ4,1,38,230,0.0,0.0,10.612766238601441,-3.8693885593830157,5.143521704602013,5.659268007397966,4.317067658960215,0.0,0.0,0.0,-0.11249999701976776,0.0
train,37,normal,Q2_lateral,AQ4,1,41,231,0.0,0.0,10.4396621384362,-2.609866795685222,2.6005622571510485,6.349882362987945,6.065295795144721,0.0,0.0,0.0,-0.15000000596046448,0.0
train,38,normal,Q3_turn,AQ4,1,20,232,0.0,1.1446864286458767,11.718151381224772,-2.666623269233558,-2.722312852738445,-6.258271443843153,5.810407953481518,0.0,0.0,0.0,0.0,0.18000000715255737
train,38,normal,Q3_turn,AQ4,1,23,233,0.0,1.2581976564052706,14.285720256674269,-3.8266406631207213,-5.070648191420685,-5.53397256622859,4.369038911712345,0.0,0.0,0.0,0.0,0.12000000476837158
train,38,normal,Q3_turn,AQ4,1,26,234,0.0,0.9343757148525675,11.996316116239264,-4.775106039345392,-7.01210877195444,-3.8195681021587458,4.43579546505412,0.0,0.0,0.0,0.0,0.06000000983476639
train,38,normal,Q3_turn,AQ4,1,29,235,0.0,0.9999999999999976,12.120301601079545,-5.422951717264769,-8.337110594451575,-1.37850468403718,5.0224090572716795,0.0,0.0,0.0,0.0,8.940697071579962e-09
train,38,normal,Q3_turn,AQ4,1,32,236,0.0,0.0,8.60769894131767,-5.5450048527724825,-8.574347962982282,1.3835577227887361,4.896178266387836,0.0,0.0,0.0,0.0,-0.059999994933605194
train,38,normal,Q3_turn,AQ4,1,35,237,0.0,0.0,8.575400663848464,-4.858592148693338,-7.167253380672281,3.8902818590149146,4.381327175737753,0.0,0.0,0.0,0.0,-0.12000000476837158
train,38,normal,Q3_turn,AQ4,1,38,238,0.0,0.0,10.61276623860137,-3.869388559383015,-5.1435217046020245,5.659267999047807,4.31706765896023,0.0,0.0,0.0,0.0,-0.18000000715255737
train,38,normal,Q3_turn,AQ4,1,41,239,0.0,0.0,10.43966213843624,-2.609866795685228,-2.6005622571510676,6.34988235362856,6.065295795144688,0.0,0.0,0.0,0.0,-0.24000000953674316
train,80,friction_mid,Q1_straight,AQ0,0,20,240,0.0,0.0,6.223340966974535,7.989285258689109,4.440892098500626e-15,-0.0028743346386071456,2.0780050398283993,0.0,0.0,0.5099999904632568,0.0,0.0
train,80,friction_mid,Q1_straight,AQ0,0,23,241,0.0,0.0,6.2509296091140545,8.499429080476522,5.440092820663267e-15,-0.0034882419605834214,2.311874359014365,0.0,0.0,0.5400000214576721,0.0,0.0
train,80,friction_mid,Q1_straight,AQ0,0,25,242,0.0,0.0,6.277469663840234,8.869786080225337,6.0645932720149176e-15,-0.0039289742933612815,2.58089383371055,0.0,0.0,0.5600000023841858,0.0,0.0
train,80,friction_mid,Q1_straight,AQ0,0,28,243,0.0,0.0,6.271821508809682,9.468298710951535,6.022959908591474e-15,-0.004633918601418291,2.5901580959699713,0.0,0.0,0.5900000333786011,0.0,0.0
train,80,friction_mid,Q1_straight,AQ0,0,31,244,0.0,0.0,6.2939017381130995,9.265379372896039,5.1833537462186996e-15,-0.004392512929609627,2.6999654573163734,0.0,0.0,0.5800000429153442,0.0,0.0
train,80,friction_mid,Q1_straight,AQ0,0,34,245,0.0,0.0,6.132197177597876,8.709705118363253,6.529499163576702e-15,-0.003733470532801597,2.464116187678129,0.0,0.0,0.5500000715255737,0.0,0.0
train,80,friction_mid,Q1_straight,AQ0,0,36,246,0.0,0.0,6.3394018244479176,8.368279901261882,6.321332346459485e-15,-0.003324443449788217,2.150738326707641,0.0,0.0,0.5300000309944153,0.0,0.0
train,80,friction_mid,Q1_straight,AQ0,0,39,247,0.0,0.0,5.6047150621297686,7.900665722371384,5.405398351143731e-15,-0.0027566300153812895,2.414017289263168,0.0,0.0,0.5,0.0,0.0
train,81,friction_mid,Q2_lateral,AQ0,0,20,248,0.0,0.0,6.117910782446123,-3.233730900119233,3.860385030740198,-6.259524324860599,4.649089992379374,0.0,0.0,0.0,0.11249999701976776,0.0
train,81,friction_mid,Q2_lateral,AQ0,0,23,249,0.0,0.0,6.119460367449689,-4.352877615519505,6.137790103268421,-4.9527258396179485,4.042017667780488,0.0,0.0,0.0,0.07500000298023224,0.0
train,81,friction_mid,Q2_lateral,AQ0,0,25,250,0.0,0.0,5.955288635320102,-4.933111120596539,7.329733891604132,-3.619084956965033,4.403499627155589,0.0,0.0,0.0,0.05000000074505806,0.0
train,81,friction_mid,Q2_lateral,AQ0,0,28,251,0.0,0.0,5.972840239220633,-5.570162473592507,8.630902810610657,-1.0867881652659888,4.87892134808429,0.0,0.0,0.0,0.012500000186264515,0.0
train,81,friction_mid,Q2_lateral,AQ0,0,31,252,0.0,0.0,6.72073972454863,-5.401763284636339,8.289748401862907,1.6994322178061274,4.92788105292375,0.0,0.0,0.0,-0.02500000037252903,0.0
train,81,friction_mid,Q2_lateral,AQ0,0,34,253,0.0,0.0,6.7068902668898644,-4.7033878084653935,6.855318447889167,4.119448816265222,4.280027460734625,0.0,0.0,0.0,-0.0625,0.0
train,81,friction_mid,Q2_lateral,AQ0,0,36,254,0.0,0.0,6.686475732817764,-4.081292007519644,5.578956002549777,5.34362807100317,3.9841319840904585,0.0,0.0,0.0,-0.08749999850988388,0.0
train,81,friction_mid,Q2_lateral,AQ0,0,39,255,0.0,0.0,6.556427857973985,-2.9223565818336295,3.223081613704784,6.332559869707952,5.150349561933439,0.0,0.0,0.0,-0.125,0.0
train,82,friction_mid,Q3_turn,AQ0,0,20,256,0.0,0.0,6.117910782445936,-3.233730900119227,-3.860385030740202,-6.259524315632753,4.649089992379362,0.0,0.0,0.0,0.0,0.18000002205371857
train,82,friction_mid,Q3_turn,AQ0,0,23,257,0.0,0.0,6.119460367449566,-4.352877615519497,-6.137790103268428,-4.952725832325211,4.04201766778046,0.0,0.0,0.0,0.0,0.12000001966953278
train,82,friction_mid,Q3_turn,AQ0,0,25,258,0.0,0.0,5.955288635320111,-4.933111120596528,-7.329733891604133,-3.6190849516431696,4.403499627155605,0.0,0.0,0.0,0.0,0.08000001311302185
train,82,friction_mid,Q3_turn,AQ0,0,28,259,0.0,0.0,5.9728402392208535,-5.570162473592495,-8.630902810610658,-1.086788163682665,4.878921348084282,0.0,0.0,0.0,0.0,0.02000001072883606
train,82,friction_mid,Q3_turn,AQ0,0,31,260,0.0,0.0,6.720739724548634,-5.4017632846363295,-8.28974840186291,1.6994322152825934,4.92788105292375,0.0,0.0,0.0,0.0,-0.03999999538064003
train,82,friction_mid,Q3_turn,AQ0,0,34,261,0.0,0.0,6.706890266889699,-4.703387808465385,-6.855318447889166,4.11944881017897,4.280027460734587,0.0,0.0,0.0,0.0,-0.10000000149011612
train,82,friction_mid,Q3_turn,AQ0,0,36,262,0.0,0.0,6.686475732817902,-4.081292007519638,-5.578956002549783,5.3436280631167605,3.984131984090474,0.0,0.0,0.0,0.0,-0.14000001549720764
train,82,friction_mid,Q3_turn,AQ0,0,39,263,0.0,0.0,6.5564278579737145,-2.922356581833632,-3.2230816137047955,6.332559860372006,5.150349561933416,0.0,0.0,0.0,0.0,-0.20000000298023224
train,84,friction_mid,Q1_straight,AQ0,1,20,264,0.0,0.527576065117545,12.12320984449514,7.4953083014366655,3.7539416020138106e-15,-0.0022849453596329797,2.878594543420807,0.0,0.0,0.48000001907348633,0.0,0.0
train,84,friction_mid,Q1_straight,AQ0,1,23,265,0.0,0.7872097386010755,12.42578424788287,8.3598756195937,4.912736883966318e-15,-0.0033114730577697427,2.3225726497487518,0.0,0.0,0.5300000309944153,0.0,0.0
train,84,friction_mid,Q1_straight,AQ0,1,26,266,0.0,0.466442789164584,11.138733078092125,8.872651499345105,5.745404152435185e-15,-0.003926867723478417,2.503198244279269,0.0,0.0,0.5600000619888306,0.0,0.0
train,84,friction_mid,Q1_straight,AQ0,1,29,267,0.0,0.493516193826039,12.102969360850253,9.466777706959734,6.25888230132432e-15,-0.004630234408498329,2.6766925172992098,0.0,0.0,0.5900000333786011,0.0,0.0
train,84,friction_mid,Q1_straight,AQ0,1,31,268,0.0,0.5454633501380547,9.62617417609129,9.661123376653562,5.953570969552402e-15,-0.004854187437000418,2.472783570804313,0.0,0.0,0.6000000238418579,0.0,0.0
train,84,friction_mid,Q1_straight,AQ0,1,34,269,0.0,0.715859983526274,11.441858817284738,9.07346701498879,5.2388648974499574e-15,-0.004168195920474953,2.7853573359752195,0.0,0.0,0.5699999928474426,0.0,0.0
train,84,friction_mid,Q1_straight,AQ0,1,37,270,0.0,0.6050433519967248,9.31486714552678,8.526904119412489,6.529499163576702e-15,-0.003518239408800694,2.4354675975646893,0.0,0.0,0.5400000810623169,0.0,0.0
train,84,friction_mid,Q1_straight,AQ0,1,40,271,0.0,0.7022813226569156,11.079655896337453,8.024536799594388,6.113165529342268e-15,-0.002916021093766874,2.193962176453182,0.0,0.0,0.5100000500679016,0.0,0.0
train,85,friction_mid,Q2_lateral,AQ0,1,20,272,0.0,0.7807200583588265,11.497841926275976,-2.165041221145904,1.7145649632720745,-6.215427651672392,7.340498320867203,0.0,0.0,0.0,0.17499999701976776,0.0
train,85,friction_mid,Q2_lateral,AQ0,1,23,273,0.0,0.8876720657463656,13.747171184917692,-3.565701905428317,4.52406322961996,-6.061203907828382,4.779998850963464,0.0,0.0,0.0,0.13750000298023224,0.0
train,85,friction_mid,Q2_lateral,AQ0,1,26,274,0.0,0.9343757148525764,12.221236664814798,-4.67066178934598,6.7766226546112796,-4.569858968125156,4.243438262942395,0.0,0.0,0.0,0.10000000149011612,0.0
train,85,friction_mid,Q2_lateral,AQ0,1,29,275,0.0,0.9999999999999938,12.379601635871843,-5.453898538156274,8.381668925041762,-2.2276999051757014,4.838432712694928,0.0,0.0,0.0,0.0625,0.0
train,85,friction_mid,Q2_lateral,AQ0,1,32,276,0.0,1.3856406460551018,14.437134830635586,-5.7065214157092665,8.898082448889499,-0.1454317471961594,4.952390989909546,0.0,0.0,0.0,0.0,0.0
train,85,friction_mid,Q2_lateral,AQ0,1,35,277,0.0,1.4034427793696298,14.579584146305214,-5.178684237660955,7.832249271757119,2.535109079559946,4.940928304288718,0.0,0.0,0.0,-0.03750000149011612,0.0
train,85,friction_mid,Q2_lateral,AQ0,1,38,278,0.0,1.454044836580353,14.600010368356457,-4.397237955050033,6.226661872031426,4.753184336645634,4.195567984649072,0.0,0.0,0.0,-0.07500000298023224,0.0
train,85,friction_mid,Q2_lateral,AQ0,1,41,279,0.0,1.561440116717653,13.488275617269457,-3.31751153886687,4.026712843898446,6.077440219432371,4.759302615332804,0.0,0.0,0.0,-0.11249999701976776,0.0
train,86,friction_mid,Q3_turn,AQ0,1,20,280,0.0,0.7807200583588219,11.49784192627593,-2.165041221145892,-1.7145649632720654,-6.215427642502094,7.3404983208672325,0.0,0.0,0.0,0.0,0.2800000309944153
train,86,friction_mid,Q3_turn,AQ0,1,23,281,0.0,0.8876720657463713,13.747171184917098,-3.5657019054283143,-4.52406322961997,-6.061203898895217,4.779998850963449,0.0,0.0,0.0,0.0,0.2200000286102295
train,86,friction_mid,Q3_turn,AQ0,1,26,282,0.0,0.9343757148525675,12.221236664814734,-4.670661789345967,-6.776622654611278,-4.569858961399172,4.24343826294238,0.0,0.0,0.0,0.0,0.1600000113248825
train,86,friction_mid,Q3_turn,AQ0,1,29,283,0.0,0.9999999999999976,12.379601635872575,-5.453898538156262,-8.381668925041765,-2.2276999019090873,4.838432712694929,0.0,0.0,0.0,0.0,0.10000002384185791
train,86,friction_mid,Q3_turn,AQ0,1,32,284,0.0,1.3856406460551047,14.437134830634427,-5.706521415709253,-8.898082448889493,-0.14543174700164516,4.952390989909541,0.0,0.0,0.0,0.0,1.1920929132713809e-08
train,86,friction_mid,Q3_turn,AQ0,1,35,285,0.0,1.4034427793696236,14.579584146304907,-5.1786842376609465,-7.83224927175712,2.5351090758059875,4.940928304288711,0.0,0.0,0.0,0.0,-0.059999994933605194
train,86,friction_mid,Q3_turn,AQ0,1,38,286,0.0,1.4540448365803496,14.600010368357111,-4.397237955050029,-6.226661872031431,4.753184329627354,4.195567984649054,0.0,0.0,0.0,0.0,-0.12000000476837158
train,86,friction_mid,Q3_turn,AQ0,1,41,287,0.0,1.5614401167176435,13.488275617269615,-3.3175115388668677,-4.026712843898452,6.077440210469651,4.759302615332804,0.0,0.0,0.0,0.0,-0.18000000715255737
train,88,friction_mid,Q1_straight,AQ1,0,20,288,0.0,0.0,6.223340966974535,7.989285258689109,4.440892098500626e-15,-0.0028743346386071456,2.0780050398283993,0.0,0.0,0.5099999904632568,0.0,0.0
train,88,friction_mid,Q1_straight,AQ1,0,23,289,0.0,0.0,6.2509296091140545,8.499429080476522,5.440092820663267e-15,-0.0034882419605834214,2.311874359014365,0.0,0.0,0.5400000214576721,0.0,0.0
train,88,friction_mid,Q1_straight,AQ1,0,25,290,0.0,0.0,6.277469663840234,8.869786080225337,6.0645932720149176e-15,-0.0039289742933612815,2.58089383371055,0.0,0.0,0.5600000023841858,0.0,0.0
train,88,friction_mid,Q1_straight,AQ1,0,28,291,0.0,0.0,6.271821508809682,9.468298710951535,6.022959908591474e-15,-0.004633918601418291,2.5901580959699713,0.0,0.0,0.5900000333786011,0.0,0.0
train,88,friction_mid,Q1_straight,AQ1,0,31,292,0.0,0.0,6.2939017381130995,9.265379372896039,5.1833537462186996e-15,-0.004392512929609627,2.6999654573163734,0.0,0.0,0.5800000429153442,0.0,0.0
train,88,friction_mid,Q1_straight,AQ1,0,34,293,0.0,0.0,6.132197177597876,8.709705118363253,6.529499163576702e-15,-0.003733470532801597,2.464116187678129,0.0,0.0,0.5500000715255737,0.0,0.0
train,88,friction_mid,Q1_straight,AQ1,0,36,294,0.0,0.0,6.3394018244479176,8.368279901261882,6.321332346459485e-15,-0.003324443449788217,2.150738326707641,0.0,0.0,0.5300000309944153,0.0,0.0
train,88,friction_mid,Q1_straight,AQ1,0,39,295,0.0,0.0,5.6047150621297686,7.900665722371384,5.405398351143731e-15,-0.0027566300153812895,2.414017289263168,0.0,0.0,0.5,0.0,0.0
train,89,friction_mid,Q2_lateral,AQ1,0,20,296,0.0,0.0,6.117910782446123,-3.233730900119233,3.860385030740198,-6.259524324860599,4.649089992379374,0.0,0.0,0.0,0.11249999701976776,0.0
train,89,friction_mid,Q2_lateral,AQ1,0,23,297,0.0,0.0,6.119460367449689,-4.352877615519505,6.137790103268421,-4.9527258396179485,4.042017667780488,0.0,0.0,0.0,0.07500000298023224,0.0
train,89,friction_mid,Q2_lateral,AQ1,0,25,298,0.0,0.0,5.955288635320102,-4.933111120596539,7.329733891604132,-3.619084956965033,4.403499627155588,0.0,0.0,0.0,0.05000000074505806,0.0
train,89,friction_mid,Q2_lateral,AQ1,0,28,299,0.0,0.0,5.9728402392206315,-5.570162473592507,8.630902810610653,-1.0867881652659888,4.878921348084291,0.0,0.0,0.0,0.012500000186264515,0.0
train,89,friction_mid,Q2_lateral,AQ1,0,31,300,0.0,0.0,6.72073972454863,-5.401763284636339,8.289748401862907,1.6994322178061274,4.927881052923751,0.0,0.0,0.0,-0.02500000037252903,0.0
train,89,friction_mid,Q2_lateral,AQ1,0,34,301,0.0,0.0,6.706890266889865,-4.7033878084653935,6.855318447889167,4.119448816265222,4.280027460734625,0.0,0.0,0.0,-0.0625,0.0
train,89,friction_mid,Q2_lateral,AQ1,0,36,302,0.0,0.0,6.686475732817763,-4.081292007519641,5.578956002549776,5.343628071003174,3.984131984090458,0.0,0.0,0.0,-0.08749999850988388,0.0
train,89,friction_mid,Q2_lateral,AQ1,0,39,303,0.0,0.0,6.556427857973985,-2.9223565818336295,3.223081613704784,6.332559869707952,5.150349561933439,0.0,0.0,0.0,-0.125,0.0
train,90,friction_mid,Q3_turn,AQ1,0,20,304,0.0,0.0,6.117910782445936,-3.233730900119227,-3.860385030740202,-6.259524315632753,4.649089992379362,0.0,0.0,0.0,0.0,0.18000002205371857
train,90,friction_mid,Q3_turn,AQ1,0,23,305,0.0,0.0,6.119460367449566,-4.352877615519497,-6.137790103268428,-4.952725832325211,4.04201766778046,0.0,0.0,0.0,0.0,0.12000001966953278
train,90,friction_mid,Q3_turn,AQ1,0,25,306,0.0,0.0,5.955288635320111,-4.933111120596528,-7.329733891604133,-3.6190849516431696,4.403499627155605,0.0,0.0,0.0,0.0,0.08000001311302185
train,90,friction_mid,Q3_turn,AQ1,0,28,307,0.0,0.0,5.9728402392208535,-5.570162473592495,-8.630902810610658,-1.086788163682665,4.878921348084282,0.0,0.0,0.0,0.0,0.02000001072883606
train,90,friction_mid,Q3_turn,AQ1,0,31,308,0.0,0.0,6.720739724548634,-5.4017632846363295,-8.28974840186291,1.6994322152825934,4.92788105292375,0.0,0.0,0.0,0.0,-0.03999999538064003
train,90,friction_mid,Q3_turn,AQ1,0,34,309,0.0,0.0,6.706890266889699,-4.703387808465385,-6.855318447889166,4.11944881017897,4.280027460734587,0.0,0.0,0.0,0.0,-0.10000000149011612
train,90,friction_mid,Q3_turn,AQ1,0,36,310,0.0,0.0,6.686475732817902,-4.081292007519638,-5.578956002549783,5.3436280631167605,3.984131984090474,0.0,0.0,0.0,0.0,-0.14000001549720764
train,90,friction_mid,Q3_turn,AQ1,0,39,311,0.0,0.0,6.5564278579737145,-2.922356581833632,-3.2230816137047955,6.332559860372006,5.150349561933416,0.0,0.0,0.0,0.0,-0.20000000298023224
train,92,friction_mid,Q1_straight,AQ1,1,20,312,0.0,0.527576065117545,10.218266346170989,7.304087301063129,3.6290415117434804e-15,-0.0020601570433251906,2.9129664054267606,0.0,0.0,0.4699999690055847,0.0,0.0
train,92,friction_mid,Q1_straight,AQ1,1,23,313,0.0,0.5367317978168022,11.266511430977326,8.384239320500951,4.947431353485854e-15,-0.003337129815278006,2.4650195359844904,0.0,0.0,0.5300000309944153,0.0,0.0
train,92,friction_mid,Q1_straight,AQ1,1,27,314,0.0,0.466442789164584,11.481042431889263,9.051545259424529,5.9674487573602164e-15,-0.004139942926702167,2.511911094142001,0.0,0.0,0.5699999928474426,0.0,0.0
train,92,friction_mid,Q1_straight,AQ1,1,30,315,0.0,0.493516193826039,11.662548075122091,9.652259607352972,6.328271240363392e-15,-0.004850352248889883,2.635268783173809,0.0,0.0,0.6000000238418579,0.0,0.0
train,92,friction_mid,Q1_straight,AQ1,1,33,316,0.0,0.7423777672051126,9.590748814424984,9.648074331520592,5.745404152435185e-15,-0.004839681070398005,2.6099770688841772,0.0,0.0,0.6000000238418579,0.0,0.0
train,92,friction_mid,Q1_straight,AQ1,1,36,317,0.0,0.700319608950395,10.795417846054317,9.072911021217326,5.918876500032866e-15,-0.004165599677867782,2.698934306906855,0.0,0.0,0.5699999928474426,0.0,0.0
train,92,friction_mid,Q1_straight,AQ1,1,40,318,0.0,0.5598928918479364,11.040266190269124,8.381772161697178,6.251943407420413e-15,-0.003339236758806985,2.183846775666749,0.0,0.0,0.5300000309944153,0.0,0.0
train,92,friction_mid,Q1_straight,AQ1,1,43,319,0.0,0.5128778864922836,10.917847262885255,7.711627823178894,5.197231534026514e-15,-0.0025330625820103522,2.548288798511651,0.0,0.0,0.49000000953674316,0.0,0.0
train,93,friction_mid,Q2_lateral,AQ1,1,20,320,0.0,0.7807200583588265,11.287839837472756,-2.0453234285031057,1.4693156265691119,-6.100959766628371,7.488396551454709,0.0,0.0,0.0,0.16249999403953552,0.0
train,93,friction_mid,Q2_lateral,AQ1,1,23,321,0.0,0.8800305571470801,12.743204849120408,-3.4001844993787027,4.192741268171583,-6.169683896472864,4.700289901798446,0.0,0.0,0.0,0.125,0.0
train,93,friction_mid,Q2_lateral,AQ1,1,26,322,0.0,0.9237604307034013,11.854638567214028,-4.5126567080948385,6.458997534961582,-4.770342118937449,4.134419008684245,0.0,0.0,0.0,0.08749999850988388,0.0
train,93,friction_mid,Q2_lateral,AQ1,1,29,323,0.0,0.9999999999999938,12.343405593042407,-5.306687781828547,8.08787670888268,-2.519416425961332,4.8287879624140375,0.0,0.0,0.0,0.05000000074505806,0.0
train,93,friction_mid,Q2_lateral,AQ1,1,33,324,0.0,1.3857850061790586,14.574924439528003,-5.698816239699886,8.881020751377138,0.44876297041751056,4.963964174963982,0.0,0.0,0.0,-0.02500000037252903,0.0
train,93,friction_mid,Q2_lateral,AQ1,1,36,325,0.0,1.4034427793696298,14.58094312525249,-5.098375768566542,7.6601194978738745,3.0875436900298787,4.776185924771163,0.0,0.0,0.0,-0.0625,0.0
train,93,friction_mid,Q2_lateral,AQ1,1,39,326,0.0,0.0,10.258489283129403,-4.2431959662439045,5.9040504394917095,5.18918540781446,4.061173768669722,0.0,0.0,0.0,-0.10000000149011612,0.0
train,93,friction_mid,Q2_lateral,AQ1,1,42,327,0.0,0.0,9.52376919456428,-3.078075953581273,3.536214170492521,6.306375989520409,5.10355511820527,0.0,0.0,0.0,-0.13750000298023224,0.0
train,94,friction_mid,Q3_turn,AQ1,1,20,328,0.0,0.7807200583588219,11.287839837472422,-2.045323428503096,-1.469315626569105,-6.100959757625933,7.48839655145474,0.0,0.0,0.0,0.0,0.2600000202655792
train,94,friction_mid,Q3_turn,AQ1,1,23,329,0.0,0.8800305571470867,12.743204849117554,-3.4001844993786987,-4.1927412681715905,-6.169683887378615,4.70028990179843,0.0,0.0,0.0,0.0,0.20000001788139343
train,94,friction_mid,Q3_turn,AQ1,1,26,330,0.0,0.9237604307033973,11.854638567214622,-4.51265670809483,-6.458997534961585,-4.770342111914749,4.134419008684222,0.0,0.0,0.0,0.0,0.14000001549720764
train,94,friction_mid,Q3_turn,AQ1,1,29,331,0.0,0.9999999999999976,12.343405593043657,-5.306687781828536,-8.087876708882684,-2.5194164222636015,4.828787962414039,0.0,0.0,0.0,0.0,0.08000002056360245
train,94,friction_mid,Q3_turn,AQ1,1,33,332,0.0,1.3857850061790675,14.57492443952728,-5.698816239699871,-8.881020751377136,0.4487629697360155,4.963964174963981,0.0,0.0,0.0,0.0,-0.03999999165534973
train,94,friction_mid,Q3_turn,AQ1,1,36,333,0.0,1.4034427793696236,14.580943125252347,-5.098375768566533,-7.660119497873876,3.087543685462135,4.776185924771147,0.0,0.0,0.0,0.0,-0.10000000149011612
train,94,friction_mid,Q3_turn,AQ1,1,39,334,0.0,0.0,10.258489283130626,-4.243195966243901,-5.904050439491717,5.189185400154627,4.061173768669729,0.0,0.0,0.0,0.0,-0.1599999964237213
train,94,friction_mid,Q3_turn,AQ1,1,42,335,0.0,0.0,9.523769194563412,-3.078075953581274,-3.53621417049253,6.306375980221973,5.103555118205255,0.0,0.0,0.0,0.0,-0.2199999988079071
train,96,friction_mid,Q1_straight,AQ2,0,20,336,0.0,0.0,6.223340966974535,7.989285258689109,4.440892098500626e-15,-0.0028743346386071456,2.0780050398283993,0.0,0.0,0.5099999904632568,0.0,0.0
train,96,friction_mid,Q1_straight,AQ2,0,23,337,0.0,0.0,6.2509296091140545,8.499429080476522,5.440092820663267e-15,-0.0034882419605834214,2.311874359014365,0.0,0.0,0.5400000214576721,0.0,0.0
train,96,friction_mid,Q1_straight,AQ2,0,25,338,0.0,0.0,6.277469663840234,8.869786080225337,6.0645932720149176e-15,-0.0039289742933612815,2.58089383371055,0.0,0.0,0.5600000023841858,0.0,0.0
train,96,friction_mid,Q1_straight,AQ2,0,28,339,0.0,0.0,6.271821508809682,9.468298710951535,6.022959908591474e-15,-0.004633918601418291,2.5901580959699713,0.0,0.0,0.5900000333786011,0.0,0.0
train,96,friction_mid,Q1_straight,AQ2,0,31,340,0.0,0.0,6.2939017381130995,9.265379372896039,5.1833537462186996e-15,-0.004392512929609627,2.6999654573163734,0.0,0.0,0.5800000429153442,0.0,0.0
train,96,friction_mid,Q1_straight,AQ2,0,34,341,0.0,0.0,6.132197177597876,8.709705118363253,6.529499163576702e-15,-0.003733470532801597,2.464116187678129,0.0,0.0,0.5500000715255737,0.0,0.0
train,96,friction_mid,Q1_straight,AQ2,0,36,342,0.0,0.0,6.3394018244479176,8.368279901261882,6.321332346459485e-15,-0.003324443449788217,2.150738326707641,0.0,0.0,0.5300000309944153,0.0,0.0
train,96,friction_mid,Q1_straight,AQ2,0,39,343,0.0,0.0,5.604715062129769,7.900665722371384,5.405398351143731e-15,-0.0027566300153812895,2.414017289263168,0.0,0.0,0.5,0.0,0.0
train,97,friction_mid,Q2_lateral,AQ2,0,20,344,0.0,0.0,6.117910782446124,-3.233730900119232,3.860385030740198,-6.259524324860601,4.649089992379374,0.0,0.0,0.0,0.11249999701976776,0.0
train,97,friction_mid,Q2_lateral,AQ2,0,23,345,0.0,0.0,6.119460367449689,-4.352877615519505,6.137790103268421,-4.9527258396179485,4.042017667780488,0.0,0.0,0.0,0.07500000298023224,0.0
train,97,friction_mid,Q2_lateral,AQ2,0,25,346,0.0,0.0,5.955288635320102,-4.933111120596539,7.329733891604132,-3.619084956965033,4.403499627155589,0.0,0.0,0.0,0.05000000074505806,0.0
train,97,friction_mid,Q2_lateral,AQ2,0,28,347,0.0,0.0,5.972840239220633,-5.570162473592507,8.630902810610657,-1.0867881652659888,4.87892134808429,0.0,0.0,0.0,0.012500000186264515,0.0
train,97,friction_mid,Q2_lateral,AQ2,0,31,348,0.0,0.0,6.72073972454863,-5.401763284636339,8.289748401862907,1.6994322178061274,4.927881052923751,0.0,0.0,0.0,-0.02500000037252903,0.0
train,97,friction_mid,Q2_lateral,AQ2,0,34,349,0.0,0.0,6.706890266889865,-4.7033878084653935,6.855318447889167,4.119448816265222,4.280027460734625,0.0,0.0,0.0,-0.0625,0.0
train,97,friction_mid,Q2_lateral,AQ2,0,36,350,0.0,0.0,6.686475732817763,-4.081292007519641,5.578956002549776,5.343628071003174,3.984131984090458,0.0,0.0,0.0,-0.08749999850988388,0.0
train,97,friction_mid,Q2_lateral,AQ2,0,39,351,0.0,0.0,6.556427857973985,-2.9223565818336295,3.223081613704784,6.332559869707952,5.150349561933439,0.0,0.0,0.0,-0.125,0.0
train,98,friction_mid,Q3_turn,AQ2,0,20,352,0.0,0.0,6.117910782445936,-3.233730900119227,-3.860385030740202,-6.259524315632753,4.649089992379362,0.0,0.0,0.0,0.0,0.18000002205371857
train,98,friction_mid,Q3_turn,AQ2,0,23,353,0.0,0.0,6.119460367449566,-4.352877615519497,-6.137790103268428,-4.952725832325211,4.04201766778046,0.0,0.0,0.0,0.0,0.12000001966953278
train,98,friction_mid,Q3_turn,AQ2,0,25,354,0.0,0.0,5.955288635320111,-4.933111120596528,-7.329733891604133,-3.6190849516431696,4.403499627155605,0.0,0.0,0.0,0.0,0.08000001311302185
train,98,friction_mid,Q3_turn,AQ2,0,28,355,0.0,0.0,5.9728402392208535,-5.570162473592495,-8.630902810610658,-1.086788163682665,4.878921348084282,0.0,0.0,0.0,0.0,0.02000001072883606
train,98,friction_mid,Q3_turn,AQ2,0,31,356,0.0,0.0,6.720739724548634,-5.4017632846363295,-8.28974840186291,1.6994322152825934,4.92788105292375,0.0,0.0,0.0,0.0,-0.03999999538064003
train,98,friction_mid,Q3_turn,AQ2,0,34,357,0.0,0.0,6.706890266889699,-4.703387808465385,-6.855318447889166,4.11944881017897,4.280027460734588,0.0,0.0,0.0,0.0,-0.10000000149011612
train,98,friction_mid,Q3_turn,AQ2,0,36,358,0.0,0.0,6.686475732817903,-4.081292007519638,-5.578956002549783,5.3436280631167605,3.984131984090474,0.0,0.0,0.0,0.0,-0.14000001549720764
train,98,friction_mid,Q3_turn,AQ2,0,39,359,0.0,0.0,6.556427857973714,-2.9223565818336334,-3.223081613704798,6.332559860372005,5.150349561933416,0.0,0.0,0.0,0.0,-0.20000000298023224
train,100,friction_mid,Q1_straight,AQ2,1,20,360,0.0,0.43112226632229983,10.21062892016117,8.031859754894949,4.517219931443606e-15,-0.002920491623208843,2.467725909640076,0.0,0.0,0.5100000500679016,0.0,0.0
train,100,friction_mid,Q1_straight,AQ2,1,23,361,0.0,0.8147380441323216,11.674579116718842,8.708834386601849,5.218048215738236e-15,-0.0037301759230556064,2.344703387420205,0.0,0.0,0.550000011920929,0.0,0.0
train,100,friction_mid,Q1_straight,AQ2,1,26,362,0.0,0.6621477035760978,11.874398438896076,9.232239948646614,6.231126725708691e-15,-0.004354101498936808,2.641372273756397,0.0,0.0,0.5800000429153442,0.0,0.0
train,100,friction_mid,Q1_straight,AQ2,1,29,363,0.0,0.5454633501380547,10.382749887309988,9.845201399991721,6.0923488476305465e-15,-0.005072064154004324,2.4980043885941896,0.0,0.0,0.6100000143051147,0.0,0.0
train,100,friction_mid,Q1_straight,AQ2,1,32,364,0.0,0.7423777672051126,11.262947396638092,9.640794383977772,5.773159728050814e-15,-0.004831371756417013,2.618381706627685,0.0,0.0,0.6000000238418579,0.0,0.0
train,100,friction_mid,Q1_straight,AQ2,1,35,365,0.0,0.6326752490915574,11.392088745114695,9.069486235466517,6.279698983036042e-15,-0.004158930785600479,2.6015959939942515,0.0,0.0,0.5700000524520874,0.0,0.0
train,100,friction_mid,Q1_straight,AQ2,1,38,366,0.0,0.5598928918479364,10.704821107072474,8.567829910241624,6.46011022453763e-15,-0.0035584241774905268,2.204158626237356,0.0,0.0,0.5400000810623169,0.0,0.0
train,100,friction_mid,Q1_straight,AQ2,1,41,367,0.0,0.0,5.6047150621297686,7.900665722371384,5.405398351143731e-15,-0.0027566300153812895,2.414017289263168,0.0,0.0,0.5,0.0,0.0
train,101,friction_mid,Q2_lateral,AQ2,1,20,368,0.0,1.1446864286458827,11.363335646831088,-2.942585954950568,3.2788218677182774,-6.3814005847571185,5.421938199427346,0.0,0.0,0.0,0.13750000298023224,0.0
train,101,friction_mid,Q2_lateral,AQ2,1,23,369,0.0,1.2581976564052666,14.048567677811123,-4.157263316524651,5.732927034093221,-5.307108096436777,4.307706411548554,0.0,0.0,0.0,0.10000000149011612,0.0
train,101,friction_mid,Q2_lateral,AQ2,1,26,370,0.0,0.9778117301634219,14.047671008188884,-5.084056023344521,7.632159881306921,-3.3530046105740623,4.52767662602981,0.0,0.0,0.0,0.0625,0.0
train,101,friction_mid,Q2_lateral,AQ2,1,29,371,0.0,1.0628029873754912,13.983608279269667,-5.706837623196863,8.899151683834711,-0.7389857429382227,4.844550751905066,0.0,0.0,0.0,0.02500000037252903,0.0
train,101,friction_mid,Q2_lateral,AQ2,1,32,372,0.0,0.0,8.607698941317663,-5.545004852772495,8.57434796298228,1.383557724847488,4.896178266387834,0.0,0.0,0.0,-0.03750000149011612,0.0
train,101,friction_mid,Q2_lateral,AQ2,1,35,373,0.0,0.0,8.575400663848587,-4.858592148693346,7.167253380672277,3.8902818647643715,4.3813271757377885,0.0,0.0,0.0,-0.07500000298023224,0.0
train,101,friction_mid,Q2_lateral,AQ2,1,38,374,0.0,0.0,10.612766238601441,-3.8693885593830153,5.143521704602014,5.659268007397962,4.317067658960216,0.0,0.0,0.0,-0.11249999701976776,0.0
train,101,friction_mid,Q2_lateral,AQ2,1,41,375,0.0,0.0,10.4396621384362,-2.609866795685222,2.6005622571510485,6.349882362987945,6.065295795144721,0.0,0.0,0.0,-0.15000000596046448,0.0
train,102,friction_mid,Q3_turn,AQ2,1,20,376,0.0,1.1446864286458767,11.36333564683064,-2.9425859549505575,-3.2788218677182708,-6.381400575347591,5.42193819942736,0.0,0.0,0.0,0.0,0.2200000286102295
train,102,friction_mid,Q3_turn,AQ2,1,23,377,0.0,1.2581976564052706,14.04856767780784,-4.157263316524643,-5.732927034093225,-5.307108088619962,4.30770641154853,0.0,0.0,0.0,0.0,0.1600000113248825
train,102,friction_mid,Q3_turn,AQ2,1,26,378,0.0,0.9778117301634313,14.047671008184603,-5.084056023344512,-7.6321598813069285,-3.3530046056455554,4.527676626029826,0.0,0.0,0.0,0.0,0.10000000894069672
train,102,friction_mid,Q3_turn,AQ2,1,29,379,0.0,1.0628029873754845,13.983608279270618,-5.706837623196849,-8.89915168383471,-0.738985741868567,4.844550751905059,0.0,0.0,0.0,0.0,0.04000001400709152
train,102,friction_mid,Q3_turn,AQ2,1,32,380,0.0,0.0,8.60769894131767,-5.5450048527724825,-8.574347962982282,1.3835577227887361,4.896178266387836,0.0,0.0,0.0,0.0,-0.059999994933605194
train,102,friction_mid,Q3_turn,AQ2,1,35,381,0.0,0.0,8.575400663848464,-4.858592148693338,-7.167253380672281,3.8902818590149146,4.381327175737753,0.0,0.0,0.0,0.0,-0.12000000476837158
train,102,friction_mid,Q3_turn,AQ2,1,38,382,0.0,0.0,10.61276623860137,-3.869388559383015,-5.1435217046020245,5.659267999047807,4.31706765896023,0.0,0.0,0.0,0.0,-0.18000000715255737
train,102,friction_mid,Q3_turn,AQ2,1,41,383,0.0,0.0,10.439662138436239,-2.6098667956852277,-2.6005622571510654,6.349882353628562,6.065295795144689,0.0,0.0,0.0,0.0,-0.24000000953674316
train,104,friction_mid,Q1_straight,AQ3,0,20,384,0.0,0.0,6.223340966974535,7.989285258689109,4.440892098500626e-15,-0.0028743346386071456,2.0780050398283993,0.0,0.0,0.5099999904632568,0.0,0.0
train,104,friction_mid,Q1_straight,AQ3,0,23,385,0.0,0.0,6.2509296091140545,8.499429080476522,5.440092820663267e-15,-0.0034882419605834214,2.311874359014365,0.0,0.0,0.5400000214576721,0.0,0.0
train,104,friction_mid,Q1_straight,AQ3,0,25,386,0.0,0.0,6.277469663840234,8.869786080225337,6.0645932720149176e-15,-0.0039289742933612815,2.58089383371055,0.0,0.0,0.5600000023841858,0.0,0.0
train,104,friction_mid,Q1_straight,AQ3,0,28,387,0.0,0.0,6.271821508809682,9.468298710951535,6.022959908591474e-15,-0.004633918601418291,2.5901580959699713,0.0,0.0,0.5900000333786011,0.0,0.0
train,104,friction_mid,Q1_straight,AQ3,0,31,388,0.0,0.0,6.293901738113101,9.265379372896039,5.1833537462186996e-15,-0.004392512929609627,2.6999654573163734,0.0,0.0,0.5800000429153442,0.0,0.0
train,104,friction_mid,Q1_straight,AQ3,0,34,389,0.0,0.0,6.132197177597874,8.709705118363258,6.5156213757688874e-15,-0.0037334705328014514,2.4641161876781283,0.0,0.0,0.5500000715255737,0.0,0.0
train,104,friction_mid,Q1_straight,AQ3,0,36,390,0.0,0.0,6.3394018244479176,8.368279901261882,6.321332346459485e-15,-0.003324443449788217,2.150738326707641,0.0,0.0,0.5300000309944153,0.0,0.0
train,104,friction_mid,Q1_straight,AQ3,0,39,391,0.0,0.0,5.6047150621297686,7.900665722371384,5.405398351143731e-15,-0.0027566300153812895,2.414017289263168,0.0,0.0,0.5,0.0,0.0
train,105,friction_mid,Q2_lateral,AQ3,0,20,392,0.0,0.0,6.117910782446123,-3.233730900119233,3.860385030740198,-6.259524324860599,4.649089992379374,0.0,0.0,0.0,0.11249999701976776,0.0
train,105,friction_mid,Q2_lateral,AQ3,0,23,393,0.0,0.0,6.119460367449689,-4.352877615519505,6.137790103268421,-4.9527258396179485,4.042017667780488,0.0,0.0,0.0,0.07500000298023224,0.0
train,105,friction_mid,Q2_lateral,AQ3,0,25,394,0.0,0.0,5.955288635320102,-4.933111120596539,7.329733891604132,-3.619084956965033,4.403499627155589,0.0,0.0,0.0,0.05000000074505806,0.0
train,105,friction_mid,Q2_lateral,AQ3,0,28,395,0.0,0.0,5.972840239220633,-5.570162473592507,8.630902810610657,-1.0867881652659888,4.87892134808429,0.0,0.0,0.0,0.012500000186264515,0.0
train,105,friction_mid,Q2_lateral,AQ3,0,31,396,0.0,0.0,6.72073972454863,-5.401763284636339,8.289748401862907,1.6994322178061274,4.927881052923751,0.0,0.0,0.0,-0.02500000037252903,0.0
train,105,friction_mid,Q2_lateral,AQ3,0,34,397,0.0,0.0,6.706890266889865,-4.7033878084653935,6.855318447889167,4.119448816265222,4.280027460734625,0.0,0.0,0.0,-0.0625,0.0
train,105,friction_mid,Q2_lateral,AQ3,0,36,398,0.0,0.0,6.686475732817763,-4.081292007519641,5.578956002549776,5.343628071003174,3.984131984090458,0.0,0.0,0.0,-0.08749999850988388,0.0
train,105,friction_mid,Q2_lateral,AQ3,0,39,399,0.0,0.0,6.556427857973985,-2.9223565818336295,3.223081613704784,6.332559869707952,5.150349561933439,0.0,0.0,0.0,-0.125,0.0
train,106,friction_mid,Q3_turn,AQ3,0,20,400,0.0,0.0,6.117910782445936,-3.233730900119227,-3.860385030740202,-6.259524315632753,4.649089992379362,0.0,0.0,0.0,0.0,0.18000002205371857
train,106,friction_mid,Q3_turn,AQ3,0,23,401,0.0,0.0,6.119460367449566,-4.352877615519497,-6.137790103268428,-4.952725832325211,4.04201766778046,0.0,0.0,0.0,0.0,0.12000001966953278
train,106,friction_mid,Q3_turn,AQ3,0,25,402,0.0,0.0,5.955288635320111,-4.933111120596528,-7.329733891604133,-3.6190849516431696,4.403499627155605,0.0,0.0,0.0,0.0,0.08000001311302185
train,106,friction_mid,Q3_turn,AQ3,0,28,403,0.0,0.0,5.9728402392208535,-5.570162473592495,-8.630902810610658,-1.086788163682665,4.8789213480842815,0.0,0.0,0.0,0.0,0.02000001072883606
train,106,friction_mid,Q3_turn,AQ3,0,31,404,0.0,0.0,6.720739724548634,-5.4017632846363295,-8.289748401862905,1.6994322152825934,4.927881052923751,0.0,0.0,0.0,0.0,-0.03999999538064003
train,106,friction_mid,Q3_turn,AQ3,0,34,405,0.0,0.0,6.706890266889699,-4.703387808465385,-6.855318447889166,4.11944881017897,4.280027460734587,0.0,0.0,0.0,0.0,-0.10000000149011612
train,106,friction_mid,Q3_turn,AQ3,0,36,406,0.0,0.0,6.686475732817902,-4.081292007519638,-5.578956002549783,5.3436280631167605,3.984131984090474,0.0,0.0,0.0,0.0,-0.14000001549720764
train,106,friction_mid,Q3_turn,AQ3,0,39,407,0.0,0.0,6.5564278579737145,-2.922356581833632,-3.2230816137047955,6.332559860372006,5.150349561933416,0.0,0.0,0.0,0.0,-0.20000000298023224
train,108,friction_mid,Q1_straight,AQ3,1,20,408,0.0,0.43112226632229983,8.878494983377752,8.20248136885128,4.7253867485608225e-15,-0.0031218716958878456,2.3595742265105546,0.0,0.0,0.5199999809265137,0.0,0.0
train,108,friction_mid,Q1_straight,AQ3,1,23,409,0.0,0.700319608950395,10.564755823912249,8.692038201460123,5.440092820663267e-15,-0.003714069407642656,2.3353568010551524,0.0,0.0,0.550000011920929,0.0,0.0
train,108,friction_mid,Q1_straight,AQ3,1,25,410,0.0,0.6050433519967248,8.706353049620283,9.052587079176101,6.050715484207103e-15,-0.0041442054173621845,2.5359938243591023,0.0,0.0,0.5699999928474426,0.0,0.0
train,108,friction_mid,Q1_straight,AQ3,1,28,411,0.0,0.5454633501380547,9.405421491710095,9.652376734289694,6.161737786669619e-15,-0.004851795318422197,2.583622961498519,0.0,0.0,0.6000000238418579,0.0,0.0
train,108,friction_mid,Q1_straight,AQ3,1,31,412,0.0,0.5061401992732467,10.989499149450207,9.454113300416214,5.3915205633359164e-15,-0.004615926700681228,2.706310137054267,0.0,0.0,0.5900000333786011,0.0,0.0
train,108,friction_mid,Q1_straight,AQ3,1,34,413,0.0,0.47658675527650807,10.624686714902074,8.891085454875324,6.3352101342672995e-15,-0.00394955124741414,2.5243985996690097,0.0,0.0,0.5600000619888306,0.0,0.0
train,108,friction_mid,Q1_straight,AQ3,1,36,414,0.0,0.4570858545248897,10.583850787224891,8.544888762361705,6.265821195228227e-15,-0.003534599243859682,2.193386878741822,0.0,0.0,0.5400000810623169,0.0,0.0
train,108,friction_mid,Q1_straight,AQ3,1,39,415,0.0,0.4403901398095593,9.866459028632828,8.0735454621481,5.7245874707234634e-15,-0.0029618494908004722,2.3508601598801135,0.0,0.0,0.5100000500679016,0.0,0.0
train,109,friction_mid,Q2_lateral,AQ3,1,20,416,0.0,0.0,6.117910782446123,-3.233730900119233,3.860385030740198,-6.259524324860599,4.649089992379374,0.0,0.0,0.0,0.11249999701976776,0.0
train,109,friction_mid,Q2_lateral,AQ3,1,23,417,0.0,0.0,6.119460367449689,-4.352877615519505,6.137790103268421,-4.9527258396179485,4.042017667780488,0.0,0.0,0.0,0.07500000298023224,0.0
train,109,friction_mid,Q2_lateral,AQ3,1,25,418,0.0,0.0,5.955288635320102,-4.933111120596539,7.329733891604132,-3.619084956965033,4.403499627155588,0.0,0.0,0.0,0.05000000074505806,0.0
train,109,friction_mid,Q2_lateral,AQ3,1,28,419,0.0,0.0,5.9728402392206315,-5.570162473592507,8.630902810610653,-1.0867881652659888,4.878921348084291,0.0,0.0,0.0,0.012500000186264515,0.0
train,109,friction_mid,Q2_lateral,AQ3,1,31,420,0.0,0.0,8.607698941317661,-5.545004852772495,8.57434796298228,1.383557724847488,4.896178266387834,0.0,0.0,0.0,-0.03750000149011612,0.0
train,109,friction_mid,Q2_lateral,AQ3,1,34,421,0.0,0.0,8.575400663848585,-4.858592148693346,7.167253380672277,3.8902818647643715,4.3813271757377885,0.0,0.0,0.0,-0.07500000298023224,0.0
train,109,friction_mid,Q2_lateral,AQ3,1,36,422,0.0,0.0,10.258489283129403,-4.2431959662439045,5.9040504394917095,5.18918540781446,4.061173768669722,0.0,0.0,0.0,-0.10000000149011612,0.0
train,109,friction_mid,Q2_lateral,AQ3,1,39,423,0.0,0.0,9.52376919456428,-3.078075953581273,3.536214170492521,6.306375989520409,5.10355511820527,0.0,0.0,0.0,-0.13750000298023224,0.0
train,110,friction_mid,Q3_turn,AQ3,1,20,424,0.0,0.0,6.117910782445936,-3.233730900119227,-3.860385030740202,-6.259524315632753,4.649089992379362,0.0,0.0,0.0,0.0,0.18000002205371857
train,110,friction_mid,Q3_turn,AQ3,1,23,425,0.0,0.0,6.119460367449566,-4.352877615519497,-6.137790103268428,-4.952725832325211,4.04201766778046,0.0,0.0,0.0,0.0,0.12000001966953278
train,110,friction_mid,Q3_turn,AQ3,1,25,426,0.0,0.0,5.955288635320111,-4.933111120596528,-7.329733891604133,-3.6190849516431696,4.403499627155605,0.0,0.0,0.0,0.0,0.08000001311302185
train,110,friction_mid,Q3_turn,AQ3,1,28,427,0.0,0.0,5.9728402392208535,-5.570162473592495,-8.630902810610658,-1.086788163682665,4.878921348084282,0.0,0.0,0.0,0.0,0.02000001072883606
train,110,friction_mid,Q3_turn,AQ3,1,31,428,0.0,0.0,8.60769894131767,-5.5450048527724825,-8.574347962982282,1.3835577227887361,4.896178266387836,0.0,0.0,0.0,0.0,-0.059999994933605194
train,110,friction_mid,Q3_turn,AQ3,1,34,429,0.0,0.0,8.575400663848464,-4.858592148693338,-7.167253380672281,3.8902818590149146,4.381327175737753,0.0,0.0,0.0,0.0,-0.12000000476837158
train,110,friction_mid,Q3_turn,AQ3,1,36,430,0.0,0.0,10.258489283130626,-4.243195966243901,-5.904050439491717,5.189185400154627,4.061173768669729,0.0,0.0,0.0,0.0,-0.1599999964237213
train,110,friction_mid,Q3_turn,AQ3,1,39,431,0.0,0.0,9.523769194563412,-3.078075953581274,-3.53621417049253,6.306375980221973,5.103555118205255,0.0,0.0,0.0,0.0,-0.2199999988079071
train,112,friction_mid,Q1_straight,AQ4,0,20,432,0.0,0.0,6.223340966974535,7.989285258689109,4.440892098500626e-15,-0.0028743346386071456,2.078005039828399,0.0,0.0,0.5099999904632568,0.0,0.0
train,112,friction_mid,Q1_straight,AQ4,0,23,433,0.0,0.0,6.2509296091140545,8.499429080476522,5.440092820663267e-15,-0.0034882419605834214,2.311874359014365,0.0,0.0,0.5400000214576721,0.0,0.0
train,112,friction_mid,Q1_straight,AQ4,0,25,434,0.0,0.0,6.277469663840234,8.869786080225335,6.036837696399289e-15,-0.003928974293361087,2.58089383371055,0.0,0.0,0.5600000023841858,0.0,0.0
train,112,friction_mid,Q1_straight,AQ4,0,28,435,0.0,0.0,6.271821508809682,9.468298710951535,6.022959908591474e-15,-0.004633918601418291,2.5901580959699713,0.0,0.0,0.5900000333786011,0.0,0.0
train,112,friction_mid,Q1_straight,AQ4,0,31,436,0.0,0.0,6.2939017381130995,9.265379372896039,5.1833537462186996e-15,-0.004392512929609627,2.6999654573163734,0.0,0.0,0.5800000429153442,0.0,0.0
train,112,friction_mid,Q1_straight,AQ4,0,34,437,0.0,0.0,6.132197177597876,8.709705118363253,6.529499163576702e-15,-0.003733470532801597,2.464116187678129,0.0,0.0,0.5500000715255737,0.0,0.0
train,112,friction_mid,Q1_straight,AQ4,0,36,438,0.0,0.0,6.3394018244479176,8.368279901261882,6.321332346459485e-15,-0.003324443449788217,2.150738326707641,0.0,0.0,0.5300000309944153,0.0,0.0
train,112,friction_mid,Q1_straight,AQ4,0,39,439,0.0,0.0,5.6047150621297686,7.900665722371384,5.405398351143731e-15,-0.0027566300153812895,2.414017289263168,0.0,0.0,0.5,0.0,0.0
train,113,friction_mid,Q2_lateral,AQ4,0,20,440,0.0,0.0,6.117910782446123,-3.233730900119233,3.860385030740198,-6.259524324860599,4.649089992379374,0.0,0.0,0.0,0.11249999701976776,0.0
train,113,friction_mid,Q2_lateral,AQ4,0,23,441,0.0,0.0,6.119460367449689,-4.352877615519505,6.137790103268421,-4.9527258396179485,4.042017667780488,0.0,0.0,0.0,0.07500000298023224,0.0
train,113,friction_mid,Q2_lateral,AQ4,0,25,442,0.0,0.0,5.955288635320102,-4.933111120596539,7.329733891604132,-3.619084956965033,4.403499627155589,0.0,0.0,0.0,0.05000000074505806,0.0
train,113,friction_mid,Q2_lateral,AQ4,0,28,443,0.0,0.0,5.972840239220633,-5.570162473592507,8.630902810610657,-1.0867881652659888,4.87892134808429,0.0,0.0,0.0,0.012500000186264515,0.0
train,113,friction_mid,Q2_lateral,AQ4,0,31,444,0.0,0.0,6.72073972454863,-5.401763284636339,8.289748401862907,1.6994322178061274,4.927881052923751,0.0,0.0,0.0,-0.02500000037252903,0.0
train,113,friction_mid,Q2_lateral,AQ4,0,34,445,0.0,0.0,6.706890266889865,-4.7033878084653935,6.855318447889167,4.119448816265222,4.280027460734625,0.0,0.0,0.0,-0.0625,0.0
train,113,friction_mid,Q2_lateral,AQ4,0,36,446,0.0,0.0,6.686475732817763,-4.081292007519641,5.578956002549776,5.343628071003174,3.984131984090458,0.0,0.0,0.0,-0.08749999850988388,0.0
train,113,friction_mid,Q2_lateral,AQ4,0,39,447,0.0,0.0,6.556427857973985,-2.9223565818336295,3.223081613704784,6.332559869707952,5.150349561933439,0.0,0.0,0.0,-0.125,0.0
train,114,friction_mid,Q3_turn,AQ4,0,20,448,0.0,0.0,6.117910782445936,-3.233730900119227,-3.860385030740202,-6.259524315632753,4.649089992379362,0.0,0.0,0.0,0.0,0.18000002205371857
train,114,friction_mid,Q3_turn,AQ4,0,23,449,0.0,0.0,6.119460367449567,-4.352877615519499,-6.137790103268429,-4.952725832325209,4.042017667780461,0.0,0.0,0.0,0.0,0.12000001966953278
train,114,friction_mid,Q3_turn,AQ4,0,25,450,0.0,0.0,5.955288635320111,-4.933111120596528,-7.329733891604133,-3.6190849516431696,4.403499627155605,0.0,0.0,0.0,0.0,0.08000001311302185
train,114,friction_mid,Q3_turn,AQ4,0,28,451,0.0,0.0,5.9728402392208535,-5.570162473592495,-8.630902810610658,-1.086788163682665,4.878921348084282,0.0,0.0,0.0,0.0,0.02000001072883606
train,114,friction_mid,Q3_turn,AQ4,0,31,452,0.0,0.0,6.720739724548634,-5.4017632846363295,-8.28974840186291,1.6994322152825934,4.92788105292375,0.0,0.0,0.0,0.0,-0.03999999538064003
train,114,friction_mid,Q3_turn,AQ4,0,34,453,0.0,0.0,6.706890266889699,-4.703387808465385,-6.855318447889166,4.11944881017897,4.280027460734587,0.0,0.0,0.0,0.0,-0.10000000149011612
train,114,friction_mid,Q3_turn,AQ4,0,36,454,0.0,0.0,6.686475732817902,-4.081292007519638,-5.578956002549783,5.3436280631167605,3.984131984090474,0.0,0.0,0.0,0.0,-0.14000001549720764
train,114,friction_mid,Q3_turn,AQ4,0,39,455,0.0,0.0,6.5564278579737145,-2.922356581833632,-3.2230816137047955,6.332559860372006,5.150349561933416,0.0,0.0,0.0,0.0,-0.20000000298023224
train,116,friction_mid,Q1_straight,AQ4,1,20,456,0.0,0.6256013192635259,11.100599400551994,7.650784235876072,4.2396641752873165e-15,-0.0024720450916422346,2.589679493503779,0.0,0.0,0.4899999499320984,0.0,0.0
train,116,friction_mid,Q1_straight,AQ4,1,23,457,0.0,0.8147380441323216,11.44354043914864,8.332722037371312,4.621303340002214e-15,-0.003288075863315726,2.200211324833613,0.0,0.0,0.5299999713897705,0.0,0.0
train,116,friction_mid,Q1_straight,AQ4,1,26,458,0.0,0.6508511970874246,10.704620921972039,8.85864016562625,6.050715484207103e-15,-0.003916428164868507,2.5279346548478623,0.0,0.0,0.5600000023841858,0.0,0.0
train,116,friction_mid,Q1_straight,AQ4,1,29,459,0.0,0.7870968026324123,11.276259860431143,9.441447088412113,5.981326545168031e-15,-0.004604151343184731,2.732874468073418,0.0,0.0,0.5900000333786011,0.0,0.0
train,116,friction_mid,Q1_straight,AQ4,1,31,460,0.0,0.872871560943971,9.73271567566622,9.861270441682764,6.022959908591474e-15,-0.005087218127678678,2.4348262478260327,0.0,0.0,0.6100000143051147,0.0,0.0
train,116,friction_mid,Q1_straight,AQ4,1,34,461,0.0,0.700319608950395,11.060894900723639,9.265520142200927,5.918876500032866e-15,-0.0043914271249270165,2.7293936156908636,0.0,0.0,0.5800000429153442,0.0,0.0
train,116,friction_mid,Q1_straight,AQ4,1,37,462,0.0,0.5735458856308189,11.561682039331375,8.722814896490682,6.654399253847032e-15,-0.0037443909126497754,2.299342861875366,0.0,0.0,0.5500000715255737,0.0,0.0
train,116,friction_mid,Q1_straight,AQ4,1,40,463,0.0,0.5203959135032333,11.186346214894538,8.25447391613777,5.918876500032866e-15,-0.0031772653316886057,2.3829759000701825,0.0,0.0,0.5200000405311584,0.0,0.0
train,117,friction_mid,Q2_lateral,AQ4,1,20,464,0.0,1.1446864286458827,11.718151381224828,-2.6666232692335647,2.722312852738448,-6.258271453073105,5.810407953481503,0.0,0.0,0.0,0.11249999701976776,0.0
train,117,friction_mid,Q2_lateral,AQ4,1,23,465,0.0,1.2581976564052666,14.285720256675463,-3.8266406631207297,5.070648191420684,-5.533972574382185,4.3690389117123685,0.0,0.0,0.0,0.07500000298023224,0.0
train,117,friction_mid,Q2_lateral,AQ4,1,26,466,0.0,0.9343757148525764,11.996316116238216,-4.775106039345401,7.012108771954432,-3.819568107777325,4.435795465054107,0.0,0.0,0.0,0.03750000149011612,0.0
train,117,friction_mid,Q2_lateral,AQ4,1,29,467,0.0,0.9999999999999938,12.120301601076681,-5.42295171726478,8.337110594451575,-1.3785046860516195,5.022409057271691,0.0,0.0,0.0,0.0,0.0
train,117,friction_mid,Q2_lateral,AQ4,1,32,468,0.0,0.0,8.607698941317661,-5.545004852772495,8.57434796298228,1.383557724847488,4.896178266387834,0.0,0.0,0.0,-0.03750000149011612,0.0
train,117,friction_mid,Q2_lateral,AQ4,1,35,469,0.0,0.0,8.575400663848585,-4.858592148693346,7.167253380672277,3.8902818647643715,4.3813271757377885,0.0,0.0,0.0,-0.07500000298023224,0.0
train,117,friction_mid,Q2_lateral,AQ4,1,38,470,0.0,0.0,10.612766238601441,-3.8693885593830157,5.143521704602013,5.659268007397966,4.317067658960215,0.0,0.0,0.0,-0.11249999701976776,0.0
train,117,friction_mid,Q2_lateral,AQ4,1,41,471,0.0,0.0,10.4396621384362,-2.609866795685222,2.6005622571510485,6.349882362987945,6.065295795144721,0.0,0.0,0.0,-0.15000000596046448,0.0
train,118,friction_mid,Q3_turn,AQ4,1,20,472,0.0,1.1446864286458767,11.718151381224772,-2.666623269233558,-2.722312852738445,-6.258271443843153,5.810407953481518,0.0,0.0,0.0,0.0,0.18000000715255737
train,118,friction_mid,Q3_turn,AQ4,1,23,473,0.0,1.2581976564052706,14.285720256674269,-3.8266406631207213,-5.070648191420685,-5.53397256622859,4.369038911712345,0.0,0.0,0.0,0.0,0.12000000476837158
train,118,friction_mid,Q3_turn,AQ4,1,26,474,0.0,0.9343757148525675,11.996316116239264,-4.775106039345392,-7.01210877195444,-3.8195681021587458,4.43579546505412,0.0,0.0,0.0,0.0,0.06000000983476639
train,118,friction_mid,Q3_turn,AQ4,1,29,475,0.0,0.9999999999999976,12.120301601079545,-5.422951717264769,-8.337110594451575,-1.37850468403718,5.0224090572716795,0.0,0.0,0.0,0.0,8.940697071579962e-09
train,118,friction_mid,Q3_turn,AQ4,1,32,476,0.0,0.0,8.60769894131767,-5.5450048527724825,-8.574347962982282,1.3835577227887361,4.896178266387836,0.0,0.0,0.0,0.0,-0.059999994933605194
train,118,friction_mid,Q3_turn,AQ4,1,35,477,0.0,0.0,8.575400663848464,-4.858592148693338,-7.167253380672281,3.8902818590149146,4.381327175737753,0.0,0.0,0.0,0.0,-0.12000000476837158
train,118,friction_mid,Q3_turn,AQ4,1,38,478,0.0,0.0,10.61276623860137,-3.869388559383015,-5.1435217046020245,5.659267999047807,4.31706765896023,0.0,0.0,0.0,0.0,-0.18000000715255737
train,118,friction_mid,Q3_turn,AQ4,1,41,479,0.0,0.0,10.43966213843624,-2.609866795685228,-2.6005622571510676,6.34988235362856,6.065295795144688,0.0,0.0,0.0,0.0,-0.24000000953674316
train,160,friction_low,Q1_straight,AQ0,0,20,480,0.0,0.0,6.223340966974535,7.989285258689109,4.440892098500626e-15,-0.0028743346386071456,2.0780050398283993,0.0,0.0,0.5099999904632568,0.0,0.0
train,160,friction_low,Q1_straight,AQ0,0,23,481,0.0,0.0,6.2509296091140545,8.499429080476522,5.440092820663267e-15,-0.0034882419605834214,2.311874359014365,0.0,0.0,0.5400000214576721,0.0,0.0
train,160,friction_low,Q1_straight,AQ0,0,25,482,0.0,0.0,6.277469663840234,8.869786080225337,6.0645932720149176e-15,-0.0039289742933612815,2.58089383371055,0.0,0.0,0.5600000023841858,0.0,0.0
train,160,friction_low,Q1_straight,AQ0,0,28,483,0.0,0.0,6.271821508809682,9.468298710951535,6.022959908591474e-15,-0.004633918601418291,2.5901580959699713,0.0,0.0,0.5900000333786011,0.0,0.0
train,160,friction_low,Q1_straight,AQ0,0,31,484,0.0,0.0,6.2939017381130995,9.265379372896039,5.1833537462186996e-15,-0.004392512929609627,2.6999654573163734,0.0,0.0,0.5800000429153442,0.0,0.0
train,160,friction_low,Q1_straight,AQ0,0,34,485,0.0,0.0,6.132197177597876,8.709705118363253,6.529499163576702e-15,-0.003733470532801597,2.464116187678129,0.0,0.0,0.5500000715255737,0.0,0.0
train,160,friction_low,Q1_straight,AQ0,0,36,486,0.0,0.0,6.3394018244479176,8.368279901261882,6.321332346459485e-15,-0.003324443449788217,2.150738326707641,0.0,0.0,0.5300000309944153,0.0,0.0
train,160,friction_low,Q1_straight,AQ0,0,39,487,0.0,0.0,5.6047150621297686,7.900665722371384,5.405398351143731e-15,-0.0027566300153812895,2.414017289263168,0.0,0.0,0.5,0.0,0.0
train,161,friction_low,Q2_lateral,AQ0,0,20,488,0.0,0.0,6.117910782446123,-3.233730900119233,3.860385030740198,-6.259524324860599,4.649089992379374,0.0,0.0,0.0,0.11249999701976776,0.0
train,161,friction_low,Q2_lateral,AQ0,0,23,489,0.0,0.0,6.119460367449689,-4.352877615519505,6.137790103268421,-4.9527258396179485,4.042017667780488,0.0,0.0,0.0,0.07500000298023224,0.0
train,161,friction_low,Q2_lateral,AQ0,0,25,490,0.0,0.0,5.955288635320102,-4.933111120596539,7.329733891604132,-3.619084956965033,4.403499627155589,0.0,0.0,0.0,0.05000000074505806,0.0
train,161,friction_low,Q2_lateral,AQ0,0,28,491,0.0,0.0,5.972840239220633,-5.570162473592507,8.630902810610657,-1.0867881652659888,4.87892134808429,0.0,0.0,0.0,0.012500000186264515,0.0
train,161,friction_low,Q2_lateral,AQ0,0,31,492,0.0,0.0,6.72073972454863,-5.401763284636339,8.289748401862907,1.6994322178061274,4.92788105292375,0.0,0.0,0.0,-0.02500000037252903,0.0
train,161,friction_low,Q2_lateral,AQ0,0,34,493,0.0,0.0,6.7068902668898644,-4.7033878084653935,6.855318447889167,4.119448816265222,4.280027460734625,0.0,0.0,0.0,-0.0625,0.0
train,161,friction_low,Q2_lateral,AQ0,0,36,494,0.0,0.0,6.686475732817764,-4.081292007519644,5.578956002549777,5.34362807100317,3.9841319840904585,0.0,0.0,0.0,-0.08749999850988388,0.0
train,161,friction_low,Q2_lateral,AQ0,0,39,495,0.0,0.0,6.556427857973985,-2.9223565818336295,3.223081613704784,6.332559869707952,5.150349561933439,0.0,0.0,0.0,-0.125,0.0
train,162,friction_low,Q3_turn,AQ0,0,20,496,0.0,0.0,6.117910782445936,-3.233730900119227,-3.860385030740202,-6.259524315632753,4.649089992379362,0.0,0.0,0.0,0.0,0.18000002205371857
train,162,friction_low,Q3_turn,AQ0,0,23,497,0.0,0.0,6.119460367449566,-4.352877615519497,-6.137790103268428,-4.952725832325211,4.04201766778046,0.0,0.0,0.0,0.0,0.12000001966953278
train,162,friction_low,Q3_turn,AQ0,0,25,498,0.0,0.0,5.955288635320111,-4.933111120596528,-7.329733891604133,-3.6190849516431696,4.403499627155605,0.0,0.0,0.0,0.0,0.08000001311302185
train,162,friction_low,Q3_turn,AQ0,0,28,499,0.0,0.0,5.9728402392208535,-5.570162473592495,-8.630902810610658,-1.086788163682665,4.878921348084282,0.0,0.0,0.0,0.0,0.02000001072883606
train,162,friction_low,Q3_turn,AQ0,0,31,500,0.0,0.0,6.720739724548634,-5.4017632846363295,-8.28974840186291,1.6994322152825934,4.92788105292375,0.0,0.0,0.0,0.0,-0.03999999538064003
train,162,friction_low,Q3_turn,AQ0,0,34,501,0.0,0.0,6.706890266889699,-4.703387808465385,-6.855318447889166,4.11944881017897,4.280027460734587,0.0,0.0,0.0,0.0,-0.10000000149011612
train,162,friction_low,Q3_turn,AQ0,0,36,502,0.0,0.0,6.686475732817902,-4.081292007519638,-5.578956002549783,5.3436280631167605,3.984131984090474,0.0,0.0,0.0,0.0,-0.14000001549720764
train,162,friction_low,Q3_turn,AQ0,0,39,503,0.0,0.0,6.5564278579737145,-2.922356581833632,-3.2230816137047955,6.332559860372006,5.150349561933416,0.0,0.0,0.0,0.0,-0.20000000298023224
train,164,friction_low,Q1_straight,AQ0,1,20,504,0.0,0.527576065117545,12.12320984449514,7.4953083014366655,3.7539416020138106e-15,-0.0022849453596329797,2.878594543420807,0.0,0.0,0.48000001907348633,0.0,0.0
train,164,friction_low,Q1_straight,AQ0,1,23,505,0.0,0.7872097386010755,12.42578424788287,8.3598756195937,4.912736883966318e-15,-0.0033114730577697427,2.3225726497487518,0.0,0.0,0.5300000309944153,0.0,0.0
train,164,friction_low,Q1_straight,AQ0,1,26,506,0.0,0.466442789164584,11.138733078092125,8.872651499345105,5.745404152435185e-15,-0.003926867723478417,2.503198244279269,0.0,0.0,0.5600000619888306,0.0,0.0
train,164,friction_low,Q1_straight,AQ0,1,29,507,0.0,0.493516193826039,12.102969360850253,9.466777706959734,6.25888230132432e-15,-0.004630234408498329,2.6766925172992098,0.0,0.0,0.5900000333786011,0.0,0.0
train,164,friction_low,Q1_straight,AQ0,1,31,508,0.0,0.5454633501380547,9.62617417609129,9.661123376653562,5.953570969552402e-15,-0.004854187437000418,2.472783570804313,0.0,0.0,0.6000000238418579,0.0,0.0
train,164,friction_low,Q1_straight,AQ0,1,34,509,0.0,0.715859983526274,11.441858817284738,9.07346701498879,5.2388648974499574e-15,-0.004168195920474953,2.7853573359752195,0.0,0.0,0.5699999928474426,0.0,0.0
train,164,friction_low,Q1_straight,AQ0,1,37,510,0.0,0.6050433519967248,9.31486714552678,8.526904119412489,6.529499163576702e-15,-0.003518239408800694,2.4354675975646893,0.0,0.0,0.5400000810623169,0.0,0.0
train,164,friction_low,Q1_straight,AQ0,1,40,511,0.0,0.7022813226569156,11.079655896337453,8.024536799594388,6.113165529342268e-15,-0.002916021093766874,2.193962176453182,0.0,0.0,0.5100000500679016,0.0,0.0
train,165,friction_low,Q2_lateral,AQ0,1,20,512,0.0,0.7807200583588265,11.497841926275976,-2.165041221145904,1.7145649632720745,-6.215427651672392,7.340498320867203,0.0,0.0,0.0,0.17499999701976776,0.0
train,165,friction_low,Q2_lateral,AQ0,1,23,513,0.0,0.8876720657463656,13.747171184917692,-3.565701905428317,4.52406322961996,-6.061203907828382,4.779998850963464,0.0,0.0,0.0,0.13750000298023224,0.0
train,165,friction_low,Q2_lateral,AQ0,1,26,514,0.0,0.9343757148525764,12.221236664814798,-4.67066178934598,6.7766226546112796,-4.569858968125156,4.243438262942395,0.0,0.0,0.0,0.10000000149011612,0.0
train,165,friction_low,Q2_lateral,AQ0,1,29,515,0.0,0.9999999999999938,12.379601635871843,-5.453898538156274,8.381668925041762,-2.2276999051757014,4.838432712694928,0.0,0.0,0.0,0.0625,0.0
train,165,friction_low,Q2_lateral,AQ0,1,32,516,0.0,1.3856406460551018,14.437134830635586,-5.7065214157092665,8.898082448889499,-0.1454317471961594,4.952390989909546,0.0,0.0,0.0,0.0,0.0
train,165,friction_low,Q2_lateral,AQ0,1,35,517,0.0,1.4034427793696298,14.579584146305214,-5.178684237660955,7.832249271757119,2.535109079559946,4.940928304288718,0.0,0.0,0.0,-0.03750000149011612,0.0
train,165,friction_low,Q2_lateral,AQ0,1,38,518,0.0,1.454044836580353,14.600010368356457,-4.397237955050033,6.226661872031426,4.753184336645634,4.195567984649072,0.0,0.0,0.0,-0.07500000298023224,0.0
train,165,friction_low,Q2_lateral,AQ0,1,41,519,0.0,1.561440116717653,13.488275617269457,-3.31751153886687,4.026712843898446,6.077440219432371,4.759302615332804,0.0,0.0,0.0,-0.11249999701976776,0.0
train,166,friction_low,Q3_turn,AQ0,1,20,520,0.0,0.7807200583588219,11.49784192627593,-2.165041221145892,-1.7145649632720654,-6.215427642502094,7.3404983208672325,0.0,0.0,0.0,0.0,0.2800000309944153
train,166,friction_low,Q3_turn,AQ0,1,23,521,0.0,0.8876720657463713,13.747171184917098,-3.5657019054283143,-4.52406322961997,-6.061203898895217,4.779998850963449,0.0,0.0,0.0,0.0,0.2200000286102295
train,166,friction_low,Q3_turn,AQ0,1,26,522,0.0,0.9343757148525675,12.221236664814734,-4.670661789345967,-6.776622654611278,-4.569858961399172,4.24343826294238,0.0,0.0,0.0,0.0,0.1600000113248825
train,166,friction_low,Q3_turn,AQ0,1,29,523,0.0,0.9999999999999976,12.379601635872575,-5.453898538156262,-8.381668925041765,-2.2276999019090873,4.838432712694929,0.0,0.0,0.0,0.0,0.10000002384185791
train,166,friction_low,Q3_turn,AQ0,1,32,524,0.0,1.3856406460551047,14.437134830634427,-5.706521415709253,-8.898082448889493,-0.14543174700164516,4.952390989909541,0.0,0.0,0.0,0.0,1.1920929132713809e-08
train,166,friction_low,Q3_turn,AQ0,1,35,525,0.0,1.4034427793696236,14.579584146304907,-5.1786842376609465,-7.83224927175712,2.5351090758059875,4.940928304288711,0.0,0.0,0.0,0.0,-0.059999994933605194
train,166,friction_low,Q3_turn,AQ0,1,38,526,0.0,1.4540448365803496,14.600010368357111,-4.397237955050029,-6.226661872031431,4.753184329627354,4.195567984649054,0.0,0.0,0.0,0.0,-0.12000000476837158
train,166,friction_low,Q3_turn,AQ0,1,41,527,0.0,1.5614401167176435,13.488275617269615,-3.3175115388668677,-4.026712843898452,6.077440210469651,4.759302615332804,0.0,0.0,0.0,0.0,-0.18000000715255737
train,168,friction_low,Q1_straight,AQ1,0,20,528,0.0,0.0,6.223340966974535,7.989285258689109,4.440892098500626e-15,-0.0028743346386071456,2.0780050398283993,0.0,0.0,0.5099999904632568,0.0,0.0
train,168,friction_low,Q1_straight,AQ1,0,23,529,0.0,0.0,6.2509296091140545,8.499429080476522,5.440092820663267e-15,-0.0034882419605834214,2.311874359014365,0.0,0.0,0.5400000214576721,0.0,0.0
train,168,friction_low,Q1_straight,AQ1,0,25,530,0.0,0.0,6.277469663840234,8.869786080225337,6.0645932720149176e-15,-0.0039289742933612815,2.58089383371055,0.0,0.0,0.5600000023841858,0.0,0.0
train,168,friction_low,Q1_straight,AQ1,0,28,531,0.0,0.0,6.271821508809682,9.468298710951535,6.022959908591474e-15,-0.004633918601418291,2.5901580959699713,0.0,0.0,0.5900000333786011,0.0,0.0
train,168,friction_low,Q1_straight,AQ1,0,31,532,0.0,0.0,6.2939017381130995,9.265379372896039,5.1833537462186996e-15,-0.004392512929609627,2.6999654573163734,0.0,0.0,0.5800000429153442,0.0,0.0
train,168,friction_low,Q1_straight,AQ1,0,34,533,0.0,0.0,6.132197177597876,8.709705118363253,6.529499163576702e-15,-0.003733470532801597,2.464116187678129,0.0,0.0,0.5500000715255737,0.0,0.0
train,168,friction_low,Q1_straight,AQ1,0,36,534,0.0,0.0,6.3394018244479176,8.368279901261882,6.321332346459485e-15,-0.003324443449788217,2.150738326707641,0.0,0.0,0.5300000309944153,0.0,0.0
train,168,friction_low,Q1_straight,AQ1,0,39,535,0.0,0.0,5.6047150621297686,7.900665722371384,5.405398351143731e-15,-0.0027566300153812895,2.414017289263168,0.0,0.0,0.5,0.0,0.0
train,169,friction_low,Q2_lateral,AQ1,0,20,536,0.0,0.0,6.117910782446123,-3.233730900119233,3.860385030740198,-6.259524324860599,4.649089992379374,0.0,0.0,0.0,0.11249999701976776,0.0
train,169,friction_low,Q2_lateral,AQ1,0,23,537,0.0,0.0,6.119460367449689,-4.352877615519505,6.137790103268421,-4.9527258396179485,4.042017667780488,0.0,0.0,0.0,0.07500000298023224,0.0
train,169,friction_low,Q2_lateral,AQ1,0,25,538,0.0,0.0,5.955288635320102,-4.933111120596539,7.329733891604132,-3.619084956965033,4.403499627155588,0.0,0.0,0.0,0.05000000074505806,0.0
train,169,friction_low,Q2_lateral,AQ1,0,28,539,0.0,0.0,5.9728402392206315,-5.570162473592507,8.630902810610653,-1.0867881652659888,4.878921348084291,0.0,0.0,0.0,0.012500000186264515,0.0
train,169,friction_low,Q2_lateral,AQ1,0,31,540,0.0,0.0,6.72073972454863,-5.401763284636339,8.289748401862907,1.6994322178061274,4.927881052923751,0.0,0.0,0.0,-0.02500000037252903,0.0
train,169,friction_low,Q2_lateral,AQ1,0,34,541,0.0,0.0,6.706890266889865,-4.7033878084653935,6.855318447889167,4.119448816265222,4.280027460734625,0.0,0.0,0.0,-0.0625,0.0
train,169,friction_low,Q2_lateral,AQ1,0,36,542,0.0,0.0,6.686475732817763,-4.081292007519641,5.578956002549776,5.343628071003174,3.984131984090458,0.0,0.0,0.0,-0.08749999850988388,0.0
train,169,friction_low,Q2_lateral,AQ1,0,39,543,0.0,0.0,6.556427857973985,-2.9223565818336295,3.223081613704784,6.332559869707952,5.150349561933439,0.0,0.0,0.0,-0.125,0.0
train,170,friction_low,Q3_turn,AQ1,0,20,544,0.0,0.0,6.117910782445936,-3.233730900119227,-3.860385030740202,-6.259524315632753,4.649089992379362,0.0,0.0,0.0,0.0,0.18000002205371857
train,170,friction_low,Q3_turn,AQ1,0,23,545,0.0,0.0,6.119460367449566,-4.352877615519497,-6.137790103268428,-4.952725832325211,4.04201766778046,0.0,0.0,0.0,0.0,0.12000001966953278
train,170,friction_low,Q3_turn,AQ1,0,25,546,0.0,0.0,5.955288635320111,-4.933111120596528,-7.329733891604133,-3.6190849516431696,4.403499627155605,0.0,0.0,0.0,0.0,0.08000001311302185
train,170,friction_low,Q3_turn,AQ1,0,28,547,0.0,0.0,5.9728402392208535,-5.570162473592495,-8.630902810610658,-1.086788163682665,4.878921348084282,0.0,0.0,0.0,0.0,0.02000001072883606
train,170,friction_low,Q3_turn,AQ1,0,31,548,0.0,0.0,6.720739724548634,-5.4017632846363295,-8.28974840186291,1.6994322152825934,4.92788105292375,0.0,0.0,0.0,0.0,-0.03999999538064003
train,170,friction_low,Q3_turn,AQ1,0,34,549,0.0,0.0,6.706890266889699,-4.703387808465385,-6.855318447889166,4.11944881017897,4.280027460734587,0.0,0.0,0.0,0.0,-0.10000000149011612
train,170,friction_low,Q3_turn,AQ1,0,36,550,0.0,0.0,6.686475732817902,-4.081292007519638,-5.578956002549783,5.3436280631167605,3.984131984090474,0.0,0.0,0.0,0.0,-0.14000001549720764
train,170,friction_low,Q3_turn,AQ1,0,39,551,0.0,0.0,6.5564278579737145,-2.922356581833632,-3.2230816137047955,6.332559860372006,5.150349561933416,0.0,0.0,0.0,0.0,-0.20000000298023224
train,172,friction_low,Q1_straight,AQ1,1,20,552,0.0,0.527576065117545,10.218266346170989,7.304087301063129,3.6290415117434804e-15,-0.0020601570433251906,2.9129664054267606,0.0,0.0,0.4699999690055847,0.0,0.0
train,172,friction_low,Q1_straight,AQ1,1,23,553,0.0,0.5367317978168022,11.266511430977326,8.384239320500951,4.947431353485854e-15,-0.003337129815278006,2.4650195359844904,0.0,0.0,0.5300000309944153,0.0,0.0
train,172,friction_low,Q1_straight,AQ1,1,27,554,0.0,0.466442789164584,11.481042431889263,9.051545259424529,5.9674487573602164e-15,-0.004139942926702167,2.511911094142001,0.0,0.0,0.5699999928474426,0.0,0.0
train,172,friction_low,Q1_straight,AQ1,1,30,555,0.0,0.493516193826039,11.662548075122091,9.652259607352972,6.328271240363392e-15,-0.004850352248889883,2.635268783173809,0.0,0.0,0.6000000238418579,0.0,0.0
train,172,friction_low,Q1_straight,AQ1,1,33,556,0.0,0.7423777672051126,9.590748814424984,9.648074331520592,5.745404152435185e-15,-0.004839681070398005,2.6099770688841772,0.0,0.0,0.6000000238418579,0.0,0.0
train,172,friction_low,Q1_straight,AQ1,1,36,557,0.0,0.700319608950395,10.795417846054317,9.072911021217326,5.918876500032866e-15,-0.004165599677867782,2.698934306906855,0.0,0.0,0.5699999928474426,0.0,0.0
train,172,friction_low,Q1_straight,AQ1,1,40,558,0.0,0.5598928918479364,11.040266190269124,8.381772161697178,6.251943407420413e-15,-0.003339236758806985,2.183846775666749,0.0,0.0,0.5300000309944153,0.0,0.0
train,172,friction_low,Q1_straight,AQ1,1,43,559,0.0,0.5128778864922836,10.917847262885255,7.711627823178894,5.197231534026514e-15,-0.0025330625820103522,2.548288798511651,0.0,0.0,0.49000000953674316,0.0,0.0
train,173,friction_low,Q2_lateral,AQ1,1,20,560,0.0,0.7807200583588265,11.287839837472756,-2.0453234285031057,1.4693156265691119,-6.100959766628371,7.488396551454709,0.0,0.0,0.0,0.16249999403953552,0.0
train,173,friction_low,Q2_lateral,AQ1,1,23,561,0.0,0.8800305571470801,12.743204849120408,-3.4001844993787027,4.192741268171583,-6.169683896472864,4.700289901798446,0.0,0.0,0.0,0.125,0.0
train,173,friction_low,Q2_lateral,AQ1,1,26,562,0.0,0.9237604307034013,11.854638567214028,-4.5126567080948385,6.458997534961582,-4.770342118937449,4.134419008684245,0.0,0.0,0.0,0.08749999850988388,0.0
train,173,friction_low,Q2_lateral,AQ1,1,29,563,0.0,0.9999999999999938,12.343405593042407,-5.306687781828547,8.08787670888268,-2.519416425961332,4.8287879624140375,0.0,0.0,0.0,0.05000000074505806,0.0
train,173,friction_low,Q2_lateral,AQ1,1,33,564,0.0,1.3857850061790586,14.574924439528003,-5.698816239699886,8.881020751377138,0.44876297041751056,4.963964174963982,0.0,0.0,0.0,-0.02500000037252903,0.0
train,173,friction_low,Q2_lateral,AQ1,1,36,565,0.0,1.4034427793696298,14.58094312525249,-5.098375768566542,7.6601194978738745,3.0875436900298787,4.776185924771163,0.0,0.0,0.0,-0.0625,0.0
train,173,friction_low,Q2_lateral,AQ1,1,39,566,0.0,0.0,10.258489283129403,-4.2431959662439045,5.9040504394917095,5.18918540781446,4.061173768669722,0.0,0.0,0.0,-0.10000000149011612,0.0
train,173,friction_low,Q2_lateral,AQ1,1,42,567,0.0,0.0,9.52376919456428,-3.078075953581273,3.536214170492521,6.306375989520409,5.10355511820527,0.0,0.0,0.0,-0.13750000298023224,0.0
train,174,friction_low,Q3_turn,AQ1,1,20,568,0.0,0.7807200583588219,11.287839837472422,-2.045323428503096,-1.469315626569105,-6.100959757625933,7.48839655145474,0.0,0.0,0.0,0.0,0.2600000202655792
train,174,friction_low,Q3_turn,AQ1,1,23,569,0.0,0.8800305571470867,12.743204849117554,-3.4001844993786987,-4.1927412681715905,-6.169683887378615,4.70028990179843,0.0,0.0,0.0,0.0,0.20000001788139343
train,174,friction_low,Q3_turn,AQ1,1,26,570,0.0,0.9237604307033973,11.854638567214622,-4.51265670809483,-6.458997534961585,-4.770342111914749,4.134419008684222,0.0,0.0,0.0,0.0,0.14000001549720764
train,174,friction_low,Q3_turn,AQ1,1,29,571,0.0,0.9999999999999976,12.343405593043657,-5.306687781828536,-8.087876708882684,-2.5194164222636015,4.828787962414039,0.0,0.0,0.0,0.0,0.08000002056360245
train,174,friction_low,Q3_turn,AQ1,1,33,572,0.0,1.3857850061790675,14.57492443952728,-5.698816239699871,-8.881020751377136,0.4487629697360155,4.963964174963981,0.0,0.0,0.0,0.0,-0.03999999165534973
train,174,friction_low,Q3_turn,AQ1,1,36,573,0.0,1.4034427793696236,14.580943125252347,-5.098375768566533,-7.660119497873876,3.087543685462135,4.776185924771147,0.0,0.0,0.0,0.0,-0.10000000149011612
train,174,friction_low,Q3_turn,AQ1,1,39,574,0.0,0.0,10.258489283130626,-4.243195966243901,-5.904050439491717,5.189185400154627,4.061173768669729,0.0,0.0,0.0,0.0,-0.1599999964237213
train,174,friction_low,Q3_turn,AQ1,1,42,575,0.0,0.0,9.523769194563412,-3.078075953581274,-3.53621417049253,6.306375980221973,5.103555118205255,0.0,0.0,0.0,0.0,-0.2199999988079071
train,176,friction_low,Q1_straight,AQ2,0,20,576,0.0,0.0,6.223340966974535,7.989285258689109,4.440892098500626e-15,-0.0028743346386071456,2.0780050398283993,0.0,0.0,0.5099999904632568,0.0,0.0
train,176,friction_low,Q1_straight,AQ2,0,23,577,0.0,0.0,6.2509296091140545,8.499429080476522,5.440092820663267e-15,-0.0034882419605834214,2.311874359014365,0.0,0.0,0.5400000214576721,0.0,0.0
train,176,friction_low,Q1_straight,AQ2,0,25,578,0.0,0.0,6.277469663840234,8.869786080225337,6.0645932720149176e-15,-0.0039289742933612815,2.58089383371055,0.0,0.0,0.5600000023841858,0.0,0.0
train,176,friction_low,Q1_straight,AQ2,0,28,579,0.0,0.0,6.271821508809682,9.468298710951535,6.022959908591474e-15,-0.004633918601418291,2.5901580959699713,0.0,0.0,0.5900000333786011,0.0,0.0
train,176,friction_low,Q1_straight,AQ2,0,31,580,0.0,0.0,6.2939017381130995,9.265379372896039,5.1833537462186996e-15,-0.004392512929609627,2.6999654573163734,0.0,0.0,0.5800000429153442,0.0,0.0
train,176,friction_low,Q1_straight,AQ2,0,34,581,0.0,0.0,6.132197177597876,8.709705118363253,6.529499163576702e-15,-0.003733470532801597,2.464116187678129,0.0,0.0,0.5500000715255737,0.0,0.0
train,176,friction_low,Q1_straight,AQ2,0,36,582,0.0,0.0,6.3394018244479176,8.368279901261882,6.321332346459485e-15,-0.003324443449788217,2.150738326707641,0.0,0.0,0.5300000309944153,0.0,0.0
train,176,friction_low,Q1_straight,AQ2,0,39,583,0.0,0.0,5.604715062129769,7.900665722371384,5.405398351143731e-15,-0.0027566300153812895,2.414017289263168,0.0,0.0,0.5,0.0,0.0
train,177,friction_low,Q2_lateral,AQ2,0,20,584,0.0,0.0,6.117910782446124,-3.233730900119232,3.860385030740198,-6.259524324860601,4.649089992379374,0.0,0.0,0.0,0.11249999701976776,0.0
train,177,friction_low,Q2_lateral,AQ2,0,23,585,0.0,0.0,6.119460367449689,-4.352877615519505,6.137790103268421,-4.9527258396179485,4.042017667780488,0.0,0.0,0.0,0.07500000298023224,0.0
train,177,friction_low,Q2_lateral,AQ2,0,25,586,0.0,0.0,5.955288635320102,-4.933111120596539,7.329733891604132,-3.619084956965033,4.403499627155589,0.0,0.0,0.0,0.05000000074505806,0.0
train,177,friction_low,Q2_lateral,AQ2,0,28,587,0.0,0.0,5.972840239220633,-5.570162473592507,8.630902810610657,-1.0867881652659888,4.87892134808429,0.0,0.0,0.0,0.012500000186264515,0.0
train,177,friction_low,Q2_lateral,AQ2,0,31,588,0.0,0.0,6.72073972454863,-5.401763284636339,8.289748401862907,1.6994322178061274,4.927881052923751,0.0,0.0,0.0,-0.02500000037252903,0.0
train,177,friction_low,Q2_lateral,AQ2,0,34,589,0.0,0.0,6.706890266889865,-4.7033878084653935,6.855318447889167,4.119448816265222,4.280027460734625,0.0,0.0,0.0,-0.0625,0.0
train,177,friction_low,Q2_lateral,AQ2,0,36,590,0.0,0.0,6.686475732817763,-4.081292007519641,5.578956002549776,5.343628071003174,3.984131984090458,0.0,0.0,0.0,-0.08749999850988388,0.0
train,177,friction_low,Q2_lateral,AQ2,0,39,591,0.0,0.0,6.556427857973985,-2.9223565818336295,3.223081613704784,6.332559869707952,5.150349561933439,0.0,0.0,0.0,-0.125,0.0
train,178,friction_low,Q3_turn,AQ2,0,20,592,0.0,0.0,6.117910782445936,-3.233730900119227,-3.860385030740202,-6.259524315632753,4.649089992379362,0.0,0.0,0.0,0.0,0.18000002205371857
train,178,friction_low,Q3_turn,AQ2,0,23,593,0.0,0.0,6.119460367449566,-4.352877615519497,-6.137790103268428,-4.952725832325211,4.04201766778046,0.0,0.0,0.0,0.0,0.12000001966953278
train,178,friction_low,Q3_turn,AQ2,0,25,594,0.0,0.0,5.955288635320111,-4.933111120596528,-7.329733891604133,-3.6190849516431696,4.403499627155605,0.0,0.0,0.0,0.0,0.08000001311302185
train,178,friction_low,Q3_turn,AQ2,0,28,595,0.0,0.0,5.9728402392208535,-5.570162473592495,-8.630902810610658,-1.086788163682665,4.878921348084282,0.0,0.0,0.0,0.0,0.02000001072883606
train,178,friction_low,Q3_turn,AQ2,0,31,596,0.0,0.0,6.720739724548634,-5.4017632846363295,-8.28974840186291,1.6994322152825934,4.92788105292375,0.0,0.0,0.0,0.0,-0.03999999538064003
train,178,friction_low,Q3_turn,AQ2,0,34,597,0.0,0.0,6.706890266889699,-4.703387808465385,-6.855318447889166,4.11944881017897,4.280027460734588,0.0,0.0,0.0,0.0,-0.10000000149011612
train,178,friction_low,Q3_turn,AQ2,0,36,598,0.0,0.0,6.686475732817903,-4.081292007519638,-5.578956002549783,5.3436280631167605,3.984131984090474,0.0,0.0,0.0,0.0,-0.14000001549720764
train,178,friction_low,Q3_turn,AQ2,0,39,599,0.0,0.0,6.556427857973714,-2.9223565818336334,-3.223081613704798,6.332559860372005,5.150349561933416,0.0,0.0,0.0,0.0,-0.20000000298023224
train,180,friction_low,Q1_straight,AQ2,1,20,600,0.0,0.43112226632229983,10.21062892016117,8.031859754894949,4.517219931443606e-15,-0.002920491623208843,2.467725909640076,0.0,0.0,0.5100000500679016,0.0,0.0
train,180,friction_low,Q1_straight,AQ2,1,23,601,0.0,0.8147380441323216,11.674579116718842,8.708834386601849,5.218048215738236e-15,-0.0037301759230556064,2.344703387420205,0.0,0.0,0.550000011920929,0.0,0.0
train,180,friction_low,Q1_straight,AQ2,1,26,602,0.0,0.6621477035760978,11.874398438896076,9.232239948646614,6.231126725708691e-15,-0.004354101498936808,2.641372273756397,0.0,0.0,0.5800000429153442,0.0,0.0
train,180,friction_low,Q1_straight,AQ2,1,29,603,0.0,0.5454633501380547,10.382749887309988,9.845201399991721,6.0923488476305465e-15,-0.005072064154004324,2.4980043885941896,0.0,0.0,0.6100000143051147,0.0,0.0
train,180,friction_low,Q1_straight,AQ2,1,32,604,0.0,0.7423777672051126,11.262947396638092,9.640794383977772,5.773159728050814e-15,-0.004831371756417013,2.618381706627685,0.0,0.0,0.6000000238418579,0.0,0.0
train,180,friction_low,Q1_straight,AQ2,1,35,605,0.0,0.6326752490915574,11.392088745114695,9.069486235466517,6.279698983036042e-15,-0.004158930785600479,2.6015959939942515,0.0,0.0,0.5700000524520874,0.0,0.0
train,180,friction_low,Q1_straight,AQ2,1,38,606,0.0,0.5598928918479364,10.704821107072474,8.567829910241624,6.46011022453763e-15,-0.0035584241774905268,2.204158626237356,0.0,0.0,0.5400000810623169,0.0,0.0
train,180,friction_low,Q1_straight,AQ2,1,41,607,0.0,0.0,5.6047150621297686,7.900665722371384,5.405398351143731e-15,-0.0027566300153812895,2.414017289263168,0.0,0.0,0.5,0.0,0.0
train,181,friction_low,Q2_lateral,AQ2,1,20,608,0.0,1.1446864286458827,11.363335646831088,-2.942585954950568,3.2788218677182774,-6.3814005847571185,5.421938199427346,0.0,0.0,0.0,0.13750000298023224,0.0
train,181,friction_low,Q2_lateral,AQ2,1,23,609,0.0,1.2581976564052666,14.048567677811123,-4.157263316524651,5.732927034093221,-5.307108096436777,4.307706411548554,0.0,0.0,0.0,0.10000000149011612,0.0
train,181,friction_low,Q2_lateral,AQ2,1,26,610,0.0,0.9778117301634219,14.047671008188884,-5.084056023344521,7.632159881306921,-3.3530046105740623,4.52767662602981,0.0,0.0,0.0,0.0625,0.0
train,181,friction_low,Q2_lateral,AQ2,1,29,611,0.0,1.0628029873754912,13.983608279269667,-5.706837623196863,8.899151683834711,-0.7389857429382227,4.844550751905066,0.0,0.0,0.0,0.02500000037252903,0.0
train,181,friction_low,Q2_lateral,AQ2,1,32,612,0.0,0.0,8.607698941317663,-5.545004852772495,8.57434796298228,1.383557724847488,4.896178266387834,0.0,0.0,0.0,-0.03750000149011612,0.0
train,181,friction_low,Q2_lateral,AQ2,1,35,613,0.0,0.0,8.575400663848587,-4.858592148693346,7.167253380672277,3.8902818647643715,4.3813271757377885,0.0,0.0,0.0,-0.07500000298023224,0.0
train,181,friction_low,Q2_lateral,AQ2,1,38,614,0.0,0.0,10.612766238601441,-3.8693885593830153,5.143521704602014,5.659268007397962,4.317067658960216,0.0,0.0,0.0,-0.11249999701976776,0.0
train,181,friction_low,Q2_lateral,AQ2,1,41,615,0.0,0.0,10.4396621384362,-2.609866795685222,2.6005622571510485,6.349882362987945,6.065295795144721,0.0,0.0,0.0,-0.15000000596046448,0.0
train,182,friction_low,Q3_turn,AQ2,1,20,616,0.0,1.1446864286458767,11.36333564683064,-2.9425859549505575,-3.2788218677182708,-6.381400575347591,5.42193819942736,0.0,0.0,0.0,0.0,0.2200000286102295
train,182,friction_low,Q3_turn,AQ2,1,23,617,0.0,1.2581976564052706,14.04856767780784,-4.157263316524643,-5.732927034093225,-5.307108088619962,4.30770641154853,0.0,0.0,0.0,0.0,0.1600000113248825
train,182,friction_low,Q3_turn,AQ2,1,26,618,0.0,0.9778117301634313,14.047671008184603,-5.084056023344512,-7.6321598813069285,-3.3530046056455554,4.527676626029826,0.0,0.0,0.0,0.0,0.10000000894069672
train,182,friction_low,Q3_turn,AQ2,1,29,619,0.0,1.0628029873754845,13.983608279270618,-5.706837623196849,-8.89915168383471,-0.738985741868567,4.844550751905059,0.0,0.0,0.0,0.0,0.04000001400709152
train,182,friction_low,Q3_turn,AQ2,1,32,620,0.0,0.0,8.60769894131767,-5.5450048527724825,-8.574347962982282,1.3835577227887361,4.896178266387836,0.0,0.0,0.0,0.0,-0.059999994933605194
train,182,friction_low,Q3_turn,AQ2,1,35,621,0.0,0.0,8.575400663848464,-4.858592148693338,-7.167253380672281,3.8902818590149146,4.381327175737753,0.0,0.0,0.0,0.0,-0.12000000476837158
train,182,friction_low,Q3_turn,AQ2,1,38,622,0.0,0.0,10.61276623860137,-3.869388559383015,-5.1435217046020245,5.659267999047807,4.31706765896023,0.0,0.0,0.0,0.0,-0.18000000715255737
train,182,friction_low,Q3_turn,AQ2,1,41,623,0.0,0.0,10.439662138436239,-2.6098667956852277,-2.6005622571510654,6.349882353628562,6.065295795144689,0.0,0.0,0.0,0.0,-0.24000000953674316
train,184,friction_low,Q1_straight,AQ3,0,20,624,0.0,0.0,6.223340966974535,7.989285258689109,4.440892098500626e-15,-0.0028743346386071456,2.0780050398283993,0.0,0.0,0.5099999904632568,0.0,0.0
train,184,friction_low,Q1_straight,AQ3,0,23,625,0.0,0.0,6.2509296091140545,8.499429080476522,5.440092820663267e-15,-0.0034882419605834214,2.311874359014365,0.0,0.0,0.5400000214576721,0.0,0.0
train,184,friction_low,Q1_straight,AQ3,0,25,626,0.0,0.0,6.277469663840234,8.869786080225337,6.0645932720149176e-15,-0.0039289742933612815,2.58089383371055,0.0,0.0,0.5600000023841858,0.0,0.0
train,184,friction_low,Q1_straight,AQ3,0,28,627,0.0,0.0,6.271821508809682,9.468298710951535,6.022959908591474e-15,-0.004633918601418291,2.5901580959699713,0.0,0.0,0.5900000333786011,0.0,0.0
train,184,friction_low,Q1_straight,AQ3,0,31,628,0.0,0.0,6.293901738113101,9.265379372896039,5.1833537462186996e-15,-0.004392512929609627,2.6999654573163734,0.0,0.0,0.5800000429153442,0.0,0.0
train,184,friction_low,Q1_straight,AQ3,0,34,629,0.0,0.0,6.132197177597874,8.709705118363258,6.5156213757688874e-15,-0.0037334705328014514,2.4641161876781283,0.0,0.0,0.5500000715255737,0.0,0.0
train,184,friction_low,Q1_straight,AQ3,0,36,630,0.0,0.0,6.3394018244479176,8.368279901261882,6.321332346459485e-15,-0.003324443449788217,2.150738326707641,0.0,0.0,0.5300000309944153,0.0,0.0
train,184,friction_low,Q1_straight,AQ3,0,39,631,0.0,0.0,5.6047150621297686,7.900665722371384,5.405398351143731e-15,-0.0027566300153812895,2.414017289263168,0.0,0.0,0.5,0.0,0.0
train,185,friction_low,Q2_lateral,AQ3,0,20,632,0.0,0.0,6.117910782446123,-3.233730900119233,3.860385030740198,-6.259524324860599,4.649089992379374,0.0,0.0,0.0,0.11249999701976776,0.0
train,185,friction_low,Q2_lateral,AQ3,0,23,633,0.0,0.0,6.119460367449689,-4.352877615519505,6.137790103268421,-4.9527258396179485,4.042017667780488,0.0,0.0,0.0,0.07500000298023224,0.0
train,185,friction_low,Q2_lateral,AQ3,0,25,634,0.0,0.0,5.955288635320102,-4.933111120596539,7.329733891604132,-3.619084956965033,4.403499627155589,0.0,0.0,0.0,0.05000000074505806,0.0
train,185,friction_low,Q2_lateral,AQ3,0,28,635,0.0,0.0,5.972840239220633,-5.570162473592507,8.630902810610657,-1.0867881652659888,4.87892134808429,0.0,0.0,0.0,0.012500000186264515,0.0
train,185,friction_low,Q2_lateral,AQ3,0,31,636,0.0,0.0,6.72073972454863,-5.401763284636339,8.289748401862907,1.6994322178061274,4.927881052923751,0.0,0.0,0.0,-0.02500000037252903,0.0
train,185,friction_low,Q2_lateral,AQ3,0,34,637,0.0,0.0,6.706890266889865,-4.7033878084653935,6.855318447889167,4.119448816265222,4.280027460734625,0.0,0.0,0.0,-0.0625,0.0
train,185,friction_low,Q2_lateral,AQ3,0,36,638,0.0,0.0,6.686475732817763,-4.081292007519641,5.578956002549776,5.343628071003174,3.984131984090458,0.0,0.0,0.0,-0.08749999850988388,0.0
train,185,friction_low,Q2_lateral,AQ3,0,39,639,0.0,0.0,6.556427857973985,-2.9223565818336295,3.223081613704784,6.332559869707952,5.150349561933439,0.0,0.0,0.0,-0.125,0.0
train,186,friction_low,Q3_turn,AQ3,0,20,640,0.0,0.0,6.117910782445936,-3.233730900119227,-3.860385030740202,-6.259524315632753,4.649089992379362,0.0,0.0,0.0,0.0,0.18000002205371857
train,186,friction_low,Q3_turn,AQ3,0,23,641,0.0,0.0,6.119460367449566,-4.352877615519497,-6.137790103268428,-4.952725832325211,4.04201766778046,0.0,0.0,0.0,0.0,0.12000001966953278
train,186,friction_low,Q3_turn,AQ3,0,25,642,0.0,0.0,5.955288635320111,-4.933111120596528,-7.329733891604133,-3.6190849516431696,4.403499627155605,0.0,0.0,0.0,0.0,0.08000001311302185
train,186,friction_low,Q3_turn,AQ3,0,28,643,0.0,0.0,5.9728402392208535,-5.570162473592495,-8.630902810610658,-1.086788163682665,4.8789213480842815,0.0,0.0,0.0,0.0,0.02000001072883606
train,186,friction_low,Q3_turn,AQ3,0,31,644,0.0,0.0,6.720739724548634,-5.4017632846363295,-8.289748401862905,1.6994322152825934,4.927881052923751,0.0,0.0,0.0,0.0,-0.03999999538064003
train,186,friction_low,Q3_turn,AQ3,0,34,645,0.0,0.0,6.706890266889699,-4.703387808465385,-6.855318447889166,4.11944881017897,4.280027460734587,0.0,0.0,0.0,0.0,-0.10000000149011612
train,186,friction_low,Q3_turn,AQ3,0,36,646,0.0,0.0,6.686475732817902,-4.081292007519638,-5.578956002549783,5.3436280631167605,3.984131984090474,0.0,0.0,0.0,0.0,-0.14000001549720764
train,186,friction_low,Q3_turn,AQ3,0,39,647,0.0,0.0,6.5564278579737145,-2.922356581833632,-3.2230816137047955,6.332559860372006,5.150349561933416,0.0,0.0,0.0,0.0,-0.20000000298023224
train,188,friction_low,Q1_straight,AQ3,1,20,648,0.0,0.43112226632229983,8.878494983377752,8.20248136885128,4.7253867485608225e-15,-0.0031218716958878456,2.3595742265105546,0.0,0.0,0.5199999809265137,0.0,0.0
train,188,friction_low,Q1_straight,AQ3,1,23,649,0.0,0.700319608950395,10.564755823912249,8.692038201460123,5.440092820663267e-15,-0.003714069407642656,2.3353568010551524,0.0,0.0,0.550000011920929,0.0,0.0
train,188,friction_low,Q1_straight,AQ3,1,25,650,0.0,0.6050433519967248,8.706353049620283,9.052587079176101,6.050715484207103e-15,-0.0041442054173621845,2.5359938243591023,0.0,0.0,0.5699999928474426,0.0,0.0
train,188,friction_low,Q1_straight,AQ3,1,28,651,0.0,0.5454633501380547,9.405421491710095,9.652376734289694,6.161737786669619e-15,-0.004851795318422197,2.583622961498519,0.0,0.0,0.6000000238418579,0.0,0.0
train,188,friction_low,Q1_straight,AQ3,1,31,652,0.0,0.5061401992732467,10.989499149450207,9.454113300416214,5.3915205633359164e-15,-0.004615926700681228,2.706310137054267,0.0,0.0,0.5900000333786011,0.0,0.0
train,188,friction_low,Q1_straight,AQ3,1,34,653,0.0,0.47658675527650807,10.624686714902074,8.891085454875324,6.3352101342672995e-15,-0.00394955124741414,2.5243985996690097,0.0,0.0,0.5600000619888306,0.0,0.0
train,188,friction_low,Q1_straight,AQ3,1,36,654,0.0,0.4570858545248897,10.583850787224891,8.544888762361705,6.265821195228227e-15,-0.003534599243859682,2.193386878741822,0.0,0.0,0.5400000810623169,0.0,0.0
train,188,friction_low,Q1_straight,AQ3,1,39,655,0.0,0.4403901398095593,9.866459028632828,8.0735454621481,5.7245874707234634e-15,-0.0029618494908004722,2.3508601598801135,0.0,0.0,0.5100000500679016,0.0,0.0
train,189,friction_low,Q2_lateral,AQ3,1,20,656,0.0,0.0,6.117910782446123,-3.233730900119233,3.860385030740198,-6.259524324860599,4.649089992379374,0.0,0.0,0.0,0.11249999701976776,0.0
train,189,friction_low,Q2_lateral,AQ3,1,23,657,0.0,0.0,6.119460367449689,-4.352877615519505,6.137790103268421,-4.9527258396179485,4.042017667780488,0.0,0.0,0.0,0.07500000298023224,0.0
train,189,friction_low,Q2_lateral,AQ3,1,25,658,0.0,0.0,5.955288635320102,-4.933111120596539,7.329733891604132,-3.619084956965033,4.403499627155588,0.0,0.0,0.0,0.05000000074505806,0.0
train,189,friction_low,Q2_lateral,AQ3,1,28,659,0.0,0.0,5.9728402392206315,-5.570162473592507,8.630902810610653,-1.0867881652659888,4.878921348084291,0.0,0.0,0.0,0.012500000186264515,0.0
train,189,friction_low,Q2_lateral,AQ3,1,31,660,0.0,0.0,8.607698941317661,-5.545004852772495,8.57434796298228,1.383557724847488,4.896178266387834,0.0,0.0,0.0,-0.03750000149011612,0.0
train,189,friction_low,Q2_lateral,AQ3,1,34,661,0.0,0.0,8.575400663848585,-4.858592148693346,7.167253380672277,3.8902818647643715,4.3813271757377885,0.0,0.0,0.0,-0.07500000298023224,0.0
train,189,friction_low,Q2_lateral,AQ3,1,36,662,0.0,0.0,10.258489283129403,-4.2431959662439045,5.9040504394917095,5.18918540781446,4.061173768669722,0.0,0.0,0.0,-0.10000000149011612,0.0
train,189,friction_low,Q2_lateral,AQ3,1,39,663,0.0,0.0,9.52376919456428,-3.078075953581273,3.536214170492521,6.306375989520409,5.10355511820527,0.0,0.0,0.0,-0.13750000298023224,0.0
train,190,friction_low,Q3_turn,AQ3,1,20,664,0.0,0.0,6.117910782445936,-3.233730900119227,-3.860385030740202,-6.259524315632753,4.649089992379362,0.0,0.0,0.0,0.0,0.18000002205371857
train,190,friction_low,Q3_turn,AQ3,1,23,665,0.0,0.0,6.119460367449566,-4.352877615519497,-6.137790103268428,-4.952725832325211,4.04201766778046,0.0,0.0,0.0,0.0,0.12000001966953278
train,190,friction_low,Q3_turn,AQ3,1,25,666,0.0,0.0,5.955288635320111,-4.933111120596528,-7.329733891604133,-3.6190849516431696,4.403499627155605,0.0,0.0,0.0,0.0,0.08000001311302185
train,190,friction_low,Q3_turn,AQ3,1,28,667,0.0,0.0,5.9728402392208535,-5.570162473592495,-8.630902810610658,-1.086788163682665,4.878921348084282,0.0,0.0,0.0,0.0,0.02000001072883606
train,190,friction_low,Q3_turn,AQ3,1,31,668,0.0,0.0,8.60769894131767,-5.5450048527724825,-8.574347962982282,1.3835577227887361,4.896178266387836,0.0,0.0,0.0,0.0,-0.059999994933605194
train,190,friction_low,Q3_turn,AQ3,1,34,669,0.0,0.0,8.575400663848464,-4.858592148693338,-7.167253380672281,3.8902818590149146,4.381327175737753,0.0,0.0,0.0,0.0,-0.12000000476837158
train,190,friction_low,Q3_turn,AQ3,1,36,670,0.0,0.0,10.258489283130626,-4.243195966243901,-5.904050439491717,5.189185400154627,4.061173768669729,0.0,0.0,0.0,0.0,-0.1599999964237213
train,190,friction_low,Q3_turn,AQ3,1,39,671,0.0,0.0,9.523769194563412,-3.078075953581274,-3.53621417049253,6.306375980221973,5.103555118205255,0.0,0.0,0.0,0.0,-0.2199999988079071
train,192,friction_low,Q1_straight,AQ4,0,20,672,0.0,0.0,6.223340966974535,7.989285258689109,4.440892098500626e-15,-0.0028743346386071456,2.078005039828399,0.0,0.0,0.5099999904632568,0.0,0.0
train,192,friction_low,Q1_straight,AQ4,0,23,673,0.0,0.0,6.2509296091140545,8.499429080476522,5.440092820663267e-15,-0.0034882419605834214,2.311874359014365,0.0,0.0,0.5400000214576721,0.0,0.0
train,192,friction_low,Q1_straight,AQ4,0,25,674,0.0,0.0,6.277469663840234,8.869786080225335,6.036837696399289e-15,-0.003928974293361087,2.58089383371055,0.0,0.0,0.5600000023841858,0.0,0.0
train,192,friction_low,Q1_straight,AQ4,0,28,675,0.0,0.0,6.271821508809682,9.468298710951535,6.022959908591474e-15,-0.004633918601418291,2.5901580959699713,0.0,0.0,0.5900000333786011,0.0,0.0
train,192,friction_low,Q1_straight,AQ4,0,31,676,0.0,0.0,6.2939017381130995,9.265379372896039,5.1833537462186996e-15,-0.004392512929609627,2.6999654573163734,0.0,0.0,0.5800000429153442,0.0,0.0
train,192,friction_low,Q1_straight,AQ4,0,34,677,0.0,0.0,6.132197177597876,8.709705118363253,6.529499163576702e-15,-0.003733470532801597,2.464116187678129,0.0,0.0,0.5500000715255737,0.0,0.0
train,192,friction_low,Q1_straight,AQ4,0,36,678,0.0,0.0,6.3394018244479176,8.368279901261882,6.321332346459485e-15,-0.003324443449788217,2.150738326707641,0.0,0.0,0.5300000309944153,0.0,0.0
train,192,friction_low,Q1_straight,AQ4,0,39,679,0.0,0.0,5.6047150621297686,7.900665722371384,5.405398351143731e-15,-0.0027566300153812895,2.414017289263168,0.0,0.0,0.5,0.0,0.0
train,193,friction_low,Q2_lateral,AQ4,0,20,680,0.0,0.0,6.117910782446123,-3.233730900119233,3.860385030740198,-6.259524324860599,4.649089992379374,0.0,0.0,0.0,0.11249999701976776,0.0
train,193,friction_low,Q2_lateral,AQ4,0,23,681,0.0,0.0,6.119460367449689,-4.352877615519505,6.137790103268421,-4.9527258396179485,4.042017667780488,0.0,0.0,0.0,0.07500000298023224,0.0
train,193,friction_low,Q2_lateral,AQ4,0,25,682,0.0,0.0,5.955288635320102,-4.933111120596539,7.329733891604132,-3.619084956965033,4.403499627155589,0.0,0.0,0.0,0.05000000074505806,0.0
train,193,friction_low,Q2_lateral,AQ4,0,28,683,0.0,0.0,5.972840239220633,-5.570162473592507,8.630902810610657,-1.0867881652659888,4.87892134808429,0.0,0.0,0.0,0.012500000186264515,0.0
train,193,friction_low,Q2_lateral,AQ4,0,31,684,0.0,0.0,6.72073972454863,-5.401763284636339,8.289748401862907,1.6994322178061274,4.927881052923751,0.0,0.0,0.0,-0.02500000037252903,0.0
train,193,friction_low,Q2_lateral,AQ4,0,34,685,0.0,0.0,6.706890266889865,-4.7033878084653935,6.855318447889167,4.119448816265222,4.280027460734625,0.0,0.0,0.0,-0.0625,0.0
train,193,friction_low,Q2_lateral,AQ4,0,36,686,0.0,0.0,6.686475732817763,-4.081292007519641,5.578956002549776,5.343628071003174,3.984131984090458,0.0,0.0,0.0,-0.08749999850988388,0.0
train,193,friction_low,Q2_lateral,AQ4,0,39,687,0.0,0.0,6.556427857973985,-2.9223565818336295,3.223081613704784,6.332559869707952,5.150349561933439,0.0,0.0,0.0,-0.125,0.0
train,194,friction_low,Q3_turn,AQ4,0,20,688,0.0,0.0,6.117910782445936,-3.233730900119227,-3.860385030740202,-6.259524315632753,4.649089992379362,0.0,0.0,0.0,0.0,0.18000002205371857
train,194,friction_low,Q3_turn,AQ4,0,23,689,0.0,0.0,6.119460367449567,-4.352877615519499,-6.137790103268429,-4.952725832325209,4.042017667780461,0.0,0.0,0.0,0.0,0.12000001966953278
train,194,friction_low,Q3_turn,AQ4,0,25,690,0.0,0.0,5.955288635320111,-4.933111120596528,-7.329733891604133,-3.6190849516431696,4.403499627155605,0.0,0.0,0.0,0.0,0.08000001311302185
train,194,friction_low,Q3_turn,AQ4,0,28,691,0.0,0.0,5.9728402392208535,-5.570162473592495,-8.630902810610658,-1.086788163682665,4.878921348084282,0.0,0.0,0.0,0.0,0.02000001072883606
train,194,friction_low,Q3_turn,AQ4,0,31,692,0.0,0.0,6.720739724548634,-5.4017632846363295,-8.28974840186291,1.6994322152825934,4.92788105292375,0.0,0.0,0.0,0.0,-0.03999999538064003
train,194,friction_low,Q3_turn,AQ4,0,34,693,0.0,0.0,6.706890266889699,-4.703387808465385,-6.855318447889166,4.11944881017897,4.280027460734587,0.0,0.0,0.0,0.0,-0.10000000149011612
train,194,friction_low,Q3_turn,AQ4,0,36,694,0.0,0.0,6.686475732817902,-4.081292007519638,-5.578956002549783,5.3436280631167605,3.984131984090474,0.0,0.0,0.0,0.0,-0.14000001549720764
train,194,friction_low,Q3_turn,AQ4,0,39,695,0.0,0.0,6.5564278579737145,-2.922356581833632,-3.2230816137047955,6.332559860372006,5.150349561933416,0.0,0.0,0.0,0.0,-0.20000000298023224
train,196,friction_low,Q1_straight,AQ4,1,20,696,0.0,0.6256013192635259,11.100599400551994,7.650784235876072,4.2396641752873165e-15,-0.0024720450916422346,2.589679493503779,0.0,0.0,0.4899999499320984,0.0,0.0
train,196,friction_low,Q1_straight,AQ4,1,23,697,0.0,0.8147380441323216,11.44354043914864,8.332722037371312,4.621303340002214e-15,-0.003288075863315726,2.200211324833613,0.0,0.0,0.5299999713897705,0.0,0.0
train,196,friction_low,Q1_straight,AQ4,1,26,698,0.0,0.6508511970874246,10.704620921972039,8.85864016562625,6.050715484207103e-15,-0.003916428164868507,2.5279346548478623,0.0,0.0,0.5600000023841858,0.0,0.0
train,196,friction_low,Q1_straight,AQ4,1,29,699,0.0,0.7870968026324123,11.276259860431143,9.441447088412113,5.981326545168031e-15,-0.004604151343184731,2.732874468073418,0.0,0.0,0.5900000333786011,0.0,0.0
train,196,friction_low,Q1_straight,AQ4,1,31,700,0.0,0.872871560943971,9.73271567566622,9.861270441682764,6.022959908591474e-15,-0.005087218127678678,2.4348262478260327,0.0,0.0,0.6100000143051147,0.0,0.0
train,196,friction_low,Q1_straight,AQ4,1,34,701,0.0,0.700319608950395,11.060894900723639,9.265520142200927,5.918876500032866e-15,-0.0043914271249270165,2.7293936156908636,0.0,0.0,0.5800000429153442,0.0,0.0
train,196,friction_low,Q1_straight,AQ4,1,37,702,0.0,0.5735458856308189,11.561682039331375,8.722814896490682,6.654399253847032e-15,-0.0037443909126497754,2.299342861875366,0.0,0.0,0.5500000715255737,0.0,0.0
train,196,friction_low,Q1_straight,AQ4,1,40,703,0.0,0.5203959135032333,11.186346214894538,8.25447391613777,5.918876500032866e-15,-0.0031772653316886057,2.3829759000701825,0.0,0.0,0.5200000405311584,0.0,0.0
train,197,friction_low,Q2_lateral,AQ4,1,20,704,0.0,1.1446864286458827,11.718151381224828,-2.6666232692335647,2.722312852738448,-6.258271453073105,5.810407953481503,0.0,0.0,0.0,0.11249999701976776,0.0
train,197,friction_low,Q2_lateral,AQ4,1,23,705,0.0,1.2581976564052666,14.285720256675463,-3.8266406631207297,5.070648191420684,-5.533972574382185,4.3690389117123685,0.0,0.0,0.0,0.07500000298023224,0.0
train,197,friction_low,Q2_lateral,AQ4,1,26,706,0.0,0.9343757148525764,11.996316116238216,-4.775106039345401,7.012108771954432,-3.819568107777325,4.435795465054107,0.0,0.0,0.0,0.03750000149011612,0.0
train,197,friction_low,Q2_lateral,AQ4,1,29,707,0.0,0.9999999999999938,12.120301601076681,-5.42295171726478,8.337110594451575,-1.3785046860516195,5.022409057271691,0.0,0.0,0.0,0.0,0.0
train,197,friction_low,Q2_lateral,AQ4,1,32,708,0.0,0.0,8.607698941317661,-5.545004852772495,8.57434796298228,1.383557724847488,4.896178266387834,0.0,0.0,0.0,-0.03750000149011612,0.0
train,197,friction_low,Q2_lateral,AQ4,1,35,709,0.0,0.0,8.575400663848585,-4.858592148693346,7.167253380672277,3.8902818647643715,4.3813271757377885,0.0,0.0,0.0,-0.07500000298023224,0.0
train,197,friction_low,Q2_lateral,AQ4,1,38,710,0.0,0.0,10.612766238601441,-3.8693885593830157,5.143521704602013,5.659268007397966,4.317067658960215,0.0,0.0,0.0,-0.11249999701976776,0.0
train,197,friction_low,Q2_lateral,AQ4,1,41,711,0.0,0.0,10.4396621384362,-2.609866795685222,2.6005622571510485,6.349882362987945,6.065295795144721,0.0,0.0,0.0,-0.15000000596046448,0.0
train,198,friction_low,Q3_turn,AQ4,1,20,712,0.0,1.1446864286458767,11.718151381224772,-2.666623269233558,-2.722312852738445,-6.258271443843153,5.810407953481518,0.0,0.0,0.0,0.0,0.18000000715255737
train,198,friction_low,Q3_turn,AQ4,1,23,713,0.0,1.2581976564052706,14.285720256674269,-3.8266406631207213,-5.070648191420685,-5.53397256622859,4.369038911712345,0.0,0.0,0.0,0.0,0.12000000476837158
train,198,friction_low,Q3_turn,AQ4,1,26,714,0.0,0.9343757148525675,11.996316116239264,-4.775106039345392,-7.01210877195444,-3.8195681021587458,4.43579546505412,0.0,0.0,0.0,0.0,0.06000000983476639
train,198,friction_low,Q3_turn,AQ4,1,29,715,0.0,0.9999999999999976,12.120301601079545,-5.422951717264769,-8.337110594451575,-1.37850468403718,5.0224090572716795,0.0,0.0,0.0,0.0,8.940697071579962e-09
train,198,friction_low,Q3_turn,AQ4,1,32,716,0.0,0.0,8.60769894131767,-5.5450048527724825,-8.574347962982282,1.3835577227887361,4.896178266387836,0.0,0.0,0.0,0.0,-0.059999994933605194
train,198,friction_low,Q3_turn,AQ4,1,35,717,0.0,0.0,8.575400663848464,-4.858592148693338,-7.167253380672281,3.8902818590149146,4.381327175737753,0.0,0.0,0.0,0.0,-0.12000000476837158
train,198,friction_low,Q3_turn,AQ4,1,38,718,0.0,0.0,10.61276623860137,-3.869388559383015,-5.1435217046020245,5.659267999047807,4.31706765896023,0.0,0.0,0.0,0.0,-0.18000000715255737
train,198,friction_low,Q3_turn,AQ4,1,41,719,0.0,0.0,10.43966213843624,-2.609866795685228,-2.6005622571510676,6.34988235362856,6.065295795144688,0.0,0.0,0.0,0.0,-0.24000000953674316
val,40,normal,Q1_straight,AQ5,0,20,0,0.0,0.0,6.223340966974535,7.989285258689109,4.440892098500626e-15,-0.0028743346386071456,2.078005039828399,0.0,0.0,0.5099999904632568,0.0,0.0
val,40,normal,Q1_straight,AQ5,0,23,1,0.0,0.0,6.2509296091140545,8.499429080476522,5.440092820663267e-15,-0.0034882419605834214,2.311874359014365,0.0,0.0,0.5400000214576721,0.0,0.0
val,40,normal,Q1_straight,AQ5,0,25,2,0.0,0.0,6.277469663840234,8.869786080225335,6.036837696399289e-15,-0.003928974293361087,2.58089383371055,0.0,0.0,0.5600000023841858,0.0,0.0
val,40,normal,Q1_straight,AQ5,0,28,3,0.0,0.0,6.271821508809682,9.468298710951535,6.022959908591474e-15,-0.004633918601418291,2.5901580959699713,0.0,0.0,0.5900000333786011,0.0,0.0
val,40,normal,Q1_straight,AQ5,0,31,4,0.0,0.0,6.293901738113101,9.265379372896039,5.1833537462186996e-15,-0.004392512929609627,2.6999654573163734,0.0,0.0,0.5800000429153442,0.0,0.0
val,40,normal,Q1_straight,AQ5,0,34,5,0.0,0.0,6.132197177597874,8.709705118363258,6.5156213757688874e-15,-0.0037334705328014514,2.4641161876781283,0.0,0.0,0.5500000715255737,0.0,0.0
val,40,normal,Q1_straight,AQ5,0,36,6,0.0,0.0,6.3394018244479176,8.368279901261882,6.321332346459485e-15,-0.003324443449788217,2.150738326707641,0.0,0.0,0.5300000309944153,0.0,0.0
val,40,normal,Q1_straight,AQ5,0,39,7,0.0,0.0,5.604715062129769,7.900665722371384,5.405398351143731e-15,-0.0027566300153812895,2.414017289263168,0.0,0.0,0.5,0.0,0.0
val,41,normal,Q2_lateral,AQ5,0,20,8,0.0,0.0,6.117910782446124,-3.233730900119232,3.860385030740198,-6.259524324860601,4.649089992379374,0.0,0.0,0.0,0.11249999701976776,0.0
val,41,normal,Q2_lateral,AQ5,0,23,9,0.0,0.0,6.119460367449689,-4.352877615519505,6.137790103268421,-4.9527258396179485,4.042017667780488,0.0,0.0,0.0,0.07500000298023224,0.0
val,41,normal,Q2_lateral,AQ5,0,25,10,0.0,0.0,5.955288635320102,-4.933111120596539,7.329733891604132,-3.619084956965033,4.403499627155588,0.0,0.0,0.0,0.05000000074505806,0.0
val,41,normal,Q2_lateral,AQ5,0,28,11,0.0,0.0,5.9728402392206315,-5.570162473592507,8.630902810610653,-1.0867881652659888,4.878921348084291,0.0,0.0,0.0,0.012500000186264515,0.0
val,41,normal,Q2_lateral,AQ5,0,31,12,0.0,0.0,6.72073972454863,-5.401763284636339,8.289748401862907,1.6994322178061274,4.92788105292375,0.0,0.0,0.0,-0.02500000037252903,0.0
val,41,normal,Q2_lateral,AQ5,0,34,13,0.0,0.0,6.7068902668898644,-4.7033878084653935,6.855318447889167,4.119448816265222,4.280027460734625,0.0,0.0,0.0,-0.0625,0.0
val,41,normal,Q2_lateral,AQ5,0,36,14,0.0,0.0,6.686475732817764,-4.081292007519644,5.578956002549777,5.34362807100317,3.9841319840904585,0.0,0.0,0.0,-0.08749999850988388,0.0
val,41,normal,Q2_lateral,AQ5,0,39,15,0.0,0.0,6.556427857973985,-2.9223565818336295,3.223081613704784,6.332559869707952,5.150349561933439,0.0,0.0,0.0,-0.125,0.0
val,42,normal,Q3_turn,AQ5,0,20,16,0.0,0.0,6.117910782445936,-3.233730900119227,-3.860385030740202,-6.259524315632753,4.649089992379362,0.0,0.0,0.0,0.0,0.18000002205371857
val,42,normal,Q3_turn,AQ5,0,23,17,0.0,0.0,6.119460367449567,-4.352877615519499,-6.137790103268429,-4.952725832325209,4.042017667780461,0.0,0.0,0.0,0.0,0.12000001966953278
val,42,normal,Q3_turn,AQ5,0,25,18,0.0,0.0,5.955288635320111,-4.933111120596528,-7.329733891604133,-3.6190849516431696,4.403499627155605,0.0,0.0,0.0,0.0,0.08000001311302185
val,42,normal,Q3_turn,AQ5,0,28,19,0.0,0.0,5.9728402392208535,-5.570162473592495,-8.630902810610658,-1.086788163682665,4.8789213480842815,0.0,0.0,0.0,0.0,0.02000001072883606
val,42,normal,Q3_turn,AQ5,0,31,20,0.0,0.0,6.720739724548634,-5.4017632846363295,-8.289748401862905,1.6994322152825934,4.927881052923751,0.0,0.0,0.0,0.0,-0.03999999538064003
val,42,normal,Q3_turn,AQ5,0,34,21,0.0,0.0,6.706890266889699,-4.703387808465385,-6.855318447889166,4.11944881017897,4.280027460734588,0.0,0.0,0.0,0.0,-0.10000000149011612
val,42,normal,Q3_turn,AQ5,0,36,22,0.0,0.0,6.686475732817903,-4.081292007519638,-5.578956002549783,5.3436280631167605,3.984131984090474,0.0,0.0,0.0,0.0,-0.14000001549720764
val,42,normal,Q3_turn,AQ5,0,39,23,0.0,0.0,6.556427857973714,-2.9223565818336334,-3.223081613704798,6.332559860372005,5.150349561933416,0.0,0.0,0.0,0.0,-0.20000000298023224
val,44,normal,Q1_straight,AQ5,1,20,24,1.105861626201818,1.3519973997665597,14.627480886071451,7.130929962298495,3.615163723935666e-15,-0.0018548180952890972,3.0919921610359253,0.0,0.0,0.4599999785423279,0.0,0.0
val,44,normal,Q1_straight,AQ5,1,23,25,1.0778056658057495,1.183415197300252,13.396445773161622,8.21361770654462,4.739264536368637e-15,-0.0031357497425990033,2.582337475244672,0.0,0.0,0.5199999809265137,0.0,0.0
val,44,normal,Q1_straight,AQ5,1,27,26,0.0,0.466442789164584,11.138733078092129,8.872651499345105,5.717648576819556e-15,-0.003926867723478056,2.503198244279269,0.0,0.0,0.5600000619888306,0.0,0.0
val,44,normal,Q1_straight,AQ5,1,30,27,0.0,0.493516193826039,12.102969360850253,9.466777706959734,6.25888230132432e-15,-0.004630234408498329,2.6766925172992098,0.0,0.0,0.5900000333786011,0.0,0.0
val,44,normal,Q1_straight,AQ5,1,33,28,1.3190796035430585,1.5324932474206159,15.5869628600664,9.671415923037427,5.88418203051333e-15,-0.004863559912419851,2.4730036297407643,0.0,0.0,0.6000000238418579,0.0,0.0
val,44,normal,Q1_straight,AQ5,1,36,29,2.2715263088838733,2.4320745020205834,20.698598119736843,9.456833643694129,5.898059818321144e-15,-0.004610969429829255,2.7584292106760566,0.0,0.0,0.5900000333786011,0.0,0.0
val,44,normal,Q1_straight,AQ5,1,40,30,1.8957269980837517,1.9711221953258264,14.893312432021643,8.729007034341624,6.70991040507829e-15,-0.0037494662425792136,2.4293423437680284,0.0,0.0,0.5500000715255737,0.0,0.0
val,44,normal,Q1_straight,AQ5,1,43,31,1.7526297055876372,1.8054625447355632,14.910196217881857,8.26567219969921,5.7245874707234634e-15,-0.0031899225732734404,2.572122492132489,0.0,0.0,0.5200000405311584,0.0,0.0
val,45,normal,Q2_lateral,AQ5,1,20,32,4.400152785735401,4.565536798048127,59.853278906791566,-1.7125031407335873,0.8047022290139357,-5.920584823568209,8.294905013650748,0.0,0.0,0.0,0.1875,0.0
val,45,normal,Q2_lateral,AQ5,1,24,33,0.0,0.8876720657463656,13.747171184917692,-3.565701905428317,4.52406322961996,-6.061203907828382,4.779998850963464,0.0,0.0,0.0,0.13750000298023224,0.0
val,45,normal,Q2_lateral,AQ5,1,27,34,0.0,0.9343757148525764,12.221236664814798,-4.67066178934598,6.7766226546112796,-4.569858968125156,4.243438262942396,0.0,0.0,0.0,0.10000000149011612,0.0
val,45,normal,Q2_lateral,AQ5,1,31,35,3.487429162314602,3.8461667480686565,42.486710382733335,-5.648705655478745,8.774534741050262,-1.30944161289308,4.982009271390678,0.0,0.0,0.0,0.05000000074505806,0.0
val,45,normal,Q2_lateral,AQ5,1,34,36,2.6318067798390685,2.9653024253224265,33.816067801573354,-5.5600983900447165,8.607391892572855,0.7905877661254922,5.062648272666141,0.0,0.0,0.0,-0.012500000186264515,0.0
val,45,normal,Q2_lateral,AQ5,1,38,37,0.0,0.0,6.7068902668898644,-4.7033878084653935,6.855318447889167,4.119448816265222,4.280027460734625,0.0,0.0,0.0,-0.0625,0.0
val,45,normal,Q2_lateral,AQ5,1,41,38,2.2000763928677003,2.2000763928677003,30.88438954646554,-3.702978415498257,4.811215005824426,5.749455478928045,4.3747764458571154,0.0,0.0,0.0,-0.10000000149011612,0.0
val,45,normal,Q2_lateral,AQ5,1,45,39,5.201595038969183,5.201595038969183,34.17037312349907,-2.0247730836464415,1.4255914699650434,5.950335545741547,7.495429929663037,0.0,0.0,0.0,-0.15000000596046448,0.0
val,46,normal,Q3_turn,AQ5,1,20,40,4.4001527857354334,4.565536798048157,59.85327890678494,-1.7125031407335756,-0.8047022290139196,-5.920584814829446,8.294905013650789,0.0,0.0,0.0,0.0,0.30000001192092896
val,46,normal,Q3_turn,AQ5,1,24,41,0.0,0.8876720657463713,13.747171184917102,-3.5657019054283166,-4.524063229619971,-6.061203898895218,4.779998850963449,0.0,0.0,0.0,0.0,0.2200000286102295
val,46,normal,Q3_turn,AQ5,1,27,42,0.0,0.9343757148525675,12.221236664814734,-4.670661789345967,-6.776622654611278,-4.569858961399172,4.24343826294238,0.0,0.0,0.0,0.0,0.1600000113248825
val,46,normal,Q3_turn,AQ5,1,31,43,3.487429162314569,3.8461667480686224,42.48671038273531,-5.648705655478732,-8.774534741050264,-1.3094416109817786,4.98200927139067,0.0,0.0,0.0,0.0,0.08000002056360245
val,46,normal,Q3_turn,AQ5,1,34,44,2.631806779839065,2.9653024253224145,33.8160678015701,-5.560098390044704,-8.60739189257285,0.7905877649408892,5.062648272666139,0.0,0.0,0.0,0.0,-0.019999992102384567
val,46,normal,Q3_turn,AQ5,1,38,45,0.0,0.0,6.706890266889699,-4.703387808465385,-6.855318447889166,4.11944881017897,4.280027460734588,0.0,0.0,0.0,0.0,-0.10000000149011612
val,46,normal,Q3_turn,AQ5,1,41,46,2.2000763928677167,2.2000763928677167,30.88438954646334,-3.7029784154982543,-4.811215005824431,5.74945547044605,4.374776445857128,0.0,0.0,0.0,0.0,-0.1599999964237213
val,46,normal,Q3_turn,AQ5,1,45,47,5.201595038969215,5.201595038969215,34.170373123493256,-2.0247730836464424,-1.4255914699650496,5.950335536975357,7.495429929663018,0.0,0.0,0.0,0.0,-0.24000000953674316
val,120,friction_mid,Q1_straight,AQ5,0,20,48,0.0,0.0,6.223340966974535,7.989285258689109,4.440892098500626e-15,-0.0028743346386071456,2.078005039828399,0.0,0.0,0.5099999904632568,0.0,0.0
val,120,friction_mid,Q1_straight,AQ5,0,23,49,0.0,0.0,6.2509296091140545,8.499429080476522,5.440092820663267e-15,-0.0034882419605834214,2.311874359014365,0.0,0.0,0.5400000214576721,0.0,0.0
val,120,friction_mid,Q1_straight,AQ5,0,25,50,0.0,0.0,6.277469663840234,8.869786080225335,6.036837696399289e-15,-0.003928974293361087,2.58089383371055,0.0,0.0,0.5600000023841858,0.0,0.0
val,120,friction_mid,Q1_straight,AQ5,0,28,51,0.0,0.0,6.271821508809682,9.468298710951535,6.022959908591474e-15,-0.004633918601418291,2.5901580959699713,0.0,0.0,0.5900000333786011,0.0,0.0
val,120,friction_mid,Q1_straight,AQ5,0,31,52,0.0,0.0,6.293901738113101,9.265379372896039,5.1833537462186996e-15,-0.004392512929609627,2.6999654573163734,0.0,0.0,0.5800000429153442,0.0,0.0
val,120,friction_mid,Q1_straight,AQ5,0,34,53,0.0,0.0,6.132197177597874,8.709705118363258,6.5156213757688874e-15,-0.0037334705328014514,2.4641161876781283,0.0,0.0,0.5500000715255737,0.0,0.0
val,120,friction_mid,Q1_straight,AQ5,0,36,54,0.0,0.0,6.3394018244479176,8.368279901261882,6.321332346459485e-15,-0.003324443449788217,2.150738326707641,0.0,0.0,0.5300000309944153,0.0,0.0
val,120,friction_mid,Q1_straight,AQ5,0,39,55,0.0,0.0,5.604715062129769,7.900665722371384,5.405398351143731e-15,-0.0027566300153812895,2.414017289263168,0.0,0.0,0.5,0.0,0.0
val,121,friction_mid,Q2_lateral,AQ5,0,20,56,0.0,0.0,6.117910782446124,-3.233730900119232,3.860385030740198,-6.259524324860601,4.649089992379374,0.0,0.0,0.0,0.11249999701976776,0.0
val,121,friction_mid,Q2_lateral,AQ5,0,23,57,0.0,0.0,6.119460367449689,-4.352877615519505,6.137790103268421,-4.9527258396179485,4.042017667780488,0.0,0.0,0.0,0.07500000298023224,0.0
val,121,friction_mid,Q2_lateral,AQ5,0,25,58,0.0,0.0,5.955288635320102,-4.933111120596539,7.329733891604132,-3.619084956965033,4.403499627155588,0.0,0.0,0.0,0.05000000074505806,0.0
val,121,friction_mid,Q2_lateral,AQ5,0,28,59,0.0,0.0,5.9728402392206315,-5.570162473592507,8.630902810610653,-1.0867881652659888,4.878921348084291,0.0,0.0,0.0,0.012500000186264515,0.0
val,121,friction_mid,Q2_lateral,AQ5,0,31,60,0.0,0.0,6.72073972454863,-5.401763284636339,8.289748401862907,1.6994322178061274,4.92788105292375,0.0,0.0,0.0,-0.02500000037252903,0.0
val,121,friction_mid,Q2_lateral,AQ5,0,34,61,0.0,0.0,6.7068902668898644,-4.7033878084653935,6.855318447889167,4.119448816265222,4.280027460734625,0.0,0.0,0.0,-0.0625,0.0
val,121,friction_mid,Q2_lateral,AQ5,0,36,62,0.0,0.0,6.686475732817764,-4.081292007519644,5.578956002549777,5.34362807100317,3.9841319840904585,0.0,0.0,0.0,-0.08749999850988388,0.0
val,121,friction_mid,Q2_lateral,AQ5,0,39,63,0.0,0.0,6.556427857973985,-2.9223565818336295,3.223081613704784,6.332559869707952,5.150349561933439,0.0,0.0,0.0,-0.125,0.0
val,122,friction_mid,Q3_turn,AQ5,0,20,64,0.0,0.0,6.117910782445936,-3.233730900119227,-3.860385030740202,-6.259524315632753,4.649089992379362,0.0,0.0,0.0,0.0,0.18000002205371857
val,122,friction_mid,Q3_turn,AQ5,0,23,65,0.0,0.0,6.119460367449567,-4.352877615519499,-6.137790103268429,-4.952725832325209,4.042017667780461,0.0,0.0,0.0,0.0,0.12000001966953278
val,122,friction_mid,Q3_turn,AQ5,0,25,66,0.0,0.0,5.955288635320111,-4.933111120596528,-7.329733891604133,-3.6190849516431696,4.403499627155605,0.0,0.0,0.0,0.0,0.08000001311302185
val,122,friction_mid,Q3_turn,AQ5,0,28,67,0.0,0.0,5.9728402392208535,-5.570162473592495,-8.630902810610658,-1.086788163682665,4.8789213480842815,0.0,0.0,0.0,0.0,0.02000001072883606
val,122,friction_mid,Q3_turn,AQ5,0,31,68,0.0,0.0,6.720739724548634,-5.4017632846363295,-8.289748401862905,1.6994322152825934,4.927881052923751,0.0,0.0,0.0,0.0,-0.03999999538064003
val,122,friction_mid,Q3_turn,AQ5,0,34,69,0.0,0.0,6.706890266889699,-4.703387808465385,-6.855318447889166,4.11944881017897,4.280027460734588,0.0,0.0,0.0,0.0,-0.10000000149011612
val,122,friction_mid,Q3_turn,AQ5,0,36,70,0.0,0.0,6.686475732817903,-4.081292007519638,-5.578956002549783,5.3436280631167605,3.984131984090474,0.0,0.0,0.0,0.0,-0.14000001549720764
val,122,friction_mid,Q3_turn,AQ5,0,39,71,0.0,0.0,6.556427857973714,-2.9223565818336334,-3.223081613704798,6.332559860372005,5.150349561933416,0.0,0.0,0.0,0.0,-0.20000000298023224
val,124,friction_mid,Q1_straight,AQ5,1,20,72,1.105861626201818,1.3519973997665597,14.627480886071451,7.130929962298495,3.615163723935666e-15,-0.0018548180952890972,3.0919921610359253,0.0,0.0,0.4599999785423279,0.0,0.0
val,124,friction_mid,Q1_straight,AQ5,1,23,73,1.0778056658057495,1.183415197300252,13.396445773161622,8.21361770654462,4.739264536368637e-15,-0.0031357497425990033,2.582337475244672,0.0,0.0,0.5199999809265137,0.0,0.0
val,124,friction_mid,Q1_straight,AQ5,1,27,74,0.0,0.466442789164584,11.138733078092129,8.872651499345105,5.717648576819556e-15,-0.003926867723478056,2.503198244279269,0.0,0.0,0.5600000619888306,0.0,0.0
val,124,friction_mid,Q1_straight,AQ5,1,30,75,0.0,0.493516193826039,12.102969360850253,9.466777706959734,6.25888230132432e-15,-0.004630234408498329,2.6766925172992098,0.0,0.0,0.5900000333786011,0.0,0.0
val,124,friction_mid,Q1_straight,AQ5,1,33,76,1.3190796035430585,1.5324932474206159,15.5869628600664,9.671415923037427,5.88418203051333e-15,-0.004863559912419851,2.4730036297407643,0.0,0.0,0.6000000238418579,0.0,0.0
val,124,friction_mid,Q1_straight,AQ5,1,36,77,2.2715263088838733,2.4320745020205834,20.698598119736843,9.456833643694129,5.898059818321144e-15,-0.004610969429829255,2.7584292106760566,0.0,0.0,0.5900000333786011,0.0,0.0
val,124,friction_mid,Q1_straight,AQ5,1,40,78,1.8957269980837517,1.9711221953258264,14.893312432021643,8.729007034341624,6.70991040507829e-15,-0.0037494662425792136,2.4293423437680284,0.0,0.0,0.5500000715255737,0.0,0.0
val,124,friction_mid,Q1_straight,AQ5,1,43,79,1.7526297055876372,1.8054625447355632,14.910196217881857,8.26567219969921,5.7245874707234634e-15,-0.0031899225732734404,2.572122492132489,0.0,0.0,0.5200000405311584,0.0,0.0
val,125,friction_mid,Q2_lateral,AQ5,1,20,80,4.400152785735401,4.565536798048127,59.853278906791566,-1.7125031407335873,0.8047022290139357,-5.920584823568209,8.294905013650748,0.0,0.0,0.0,0.1875,0.0
val,125,friction_mid,Q2_lateral,AQ5,1,24,81,0.0,0.8876720657463656,13.747171184917692,-3.565701905428317,4.52406322961996,-6.061203907828382,4.779998850963464,0.0,0.0,0.0,0.13750000298023224,0.0
val,125,friction_mid,Q2_lateral,AQ5,1,27,82,0.0,0.9343757148525764,12.221236664814798,-4.67066178934598,6.7766226546112796,-4.569858968125156,4.243438262942396,0.0,0.0,0.0,0.10000000149011612,0.0
val,125,friction_mid,Q2_lateral,AQ5,1,31,83,3.487429162314602,3.8461667480686565,42.486710382733335,-5.648705655478745,8.774534741050262,-1.30944161289308,4.982009271390678,0.0,0.0,0.0,0.05000000074505806,0.0
val,125,friction_mid,Q2_lateral,AQ5,1,34,84,2.6318067798390685,2.9653024253224265,33.816067801573354,-5.5600983900447165,8.607391892572855,0.7905877661254922,5.062648272666141,0.0,0.0,0.0,-0.012500000186264515,0.0
val,125,friction_mid,Q2_lateral,AQ5,1,38,85,0.0,0.0,6.7068902668898644,-4.7033878084653935,6.855318447889167,4.119448816265222,4.280027460734625,0.0,0.0,0.0,-0.0625,0.0
val,125,friction_mid,Q2_lateral,AQ5,1,41,86,2.2000763928677003,2.2000763928677003,30.88438954646554,-3.702978415498257,4.811215005824426,5.749455478928045,4.3747764458571154,0.0,0.0,0.0,-0.10000000149011612,0.0
val,125,friction_mid,Q2_lateral,AQ5,1,45,87,5.201595038969183,5.201595038969183,34.17037312349907,-2.0247730836464415,1.4255914699650434,5.950335545741547,7.495429929663037,0.0,0.0,0.0,-0.15000000596046448,0.0
val,126,friction_mid,Q3_turn,AQ5,1,20,88,4.4001527857354334,4.565536798048157,59.85327890678494,-1.7125031407335756,-0.8047022290139196,-5.920584814829446,8.294905013650789,0.0,0.0,0.0,0.0,0.30000001192092896
val,126,friction_mid,Q3_turn,AQ5,1,24,89,0.0,0.8876720657463713,13.747171184917102,-3.5657019054283166,-4.524063229619971,-6.061203898895218,4.779998850963449,0.0,0.0,0.0,0.0,0.2200000286102295
val,126,friction_mid,Q3_turn,AQ5,1,27,90,0.0,0.9343757148525675,12.221236664814734,-4.670661789345967,-6.776622654611278,-4.569858961399172,4.24343826294238,0.0,0.0,0.0,0.0,0.1600000113248825
val,126,friction_mid,Q3_turn,AQ5,1,31,91,3.487429162314569,3.8461667480686224,42.48671038273531,-5.648705655478732,-8.774534741050264,-1.3094416109817786,4.98200927139067,0.0,0.0,0.0,0.0,0.08000002056360245
val,126,friction_mid,Q3_turn,AQ5,1,34,92,2.631806779839065,2.9653024253224145,33.8160678015701,-5.560098390044704,-8.60739189257285,0.7905877649408892,5.062648272666139,0.0,0.0,0.0,0.0,-0.019999992102384567
val,126,friction_mid,Q3_turn,AQ5,1,38,93,0.0,0.0,6.706890266889699,-4.703387808465385,-6.855318447889166,4.11944881017897,4.280027460734588,0.0,0.0,0.0,0.0,-0.10000000149011612
val,126,friction_mid,Q3_turn,AQ5,1,41,94,2.2000763928677167,2.2000763928677167,30.88438954646334,-3.7029784154982543,-4.811215005824431,5.74945547044605,4.374776445857128,0.0,0.0,0.0,0.0,-0.1599999964237213
val,126,friction_mid,Q3_turn,AQ5,1,45,95,5.201595038969215,5.201595038969215,34.170373123493256,-2.0247730836464424,-1.4255914699650496,5.950335536975357,7.495429929663018,0.0,0.0,0.0,0.0,-0.24000000953674316
val,200,friction_low,Q1_straight,AQ5,0,20,96,0.0,0.0,6.223340966974535,7.989285258689109,4.440892098500626e-15,-0.0028743346386071456,2.078005039828399,0.0,0.0,0.5099999904632568,0.0,0.0
val,200,friction_low,Q1_straight,AQ5,0,23,97,0.0,0.0,6.2509296091140545,8.499429080476522,5.440092820663267e-15,-0.0034882419605834214,2.311874359014365,0.0,0.0,0.5400000214576721,0.0,0.0
val,200,friction_low,Q1_straight,AQ5,0,25,98,0.0,0.0,6.277469663840234,8.869786080225335,6.036837696399289e-15,-0.003928974293361087,2.58089383371055,0.0,0.0,0.5600000023841858,0.0,0.0
val,200,friction_low,Q1_straight,AQ5,0,28,99,0.0,0.0,6.271821508809682,9.468298710951535,6.022959908591474e-15,-0.004633918601418291,2.5901580959699713,0.0,0.0,0.5900000333786011,0.0,0.0
val,200,friction_low,Q1_straight,AQ5,0,31,100,0.0,0.0,6.293901738113101,9.265379372896039,5.1833537462186996e-15,-0.004392512929609627,2.6999654573163734,0.0,0.0,0.5800000429153442,0.0,0.0
val,200,friction_low,Q1_straight,AQ5,0,34,101,0.0,0.0,6.132197177597874,8.709705118363258,6.5156213757688874e-15,-0.0037334705328014514,2.4641161876781283,0.0,0.0,0.5500000715255737,0.0,0.0
val,200,friction_low,Q1_straight,AQ5,0,36,102,0.0,0.0,6.3394018244479176,8.368279901261882,6.321332346459485e-15,-0.003324443449788217,2.150738326707641,0.0,0.0,0.5300000309944153,0.0,0.0
val,200,friction_low,Q1_straight,AQ5,0,39,103,0.0,0.0,5.604715062129769,7.900665722371384,5.405398351143731e-15,-0.0027566300153812895,2.414017289263168,0.0,0.0,0.5,0.0,0.0
val,201,friction_low,Q2_lateral,AQ5,0,20,104,0.0,0.0,6.117910782446124,-3.233730900119232,3.860385030740198,-6.259524324860601,4.649089992379374,0.0,0.0,0.0,0.11249999701976776,0.0
val,201,friction_low,Q2_lateral,AQ5,0,23,105,0.0,0.0,6.119460367449689,-4.352877615519505,6.137790103268421,-4.9527258396179485,4.042017667780488,0.0,0.0,0.0,0.07500000298023224,0.0
val,201,friction_low,Q2_lateral,AQ5,0,25,106,0.0,0.0,5.955288635320102,-4.933111120596539,7.329733891604132,-3.619084956965033,4.403499627155588,0.0,0.0,0.0,0.05000000074505806,0.0
val,201,friction_low,Q2_lateral,AQ5,0,28,107,0.0,0.0,5.9728402392206315,-5.570162473592507,8.630902810610653,-1.0867881652659888,4.878921348084291,0.0,0.0,0.0,0.012500000186264515,0.0
val,201,friction_low,Q2_lateral,AQ5,0,31,108,0.0,0.0,6.72073972454863,-5.401763284636339,8.289748401862907,1.6994322178061274,4.92788105292375,0.0,0.0,0.0,-0.02500000037252903,0.0
val,201,friction_low,Q2_lateral,AQ5,0,34,109,0.0,0.0,6.7068902668898644,-4.7033878084653935,6.855318447889167,4.119448816265222,4.280027460734625,0.0,0.0,0.0,-0.0625,0.0
val,201,friction_low,Q2_lateral,AQ5,0,36,110,0.0,0.0,6.686475732817764,-4.081292007519644,5.578956002549777,5.34362807100317,3.9841319840904585,0.0,0.0,0.0,-0.08749999850988388,0.0
val,201,friction_low,Q2_lateral,AQ5,0,39,111,0.0,0.0,6.556427857973985,-2.9223565818336295,3.223081613704784,6.332559869707952,5.150349561933439,0.0,0.0,0.0,-0.125,0.0
val,202,friction_low,Q3_turn,AQ5,0,20,112,0.0,0.0,6.117910782445936,-3.233730900119227,-3.860385030740202,-6.259524315632753,4.649089992379362,0.0,0.0,0.0,0.0,0.18000002205371857
val,202,friction_low,Q3_turn,AQ5,0,23,113,0.0,0.0,6.119460367449567,-4.352877615519499,-6.137790103268429,-4.952725832325209,4.042017667780461,0.0,0.0,0.0,0.0,0.12000001966953278
val,202,friction_low,Q3_turn,AQ5,0,25,114,0.0,0.0,5.955288635320111,-4.933111120596528,-7.329733891604133,-3.6190849516431696,4.403499627155605,0.0,0.0,0.0,0.0,0.08000001311302185
val,202,friction_low,Q3_turn,AQ5,0,28,115,0.0,0.0,5.9728402392208535,-5.570162473592495,-8.630902810610658,-1.086788163682665,4.8789213480842815,0.0,0.0,0.0,0.0,0.02000001072883606
val,202,friction_low,Q3_turn,AQ5,0,31,116,0.0,0.0,6.720739724548634,-5.4017632846363295,-8.289748401862905,1.6994322152825934,4.927881052923751,0.0,0.0,0.0,0.0,-0.03999999538064003
val,202,friction_low,Q3_turn,AQ5,0,34,117,0.0,0.0,6.706890266889699,-4.703387808465385,-6.855318447889166,4.11944881017897,4.280027460734588,0.0,0.0,0.0,0.0,-0.10000000149011612
val,202,friction_low,Q3_turn,AQ5,0,36,118,0.0,0.0,6.686475732817903,-4.081292007519638,-5.578956002549783,5.3436280631167605,3.984131984090474,0.0,0.0,0.0,0.0,-0.14000001549720764
val,202,friction_low,Q3_turn,AQ5,0,39,119,0.0,0.0,6.556427857973714,-2.9223565818336334,-3.223081613704798,6.332559860372005,5.150349561933416,0.0,0.0,0.0,0.0,-0.20000000298023224
val,204,friction_low,Q1_straight,AQ5,1,20,120,1.105861626201818,1.3519973997665597,14.627480886071451,7.130929962298495,3.615163723935666e-15,-0.0018548180952890972,3.0919921610359253,0.0,0.0,0.4599999785423279,0.0,0.0
val,204,friction_low,Q1_straight,AQ5,1,23,121,1.0778056658057495,1.183415197300252,13.396445773161622,8.21361770654462,4.739264536368637e-15,-0.0031357497425990033,2.582337475244672,0.0,0.0,0.5199999809265137,0.0,0.0
val,204,friction_low,Q1_straight,AQ5,1,27,122,0.0,0.466442789164584,11.138733078092129,8.872651499345105,5.717648576819556e-15,-0.003926867723478056,2.503198244279269,0.0,0.0,0.5600000619888306,0.0,0.0
val,204,friction_low,Q1_straight,AQ5,1,30,123,0.0,0.493516193826039,12.102969360850253,9.466777706959734,6.25888230132432e-15,-0.004630234408498329,2.6766925172992098,0.0,0.0,0.5900000333786011,0.0,0.0
val,204,friction_low,Q1_straight,AQ5,1,33,124,1.3190796035430585,1.5324932474206159,15.5869628600664,9.671415923037427,5.88418203051333e-15,-0.004863559912419851,2.4730036297407643,0.0,0.0,0.6000000238418579,0.0,0.0
val,204,friction_low,Q1_straight,AQ5,1,36,125,2.2715263088838733,2.4320745020205834,20.698598119736843,9.456833643694129,5.898059818321144e-15,-0.004610969429829255,2.7584292106760566,0.0,0.0,0.5900000333786011,0.0,0.0
val,204,friction_low,Q1_straight,AQ5,1,40,126,1.8957269980837517,1.9711221953258264,14.893312432021643,8.729007034341624,6.70991040507829e-15,-0.0037494662425792136,2.4293423437680284,0.0,0.0,0.5500000715255737,0.0,0.0
val,204,friction_low,Q1_straight,AQ5,1,43,127,1.7526297055876372,1.8054625447355632,14.910196217881857,8.26567219969921,5.7245874707234634e-15,-0.0031899225732734404,2.572122492132489,0.0,0.0,0.5200000405311584,0.0,0.0
val,205,friction_low,Q2_lateral,AQ5,1,20,128,4.400152785735401,4.565536798048127,59.853278906791566,-1.7125031407335873,0.8047022290139357,-5.920584823568209,8.294905013650748,0.0,0.0,0.0,0.1875,0.0
val,205,friction_low,Q2_lateral,AQ5,1,24,129,0.0,0.8876720657463656,13.747171184917692,-3.565701905428317,4.52406322961996,-6.061203907828382,4.779998850963464,0.0,0.0,0.0,0.13750000298023224,0.0
val,205,friction_low,Q2_lateral,AQ5,1,27,130,0.0,0.9343757148525764,12.221236664814798,-4.67066178934598,6.7766226546112796,-4.569858968125156,4.243438262942396,0.0,0.0,0.0,0.10000000149011612,0.0
val,205,friction_low,Q2_lateral,AQ5,1,31,131,3.487429162314602,3.8461667480686565,42.486710382733335,-5.648705655478745,8.774534741050262,-1.30944161289308,4.982009271390678,0.0,0.0,0.0,0.05000000074505806,0.0
val,205,friction_low,Q2_lateral,AQ5,1,34,132,2.6318067798390685,2.9653024253224265,33.816067801573354,-5.5600983900447165,8.607391892572855,0.7905877661254922,5.062648272666141,0.0,0.0,0.0,-0.012500000186264515,0.0
val,205,friction_low,Q2_lateral,AQ5,1,38,133,0.0,0.0,6.7068902668898644,-4.7033878084653935,6.855318447889167,4.119448816265222,4.280027460734625,0.0,0.0,0.0,-0.0625,0.0
val,205,friction_low,Q2_lateral,AQ5,1,41,134,2.2000763928677003,2.2000763928677003,30.88438954646554,-3.702978415498257,4.811215005824426,5.749455478928045,4.3747764458571154,0.0,0.0,0.0,-0.10000000149011612,0.0
val,205,friction_low,Q2_lateral,AQ5,1,45,135,5.201595038969183,5.201595038969183,34.17037312349907,-2.0247730836464415,1.4255914699650434,5.950335545741547,7.495429929663037,0.0,0.0,0.0,-0.15000000596046448,0.0
val,206,friction_low,Q3_turn,AQ5,1,20,136,4.4001527857354334,4.565536798048157,59.85327890678494,-1.7125031407335756,-0.8047022290139196,-5.920584814829446,8.294905013650789,0.0,0.0,0.0,0.0,0.30000001192092896
val,206,friction_low,Q3_turn,AQ5,1,24,137,0.0,0.8876720657463713,13.747171184917102,-3.5657019054283166,-4.524063229619971,-6.061203898895218,4.779998850963449,0.0,0.0,0.0,0.0,0.2200000286102295
val,206,friction_low,Q3_turn,AQ5,1,27,138,0.0,0.9343757148525675,12.221236664814734,-4.670661789345967,-6.776622654611278,-4.569858961399172,4.24343826294238,0.0,0.0,0.0,0.0,0.1600000113248825
val,206,friction_low,Q3_turn,AQ5,1,31,139,3.487429162314569,3.8461667480686224,42.48671038273531,-5.648705655478732,-8.774534741050264,-1.3094416109817786,4.98200927139067,0.0,0.0,0.0,0.0,0.08000002056360245
val,206,friction_low,Q3_turn,AQ5,1,34,140,2.631806779839065,2.9653024253224145,33.8160678015701,-5.560098390044704,-8.60739189257285,0.7905877649408892,5.062648272666139,0.0,0.0,0.0,0.0,-0.019999992102384567
val,206,friction_low,Q3_turn,AQ5,1,38,141,0.0,0.0,6.706890266889699,-4.703387808465385,-6.855318447889166,4.11944881017897,4.280027460734588,0.0,0.0,0.0,0.0,-0.10000000149011612
val,206,friction_low,Q3_turn,AQ5,1,41,142,2.2000763928677167,2.2000763928677167,30.88438954646334,-3.7029784154982543,-4.811215005824431,5.74945547044605,4.374776445857128,0.0,0.0,0.0,0.0,-0.1599999964237213
val,206,friction_low,Q3_turn,AQ5,1,45,143,5.201595038969215,5.201595038969215,34.170373123493256,-2.0247730836464424,-1.4255914699650496,5.950335536975357,7.495429929663018,0.0,0.0,0.0,0.0,-0.24000000953674316
A_unseen_anchor_seen_family,48,normal,Q1_straight,AQ6,0,20,0,0.0,0.0,6.223340966974535,7.989285258689109,4.440892098500626e-15,-0.0028743346386071456,2.0780050398283993,0.0,0.0,0.5099999904632568,0.0,0.0
A_unseen_anchor_seen_family,48,normal,Q1_straight,AQ6,0,23,1,0.0,0.0,6.2509296091140545,8.499429080476522,5.440092820663267e-15,-0.0034882419605834214,2.311874359014365,0.0,0.0,0.5400000214576721,0.0,0.0
A_unseen_anchor_seen_family,48,normal,Q1_straight,AQ6,0,25,2,0.0,0.0,6.277469663840234,8.869786080225337,6.0645932720149176e-15,-0.0039289742933612815,2.58089383371055,0.0,0.0,0.5600000023841858,0.0,0.0
A_unseen_anchor_seen_family,48,normal,Q1_straight,AQ6,0,28,3,0.0,0.0,6.271821508809682,9.468298710951535,6.022959908591474e-15,-0.004633918601418291,2.5901580959699713,0.0,0.0,0.5900000333786011,0.0,0.0
A_unseen_anchor_seen_family,48,normal,Q1_straight,AQ6,0,31,4,0.0,0.0,6.2939017381131,9.265379372896039,5.1833537462186996e-15,-0.004392512929609627,2.6999654573163734,0.0,0.0,0.5800000429153442,0.0,0.0
A_unseen_anchor_seen_family,48,normal,Q1_straight,AQ6,0,34,5,0.0,0.0,6.132197177597875,8.709705118363253,6.529499163576702e-15,-0.003733470532801597,2.464116187678129,0.0,0.0,0.5500000715255737,0.0,0.0
A_unseen_anchor_seen_family,48,normal,Q1_straight,AQ6,0,36,6,0.0,0.0,6.3394018244479176,8.368279901261882,6.321332346459485e-15,-0.003324443449788217,2.150738326707641,0.0,0.0,0.5300000309944153,0.0,0.0
A_unseen_anchor_seen_family,48,normal,Q1_straight,AQ6,0,39,7,0.0,0.0,5.6047150621297686,7.900665722371384,5.405398351143731e-15,-0.0027566300153812895,2.414017289263168,0.0,0.0,0.5,0.0,0.0
A_unseen_anchor_seen_family,49,normal,Q2_lateral,AQ6,0,20,8,0.0,0.0,6.117910782446123,-3.233730900119233,3.860385030740198,-6.259524324860599,4.649089992379374,0.0,0.0,0.0,0.11249999701976776,0.0
A_unseen_anchor_seen_family,49,normal,Q2_lateral,AQ6,0,23,9,0.0,0.0,6.119460367449689,-4.352877615519505,6.137790103268421,-4.9527258396179485,4.042017667780488,0.0,0.0,0.0,0.07500000298023224,0.0
A_unseen_anchor_seen_family,49,normal,Q2_lateral,AQ6,0,25,10,0.0,0.0,5.955288635320103,-4.933111120596539,7.329733891604132,-3.619084956965033,4.403499627155588,0.0,0.0,0.0,0.05000000074505806,0.0
A_unseen_anchor_seen_family,49,normal,Q2_lateral,AQ6,0,28,11,0.0,0.0,5.972840239220632,-5.570162473592507,8.630902810610657,-1.0867881652659888,4.87892134808429,0.0,0.0,0.0,0.012500000186264515,0.0
A_unseen_anchor_seen_family,49,normal,Q2_lateral,AQ6,0,31,12,0.0,0.0,6.72073972454863,-5.401763284636339,8.289748401862907,1.6994322178061274,4.927881052923751,0.0,0.0,0.0,-0.02500000037252903,0.0
A_unseen_anchor_seen_family,49,normal,Q2_lateral,AQ6,0,34,13,0.0,0.0,6.706890266889865,-4.7033878084653935,6.855318447889167,4.119448816265222,4.280027460734625,0.0,0.0,0.0,-0.0625,0.0
A_unseen_anchor_seen_family,49,normal,Q2_lateral,AQ6,0,36,14,0.0,0.0,6.686475732817763,-4.081292007519641,5.578956002549776,5.343628071003174,3.984131984090458,0.0,0.0,0.0,-0.08749999850988388,0.0
A_unseen_anchor_seen_family,49,normal,Q2_lateral,AQ6,0,39,15,0.0,0.0,6.556427857973985,-2.9223565818336295,3.223081613704784,6.332559869707952,5.150349561933439,0.0,0.0,0.0,-0.125,0.0
A_unseen_anchor_seen_family,50,normal,Q3_turn,AQ6,0,20,16,0.0,0.0,6.117910782445936,-3.233730900119227,-3.860385030740202,-6.259524315632753,4.649089992379362,0.0,0.0,0.0,0.0,0.18000002205371857
A_unseen_anchor_seen_family,50,normal,Q3_turn,AQ6,0,23,17,0.0,0.0,6.119460367449567,-4.352877615519497,-6.137790103268428,-4.952725832325211,4.04201766778046,0.0,0.0,0.0,0.0,0.12000001966953278
A_unseen_anchor_seen_family,50,normal,Q3_turn,AQ6,0,25,18,0.0,0.0,5.955288635320111,-4.933111120596528,-7.329733891604133,-3.6190849516431696,4.403499627155605,0.0,0.0,0.0,0.0,0.08000001311302185
A_unseen_anchor_seen_family,50,normal,Q3_turn,AQ6,0,28,19,0.0,0.0,5.9728402392208535,-5.570162473592495,-8.630902810610658,-1.086788163682665,4.878921348084282,0.0,0.0,0.0,0.0,0.02000001072883606
A_unseen_anchor_seen_family,50,normal,Q3_turn,AQ6,0,31,20,0.0,0.0,6.720739724548634,-5.4017632846363295,-8.28974840186291,1.6994322152825934,4.92788105292375,0.0,0.0,0.0,0.0,-0.03999999538064003
A_unseen_anchor_seen_family,50,normal,Q3_turn,AQ6,0,34,21,0.0,0.0,6.706890266889699,-4.703387808465385,-6.855318447889166,4.11944881017897,4.280027460734587,0.0,0.0,0.0,0.0,-0.10000000149011612
A_unseen_anchor_seen_family,50,normal,Q3_turn,AQ6,0,36,22,0.0,0.0,6.686475732817904,-4.081292007519638,-5.578956002549783,5.3436280631167605,3.984131984090474,0.0,0.0,0.0,0.0,-0.14000001549720764
A_unseen_anchor_seen_family,50,normal,Q3_turn,AQ6,0,39,23,0.0,0.0,6.5564278579737145,-2.922356581833632,-3.2230816137047955,6.332559860372006,5.1503495619334165,0.0,0.0,0.0,0.0,-0.20000000298023224
A_unseen_anchor_seen_family,52,normal,Q1_straight,AQ6,1,20,24,1.1108373402043976,1.3537286985311072,15.074425470835466,7.669125496472892,4.0592529337857286e-15,-0.002491613932530841,2.7051981595660073,0.0,0.0,0.4899999499320984,0.0,0.0
A_unseen_anchor_seen_family,52,normal,Q1_straight,AQ6,1,23,25,1.1159049512642125,1.574495008266224,18.538370132528573,8.534055574890745,5.079270337660091e-15,-0.0035184371382968593,2.3156811751638995,0.0,0.0,0.5400000214576721,0.0,0.0
A_unseen_anchor_seen_family,52,normal,Q1_straight,AQ6,1,27,26,0.0,0.6621477035760978,11.874398438896076,9.232239948646614,6.231126725708691e-15,-0.004354101498936808,2.641372273756397,0.0,0.0,0.5800000429153442,0.0,0.0
A_unseen_anchor_seen_family,52,normal,Q1_straight,AQ6,1,30,27,0.0,0.5454633501380547,10.382749887309988,9.845201399991721,6.0923488476305465e-15,-0.005072064154004324,2.4980043885941896,0.0,0.0,0.6100000143051147,0.0,0.0
A_unseen_anchor_seen_family,52,normal,Q1_straight,AQ6,1,33,28,1.8559444180127815,1.98643821175164,12.124716910641608,9.853990494139945,6.050715484207103e-15,-0.005078908813697686,2.523358511462198,0.0,0.0,0.6100000143051147,0.0,0.0
A_unseen_anchor_seen_family,52,normal,Q1_straight,AQ6,1,36,29,1.7507990223759875,1.814099624130733,15.017804389939618,9.262095356450118,6.279698983036042e-15,-0.004384758232659713,2.6977503270799508,0.0,0.0,0.5800000429153442,0.0,0.0
A_unseen_anchor_seen_family,52,normal,Q1_straight,AQ6,1,40,30,2.2571970540405353,2.4167071522013153,17.53843640986453,8.605602217354573,6.6405214660392176e-15,-0.0036007292046921213,2.3803636673802067,0.0,0.0,0.5400000810623169,0.0,0.0
A_unseen_anchor_seen_family,52,normal,Q1_straight,AQ6,1,43,31,1.0778056658057495,1.0778056658057495,11.623549985435615,7.7300441084150515,5.1833537462186996e-15,-0.00255524994270228,2.6067056621224065,0.0,0.0,0.49000006914138794,0.0,0.0
A_unseen_anchor_seen_family,53,normal,Q2_lateral,AQ6,1,20,32,4.3028998317868625,4.452242091881486,24.71647022836741,-2.4749023183810777,2.341297075865936,-6.320371577742036,6.496064615590946,0.0,0.0,0.0,0.15000000596046448,0.0
A_unseen_anchor_seen_family,53,normal,Q2_lateral,AQ6,1,23,33,3.7871664185868315,4.028085263279079,45.461541161014146,-3.7789299872993305,4.96301669124451,-5.743348246783043,4.613793519757763,0.0,0.0,0.0,0.11249999701976776,0.0
A_unseen_anchor_seen_family,53,normal,Q2_lateral,AQ6,1,27,34,0.0,0.9778117301634219,14.047671008188884,-5.084056023344521,7.632159881306921,-3.3530046105740623,4.52767662602981,0.0,0.0,0.0,0.0625,0.0
A_unseen_anchor_seen_family,53,normal,Q2_lateral,AQ6,1,30,35,0.0,1.0628029873754912,13.983608279269667,-5.706837623196863,8.899151683834711,-0.7389857429382227,4.844550751905066,0.0,0.0,0.0,0.02500000037252903,0.0
A_unseen_anchor_seen_family,53,normal,Q2_lateral,AQ6,1,33,36,0.0,0.0,8.607698941317661,-5.545004852772495,8.57434796298228,1.383557724847488,4.896178266387834,0.0,0.0,0.0,-0.03750000149011612,0.0
A_unseen_anchor_seen_family,53,normal,Q2_lateral,AQ6,1,36,37,0.0,0.0,8.575400663848585,-4.858592148693346,7.167253380672277,3.8902818647643715,4.3813271757377885,0.0,0.0,0.0,-0.07500000298023224,0.0
A_unseen_anchor_seen_family,53,normal,Q2_lateral,AQ6,1,40,38,2.1514499158934313,3.062177575158871,16.944441457607176,-3.472442087484457,4.340078900195374,6.024968256397549,4.724522739608995,0.0,0.0,0.0,-0.125,0.0
A_unseen_anchor_seen_family,53,normal,Q2_lateral,AQ6,1,43,39,4.844680957391401,4.844680957391401,28.624798563298146,-2.1313871245819485,1.6450682007773187,6.109263376264217,7.28959271646332,0.0,0.0,0.0,-0.16249999403953552,0.0
A_unseen_anchor_seen_family,54,normal,Q3_turn,AQ6,1,20,40,4.302899831786892,4.452242091881496,24.71647022836318,-2.474902318381071,-2.3412970758659366,-6.320371568419247,6.496064615590961,0.0,0.0,0.0,0.0,0.24000000953674316
A_unseen_anchor_seen_family,54,normal,Q3_turn,AQ6,1,23,41,3.787166418586814,4.028085263279065,45.461541161012626,-3.7789299872993256,-4.963016691244517,-5.743348238320204,4.613793519757744,0.0,0.0,0.0,0.0,0.18000002205371857
A_unseen_anchor_seen_family,54,normal,Q3_turn,AQ6,1,27,42,0.0,0.9778117301634313,14.047671008184603,-5.084056023344512,-7.6321598813069285,-3.3530046056455554,4.527676626029826,0.0,0.0,0.0,0.0,0.10000000894069672
A_unseen_anchor_seen_family,54,normal,Q3_turn,AQ6,1,30,43,0.0,1.0628029873754845,13.983608279270618,-5.706837623196849,-8.89915168383471,-0.738985741868567,4.844550751905059,0.0,0.0,0.0,0.0,0.04000001400709152
A_unseen_anchor_seen_family,54,normal,Q3_turn,AQ6,1,33,44,0.0,0.0,8.60769894131767,-5.5450048527724825,-8.574347962982282,1.3835577227887361,4.896178266387836,0.0,0.0,0.0,0.0,-0.059999994933605194
A_unseen_anchor_seen_family,54,normal,Q3_turn,AQ6,1,36,45,0.0,0.0,8.575400663848464,-4.858592148693338,-7.167253380672281,3.8902818590149146,4.381327175737753,0.0,0.0,0.0,0.0,-0.12000000476837158
A_unseen_anchor_seen_family,54,normal,Q3_turn,AQ6,1,40,46,2.151449915893446,3.062177575158875,16.944441457605393,-3.472442087484457,-4.340078900195388,6.024968247511073,4.724522739608998,0.0,0.0,0.0,0.0,-0.20000000298023224
A_unseen_anchor_seen_family,54,normal,Q3_turn,AQ6,1,43,47,4.8446809573914384,4.8446809573914384,28.62479856329154,-2.1313871245819485,-1.6450682007773219,6.109263367262865,7.289592716463303,0.0,0.0,0.0,0.0,-0.25999999046325684
A_unseen_anchor_seen_family,56,normal,Q1_straight,AQ7,0,20,48,0.0,0.0,6.223340966974535,7.989285258689109,4.440892098500626e-15,-0.0028743346386071456,2.0780050398283993,0.0,0.0,0.5099999904632568,0.0,0.0
A_unseen_anchor_seen_family,56,normal,Q1_straight,AQ7,0,23,49,0.0,0.0,6.2509296091140545,8.499429080476522,5.440092820663267e-15,-0.0034882419605834214,2.311874359014365,0.0,0.0,0.5400000214576721,0.0,0.0
A_unseen_anchor_seen_family,56,normal,Q1_straight,AQ7,0,25,50,0.0,0.0,6.277469663840234,8.869786080225337,6.0645932720149176e-15,-0.0039289742933612815,2.58089383371055,0.0,0.0,0.5600000023841858,0.0,0.0
A_unseen_anchor_seen_family,56,normal,Q1_straight,AQ7,0,28,51,0.0,0.0,6.271821508809682,9.468298710951535,6.022959908591474e-15,-0.004633918601418291,2.5901580959699713,0.0,0.0,0.5900000333786011,0.0,0.0
A_unseen_anchor_seen_family,56,normal,Q1_straight,AQ7,0,31,52,0.0,0.0,6.2939017381131,9.265379372896039,5.1833537462186996e-15,-0.004392512929609627,2.6999654573163734,0.0,0.0,0.5800000429153442,0.0,0.0
A_unseen_anchor_seen_family,56,normal,Q1_straight,AQ7,0,34,53,0.0,0.0,6.132197177597875,8.709705118363253,6.529499163576702e-15,-0.003733470532801597,2.464116187678129,0.0,0.0,0.5500000715255737,0.0,0.0
A_unseen_anchor_seen_family,56,normal,Q1_straight,AQ7,0,36,54,0.0,0.0,6.3394018244479176,8.368279901261882,6.321332346459485e-15,-0.003324443449788217,2.150738326707641,0.0,0.0,0.5300000309944153,0.0,0.0
A_unseen_anchor_seen_family,56,normal,Q1_straight,AQ7,0,39,55,0.0,0.0,5.6047150621297686,7.900665722371384,5.405398351143731e-15,-0.0027566300153812895,2.414017289263168,0.0,0.0,0.5,0.0,0.0
A_unseen_anchor_seen_family,57,normal,Q2_lateral,AQ7,0,20,56,0.0,0.0,6.117910782446123,-3.233730900119233,3.860385030740198,-6.259524324860599,4.649089992379374,0.0,0.0,0.0,0.11249999701976776,0.0
A_unseen_anchor_seen_family,57,normal,Q2_lateral,AQ7,0,23,57,0.0,0.0,6.119460367449689,-4.352877615519505,6.137790103268421,-4.9527258396179485,4.042017667780488,0.0,0.0,0.0,0.07500000298023224,0.0
A_unseen_anchor_seen_family,57,normal,Q2_lateral,AQ7,0,25,58,0.0,0.0,5.955288635320103,-4.933111120596539,7.329733891604132,-3.619084956965033,4.403499627155588,0.0,0.0,0.0,0.05000000074505806,0.0
A_unseen_anchor_seen_family,57,normal,Q2_lateral,AQ7,0,28,59,0.0,0.0,5.972840239220632,-5.570162473592507,8.630902810610657,-1.0867881652659888,4.87892134808429,0.0,0.0,0.0,0.012500000186264515,0.0
A_unseen_anchor_seen_family,57,normal,Q2_lateral,AQ7,0,31,60,0.0,0.0,6.72073972454863,-5.401763284636339,8.289748401862907,1.6994322178061274,4.927881052923751,0.0,0.0,0.0,-0.02500000037252903,0.0
A_unseen_anchor_seen_family,57,normal,Q2_lateral,AQ7,0,34,61,0.0,0.0,6.706890266889865,-4.7033878084653935,6.855318447889167,4.119448816265222,4.280027460734625,0.0,0.0,0.0,-0.0625,0.0
A_unseen_anchor_seen_family,57,normal,Q2_lateral,AQ7,0,36,62,0.0,0.0,6.686475732817763,-4.081292007519641,5.578956002549776,5.343628071003174,3.984131984090458,0.0,0.0,0.0,-0.08749999850988388,0.0
A_unseen_anchor_seen_family,57,normal,Q2_lateral,AQ7,0,39,63,0.0,0.0,6.556427857973985,-2.9223565818336295,3.223081613704784,6.332559869707952,5.150349561933439,0.0,0.0,0.0,-0.125,0.0
A_unseen_anchor_seen_family,58,normal,Q3_turn,AQ7,0,20,64,0.0,0.0,6.117910782445936,-3.233730900119227,-3.860385030740202,-6.259524315632753,4.649089992379362,0.0,0.0,0.0,0.0,0.18000002205371857
A_unseen_anchor_seen_family,58,normal,Q3_turn,AQ7,0,23,65,0.0,0.0,6.119460367449567,-4.352877615519497,-6.137790103268428,-4.952725832325211,4.04201766778046,0.0,0.0,0.0,0.0,0.12000001966953278
A_unseen_anchor_seen_family,58,normal,Q3_turn,AQ7,0,25,66,0.0,0.0,5.955288635320111,-4.933111120596528,-7.329733891604133,-3.6190849516431696,4.403499627155605,0.0,0.0,0.0,0.0,0.08000001311302185
A_unseen_anchor_seen_family,58,normal,Q3_turn,AQ7,0,28,67,0.0,0.0,5.9728402392208535,-5.570162473592495,-8.630902810610658,-1.086788163682665,4.878921348084282,0.0,0.0,0.0,0.0,0.02000001072883606
A_unseen_anchor_seen_family,58,normal,Q3_turn,AQ7,0,31,68,0.0,0.0,6.720739724548634,-5.4017632846363295,-8.28974840186291,1.6994322152825934,4.92788105292375,0.0,0.0,0.0,0.0,-0.03999999538064003
A_unseen_anchor_seen_family,58,normal,Q3_turn,AQ7,0,34,69,0.0,0.0,6.706890266889699,-4.703387808465385,-6.855318447889166,4.11944881017897,4.280027460734587,0.0,0.0,0.0,0.0,-0.10000000149011612
A_unseen_anchor_seen_family,58,normal,Q3_turn,AQ7,0,36,70,0.0,0.0,6.686475732817904,-4.081292007519638,-5.578956002549783,5.3436280631167605,3.984131984090474,0.0,0.0,0.0,0.0,-0.14000001549720764
A_unseen_anchor_seen_family,58,normal,Q3_turn,AQ7,0,39,71,0.0,0.0,6.5564278579737145,-2.922356581833632,-3.2230816137047955,6.332559860372006,5.1503495619334165,0.0,0.0,0.0,0.0,-0.20000000298023224
A_unseen_anchor_seen_family,60,normal,Q1_straight,AQ7,1,20,72,1.7277774337973328,1.7277774337973326,21.29487409332374,7.973610695340816,4.468647674116255e-15,-0.002857640503875436,2.2422579446565365,0.0,0.0,0.5099999904632568,0.0,0.0
A_unseen_anchor_seen_family,60,normal,Q1_straight,AQ7,1,23,73,1.8536261866262989,1.853626186626299,20.41021978203814,8.491042900580334,5.35682609381638e-15,-0.003481097403840089,2.41991544848385,0.0,0.0,0.5400000214576721,0.0,0.0
A_unseen_anchor_seen_family,60,normal,Q1_straight,AQ7,1,25,74,1.947280298341154,1.9833736468415153,19.026571072757164,8.860624403211022,6.147859998861804e-15,-0.003920728040280014,2.70062841176914,0.0,0.0,0.5600000023841858,0.0,0.0
A_unseen_anchor_seen_family,60,normal,Q1_straight,AQ7,1,28,75,2.891551846255643,3.0232488647931013,17.968168439159214,9.235393955285316,5.689893001203927e-15,-0.00436352588520772,3.179238376077164,0.0,0.0,0.5800000429153442,0.0,0.0
A_unseen_anchor_seen_family,60,normal,Q1_straight,AQ7,1,31,76,1.887387352974709,2.0391108026385787,17.906557460956734,9.069690303260106,5.488665077990618e-15,-0.00416424877318855,2.8025861015897338,0.0,0.0,0.5699999928474426,0.0,0.0
A_unseen_anchor_seen_family,60,normal,Q1_straight,AQ7,1,34,77,2.018013404011682,2.0783114508580502,16.47845760469123,8.542924898833363,6.140921104957897e-15,-0.0035362249925044997,2.3577800588341526,0.0,0.0,0.5400000810623169,0.0,0.0
A_unseen_anchor_seen_family,60,normal,Q1_straight,AQ7,1,36,78,1.105861626201818,1.2089803258591456,12.783638157631524,8.197694138359019,6.127043317150083e-15,-0.0031213600418029674,2.174761426229347,0.0,0.0,0.5200000405311584,0.0,0.0
A_unseen_anchor_seen_family,60,normal,Q1_straight,AQ7,1,39,79,1.2653504981831167,1.4797806478510083,15.1709508702484,7.522893895658716,5.002942504717112e-15,-0.002309648810938862,2.696515898182319,0.0,0.0,0.48000001907348633,0.0,0.0
A_unseen_anchor_seen_family,61,normal,Q2_lateral,AQ7,1,20,80,4.326953263797277,4.326953263797277,44.759164467841764,-3.2907140889160424,3.9880788140878813,-5.933007417175263,4.810878848409453,0.0,0.0,0.0,0.07500000298023224,0.0
A_unseen_anchor_seen_family,61,normal,Q2_lateral,AQ7,1,22,81,3.1454941410131663,3.1454941410131663,19.535221233064604,-4.022254962115585,5.475511260595883,-5.179590317563353,4.225974753057994,0.0,0.0,0.0,0.05000000074505806,0.0
A_unseen_anchor_seen_family,61,normal,Q2_lateral,AQ7,1,25,82,3.5007597959494543,3.7735604825807725,35.00044952996895,-4.847909748685078,7.167903909874831,-3.261975232221142,4.861643118214083,0.0,0.0,0.0,0.012500000186264515,0.0
A_unseen_anchor_seen_family,61,normal,Q2_lateral,AQ7,1,27,83,2.4623480450043806,2.8810132097109076,33.054569401924866,-5.273123668120432,8.037188904796214,-1.6544999951081647,5.15088194788107,0.0,0.0,0.0,-0.012500000186264515,0.0
A_unseen_anchor_seen_family,61,normal,Q2_lateral,AQ7,1,30,84,0.0,0.0,8.607698941317661,-5.545004852772495,8.57434796298228,1.383557724847488,4.896178266387834,0.0,0.0,0.0,-0.03750000149011612,0.0
A_unseen_anchor_seen_family,61,normal,Q2_lateral,AQ7,1,32,85,0.0,1.4034427793696298,14.58094312525249,-5.098375768566542,7.6601194978738745,3.0875436900298787,4.776185924771163,0.0,0.0,0.0,-0.0625,0.0
A_unseen_anchor_seen_family,61,normal,Q2_lateral,AQ7,1,35,86,0.0,0.0,10.258489283129403,-4.2431959662439045,5.9040504394917095,5.18918540781446,4.061173768669722,0.0,0.0,0.0,-0.10000000149011612,0.0
A_unseen_anchor_seen_family,61,normal,Q2_lateral,AQ7,1,37,87,2.1514499158934313,3.062177575158871,16.944441457607176,-3.472442087484457,4.340078900195374,6.024968256397549,4.724522739608995,0.0,0.0,0.0,-0.125,0.0
A_unseen_anchor_seen_family,62,normal,Q3_turn,AQ7,1,20,88,4.326953263797257,4.326953263797257,44.759164467840435,-3.2907140889160362,-3.9880788140878836,-5.933007408429463,4.81087884840944,0.0,0.0,0.0,0.0,0.12000000476837158
A_unseen_anchor_seen_family,62,normal,Q3_turn,AQ7,1,22,89,3.1454941410131765,3.1454941410131765,19.535221233058007,-4.022254962115576,-5.475511260595886,-5.179590309933836,4.2259747530579705,0.0,0.0,0.0,0.0,0.08000000566244125
A_unseen_anchor_seen_family,62,normal,Q3_turn,AQ7,1,25,90,3.500759795949455,3.773560482580772,35.000449529972926,-4.847909748685068,-7.167903909874837,-3.2619752274253644,4.861643118214088,0.0,0.0,0.0,0.0,0.02000000700354576
A_unseen_anchor_seen_family,62,normal,Q3_turn,AQ7,1,27,91,2.4623480450043713,2.8810132097109027,33.05456940192944,-5.273123668120422,-8.037188904796215,-1.654499992685752,5.150881947881059,0.0,0.0,0.0,0.0,-0.019999993965029716
A_unseen_anchor_seen_family,62,normal,Q3_turn,AQ7,1,30,92,0.0,0.0,8.60769894131767,-5.5450048527724825,-8.574347962982282,1.3835577227887361,4.896178266387836,0.0,0.0,0.0,0.0,-0.059999994933605194
A_unseen_anchor_seen_family,62,normal,Q3_turn,AQ7,1,32,93,0.0,1.4034427793696236,14.580943125252347,-5.098375768566533,-7.660119497873876,3.087543685462135,4.776185924771147,0.0,0.0,0.0,0.0,-0.10000000149011612
A_unseen_anchor_seen_family,62,normal,Q3_turn,AQ7,1,35,94,0.0,0.0,10.258489283130624,-4.243195966243901,-5.904050439491717,5.189185400154627,4.061173768669729,0.0,0.0,0.0,0.0,-0.1599999964237213
A_unseen_anchor_seen_family,62,normal,Q3_turn,AQ7,1,37,95,2.151449915893446,3.062177575158875,16.944441457605393,-3.472442087484457,-4.340078900195388,6.024968247511073,4.724522739608998,0.0,0.0,0.0,0.0,-0.20000000298023224
A_unseen_anchor_seen_family,128,friction_mid,Q1_straight,AQ6,0,20,96,0.0,0.0,6.223340966974535,7.989285258689109,4.440892098500626e-15,-0.0028743346386071456,2.0780050398283993,0.0,0.0,0.5099999904632568,0.0,0.0
A_unseen_anchor_seen_family,128,friction_mid,Q1_straight,AQ6,0,23,97,0.0,0.0,6.2509296091140545,8.499429080476522,5.440092820663267e-15,-0.0034882419605834214,2.311874359014365,0.0,0.0,0.5400000214576721,0.0,0.0
A_unseen_anchor_seen_family,128,friction_mid,Q1_straight,AQ6,0,25,98,0.0,0.0,6.277469663840234,8.869786080225337,6.0645932720149176e-15,-0.0039289742933612815,2.58089383371055,0.0,0.0,0.5600000023841858,0.0,0.0
A_unseen_anchor_seen_family,128,friction_mid,Q1_straight,AQ6,0,28,99,0.0,0.0,6.271821508809682,9.468298710951535,6.022959908591474e-15,-0.004633918601418291,2.5901580959699713,0.0,0.0,0.5900000333786011,0.0,0.0
A_unseen_anchor_seen_family,128,friction_mid,Q1_straight,AQ6,0,31,100,0.0,0.0,6.2939017381131,9.265379372896039,5.1833537462186996e-15,-0.004392512929609627,2.6999654573163734,0.0,0.0,0.5800000429153442,0.0,0.0
A_unseen_anchor_seen_family,128,friction_mid,Q1_straight,AQ6,0,34,101,0.0,0.0,6.132197177597875,8.709705118363253,6.529499163576702e-15,-0.003733470532801597,2.464116187678129,0.0,0.0,0.5500000715255737,0.0,0.0
A_unseen_anchor_seen_family,128,friction_mid,Q1_straight,AQ6,0,36,102,0.0,0.0,6.3394018244479176,8.368279901261882,6.321332346459485e-15,-0.003324443449788217,2.150738326707641,0.0,0.0,0.5300000309944153,0.0,0.0
A_unseen_anchor_seen_family,128,friction_mid,Q1_straight,AQ6,0,39,103,0.0,0.0,5.6047150621297686,7.900665722371384,5.405398351143731e-15,-0.0027566300153812895,2.414017289263168,0.0,0.0,0.5,0.0,0.0
A_unseen_anchor_seen_family,129,friction_mid,Q2_lateral,AQ6,0,20,104,0.0,0.0,6.117910782446123,-3.233730900119233,3.860385030740198,-6.259524324860599,4.649089992379374,0.0,0.0,0.0,0.11249999701976776,0.0
A_unseen_anchor_seen_family,129,friction_mid,Q2_lateral,AQ6,0,23,105,0.0,0.0,6.119460367449689,-4.352877615519505,6.137790103268421,-4.9527258396179485,4.042017667780488,0.0,0.0,0.0,0.07500000298023224,0.0
A_unseen_anchor_seen_family,129,friction_mid,Q2_lateral,AQ6,0,25,106,0.0,0.0,5.955288635320103,-4.933111120596539,7.329733891604132,-3.619084956965033,4.403499627155588,0.0,0.0,0.0,0.05000000074505806,0.0
A_unseen_anchor_seen_family,129,friction_mid,Q2_lateral,AQ6,0,28,107,0.0,0.0,5.972840239220632,-5.570162473592507,8.630902810610657,-1.0867881652659888,4.87892134808429,0.0,0.0,0.0,0.012500000186264515,0.0
A_unseen_anchor_seen_family,129,friction_mid,Q2_lateral,AQ6,0,31,108,0.0,0.0,6.72073972454863,-5.401763284636339,8.289748401862907,1.6994322178061274,4.927881052923751,0.0,0.0,0.0,-0.02500000037252903,0.0
A_unseen_anchor_seen_family,129,friction_mid,Q2_lateral,AQ6,0,34,109,0.0,0.0,6.706890266889865,-4.7033878084653935,6.855318447889167,4.119448816265222,4.280027460734625,0.0,0.0,0.0,-0.0625,0.0
A_unseen_anchor_seen_family,129,friction_mid,Q2_lateral,AQ6,0,36,110,0.0,0.0,6.686475732817763,-4.081292007519641,5.578956002549776,5.343628071003174,3.984131984090458,0.0,0.0,0.0,-0.08749999850988388,0.0
A_unseen_anchor_seen_family,129,friction_mid,Q2_lateral,AQ6,0,39,111,0.0,0.0,6.556427857973985,-2.9223565818336295,3.223081613704784,6.332559869707952,5.150349561933439,0.0,0.0,0.0,-0.125,0.0
A_unseen_anchor_seen_family,130,friction_mid,Q3_turn,AQ6,0,20,112,0.0,0.0,6.117910782445936,-3.233730900119227,-3.860385030740202,-6.259524315632753,4.649089992379362,0.0,0.0,0.0,0.0,0.18000002205371857
A_unseen_anchor_seen_family,130,friction_mid,Q3_turn,AQ6,0,23,113,0.0,0.0,6.119460367449567,-4.352877615519497,-6.137790103268428,-4.952725832325211,4.04201766778046,0.0,0.0,0.0,0.0,0.12000001966953278
A_unseen_anchor_seen_family,130,friction_mid,Q3_turn,AQ6,0,25,114,0.0,0.0,5.955288635320111,-4.933111120596528,-7.329733891604133,-3.6190849516431696,4.403499627155605,0.0,0.0,0.0,0.0,0.08000001311302185
A_unseen_anchor_seen_family,130,friction_mid,Q3_turn,AQ6,0,28,115,0.0,0.0,5.9728402392208535,-5.570162473592495,-8.630902810610658,-1.086788163682665,4.878921348084282,0.0,0.0,0.0,0.0,0.02000001072883606
A_unseen_anchor_seen_family,130,friction_mid,Q3_turn,AQ6,0,31,116,0.0,0.0,6.720739724548634,-5.4017632846363295,-8.28974840186291,1.6994322152825934,4.92788105292375,0.0,0.0,0.0,0.0,-0.03999999538064003
A_unseen_anchor_seen_family,130,friction_mid,Q3_turn,AQ6,0,34,117,0.0,0.0,6.706890266889699,-4.703387808465385,-6.855318447889166,4.11944881017897,4.280027460734587,0.0,0.0,0.0,0.0,-0.10000000149011612
A_unseen_anchor_seen_family,130,friction_mid,Q3_turn,AQ6,0,36,118,0.0,0.0,6.686475732817904,-4.081292007519638,-5.578956002549783,5.3436280631167605,3.984131984090474,0.0,0.0,0.0,0.0,-0.14000001549720764
A_unseen_anchor_seen_family,130,friction_mid,Q3_turn,AQ6,0,39,119,0.0,0.0,6.5564278579737145,-2.922356581833632,-3.2230816137047955,6.332559860372006,5.1503495619334165,0.0,0.0,0.0,0.0,-0.20000000298023224
A_unseen_anchor_seen_family,132,friction_mid,Q1_straight,AQ6,1,20,120,1.1108373402043976,1.3537286985311072,15.074425470835466,7.669125496472892,4.0592529337857286e-15,-0.002491613932530841,2.7051981595660073,0.0,0.0,0.4899999499320984,0.0,0.0
A_unseen_anchor_seen_family,132,friction_mid,Q1_straight,AQ6,1,23,121,1.1159049512642125,1.574495008266224,18.538370132528573,8.534055574890745,5.079270337660091e-15,-0.0035184371382968593,2.3156811751638995,0.0,0.0,0.5400000214576721,0.0,0.0
A_unseen_anchor_seen_family,132,friction_mid,Q1_straight,AQ6,1,27,122,0.0,0.6621477035760978,11.874398438896076,9.232239948646614,6.231126725708691e-15,-0.004354101498936808,2.641372273756397,0.0,0.0,0.5800000429153442,0.0,0.0
A_unseen_anchor_seen_family,132,friction_mid,Q1_straight,AQ6,1,30,123,0.0,0.5454633501380547,10.382749887309988,9.845201399991721,6.0923488476305465e-15,-0.005072064154004324,2.4980043885941896,0.0,0.0,0.6100000143051147,0.0,0.0
A_unseen_anchor_seen_family,132,friction_mid,Q1_straight,AQ6,1,33,124,1.8559444180127815,1.98643821175164,12.124716910641608,9.853990494139945,6.050715484207103e-15,-0.005078908813697686,2.523358511462198,0.0,0.0,0.6100000143051147,0.0,0.0
A_unseen_anchor_seen_family,132,friction_mid,Q1_straight,AQ6,1,36,125,1.7507990223759875,1.814099624130733,15.017804389939618,9.262095356450118,6.279698983036042e-15,-0.004384758232659713,2.6977503270799508,0.0,0.0,0.5800000429153442,0.0,0.0
A_unseen_anchor_seen_family,132,friction_mid,Q1_straight,AQ6,1,40,126,2.2571970540405353,2.4167071522013153,17.53843640986453,8.605602217354573,6.6405214660392176e-15,-0.0036007292046921213,2.3803636673802067,0.0,0.0,0.5400000810623169,0.0,0.0
A_unseen_anchor_seen_family,132,friction_mid,Q1_straight,AQ6,1,43,127,1.0778056658057495,1.0778056658057495,11.623549985435615,7.7300441084150515,5.1833537462186996e-15,-0.00255524994270228,2.6067056621224065,0.0,0.0,0.49000006914138794,0.0,0.0
A_unseen_anchor_seen_family,133,friction_mid,Q2_lateral,AQ6,1,20,128,4.3028998317868625,4.452242091881486,24.71647022836741,-2.4749023183810777,2.341297075865936,-6.320371577742036,6.496064615590946,0.0,0.0,0.0,0.15000000596046448,0.0
A_unseen_anchor_seen_family,133,friction_mid,Q2_lateral,AQ6,1,23,129,3.7871664185868315,4.028085263279079,45.461541161014146,-3.7789299872993305,4.96301669124451,-5.743348246783043,4.613793519757763,0.0,0.0,0.0,0.11249999701976776,0.0
A_unseen_anchor_seen_family,133,friction_mid,Q2_lateral,AQ6,1,27,130,0.0,0.9778117301634219,14.047671008188884,-5.084056023344521,7.632159881306921,-3.3530046105740623,4.52767662602981,0.0,0.0,0.0,0.0625,0.0
A_unseen_anchor_seen_family,133,friction_mid,Q2_lateral,AQ6,1,30,131,0.0,1.0628029873754912,13.983608279269667,-5.706837623196863,8.899151683834711,-0.7389857429382227,4.844550751905066,0.0,0.0,0.0,0.02500000037252903,0.0
A_unseen_anchor_seen_family,133,friction_mid,Q2_lateral,AQ6,1,33,132,0.0,0.0,8.607698941317661,-5.545004852772495,8.57434796298228,1.383557724847488,4.896178266387834,0.0,0.0,0.0,-0.03750000149011612,0.0
A_unseen_anchor_seen_family,133,friction_mid,Q2_lateral,AQ6,1,36,133,0.0,0.0,8.575400663848585,-4.858592148693346,7.167253380672277,3.8902818647643715,4.3813271757377885,0.0,0.0,0.0,-0.07500000298023224,0.0
A_unseen_anchor_seen_family,133,friction_mid,Q2_lateral,AQ6,1,40,134,2.1514499158934313,3.062177575158871,16.944441457607176,-3.472442087484457,4.340078900195374,6.024968256397549,4.724522739608995,0.0,0.0,0.0,-0.125,0.0
A_unseen_anchor_seen_family,133,friction_mid,Q2_lateral,AQ6,1,43,135,4.844680957391401,4.844680957391401,28.624798563298146,-2.1313871245819485,1.6450682007773187,6.109263376264217,7.28959271646332,0.0,0.0,0.0,-0.16249999403953552,0.0
A_unseen_anchor_seen_family,134,friction_mid,Q3_turn,AQ6,1,20,136,4.302899831786892,4.452242091881496,24.71647022836318,-2.474902318381071,-2.3412970758659366,-6.320371568419247,6.496064615590961,0.0,0.0,0.0,0.0,0.24000000953674316
A_unseen_anchor_seen_family,134,friction_mid,Q3_turn,AQ6,1,23,137,3.787166418586814,4.028085263279065,45.461541161012626,-3.7789299872993256,-4.963016691244517,-5.743348238320204,4.613793519757744,0.0,0.0,0.0,0.0,0.18000002205371857
A_unseen_anchor_seen_family,134,friction_mid,Q3_turn,AQ6,1,27,138,0.0,0.9778117301634313,14.047671008184603,-5.084056023344512,-7.6321598813069285,-3.3530046056455554,4.527676626029826,0.0,0.0,0.0,0.0,0.10000000894069672
A_unseen_anchor_seen_family,134,friction_mid,Q3_turn,AQ6,1,30,139,0.0,1.0628029873754845,13.983608279270618,-5.706837623196849,-8.89915168383471,-0.738985741868567,4.844550751905059,0.0,0.0,0.0,0.0,0.04000001400709152
A_unseen_anchor_seen_family,134,friction_mid,Q3_turn,AQ6,1,33,140,0.0,0.0,8.60769894131767,-5.5450048527724825,-8.574347962982282,1.3835577227887361,4.896178266387836,0.0,0.0,0.0,0.0,-0.059999994933605194
A_unseen_anchor_seen_family,134,friction_mid,Q3_turn,AQ6,1,36,141,0.0,0.0,8.575400663848464,-4.858592148693338,-7.167253380672281,3.8902818590149146,4.381327175737753,0.0,0.0,0.0,0.0,-0.12000000476837158
A_unseen_anchor_seen_family,134,friction_mid,Q3_turn,AQ6,1,40,142,2.151449915893446,3.062177575158875,16.944441457605393,-3.472442087484457,-4.340078900195388,6.024968247511073,4.724522739608998,0.0,0.0,0.0,0.0,-0.20000000298023224
A_unseen_anchor_seen_family,134,friction_mid,Q3_turn,AQ6,1,43,143,4.8446809573914384,4.8446809573914384,28.62479856329154,-2.1313871245819485,-1.6450682007773219,6.109263367262865,7.289592716463303,0.0,0.0,0.0,0.0,-0.25999999046325684
A_unseen_anchor_seen_family,136,friction_mid,Q1_straight,AQ7,0,20,144,0.0,0.0,6.223340966974535,7.989285258689109,4.440892098500626e-15,-0.0028743346386071456,2.0780050398283993,0.0,0.0,0.5099999904632568,0.0,0.0
A_unseen_anchor_seen_family,136,friction_mid,Q1_straight,AQ7,0,23,145,0.0,0.0,6.2509296091140545,8.499429080476522,5.440092820663267e-15,-0.0034882419605834214,2.311874359014365,0.0,0.0,0.5400000214576721,0.0,0.0
A_unseen_anchor_seen_family,136,friction_mid,Q1_straight,AQ7,0,25,146,0.0,0.0,6.277469663840234,8.869786080225337,6.0645932720149176e-15,-0.0039289742933612815,2.58089383371055,0.0,0.0,0.5600000023841858,0.0,0.0
A_unseen_anchor_seen_family,136,friction_mid,Q1_straight,AQ7,0,28,147,0.0,0.0,6.271821508809682,9.468298710951535,6.022959908591474e-15,-0.004633918601418291,2.5901580959699713,0.0,0.0,0.5900000333786011,0.0,0.0
A_unseen_anchor_seen_family,136,friction_mid,Q1_straight,AQ7,0,31,148,0.0,0.0,6.2939017381131,9.265379372896039,5.1833537462186996e-15,-0.004392512929609627,2.6999654573163734,0.0,0.0,0.5800000429153442,0.0,0.0
A_unseen_anchor_seen_family,136,friction_mid,Q1_straight,AQ7,0,34,149,0.0,0.0,6.132197177597875,8.709705118363253,6.529499163576702e-15,-0.003733470532801597,2.464116187678129,0.0,0.0,0.5500000715255737,0.0,0.0
A_unseen_anchor_seen_family,136,friction_mid,Q1_straight,AQ7,0,36,150,0.0,0.0,6.3394018244479176,8.368279901261882,6.321332346459485e-15,-0.003324443449788217,2.150738326707641,0.0,0.0,0.5300000309944153,0.0,0.0
A_unseen_anchor_seen_family,136,friction_mid,Q1_straight,AQ7,0,39,151,0.0,0.0,5.6047150621297686,7.900665722371384,5.405398351143731e-15,-0.0027566300153812895,2.414017289263168,0.0,0.0,0.5,0.0,0.0
A_unseen_anchor_seen_family,137,friction_mid,Q2_lateral,AQ7,0,20,152,0.0,0.0,6.117910782446123,-3.233730900119233,3.860385030740198,-6.259524324860599,4.649089992379374,0.0,0.0,0.0,0.11249999701976776,0.0
A_unseen_anchor_seen_family,137,friction_mid,Q2_lateral,AQ7,0,23,153,0.0,0.0,6.119460367449689,-4.352877615519505,6.137790103268421,-4.9527258396179485,4.042017667780488,0.0,0.0,0.0,0.07500000298023224,0.0
A_unseen_anchor_seen_family,137,friction_mid,Q2_lateral,AQ7,0,25,154,0.0,0.0,5.955288635320103,-4.933111120596539,7.329733891604132,-3.619084956965033,4.403499627155588,0.0,0.0,0.0,0.05000000074505806,0.0
A_unseen_anchor_seen_family,137,friction_mid,Q2_lateral,AQ7,0,28,155,0.0,0.0,5.972840239220632,-5.570162473592507,8.630902810610657,-1.0867881652659888,4.87892134808429,0.0,0.0,0.0,0.012500000186264515,0.0
A_unseen_anchor_seen_family,137,friction_mid,Q2_lateral,AQ7,0,31,156,0.0,0.0,6.72073972454863,-5.401763284636339,8.289748401862907,1.6994322178061274,4.927881052923751,0.0,0.0,0.0,-0.02500000037252903,0.0
A_unseen_anchor_seen_family,137,friction_mid,Q2_lateral,AQ7,0,34,157,0.0,0.0,6.706890266889865,-4.7033878084653935,6.855318447889167,4.119448816265222,4.280027460734625,0.0,0.0,0.0,-0.0625,0.0
A_unseen_anchor_seen_family,137,friction_mid,Q2_lateral,AQ7,0,36,158,0.0,0.0,6.686475732817763,-4.081292007519641,5.578956002549776,5.343628071003174,3.984131984090458,0.0,0.0,0.0,-0.08749999850988388,0.0
A_unseen_anchor_seen_family,137,friction_mid,Q2_lateral,AQ7,0,39,159,0.0,0.0,6.556427857973985,-2.9223565818336295,3.223081613704784,6.332559869707952,5.150349561933439,0.0,0.0,0.0,-0.125,0.0
A_unseen_anchor_seen_family,138,friction_mid,Q3_turn,AQ7,0,20,160,0.0,0.0,6.117910782445936,-3.233730900119227,-3.860385030740202,-6.259524315632753,4.649089992379362,0.0,0.0,0.0,0.0,0.18000002205371857
A_unseen_anchor_seen_family,138,friction_mid,Q3_turn,AQ7,0,23,161,0.0,0.0,6.119460367449567,-4.352877615519497,-6.137790103268428,-4.952725832325211,4.04201766778046,0.0,0.0,0.0,0.0,0.12000001966953278
A_unseen_anchor_seen_family,138,friction_mid,Q3_turn,AQ7,0,25,162,0.0,0.0,5.955288635320111,-4.933111120596528,-7.329733891604133,-3.6190849516431696,4.403499627155605,0.0,0.0,0.0,0.0,0.08000001311302185
A_unseen_anchor_seen_family,138,friction_mid,Q3_turn,AQ7,0,28,163,0.0,0.0,5.9728402392208535,-5.570162473592495,-8.630902810610658,-1.086788163682665,4.878921348084282,0.0,0.0,0.0,0.0,0.02000001072883606
A_unseen_anchor_seen_family,138,friction_mid,Q3_turn,AQ7,0,31,164,0.0,0.0,6.720739724548634,-5.4017632846363295,-8.28974840186291,1.6994322152825934,4.92788105292375,0.0,0.0,0.0,0.0,-0.03999999538064003
A_unseen_anchor_seen_family,138,friction_mid,Q3_turn,AQ7,0,34,165,0.0,0.0,6.706890266889699,-4.703387808465385,-6.855318447889166,4.11944881017897,4.280027460734587,0.0,0.0,0.0,0.0,-0.10000000149011612
A_unseen_anchor_seen_family,138,friction_mid,Q3_turn,AQ7,0,36,166,0.0,0.0,6.686475732817904,-4.081292007519638,-5.578956002549783,5.3436280631167605,3.984131984090474,0.0,0.0,0.0,0.0,-0.14000001549720764
A_unseen_anchor_seen_family,138,friction_mid,Q3_turn,AQ7,0,39,167,0.0,0.0,6.5564278579737145,-2.922356581833632,-3.2230816137047955,6.332559860372006,5.1503495619334165,0.0,0.0,0.0,0.0,-0.20000000298023224
A_unseen_anchor_seen_family,140,friction_mid,Q1_straight,AQ7,1,20,168,1.7277774337973328,1.7277774337973326,21.29487409332374,7.973610695340816,4.468647674116255e-15,-0.002857640503875436,2.2422579446565365,0.0,0.0,0.5099999904632568,0.0,0.0
A_unseen_anchor_seen_family,140,friction_mid,Q1_straight,AQ7,1,23,169,1.8536261866262989,1.853626186626299,20.41021978203814,8.491042900580334,5.35682609381638e-15,-0.003481097403840089,2.41991544848385,0.0,0.0,0.5400000214576721,0.0,0.0
A_unseen_anchor_seen_family,140,friction_mid,Q1_straight,AQ7,1,25,170,1.947280298341154,1.9833736468415153,19.026571072757164,8.860624403211022,6.147859998861804e-15,-0.003920728040280014,2.70062841176914,0.0,0.0,0.5600000023841858,0.0,0.0
A_unseen_anchor_seen_family,140,friction_mid,Q1_straight,AQ7,1,28,171,2.891551846255643,3.0232488647931013,17.968168439159214,9.235393955285316,5.689893001203927e-15,-0.00436352588520772,3.179238376077164,0.0,0.0,0.5800000429153442,0.0,0.0
A_unseen_anchor_seen_family,140,friction_mid,Q1_straight,AQ7,1,31,172,1.887387352974709,2.0391108026385787,17.906557460956734,9.069690303260106,5.488665077990618e-15,-0.00416424877318855,2.8025861015897338,0.0,0.0,0.5699999928474426,0.0,0.0
A_unseen_anchor_seen_family,140,friction_mid,Q1_straight,AQ7,1,34,173,2.018013404011682,2.0783114508580502,16.47845760469123,8.542924898833363,6.140921104957897e-15,-0.0035362249925044997,2.3577800588341526,0.0,0.0,0.5400000810623169,0.0,0.0
A_unseen_anchor_seen_family,140,friction_mid,Q1_straight,AQ7,1,36,174,1.105861626201818,1.2089803258591456,12.783638157631524,8.197694138359019,6.127043317150083e-15,-0.0031213600418029674,2.174761426229347,0.0,0.0,0.5200000405311584,0.0,0.0
A_unseen_anchor_seen_family,140,friction_mid,Q1_straight,AQ7,1,39,175,1.2653504981831167,1.4797806478510083,15.1709508702484,7.522893895658716,5.002942504717112e-15,-0.002309648810938862,2.696515898182319,0.0,0.0,0.48000001907348633,0.0,0.0
A_unseen_anchor_seen_family,141,friction_mid,Q2_lateral,AQ7,1,20,176,4.326953263797277,4.326953263797277,44.759164467841764,-3.2907140889160424,3.9880788140878813,-5.933007417175263,4.810878848409453,0.0,0.0,0.0,0.07500000298023224,0.0
A_unseen_anchor_seen_family,141,friction_mid,Q2_lateral,AQ7,1,22,177,3.1454941410131663,3.1454941410131663,19.535221233064604,-4.022254962115585,5.475511260595883,-5.179590317563353,4.225974753057994,0.0,0.0,0.0,0.05000000074505806,0.0
A_unseen_anchor_seen_family,141,friction_mid,Q2_lateral,AQ7,1,25,178,3.5007597959494543,3.7735604825807725,35.00044952996895,-4.847909748685078,7.167903909874831,-3.261975232221142,4.861643118214083,0.0,0.0,0.0,0.012500000186264515,0.0
A_unseen_anchor_seen_family,141,friction_mid,Q2_lateral,AQ7,1,27,179,2.4623480450043806,2.8810132097109076,33.054569401924866,-5.273123668120432,8.037188904796214,-1.6544999951081647,5.15088194788107,0.0,0.0,0.0,-0.012500000186264515,0.0
A_unseen_anchor_seen_family,141,friction_mid,Q2_lateral,AQ7,1,30,180,0.0,0.0,8.607698941317661,-5.545004852772495,8.57434796298228,1.383557724847488,4.896178266387834,0.0,0.0,0.0,-0.03750000149011612,0.0
A_unseen_anchor_seen_family,141,friction_mid,Q2_lateral,AQ7,1,32,181,0.0,1.4034427793696298,14.58094312525249,-5.098375768566542,7.6601194978738745,3.0875436900298787,4.776185924771163,0.0,0.0,0.0,-0.0625,0.0
A_unseen_anchor_seen_family,141,friction_mid,Q2_lateral,AQ7,1,35,182,0.0,0.0,10.258489283129403,-4.2431959662439045,5.9040504394917095,5.18918540781446,4.061173768669722,0.0,0.0,0.0,-0.10000000149011612,0.0
A_unseen_anchor_seen_family,141,friction_mid,Q2_lateral,AQ7,1,37,183,2.1514499158934313,3.062177575158871,16.944441457607176,-3.472442087484457,4.340078900195374,6.024968256397549,4.724522739608995,0.0,0.0,0.0,-0.125,0.0
A_unseen_anchor_seen_family,142,friction_mid,Q3_turn,AQ7,1,20,184,4.326953263797257,4.326953263797257,44.759164467840435,-3.2907140889160362,-3.9880788140878836,-5.933007408429463,4.81087884840944,0.0,0.0,0.0,0.0,0.12000000476837158
A_unseen_anchor_seen_family,142,friction_mid,Q3_turn,AQ7,1,22,185,3.1454941410131765,3.1454941410131765,19.535221233058007,-4.022254962115576,-5.475511260595886,-5.179590309933836,4.2259747530579705,0.0,0.0,0.0,0.0,0.08000000566244125
A_unseen_anchor_seen_family,142,friction_mid,Q3_turn,AQ7,1,25,186,3.500759795949455,3.773560482580772,35.000449529972926,-4.847909748685068,-7.167903909874837,-3.2619752274253644,4.861643118214088,0.0,0.0,0.0,0.0,0.02000000700354576
A_unseen_anchor_seen_family,142,friction_mid,Q3_turn,AQ7,1,27,187,2.4623480450043713,2.8810132097109027,33.05456940192944,-5.273123668120422,-8.037188904796215,-1.654499992685752,5.150881947881059,0.0,0.0,0.0,0.0,-0.019999993965029716
A_unseen_anchor_seen_family,142,friction_mid,Q3_turn,AQ7,1,30,188,0.0,0.0,8.60769894131767,-5.5450048527724825,-8.574347962982282,1.3835577227887361,4.896178266387836,0.0,0.0,0.0,0.0,-0.059999994933605194
A_unseen_anchor_seen_family,142,friction_mid,Q3_turn,AQ7,1,32,189,0.0,1.4034427793696236,14.580943125252347,-5.098375768566533,-7.660119497873876,3.087543685462135,4.776185924771147,0.0,0.0,0.0,0.0,-0.10000000149011612
A_unseen_anchor_seen_family,142,friction_mid,Q3_turn,AQ7,1,35,190,0.0,0.0,10.258489283130624,-4.243195966243901,-5.904050439491717,5.189185400154627,4.061173768669729,0.0,0.0,0.0,0.0,-0.1599999964237213
A_unseen_anchor_seen_family,142,friction_mid,Q3_turn,AQ7,1,37,191,2.151449915893446,3.062177575158875,16.944441457605393,-3.472442087484457,-4.340078900195388,6.024968247511073,4.724522739608998,0.0,0.0,0.0,0.0,-0.20000000298023224
A_unseen_anchor_seen_family,208,friction_low,Q1_straight,AQ6,0,20,192,0.0,0.0,6.223340966974535,7.989285258689109,4.440892098500626e-15,-0.0028743346386071456,2.0780050398283993,0.0,0.0,0.5099999904632568,0.0,0.0
A_unseen_anchor_seen_family,208,friction_low,Q1_straight,AQ6,0,23,193,0.0,0.0,6.2509296091140545,8.499429080476522,5.440092820663267e-15,-0.0034882419605834214,2.311874359014365,0.0,0.0,0.5400000214576721,0.0,0.0
A_unseen_anchor_seen_family,208,friction_low,Q1_straight,AQ6,0,25,194,0.0,0.0,6.277469663840234,8.869786080225337,6.0645932720149176e-15,-0.0039289742933612815,2.58089383371055,0.0,0.0,0.5600000023841858,0.0,0.0
A_unseen_anchor_seen_family,208,friction_low,Q1_straight,AQ6,0,28,195,0.0,0.0,6.271821508809682,9.468298710951535,6.022959908591474e-15,-0.004633918601418291,2.5901580959699713,0.0,0.0,0.5900000333786011,0.0,0.0
A_unseen_anchor_seen_family,208,friction_low,Q1_straight,AQ6,0,31,196,0.0,0.0,6.2939017381131,9.265379372896039,5.1833537462186996e-15,-0.004392512929609627,2.6999654573163734,0.0,0.0,0.5800000429153442,0.0,0.0
A_unseen_anchor_seen_family,208,friction_low,Q1_straight,AQ6,0,34,197,0.0,0.0,6.132197177597875,8.709705118363253,6.529499163576702e-15,-0.003733470532801597,2.464116187678129,0.0,0.0,0.5500000715255737,0.0,0.0
A_unseen_anchor_seen_family,208,friction_low,Q1_straight,AQ6,0,36,198,0.0,0.0,6.3394018244479176,8.368279901261882,6.321332346459485e-15,-0.003324443449788217,2.150738326707641,0.0,0.0,0.5300000309944153,0.0,0.0
A_unseen_anchor_seen_family,208,friction_low,Q1_straight,AQ6,0,39,199,0.0,0.0,5.6047150621297686,7.900665722371384,5.405398351143731e-15,-0.0027566300153812895,2.414017289263168,0.0,0.0,0.5,0.0,0.0
A_unseen_anchor_seen_family,209,friction_low,Q2_lateral,AQ6,0,20,200,0.0,0.0,6.117910782446123,-3.233730900119233,3.860385030740198,-6.259524324860599,4.649089992379374,0.0,0.0,0.0,0.11249999701976776,0.0
A_unseen_anchor_seen_family,209,friction_low,Q2_lateral,AQ6,0,23,201,0.0,0.0,6.119460367449689,-4.352877615519505,6.137790103268421,-4.9527258396179485,4.042017667780488,0.0,0.0,0.0,0.07500000298023224,0.0
A_unseen_anchor_seen_family,209,friction_low,Q2_lateral,AQ6,0,25,202,0.0,0.0,5.955288635320103,-4.933111120596539,7.329733891604132,-3.619084956965033,4.403499627155588,0.0,0.0,0.0,0.05000000074505806,0.0
A_unseen_anchor_seen_family,209,friction_low,Q2_lateral,AQ6,0,28,203,0.0,0.0,5.972840239220632,-5.570162473592507,8.630902810610657,-1.0867881652659888,4.87892134808429,0.0,0.0,0.0,0.012500000186264515,0.0
A_unseen_anchor_seen_family,209,friction_low,Q2_lateral,AQ6,0,31,204,0.0,0.0,6.72073972454863,-5.401763284636339,8.289748401862907,1.6994322178061274,4.927881052923751,0.0,0.0,0.0,-0.02500000037252903,0.0
A_unseen_anchor_seen_family,209,friction_low,Q2_lateral,AQ6,0,34,205,0.0,0.0,6.706890266889865,-4.7033878084653935,6.855318447889167,4.119448816265222,4.280027460734625,0.0,0.0,0.0,-0.0625,0.0
A_unseen_anchor_seen_family,209,friction_low,Q2_lateral,AQ6,0,36,206,0.0,0.0,6.686475732817763,-4.081292007519641,5.578956002549776,5.343628071003174,3.984131984090458,0.0,0.0,0.0,-0.08749999850988388,0.0
A_unseen_anchor_seen_family,209,friction_low,Q2_lateral,AQ6,0,39,207,0.0,0.0,6.556427857973985,-2.9223565818336295,3.223081613704784,6.332559869707952,5.150349561933439,0.0,0.0,0.0,-0.125,0.0
A_unseen_anchor_seen_family,210,friction_low,Q3_turn,AQ6,0,20,208,0.0,0.0,6.117910782445936,-3.233730900119227,-3.860385030740202,-6.259524315632753,4.649089992379362,0.0,0.0,0.0,0.0,0.18000002205371857
A_unseen_anchor_seen_family,210,friction_low,Q3_turn,AQ6,0,23,209,0.0,0.0,6.119460367449567,-4.352877615519497,-6.137790103268428,-4.952725832325211,4.04201766778046,0.0,0.0,0.0,0.0,0.12000001966953278
A_unseen_anchor_seen_family,210,friction_low,Q3_turn,AQ6,0,25,210,0.0,0.0,5.955288635320111,-4.933111120596528,-7.329733891604133,-3.6190849516431696,4.403499627155605,0.0,0.0,0.0,0.0,0.08000001311302185
A_unseen_anchor_seen_family,210,friction_low,Q3_turn,AQ6,0,28,211,0.0,0.0,5.9728402392208535,-5.570162473592495,-8.630902810610658,-1.086788163682665,4.878921348084282,0.0,0.0,0.0,0.0,0.02000001072883606
A_unseen_anchor_seen_family,210,friction_low,Q3_turn,AQ6,0,31,212,0.0,0.0,6.720739724548634,-5.4017632846363295,-8.28974840186291,1.6994322152825934,4.92788105292375,0.0,0.0,0.0,0.0,-0.03999999538064003
A_unseen_anchor_seen_family,210,friction_low,Q3_turn,AQ6,0,34,213,0.0,0.0,6.706890266889699,-4.703387808465385,-6.855318447889166,4.11944881017897,4.280027460734587,0.0,0.0,0.0,0.0,-0.10000000149011612
A_unseen_anchor_seen_family,210,friction_low,Q3_turn,AQ6,0,36,214,0.0,0.0,6.686475732817904,-4.081292007519638,-5.578956002549783,5.3436280631167605,3.984131984090474,0.0,0.0,0.0,0.0,-0.14000001549720764
A_unseen_anchor_seen_family,210,friction_low,Q3_turn,AQ6,0,39,215,0.0,0.0,6.5564278579737145,-2.922356581833632,-3.2230816137047955,6.332559860372006,5.1503495619334165,0.0,0.0,0.0,0.0,-0.20000000298023224
A_unseen_anchor_seen_family,212,friction_low,Q1_straight,AQ6,1,20,216,1.1108373402043976,1.3537286985311072,15.074425470835466,7.669125496472892,4.0592529337857286e-15,-0.002491613932530841,2.7051981595660073,0.0,0.0,0.4899999499320984,0.0,0.0
A_unseen_anchor_seen_family,212,friction_low,Q1_straight,AQ6,1,23,217,1.1159049512642125,1.574495008266224,18.538370132528573,8.534055574890745,5.079270337660091e-15,-0.0035184371382968593,2.3156811751638995,0.0,0.0,0.5400000214576721,0.0,0.0
A_unseen_anchor_seen_family,212,friction_low,Q1_straight,AQ6,1,27,218,0.0,0.6621477035760978,11.874398438896076,9.232239948646614,6.231126725708691e-15,-0.004354101498936808,2.641372273756397,0.0,0.0,0.5800000429153442,0.0,0.0
A_unseen_anchor_seen_family,212,friction_low,Q1_straight,AQ6,1,30,219,0.0,0.5454633501380547,10.382749887309988,9.845201399991721,6.0923488476305465e-15,-0.005072064154004324,2.4980043885941896,0.0,0.0,0.6100000143051147,0.0,0.0
A_unseen_anchor_seen_family,212,friction_low,Q1_straight,AQ6,1,33,220,1.8559444180127815,1.98643821175164,12.124716910641608,9.853990494139945,6.050715484207103e-15,-0.005078908813697686,2.523358511462198,0.0,0.0,0.6100000143051147,0.0,0.0
A_unseen_anchor_seen_family,212,friction_low,Q1_straight,AQ6,1,36,221,1.7507990223759875,1.814099624130733,15.017804389939618,9.262095356450118,6.279698983036042e-15,-0.004384758232659713,2.6977503270799508,0.0,0.0,0.5800000429153442,0.0,0.0
A_unseen_anchor_seen_family,212,friction_low,Q1_straight,AQ6,1,40,222,2.2571970540405353,2.4167071522013153,17.53843640986453,8.605602217354573,6.6405214660392176e-15,-0.0036007292046921213,2.3803636673802067,0.0,0.0,0.5400000810623169,0.0,0.0
A_unseen_anchor_seen_family,212,friction_low,Q1_straight,AQ6,1,43,223,1.0778056658057495,1.0778056658057495,11.623549985435615,7.7300441084150515,5.1833537462186996e-15,-0.00255524994270228,2.6067056621224065,0.0,0.0,0.49000006914138794,0.0,0.0
A_unseen_anchor_seen_family,213,friction_low,Q2_lateral,AQ6,1,20,224,4.3028998317868625,4.452242091881486,24.71647022836741,-2.4749023183810777,2.341297075865936,-6.320371577742036,6.496064615590946,0.0,0.0,0.0,0.15000000596046448,0.0
A_unseen_anchor_seen_family,213,friction_low,Q2_lateral,AQ6,1,23,225,3.7871664185868315,4.028085263279079,45.461541161014146,-3.7789299872993305,4.96301669124451,-5.743348246783043,4.613793519757763,0.0,0.0,0.0,0.11249999701976776,0.0
A_unseen_anchor_seen_family,213,friction_low,Q2_lateral,AQ6,1,27,226,0.0,0.9778117301634219,14.047671008188884,-5.084056023344521,7.632159881306921,-3.3530046105740623,4.52767662602981,0.0,0.0,0.0,0.0625,0.0
A_unseen_anchor_seen_family,213,friction_low,Q2_lateral,AQ6,1,30,227,0.0,1.0628029873754912,13.983608279269667,-5.706837623196863,8.899151683834711,-0.7389857429382227,4.844550751905066,0.0,0.0,0.0,0.02500000037252903,0.0
A_unseen_anchor_seen_family,213,friction_low,Q2_lateral,AQ6,1,33,228,0.0,0.0,8.607698941317661,-5.545004852772495,8.57434796298228,1.383557724847488,4.896178266387834,0.0,0.0,0.0,-0.03750000149011612,0.0
A_unseen_anchor_seen_family,213,friction_low,Q2_lateral,AQ6,1,36,229,0.0,0.0,8.575400663848585,-4.858592148693346,7.167253380672277,3.8902818647643715,4.3813271757377885,0.0,0.0,0.0,-0.07500000298023224,0.0
A_unseen_anchor_seen_family,213,friction_low,Q2_lateral,AQ6,1,40,230,2.1514499158934313,3.062177575158871,16.944441457607176,-3.472442087484457,4.340078900195374,6.024968256397549,4.724522739608995,0.0,0.0,0.0,-0.125,0.0
A_unseen_anchor_seen_family,213,friction_low,Q2_lateral,AQ6,1,43,231,4.844680957391401,4.844680957391401,28.624798563298146,-2.1313871245819485,1.6450682007773187,6.109263376264217,7.28959271646332,0.0,0.0,0.0,-0.16249999403953552,0.0
A_unseen_anchor_seen_family,214,friction_low,Q3_turn,AQ6,1,20,232,4.302899831786892,4.452242091881496,24.71647022836318,-2.474902318381071,-2.3412970758659366,-6.320371568419247,6.496064615590961,0.0,0.0,0.0,0.0,0.24000000953674316
A_unseen_anchor_seen_family,214,friction_low,Q3_turn,AQ6,1,23,233,3.787166418586814,4.028085263279065,45.461541161012626,-3.7789299872993256,-4.963016691244517,-5.743348238320204,4.613793519757744,0.0,0.0,0.0,0.0,0.18000002205371857
A_unseen_anchor_seen_family,214,friction_low,Q3_turn,AQ6,1,27,234,0.0,0.9778117301634313,14.047671008184603,-5.084056023344512,-7.6321598813069285,-3.3530046056455554,4.527676626029826,0.0,0.0,0.0,0.0,0.10000000894069672
A_unseen_anchor_seen_family,214,friction_low,Q3_turn,AQ6,1,30,235,0.0,1.0628029873754845,13.983608279270618,-5.706837623196849,-8.89915168383471,-0.738985741868567,4.844550751905059,0.0,0.0,0.0,0.0,0.04000001400709152
A_unseen_anchor_seen_family,214,friction_low,Q3_turn,AQ6,1,33,236,0.0,0.0,8.60769894131767,-5.5450048527724825,-8.574347962982282,1.3835577227887361,4.896178266387836,0.0,0.0,0.0,0.0,-0.059999994933605194
A_unseen_anchor_seen_family,214,friction_low,Q3_turn,AQ6,1,36,237,0.0,0.0,8.575400663848464,-4.858592148693338,-7.167253380672281,3.8902818590149146,4.381327175737753,0.0,0.0,0.0,0.0,-0.12000000476837158
A_unseen_anchor_seen_family,214,friction_low,Q3_turn,AQ6,1,40,238,2.151449915893446,3.062177575158875,16.944441457605393,-3.472442087484457,-4.340078900195388,6.024968247511073,4.724522739608998,0.0,0.0,0.0,0.0,-0.20000000298023224
A_unseen_anchor_seen_family,214,friction_low,Q3_turn,AQ6,1,43,239,4.8446809573914384,4.8446809573914384,28.62479856329154,-2.1313871245819485,-1.6450682007773219,6.109263367262865,7.289592716463303,0.0,0.0,0.0,0.0,-0.25999999046325684
A_unseen_anchor_seen_family,216,friction_low,Q1_straight,AQ7,0,20,240,0.0,0.0,6.223340966974535,7.989285258689109,4.440892098500626e-15,-0.0028743346386071456,2.0780050398283993,0.0,0.0,0.5099999904632568,0.0,0.0
A_unseen_anchor_seen_family,216,friction_low,Q1_straight,AQ7,0,23,241,0.0,0.0,6.2509296091140545,8.499429080476522,5.440092820663267e-15,-0.0034882419605834214,2.311874359014365,0.0,0.0,0.5400000214576721,0.0,0.0
A_unseen_anchor_seen_family,216,friction_low,Q1_straight,AQ7,0,25,242,0.0,0.0,6.277469663840234,8.869786080225337,6.0645932720149176e-15,-0.0039289742933612815,2.58089383371055,0.0,0.0,0.5600000023841858,0.0,0.0
A_unseen_anchor_seen_family,216,friction_low,Q1_straight,AQ7,0,28,243,0.0,0.0,6.271821508809682,9.468298710951535,6.022959908591474e-15,-0.004633918601418291,2.5901580959699713,0.0,0.0,0.5900000333786011,0.0,0.0
A_unseen_anchor_seen_family,216,friction_low,Q1_straight,AQ7,0,31,244,0.0,0.0,6.2939017381131,9.265379372896039,5.1833537462186996e-15,-0.004392512929609627,2.6999654573163734,0.0,0.0,0.5800000429153442,0.0,0.0
A_unseen_anchor_seen_family,216,friction_low,Q1_straight,AQ7,0,34,245,0.0,0.0,6.132197177597875,8.709705118363253,6.529499163576702e-15,-0.003733470532801597,2.464116187678129,0.0,0.0,0.5500000715255737,0.0,0.0
A_unseen_anchor_seen_family,216,friction_low,Q1_straight,AQ7,0,36,246,0.0,0.0,6.3394018244479176,8.368279901261882,6.321332346459485e-15,-0.003324443449788217,2.150738326707641,0.0,0.0,0.5300000309944153,0.0,0.0
A_unseen_anchor_seen_family,216,friction_low,Q1_straight,AQ7,0,39,247,0.0,0.0,5.6047150621297686,7.900665722371384,5.405398351143731e-15,-0.0027566300153812895,2.414017289263168,0.0,0.0,0.5,0.0,0.0
A_unseen_anchor_seen_family,217,friction_low,Q2_lateral,AQ7,0,20,248,0.0,0.0,6.117910782446123,-3.233730900119233,3.860385030740198,-6.259524324860599,4.649089992379374,0.0,0.0,0.0,0.11249999701976776,0.0
A_unseen_anchor_seen_family,217,friction_low,Q2_lateral,AQ7,0,23,249,0.0,0.0,6.119460367449689,-4.352877615519505,6.137790103268421,-4.9527258396179485,4.042017667780488,0.0,0.0,0.0,0.07500000298023224,0.0
A_unseen_anchor_seen_family,217,friction_low,Q2_lateral,AQ7,0,25,250,0.0,0.0,5.955288635320103,-4.933111120596539,7.329733891604132,-3.619084956965033,4.403499627155588,0.0,0.0,0.0,0.05000000074505806,0.0
A_unseen_anchor_seen_family,217,friction_low,Q2_lateral,AQ7,0,28,251,0.0,0.0,5.972840239220632,-5.570162473592507,8.630902810610657,-1.0867881652659888,4.87892134808429,0.0,0.0,0.0,0.012500000186264515,0.0
A_unseen_anchor_seen_family,217,friction_low,Q2_lateral,AQ7,0,31,252,0.0,0.0,6.72073972454863,-5.401763284636339,8.289748401862907,1.6994322178061274,4.927881052923751,0.0,0.0,0.0,-0.02500000037252903,0.0
A_unseen_anchor_seen_family,217,friction_low,Q2_lateral,AQ7,0,34,253,0.0,0.0,6.706890266889865,-4.7033878084653935,6.855318447889167,4.119448816265222,4.280027460734625,0.0,0.0,0.0,-0.0625,0.0
A_unseen_anchor_seen_family,217,friction_low,Q2_lateral,AQ7,0,36,254,0.0,0.0,6.686475732817763,-4.081292007519641,5.578956002549776,5.343628071003174,3.984131984090458,0.0,0.0,0.0,-0.08749999850988388,0.0
A_unseen_anchor_seen_family,217,friction_low,Q2_lateral,AQ7,0,39,255,0.0,0.0,6.556427857973985,-2.9223565818336295,3.223081613704784,6.332559869707952,5.150349561933439,0.0,0.0,0.0,-0.125,0.0
A_unseen_anchor_seen_family,218,friction_low,Q3_turn,AQ7,0,20,256,0.0,0.0,6.117910782445936,-3.233730900119227,-3.860385030740202,-6.259524315632753,4.649089992379362,0.0,0.0,0.0,0.0,0.18000002205371857
A_unseen_anchor_seen_family,218,friction_low,Q3_turn,AQ7,0,23,257,0.0,0.0,6.119460367449567,-4.352877615519497,-6.137790103268428,-4.952725832325211,4.04201766778046,0.0,0.0,0.0,0.0,0.12000001966953278
A_unseen_anchor_seen_family,218,friction_low,Q3_turn,AQ7,0,25,258,0.0,0.0,5.955288635320111,-4.933111120596528,-7.329733891604133,-3.6190849516431696,4.403499627155605,0.0,0.0,0.0,0.0,0.08000001311302185
A_unseen_anchor_seen_family,218,friction_low,Q3_turn,AQ7,0,28,259,0.0,0.0,5.9728402392208535,-5.570162473592495,-8.630902810610658,-1.086788163682665,4.878921348084282,0.0,0.0,0.0,0.0,0.02000001072883606
A_unseen_anchor_seen_family,218,friction_low,Q3_turn,AQ7,0,31,260,0.0,0.0,6.720739724548634,-5.4017632846363295,-8.28974840186291,1.6994322152825934,4.92788105292375,0.0,0.0,0.0,0.0,-0.03999999538064003
A_unseen_anchor_seen_family,218,friction_low,Q3_turn,AQ7,0,34,261,0.0,0.0,6.706890266889699,-4.703387808465385,-6.855318447889166,4.11944881017897,4.280027460734587,0.0,0.0,0.0,0.0,-0.10000000149011612
A_unseen_anchor_seen_family,218,friction_low,Q3_turn,AQ7,0,36,262,0.0,0.0,6.686475732817904,-4.081292007519638,-5.578956002549783,5.3436280631167605,3.984131984090474,0.0,0.0,0.0,0.0,-0.14000001549720764
A_unseen_anchor_seen_family,218,friction_low,Q3_turn,AQ7,0,39,263,0.0,0.0,6.5564278579737145,-2.922356581833632,-3.2230816137047955,6.332559860372006,5.1503495619334165,0.0,0.0,0.0,0.0,-0.20000000298023224
A_unseen_anchor_seen_family,220,friction_low,Q1_straight,AQ7,1,20,264,1.7277774337973328,1.7277774337973326,21.29487409332374,7.973610695340816,4.468647674116255e-15,-0.002857640503875436,2.2422579446565365,0.0,0.0,0.5099999904632568,0.0,0.0
A_unseen_anchor_seen_family,220,friction_low,Q1_straight,AQ7,1,23,265,1.8536261866262989,1.853626186626299,20.41021978203814,8.491042900580334,5.35682609381638e-15,-0.003481097403840089,2.41991544848385,0.0,0.0,0.5400000214576721,0.0,0.0
A_unseen_anchor_seen_family,220,friction_low,Q1_straight,AQ7,1,25,266,1.947280298341154,1.9833736468415153,19.026571072757164,8.860624403211022,6.147859998861804e-15,-0.003920728040280014,2.70062841176914,0.0,0.0,0.5600000023841858,0.0,0.0
A_unseen_anchor_seen_family,220,friction_low,Q1_straight,AQ7,1,28,267,2.891551846255643,3.0232488647931013,17.968168439159214,9.235393955285316,5.689893001203927e-15,-0.00436352588520772,3.179238376077164,0.0,0.0,0.5800000429153442,0.0,0.0
A_unseen_anchor_seen_family,220,friction_low,Q1_straight,AQ7,1,31,268,1.887387352974709,2.0391108026385787,17.906557460956734,9.069690303260106,5.488665077990618e-15,-0.00416424877318855,2.8025861015897338,0.0,0.0,0.5699999928474426,0.0,0.0
A_unseen_anchor_seen_family,220,friction_low,Q1_straight,AQ7,1,34,269,2.018013404011682,2.0783114508580502,16.47845760469123,8.542924898833363,6.140921104957897e-15,-0.0035362249925044997,2.3577800588341526,0.0,0.0,0.5400000810623169,0.0,0.0
A_unseen_anchor_seen_family,220,friction_low,Q1_straight,AQ7,1,36,270,1.105861626201818,1.2089803258591456,12.783638157631524,8.197694138359019,6.127043317150083e-15,-0.0031213600418029674,2.174761426229347,0.0,0.0,0.5200000405311584,0.0,0.0
A_unseen_anchor_seen_family,220,friction_low,Q1_straight,AQ7,1,39,271,1.2653504981831167,1.4797806478510083,15.1709508702484,7.522893895658716,5.002942504717112e-15,-0.002309648810938862,2.696515898182319,0.0,0.0,0.48000001907348633,0.0,0.0
A_unseen_anchor_seen_family,221,friction_low,Q2_lateral,AQ7,1,20,272,4.326953263797277,4.326953263797277,44.759164467841764,-3.2907140889160424,3.9880788140878813,-5.933007417175263,4.810878848409453,0.0,0.0,0.0,0.07500000298023224,0.0
A_unseen_anchor_seen_family,221,friction_low,Q2_lateral,AQ7,1,22,273,3.1454941410131663,3.1454941410131663,19.535221233064604,-4.022254962115585,5.475511260595883,-5.179590317563353,4.225974753057994,0.0,0.0,0.0,0.05000000074505806,0.0
A_unseen_anchor_seen_family,221,friction_low,Q2_lateral,AQ7,1,25,274,3.5007597959494543,3.7735604825807725,35.00044952996895,-4.847909748685078,7.167903909874831,-3.261975232221142,4.861643118214083,0.0,0.0,0.0,0.012500000186264515,0.0
A_unseen_anchor_seen_family,221,friction_low,Q2_lateral,AQ7,1,27,275,2.4623480450043806,2.8810132097109076,33.054569401924866,-5.273123668120432,8.037188904796214,-1.6544999951081647,5.15088194788107,0.0,0.0,0.0,-0.012500000186264515,0.0
A_unseen_anchor_seen_family,221,friction_low,Q2_lateral,AQ7,1,30,276,0.0,0.0,8.607698941317661,-5.545004852772495,8.57434796298228,1.383557724847488,4.896178266387834,0.0,0.0,0.0,-0.03750000149011612,0.0
A_unseen_anchor_seen_family,221,friction_low,Q2_lateral,AQ7,1,32,277,0.0,1.4034427793696298,14.58094312525249,-5.098375768566542,7.6601194978738745,3.0875436900298787,4.776185924771163,0.0,0.0,0.0,-0.0625,0.0
A_unseen_anchor_seen_family,221,friction_low,Q2_lateral,AQ7,1,35,278,0.0,0.0,10.258489283129403,-4.2431959662439045,5.9040504394917095,5.18918540781446,4.061173768669722,0.0,0.0,0.0,-0.10000000149011612,0.0
A_unseen_anchor_seen_family,221,friction_low,Q2_lateral,AQ7,1,37,279,2.1514499158934313,3.062177575158871,16.944441457607176,-3.472442087484457,4.340078900195374,6.024968256397549,4.724522739608995,0.0,0.0,0.0,-0.125,0.0
A_unseen_anchor_seen_family,222,friction_low,Q3_turn,AQ7,1,20,280,4.326953263797257,4.326953263797257,44.759164467840435,-3.2907140889160362,-3.9880788140878836,-5.933007408429463,4.81087884840944,0.0,0.0,0.0,0.0,0.12000000476837158
A_unseen_anchor_seen_family,222,friction_low,Q3_turn,AQ7,1,22,281,3.1454941410131765,3.1454941410131765,19.535221233058007,-4.022254962115576,-5.475511260595886,-5.179590309933836,4.2259747530579705,0.0,0.0,0.0,0.0,0.08000000566244125
A_unseen_anchor_seen_family,222,friction_low,Q3_turn,AQ7,1,25,282,3.500759795949455,3.773560482580772,35.000449529972926,-4.847909748685068,-7.167903909874837,-3.2619752274253644,4.861643118214088,0.0,0.0,0.0,0.0,0.02000000700354576
A_unseen_anchor_seen_family,222,friction_low,Q3_turn,AQ7,1,27,283,2.4623480450043713,2.8810132097109027,33.05456940192944,-5.273123668120422,-8.037188904796215,-1.654499992685752,5.150881947881059,0.0,0.0,0.0,0.0,-0.019999993965029716
A_unseen_anchor_seen_family,222,friction_low,Q3_turn,AQ7,1,30,284,0.0,0.0,8.60769894131767,-5.5450048527724825,-8.574347962982282,1.3835577227887361,4.896178266387836,0.0,0.0,0.0,0.0,-0.059999994933605194
A_unseen_anchor_seen_family,222,friction_low,Q3_turn,AQ7,1,32,285,0.0,1.4034427793696236,14.580943125252347,-5.098375768566533,-7.660119497873876,3.087543685462135,4.776185924771147,0.0,0.0,0.0,0.0,-0.10000000149011612
A_unseen_anchor_seen_family,222,friction_low,Q3_turn,AQ7,1,35,286,0.0,0.0,10.258489283130624,-4.243195966243901,-5.904050439491717,5.189185400154627,4.061173768669729,0.0,0.0,0.0,0.0,-0.1599999964237213
A_unseen_anchor_seen_family,222,friction_low,Q3_turn,AQ7,1,37,287,2.151449915893446,3.062177575158875,16.944441457605393,-3.472442087484457,-4.340078900195388,6.024968247511073,4.724522739608998,0.0,0.0,0.0,0.0,-0.20000000298023224
B_seen_anchor_unseen_family,3,normal,Q4_combo,AQ0,0,20,0,11.627685989328398,11.627685989328398,57.37436612296278,-0.4461252334777803,-2.895288844960424,-4.695389811461077,9.867585444055647,0.775,0.775,0.13500002026557922,0.0,0.13500002026557922
B_seen_anchor_unseen_family,3,normal,Q4_combo,AQ0,0,23,1,12.22741944280176,12.22741944280176,61.742764348228455,-2.1151601819829375,-4.603342691776569,-3.7142975617963425,8.983368326070211,0.85,0.85,0.09000000357627869,0.0,0.09000000357627869
B_seen_anchor_unseen_family,3,normal,Q4_combo,AQ0,0,25,2,12.691506292071708,12.691506292071708,61.112889470364905,-3.0677097335073866,-5.497300555230029,-2.7134420074381427,8.162611766348396,0.9,0.9,0.06000000238418579,0.0,0.06000000238418579
B_seen_anchor_unseen_family,3,normal,Q4_combo,AQ0,0,28,3,13.594524150099836,13.594524150099835,56.69634316667928,-4.231049675356512,-6.473177268721082,-0.8133901605112248,6.282563922966717,0.975,0.975,0.015000000596046448,0.0,0.015000000596046448
B_seen_anchor_unseen_family,3,normal,Q4_combo,AQ0,0,31,4,13.228940200221212,13.228940200221212,62.3987376765809,-4.7687414349447526,-6.217311455805772,1.2770909900933556,7.154506489812254,0.95,0.95,-0.030000001192092896,0.0,-0.030000001192092896
B_seen_anchor_unseen_family,3,normal,Q4_combo,AQ0,0,34,5,12.416586492029305,12.416586492029305,57.69451807694476,-4.985146108393944,-5.141488963607132,3.0929989447050477,8.863304468618683,0.875,0.875,-0.07500000298023224,0.0,-0.07500000298023224
B_seen_anchor_unseen_family,3,normal,Q4_combo,AQ0,0,36,6,11.989226543061053,11.989226543061053,55.921479511703886,-5.070167070811443,-4.184217105828492,4.011795392122532,9.7569767803915,0.825,0.825,-0.10500000417232513,0.0,-0.10500000417232513
B_seen_anchor_unseen_family,3,normal,Q4_combo,AQ0,0,39,7,11.422213304302694,11.422213304302694,63.84473794729266,-5.063002491304427,-2.4173112703131703,4.754512148479421,11.09603655748698,0.75,0.75,-0.15000000596046448,0.0,-0.15000000596046448
B_seen_anchor_unseen_family,7,normal,Q4_combo,AQ0,1,20,8,11.446152328189028,11.479314367916745,54.49679833115932,1.7327434314579597,-1.285923754390308,-4.663952398483227,10.790446549086878,0.75,0.75,0.21000000834465027,0.0,0.21000000834465027
B_seen_anchor_unseen_family,7,normal,Q4_combo,AQ0,1,23,9,12.021976541663971,12.062768182516868,58.82219801979412,-0.13921793848058356,-3.3930475064822208,-4.547305202858949,9.65169590906492,0.825,0.825,0.16500000655651093,0.0,0.16500000655651093
B_seen_anchor_unseen_family,7,normal,Q4_combo,AQ0,1,26,10,12.691506292071708,12.734319966045291,59.50639961461441,-1.7936646760654882,-5.0824671171828895,-3.4278053401310458,8.514877611389556,0.9,0.9,0.12000000476837158,0.0,0.12000000476837158
B_seen_anchor_unseen_family,7,normal,Q4_combo,AQ0,1,29,11,13.594524150099836,13.64030582567897,52.453451477117206,-3.1029280943595556,-6.28625184990207,-1.6703100080256772,6.597548633240786,0.975,0.975,0.07500000298023224,0.0,0.07500000298023224
B_seen_anchor_unseen_family,7,normal,Q4_combo,AQ0,1,32,12,13.950986748951106,14.0785518459064,47.71113274639083,-4.562721110958337,-6.673562002406819,-0.10708757528636163,5.297195065383117,1.0,1.0,0.0,0.0,0.0
B_seen_anchor_unseen_family,7,normal,Q4_combo,AQ0,1,35,13,12.939068956349953,13.079864949491261,57.357938967713864,-4.836103480416428,-5.874187099704849,1.9041330677865391,7.870820487271824,0.925,0.925,-0.04500000178813934,0.0,-0.04500000178813934
B_seen_anchor_unseen_family,7,normal,Q4_combo,AQ0,1,38,14,12.193864126044351,12.353791691573212,47.305353240830335,-5.019660021791735,-4.669996520004188,3.5686186755040135,9.32901123007564,0.85,0.85,-0.09000000357627869,0.0,-0.09000000357627869
B_seen_anchor_unseen_family,7,normal,Q4_combo,AQ0,1,41,15,11.599888065371946,11.792919077011334,48.71677957025642,-5.057098388796623,-3.0200347079272087,4.562821165104364,10.66453266157305,0.775,0.775,-0.13500002026557922,0.0,-0.13500002026557922
B_seen_anchor_unseen_family,11,normal,Q4_combo,AQ1,0,20,16,11.627685989328398,11.627685989328398,57.37436612296278,-0.4461252334777803,-2.895288844960424,-4.695389811461077,9.867585444055647,0.775,0.775,0.13500002026557922,0.0,0.13500002026557922
B_seen_anchor_unseen_family,11,normal,Q4_combo,AQ1,0,23,17,12.22741944280176,12.22741944280176,61.742764348228455,-2.1151601819829375,-4.603342691776569,-3.7142975617963425,8.983368326070211,0.85,0.85,0.09000000357627869,0.0,0.09000000357627869
B_seen_anchor_unseen_family,11,normal,Q4_combo,AQ1,0,25,18,12.691506292071708,12.691506292071708,61.112889470364905,-3.0677097335073866,-5.497300555230029,-2.7134420074381427,8.162611766348396,0.9,0.9,0.06000000238418579,0.0,0.06000000238418579
B_seen_anchor_unseen_family,11,normal,Q4_combo,AQ1,0,28,19,13.594524150099836,13.594524150099835,56.69634316667927,-4.231049675356512,-6.47317726872108,-0.8133901605112248,6.282563922966718,0.975,0.975,0.015000000596046448,0.0,0.015000000596046448
B_seen_anchor_unseen_family,11,normal,Q4_combo,AQ1,0,31,20,13.228940200221212,13.228940200221212,62.3987376765809,-4.7687414349447526,-6.217311455805775,1.2770909900933558,7.154506489812254,0.95,0.95,-0.030000001192092896,0.0,-0.030000001192092896
B_seen_anchor_unseen_family,11,normal,Q4_combo,AQ1,0,34,21,12.416586492029305,12.416586492029305,57.69451807694476,-4.985146108393944,-5.141488963607132,3.0929989447050477,8.863304468618683,0.875,0.875,-0.07500000298023224,0.0,-0.07500000298023224
B_seen_anchor_unseen_family,11,normal,Q4_combo,AQ1,0,36,22,11.989226543061053,11.989226543061053,55.921479511703886,-5.070167070811443,-4.184217105828492,4.011795392122532,9.7569767803915,0.825,0.825,-0.10500000417232513,0.0,-0.10500000417232513
B_seen_anchor_unseen_family,11,normal,Q4_combo,AQ1,0,39,23,11.422213304302694,11.422213304302694,63.84473794729266,-5.063002491304427,-2.4173112703131703,4.754512148479421,11.09603655748698,0.75,0.75,-0.15000000596046448,0.0,-0.15000000596046448
B_seen_anchor_unseen_family,15,normal,Q4_combo,AQ1,1,20,24,11.263312151794247,11.330456635984698,49.96965170768299,1.5357002704861344,-1.1019867472949638,-4.5777643002111414,10.905324692761441,0.725,0.725,0.19500000774860382,0.0,0.19500000774860382
B_seen_anchor_unseen_family,15,normal,Q4_combo,AQ1,1,23,25,11.813413647795537,11.854210758484868,53.98848637600682,-0.29832850177730663,-3.144556029224583,-4.628332375784169,9.766787458401009,0.8,0.8,0.15000000596046448,0.0,0.15000000596046448
B_seen_anchor_unseen_family,15,normal,Q4_combo,AQ1,1,26,26,12.440912991376742,12.483599225913085,56.62988278156723,-1.9660812397339245,-4.844248271529392,-3.577826040864792,8.758805398841535,0.875,0.875,0.10500000417232513,0.0,0.10500000417232513
B_seen_anchor_unseen_family,15,normal,Q4_combo,AQ1,1,29,27,13.255506106259455,13.34898255906561,51.66871226674934,-3.3089145010458636,-6.065907682310454,-1.888725937753125,7.1729837851903655,0.95,0.95,0.06000000238418579,0.0,0.06000000238418579
B_seen_anchor_unseen_family,15,normal,Q4_combo,AQ1,1,33,28,13.950986748951106,14.078578130414376,51.40427853439412,-5.0688070833890775,-6.6607657289547495,0.3391626135676631,5.398172819400178,1.0,1.0,-0.030000001192092896,0.0,-0.030000001192092896
B_seen_anchor_unseen_family,15,normal,Q4_combo,AQ1,1,36,29,12.939068956349953,13.079864949491261,51.001021900471954,-5.301220658443521,-5.745089766086248,2.3190836668152235,8.037421941122902,0.925,0.925,-0.07500000298023224,0.0,-0.07500000298023224
B_seen_anchor_unseen_family,15,normal,Q4_combo,AQ1,1,39,30,12.193864126044351,12.193864126044351,55.25781573609277,-5.458484250692064,-4.428037939590299,3.896278079535214,9.601376237467326,0.85,0.85,-0.12000000476837158,0.0,-0.12000000476837158
B_seen_anchor_unseen_family,15,normal,Q4_combo,AQ1,1,42,31,11.599888065371946,11.599888065371946,59.173896370389045,-5.451184710740274,-2.6521606937365196,4.73519736164854,11.042492991246672,0.775,0.775,-0.16500000655651093,0.0,-0.16500000655651093
B_seen_anchor_unseen_family,19,normal,Q4_combo,AQ2,0,20,32,11.627685989328398,11.627685989328398,57.37436612296278,-0.4461252334777803,-2.895288844960424,-4.695389811461077,9.867585444055647,0.775,0.775,0.13500002026557922,0.0,0.13500002026557922
B_seen_anchor_unseen_family,19,normal,Q4_combo,AQ2,0,23,33,12.22741944280176,12.22741944280176,61.742764348228455,-2.1151601819829375,-4.603342691776569,-3.7142975617963425,8.983368326070211,0.85,0.85,0.09000000357627869,0.0,0.09000000357627869
B_seen_anchor_unseen_family,19,normal,Q4_combo,AQ2,0,25,34,12.691506292071708,12.691506292071708,61.112889470364905,-3.067709733507388,-5.497300555230027,-2.713442007438143,8.162611766348398,0.9,0.9,0.06000000238418579,0.0,0.06000000238418579
B_seen_anchor_unseen_family,19,normal,Q4_combo,AQ2,0,28,35,13.594524150099836,13.594524150099835,56.69634316667928,-4.231049675356512,-6.473177268721082,-0.8133901605112248,6.282563922966717,0.975,0.975,0.015000000596046448,0.0,0.015000000596046448
B_seen_anchor_unseen_family,19,normal,Q4_combo,AQ2,0,31,36,13.228940200221212,13.228940200221212,62.3987376765809,-4.7687414349447526,-6.217311455805775,1.2770909900933558,7.154506489812254,0.95,0.95,-0.030000001192092896,0.0,-0.030000001192092896
B_seen_anchor_unseen_family,19,normal,Q4_combo,AQ2,0,34,37,12.416586492029305,12.416586492029305,57.69451807694476,-4.985146108393944,-5.141488963607132,3.0929989447050477,8.863304468618683,0.875,0.875,-0.07500000298023224,0.0,-0.07500000298023224
B_seen_anchor_unseen_family,19,normal,Q4_combo,AQ2,0,36,38,11.989226543061053,11.989226543061053,55.921479511703886,-5.070167070811443,-4.184217105828492,4.011795392122532,9.7569767803915,0.825,0.825,-0.10500000417232513,0.0,-0.10500000417232513
B_seen_anchor_unseen_family,19,normal,Q4_combo,AQ2,0,39,39,11.422213304302694,11.422213304302694,63.84473794729267,-5.063002491304428,-2.4173112703131716,4.754512148479417,11.096036557486983,0.75,0.75,-0.15000000596046448,0.0,-0.15000000596046448
B_seen_anchor_unseen_family,23,normal,Q4_combo,AQ2,1,20,40,11.627685989328398,11.697591003995223,55.165787009222534,0.33934719248360845,-2.4591164618615173,-4.787467710834099,10.092437634873008,0.775,0.775,0.16500000655651093,0.0,0.16500000655651093
B_seen_anchor_unseen_family,23,normal,Q4_combo,AQ2,1,23,41,12.22741944280176,12.307678529051762,56.889356964200225,-1.4203485672723382,-4.299695382354004,-3.9807368128425025,9.199725753169115,0.85,0.85,0.12000000476837158,0.0,0.12000000476837158
B_seen_anchor_unseen_family,23,normal,Q4_combo,AQ2,1,26,42,12.946558289810568,12.99251126040707,55.80963262704455,-2.9114391024815816,-5.724120053140248,-2.514196587113981,7.78454842717519,0.925,0.925,0.07500000298023224,0.0,0.07500000298023224
B_seen_anchor_unseen_family,23,normal,Q4_combo,AQ2,1,29,43,13.950986748951106,14.001362879387779,52.57085357632937,-4.044319034369231,-6.6743639286356435,-0.5528687409339056,5.396506304543226,1.0,1.0,0.030000001192092896,0.0,0.030000001192092896
B_seen_anchor_unseen_family,23,normal,Q4_combo,AQ2,1,32,44,13.545583953988327,13.545583953988327,60.022964903461826,-5.156194246011699,-6.43076113194638,1.0405082824309715,6.478923536797148,0.975,0.975,-0.04500000178813934,0.0,-0.04500000178813934
B_seen_anchor_unseen_family,23,normal,Q4_combo,AQ2,1,35,45,12.655209901826245,12.655209901826245,53.35291478386307,-5.3691505439885505,-5.375440169004708,2.9214377963785183,8.578663428249543,0.9,0.9,-0.09000000357627869,0.0,-0.09000000357627869
B_seen_anchor_unseen_family,23,normal,Q4_combo,AQ2,1,38,46,11.989226543061053,11.989226543061053,57.09946461711902,-5.4676851957611605,-3.8576413742570748,4.249185703487645,10.123005269092909,0.825,0.825,-0.13500000536441803,0.0,-0.13500000536441803
B_seen_anchor_unseen_family,23,normal,Q4_combo,AQ2,1,41,47,11.422213304302694,11.422213304302694,50.46706107599096,-5.398198715953828,-1.9504217413025475,4.768174993406935,11.633593601545433,0.75,0.75,-0.18000000715255737,0.0,-0.18000000715255737
B_seen_anchor_unseen_family,27,normal,Q4_combo,AQ3,0,20,48,11.627685989328398,11.627685989328398,57.374366122962776,-0.4461252334777803,-2.895288844960424,-4.695389811461077,9.867585444055647,0.775,0.775,0.13500002026557922,0.0,0.13500002026557922
B_seen_anchor_unseen_family,27,normal,Q4_combo,AQ3,0,23,49,12.22741944280176,12.22741944280176,61.742764348228455,-2.1151601819829375,-4.603342691776569,-3.714297561796342,8.983368326070213,0.85,0.85,0.09000000357627869,0.0,0.09000000357627869
B_seen_anchor_unseen_family,27,normal,Q4_combo,AQ3,0,25,50,12.691506292071708,12.691506292071708,61.112889470364905,-3.0677097335073866,-5.497300555230029,-2.7134420074381427,8.162611766348396,0.9,0.9,0.06000000238418579,0.0,0.06000000238418579
B_seen_anchor_unseen_family,27,normal,Q4_combo,AQ3,0,28,51,13.594524150099836,13.594524150099835,56.69634316667928,-4.231049675356512,-6.473177268721082,-0.8133901605112248,6.282563922966717,0.975,0.975,0.015000000596046448,0.0,0.015000000596046448
B_seen_anchor_unseen_family,27,normal,Q4_combo,AQ3,0,31,52,13.228940200221212,13.228940200221212,62.3987376765809,-4.7687414349447526,-6.217311455805775,1.2770909900933558,7.154506489812254,0.95,0.95,-0.030000001192092896,0.0,-0.030000001192092896
B_seen_anchor_unseen_family,27,normal,Q4_combo,AQ3,0,34,53,12.416586492029305,12.416586492029305,57.69451807694476,-4.985146108393944,-5.141488963607132,3.0929989447050477,8.863304468618683,0.875,0.875,-0.07500000298023224,0.0,-0.07500000298023224
B_seen_anchor_unseen_family,27,normal,Q4_combo,AQ3,0,36,54,11.989226543061053,11.989226543061053,55.9214795117039,-5.070167070811445,-4.184217105828489,4.011795392122533,9.7569767803915,0.825,0.825,-0.10500000417232513,0.0,-0.10500000417232513
B_seen_anchor_unseen_family,27,normal,Q4_combo,AQ3,0,39,55,11.422213304302694,11.422213304302694,63.84473794729266,-5.063002491304427,-2.4173112703131703,4.754512148479421,11.09603655748698,0.75,0.75,-0.15000000596046448,0.0,-0.15000000596046448
B_seen_anchor_unseen_family,31,normal,Q4_combo,AQ3,1,20,56,11.627685989328398,11.627685989328398,57.37436612296278,-0.4461252334777803,-2.895288844960424,-4.695389811461077,9.867585444055647,0.775,0.775,0.13500002026557922,0.0,0.13500002026557922
B_seen_anchor_unseen_family,31,normal,Q4_combo,AQ3,1,23,57,12.22741944280176,12.22741944280176,61.742764348228455,-2.1151601819829375,-4.603342691776569,-3.7142975617963425,8.983368326070211,0.85,0.85,0.09000000357627869,0.0,0.09000000357627869
B_seen_anchor_unseen_family,31,normal,Q4_combo,AQ3,1,25,58,12.691506292071708,12.691506292071708,61.112889470364905,-3.0677097335073866,-5.497300555230029,-2.7134420074381427,8.162611766348396,0.9,0.9,0.06000000238418579,0.0,0.06000000238418579
B_seen_anchor_unseen_family,31,normal,Q4_combo,AQ3,1,28,59,13.594524150099836,13.594524150099835,56.69634316667927,-4.231049675356512,-6.47317726872108,-0.8133901605112248,6.282563922966718,0.975,0.975,0.015000000596046448,0.0,0.015000000596046448
B_seen_anchor_unseen_family,31,normal,Q4_combo,AQ3,1,31,60,13.545583953988327,13.545583953988327,60.02296490346183,-5.156194246011698,-6.430761131946383,1.0405082824309717,6.478923536797149,0.975,0.975,-0.04500000178813934,0.0,-0.04500000178813934
B_seen_anchor_unseen_family,31,normal,Q4_combo,AQ3,1,34,61,12.655209901826245,12.655209901826245,53.35291478386307,-5.3691505439885505,-5.375440169004708,2.9214377963785183,8.578663428249543,0.9,0.9,-0.09000000357627869,0.0,-0.09000000357627869
B_seen_anchor_unseen_family,31,normal,Q4_combo,AQ3,1,36,62,12.193864126044351,12.193864126044351,55.25781573609277,-5.458484250692064,-4.428037939590299,3.896278079535214,9.601376237467326,0.85,0.85,-0.12000000476837158,0.0,-0.12000000476837158
B_seen_anchor_unseen_family,31,normal,Q4_combo,AQ3,1,39,63,11.599888065371946,11.599888065371946,59.173896370389045,-5.451184710740274,-2.6521606937365196,4.73519736164854,11.042492991246672,0.775,0.775,-0.16500000655651093,0.0,-0.16500000655651093
B_seen_anchor_unseen_family,35,normal,Q4_combo,AQ4,0,20,64,11.627685989328398,11.627685989328398,57.37436612296277,-0.44612523347778127,-2.895288844960425,-4.69538981146108,9.867585444055647,0.775,0.775,0.13500002026557922,0.0,0.13500002026557922
B_seen_anchor_unseen_family,35,normal,Q4_combo,AQ4,0,23,65,12.22741944280176,12.22741944280176,61.742764348228455,-2.1151601819829375,-4.603342691776569,-3.7142975617963425,8.983368326070211,0.85,0.85,0.09000000357627869,0.0,0.09000000357627869
B_seen_anchor_unseen_family,35,normal,Q4_combo,AQ4,0,25,66,12.691506292071708,12.691506292071708,61.112889470364905,-3.0677097335073866,-5.497300555230029,-2.7134420074381427,8.162611766348396,0.9,0.9,0.06000000238418579,0.0,0.06000000238418579
B_seen_anchor_unseen_family,35,normal,Q4_combo,AQ4,0,28,67,13.594524150099836,13.594524150099835,56.69634316667928,-4.231049675356512,-6.473177268721082,-0.8133901605112248,6.282563922966717,0.975,0.975,0.015000000596046448,0.0,0.015000000596046448
B_seen_anchor_unseen_family,35,normal,Q4_combo,AQ4,0,31,68,13.228940200221212,13.228940200221212,62.398737676580886,-4.7687414349447526,-6.217311455805775,1.2770909900933558,7.154506489812254,0.95,0.95,-0.030000001192092896,0.0,-0.030000001192092896
B_seen_anchor_unseen_family,35,normal,Q4_combo,AQ4,0,34,69,12.416586492029305,12.416586492029305,57.69451807694476,-4.985146108393945,-5.141488963607129,3.092998944705047,8.863304468618683,0.875,0.875,-0.07500000298023224,0.0,-0.07500000298023224
B_seen_anchor_unseen_family,35,normal,Q4_combo,AQ4,0,36,70,11.989226543061053,11.989226543061053,55.921479511703886,-5.070167070811443,-4.184217105828492,4.011795392122532,9.7569767803915,0.825,0.825,-0.10500000417232513,0.0,-0.10500000417232513
B_seen_anchor_unseen_family,35,normal,Q4_combo,AQ4,0,39,71,11.422213304302694,11.422213304302694,63.84473794729266,-5.063002491304427,-2.4173112703131703,4.754512148479421,11.09603655748698,0.75,0.75,-0.15000000596046448,0.0,-0.15000000596046448
B_seen_anchor_unseen_family,39,normal,Q4_combo,AQ4,1,20,72,11.263312151794247,11.406455761500652,59.67953052585953,-0.025294080812915322,-2.0417346902608617,-4.694448190098253,10.343307201709614,0.725,0.725,0.13500000536441803,0.0,0.13500000536441803
B_seen_anchor_unseen_family,39,normal,Q4_combo,AQ4,1,23,73,11.813413647795537,11.97805228528207,61.59882006476187,-1.7365501089181516,-3.8029862380136943,-4.150222025168573,9.53085156645706,0.8,0.8,0.09000000357627869,0.0,0.09000000357627869
B_seen_anchor_unseen_family,39,normal,Q4_combo,AQ4,1,26,74,12.440912991376742,12.527873633239697,61.63317362065876,-3.2401262971758236,-5.25908170957653,-2.8634627081718893,8.462003574783798,0.875,0.875,0.04500000178813934,0.0,0.04500000178813934
B_seen_anchor_unseen_family,39,normal,Q4_combo,AQ4,1,29,75,13.255506106259455,13.34898255906561,59.96695103256766,-4.43703608204282,-6.252833101129464,-1.0318060902386723,6.933986174268439,0.95,0.95,0.0,0.0,0.0
B_seen_anchor_unseen_family,39,normal,Q4_combo,AQ4,1,32,76,13.545583953988327,13.545583953988327,60.02296490346183,-5.156194246011698,-6.430761131946383,1.0405082824309717,6.478923536797149,0.975,0.975,-0.04500000178813934,0.0,-0.04500000178813934
B_seen_anchor_unseen_family,39,normal,Q4_combo,AQ4,1,35,77,12.655209901826245,12.655209901826245,53.35291478386307,-5.3691505439885505,-5.375440169004708,2.9214377963785183,8.578663428249543,0.9,0.9,-0.09000000357627869,0.0,-0.09000000357627869
B_seen_anchor_unseen_family,39,normal,Q4_combo,AQ4,1,38,78,11.989226543061053,11.989226543061053,57.09946461711902,-5.4676851957611605,-3.8576413742570748,4.249185703487645,10.123005269092909,0.825,0.825,-0.13500000536441803,0.0,-0.13500000536441803
B_seen_anchor_unseen_family,39,normal,Q4_combo,AQ4,1,41,79,11.422213304302694,11.422213304302694,50.467061075990976,-5.3981987159538285,-1.9504217413025482,4.768174993406931,11.633593601545435,0.75,0.75,-0.18000000715255737,0.0,-0.18000000715255737
B_seen_anchor_unseen_family,83,friction_mid,Q4_combo,AQ0,0,20,80,11.627685989328398,11.627685989328398,57.37436612296278,-0.4461252334777803,-2.895288844960424,-4.695389811461077,9.867585444055647,0.775,0.775,0.13500002026557922,0.0,0.13500002026557922
B_seen_anchor_unseen_family,83,friction_mid,Q4_combo,AQ0,0,23,81,12.22741944280176,12.22741944280176,61.742764348228455,-2.1151601819829375,-4.603342691776569,-3.7142975617963425,8.983368326070211,0.85,0.85,0.09000000357627869,0.0,0.09000000357627869
B_seen_anchor_unseen_family,83,friction_mid,Q4_combo,AQ0,0,25,82,12.691506292071708,12.691506292071708,61.112889470364905,-3.0677097335073866,-5.497300555230029,-2.7134420074381427,8.162611766348396,0.9,0.9,0.06000000238418579,0.0,0.06000000238418579
B_seen_anchor_unseen_family,83,friction_mid,Q4_combo,AQ0,0,28,83,13.594524150099836,13.594524150099835,56.69634316667928,-4.231049675356512,-6.473177268721082,-0.8133901605112248,6.282563922966717,0.975,0.975,0.015000000596046448,0.0,0.015000000596046448
B_seen_anchor_unseen_family,83,friction_mid,Q4_combo,AQ0,0,31,84,13.228940200221212,13.228940200221212,62.3987376765809,-4.7687414349447526,-6.217311455805772,1.2770909900933556,7.154506489812254,0.95,0.95,-0.030000001192092896,0.0,-0.030000001192092896
B_seen_anchor_unseen_family,83,friction_mid,Q4_combo,AQ0,0,34,85,12.416586492029305,12.416586492029305,57.69451807694476,-4.985146108393944,-5.141488963607132,3.0929989447050477,8.863304468618683,0.875,0.875,-0.07500000298023224,0.0,-0.07500000298023224
B_seen_anchor_unseen_family,83,friction_mid,Q4_combo,AQ0,0,36,86,11.989226543061053,11.989226543061053,55.921479511703886,-5.070167070811443,-4.184217105828492,4.011795392122532,9.7569767803915,0.825,0.825,-0.10500000417232513,0.0,-0.10500000417232513
B_seen_anchor_unseen_family,83,friction_mid,Q4_combo,AQ0,0,39,87,11.422213304302694,11.422213304302694,63.84473794729266,-5.063002491304427,-2.4173112703131703,4.754512148479421,11.09603655748698,0.75,0.75,-0.15000000596046448,0.0,-0.15000000596046448
B_seen_anchor_unseen_family,87,friction_mid,Q4_combo,AQ0,1,20,88,11.446152328189028,11.479314367916745,54.49679833115932,1.7327434314579597,-1.285923754390308,-4.663952398483227,10.790446549086878,0.75,0.75,0.21000000834465027,0.0,0.21000000834465027
B_seen_anchor_unseen_family,87,friction_mid,Q4_combo,AQ0,1,23,89,12.021976541663971,12.062768182516868,58.82219801979412,-0.13921793848058356,-3.3930475064822208,-4.547305202858949,9.65169590906492,0.825,0.825,0.16500000655651093,0.0,0.16500000655651093
B_seen_anchor_unseen_family,87,friction_mid,Q4_combo,AQ0,1,26,90,12.691506292071708,12.734319966045291,59.50639961461441,-1.7936646760654882,-5.0824671171828895,-3.4278053401310458,8.514877611389556,0.9,0.9,0.12000000476837158,0.0,0.12000000476837158
B_seen_anchor_unseen_family,87,friction_mid,Q4_combo,AQ0,1,29,91,13.594524150099836,13.64030582567897,52.453451477117206,-3.1029280943595556,-6.28625184990207,-1.6703100080256772,6.597548633240786,0.975,0.975,0.07500000298023224,0.0,0.07500000298023224
B_seen_anchor_unseen_family,87,friction_mid,Q4_combo,AQ0,1,32,92,13.950986748951106,14.0785518459064,47.71113274639083,-4.562721110958337,-6.673562002406819,-0.10708757528636163,5.297195065383117,1.0,1.0,0.0,0.0,0.0
B_seen_anchor_unseen_family,87,friction_mid,Q4_combo,AQ0,1,35,93,12.939068956349953,13.079864949491261,57.357938967713864,-4.836103480416428,-5.874187099704849,1.9041330677865391,7.870820487271824,0.925,0.925,-0.04500000178813934,0.0,-0.04500000178813934
B_seen_anchor_unseen_family,87,friction_mid,Q4_combo,AQ0,1,38,94,12.193864126044351,12.353791691573212,47.305353240830335,-5.019660021791735,-4.669996520004188,3.5686186755040135,9.32901123007564,0.85,0.85,-0.09000000357627869,0.0,-0.09000000357627869
B_seen_anchor_unseen_family,87,friction_mid,Q4_combo,AQ0,1,41,95,11.599888065371946,11.792919077011334,48.71677957025642,-5.057098388796623,-3.0200347079272087,4.562821165104364,10.66453266157305,0.775,0.775,-0.13500002026557922,0.0,-0.13500002026557922
B_seen_anchor_unseen_family,91,friction_mid,Q4_combo,AQ1,0,20,96,11.627685989328398,11.627685989328398,57.37436612296278,-0.4461252334777803,-2.895288844960424,-4.695389811461077,9.867585444055647,0.775,0.775,0.13500002026557922,0.0,0.13500002026557922
B_seen_anchor_unseen_family,91,friction_mid,Q4_combo,AQ1,0,23,97,12.22741944280176,12.22741944280176,61.742764348228455,-2.1151601819829375,-4.603342691776569,-3.7142975617963425,8.983368326070211,0.85,0.85,0.09000000357627869,0.0,0.09000000357627869
B_seen_anchor_unseen_family,91,friction_mid,Q4_combo,AQ1,0,25,98,12.691506292071708,12.691506292071708,61.112889470364905,-3.0677097335073866,-5.497300555230029,-2.7134420074381427,8.162611766348396,0.9,0.9,0.06000000238418579,0.0,0.06000000238418579
B_seen_anchor_unseen_family,91,friction_mid,Q4_combo,AQ1,0,28,99,13.594524150099836,13.594524150099835,56.69634316667927,-4.231049675356512,-6.47317726872108,-0.8133901605112248,6.282563922966718,0.975,0.975,0.015000000596046448,0.0,0.015000000596046448
B_seen_anchor_unseen_family,91,friction_mid,Q4_combo,AQ1,0,31,100,13.228940200221212,13.228940200221212,62.3987376765809,-4.7687414349447526,-6.217311455805775,1.2770909900933558,7.154506489812254,0.95,0.95,-0.030000001192092896,0.0,-0.030000001192092896
B_seen_anchor_unseen_family,91,friction_mid,Q4_combo,AQ1,0,34,101,12.416586492029305,12.416586492029305,57.69451807694476,-4.985146108393944,-5.141488963607132,3.0929989447050477,8.863304468618683,0.875,0.875,-0.07500000298023224,0.0,-0.07500000298023224
B_seen_anchor_unseen_family,91,friction_mid,Q4_combo,AQ1,0,36,102,11.989226543061053,11.989226543061053,55.921479511703886,-5.070167070811443,-4.184217105828492,4.011795392122532,9.7569767803915,0.825,0.825,-0.10500000417232513,0.0,-0.10500000417232513
B_seen_anchor_unseen_family,91,friction_mid,Q4_combo,AQ1,0,39,103,11.422213304302694,11.422213304302694,63.84473794729266,-5.063002491304427,-2.4173112703131703,4.754512148479421,11.09603655748698,0.75,0.75,-0.15000000596046448,0.0,-0.15000000596046448
B_seen_anchor_unseen_family,95,friction_mid,Q4_combo,AQ1,1,20,104,11.263312151794247,11.330456635984698,49.96965170768299,1.5357002704861344,-1.1019867472949638,-4.5777643002111414,10.905324692761441,0.725,0.725,0.19500000774860382,0.0,0.19500000774860382
B_seen_anchor_unseen_family,95,friction_mid,Q4_combo,AQ1,1,23,105,11.813413647795537,11.854210758484868,53.98848637600682,-0.29832850177730663,-3.144556029224583,-4.628332375784169,9.766787458401009,0.8,0.8,0.15000000596046448,0.0,0.15000000596046448
B_seen_anchor_unseen_family,95,friction_mid,Q4_combo,AQ1,1,26,106,12.440912991376742,12.483599225913085,56.62988278156723,-1.9660812397339245,-4.844248271529392,-3.577826040864792,8.758805398841535,0.875,0.875,0.10500000417232513,0.0,0.10500000417232513
B_seen_anchor_unseen_family,95,friction_mid,Q4_combo,AQ1,1,29,107,13.255506106259455,13.34898255906561,51.66871226674934,-3.3089145010458636,-6.065907682310454,-1.888725937753125,7.1729837851903655,0.95,0.95,0.06000000238418579,0.0,0.06000000238418579
B_seen_anchor_unseen_family,95,friction_mid,Q4_combo,AQ1,1,33,108,13.950986748951106,14.078578130414376,51.40427853439412,-5.0688070833890775,-6.6607657289547495,0.3391626135676631,5.398172819400178,1.0,1.0,-0.030000001192092896,0.0,-0.030000001192092896
B_seen_anchor_unseen_family,95,friction_mid,Q4_combo,AQ1,1,36,109,12.939068956349953,13.079864949491261,51.001021900471954,-5.301220658443521,-5.745089766086248,2.3190836668152235,8.037421941122902,0.925,0.925,-0.07500000298023224,0.0,-0.07500000298023224
B_seen_anchor_unseen_family,95,friction_mid,Q4_combo,AQ1,1,39,110,12.193864126044351,12.193864126044351,55.25781573609277,-5.458484250692064,-4.428037939590299,3.896278079535214,9.601376237467326,0.85,0.85,-0.12000000476837158,0.0,-0.12000000476837158
B_seen_anchor_unseen_family,95,friction_mid,Q4_combo,AQ1,1,42,111,11.599888065371946,11.599888065371946,59.173896370389045,-5.451184710740274,-2.6521606937365196,4.73519736164854,11.042492991246672,0.775,0.775,-0.16500000655651093,0.0,-0.16500000655651093
B_seen_anchor_unseen_family,99,friction_mid,Q4_combo,AQ2,0,20,112,11.627685989328398,11.627685989328398,57.37436612296278,-0.4461252334777803,-2.895288844960424,-4.695389811461077,9.867585444055647,0.775,0.775,0.13500002026557922,0.0,0.13500002026557922
B_seen_anchor_unseen_family,99,friction_mid,Q4_combo,AQ2,0,23,113,12.22741944280176,12.22741944280176,61.742764348228455,-2.1151601819829375,-4.603342691776569,-3.7142975617963425,8.983368326070211,0.85,0.85,0.09000000357627869,0.0,0.09000000357627869
B_seen_anchor_unseen_family,99,friction_mid,Q4_combo,AQ2,0,25,114,12.691506292071708,12.691506292071708,61.112889470364905,-3.067709733507388,-5.497300555230027,-2.713442007438143,8.162611766348398,0.9,0.9,0.06000000238418579,0.0,0.06000000238418579
B_seen_anchor_unseen_family,99,friction_mid,Q4_combo,AQ2,0,28,115,13.594524150099836,13.594524150099835,56.69634316667928,-4.231049675356512,-6.473177268721082,-0.8133901605112248,6.282563922966717,0.975,0.975,0.015000000596046448,0.0,0.015000000596046448
B_seen_anchor_unseen_family,99,friction_mid,Q4_combo,AQ2,0,31,116,13.228940200221212,13.228940200221212,62.3987376765809,-4.7687414349447526,-6.217311455805775,1.2770909900933558,7.154506489812254,0.95,0.95,-0.030000001192092896,0.0,-0.030000001192092896
B_seen_anchor_unseen_family,99,friction_mid,Q4_combo,AQ2,0,34,117,12.416586492029305,12.416586492029305,57.69451807694476,-4.985146108393944,-5.141488963607132,3.0929989447050477,8.863304468618683,0.875,0.875,-0.07500000298023224,0.0,-0.07500000298023224
B_seen_anchor_unseen_family,99,friction_mid,Q4_combo,AQ2,0,36,118,11.989226543061053,11.989226543061053,55.921479511703886,-5.070167070811443,-4.184217105828492,4.011795392122532,9.7569767803915,0.825,0.825,-0.10500000417232513,0.0,-0.10500000417232513
B_seen_anchor_unseen_family,99,friction_mid,Q4_combo,AQ2,0,39,119,11.422213304302694,11.422213304302694,63.84473794729267,-5.063002491304428,-2.4173112703131716,4.754512148479417,11.096036557486983,0.75,0.75,-0.15000000596046448,0.0,-0.15000000596046448
B_seen_anchor_unseen_family,103,friction_mid,Q4_combo,AQ2,1,20,120,11.627685989328398,11.697591003995223,55.165787009222534,0.33934719248360845,-2.4591164618615173,-4.787467710834099,10.092437634873008,0.775,0.775,0.16500000655651093,0.0,0.16500000655651093
B_seen_anchor_unseen_family,103,friction_mid,Q4_combo,AQ2,1,23,121,12.22741944280176,12.307678529051762,56.889356964200225,-1.4203485672723382,-4.299695382354004,-3.9807368128425025,9.199725753169115,0.85,0.85,0.12000000476837158,0.0,0.12000000476837158
B_seen_anchor_unseen_family,103,friction_mid,Q4_combo,AQ2,1,26,122,12.946558289810568,12.99251126040707,55.80963262704455,-2.9114391024815816,-5.724120053140248,-2.514196587113981,7.78454842717519,0.925,0.925,0.07500000298023224,0.0,0.07500000298023224
B_seen_anchor_unseen_family,103,friction_mid,Q4_combo,AQ2,1,29,123,13.950986748951106,14.001362879387779,52.57085357632937,-4.044319034369231,-6.6743639286356435,-0.5528687409339056,5.396506304543226,1.0,1.0,0.030000001192092896,0.0,0.030000001192092896
B_seen_anchor_unseen_family,103,friction_mid,Q4_combo,AQ2,1,32,124,13.545583953988327,13.545583953988327,60.022964903461826,-5.156194246011699,-6.43076113194638,1.0405082824309715,6.478923536797148,0.975,0.975,-0.04500000178813934,0.0,-0.04500000178813934
B_seen_anchor_unseen_family,103,friction_mid,Q4_combo,AQ2,1,35,125,12.655209901826245,12.655209901826245,53.35291478386307,-5.3691505439885505,-5.375440169004708,2.9214377963785183,8.578663428249543,0.9,0.9,-0.09000000357627869,0.0,-0.09000000357627869
B_seen_anchor_unseen_family,103,friction_mid,Q4_combo,AQ2,1,38,126,11.989226543061053,11.989226543061053,57.09946461711902,-5.4676851957611605,-3.8576413742570748,4.249185703487645,10.123005269092909,0.825,0.825,-0.13500000536441803,0.0,-0.13500000536441803
B_seen_anchor_unseen_family,103,friction_mid,Q4_combo,AQ2,1,41,127,11.422213304302694,11.422213304302694,50.46706107599096,-5.398198715953828,-1.9504217413025475,4.768174993406935,11.633593601545433,0.75,0.75,-0.18000000715255737,0.0,-0.18000000715255737
B_seen_anchor_unseen_family,107,friction_mid,Q4_combo,AQ3,0,20,128,11.627685989328398,11.627685989328398,57.374366122962776,-0.4461252334777803,-2.895288844960424,-4.695389811461077,9.867585444055647,0.775,0.775,0.13500002026557922,0.0,0.13500002026557922
B_seen_anchor_unseen_family,107,friction_mid,Q4_combo,AQ3,0,23,129,12.22741944280176,12.22741944280176,61.742764348228455,-2.1151601819829375,-4.603342691776569,-3.714297561796342,8.983368326070213,0.85,0.85,0.09000000357627869,0.0,0.09000000357627869
B_seen_anchor_unseen_family,107,friction_mid,Q4_combo,AQ3,0,25,130,12.691506292071708,12.691506292071708,61.112889470364905,-3.0677097335073866,-5.497300555230029,-2.7134420074381427,8.162611766348396,0.9,0.9,0.06000000238418579,0.0,0.06000000238418579
B_seen_anchor_unseen_family,107,friction_mid,Q4_combo,AQ3,0,28,131,13.594524150099836,13.594524150099835,56.69634316667928,-4.231049675356512,-6.473177268721082,-0.8133901605112248,6.282563922966717,0.975,0.975,0.015000000596046448,0.0,0.015000000596046448
B_seen_anchor_unseen_family,107,friction_mid,Q4_combo,AQ3,0,31,132,13.228940200221212,13.228940200221212,62.3987376765809,-4.7687414349447526,-6.217311455805775,1.2770909900933558,7.154506489812254,0.95,0.95,-0.030000001192092896,0.0,-0.030000001192092896
B_seen_anchor_unseen_family,107,friction_mid,Q4_combo,AQ3,0,34,133,12.416586492029305,12.416586492029305,57.69451807694476,-4.985146108393944,-5.141488963607132,3.0929989447050477,8.863304468618683,0.875,0.875,-0.07500000298023224,0.0,-0.07500000298023224
B_seen_anchor_unseen_family,107,friction_mid,Q4_combo,AQ3,0,36,134,11.989226543061053,11.989226543061053,55.9214795117039,-5.070167070811445,-4.184217105828489,4.011795392122533,9.7569767803915,0.825,0.825,-0.10500000417232513,0.0,-0.10500000417232513
B_seen_anchor_unseen_family,107,friction_mid,Q4_combo,AQ3,0,39,135,11.422213304302694,11.422213304302694,63.84473794729266,-5.063002491304427,-2.4173112703131703,4.754512148479421,11.09603655748698,0.75,0.75,-0.15000000596046448,0.0,-0.15000000596046448
B_seen_anchor_unseen_family,111,friction_mid,Q4_combo,AQ3,1,20,136,11.627685989328398,11.627685989328398,57.37436612296278,-0.4461252334777803,-2.895288844960424,-4.695389811461077,9.867585444055647,0.775,0.775,0.13500002026557922,0.0,0.13500002026557922
B_seen_anchor_unseen_family,111,friction_mid,Q4_combo,AQ3,1,23,137,12.22741944280176,12.22741944280176,61.742764348228455,-2.1151601819829375,-4.603342691776569,-3.7142975617963425,8.983368326070211,0.85,0.85,0.09000000357627869,0.0,0.09000000357627869
B_seen_anchor_unseen_family,111,friction_mid,Q4_combo,AQ3,1,25,138,12.691506292071708,12.691506292071708,61.112889470364905,-3.0677097335073866,-5.497300555230029,-2.7134420074381427,8.162611766348396,0.9,0.9,0.06000000238418579,0.0,0.06000000238418579
B_seen_anchor_unseen_family,111,friction_mid,Q4_combo,AQ3,1,28,139,13.594524150099836,13.594524150099835,56.69634316667927,-4.231049675356512,-6.47317726872108,-0.8133901605112248,6.282563922966718,0.975,0.975,0.015000000596046448,0.0,0.015000000596046448
B_seen_anchor_unseen_family,111,friction_mid,Q4_combo,AQ3,1,31,140,13.545583953988327,13.545583953988327,60.02296490346183,-5.156194246011698,-6.430761131946383,1.0405082824309717,6.478923536797149,0.975,0.975,-0.04500000178813934,0.0,-0.04500000178813934
B_seen_anchor_unseen_family,111,friction_mid,Q4_combo,AQ3,1,34,141,12.655209901826245,12.655209901826245,53.35291478386307,-5.3691505439885505,-5.375440169004708,2.9214377963785183,8.578663428249543,0.9,0.9,-0.09000000357627869,0.0,-0.09000000357627869
B_seen_anchor_unseen_family,111,friction_mid,Q4_combo,AQ3,1,36,142,12.193864126044351,12.193864126044351,55.25781573609277,-5.458484250692064,-4.428037939590299,3.896278079535214,9.601376237467326,0.85,0.85,-0.12000000476837158,0.0,-0.12000000476837158
B_seen_anchor_unseen_family,111,friction_mid,Q4_combo,AQ3,1,39,143,11.599888065371946,11.599888065371946,59.173896370389045,-5.451184710740274,-2.6521606937365196,4.73519736164854,11.042492991246672,0.775,0.775,-0.16500000655651093,0.0,-0.16500000655651093
B_seen_anchor_unseen_family,115,friction_mid,Q4_combo,AQ4,0,20,144,11.627685989328398,11.627685989328398,57.37436612296277,-0.44612523347778127,-2.895288844960425,-4.69538981146108,9.867585444055647,0.775,0.775,0.13500002026557922,0.0,0.13500002026557922
B_seen_anchor_unseen_family,115,friction_mid,Q4_combo,AQ4,0,23,145,12.22741944280176,12.22741944280176,61.742764348228455,-2.1151601819829375,-4.603342691776569,-3.7142975617963425,8.983368326070211,0.85,0.85,0.09000000357627869,0.0,0.09000000357627869
B_seen_anchor_unseen_family,115,friction_mid,Q4_combo,AQ4,0,25,146,12.691506292071708,12.691506292071708,61.112889470364905,-3.0677097335073866,-5.497300555230029,-2.7134420074381427,8.162611766348396,0.9,0.9,0.06000000238418579,0.0,0.06000000238418579
B_seen_anchor_unseen_family,115,friction_mid,Q4_combo,AQ4,0,28,147,13.594524150099836,13.594524150099835,56.69634316667928,-4.231049675356512,-6.473177268721082,-0.8133901605112248,6.282563922966717,0.975,0.975,0.015000000596046448,0.0,0.015000000596046448
B_seen_anchor_unseen_family,115,friction_mid,Q4_combo,AQ4,0,31,148,13.228940200221212,13.228940200221212,62.398737676580886,-4.7687414349447526,-6.217311455805775,1.2770909900933558,7.154506489812254,0.95,0.95,-0.030000001192092896,0.0,-0.030000001192092896
B_seen_anchor_unseen_family,115,friction_mid,Q4_combo,AQ4,0,34,149,12.416586492029305,12.416586492029305,57.69451807694476,-4.985146108393945,-5.141488963607129,3.092998944705047,8.863304468618683,0.875,0.875,-0.07500000298023224,0.0,-0.07500000298023224
B_seen_anchor_unseen_family,115,friction_mid,Q4_combo,AQ4,0,36,150,11.989226543061053,11.989226543061053,55.921479511703886,-5.070167070811443,-4.184217105828492,4.011795392122532,9.7569767803915,0.825,0.825,-0.10500000417232513,0.0,-0.10500000417232513
B_seen_anchor_unseen_family,115,friction_mid,Q4_combo,AQ4,0,39,151,11.422213304302694,11.422213304302694,63.84473794729266,-5.063002491304427,-2.4173112703131703,4.754512148479421,11.09603655748698,0.75,0.75,-0.15000000596046448,0.0,-0.15000000596046448
B_seen_anchor_unseen_family,119,friction_mid,Q4_combo,AQ4,1,20,152,11.263312151794247,11.406455761500652,59.67953052585953,-0.025294080812915322,-2.0417346902608617,-4.694448190098253,10.343307201709614,0.725,0.725,0.13500000536441803,0.0,0.13500000536441803
B_seen_anchor_unseen_family,119,friction_mid,Q4_combo,AQ4,1,23,153,11.813413647795537,11.97805228528207,61.59882006476187,-1.7365501089181516,-3.8029862380136943,-4.150222025168573,9.53085156645706,0.8,0.8,0.09000000357627869,0.0,0.09000000357627869
B_seen_anchor_unseen_family,119,friction_mid,Q4_combo,AQ4,1,26,154,12.440912991376742,12.527873633239697,61.63317362065876,-3.2401262971758236,-5.25908170957653,-2.8634627081718893,8.462003574783798,0.875,0.875,0.04500000178813934,0.0,0.04500000178813934
B_seen_anchor_unseen_family,119,friction_mid,Q4_combo,AQ4,1,29,155,13.255506106259455,13.34898255906561,59.96695103256766,-4.43703608204282,-6.252833101129464,-1.0318060902386723,6.933986174268439,0.95,0.95,0.0,0.0,0.0
B_seen_anchor_unseen_family,119,friction_mid,Q4_combo,AQ4,1,32,156,13.545583953988327,13.545583953988327,60.02296490346183,-5.156194246011698,-6.430761131946383,1.0405082824309717,6.478923536797149,0.975,0.975,-0.04500000178813934,0.0,-0.04500000178813934
B_seen_anchor_unseen_family,119,friction_mid,Q4_combo,AQ4,1,35,157,12.655209901826245,12.655209901826245,53.35291478386307,-5.3691505439885505,-5.375440169004708,2.9214377963785183,8.578663428249543,0.9,0.9,-0.09000000357627869,0.0,-0.09000000357627869
B_seen_anchor_unseen_family,119,friction_mid,Q4_combo,AQ4,1,38,158,11.989226543061053,11.989226543061053,57.09946461711902,-5.4676851957611605,-3.8576413742570748,4.249185703487645,10.123005269092909,0.825,0.825,-0.13500000536441803,0.0,-0.13500000536441803
B_seen_anchor_unseen_family,119,friction_mid,Q4_combo,AQ4,1,41,159,11.422213304302694,11.422213304302694,50.467061075990976,-5.3981987159538285,-1.9504217413025482,4.768174993406931,11.633593601545435,0.75,0.75,-0.18000000715255737,0.0,-0.18000000715255737
B_seen_anchor_unseen_family,163,friction_low,Q4_combo,AQ0,0,20,160,11.627685989328398,11.627685989328398,57.37436612296278,-0.4461252334777803,-2.895288844960424,-4.695389811461077,9.867585444055647,0.775,0.775,0.13500002026557922,0.0,0.13500002026557922
B_seen_anchor_unseen_family,163,friction_low,Q4_combo,AQ0,0,23,161,12.22741944280176,12.22741944280176,61.742764348228455,-2.1151601819829375,-4.603342691776569,-3.7142975617963425,8.983368326070211,0.85,0.85,0.09000000357627869,0.0,0.09000000357627869
B_seen_anchor_unseen_family,163,friction_low,Q4_combo,AQ0,0,25,162,12.691506292071708,12.691506292071708,61.112889470364905,-3.0677097335073866,-5.497300555230029,-2.7134420074381427,8.162611766348396,0.9,0.9,0.06000000238418579,0.0,0.06000000238418579
B_seen_anchor_unseen_family,163,friction_low,Q4_combo,AQ0,0,28,163,13.594524150099836,13.594524150099835,56.69634316667928,-4.231049675356512,-6.473177268721082,-0.8133901605112248,6.282563922966717,0.975,0.975,0.015000000596046448,0.0,0.015000000596046448
B_seen_anchor_unseen_family,163,friction_low,Q4_combo,AQ0,0,31,164,13.228940200221212,13.228940200221212,62.3987376765809,-4.7687414349447526,-6.217311455805772,1.2770909900933556,7.154506489812254,0.95,0.95,-0.030000001192092896,0.0,-0.030000001192092896
B_seen_anchor_unseen_family,163,friction_low,Q4_combo,AQ0,0,34,165,12.416586492029305,12.416586492029305,57.69451807694476,-4.985146108393944,-5.141488963607132,3.0929989447050477,8.863304468618683,0.875,0.875,-0.07500000298023224,0.0,-0.07500000298023224
B_seen_anchor_unseen_family,163,friction_low,Q4_combo,AQ0,0,36,166,11.989226543061053,11.989226543061053,55.921479511703886,-5.070167070811443,-4.184217105828492,4.011795392122532,9.7569767803915,0.825,0.825,-0.10500000417232513,0.0,-0.10500000417232513
B_seen_anchor_unseen_family,163,friction_low,Q4_combo,AQ0,0,39,167,11.422213304302694,11.422213304302694,63.84473794729266,-5.063002491304427,-2.4173112703131703,4.754512148479421,11.09603655748698,0.75,0.75,-0.15000000596046448,0.0,-0.15000000596046448
B_seen_anchor_unseen_family,167,friction_low,Q4_combo,AQ0,1,20,168,11.446152328189028,11.479314367916745,54.49679833115932,1.7327434314579597,-1.285923754390308,-4.663952398483227,10.790446549086878,0.75,0.75,0.21000000834465027,0.0,0.21000000834465027
B_seen_anchor_unseen_family,167,friction_low,Q4_combo,AQ0,1,23,169,12.021976541663971,12.062768182516868,58.82219801979412,-0.13921793848058356,-3.3930475064822208,-4.547305202858949,9.65169590906492,0.825,0.825,0.16500000655651093,0.0,0.16500000655651093
B_seen_anchor_unseen_family,167,friction_low,Q4_combo,AQ0,1,26,170,12.691506292071708,12.734319966045291,59.50639961461441,-1.7936646760654882,-5.0824671171828895,-3.4278053401310458,8.514877611389556,0.9,0.9,0.12000000476837158,0.0,0.12000000476837158
B_seen_anchor_unseen_family,167,friction_low,Q4_combo,AQ0,1,29,171,13.594524150099836,13.64030582567897,52.453451477117206,-3.1029280943595556,-6.28625184990207,-1.6703100080256772,6.597548633240786,0.975,0.975,0.07500000298023224,0.0,0.07500000298023224
B_seen_anchor_unseen_family,167,friction_low,Q4_combo,AQ0,1,32,172,13.950986748951106,14.0785518459064,47.71113274639083,-4.562721110958337,-6.673562002406819,-0.10708757528636163,5.297195065383117,1.0,1.0,0.0,0.0,0.0
B_seen_anchor_unseen_family,167,friction_low,Q4_combo,AQ0,1,35,173,12.939068956349953,13.079864949491261,57.357938967713864,-4.836103480416428,-5.874187099704849,1.9041330677865391,7.870820487271824,0.925,0.925,-0.04500000178813934,0.0,-0.04500000178813934
B_seen_anchor_unseen_family,167,friction_low,Q4_combo,AQ0,1,38,174,12.193864126044351,12.353791691573212,47.305353240830335,-5.019660021791735,-4.669996520004188,3.5686186755040135,9.32901123007564,0.85,0.85,-0.09000000357627869,0.0,-0.09000000357627869
B_seen_anchor_unseen_family,167,friction_low,Q4_combo,AQ0,1,41,175,11.599888065371946,11.792919077011334,48.71677957025642,-5.057098388796623,-3.0200347079272087,4.562821165104364,10.66453266157305,0.775,0.775,-0.13500002026557922,0.0,-0.13500002026557922
B_seen_anchor_unseen_family,171,friction_low,Q4_combo,AQ1,0,20,176,11.627685989328398,11.627685989328398,57.37436612296278,-0.4461252334777803,-2.895288844960424,-4.695389811461077,9.867585444055647,0.775,0.775,0.13500002026557922,0.0,0.13500002026557922
B_seen_anchor_unseen_family,171,friction_low,Q4_combo,AQ1,0,23,177,12.22741944280176,12.22741944280176,61.742764348228455,-2.1151601819829375,-4.603342691776569,-3.7142975617963425,8.983368326070211,0.85,0.85,0.09000000357627869,0.0,0.09000000357627869
B_seen_anchor_unseen_family,171,friction_low,Q4_combo,AQ1,0,25,178,12.691506292071708,12.691506292071708,61.112889470364905,-3.0677097335073866,-5.497300555230029,-2.7134420074381427,8.162611766348396,0.9,0.9,0.06000000238418579,0.0,0.06000000238418579
B_seen_anchor_unseen_family,171,friction_low,Q4_combo,AQ1,0,28,179,13.594524150099836,13.594524150099835,56.69634316667927,-4.231049675356512,-6.47317726872108,-0.8133901605112248,6.282563922966718,0.975,0.975,0.015000000596046448,0.0,0.015000000596046448
B_seen_anchor_unseen_family,171,friction_low,Q4_combo,AQ1,0,31,180,13.228940200221212,13.228940200221212,62.3987376765809,-4.7687414349447526,-6.217311455805775,1.2770909900933558,7.154506489812254,0.95,0.95,-0.030000001192092896,0.0,-0.030000001192092896
B_seen_anchor_unseen_family,171,friction_low,Q4_combo,AQ1,0,34,181,12.416586492029305,12.416586492029305,57.69451807694476,-4.985146108393944,-5.141488963607132,3.0929989447050477,8.863304468618683,0.875,0.875,-0.07500000298023224,0.0,-0.07500000298023224
B_seen_anchor_unseen_family,171,friction_low,Q4_combo,AQ1,0,36,182,11.989226543061053,11.989226543061053,55.921479511703886,-5.070167070811443,-4.184217105828492,4.011795392122532,9.7569767803915,0.825,0.825,-0.10500000417232513,0.0,-0.10500000417232513
B_seen_anchor_unseen_family,171,friction_low,Q4_combo,AQ1,0,39,183,11.422213304302694,11.422213304302694,63.84473794729266,-5.063002491304427,-2.4173112703131703,4.754512148479421,11.09603655748698,0.75,0.75,-0.15000000596046448,0.0,-0.15000000596046448
B_seen_anchor_unseen_family,175,friction_low,Q4_combo,AQ1,1,20,184,11.263312151794247,11.330456635984698,49.96965170768299,1.5357002704861344,-1.1019867472949638,-4.5777643002111414,10.905324692761441,0.725,0.725,0.19500000774860382,0.0,0.19500000774860382
B_seen_anchor_unseen_family,175,friction_low,Q4_combo,AQ1,1,23,185,11.813413647795537,11.854210758484868,53.98848637600682,-0.29832850177730663,-3.144556029224583,-4.628332375784169,9.766787458401009,0.8,0.8,0.15000000596046448,0.0,0.15000000596046448
B_seen_anchor_unseen_family,175,friction_low,Q4_combo,AQ1,1,26,186,12.440912991376742,12.483599225913085,56.62988278156723,-1.9660812397339245,-4.844248271529392,-3.577826040864792,8.758805398841535,0.875,0.875,0.10500000417232513,0.0,0.10500000417232513
B_seen_anchor_unseen_family,175,friction_low,Q4_combo,AQ1,1,29,187,13.255506106259455,13.34898255906561,51.66871226674934,-3.3089145010458636,-6.065907682310454,-1.888725937753125,7.1729837851903655,0.95,0.95,0.06000000238418579,0.0,0.06000000238418579
B_seen_anchor_unseen_family,175,friction_low,Q4_combo,AQ1,1,33,188,13.950986748951106,14.078578130414376,51.40427853439412,-5.0688070833890775,-6.6607657289547495,0.3391626135676631,5.398172819400178,1.0,1.0,-0.030000001192092896,0.0,-0.030000001192092896
B_seen_anchor_unseen_family,175,friction_low,Q4_combo,AQ1,1,36,189,12.939068956349953,13.079864949491261,51.001021900471954,-5.301220658443521,-5.745089766086248,2.3190836668152235,8.037421941122902,0.925,0.925,-0.07500000298023224,0.0,-0.07500000298023224
B_seen_anchor_unseen_family,175,friction_low,Q4_combo,AQ1,1,39,190,12.193864126044351,12.193864126044351,55.25781573609277,-5.458484250692064,-4.428037939590299,3.896278079535214,9.601376237467326,0.85,0.85,-0.12000000476837158,0.0,-0.12000000476837158
B_seen_anchor_unseen_family,175,friction_low,Q4_combo,AQ1,1,42,191,11.599888065371946,11.599888065371946,59.173896370389045,-5.451184710740274,-2.6521606937365196,4.73519736164854,11.042492991246672,0.775,0.775,-0.16500000655651093,0.0,-0.16500000655651093
B_seen_anchor_unseen_family,179,friction_low,Q4_combo,AQ2,0,20,192,11.627685989328398,11.627685989328398,57.37436612296278,-0.4461252334777803,-2.895288844960424,-4.695389811461077,9.867585444055647,0.775,0.775,0.13500002026557922,0.0,0.13500002026557922
B_seen_anchor_unseen_family,179,friction_low,Q4_combo,AQ2,0,23,193,12.22741944280176,12.22741944280176,61.742764348228455,-2.1151601819829375,-4.603342691776569,-3.7142975617963425,8.983368326070211,0.85,0.85,0.09000000357627869,0.0,0.09000000357627869
B_seen_anchor_unseen_family,179,friction_low,Q4_combo,AQ2,0,25,194,12.691506292071708,12.691506292071708,61.112889470364905,-3.067709733507388,-5.497300555230027,-2.713442007438143,8.162611766348398,0.9,0.9,0.06000000238418579,0.0,0.06000000238418579
B_seen_anchor_unseen_family,179,friction_low,Q4_combo,AQ2,0,28,195,13.594524150099836,13.594524150099835,56.69634316667928,-4.231049675356512,-6.473177268721082,-0.8133901605112248,6.282563922966717,0.975,0.975,0.015000000596046448,0.0,0.015000000596046448
B_seen_anchor_unseen_family,179,friction_low,Q4_combo,AQ2,0,31,196,13.228940200221212,13.228940200221212,62.3987376765809,-4.7687414349447526,-6.217311455805775,1.2770909900933558,7.154506489812254,0.95,0.95,-0.030000001192092896,0.0,-0.030000001192092896
B_seen_anchor_unseen_family,179,friction_low,Q4_combo,AQ2,0,34,197,12.416586492029305,12.416586492029305,57.69451807694476,-4.985146108393944,-5.141488963607132,3.0929989447050477,8.863304468618683,0.875,0.875,-0.07500000298023224,0.0,-0.07500000298023224
B_seen_anchor_unseen_family,179,friction_low,Q4_combo,AQ2,0,36,198,11.989226543061053,11.989226543061053,55.921479511703886,-5.070167070811443,-4.184217105828492,4.011795392122532,9.7569767803915,0.825,0.825,-0.10500000417232513,0.0,-0.10500000417232513
B_seen_anchor_unseen_family,179,friction_low,Q4_combo,AQ2,0,39,199,11.422213304302694,11.422213304302694,63.84473794729267,-5.063002491304428,-2.4173112703131716,4.754512148479417,11.096036557486983,0.75,0.75,-0.15000000596046448,0.0,-0.15000000596046448
B_seen_anchor_unseen_family,183,friction_low,Q4_combo,AQ2,1,20,200,11.627685989328398,11.697591003995223,55.165787009222534,0.33934719248360845,-2.4591164618615173,-4.787467710834099,10.092437634873008,0.775,0.775,0.16500000655651093,0.0,0.16500000655651093
B_seen_anchor_unseen_family,183,friction_low,Q4_combo,AQ2,1,23,201,12.22741944280176,12.307678529051762,56.889356964200225,-1.4203485672723382,-4.299695382354004,-3.9807368128425025,9.199725753169115,0.85,0.85,0.12000000476837158,0.0,0.12000000476837158
B_seen_anchor_unseen_family,183,friction_low,Q4_combo,AQ2,1,26,202,12.946558289810568,12.99251126040707,55.80963262704455,-2.9114391024815816,-5.724120053140248,-2.514196587113981,7.78454842717519,0.925,0.925,0.07500000298023224,0.0,0.07500000298023224
B_seen_anchor_unseen_family,183,friction_low,Q4_combo,AQ2,1,29,203,13.950986748951106,14.001362879387779,52.57085357632937,-4.044319034369231,-6.6743639286356435,-0.5528687409339056,5.396506304543226,1.0,1.0,0.030000001192092896,0.0,0.030000001192092896
B_seen_anchor_unseen_family,183,friction_low,Q4_combo,AQ2,1,32,204,13.545583953988327,13.545583953988327,60.022964903461826,-5.156194246011699,-6.43076113194638,1.0405082824309715,6.478923536797148,0.975,0.975,-0.04500000178813934,0.0,-0.04500000178813934
B_seen_anchor_unseen_family,183,friction_low,Q4_combo,AQ2,1,35,205,12.655209901826245,12.655209901826245,53.35291478386307,-5.3691505439885505,-5.375440169004708,2.9214377963785183,8.578663428249543,0.9,0.9,-0.09000000357627869,0.0,-0.09000000357627869
B_seen_anchor_unseen_family,183,friction_low,Q4_combo,AQ2,1,38,206,11.989226543061053,11.989226543061053,57.09946461711902,-5.4676851957611605,-3.8576413742570748,4.249185703487645,10.123005269092909,0.825,0.825,-0.13500000536441803,0.0,-0.13500000536441803
B_seen_anchor_unseen_family,183,friction_low,Q4_combo,AQ2,1,41,207,11.422213304302694,11.422213304302694,50.46706107599096,-5.398198715953828,-1.9504217413025475,4.768174993406935,11.633593601545433,0.75,0.75,-0.18000000715255737,0.0,-0.18000000715255737
B_seen_anchor_unseen_family,187,friction_low,Q4_combo,AQ3,0,20,208,11.627685989328398,11.627685989328398,57.374366122962776,-0.4461252334777803,-2.895288844960424,-4.695389811461077,9.867585444055647,0.775,0.775,0.13500002026557922,0.0,0.13500002026557922
B_seen_anchor_unseen_family,187,friction_low,Q4_combo,AQ3,0,23,209,12.22741944280176,12.22741944280176,61.742764348228455,-2.1151601819829375,-4.603342691776569,-3.714297561796342,8.983368326070213,0.85,0.85,0.09000000357627869,0.0,0.09000000357627869
B_seen_anchor_unseen_family,187,friction_low,Q4_combo,AQ3,0,25,210,12.691506292071708,12.691506292071708,61.112889470364905,-3.0677097335073866,-5.497300555230029,-2.7134420074381427,8.162611766348396,0.9,0.9,0.06000000238418579,0.0,0.06000000238418579
B_seen_anchor_unseen_family,187,friction_low,Q4_combo,AQ3,0,28,211,13.594524150099836,13.594524150099835,56.69634316667928,-4.231049675356512,-6.473177268721082,-0.8133901605112248,6.282563922966717,0.975,0.975,0.015000000596046448,0.0,0.015000000596046448
B_seen_anchor_unseen_family,187,friction_low,Q4_combo,AQ3,0,31,212,13.228940200221212,13.228940200221212,62.3987376765809,-4.7687414349447526,-6.217311455805775,1.2770909900933558,7.154506489812254,0.95,0.95,-0.030000001192092896,0.0,-0.030000001192092896
B_seen_anchor_unseen_family,187,friction_low,Q4_combo,AQ3,0,34,213,12.416586492029305,12.416586492029305,57.69451807694476,-4.985146108393944,-5.141488963607132,3.0929989447050477,8.863304468618683,0.875,0.875,-0.07500000298023224,0.0,-0.07500000298023224
B_seen_anchor_unseen_family,187,friction_low,Q4_combo,AQ3,0,36,214,11.989226543061053,11.989226543061053,55.9214795117039,-5.070167070811445,-4.184217105828489,4.011795392122533,9.7569767803915,0.825,0.825,-0.10500000417232513,0.0,-0.10500000417232513
B_seen_anchor_unseen_family,187,friction_low,Q4_combo,AQ3,0,39,215,11.422213304302694,11.422213304302694,63.84473794729266,-5.063002491304427,-2.4173112703131703,4.754512148479421,11.09603655748698,0.75,0.75,-0.15000000596046448,0.0,-0.15000000596046448
B_seen_anchor_unseen_family,191,friction_low,Q4_combo,AQ3,1,20,216,11.627685989328398,11.627685989328398,57.37436612296278,-0.4461252334777803,-2.895288844960424,-4.695389811461077,9.867585444055647,0.775,0.775,0.13500002026557922,0.0,0.13500002026557922
B_seen_anchor_unseen_family,191,friction_low,Q4_combo,AQ3,1,23,217,12.22741944280176,12.22741944280176,61.742764348228455,-2.1151601819829375,-4.603342691776569,-3.7142975617963425,8.983368326070211,0.85,0.85,0.09000000357627869,0.0,0.09000000357627869
B_seen_anchor_unseen_family,191,friction_low,Q4_combo,AQ3,1,25,218,12.691506292071708,12.691506292071708,61.112889470364905,-3.0677097335073866,-5.497300555230029,-2.7134420074381427,8.162611766348396,0.9,0.9,0.06000000238418579,0.0,0.06000000238418579
B_seen_anchor_unseen_family,191,friction_low,Q4_combo,AQ3,1,28,219,13.594524150099836,13.594524150099835,56.69634316667927,-4.231049675356512,-6.47317726872108,-0.8133901605112248,6.282563922966718,0.975,0.975,0.015000000596046448,0.0,0.015000000596046448
B_seen_anchor_unseen_family,191,friction_low,Q4_combo,AQ3,1,31,220,13.545583953988327,13.545583953988327,60.02296490346183,-5.156194246011698,-6.430761131946383,1.0405082824309717,6.478923536797149,0.975,0.975,-0.04500000178813934,0.0,-0.04500000178813934
B_seen_anchor_unseen_family,191,friction_low,Q4_combo,AQ3,1,34,221,12.655209901826245,12.655209901826245,53.35291478386307,-5.3691505439885505,-5.375440169004708,2.9214377963785183,8.578663428249543,0.9,0.9,-0.09000000357627869,0.0,-0.09000000357627869
B_seen_anchor_unseen_family,191,friction_low,Q4_combo,AQ3,1,36,222,12.193864126044351,12.193864126044351,55.25781573609277,-5.458484250692064,-4.428037939590299,3.896278079535214,9.601376237467326,0.85,0.85,-0.12000000476837158,0.0,-0.12000000476837158
B_seen_anchor_unseen_family,191,friction_low,Q4_combo,AQ3,1,39,223,11.599888065371946,11.599888065371946,59.173896370389045,-5.451184710740274,-2.6521606937365196,4.73519736164854,11.042492991246672,0.775,0.775,-0.16500000655651093,0.0,-0.16500000655651093
B_seen_anchor_unseen_family,195,friction_low,Q4_combo,AQ4,0,20,224,11.627685989328398,11.627685989328398,57.37436612296277,-0.44612523347778127,-2.895288844960425,-4.69538981146108,9.867585444055647,0.775,0.775,0.13500002026557922,0.0,0.13500002026557922
B_seen_anchor_unseen_family,195,friction_low,Q4_combo,AQ4,0,23,225,12.22741944280176,12.22741944280176,61.742764348228455,-2.1151601819829375,-4.603342691776569,-3.7142975617963425,8.983368326070211,0.85,0.85,0.09000000357627869,0.0,0.09000000357627869
B_seen_anchor_unseen_family,195,friction_low,Q4_combo,AQ4,0,25,226,12.691506292071708,12.691506292071708,61.112889470364905,-3.0677097335073866,-5.497300555230029,-2.7134420074381427,8.162611766348396,0.9,0.9,0.06000000238418579,0.0,0.06000000238418579
B_seen_anchor_unseen_family,195,friction_low,Q4_combo,AQ4,0,28,227,13.594524150099836,13.594524150099835,56.69634316667928,-4.231049675356512,-6.473177268721082,-0.8133901605112248,6.282563922966717,0.975,0.975,0.015000000596046448,0.0,0.015000000596046448
B_seen_anchor_unseen_family,195,friction_low,Q4_combo,AQ4,0,31,228,13.228940200221212,13.228940200221212,62.398737676580886,-4.7687414349447526,-6.217311455805775,1.2770909900933558,7.154506489812254,0.95,0.95,-0.030000001192092896,0.0,-0.030000001192092896
B_seen_anchor_unseen_family,195,friction_low,Q4_combo,AQ4,0,34,229,12.416586492029305,12.416586492029305,57.69451807694476,-4.985146108393945,-5.141488963607129,3.092998944705047,8.863304468618683,0.875,0.875,-0.07500000298023224,0.0,-0.07500000298023224
B_seen_anchor_unseen_family,195,friction_low,Q4_combo,AQ4,0,36,230,11.989226543061053,11.989226543061053,55.921479511703886,-5.070167070811443,-4.184217105828492,4.011795392122532,9.7569767803915,0.825,0.825,-0.10500000417232513,0.0,-0.10500000417232513
B_seen_anchor_unseen_family,195,friction_low,Q4_combo,AQ4,0,39,231,11.422213304302694,11.422213304302694,63.84473794729266,-5.063002491304427,-2.4173112703131703,4.754512148479421,11.09603655748698,0.75,0.75,-0.15000000596046448,0.0,-0.15000000596046448
B_seen_anchor_unseen_family,199,friction_low,Q4_combo,AQ4,1,20,232,11.263312151794247,11.406455761500652,59.67953052585953,-0.025294080812915322,-2.0417346902608617,-4.694448190098253,10.343307201709614,0.725,0.725,0.13500000536441803,0.0,0.13500000536441803
B_seen_anchor_unseen_family,199,friction_low,Q4_combo,AQ4,1,23,233,11.813413647795537,11.97805228528207,61.59882006476187,-1.7365501089181516,-3.8029862380136943,-4.150222025168573,9.53085156645706,0.8,0.8,0.09000000357627869,0.0,0.09000000357627869
B_seen_anchor_unseen_family,199,friction_low,Q4_combo,AQ4,1,26,234,12.440912991376742,12.527873633239697,61.63317362065876,-3.2401262971758236,-5.25908170957653,-2.8634627081718893,8.462003574783798,0.875,0.875,0.04500000178813934,0.0,0.04500000178813934
B_seen_anchor_unseen_family,199,friction_low,Q4_combo,AQ4,1,29,235,13.255506106259455,13.34898255906561,59.96695103256766,-4.43703608204282,-6.252833101129464,-1.0318060902386723,6.933986174268439,0.95,0.95,0.0,0.0,0.0
B_seen_anchor_unseen_family,199,friction_low,Q4_combo,AQ4,1,32,236,13.545583953988327,13.545583953988327,60.02296490346183,-5.156194246011698,-6.430761131946383,1.0405082824309717,6.478923536797149,0.975,0.975,-0.04500000178813934,0.0,-0.04500000178813934
B_seen_anchor_unseen_family,199,friction_low,Q4_combo,AQ4,1,35,237,12.655209901826245,12.655209901826245,53.35291478386307,-5.3691505439885505,-5.375440169004708,2.9214377963785183,8.578663428249543,0.9,0.9,-0.09000000357627869,0.0,-0.09000000357627869
B_seen_anchor_unseen_family,199,friction_low,Q4_combo,AQ4,1,38,238,11.989226543061053,11.989226543061053,57.09946461711902,-5.4676851957611605,-3.8576413742570748,4.249185703487645,10.123005269092909,0.825,0.825,-0.13500000536441803,0.0,-0.13500000536441803
B_seen_anchor_unseen_family,199,friction_low,Q4_combo,AQ4,1,41,239,11.422213304302694,11.422213304302694,50.467061075990976,-5.3981987159538285,-1.9504217413025482,4.768174993406931,11.633593601545435,0.75,0.75,-0.18000000715255737,0.0,-0.18000000715255737
C_unseen_anchor_unseen_family,51,normal,Q4_combo,AQ6,0,20,0,11.627685989328398,11.627685989328398,57.374366122962776,-0.4461252334777803,-2.895288844960424,-4.695389811461077,9.867585444055647,0.775,0.775,0.13500002026557922,0.0,0.13500002026557922
C_unseen_anchor_unseen_family,51,normal,Q4_combo,AQ6,0,23,1,12.22741944280176,12.22741944280176,61.742764348228455,-2.1151601819829375,-4.603342691776569,-3.7142975617963425,8.983368326070211,0.85,0.85,0.09000000357627869,0.0,0.09000000357627869
C_unseen_anchor_unseen_family,51,normal,Q4_combo,AQ6,0,25,2,12.691506292071708,12.691506292071708,61.112889470364905,-3.0677097335073866,-5.497300555230029,-2.7134420074381427,8.162611766348398,0.9,0.9,0.06000000238418579,0.0,0.06000000238418579
C_unseen_anchor_unseen_family,51,normal,Q4_combo,AQ6,0,28,3,13.594524150099836,13.594524150099835,56.696343166679284,-4.231049675356512,-6.473177268721082,-0.8133901605112248,6.282563922966718,0.975,0.975,0.015000000596046448,0.0,0.015000000596046448
C_unseen_anchor_unseen_family,51,normal,Q4_combo,AQ6,0,31,4,13.228940200221212,13.228940200221212,62.39873767658091,-4.7687414349447526,-6.217311455805775,1.2770909900933558,7.154506489812254,0.95,0.95,-0.030000001192092896,0.0,-0.030000001192092896
C_unseen_anchor_unseen_family,51,normal,Q4_combo,AQ6,0,34,5,12.416586492029305,12.416586492029305,57.69451807694476,-4.985146108393944,-5.141488963607132,3.0929989447050477,8.863304468618683,0.875,0.875,-0.07500000298023224,0.0,-0.07500000298023224
C_unseen_anchor_unseen_family,51,normal,Q4_combo,AQ6,0,36,6,11.989226543061053,11.989226543061053,55.921479511703886,-5.070167070811443,-4.184217105828492,4.011795392122532,9.7569767803915,0.825,0.825,-0.10500000417232513,0.0,-0.10500000417232513
C_unseen_anchor_unseen_family,51,normal,Q4_combo,AQ6,0,39,7,11.422213304302694,11.422213304302694,63.84473794729266,-5.063002491304427,-2.4173112703131703,4.754512148479421,11.09603655748698,0.75,0.75,-0.15000000596046448,0.0,-0.15000000596046448
C_unseen_anchor_unseen_family,55,normal,Q4_combo,AQ6,1,20,8,12.037467079363857,12.063348709303444,58.45122403503657,0.9481135190306038,-1.7559728505095071,-4.74200671470858,10.528079257573978,0.75,0.75,0.18000000715255737,0.0,0.18000000715255737
C_unseen_anchor_unseen_family,55,normal,Q4_combo,AQ6,1,23,9,12.4613358973677,12.500700786318713,67.34201664835108,-0.8653408004778307,-3.722262610876776,-4.308243210177306,9.54688362306218,0.825,0.825,0.13500000536441803,0.0,0.13500000536441803
C_unseen_anchor_unseen_family,55,normal,Q4_combo,AQ6,1,27,10,12.946558289810568,12.99251126040707,55.80963262704455,-2.9114391024815816,-5.724120053140248,-2.514196587113981,7.7845484271751895,0.925,0.925,0.07500000298023224,0.0,0.07500000298023224
C_unseen_anchor_unseen_family,55,normal,Q4_combo,AQ6,1,30,11,13.950986748951106,14.001362879387779,52.57085357632937,-4.044319034369231,-6.6743639286356435,-0.5528687409339056,5.396506304543226,1.0,1.0,0.030000001192092896,0.0,0.030000001192092896
C_unseen_anchor_unseen_family,55,normal,Q4_combo,AQ6,1,33,12,13.545583953988327,13.545583953988327,60.02296490346183,-5.156194246011698,-6.430761131946383,1.0405082824309717,6.478923536797148,0.975,0.975,-0.04500000178813934,0.0,-0.04500000178813934
C_unseen_anchor_unseen_family,55,normal,Q4_combo,AQ6,1,36,13,12.655209901826245,12.655209901826245,53.35291478386307,-5.3691505439885505,-5.375440169004708,2.9214377963785183,8.578663428249543,0.9,0.9,-0.09000000357627869,0.0,-0.09000000357627869
C_unseen_anchor_unseen_family,55,normal,Q4_combo,AQ6,1,40,14,11.888864001802395,12.07738407970272,47.317213587869304,-5.449413345010301,-3.2550592559868083,4.523794006991688,10.587898768341606,0.8,0.8,-0.15000000596046448,0.0,-0.15000000596046448
C_unseen_anchor_unseen_family,55,normal,Q4_combo,AQ6,1,43,15,12.047474951636495,12.047474951636495,52.87116753890639,-5.301055966374078,-1.2338011812247764,4.588021172366605,12.312411552651831,0.725,0.725,-0.19500000774860382,0.0,-0.19500000774860382
C_unseen_anchor_unseen_family,59,normal,Q4_combo,AQ7,0,20,16,11.627685989328398,11.627685989328398,57.374366122962776,-0.4461252334777803,-2.895288844960424,-4.695389811461077,9.867585444055647,0.775,0.775,0.13500002026557922,0.0,0.13500002026557922
C_unseen_anchor_unseen_family,59,normal,Q4_combo,AQ7,0,23,17,12.22741944280176,12.22741944280176,61.742764348228455,-2.1151601819829375,-4.603342691776569,-3.7142975617963425,8.983368326070211,0.85,0.85,0.09000000357627869,0.0,0.09000000357627869
C_unseen_anchor_unseen_family,59,normal,Q4_combo,AQ7,0,25,18,12.691506292071708,12.691506292071708,61.112889470364905,-3.0677097335073866,-5.497300555230029,-2.7134420074381427,8.162611766348398,0.9,0.9,0.06000000238418579,0.0,0.06000000238418579
C_unseen_anchor_unseen_family,59,normal,Q4_combo,AQ7,0,28,19,13.594524150099836,13.594524150099835,56.696343166679284,-4.231049675356512,-6.473177268721082,-0.8133901605112248,6.282563922966718,0.975,0.975,0.015000000596046448,0.0,0.015000000596046448
C_unseen_anchor_unseen_family,59,normal,Q4_combo,AQ7,0,31,20,13.228940200221212,13.228940200221212,62.39873767658091,-4.7687414349447526,-6.217311455805775,1.2770909900933558,7.154506489812254,0.95,0.95,-0.030000001192092896,0.0,-0.030000001192092896
C_unseen_anchor_unseen_family,59,normal,Q4_combo,AQ7,0,34,21,12.416586492029305,12.416586492029305,57.69451807694476,-4.985146108393944,-5.141488963607132,3.0929989447050477,8.863304468618683,0.875,0.875,-0.07500000298023224,0.0,-0.07500000298023224
C_unseen_anchor_unseen_family,59,normal,Q4_combo,AQ7,0,36,22,11.989226543061053,11.989226543061053,55.921479511703886,-5.070167070811443,-4.184217105828492,4.011795392122532,9.7569767803915,0.825,0.825,-0.10500000417232513,0.0,-0.10500000417232513
C_unseen_anchor_unseen_family,59,normal,Q4_combo,AQ7,0,39,23,11.422213304302694,11.422213304302694,63.84473794729266,-5.063002491304427,-2.4173112703131703,4.754512148479421,11.09603655748698,0.75,0.75,-0.15000000596046448,0.0,-0.15000000596046448
C_unseen_anchor_unseen_family,63,normal,Q4_combo,AQ7,1,20,24,12.089303973505968,12.089303973505968,72.45341668356335,-1.3398462077997266,-2.9910591848496684,-4.449496396315679,9.924228387758689,0.75,0.75,0.09000000357627869,0.0,0.09000000357627869
C_unseen_anchor_unseen_family,63,normal,Q4_combo,AQ7,1,22,25,12.225010241511868,12.225010241511868,68.13702055904639,-2.431361723628751,-4.106633547436257,-3.883782774122414,9.353016476789978,0.8,0.8,0.06000000238418579,0.0,0.06000000238418579
C_unseen_anchor_unseen_family,63,normal,Q4_combo,AQ7,1,25,26,12.80499143494371,12.8895202743627,65.60773481760225,-3.8245556769945064,-5.37592806591874,-2.4446375743380053,8.391795092444303,0.875,0.875,0.015000000596046448,0.0,0.015000000596046448
C_unseen_anchor_unseen_family,63,normal,Q4_combo,AQ7,1,27,27,13.17863913483481,13.272651280766237,67.44226805437525,-4.623990063297221,-6.027891828301468,-1.238451605765645,7.477877749291089,0.925,0.925,-0.015000000596046448,0.0,-0.015000000596046448
C_unseen_anchor_unseen_family,63,normal,Q4_combo,AQ7,1,30,28,13.545583953988327,13.545583953988327,60.02296490346183,-5.156194246011698,-6.430761131946383,1.0405082824309717,6.478923536797148,0.975,0.975,-0.04500000178813934,0.0,-0.04500000178813934
C_unseen_anchor_unseen_family,63,normal,Q4_combo,AQ7,1,32,29,12.939068956349953,13.079864949491261,51.001021900471954,-5.301220658443517,-5.74508976608625,2.319083666815223,8.0374219411229,0.925,0.925,-0.07500000298023224,0.0,-0.07500000298023224
C_unseen_anchor_unseen_family,63,normal,Q4_combo,AQ7,1,35,30,12.193864126044351,12.193864126044351,55.25781573609277,-5.458484250692064,-4.428037939590299,3.896278079535214,9.601376237467326,0.85,0.85,-0.12000000476837158,0.0,-0.12000000476837158
C_unseen_anchor_unseen_family,63,normal,Q4_combo,AQ7,1,37,31,11.888864001802395,12.07738407970272,47.317213587869304,-5.449413345010301,-3.2550592559868083,4.523794006991688,10.587898768341606,0.8,0.8,-0.15000000596046448,0.0,-0.15000000596046448
C_unseen_anchor_unseen_family,131,friction_mid,Q4_combo,AQ6,0,20,32,11.627685989328398,11.627685989328398,57.374366122962776,-0.4461252334777803,-2.895288844960424,-4.695389811461077,9.867585444055647,0.775,0.775,0.13500002026557922,0.0,0.13500002026557922
C_unseen_anchor_unseen_family,131,friction_mid,Q4_combo,AQ6,0,23,33,12.22741944280176,12.22741944280176,61.742764348228455,-2.1151601819829375,-4.603342691776569,-3.7142975617963425,8.983368326070211,0.85,0.85,0.09000000357627869,0.0,0.09000000357627869
C_unseen_anchor_unseen_family,131,friction_mid,Q4_combo,AQ6,0,25,34,12.691506292071708,12.691506292071708,61.112889470364905,-3.0677097335073866,-5.497300555230029,-2.7134420074381427,8.162611766348398,0.9,0.9,0.06000000238418579,0.0,0.06000000238418579
C_unseen_anchor_unseen_family,131,friction_mid,Q4_combo,AQ6,0,28,35,13.594524150099836,13.594524150099835,56.696343166679284,-4.231049675356512,-6.473177268721082,-0.8133901605112248,6.282563922966718,0.975,0.975,0.015000000596046448,0.0,0.015000000596046448
C_unseen_anchor_unseen_family,131,friction_mid,Q4_combo,AQ6,0,31,36,13.228940200221212,13.228940200221212,62.39873767658091,-4.7687414349447526,-6.217311455805775,1.2770909900933558,7.154506489812254,0.95,0.95,-0.030000001192092896,0.0,-0.030000001192092896
C_unseen_anchor_unseen_family,131,friction_mid,Q4_combo,AQ6,0,34,37,12.416586492029305,12.416586492029305,57.69451807694476,-4.985146108393944,-5.141488963607132,3.0929989447050477,8.863304468618683,0.875,0.875,-0.07500000298023224,0.0,-0.07500000298023224
C_unseen_anchor_unseen_family,131,friction_mid,Q4_combo,AQ6,0,36,38,11.989226543061053,11.989226543061053,55.921479511703886,-5.070167070811443,-4.184217105828492,4.011795392122532,9.7569767803915,0.825,0.825,-0.10500000417232513,0.0,-0.10500000417232513
C_unseen_anchor_unseen_family,131,friction_mid,Q4_combo,AQ6,0,39,39,11.422213304302694,11.422213304302694,63.84473794729266,-5.063002491304427,-2.4173112703131703,4.754512148479421,11.09603655748698,0.75,0.75,-0.15000000596046448,0.0,-0.15000000596046448
C_unseen_anchor_unseen_family,135,friction_mid,Q4_combo,AQ6,1,20,40,12.037467079363857,12.063348709303444,58.45122403503657,0.9481135190306038,-1.7559728505095071,-4.74200671470858,10.528079257573978,0.75,0.75,0.18000000715255737,0.0,0.18000000715255737
C_unseen_anchor_unseen_family,135,friction_mid,Q4_combo,AQ6,1,23,41,12.4613358973677,12.500700786318713,67.34201664835108,-0.8653408004778307,-3.722262610876776,-4.308243210177306,9.54688362306218,0.825,0.825,0.13500000536441803,0.0,0.13500000536441803
C_unseen_anchor_unseen_family,135,friction_mid,Q4_combo,AQ6,1,27,42,12.946558289810568,12.99251126040707,55.80963262704455,-2.9114391024815816,-5.724120053140248,-2.514196587113981,7.7845484271751895,0.925,0.925,0.07500000298023224,0.0,0.07500000298023224
C_unseen_anchor_unseen_family,135,friction_mid,Q4_combo,AQ6,1,30,43,13.950986748951106,14.001362879387779,52.57085357632937,-4.044319034369231,-6.6743639286356435,-0.5528687409339056,5.396506304543226,1.0,1.0,0.030000001192092896,0.0,0.030000001192092896
C_unseen_anchor_unseen_family,135,friction_mid,Q4_combo,AQ6,1,33,44,13.545583953988327,13.545583953988327,60.02296490346183,-5.156194246011698,-6.430761131946383,1.0405082824309717,6.478923536797148,0.975,0.975,-0.04500000178813934,0.0,-0.04500000178813934
C_unseen_anchor_unseen_family,135,friction_mid,Q4_combo,AQ6,1,36,45,12.655209901826245,12.655209901826245,53.35291478386307,-5.3691505439885505,-5.375440169004708,2.9214377963785183,8.578663428249543,0.9,0.9,-0.09000000357627869,0.0,-0.09000000357627869
C_unseen_anchor_unseen_family,135,friction_mid,Q4_combo,AQ6,1,40,46,11.888864001802395,12.07738407970272,47.317213587869304,-5.449413345010301,-3.2550592559868083,4.523794006991688,10.587898768341606,0.8,0.8,-0.15000000596046448,0.0,-0.15000000596046448
C_unseen_anchor_unseen_family,135,friction_mid,Q4_combo,AQ6,1,43,47,12.047474951636495,12.047474951636495,52.87116753890639,-5.301055966374078,-1.2338011812247764,4.588021172366605,12.312411552651831,0.725,0.725,-0.19500000774860382,0.0,-0.19500000774860382
C_unseen_anchor_unseen_family,139,friction_mid,Q4_combo,AQ7,0,20,48,11.627685989328398,11.627685989328398,57.374366122962776,-0.4461252334777803,-2.895288844960424,-4.695389811461077,9.867585444055647,0.775,0.775,0.13500002026557922,0.0,0.13500002026557922
C_unseen_anchor_unseen_family,139,friction_mid,Q4_combo,AQ7,0,23,49,12.22741944280176,12.22741944280176,61.742764348228455,-2.1151601819829375,-4.603342691776569,-3.7142975617963425,8.983368326070211,0.85,0.85,0.09000000357627869,0.0,0.09000000357627869
C_unseen_anchor_unseen_family,139,friction_mid,Q4_combo,AQ7,0,25,50,12.691506292071708,12.691506292071708,61.112889470364905,-3.0677097335073866,-5.497300555230029,-2.7134420074381427,8.162611766348398,0.9,0.9,0.06000000238418579,0.0,0.06000000238418579
C_unseen_anchor_unseen_family,139,friction_mid,Q4_combo,AQ7,0,28,51,13.594524150099836,13.594524150099835,56.696343166679284,-4.231049675356512,-6.473177268721082,-0.8133901605112248,6.282563922966718,0.975,0.975,0.015000000596046448,0.0,0.015000000596046448
C_unseen_anchor_unseen_family,139,friction_mid,Q4_combo,AQ7,0,31,52,13.228940200221212,13.228940200221212,62.39873767658091,-4.7687414349447526,-6.217311455805775,1.2770909900933558,7.154506489812254,0.95,0.95,-0.030000001192092896,0.0,-0.030000001192092896
C_unseen_anchor_unseen_family,139,friction_mid,Q4_combo,AQ7,0,34,53,12.416586492029305,12.416586492029305,57.69451807694476,-4.985146108393944,-5.141488963607132,3.0929989447050477,8.863304468618683,0.875,0.875,-0.07500000298023224,0.0,-0.07500000298023224
C_unseen_anchor_unseen_family,139,friction_mid,Q4_combo,AQ7,0,36,54,11.989226543061053,11.989226543061053,55.921479511703886,-5.070167070811443,-4.184217105828492,4.011795392122532,9.7569767803915,0.825,0.825,-0.10500000417232513,0.0,-0.10500000417232513
C_unseen_anchor_unseen_family,139,friction_mid,Q4_combo,AQ7,0,39,55,11.422213304302694,11.422213304302694,63.84473794729266,-5.063002491304427,-2.4173112703131703,4.754512148479421,11.09603655748698,0.75,0.75,-0.15000000596046448,0.0,-0.15000000596046448
C_unseen_anchor_unseen_family,143,friction_mid,Q4_combo,AQ7,1,20,56,12.089303973505968,12.089303973505968,72.45341668356335,-1.3398462077997266,-2.9910591848496684,-4.449496396315679,9.924228387758689,0.75,0.75,0.09000000357627869,0.0,0.09000000357627869
C_unseen_anchor_unseen_family,143,friction_mid,Q4_combo,AQ7,1,22,57,12.225010241511868,12.225010241511868,68.13702055904639,-2.431361723628751,-4.106633547436257,-3.883782774122414,9.353016476789978,0.8,0.8,0.06000000238418579,0.0,0.06000000238418579
C_unseen_anchor_unseen_family,143,friction_mid,Q4_combo,AQ7,1,25,58,12.80499143494371,12.8895202743627,65.60773481760225,-3.8245556769945064,-5.37592806591874,-2.4446375743380053,8.391795092444303,0.875,0.875,0.015000000596046448,0.0,0.015000000596046448
C_unseen_anchor_unseen_family,143,friction_mid,Q4_combo,AQ7,1,27,59,13.17863913483481,13.272651280766237,67.44226805437525,-4.623990063297221,-6.027891828301468,-1.238451605765645,7.477877749291089,0.925,0.925,-0.015000000596046448,0.0,-0.015000000596046448
C_unseen_anchor_unseen_family,143,friction_mid,Q4_combo,AQ7,1,30,60,13.545583953988327,13.545583953988327,60.02296490346183,-5.156194246011698,-6.430761131946383,1.0405082824309717,6.478923536797148,0.975,0.975,-0.04500000178813934,0.0,-0.04500000178813934
C_unseen_anchor_unseen_family,143,friction_mid,Q4_combo,AQ7,1,32,61,12.939068956349953,13.079864949491261,51.001021900471954,-5.301220658443517,-5.74508976608625,2.319083666815223,8.0374219411229,0.925,0.925,-0.07500000298023224,0.0,-0.07500000298023224
C_unseen_anchor_unseen_family,143,friction_mid,Q4_combo,AQ7,1,35,62,12.193864126044351,12.193864126044351,55.25781573609277,-5.458484250692064,-4.428037939590299,3.896278079535214,9.601376237467326,0.85,0.85,-0.12000000476837158,0.0,-0.12000000476837158
C_unseen_anchor_unseen_family,143,friction_mid,Q4_combo,AQ7,1,37,63,11.888864001802395,12.07738407970272,47.317213587869304,-5.449413345010301,-3.2550592559868083,4.523794006991688,10.587898768341606,0.8,0.8,-0.15000000596046448,0.0,-0.15000000596046448
C_unseen_anchor_unseen_family,211,friction_low,Q4_combo,AQ6,0,20,64,11.627685989328398,11.627685989328398,57.374366122962776,-0.4461252334777803,-2.895288844960424,-4.695389811461077,9.867585444055647,0.775,0.775,0.13500002026557922,0.0,0.13500002026557922
C_unseen_anchor_unseen_family,211,friction_low,Q4_combo,AQ6,0,23,65,12.22741944280176,12.22741944280176,61.742764348228455,-2.1151601819829375,-4.603342691776569,-3.7142975617963425,8.983368326070211,0.85,0.85,0.09000000357627869,0.0,0.09000000357627869
C_unseen_anchor_unseen_family,211,friction_low,Q4_combo,AQ6,0,25,66,12.691506292071708,12.691506292071708,61.112889470364905,-3.0677097335073866,-5.497300555230029,-2.7134420074381427,8.162611766348398,0.9,0.9,0.06000000238418579,0.0,0.06000000238418579
C_unseen_anchor_unseen_family,211,friction_low,Q4_combo,AQ6,0,28,67,13.594524150099836,13.594524150099835,56.696343166679284,-4.231049675356512,-6.473177268721082,-0.8133901605112248,6.282563922966718,0.975,0.975,0.015000000596046448,0.0,0.015000000596046448
C_unseen_anchor_unseen_family,211,friction_low,Q4_combo,AQ6,0,31,68,13.228940200221212,13.228940200221212,62.39873767658091,-4.7687414349447526,-6.217311455805775,1.2770909900933558,7.154506489812254,0.95,0.95,-0.030000001192092896,0.0,-0.030000001192092896
C_unseen_anchor_unseen_family,211,friction_low,Q4_combo,AQ6,0,34,69,12.416586492029305,12.416586492029305,57.69451807694476,-4.985146108393944,-5.141488963607132,3.0929989447050477,8.863304468618683,0.875,0.875,-0.07500000298023224,0.0,-0.07500000298023224
C_unseen_anchor_unseen_family,211,friction_low,Q4_combo,AQ6,0,36,70,11.989226543061053,11.989226543061053,55.921479511703886,-5.070167070811443,-4.184217105828492,4.011795392122532,9.7569767803915,0.825,0.825,-0.10500000417232513,0.0,-0.10500000417232513
C_unseen_anchor_unseen_family,211,friction_low,Q4_combo,AQ6,0,39,71,11.422213304302694,11.422213304302694,63.84473794729266,-5.063002491304427,-2.4173112703131703,4.754512148479421,11.09603655748698,0.75,0.75,-0.15000000596046448,0.0,-0.15000000596046448
C_unseen_anchor_unseen_family,215,friction_low,Q4_combo,AQ6,1,20,72,12.037467079363857,12.063348709303444,58.45122403503657,0.9481135190306038,-1.7559728505095071,-4.74200671470858,10.528079257573978,0.75,0.75,0.18000000715255737,0.0,0.18000000715255737
C_unseen_anchor_unseen_family,215,friction_low,Q4_combo,AQ6,1,23,73,12.4613358973677,12.500700786318713,67.34201664835108,-0.8653408004778307,-3.722262610876776,-4.308243210177306,9.54688362306218,0.825,0.825,0.13500000536441803,0.0,0.13500000536441803
C_unseen_anchor_unseen_family,215,friction_low,Q4_combo,AQ6,1,27,74,12.946558289810568,12.99251126040707,55.80963262704455,-2.9114391024815816,-5.724120053140248,-2.514196587113981,7.7845484271751895,0.925,0.925,0.07500000298023224,0.0,0.07500000298023224
C_unseen_anchor_unseen_family,215,friction_low,Q4_combo,AQ6,1,30,75,13.950986748951106,14.001362879387779,52.57085357632937,-4.044319034369231,-6.6743639286356435,-0.5528687409339056,5.396506304543226,1.0,1.0,0.030000001192092896,0.0,0.030000001192092896
C_unseen_anchor_unseen_family,215,friction_low,Q4_combo,AQ6,1,33,76,13.545583953988327,13.545583953988327,60.02296490346183,-5.156194246011698,-6.430761131946383,1.0405082824309717,6.478923536797148,0.975,0.975,-0.04500000178813934,0.0,-0.04500000178813934
C_unseen_anchor_unseen_family,215,friction_low,Q4_combo,AQ6,1,36,77,12.655209901826245,12.655209901826245,53.35291478386307,-5.3691505439885505,-5.375440169004708,2.9214377963785183,8.578663428249543,0.9,0.9,-0.09000000357627869,0.0,-0.09000000357627869
C_unseen_anchor_unseen_family,215,friction_low,Q4_combo,AQ6,1,40,78,11.888864001802395,12.07738407970272,47.317213587869304,-5.449413345010301,-3.2550592559868083,4.523794006991688,10.587898768341606,0.8,0.8,-0.15000000596046448,0.0,-0.15000000596046448
C_unseen_anchor_unseen_family,215,friction_low,Q4_combo,AQ6,1,43,79,12.047474951636495,12.047474951636495,52.87116753890639,-5.301055966374078,-1.2338011812247764,4.588021172366605,12.312411552651831,0.725,0.725,-0.19500000774860382,0.0,-0.19500000774860382
C_unseen_anchor_unseen_family,219,friction_low,Q4_combo,AQ7,0,20,80,11.627685989328398,11.627685989328398,57.374366122962776,-0.4461252334777803,-2.895288844960424,-4.695389811461077,9.867585444055647,0.775,0.775,0.13500002026557922,0.0,0.13500002026557922
C_unseen_anchor_unseen_family,219,friction_low,Q4_combo,AQ7,0,23,81,12.22741944280176,12.22741944280176,61.742764348228455,-2.1151601819829375,-4.603342691776569,-3.7142975617963425,8.983368326070211,0.85,0.85,0.09000000357627869,0.0,0.09000000357627869
C_unseen_anchor_unseen_family,219,friction_low,Q4_combo,AQ7,0,25,82,12.691506292071708,12.691506292071708,61.112889470364905,-3.0677097335073866,-5.497300555230029,-2.7134420074381427,8.162611766348398,0.9,0.9,0.06000000238418579,0.0,0.06000000238418579
C_unseen_anchor_unseen_family,219,friction_low,Q4_combo,AQ7,0,28,83,13.594524150099836,13.594524150099835,56.696343166679284,-4.231049675356512,-6.473177268721082,-0.8133901605112248,6.282563922966718,0.975,0.975,0.015000000596046448,0.0,0.015000000596046448
C_unseen_anchor_unseen_family,219,friction_low,Q4_combo,AQ7,0,31,84,13.228940200221212,13.228940200221212,62.39873767658091,-4.7687414349447526,-6.217311455805775,1.2770909900933558,7.154506489812254,0.95,0.95,-0.030000001192092896,0.0,-0.030000001192092896
C_unseen_anchor_unseen_family,219,friction_low,Q4_combo,AQ7,0,34,85,12.416586492029305,12.416586492029305,57.69451807694476,-4.985146108393944,-5.141488963607132,3.0929989447050477,8.863304468618683,0.875,0.875,-0.07500000298023224,0.0,-0.07500000298023224
C_unseen_anchor_unseen_family,219,friction_low,Q4_combo,AQ7,0,36,86,11.989226543061053,11.989226543061053,55.921479511703886,-5.070167070811443,-4.184217105828492,4.011795392122532,9.7569767803915,0.825,0.825,-0.10500000417232513,0.0,-0.10500000417232513
C_unseen_anchor_unseen_family,219,friction_low,Q4_combo,AQ7,0,39,87,11.422213304302694,11.422213304302694,63.84473794729266,-5.063002491304427,-2.4173112703131703,4.754512148479421,11.09603655748698,0.75,0.75,-0.15000000596046448,0.0,-0.15000000596046448
C_unseen_anchor_unseen_family,223,friction_low,Q4_combo,AQ7,1,20,88,12.089303973505968,12.089303973505968,72.45341668356335,-1.3398462077997266,-2.9910591848496684,-4.449496396315679,9.924228387758689,0.75,0.75,0.09000000357627869,0.0,0.09000000357627869
C_unseen_anchor_unseen_family,223,friction_low,Q4_combo,AQ7,1,22,89,12.225010241511868,12.225010241511868,68.13702055904639,-2.431361723628751,-4.106633547436257,-3.883782774122414,9.353016476789978,0.8,0.8,0.06000000238418579,0.0,0.06000000238418579
C_unseen_anchor_unseen_family,223,friction_low,Q4_combo,AQ7,1,25,90,12.80499143494371,12.8895202743627,65.60773481760225,-3.8245556769945064,-5.37592806591874,-2.4446375743380053,8.391795092444303,0.875,0.875,0.015000000596046448,0.0,0.015000000596046448
C_unseen_anchor_unseen_family,223,friction_low,Q4_combo,AQ7,1,27,91,13.17863913483481,13.272651280766237,67.44226805437525,-4.623990063297221,-6.027891828301468,-1.238451605765645,7.477877749291089,0.925,0.925,-0.015000000596046448,0.0,-0.015000000596046448
C_unseen_anchor_unseen_family,223,friction_low,Q4_combo,AQ7,1,30,92,13.545583953988327,13.545583953988327,60.02296490346183,-5.156194246011698,-6.430761131946383,1.0405082824309717,6.478923536797148,0.975,0.975,-0.04500000178813934,0.0,-0.04500000178813934
C_unseen_anchor_unseen_family,223,friction_low,Q4_combo,AQ7,1,32,93,12.939068956349953,13.079864949491261,51.001021900471954,-5.301220658443517,-5.74508976608625,2.319083666815223,8.0374219411229,0.925,0.925,-0.07500000298023224,0.0,-0.07500000298023224
C_unseen_anchor_unseen_family,223,friction_low,Q4_combo,AQ7,1,35,94,12.193864126044351,12.193864126044351,55.25781573609277,-5.458484250692064,-4.428037939590299,3.896278079535214,9.601376237467326,0.85,0.85,-0.12000000476837158,0.0,-0.12000000476837158
C_unseen_anchor_unseen_family,223,friction_low,Q4_combo,AQ7,1,37,95,11.888864001802395,12.07738407970272,47.317213587869304,-5.449413345010301,-3.2550592559868083,4.523794006991688,10.587898768341606,0.8,0.8,-0.15000000596046448,0.0,-0.15000000596046448
supp_AQ5xQ4,43,normal,Q4_combo,AQ5,0,20,0,11.627685989328398,11.627685989328398,57.37436612296277,-0.44612523347778127,-2.895288844960425,-4.69538981146108,9.867585444055647,0.775,0.775,0.13500002026557922,0.0,0.13500002026557922
supp_AQ5xQ4,43,normal,Q4_combo,AQ5,0,23,1,12.22741944280176,12.22741944280176,61.742764348228455,-2.1151601819829375,-4.603342691776569,-3.714297561796342,8.983368326070213,0.85,0.85,0.09000000357627869,0.0,0.09000000357627869
supp_AQ5xQ4,43,normal,Q4_combo,AQ5,0,25,2,12.691506292071708,12.691506292071708,61.112889470364905,-3.067709733507388,-5.497300555230027,-2.713442007438143,8.162611766348398,0.9,0.9,0.06000000238418579,0.0,0.06000000238418579
supp_AQ5xQ4,43,normal,Q4_combo,AQ5,0,28,3,13.594524150099836,13.594524150099835,56.69634316667927,-4.231049675356512,-6.47317726872108,-0.8133901605112248,6.282563922966718,0.975,0.975,0.015000000596046448,0.0,0.015000000596046448
supp_AQ5xQ4,43,normal,Q4_combo,AQ5,0,31,4,13.228940200221212,13.228940200221212,62.3987376765809,-4.7687414349447526,-6.217311455805772,1.2770909900933556,7.154506489812254,0.95,0.95,-0.030000001192092896,0.0,-0.030000001192092896
supp_AQ5xQ4,43,normal,Q4_combo,AQ5,0,34,5,12.416586492029305,12.416586492029305,57.69451807694476,-4.985146108393945,-5.141488963607129,3.092998944705047,8.863304468618683,0.875,0.875,-0.07500000298023224,0.0,-0.07500000298023224
supp_AQ5xQ4,43,normal,Q4_combo,AQ5,0,36,6,11.989226543061053,11.989226543061053,55.9214795117039,-5.070167070811445,-4.184217105828489,4.011795392122533,9.7569767803915,0.825,0.825,-0.10500000417232513,0.0,-0.10500000417232513
supp_AQ5xQ4,43,normal,Q4_combo,AQ5,0,39,7,11.422213304302694,11.422213304302694,63.84473794729267,-5.063002491304428,-2.4173112703131716,4.754512148479417,11.096036557486983,0.75,0.75,-0.15000000596046448,0.0,-0.15000000596046448
supp_AQ5xQ4,47,normal,Q4_combo,AQ5,1,20,8,11.890467164613447,11.954118191515489,69.78890372054792,2.3434887520082617,-0.6035266867491847,-4.443140652026414,11.10031800484193,0.725,0.725,0.22499999403953552,0.0,0.22499999403953552
supp_AQ5xQ4,47,normal,Q4_combo,AQ5,1,24,9,12.021976541663971,12.062768182516868,58.82219801979412,-0.13921793848058356,-3.3930475064822208,-4.547305202858949,9.65169590906492,0.825,0.825,0.16500000655651093,0.0,0.16500000655651093
supp_AQ5xQ4,47,normal,Q4_combo,AQ5,1,27,10,12.691506292071708,12.734319966045291,59.506399614614416,-1.7936646760654895,-5.082467117182889,-3.427805340131046,8.514877611389558,0.9,0.9,0.12000000476837158,0.0,0.12000000476837158
supp_AQ5xQ4,47,normal,Q4_combo,AQ5,1,31,11,14.274160329685555,14.323405785213897,58.381483930677256,-3.4792684594387806,-6.580901219226135,-0.9813306591284743,5.64019304021143,1.0,1.0,0.06000000238418579,0.0,0.06000000238418579
supp_AQ5xQ4,47,normal,Q4_combo,AQ5,1,34,12,13.79888588187296,13.828967209180082,56.315972068474835,-4.644974520378449,-6.455544079754802,0.5951599107431594,6.281911798042649,0.975,0.975,-0.015000000596046448,0.0,-0.015000000596046448
supp_AQ5xQ4,47,normal,Q4_combo,AQ5,1,38,13,12.416586492029305,12.416586492029305,57.69451807694476,-4.985146108393945,-5.141488963607129,3.092998944705047,8.863304468618683,0.875,0.875,-0.07500000298023224,0.0,-0.07500000298023224
supp_AQ5xQ4,47,normal,Q4_combo,AQ5,1,41,14,11.994626081919929,11.994626081919929,63.56952024550632,-5.0637909550000995,-3.608411343984186,4.31649752758001,10.237854549840524,0.8,0.8,-0.12000000476837158,0.0,-0.12000000476837158
supp_AQ5xQ4,47,normal,Q4_combo,AQ5,1,45,15,12.037470856135334,12.037470856135334,56.30135712089544,-4.937994535375457,-1.069193629027499,4.468490176025783,12.345672371833109,0.7,0.7,-0.18000000715255737,0.0,-0.18000000715255737
supp_AQ5xQ4,123,friction_mid,Q4_combo,AQ5,0,20,16,11.627685989328398,11.627685989328398,57.37436612296277,-0.44612523347778127,-2.895288844960425,-4.69538981146108,9.867585444055647,0.775,0.775,0.13500002026557922,0.0,0.13500002026557922
supp_AQ5xQ4,123,friction_mid,Q4_combo,AQ5,0,23,17,12.22741944280176,12.22741944280176,61.742764348228455,-2.1151601819829375,-4.603342691776569,-3.714297561796342,8.983368326070213,0.85,0.85,0.09000000357627869,0.0,0.09000000357627869
supp_AQ5xQ4,123,friction_mid,Q4_combo,AQ5,0,25,18,12.691506292071708,12.691506292071708,61.112889470364905,-3.067709733507388,-5.497300555230027,-2.713442007438143,8.162611766348398,0.9,0.9,0.06000000238418579,0.0,0.06000000238418579
supp_AQ5xQ4,123,friction_mid,Q4_combo,AQ5,0,28,19,13.594524150099836,13.594524150099835,56.69634316667927,-4.231049675356512,-6.47317726872108,-0.8133901605112248,6.282563922966718,0.975,0.975,0.015000000596046448,0.0,0.015000000596046448
supp_AQ5xQ4,123,friction_mid,Q4_combo,AQ5,0,31,20,13.228940200221212,13.228940200221212,62.3987376765809,-4.7687414349447526,-6.217311455805772,1.2770909900933556,7.154506489812254,0.95,0.95,-0.030000001192092896,0.0,-0.030000001192092896
supp_AQ5xQ4,123,friction_mid,Q4_combo,AQ5,0,34,21,12.416586492029305,12.416586492029305,57.69451807694476,-4.985146108393945,-5.141488963607129,3.092998944705047,8.863304468618683,0.875,0.875,-0.07500000298023224,0.0,-0.07500000298023224
supp_AQ5xQ4,123,friction_mid,Q4_combo,AQ5,0,36,22,11.989226543061053,11.989226543061053,55.9214795117039,-5.070167070811445,-4.184217105828489,4.011795392122533,9.7569767803915,0.825,0.825,-0.10500000417232513,0.0,-0.10500000417232513
supp_AQ5xQ4,123,friction_mid,Q4_combo,AQ5,0,39,23,11.422213304302694,11.422213304302694,63.84473794729267,-5.063002491304428,-2.4173112703131716,4.754512148479417,11.096036557486983,0.75,0.75,-0.15000000596046448,0.0,-0.15000000596046448
supp_AQ5xQ4,127,friction_mid,Q4_combo,AQ5,1,20,24,11.890467164613447,11.954118191515489,69.78890372054792,2.3434887520082617,-0.6035266867491847,-4.443140652026414,11.10031800484193,0.725,0.725,0.22499999403953552,0.0,0.22499999403953552
supp_AQ5xQ4,127,friction_mid,Q4_combo,AQ5,1,24,25,12.021976541663971,12.062768182516868,58.82219801979412,-0.13921793848058356,-3.3930475064822208,-4.547305202858949,9.65169590906492,0.825,0.825,0.16500000655651093,0.0,0.16500000655651093
supp_AQ5xQ4,127,friction_mid,Q4_combo,AQ5,1,27,26,12.691506292071708,12.734319966045291,59.506399614614416,-1.7936646760654895,-5.082467117182889,-3.427805340131046,8.514877611389558,0.9,0.9,0.12000000476837158,0.0,0.12000000476837158
supp_AQ5xQ4,127,friction_mid,Q4_combo,AQ5,1,31,27,14.274160329685555,14.323405785213897,58.381483930677256,-3.4792684594387806,-6.580901219226135,-0.9813306591284743,5.64019304021143,1.0,1.0,0.06000000238418579,0.0,0.06000000238418579
supp_AQ5xQ4,127,friction_mid,Q4_combo,AQ5,1,34,28,13.79888588187296,13.828967209180082,56.315972068474835,-4.644974520378449,-6.455544079754802,0.5951599107431594,6.281911798042649,0.975,0.975,-0.015000000596046448,0.0,-0.015000000596046448
supp_AQ5xQ4,127,friction_mid,Q4_combo,AQ5,1,38,29,12.416586492029305,12.416586492029305,57.69451807694476,-4.985146108393945,-5.141488963607129,3.092998944705047,8.863304468618683,0.875,0.875,-0.07500000298023224,0.0,-0.07500000298023224
supp_AQ5xQ4,127,friction_mid,Q4_combo,AQ5,1,41,30,11.994626081919929,11.994626081919929,63.56952024550632,-5.0637909550000995,-3.608411343984186,4.31649752758001,10.237854549840524,0.8,0.8,-0.12000000476837158,0.0,-0.12000000476837158
supp_AQ5xQ4,127,friction_mid,Q4_combo,AQ5,1,45,31,12.037470856135334,12.037470856135334,56.30135712089544,-4.937994535375457,-1.069193629027499,4.468490176025783,12.345672371833109,0.7,0.7,-0.18000000715255737,0.0,-0.18000000715255737
supp_AQ5xQ4,203,friction_low,Q4_combo,AQ5,0,20,32,11.627685989328398,11.627685989328398,57.37436612296277,-0.44612523347778127,-2.895288844960425,-4.69538981146108,9.867585444055647,0.775,0.775,0.13500002026557922,0.0,0.13500002026557922
supp_AQ5xQ4,203,friction_low,Q4_combo,AQ5,0,23,33,12.22741944280176,12.22741944280176,61.742764348228455,-2.1151601819829375,-4.603342691776569,-3.714297561796342,8.983368326070213,0.85,0.85,0.09000000357627869,0.0,0.09000000357627869
supp_AQ5xQ4,203,friction_low,Q4_combo,AQ5,0,25,34,12.691506292071708,12.691506292071708,61.112889470364905,-3.067709733507388,-5.497300555230027,-2.713442007438143,8.162611766348398,0.9,0.9,0.06000000238418579,0.0,0.06000000238418579
supp_AQ5xQ4,203,friction_low,Q4_combo,AQ5,0,28,35,13.594524150099836,13.594524150099835,56.69634316667927,-4.231049675356512,-6.47317726872108,-0.8133901605112248,6.282563922966718,0.975,0.975,0.015000000596046448,0.0,0.015000000596046448
supp_AQ5xQ4,203,friction_low,Q4_combo,AQ5,0,31,36,13.228940200221212,13.228940200221212,62.3987376765809,-4.7687414349447526,-6.217311455805772,1.2770909900933556,7.154506489812254,0.95,0.95,-0.030000001192092896,0.0,-0.030000001192092896
supp_AQ5xQ4,203,friction_low,Q4_combo,AQ5,0,34,37,12.416586492029305,12.416586492029305,57.69451807694476,-4.985146108393945,-5.141488963607129,3.092998944705047,8.863304468618683,0.875,0.875,-0.07500000298023224,0.0,-0.07500000298023224
supp_AQ5xQ4,203,friction_low,Q4_combo,AQ5,0,36,38,11.989226543061053,11.989226543061053,55.9214795117039,-5.070167070811445,-4.184217105828489,4.011795392122533,9.7569767803915,0.825,0.825,-0.10500000417232513,0.0,-0.10500000417232513
supp_AQ5xQ4,203,friction_low,Q4_combo,AQ5,0,39,39,11.422213304302694,11.422213304302694,63.84473794729267,-5.063002491304428,-2.4173112703131716,4.754512148479417,11.096036557486983,0.75,0.75,-0.15000000596046448,0.0,-0.15000000596046448
supp_AQ5xQ4,207,friction_low,Q4_combo,AQ5,1,20,40,11.890467164613447,11.954118191515489,69.78890372054792,2.3434887520082617,-0.6035266867491847,-4.443140652026414,11.10031800484193,0.725,0.725,0.22499999403953552,0.0,0.22499999403953552
supp_AQ5xQ4,207,friction_low,Q4_combo,AQ5,1,24,41,12.021976541663971,12.062768182516868,58.82219801979412,-0.13921793848058356,-3.3930475064822208,-4.547305202858949,9.65169590906492,0.825,0.825,0.16500000655651093,0.0,0.16500000655651093
supp_AQ5xQ4,207,friction_low,Q4_combo,AQ5,1,27,42,12.691506292071708,12.734319966045291,59.506399614614416,-1.7936646760654895,-5.082467117182889,-3.427805340131046,8.514877611389558,0.9,0.9,0.12000000476837158,0.0,0.12000000476837158
supp_AQ5xQ4,207,friction_low,Q4_combo,AQ5,1,31,43,14.274160329685555,14.323405785213897,58.381483930677256,-3.4792684594387806,-6.580901219226135,-0.9813306591284743,5.64019304021143,1.0,1.0,0.06000000238418579,0.0,0.06000000238418579
supp_AQ5xQ4,207,friction_low,Q4_combo,AQ5,1,34,44,13.79888588187296,13.828967209180082,56.315972068474835,-4.644974520378449,-6.455544079754802,0.5951599107431594,6.281911798042649,0.975,0.975,-0.015000000596046448,0.0,-0.015000000596046448
supp_AQ5xQ4,207,friction_low,Q4_combo,AQ5,1,38,45,12.416586492029305,12.416586492029305,57.69451807694476,-4.985146108393945,-5.141488963607129,3.092998944705047,8.863304468618683,0.875,0.875,-0.07500000298023224,0.0,-0.07500000298023224
supp_AQ5xQ4,207,friction_low,Q4_combo,AQ5,1,41,46,11.994626081919929,11.994626081919929,63.56952024550632,-5.0637909550000995,-3.608411343984186,4.31649752758001,10.237854549840524,0.8,0.8,-0.12000000476837158,0.0,-0.12000000476837158
supp_AQ5xQ4,207,friction_low,Q4_combo,AQ5,1,45,47,12.037470856135334,12.037470856135334,56.30135712089544,-4.937994535375457,-1.069193629027499,4.468490176025783,12.345672371833109,0.7,0.7,-0.18000000715255737,0.0,-0.18000000715255737
