episode_id,group_id,split,condition,coverage_regime,script_id,timing_template,reset_seed,duration_s,steps_50hz,termination_reason,n_cells,cell_types,friction_written_static,friction_written_dynamic,raw_sha256,derived20hz_sha256,raw_path
24,G00,train,low,R0,sc00,T0,7000,13.6,680,schedule_end,12,single|zero,0.3,0.21,a9c42d4c488a3d1399372f052fb9f22ed3b8634b75f12b9eccd6f8ad2e619450,75b0e40d8191c1233ed6951e96160efa0c84136ebd71365bf8cf4360fe704038,<HDD>/datasets/execution_wm/v0_7/train/G00/low/ep_00024.npz
25,G00,train,low,R0,sc01,T1,7000,13.6,680,schedule_end,12,single,0.3,0.21,9e6937fd24a5fedda212d63c168867ffd6bc339da23d95702947b0fcb9eb3d07,adbc3123a570d4d7cc8ec4ccbeaac387014102f669f6dff0f96077e6a2e5b8b8,<HDD>/datasets/execution_wm/v0_7/train/G00/low/ep_00025.npz
26,G00,train,low,R0,sc02,T2,7000,13.6,680,schedule_end,12,single|zero,0.3,0.21,84419c8f55a0965cea7fa50dfeef975b37ff2905d9638471f27aac8f3b2ebcf8,72b990f704fdb6d26b162fbce08b7f123bb20a2ed16a0937bf14f6474df46191,<HDD>/datasets/execution_wm/v0_7/train/G00/low/ep_00026.npz
27,G00,train,low,R0,sc03,T3,7000,13.620000000000001,681,schedule_end,12,single|zero,0.3,0.21,1cd51e130aae703e4de9c7877b856eeaaed02ad2748868e0cd215ed33a0b892c,ca7ea6231919f59ba321f5e16825d53c565832f1ac646bcb715afe695090c89a,<HDD>/datasets/execution_wm/v0_7/train/G00/low/ep_00027.npz
28,G00,train,low,R0,sc04,T4,7000,13.6,680,schedule_end,12,single|zero,0.3,0.21,23fbeb8640a4d493c8fbded20e05332621d9926666ca0836a930b777f8b89847,cae23ca012796aa336d86b0b79b8322d52798b89f32fac4f383cce67cfda9c76,<HDD>/datasets/execution_wm/v0_7/train/G00/low/ep_00028.npz
29,G00,train,low,R0,sc05,T5,7000,13.6,680,schedule_end,12,single|zero,0.3,0.21,d9a9b91c58ddf90d85fc438302d885c2cd0d1946e00648404d8c41f0baf49c23,98e8bb93c0416fb52124b024c21ea0d97806b330c7e61422a36c019227a6d699,<HDD>/datasets/execution_wm/v0_7/train/G00/low/ep_00029.npz
30,G00,train,low,R1,sc06,T0,7000,13.6,680,schedule_end,12,double|zero,0.3,0.21,90f6fd916c9923728b700e7b5430e828e32047eab4d931c4165150cf27ebf16d,f8c53deb0df4423f078cb68d2b51e42360c866bb0f177fcc165ac2030387b520,<HDD>/datasets/execution_wm/v0_7/train/G00/low/ep_00030.npz
31,G00,train,low,R1,sc07,T1,7000,13.6,680,schedule_end,12,double|zero,0.3,0.21,504b84e547e3ec649a7a39513ef50d7c80bf3eaa4b69f4006557c40d4da1e988,df7efed69f77a0349f41c1cf2d5e3c6b50f2ed745401e63a2295a473582767fa,<HDD>/datasets/execution_wm/v0_7/train/G00/low/ep_00031.npz
32,G00,train,low,R1,sc08,T2,7000,13.6,680,schedule_end,12,double|zero,0.3,0.21,d1869c8998f0a91ff939b5a0f75247f3195bd1e855085c97340815c36ac45319,298c5dfe29daa8619568b3a4ad459048ec1abc3a930f10e01fa6824c5a879e8a,<HDD>/datasets/execution_wm/v0_7/train/G00/low/ep_00032.npz
33,G00,train,low,R1,sc09,T3,7000,13.620000000000001,681,schedule_end,12,double|zero,0.3,0.21,cd6186ef9de0c13be8ba605a1dbc73a17aea41cf85e4853de2f57885a5aa1780,c7978ab7c5d84cf150fc42511321060367e66c90c342e577abbbc9ac509653db,<HDD>/datasets/execution_wm/v0_7/train/G00/low/ep_00033.npz
34,G00,train,low,R1,sc10,T4,7000,13.6,680,schedule_end,12,double|zero,0.3,0.21,84a76498460236571a2825239c51c1e83a0a854ea12b9b405a65f831b8f5f215,bf815a892649cf01a1bbbb7c5370a3c26c330ad77fc8bbfc058e48d3b1777723,<HDD>/datasets/execution_wm/v0_7/train/G00/low/ep_00034.npz
35,G00,train,low,R1,sc11,T5,7000,13.6,680,schedule_end,12,double|zero,0.3,0.21,e49c88973e96f3237f644044e00d765871fbab3cadf1de157fa9d7fe97a5d750,eeaa38a4f30f2ab154c58f2283c8f5596e2e59831a2c1cee9c76be66f34d9e5f,<HDD>/datasets/execution_wm/v0_7/train/G00/low/ep_00035.npz
12,G00,train,mid,R0,sc00,T0,7000,13.6,680,schedule_end,12,single|zero,0.6,0.42,8a4878f60456b0c8e507bc6b3edfbb3a269d5b0167c4c615154531451d1a36e7,b308cdb17144080a4f74c797c94167ad8af0f2b157fa5d1eb3b2037969e653ba,<HDD>/datasets/execution_wm/v0_7/train/G00/mid/ep_00012.npz
13,G00,train,mid,R0,sc01,T1,7000,13.6,680,schedule_end,12,single,0.6,0.42,d7e9a4fb028971b2508a366cf87cd157b577d1708684f0e4f8eb0cf9059d3eac,fd7f55416003e6a54f7a9aaf260fcd19d1362a62468e633701562d92e335a435,<HDD>/datasets/execution_wm/v0_7/train/G00/mid/ep_00013.npz
14,G00,train,mid,R0,sc02,T2,7000,13.6,680,schedule_end,12,single|zero,0.6,0.42,b81414f0fea2c51e67f37928ea500d1338e5a8f41cfc2f6ae12dede837a7e229,04431977a5146ea6b0e8112f3bc92dbd559a4cd98cef3afb0ceac4887ff7f09f,<HDD>/datasets/execution_wm/v0_7/train/G00/mid/ep_00014.npz
15,G00,train,mid,R0,sc03,T3,7000,13.620000000000001,681,schedule_end,12,single|zero,0.6,0.42,3dfd5682eaa7ae97a23a9f86825bb16040cd504a401d2ceb092d940887368d80,0ddb3c06b5ebdb975ef0f94c5a7d6a74487e297f164cb50a69260bcc521becaf,<HDD>/datasets/execution_wm/v0_7/train/G00/mid/ep_00015.npz
16,G00,train,mid,R0,sc04,T4,7000,13.6,680,schedule_end,12,single|zero,0.6,0.42,0245990182e55f9df028e4c7790572cff1aad83ff127c49d190dcf9f2f4d0b9e,9f0c207bef24717a2ba306c2641494ca37960536d0cedad710641356166d37a7,<HDD>/datasets/execution_wm/v0_7/train/G00/mid/ep_00016.npz
17,G00,train,mid,R0,sc05,T5,7000,13.6,680,schedule_end,12,single|zero,0.6,0.42,2d23328365a7d3676ad40cea2a7652a4abc4b34199499343900b9a872466e569,04a92e18f4c350e84b18a0ad4a5635739501ecd1c65fcea195d125c4ace6fba0,<HDD>/datasets/execution_wm/v0_7/train/G00/mid/ep_00017.npz
18,G00,train,mid,R1,sc06,T0,7000,13.6,680,schedule_end,12,double|zero,0.6,0.42,830035759e1a4c0228edc6e7925d069b524600cff661696f5b8fc9031226e826,5e76afb3bdc6ca34f08f9361cbe1343cc68def685bcba7ace533a901970a4fbe,<HDD>/datasets/execution_wm/v0_7/train/G00/mid/ep_00018.npz
19,G00,train,mid,R1,sc07,T1,7000,13.6,680,schedule_end,12,double|zero,0.6,0.42,6f5456c02c1aa12235ca85b9a455ab6897abc8affe4acd9836fbd935c773d596,ecc097ea7ecf43ee5082ba160367bb92779a2589040d2b6bdc415999402cc56a,<HDD>/datasets/execution_wm/v0_7/train/G00/mid/ep_00019.npz
20,G00,train,mid,R1,sc08,T2,7000,13.6,680,schedule_end,12,double|zero,0.6,0.42,559d7ede925c4cfeadafb1797084b650bee3d0aac8b9b34c41c9865b40897098,4f60ac2e730a09895e0e9b1c782ef206590faa76c20de2c926a2efff2a932ad9,<HDD>/datasets/execution_wm/v0_7/train/G00/mid/ep_00020.npz
21,G00,train,mid,R1,sc09,T3,7000,13.620000000000001,681,schedule_end,12,double|zero,0.6,0.42,3399e44242550685c6ec0867d44a42e63b6d41fa92c3cc7fb381f30f7ca5568a,67d930bbf27aa98b737cd96a9fa9f1bf4b2e230cc40f93952996915125f01bdf,<HDD>/datasets/execution_wm/v0_7/train/G00/mid/ep_00021.npz
22,G00,train,mid,R1,sc10,T4,7000,13.6,680,schedule_end,12,double|zero,0.6,0.42,65ee3865d098a6c5a8bce73ec18415383dc5dcb2eb0dbcc348539e4755a89125,a1df3c6ef364041de3106b8f1f641e100252ea9bc936919a837e824543ed0446,<HDD>/datasets/execution_wm/v0_7/train/G00/mid/ep_00022.npz
23,G00,train,mid,R1,sc11,T5,7000,13.6,680,schedule_end,12,double|zero,0.6,0.42,a28a62bc01afa9a135940c2ca91bdd7307fe6b49197b84034536438f58bc1ab6,c527258abf634be219ac3dcce5222837f8eb0cb686b81d6a8a6c3c18af0f5916,<HDD>/datasets/execution_wm/v0_7/train/G00/mid/ep_00023.npz
0,G00,train,nominal,R0,sc00,T0,7000,13.6,680,schedule_end,12,single|zero,1.0,0.7,7d0644660611144ff4d866eed2bfd9e041fb764bc193c9c0b1e5b7d51bd97954,64e7891b772d8a4b73437cd78513a08e6aa503986daaf836ab7dc152c196848f,<HDD>/datasets/execution_wm/v0_7/train/G00/nominal/ep_00000.npz
1,G00,train,nominal,R0,sc01,T1,7000,13.6,680,schedule_end,12,single,1.0,0.7,cd5bf76b0a249116288facbece609b4f808f3a8806c5dc480a2fb2eadb621c31,9843bf374bfda3b6da9ad37a0b15fead3cd78d3151b94e470b660b1200212084,<HDD>/datasets/execution_wm/v0_7/train/G00/nominal/ep_00001.npz
2,G00,train,nominal,R0,sc02,T2,7000,13.6,680,schedule_end,12,single|zero,1.0,0.7,91a5507dae2b5920b49a1020cb7f0dffcbf905db2961fe025cfedbc96463c029,704d56dd77f96cc7f9b34c17c020e511a83df85951f88db1a0109c925f9bfa42,<HDD>/datasets/execution_wm/v0_7/train/G00/nominal/ep_00002.npz
3,G00,train,nominal,R0,sc03,T3,7000,13.620000000000001,681,schedule_end,12,single|zero,1.0,0.7,519a434696fd583fed201dc338bcbcddb5ff39aae3eadacd4474fe9df8824413,582f9f659927a828e2da2510aee58c584f08bdf89dc4eac7f632d14f6b06814a,<HDD>/datasets/execution_wm/v0_7/train/G00/nominal/ep_00003.npz
4,G00,train,nominal,R0,sc04,T4,7000,13.6,680,schedule_end,12,single|zero,1.0,0.7,765381b6868f2750f3e0c2d89e69bd57d5fe2969f6ef49efbab7abd6cbdafbc9,751a85df642ab20b98aa2824bf41d5201534fa49f835b095a2d221c0e2fe77f1,<HDD>/datasets/execution_wm/v0_7/train/G00/nominal/ep_00004.npz
5,G00,train,nominal,R0,sc05,T5,7000,13.6,680,schedule_end,12,single|zero,1.0,0.7,5ecb64dfb8ff3d0a5dfbf1a3da5a2f1cfd97188a5e5c1941a9af70ee97c62672,6149bb136f9c0a4fc7a548bb3b163cab0866409676f018ee3e2376e35fce4125,<HDD>/datasets/execution_wm/v0_7/train/G00/nominal/ep_00005.npz
6,G00,train,nominal,R1,sc06,T0,7000,13.6,680,schedule_end,12,double|zero,1.0,0.7,1937a158d360a09ac6a8773d8aa7439eb63e653425295e459bbe01463a706baa,c628d0141ef35cc7d7efd31433be6101ca7926ae917588e91d7b0f72555d6a2a,<HDD>/datasets/execution_wm/v0_7/train/G00/nominal/ep_00006.npz
7,G00,train,nominal,R1,sc07,T1,7000,13.6,680,schedule_end,12,double|zero,1.0,0.7,8de1b7231f2975002e556a1803906692c226a22e3c036a314b5b89652fe843d0,cbbcd4c99ce5af4b05c185c30fbdcb533eb64f846e8ae2dbf7328fefdb7127a5,<HDD>/datasets/execution_wm/v0_7/train/G00/nominal/ep_00007.npz
8,G00,train,nominal,R1,sc08,T2,7000,13.6,680,schedule_end,12,double|zero,1.0,0.7,82e7a3fb808d42996fb1666ad8deb7bf7f6ae239e695d0f1be818fca92d5ca2b,8663a4ca3ebce61baddcba8da118aec1285819b404739d681de9d627cd0e3df9,<HDD>/datasets/execution_wm/v0_7/train/G00/nominal/ep_00008.npz
9,G00,train,nominal,R1,sc09,T3,7000,13.620000000000001,681,schedule_end,12,double|zero,1.0,0.7,721300de7cc0fb437eea5979a5b9836646ac5a23e16e9b096263c5c036aa4381,4e5db8f8a4da52ea068d817505ce5dc15a068283671fbbdf52a12a147f4ce1f4,<HDD>/datasets/execution_wm/v0_7/train/G00/nominal/ep_00009.npz
10,G00,train,nominal,R1,sc10,T4,7000,13.6,680,schedule_end,12,double|zero,1.0,0.7,c2056f453b62d6e3234e47529656424a7366f8ef0c45471e5e62912cc6e2ce24,7429848a20bfd5a19b5f3180e3438c849e43e100d4b1c08611b57d87c3b7c38c,<HDD>/datasets/execution_wm/v0_7/train/G00/nominal/ep_00010.npz
11,G00,train,nominal,R1,sc11,T5,7000,13.6,680,schedule_end,12,double|zero,1.0,0.7,5a69f150462133e81b757bd0efe61eba73c664483aaec29af9b6abbae05e9464,6acd000d03a31b9374e8256e6553e8d0750778785ab2211838ee43518a104648,<HDD>/datasets/execution_wm/v0_7/train/G00/nominal/ep_00011.npz
60,G01,train,low,R0,sc00,T0,7037,13.6,680,schedule_end,12,single,0.3,0.21,40210900fd92b3f0256c0421b65cf10a25bdf0ce546a194a3f1a20b9249428b2,7ac98e068a6dfcc2e91a1e61f4c7cc393f79601903699f34e30f907e307716a9,<HDD>/datasets/execution_wm/v0_7/train/G01/low/ep_00060.npz
61,G01,train,low,R0,sc01,T1,7037,13.6,680,schedule_end,12,single|zero,0.3,0.21,987dc618eb033ead88120b01ee8ba90ecd03fe9df9d4228f7b50a147131baf18,319bd74283b3232665ffe7995d91e9d1be591745687c891d314a4f4a7d0a263d,<HDD>/datasets/execution_wm/v0_7/train/G01/low/ep_00061.npz
62,G01,train,low,R0,sc02,T2,7037,13.6,680,schedule_end,12,single|zero,0.3,0.21,772dd4d1bd11aced1890cf056c75e8901b2911c854b7beaaa2442bcbc0adf37e,4d4dc81dcd20d86c6bb388b2db1022d53dd136281e13f1974819f652a2aff546,<HDD>/datasets/execution_wm/v0_7/train/G01/low/ep_00062.npz
63,G01,train,low,R0,sc03,T3,7037,13.620000000000001,681,schedule_end,12,single|zero,0.3,0.21,0a89fe5c49231bada666da592d3086841d5f7bb14019f50d9e4b94a47355d895,21777afd9f16c9e42f911dfe04b335abb531239c82b2e31c6885e5ee5ef1dc11,<HDD>/datasets/execution_wm/v0_7/train/G01/low/ep_00063.npz
64,G01,train,low,R0,sc04,T4,7037,13.6,680,schedule_end,12,single|zero,0.3,0.21,144fb2ab78a14a21bf413ebb7fe7a6ad4801aea4c80111af3ed788a695afa4da,d999a0dedc6aea1e21c1b6f2be630422ddda7dc90fea6df5ae8cd3f88d200f2b,<HDD>/datasets/execution_wm/v0_7/train/G01/low/ep_00064.npz
65,G01,train,low,R0,sc05,T5,7037,13.6,680,schedule_end,12,single|zero,0.3,0.21,47f74af22e6fe170b272241e42e0da48a74461066a187ee03c3d528358cd4cde,fe9955862823522d5ddd8256f840610dff17877be94020ed31d0eb0d86160ca6,<HDD>/datasets/execution_wm/v0_7/train/G01/low/ep_00065.npz
66,G01,train,low,R1,sc06,T0,7037,13.6,680,schedule_end,12,double|zero,0.3,0.21,e6f20d54d9d3b63afeb338850da3874e14ea31b947815b61b966eeb1ef350267,a4d578ffeec522f1274d143d56d91896c630cdc9025e0ab65fbf5a4d200ff1c7,<HDD>/datasets/execution_wm/v0_7/train/G01/low/ep_00066.npz
67,G01,train,low,R1,sc07,T1,7037,13.6,680,schedule_end,12,double|zero,0.3,0.21,432c3c2b213ebf382109d720650c4caabee7ba2b0c983995c7df4db4d9e02651,28924658702852f55001e3d85afd46574d03f0ae8b4353f7ad0e356936674ac0,<HDD>/datasets/execution_wm/v0_7/train/G01/low/ep_00067.npz
68,G01,train,low,R1,sc08,T2,7037,13.6,680,schedule_end,12,double|zero,0.3,0.21,34059adf58bd98de7b78cf38af20e021af319dd30c37c499468db7707aeda260,de252049873ad86e15fff97c1f80792cc8abd9a5252ffd0766a2174870237518,<HDD>/datasets/execution_wm/v0_7/train/G01/low/ep_00068.npz
69,G01,train,low,R1,sc09,T3,7037,13.620000000000001,681,schedule_end,12,double|zero,0.3,0.21,78644e2b1b3c9957b048a30d116c731931d21e0c53e1aa5b1dd383cd7372c569,a05ff827f91fce396700047a8fdfda5a8bbbe668f6f4300ed43b68f38a4291c4,<HDD>/datasets/execution_wm/v0_7/train/G01/low/ep_00069.npz
70,G01,train,low,R1,sc10,T4,7037,13.6,680,schedule_end,12,double|zero,0.3,0.21,8b47eea64d33d539442e0d94e17cd8a7dc5fdb240a1e57c168d0280984235659,cb801095ea9b38b3f2ca124b8772406cad2f20514b18f65e4be0bb845677e847,<HDD>/datasets/execution_wm/v0_7/train/G01/low/ep_00070.npz
71,G01,train,low,R1,sc11,T5,7037,13.6,680,schedule_end,12,double|zero,0.3,0.21,0c944e0ea4e3ec866159589d2e59f0a5fd4eeabd592d85fbe274abe20565cdf9,558f69429565a37c9b6c567fb1cdd3e424894b032ae361e6f4095d2f08d0436a,<HDD>/datasets/execution_wm/v0_7/train/G01/low/ep_00071.npz
48,G01,train,mid,R0,sc00,T0,7037,13.6,680,schedule_end,12,single,0.6,0.42,35e928ffc9e7ad70af838bbd5d70b802ae0d24893fb4b822aa3d113bc77c24d5,80446ed35b831441b35e52f759fdb4d6e303954d9c1077c989b54554d17098c2,<HDD>/datasets/execution_wm/v0_7/train/G01/mid/ep_00048.npz
49,G01,train,mid,R0,sc01,T1,7037,13.6,680,schedule_end,12,single|zero,0.6,0.42,175238eea4eceaa27f53b99ffbdc87ab0a6ade5da4f836e0e35b9c381ebc7335,970fe6ec9742adb8f7a7cdeb080917dfb64656b6142933da0eafc79678b7e49b,<HDD>/datasets/execution_wm/v0_7/train/G01/mid/ep_00049.npz
50,G01,train,mid,R0,sc02,T2,7037,13.6,680,schedule_end,12,single|zero,0.6,0.42,6408285f3fe37589537685e9522b6f8d88dc4dede25cd28682eacd18b83b5679,fdacc18ee87c645b0b8d6a71e3ba47ebc89167fa597682ff7fb653e4f6156900,<HDD>/datasets/execution_wm/v0_7/train/G01/mid/ep_00050.npz
51,G01,train,mid,R0,sc03,T3,7037,13.620000000000001,681,schedule_end,12,single|zero,0.6,0.42,afc20e7c0694e8ca0b654837a35141e42a6da4a8bdd58d60bb149bfd668714c6,6e4fc22d6015abe4bf079a048ca0387b46f9078403baca7c38af33c3d8324d99,<HDD>/datasets/execution_wm/v0_7/train/G01/mid/ep_00051.npz
52,G01,train,mid,R0,sc04,T4,7037,13.6,680,schedule_end,12,single|zero,0.6,0.42,51c2f362454a86d34d03d90055b85a634653048b07a87ed22fb032ed7a5f736f,8f4d48034af54f034d61ed2cbacffe2888bad5ce67d3d94b35ac687185960b90,<HDD>/datasets/execution_wm/v0_7/train/G01/mid/ep_00052.npz
53,G01,train,mid,R0,sc05,T5,7037,13.6,680,schedule_end,12,single|zero,0.6,0.42,7a2a02a4bb35d954a2f6ae5a4ee1f2e683f0d08efd6430aaa03ed56c13b7487c,8c6218c7d3eb5dd212240a8ee3dff795c781b4450cce88decc86b5a93beb0f04,<HDD>/datasets/execution_wm/v0_7/train/G01/mid/ep_00053.npz
54,G01,train,mid,R1,sc06,T0,7037,13.6,680,schedule_end,12,double|zero,0.6,0.42,473b6b24187949eab031915a2bfb955e080bc47d5adb4c43db01708b9c67ef2d,bc9226e96e69f9618c1c5d1fef45b85ec10e326ec9ec237f808342b7d007076c,<HDD>/datasets/execution_wm/v0_7/train/G01/mid/ep_00054.npz
55,G01,train,mid,R1,sc07,T1,7037,13.6,680,schedule_end,12,double|zero,0.6,0.42,5a0c0825a2de6044bc83ff9e82cbe3115dfed3a898e7e333c2056c297ff1f11d,00562008f624b1c48824d58cac57504e5f3c2b660fc516bebd4ab5133cc7449f,<HDD>/datasets/execution_wm/v0_7/train/G01/mid/ep_00055.npz
56,G01,train,mid,R1,sc08,T2,7037,13.6,680,schedule_end,12,double|zero,0.6,0.42,ba0e06e84d54df73feb72ddc991fb7ebcc4d3a0afabeade2f45d7ba07da07fdb,8b091c5815a36481a1663fca21794826eef015ed500f6c64bc68c586eaaf2b71,<HDD>/datasets/execution_wm/v0_7/train/G01/mid/ep_00056.npz
57,G01,train,mid,R1,sc09,T3,7037,13.620000000000001,681,schedule_end,12,double|zero,0.6,0.42,f9d180b259c21f2aaa9089d44edb5a8395cdb0f03c04a83f3c109d3ef0251d14,91e28c7d3358734981ff1f454737a5975e7545bae46e1d828ab2c6d8bf4507fb,<HDD>/datasets/execution_wm/v0_7/train/G01/mid/ep_00057.npz
58,G01,train,mid,R1,sc10,T4,7037,13.6,680,schedule_end,12,double|zero,0.6,0.42,695c899a8c48b5a3da7d7e35af96810e4f4e09432fd7d6508af0a03340e8bc04,1317f46805eb253050a73e77535a5551ba670b51aa759713c0d7971eea2d5c67,<HDD>/datasets/execution_wm/v0_7/train/G01/mid/ep_00058.npz
59,G01,train,mid,R1,sc11,T5,7037,13.6,680,schedule_end,12,double|zero,0.6,0.42,35d1a13a205d41d721a810a71f0a7450d1d704b048b0a7429b69b94d4d367976,5b4f95ed6d7bac4bcef4110819fb14681f5d2963d5c3e6491eb6439dce09dd64,<HDD>/datasets/execution_wm/v0_7/train/G01/mid/ep_00059.npz
36,G01,train,nominal,R0,sc00,T0,7037,13.6,680,schedule_end,12,single,1.0,0.7,f81cc72820159251c8335215c18920453f1ade7c817e376f4afdaff983a79bef,2fbeba35a90721635096d076685c4e7b6fc2053799dfe2ccb944031cb1b13f54,<HDD>/datasets/execution_wm/v0_7/train/G01/nominal/ep_00036.npz
37,G01,train,nominal,R0,sc01,T1,7037,13.6,680,schedule_end,12,single|zero,1.0,0.7,405360652cedde3629b43ac36b22f1d9ed201a9dcf3f90c65e5517018638cb1b,ecc3ef697ca8d1e30b99cfdb87ae763f142aa96c007e2d276bcd9bd87deda8d0,<HDD>/datasets/execution_wm/v0_7/train/G01/nominal/ep_00037.npz
38,G01,train,nominal,R0,sc02,T2,7037,13.6,680,schedule_end,12,single|zero,1.0,0.7,a72b8c2720b146e7ce85860e765ca98120c6f1cf42f6e1a7b84508862ad62a2d,f945d65e270601a490b467de4bf5eea0ecca0e53d85c3b642ee239eb3167acbb,<HDD>/datasets/execution_wm/v0_7/train/G01/nominal/ep_00038.npz
39,G01,train,nominal,R0,sc03,T3,7037,13.620000000000001,681,schedule_end,12,single|zero,1.0,0.7,4d3913d126365f6310476518b72c3006eb82449a7335a3aca9157dde7b1fc900,1aa6901fc86688584862029ad6b399b57e243d161d2d04c662e4d3c5870ef254,<HDD>/datasets/execution_wm/v0_7/train/G01/nominal/ep_00039.npz
40,G01,train,nominal,R0,sc04,T4,7037,13.6,680,schedule_end,12,single|zero,1.0,0.7,5389bd9839e410281508b2e851db593b254c7947abdb6f621c431d61cc066da8,b88f9cf7076b99a0372c32911110feb2be23dfe5ed0ada854cff515780485021,<HDD>/datasets/execution_wm/v0_7/train/G01/nominal/ep_00040.npz
41,G01,train,nominal,R0,sc05,T5,7037,13.6,680,schedule_end,12,single|zero,1.0,0.7,e5716ae44cd08652e37c38e06f556c2461211d595b3f94a29a11b00d6e7562e3,32d4628a3bb2d9c66dcfddf6cf5a2c18878395b7f2c7f5a07001d0ada940c5ce,<HDD>/datasets/execution_wm/v0_7/train/G01/nominal/ep_00041.npz
42,G01,train,nominal,R1,sc06,T0,7037,13.6,680,schedule_end,12,double|zero,1.0,0.7,36f37b4e364f9ed556e57c5e4356d5b8aa5b540bf5d05b84d30ecdce0c839417,83de8bad14975e2799f4e6c4993b6f847c840f8f44b5b86063748c85816bc1bc,<HDD>/datasets/execution_wm/v0_7/train/G01/nominal/ep_00042.npz
43,G01,train,nominal,R1,sc07,T1,7037,13.6,680,schedule_end,12,double|zero,1.0,0.7,fd47f465d424d57bae4ac119f20633009175cae372caaa0116290721ef8972b7,39809205b54d6235bce4ef9c86a647b2e0079d07ff207fef6b1ea0e62713c9cc,<HDD>/datasets/execution_wm/v0_7/train/G01/nominal/ep_00043.npz
44,G01,train,nominal,R1,sc08,T2,7037,13.6,680,schedule_end,12,double|zero,1.0,0.7,0033870c9a2e8dbe3467edca7276ad6741772ab67fa35388725a127064725546,9a0c41dbf4b64cda457b789dccea08add676a959b865761f3bf542e74a5dacf2,<HDD>/datasets/execution_wm/v0_7/train/G01/nominal/ep_00044.npz
45,G01,train,nominal,R1,sc09,T3,7037,13.620000000000001,681,schedule_end,12,double|zero,1.0,0.7,baa7f829a2db65affb10e8fe0bb84f8fa12ffd947c29bd891ca8f5c1bf7819bf,a7fa0c416232ba8bf12343b60880a2b6e494542d65bb1817a3884493a5a74e63,<HDD>/datasets/execution_wm/v0_7/train/G01/nominal/ep_00045.npz
46,G01,train,nominal,R1,sc10,T4,7037,13.6,680,schedule_end,12,double|zero,1.0,0.7,f604cc63730fc4975db0797877ea53571a628d861ee98dddea8d2570ab212a13,5a2fb81d80d94ea8797f139f5bcc1303b74f224a72be872f802751612c017d94,<HDD>/datasets/execution_wm/v0_7/train/G01/nominal/ep_00046.npz
47,G01,train,nominal,R1,sc11,T5,7037,13.6,680,schedule_end,12,double|zero,1.0,0.7,91c5a06dcdc32637e439aea3a702e6f68849e186a5f07f76a66488d0f4409792,87e497acb17420c09052d80c18cf21cb656be567d786883fb6b93919a29f8c93,<HDD>/datasets/execution_wm/v0_7/train/G01/nominal/ep_00047.npz
96,G02,train,low,R0,sc00,T0,7074,13.6,680,schedule_end,12,single,0.3,0.21,1e4b8cf0591a6ab07ccb8dfdbff66f4b71122fc41d91b217ec42475b4bc09504,2dcb1d394aae4b3c3c60c7c183ee551812276af37586a6b4a78aa0b2d9fff7d3,<HDD>/datasets/execution_wm/v0_7/train/G02/low/ep_00096.npz
97,G02,train,low,R0,sc01,T1,7074,13.6,680,schedule_end,12,single|zero,0.3,0.21,75c4dd7f76a320dca2c865dd4a5e1607a98715940240741ced5a6d4eb8379f22,eeb014ed47cc965bf61ab4d1d8a25081d5829e23a349deec0fc8712d9e50279e,<HDD>/datasets/execution_wm/v0_7/train/G02/low/ep_00097.npz
98,G02,train,low,R0,sc02,T2,7074,13.6,680,schedule_end,12,single|zero,0.3,0.21,a7a82a01771ba16bf7fa817a08a4fcd467c3342c4c23f99c7e415a4bcc7d6e1b,4ac53cb7b28fbce1bfecb6c450e78438072c2b4b54d82db928f6b0c545abac4c,<HDD>/datasets/execution_wm/v0_7/train/G02/low/ep_00098.npz
99,G02,train,low,R0,sc03,T3,7074,13.620000000000001,681,schedule_end,12,single|zero,0.3,0.21,b487c38df54603cceb6af731d3d18b3a1c19203402b027ffcfa512604b3600b9,db8568f0ded7f10ddc327444abb05d60bc7203bc5a1af8a4b4c02845dd1d80a1,<HDD>/datasets/execution_wm/v0_7/train/G02/low/ep_00099.npz
100,G02,train,low,R0,sc04,T4,7074,13.6,680,schedule_end,12,single|zero,0.3,0.21,f45e1aacedfe6b56c40d82d41126b16ab261649147358c98f686fbae1a65d25d,9f7537b334e43e691593b916dc0132ff2782ab11c9861195acfde211b29140be,<HDD>/datasets/execution_wm/v0_7/train/G02/low/ep_00100.npz
101,G02,train,low,R0,sc05,T5,7074,13.6,680,schedule_end,12,single|zero,0.3,0.21,053dc1cf3b45dbb1d2c68e1930d7078be62942567bdad5f48c7839cfd6104dbe,04ac48461bf1d3e1aa82e5d700ac59b7e4c403550013c0d48fd550bf65cfff61,<HDD>/datasets/execution_wm/v0_7/train/G02/low/ep_00101.npz
102,G02,train,low,R1,sc06,T0,7074,13.6,680,schedule_end,12,double|zero,0.3,0.21,9742fa16ec3bd16065f989bb959084b949fa2a35bf9e31286befe5d5fa468716,2453b6b258aa34a48e99541c6dc32159aba66e8add635bf5d57cff44e67528ce,<HDD>/datasets/execution_wm/v0_7/train/G02/low/ep_00102.npz
103,G02,train,low,R1,sc07,T1,7074,13.6,680,schedule_end,12,double|zero,0.3,0.21,d20e7adf92d8caf8bebd9b46a40d53d21e93fb000b3482b7b31907306efc4d8a,c16b798c24fac4f189c9bedbf92521aa92630368b4619be11a104d3e2254609c,<HDD>/datasets/execution_wm/v0_7/train/G02/low/ep_00103.npz
104,G02,train,low,R1,sc08,T2,7074,13.6,680,schedule_end,12,double|zero,0.3,0.21,a24d71f0d0882c539b43cd1ad779a23cb1807dfd989dcb7893f5620a21f67a38,c3da2f18b515f7c03154ff91e91c35b844d74cf1519a837812cb9940a08d1b2b,<HDD>/datasets/execution_wm/v0_7/train/G02/low/ep_00104.npz
105,G02,train,low,R1,sc09,T3,7074,13.620000000000001,681,schedule_end,12,double|zero,0.3,0.21,db40f8f9bf87ddd118dd48a0c1a670db8bbfab85da7ed6bd58917843f9a503fd,6d36f66cf8ae619a21002f9253f1133a12711390e117a4739adf11c683dab3b4,<HDD>/datasets/execution_wm/v0_7/train/G02/low/ep_00105.npz
106,G02,train,low,R1,sc10,T4,7074,13.6,680,schedule_end,12,double|zero,0.3,0.21,11e58f33494cd44adbfc77d41a35cbf3c48109671edb39abd7e800ad7503df97,87c2b89a14c7697860b7a47f39da496c95d508722c939a39180a7286abe89867,<HDD>/datasets/execution_wm/v0_7/train/G02/low/ep_00106.npz
107,G02,train,low,R1,sc11,T5,7074,13.6,680,schedule_end,12,double|zero,0.3,0.21,8db64dc01734fe6d83257a96577f500634a7cd045853c7afd92fde042520596a,7dd0f847af7791cbcda755a2173bb8ecc291ca2607d5c6b620596a35642dcad3,<HDD>/datasets/execution_wm/v0_7/train/G02/low/ep_00107.npz
84,G02,train,mid,R0,sc00,T0,7074,13.6,680,schedule_end,12,single,0.6,0.42,70782db3997ff6ed79cc001aba7be1383aeee7ea2df71523d45434139c0e383d,4e8e30e4a16d7459c2c44320a429e100d357688b85b720944b5ff7320e2cea98,<HDD>/datasets/execution_wm/v0_7/train/G02/mid/ep_00084.npz
85,G02,train,mid,R0,sc01,T1,7074,13.6,680,schedule_end,12,single|zero,0.6,0.42,4681b743af7a03e7b91416744fa2f2c8d27d4723a44fca2e52dc824fa344ff86,9527c983e801a144e6f58d79a73884268aa5913ac47bd22e09a9ba6d5f8df493,<HDD>/datasets/execution_wm/v0_7/train/G02/mid/ep_00085.npz
86,G02,train,mid,R0,sc02,T2,7074,13.6,680,schedule_end,12,single|zero,0.6,0.42,3d077d38d7ed3738445ba74f89b58e999efc2e9fccf6f97f0ec6aa72c8c0630e,3a5c839679420d8dd31ce966dd2016422c093de5e7ef3aec974597dd91e8c112,<HDD>/datasets/execution_wm/v0_7/train/G02/mid/ep_00086.npz
87,G02,train,mid,R0,sc03,T3,7074,13.620000000000001,681,schedule_end,12,single|zero,0.6,0.42,c07752fdf0a703fb30a9929ef9782621c75348db86c11ca9749712cda74e2dcf,6a55cb8a5cd5fac634987f8a0d04e032c5246bf1b2bfa84b0056075d9cfb584d,<HDD>/datasets/execution_wm/v0_7/train/G02/mid/ep_00087.npz
88,G02,train,mid,R0,sc04,T4,7074,13.6,680,schedule_end,12,single|zero,0.6,0.42,2554abf0aebad7957e7dc12c2c5d30bf07b6920072d25c514d248e942a881dbd,37e5f2514e3c09d60828e2bd8214afed6d39535e68475544d8ca69201e9abc89,<HDD>/datasets/execution_wm/v0_7/train/G02/mid/ep_00088.npz
89,G02,train,mid,R0,sc05,T5,7074,13.6,680,schedule_end,12,single|zero,0.6,0.42,0a482dcf7115ea4b65c50fb452854aa3b99f488744a38263458d8fcddaead4fc,a3d023c956329d736713a8354ad40d2e3a954f2b49b625a7b911ce54102e12fd,<HDD>/datasets/execution_wm/v0_7/train/G02/mid/ep_00089.npz
90,G02,train,mid,R1,sc06,T0,7074,13.6,680,schedule_end,12,double|zero,0.6,0.42,22e5b9e3ee650e35d38ebd137fc03a10a34fa74f9efb1894d90c9e31aa9c163b,4fc4aa7f07db11b3110a23afac11b1749ec2510f301af4fce979e2277a64f69a,<HDD>/datasets/execution_wm/v0_7/train/G02/mid/ep_00090.npz
91,G02,train,mid,R1,sc07,T1,7074,13.6,680,schedule_end,12,double|zero,0.6,0.42,d5f2a6b9525402fe8e808db69e9e545e5d1b66e097b9f757a3cd592b48e8959c,992fb7000ec5c35f958913f86bd9c7ec14326995d73eafc7c1ba277dc5f385aa,<HDD>/datasets/execution_wm/v0_7/train/G02/mid/ep_00091.npz
92,G02,train,mid,R1,sc08,T2,7074,13.6,680,schedule_end,12,double|zero,0.6,0.42,da271553b7314c22508388124619dff3e73796ac9adee7358b66476a989b3190,29a3173da34bda82b52113c315c109546ed5912dbfe5db767a53d60399ce1548,<HDD>/datasets/execution_wm/v0_7/train/G02/mid/ep_00092.npz
93,G02,train,mid,R1,sc09,T3,7074,13.620000000000001,681,schedule_end,12,double|zero,0.6,0.42,f657dccf3604888256f410439dd1ab4aeca7527c5e027955b534b4d5ff446763,ff923e5c3b8cd557f33cd1e7de86434435a244605b17752721ef79763022fbdb,<HDD>/datasets/execution_wm/v0_7/train/G02/mid/ep_00093.npz
94,G02,train,mid,R1,sc10,T4,7074,13.6,680,schedule_end,12,double|zero,0.6,0.42,5ac9e43277982373ab56974571298bcc068b699807929e965f3b6bbec0614159,18e2f57a88004fb5b20cbb2590a75f190defd80b61906a56a2ff1de45d00f68a,<HDD>/datasets/execution_wm/v0_7/train/G02/mid/ep_00094.npz
95,G02,train,mid,R1,sc11,T5,7074,13.6,680,schedule_end,12,double|zero,0.6,0.42,82c64174da311879da64c68aed91115ec92dc742b9bd7115fa90bbf8167b73de,4067c04f643652bb3e73996eb0266f23a82ed3a43804057730b8f68fea2c14dc,<HDD>/datasets/execution_wm/v0_7/train/G02/mid/ep_00095.npz
72,G02,train,nominal,R0,sc00,T0,7074,13.6,680,schedule_end,12,single,1.0,0.7,6d6d89cfa3271cf3f890487605dc510cc04059d686ef2274296c1c196a196813,9161e22a09e6c60b97f6ace32a6d2843df464eac09093aace01b1f8294722d14,<HDD>/datasets/execution_wm/v0_7/train/G02/nominal/ep_00072.npz
73,G02,train,nominal,R0,sc01,T1,7074,13.6,680,schedule_end,12,single|zero,1.0,0.7,a7f06de75501df6517add54dbcfe9e7087ad3b5eeec4740bf479f747a37ae882,9ccec0c24d440db27f73935531ab4e46cb53ff774975f3ccbe68f9151e80d52e,<HDD>/datasets/execution_wm/v0_7/train/G02/nominal/ep_00073.npz
74,G02,train,nominal,R0,sc02,T2,7074,13.6,680,schedule_end,12,single|zero,1.0,0.7,595d7018d0ff2aad86dd406918e0cc81c8a63d4960a369b5b10d6de438dcfe22,a803f8df4cd1c86786e64bc8d8a61d93aa3c6082df78ee896efd1528b36709e7,<HDD>/datasets/execution_wm/v0_7/train/G02/nominal/ep_00074.npz
75,G02,train,nominal,R0,sc03,T3,7074,13.620000000000001,681,schedule_end,12,single|zero,1.0,0.7,d4d5eedb8b6d59644f1dc468641efe915777fefa40b1f39fc3d32caac113e069,d64ba00d5b4dbd1742d5fb03b7dc8008a799b69f4c8081acdfa1404229bd25f3,<HDD>/datasets/execution_wm/v0_7/train/G02/nominal/ep_00075.npz
76,G02,train,nominal,R0,sc04,T4,7074,13.6,680,schedule_end,12,single|zero,1.0,0.7,91dd6d49f03ea3bbb97067ee5f17f4b76622271ebac6003140ca8a84c041e7ec,bc04f60be2c1464ce27269072c5b741aa914f1ff5628a649f530fd36d33a59c8,<HDD>/datasets/execution_wm/v0_7/train/G02/nominal/ep_00076.npz
77,G02,train,nominal,R0,sc05,T5,7074,13.6,680,schedule_end,12,single|zero,1.0,0.7,34eff5941e8580bc8ae385b4e4d6ee66c8edca6269f38b0f0b103557edb698ac,a24d0587ae661720223d428b37e9b2e310d999adbc3f8b2826c1e24b5da346f1,<HDD>/datasets/execution_wm/v0_7/train/G02/nominal/ep_00077.npz
78,G02,train,nominal,R1,sc06,T0,7074,13.6,680,schedule_end,12,double|zero,1.0,0.7,b0e23dcb82513f2a77a31e16a23025620df6200db3aa23521cbbc97f061162b8,2ed50c0ba4ec8617bb4997ef1fa4b835658863429a63648d8d57b5e7134d87c6,<HDD>/datasets/execution_wm/v0_7/train/G02/nominal/ep_00078.npz
79,G02,train,nominal,R1,sc07,T1,7074,13.6,680,schedule_end,12,double|zero,1.0,0.7,c5861dcf7939592a194c45e4b2e1cc66b0034bb9e1ee310ca09c351127c32f4f,418fb0038af5ae9647063d06117c59e67f4e71530cca596d9fd628f2217f6211,<HDD>/datasets/execution_wm/v0_7/train/G02/nominal/ep_00079.npz
80,G02,train,nominal,R1,sc08,T2,7074,13.6,680,schedule_end,12,double|zero,1.0,0.7,bb23c07c6fd6c688f2a9b1833035f0f1c1fffe00584e6269d62d4e27178e8526,a61beb67645596dd4c5f99ef585fbae9c54be47d34d9d2e02b46f75f4f83e724,<HDD>/datasets/execution_wm/v0_7/train/G02/nominal/ep_00080.npz
81,G02,train,nominal,R1,sc09,T3,7074,13.620000000000001,681,schedule_end,12,double|zero,1.0,0.7,e0120edd1893946fff43309cae3d244e9ea0bfe3cca9d241405863bc6508b318,b761132ccb73ea4214d35c2f71c14fced726ede26cb886b09516d5f1f3c0c2bb,<HDD>/datasets/execution_wm/v0_7/train/G02/nominal/ep_00081.npz
82,G02,train,nominal,R1,sc10,T4,7074,13.6,680,schedule_end,12,double|zero,1.0,0.7,f80277e2c18903bf2a5eba3352da3b313115aa4c84639a369f3e7088c94719d2,6d1f9b8a4833c5ca4412d4a9763cdfd7d47928fdf4a0ddc712fa1f7c80d3fc86,<HDD>/datasets/execution_wm/v0_7/train/G02/nominal/ep_00082.npz
83,G02,train,nominal,R1,sc11,T5,7074,13.6,680,schedule_end,12,double|zero,1.0,0.7,c79a01ecf43b60c83d796ca9dd62a74fc7104f09807870030a4adee76075c0c0,ad0d20599e323e1f8c6f276e9ccea1a36d4fed5dafaf2d203d881a0321b823dd,<HDD>/datasets/execution_wm/v0_7/train/G02/nominal/ep_00083.npz
132,G03,train,low,R0,sc00,T0,7111,13.6,680,schedule_end,12,single|zero,0.3,0.21,1abd82fa8dec56cefd4e2aa4764a0b3ddf5e5a70a98be7103008f64fda24fa4e,89336640d2ade5707d04e1e9df8f8c515f8df41c77cc29f521ee13869b39187c,<HDD>/datasets/execution_wm/v0_7/train/G03/low/ep_00132.npz
133,G03,train,low,R0,sc01,T1,7111,13.6,680,schedule_end,12,single|zero,0.3,0.21,361db43fba7d5056413e48849a13649f08d12b7779abc2a7eb20244feb7a5913,fdecf8ae7214308ed6d8c288eaaf648a065e5f384245238e3b41f8ac0e00d9b7,<HDD>/datasets/execution_wm/v0_7/train/G03/low/ep_00133.npz
134,G03,train,low,R0,sc02,T2,7111,13.6,680,schedule_end,12,single|zero,0.3,0.21,40260beea1844391048c7c4bdc359e3b4a60714abf3612556f8891bff2ffcc47,a23c934696414a2d9697bedb71f34cff1d394ad708a814e1b9325cb37f3fb4d8,<HDD>/datasets/execution_wm/v0_7/train/G03/low/ep_00134.npz
135,G03,train,low,R0,sc03,T3,7111,13.620000000000001,681,schedule_end,12,single|zero,0.3,0.21,86b2fc0be7c4464a79d773ac86c8cede7e342b775c118eba90c450549f48746b,345f4f49caa52a798b9a73c5ff8d972f71b1cf37fd9e8473b3f6931e0a9dbaae,<HDD>/datasets/execution_wm/v0_7/train/G03/low/ep_00135.npz
136,G03,train,low,R0,sc04,T4,7111,13.6,680,schedule_end,12,single|zero,0.3,0.21,a36047a45a933b68b2c149b57152b14374a3ee4c3f006c3668ebb62b12a499e8,597c2962d1cf5b9c98f4fe01b3b7b6c3bcd54c133c8f20eab63b83edda4f1ae1,<HDD>/datasets/execution_wm/v0_7/train/G03/low/ep_00136.npz
137,G03,train,low,R0,sc05,T5,7111,13.6,680,schedule_end,12,single|zero,0.3,0.21,3b31d0e15e338824de4eea0d77fe6e8c191ea29995b5ad9be114c551b8dc5d17,f0a44f11b7abf6ef2e7860767421220b9c6ceedeab9f35e9d55a64de7c086acf,<HDD>/datasets/execution_wm/v0_7/train/G03/low/ep_00137.npz
138,G03,train,low,R1,sc06,T0,7111,13.6,680,schedule_end,12,double|zero,0.3,0.21,313c416255ed80f6f220fa00c58df73eccdab7adeb4b8f58979a556417038597,cb5c1c0cfc160261fe7dbdaa7da5831dbf81947f4f4f81288b8dfe3c24eb8651,<HDD>/datasets/execution_wm/v0_7/train/G03/low/ep_00138.npz
139,G03,train,low,R1,sc07,T1,7111,13.6,680,schedule_end,12,double|zero,0.3,0.21,16bfaf541b4f240b51f6e0aac93802dbb8f7876a647e1e801b3a2f66eb097954,1cd6a3a8f2c13441f2836b764b466609d580b6f52ea1ffd86ce34f6a91971b37,<HDD>/datasets/execution_wm/v0_7/train/G03/low/ep_00139.npz
140,G03,train,low,R1,sc08,T2,7111,13.6,680,schedule_end,12,double|zero,0.3,0.21,9b234ced11d6dffbbedbf00c9e5ceedcb47473140890f8f0f1b8c105a165296d,b053a154c3309487aa1eed52c0cdfa7d442b2dac1ea0d6ee77714508457a7122,<HDD>/datasets/execution_wm/v0_7/train/G03/low/ep_00140.npz
141,G03,train,low,R1,sc09,T3,7111,13.620000000000001,681,schedule_end,12,double|zero,0.3,0.21,b932cec4c276f424b9946e84a3ae11f584a463eeae11feb86f665e28286ee809,b96233ba55b7790165b200bf7b915202c4bda9ea2858824a3dd6c735efab2371,<HDD>/datasets/execution_wm/v0_7/train/G03/low/ep_00141.npz
142,G03,train,low,R1,sc10,T4,7111,13.6,680,schedule_end,12,double|zero,0.3,0.21,be4e337269f203cbe0e1361a794b94c2fdb2f257357fbe4b385f8dbe3d97b0e8,868522e8846493a83831e00e8d9cc32d01aec3fd9efd8bd51ba3e9c54b4b6824,<HDD>/datasets/execution_wm/v0_7/train/G03/low/ep_00142.npz
143,G03,train,low,R1,sc11,T5,7111,13.6,680,schedule_end,12,double|zero,0.3,0.21,a44bd123a79bfc5be0edaad2f43971041895b6d3589cda902e95566ca351f2ea,ad6a5dc86b2ab772a3dccdd34137acd8b2c262e427dc701da65d82a5a9d856fe,<HDD>/datasets/execution_wm/v0_7/train/G03/low/ep_00143.npz
120,G03,train,mid,R0,sc00,T0,7111,13.6,680,schedule_end,12,single|zero,0.6,0.42,8bdd950b55035be66ac853005fd3a62e5919cff06c537922f98ac9c00a094515,0c82cdf066bee5c808b604ff2a30a3a31a8fd9c1ff394764850472dc55744b8e,<HDD>/datasets/execution_wm/v0_7/train/G03/mid/ep_00120.npz
121,G03,train,mid,R0,sc01,T1,7111,13.6,680,schedule_end,12,single|zero,0.6,0.42,3b636edfc48d0d4b8d9a16c3a126b1fc4f20497459560a1c15610450a45f5f9a,96c4956f8cb24449fe7f1ea98e3f65326ae30bc4aec73b3a2ccb4377f07e129b,<HDD>/datasets/execution_wm/v0_7/train/G03/mid/ep_00121.npz
122,G03,train,mid,R0,sc02,T2,7111,13.6,680,schedule_end,12,single|zero,0.6,0.42,7ed4c04ddd487c856cd68cd042624cd86746dfb9290ce79e65d03913c0ead798,d67a5af7998f884abba33bd611c019c0496bd5aa08e94d58d19fdb0cbe25760e,<HDD>/datasets/execution_wm/v0_7/train/G03/mid/ep_00122.npz
123,G03,train,mid,R0,sc03,T3,7111,13.620000000000001,681,schedule_end,12,single|zero,0.6,0.42,584b66108ef452807fd5005e251172ea97c696bb5eeff70226014bf3f4c73c54,70e88127278acec354032a60b9e6f189f01eeff8f0d955b19f7b8a015b113419,<HDD>/datasets/execution_wm/v0_7/train/G03/mid/ep_00123.npz
124,G03,train,mid,R0,sc04,T4,7111,13.6,680,schedule_end,12,single|zero,0.6,0.42,56fa592f86581d315e6f5154dbd4a733b9732bcb6ee128bd85abf809e8ff5f03,252a4ce7ba098d3f940c5eaece6046511a3be4c6e384517a3b5151eda302237c,<HDD>/datasets/execution_wm/v0_7/train/G03/mid/ep_00124.npz
125,G03,train,mid,R0,sc05,T5,7111,13.6,680,schedule_end,12,single|zero,0.6,0.42,a980c68298e5e9433af6c262e2ebf3f73304d3ea1e0f30dfffeaf0bdb79759e9,999c469ea8246979d20cdab37a3cf57fef8e057403ef14ccda6bc77c3a6cfed4,<HDD>/datasets/execution_wm/v0_7/train/G03/mid/ep_00125.npz
126,G03,train,mid,R1,sc06,T0,7111,13.6,680,schedule_end,12,double|zero,0.6,0.42,b57462e6d7526592bd48ccabddfef6150061963f3f237188adde80474bd100d6,4d186e84e293ed8577516424b71f0f53838e4cc5fc23e7c7999770938fd0e071,<HDD>/datasets/execution_wm/v0_7/train/G03/mid/ep_00126.npz
127,G03,train,mid,R1,sc07,T1,7111,13.6,680,schedule_end,12,double|zero,0.6,0.42,4a6aa83160d870708f60efcfcb45309fdcc3bc3697e863f6e3e34ae3f3e25114,3483146870067d47e6b118bd1d0f46f52898d62250c897b68432e8627e50c878,<HDD>/datasets/execution_wm/v0_7/train/G03/mid/ep_00127.npz
128,G03,train,mid,R1,sc08,T2,7111,13.6,680,schedule_end,12,double|zero,0.6,0.42,ead0d7a3620ab9979373d7fb1e8bd2b35e4d294bc486c1fae9371ebda5e522ce,5f723d6260d95d26a16aea3f4973364b737c65746ff075e20ac0900bd2e6947b,<HDD>/datasets/execution_wm/v0_7/train/G03/mid/ep_00128.npz
129,G03,train,mid,R1,sc09,T3,7111,13.620000000000001,681,schedule_end,12,double|zero,0.6,0.42,ada0beb55c676d57875408fcf942df56c0bf078da184102458b380f131ee155e,01f4cfacc3eb0f749d986cd7fc5456ff90235cc76f6893568a09cf0216f5fee8,<HDD>/datasets/execution_wm/v0_7/train/G03/mid/ep_00129.npz
130,G03,train,mid,R1,sc10,T4,7111,13.6,680,schedule_end,12,double|zero,0.6,0.42,d9780513a11ea8f87212242711b74f6c54f7bc07b1f7dc58275e3b3d75067183,696c5c1c710a7bcc8114050d63d6823b506158ce474b22a3ab31d3327f903a4c,<HDD>/datasets/execution_wm/v0_7/train/G03/mid/ep_00130.npz
131,G03,train,mid,R1,sc11,T5,7111,13.6,680,schedule_end,12,double|zero,0.6,0.42,bd5486e578e6ce2f8afdf2a466b4dcfb34115c513ceb08e5e6ad78e5ca2ea318,466ad11fbd80b9a7247bb71f5ffae5b2bbe978fdff1a5506461c771297b472ff,<HDD>/datasets/execution_wm/v0_7/train/G03/mid/ep_00131.npz
108,G03,train,nominal,R0,sc00,T0,7111,13.6,680,schedule_end,12,single|zero,1.0,0.7,359d22b42ae88d1da67685548cde36bd9e1965e456b709fa1e064eab29582b72,afeb82bf3ecd6bc2dba524c89fe11501c3af3bdfaa6dc846345e73ceaec5549e,<HDD>/datasets/execution_wm/v0_7/train/G03/nominal/ep_00108.npz
109,G03,train,nominal,R0,sc01,T1,7111,13.6,680,schedule_end,12,single|zero,1.0,0.7,5a11a4082e95055ce07fc8b3e0d0aca054bb24b2d3aa047f62b4c6cbda2edc92,658ee1ced05e8b348249af8fea1e5380ca2bd8ecbec875d6a8e9ba4ee174e15f,<HDD>/datasets/execution_wm/v0_7/train/G03/nominal/ep_00109.npz
110,G03,train,nominal,R0,sc02,T2,7111,13.6,680,schedule_end,12,single|zero,1.0,0.7,5dddfba0eccd25d7426aae428bad0355f99d8d43dc86eb2e38f755f92382a092,2c6b8f61c6300b85c640c97545a03b4b5e3c5c3185ed76f8382fced69581a988,<HDD>/datasets/execution_wm/v0_7/train/G03/nominal/ep_00110.npz
111,G03,train,nominal,R0,sc03,T3,7111,13.620000000000001,681,schedule_end,12,single|zero,1.0,0.7,76c116c00d855809c47ad823677a012d2b539096e7452e0399f167ddac07a7ca,be8a7111bce7e58ad4d76b838c8a75e30010424ac93e8d6be5f3f59ad99ad900,<HDD>/datasets/execution_wm/v0_7/train/G03/nominal/ep_00111.npz
112,G03,train,nominal,R0,sc04,T4,7111,13.6,680,schedule_end,12,single|zero,1.0,0.7,0b969ce21456142f4dda7775c718dd7ed67987a06ff25439203bb01b687ae26d,48145a1cc23ffb22a7f822290c7d9fbf790c12081ee5b789bb077be0ed5c7a59,<HDD>/datasets/execution_wm/v0_7/train/G03/nominal/ep_00112.npz
113,G03,train,nominal,R0,sc05,T5,7111,13.6,680,schedule_end,12,single|zero,1.0,0.7,149d2468ee94383e7cd297edb7fbb99ed7ee45c7158b8fa446a61b6f10101a3a,af478019b1df49b7956493883d0611f3d3b10a6b4f1268ac5ca05a82f71c3170,<HDD>/datasets/execution_wm/v0_7/train/G03/nominal/ep_00113.npz
114,G03,train,nominal,R1,sc06,T0,7111,13.6,680,schedule_end,12,double|zero,1.0,0.7,df4715b61b22586bfbdb9b964695fd99200e2df6da763bc565ffad4dab0a1adb,44b9200011ff6b966f1357bcf91804b3e8e7e6a9289fbc8383f1a03d155a3df3,<HDD>/datasets/execution_wm/v0_7/train/G03/nominal/ep_00114.npz
115,G03,train,nominal,R1,sc07,T1,7111,13.6,680,schedule_end,12,double|zero,1.0,0.7,68a5b952511b31db2242674e7375cfe3f80b14fdf6eb587a8f2eddf91cef5c61,88147ad21f9283e629410dcfeba6a0d39283316fa5ad585fc80a6e9c33cd36fe,<HDD>/datasets/execution_wm/v0_7/train/G03/nominal/ep_00115.npz
116,G03,train,nominal,R1,sc08,T2,7111,13.6,680,schedule_end,12,double|zero,1.0,0.7,ea66beda65cc35a116d80f5a5aff96b113dae926bc709423b74d3b9e0c70839c,945d1dcc1c99e2807b7e9b41a7413e45a5dfcdeb9c7a6119fa0d19d2cb418ea9,<HDD>/datasets/execution_wm/v0_7/train/G03/nominal/ep_00116.npz
117,G03,train,nominal,R1,sc09,T3,7111,13.620000000000001,681,schedule_end,12,double|zero,1.0,0.7,b00afea28b20a883b7b030fdf61d049de13c87bb958c948e0cd3319c75a4e618,00822e0181449046f6384fb794e7f149859ddf557bef69917ea430d390ad5e2d,<HDD>/datasets/execution_wm/v0_7/train/G03/nominal/ep_00117.npz
118,G03,train,nominal,R1,sc10,T4,7111,13.6,680,schedule_end,12,double|zero,1.0,0.7,28633db7a6c69df75fa7a0a4c9845da237c1d06752d398da5378c51907bd4ed2,284efa0dd5f618f5e1f82b07590cbd95ea50a3a2a82ea62f1f30c22e7f5ea807,<HDD>/datasets/execution_wm/v0_7/train/G03/nominal/ep_00118.npz
119,G03,train,nominal,R1,sc11,T5,7111,13.6,680,schedule_end,12,double|zero,1.0,0.7,dc70f9f403866de38f5d389f638a7a706b1cf1e6b2b2dc396f4ab4266bb98339,cd4d55135bcd7e0a0b5d63047a87fd9b986ed3a95147b2638b6640f0fed1ed17,<HDD>/datasets/execution_wm/v0_7/train/G03/nominal/ep_00119.npz
168,G04,train,low,R0,sc00,T0,7148,13.6,680,schedule_end,12,single|zero,0.3,0.21,2dfde4fcc62d674e195e8ca80e83dcb4f6d6d17afab0c2aaceb2b97bc866b9c6,adfb73625af81ffdcdd54537301612f7dd7454eed58c8096ffdbe38b4999c8c9,<HDD>/datasets/execution_wm/v0_7/train/G04/low/ep_00168.npz
169,G04,train,low,R0,sc01,T1,7148,13.6,680,schedule_end,12,single,0.3,0.21,c2dc9c936407d5d22d767a05b7338343d832648cd29cb3d7edf76166f48cefdd,e7293c8b9ae3556427195d7b9e9e6aacabe0807834fd9222fcefefbe9d8c35e6,<HDD>/datasets/execution_wm/v0_7/train/G04/low/ep_00169.npz
170,G04,train,low,R0,sc02,T2,7148,13.6,680,schedule_end,12,single|zero,0.3,0.21,7af32d1b9dd2e9cb48eb68fe061645c328a8aa6b7d069c3708f643ecc205841c,45331bf9fd88a02020c9d3d217d984a6bcd9636cdf42deec3acd766b0c141d3d,<HDD>/datasets/execution_wm/v0_7/train/G04/low/ep_00170.npz
171,G04,train,low,R0,sc03,T3,7148,13.620000000000001,681,schedule_end,12,single|zero,0.3,0.21,a530fcdcaa125636a90ce52db5b9636dc2692f6152e2c7869c26bd2ac5a4d575,69a660f0edb75f20d9ab6cf7df1cde4200a287dc5baae2298bc3c81103a9ed79,<HDD>/datasets/execution_wm/v0_7/train/G04/low/ep_00171.npz
172,G04,train,low,R0,sc04,T4,7148,13.6,680,schedule_end,12,single|zero,0.3,0.21,ecf25b23fc2daee654a8d5c0e73e44da3ea230d88a28e5bd6a8f0a6c88449052,cfd28e46630451f5bcbd0d29427e2ee244d86b88a089be5223cba011ce1ec330,<HDD>/datasets/execution_wm/v0_7/train/G04/low/ep_00172.npz
173,G04,train,low,R0,sc05,T5,7148,13.6,680,schedule_end,12,single|zero,0.3,0.21,85f7d9b9b57b50b3fac90a3d1d0a1ff6a15328dd30a569a9a23ea6c48121b7cb,6fac6bc69426be1e54781f5093f719c393f5cec12ee6339add5cb6186cd68ec7,<HDD>/datasets/execution_wm/v0_7/train/G04/low/ep_00173.npz
174,G04,train,low,R1,sc06,T0,7148,13.6,680,schedule_end,12,double|zero,0.3,0.21,011e08ec793378552f787205137b7f612ce9523e3a7166722c69358f4073b3d6,74773a91ac4cdbc71e003d6c3db6771e7d352035dd7fb458770fb4aaa1e979f9,<HDD>/datasets/execution_wm/v0_7/train/G04/low/ep_00174.npz
175,G04,train,low,R1,sc07,T1,7148,13.6,680,schedule_end,12,double|zero,0.3,0.21,c9ab18ff6460d70732254777d2cfc018c5617fcbecce3f52c0a01dd71f70dc21,eb5b8aef1b92dbc2f759f45d3e35b5049d83080f97a2340bc2541a000d4fbed6,<HDD>/datasets/execution_wm/v0_7/train/G04/low/ep_00175.npz
176,G04,train,low,R1,sc08,T2,7148,13.6,680,schedule_end,12,double|zero,0.3,0.21,a8b371b3c94db5be7818afda669a328eddb0111db06528a90dfdbca74741dda9,454cea9851b434110711c1fd38643944fb6758d1885c61ddb8b2befa993bfab3,<HDD>/datasets/execution_wm/v0_7/train/G04/low/ep_00176.npz
177,G04,train,low,R1,sc09,T3,7148,13.620000000000001,681,schedule_end,12,double|zero,0.3,0.21,11b9ff9b29c0e25c7a717351ea393473a90260bb9a1aeb8342697b0e6a9e3050,dcb4b0662506763c33f8a5dd0c76bfa48a28b85f5b32ec5cad02d6b0f71e803a,<HDD>/datasets/execution_wm/v0_7/train/G04/low/ep_00177.npz
178,G04,train,low,R1,sc10,T4,7148,13.6,680,schedule_end,12,double|zero,0.3,0.21,536c6ca08a82a96eafaa504b2d2ee55d584cfd3ea2d1996284d4cd8954cf3e49,ecf8ee1570e80064ccbf54818d12d6d64de8613c097ad40878d9a0a229dd0859,<HDD>/datasets/execution_wm/v0_7/train/G04/low/ep_00178.npz
179,G04,train,low,R1,sc11,T5,7148,13.6,680,schedule_end,12,double|zero,0.3,0.21,ec60750001581fff0e40419dfb6b85b322f5cb90cacfb1f066efcb5fd6011986,b71c30a4d386d0b4e44357c8e8a6d003834cb16598b515bc9f32330e2f9ca159,<HDD>/datasets/execution_wm/v0_7/train/G04/low/ep_00179.npz
156,G04,train,mid,R0,sc00,T0,7148,13.6,680,schedule_end,12,single|zero,0.6,0.42,0d99a785c04fef579fa654a7e9f485a89619a29314dc31a0ac3aa6918ed4404d,9cb572205148db8d1e69a7bc4aa3d532bed71884c2dde091e233fd39d092d213,<HDD>/datasets/execution_wm/v0_7/train/G04/mid/ep_00156.npz
157,G04,train,mid,R0,sc01,T1,7148,13.6,680,schedule_end,12,single,0.6,0.42,b06ec024dc444084304ddf92dc4b14a40183e4791dc6bdd9c2fe7eaaa2b3c3a0,131a0cb392f4245090def65f21718e8c580a73388c0f4ebd2f1740f0ff7f49fe,<HDD>/datasets/execution_wm/v0_7/train/G04/mid/ep_00157.npz
158,G04,train,mid,R0,sc02,T2,7148,13.6,680,schedule_end,12,single|zero,0.6,0.42,201c3453c20bc863c6a954da7330cab9c6fc18ff9f846288b55a08ade47e7b26,644b957cb17d27c2c7de5275d312cbc3ef11bdee5506ad611dc45249e041a530,<HDD>/datasets/execution_wm/v0_7/train/G04/mid/ep_00158.npz
159,G04,train,mid,R0,sc03,T3,7148,13.620000000000001,681,schedule_end,12,single|zero,0.6,0.42,857522d54a6de83d132e49bb91085c9c905197a27e2d5ea0475a618e6c7f6f27,4b2e9288bdf2f8174827b7ac303c514ef8ad984dee8f99036a8637215fcec07f,<HDD>/datasets/execution_wm/v0_7/train/G04/mid/ep_00159.npz
160,G04,train,mid,R0,sc04,T4,7148,13.6,680,schedule_end,12,single|zero,0.6,0.42,fd0ad99cd4db7ccb2cf5ac5f12fd00d0255b8cc127f36d9db75913315e66214f,8bda837a30fcd7da4b1b36d273186e38abb54f0dcf52d31da3918ccddcb150dc,<HDD>/datasets/execution_wm/v0_7/train/G04/mid/ep_00160.npz
161,G04,train,mid,R0,sc05,T5,7148,13.6,680,schedule_end,12,single|zero,0.6,0.42,fb6df9f8fc34a4c819adb1aac9751c88294816c6f37230cb7ade960d02c955a9,992d66e7d751e2353c8fd169a4fdcf36bf4e0e100e530d4890c3fde84ced68ae,<HDD>/datasets/execution_wm/v0_7/train/G04/mid/ep_00161.npz
162,G04,train,mid,R1,sc06,T0,7148,13.6,680,schedule_end,12,double|zero,0.6,0.42,20fe7ae0ae5e9c297349bd509eedae43a599a862e90bd4c590647992e1394a29,0fa6b72b81399102784cfe2e0ea626ccb0dfb034f5578471ea582e53aacae904,<HDD>/datasets/execution_wm/v0_7/train/G04/mid/ep_00162.npz
163,G04,train,mid,R1,sc07,T1,7148,13.6,680,schedule_end,12,double|zero,0.6,0.42,c12b9e77d8c661ecd12e979ca1d1699839e6098ec523fa88c11ecf0a7e0a0c90,fa18185d626043fd233b9b66e4b45f717d16288b701bdaeed196198d26240173,<HDD>/datasets/execution_wm/v0_7/train/G04/mid/ep_00163.npz
164,G04,train,mid,R1,sc08,T2,7148,13.6,680,schedule_end,12,double|zero,0.6,0.42,9c32b559034268ea0d399e9f63122deaaeae6f420f8e874a71b5e76b162611c9,fdb472e834becd45423c893b3003fc40baac3fe6e534ff0a9d47204c6c4ce279,<HDD>/datasets/execution_wm/v0_7/train/G04/mid/ep_00164.npz
165,G04,train,mid,R1,sc09,T3,7148,13.620000000000001,681,schedule_end,12,double|zero,0.6,0.42,542aa5c9a00a517dc8f9a3dbb2174880c5222894866910c8a5b2af72214c884e,18ed9b6de897774250af6ddf9fa995ec14cb7a80d8fd49ab87add251f8665e7f,<HDD>/datasets/execution_wm/v0_7/train/G04/mid/ep_00165.npz
166,G04,train,mid,R1,sc10,T4,7148,13.6,680,schedule_end,12,double|zero,0.6,0.42,e4ffb5f666a4c694ba39b0dd41dd91a52b1c70ed27bc73d9e6b785229bafa8d1,b1ddd5dfbc644f4b553a8b1f5a655e336104125e735725c1a245651e767997b1,<HDD>/datasets/execution_wm/v0_7/train/G04/mid/ep_00166.npz
167,G04,train,mid,R1,sc11,T5,7148,13.6,680,schedule_end,12,double|zero,0.6,0.42,0b59cf8a5110102bb7902f43bd6dab4207eb751a95937ed9766cb70b87ffa97d,55e116546ba287e04d946f9866e812d3ac13e98da6a8817b3b71a0896a7f1667,<HDD>/datasets/execution_wm/v0_7/train/G04/mid/ep_00167.npz
144,G04,train,nominal,R0,sc00,T0,7148,13.6,680,schedule_end,12,single|zero,1.0,0.7,abae013e09e9c299c822c4db2d6777d3b6e976c8ff8c8c90e9d929036b51df2b,cb325b441d7eb70f7d013f7ac571102a94df8f6456118f93f8b2c79bda780e5c,<HDD>/datasets/execution_wm/v0_7/train/G04/nominal/ep_00144.npz
145,G04,train,nominal,R0,sc01,T1,7148,13.6,680,schedule_end,12,single,1.0,0.7,6d7844de4315f58c8c09399330588e6c972e5d1d49e42448ee936aae3b0eb8d1,55f76d5ded87d6b961174d126637d906c19d68a9c492d424ce3174a3124404db,<HDD>/datasets/execution_wm/v0_7/train/G04/nominal/ep_00145.npz
146,G04,train,nominal,R0,sc02,T2,7148,13.6,680,schedule_end,12,single|zero,1.0,0.7,e6f274275e71222f7168a4ba22cdec43c9b674d33e4ffbce474780565157fb08,308ef8d205fdd664cd212bbea4ffce11c7539e86a33444def809294e03263268,<HDD>/datasets/execution_wm/v0_7/train/G04/nominal/ep_00146.npz
147,G04,train,nominal,R0,sc03,T3,7148,13.620000000000001,681,schedule_end,12,single|zero,1.0,0.7,44108213b8899e59ddcc380ab76192d73d0966b4cc3fd97633fb1b43ceaf04d2,080aa8d7e497621e413c2651c9303940a31a461511b427ef9ac9143a39f0f096,<HDD>/datasets/execution_wm/v0_7/train/G04/nominal/ep_00147.npz
148,G04,train,nominal,R0,sc04,T4,7148,13.6,680,schedule_end,12,single|zero,1.0,0.7,85f33feded093ea064073ffdc93518547695c3aa172853a01f84dc5caad4e9ec,65d1248bb632777679abcfed5e47068d7a1e32a6d8784dd75fc5a4149e45b113,<HDD>/datasets/execution_wm/v0_7/train/G04/nominal/ep_00148.npz
149,G04,train,nominal,R0,sc05,T5,7148,13.6,680,schedule_end,12,single|zero,1.0,0.7,f08e71458428bdd6321cf79c19efb588799025d874d1ce0a12cdf95f82b3f7a7,ae0651c17ab49c32cdd1e03eaef74c32e3583ca7153f300e6c9c790ca46d2467,<HDD>/datasets/execution_wm/v0_7/train/G04/nominal/ep_00149.npz
150,G04,train,nominal,R1,sc06,T0,7148,13.6,680,schedule_end,12,double|zero,1.0,0.7,1e1f2196caf86ac4fc0ba2a709405375a26aaf53b25e559000f6434cbc0f0d6e,91131822ac9576bd10c46e9374a484c2e6bba8389d4c4f3328cfe4e8cb591cbb,<HDD>/datasets/execution_wm/v0_7/train/G04/nominal/ep_00150.npz
151,G04,train,nominal,R1,sc07,T1,7148,13.6,680,schedule_end,12,double|zero,1.0,0.7,3550360377b03a8b8bf2b2b539272100f9d4b28fc9e1443358b7285fe01f9b56,815ade7e93bd3c8480238445407b627dd37691b5363c43a03ef0bf3ee8bae167,<HDD>/datasets/execution_wm/v0_7/train/G04/nominal/ep_00151.npz
152,G04,train,nominal,R1,sc08,T2,7148,13.6,680,schedule_end,12,double|zero,1.0,0.7,62a68f8f3c8bb7891f51ae7786cdc46604c53e6d8e223725f13aa40206f8e812,971ca351401b954b521f2171ac7ea6f810926c509619893b7c83780cad3b10a8,<HDD>/datasets/execution_wm/v0_7/train/G04/nominal/ep_00152.npz
153,G04,train,nominal,R1,sc09,T3,7148,13.620000000000001,681,schedule_end,12,double|zero,1.0,0.7,f43049369b1acd57b9b8da491e46c43acd1d5ee5455eacd8f61485020a16cf51,2d608c8157b03b6661446741724e455033c740c97da2b3a63088ef7b0a2bed97,<HDD>/datasets/execution_wm/v0_7/train/G04/nominal/ep_00153.npz
154,G04,train,nominal,R1,sc10,T4,7148,13.6,680,schedule_end,12,double|zero,1.0,0.7,c9d519310bca3ce623d5f436014ade77a5f456bef2608a8f86c14a5d8ea7eaaa,613380392ece95d7e9b1ecd90a41eeca067ce999ec3bdf224ba2caa68e17ba14,<HDD>/datasets/execution_wm/v0_7/train/G04/nominal/ep_00154.npz
155,G04,train,nominal,R1,sc11,T5,7148,13.6,680,schedule_end,12,double|zero,1.0,0.7,8a7331c869f7f9ca4fb6b2c08e293831d43fb2b96744064f27eade33437eea96,93cbb813d6b035732ede100f5f875151b257e0bc4b003267ddc9fe13b6607455,<HDD>/datasets/execution_wm/v0_7/train/G04/nominal/ep_00155.npz
204,G05,train,low,R0,sc00,T0,7185,13.6,680,schedule_end,12,single|zero,0.3,0.21,d4c668a18221309f3aaed89a5c453ed1932e298c81ba82b65666bdf42668676a,30ef0a903368d70c1f52a1f8594d3d690359f26acafd6ffbf733732a19f17c02,<HDD>/datasets/execution_wm/v0_7/train/G05/low/ep_00204.npz
205,G05,train,low,R0,sc01,T1,7185,13.6,680,schedule_end,12,single|zero,0.3,0.21,af12aba36982c1ca15c997a4f118ea6fa1fe8cdae8f4cddde34a1105bff856b1,266f7c760347d8ac5dec54a3929ca74f75767766ed492d31081ccabfe0a38c81,<HDD>/datasets/execution_wm/v0_7/train/G05/low/ep_00205.npz
206,G05,train,low,R0,sc02,T2,7185,13.6,680,schedule_end,12,single|zero,0.3,0.21,9d90b138c153a484f6f3b9623676a33788e63120394a1e01f816d2e74265bca5,fcfe1533fe6ed884e7ccf753a8bea48f197ef5c379ef2b8a3ec15a926c9f3024,<HDD>/datasets/execution_wm/v0_7/train/G05/low/ep_00206.npz
207,G05,train,low,R0,sc03,T3,7185,13.620000000000001,681,schedule_end,12,single|zero,0.3,0.21,f70c46c3dd22d8a8aa3500e3a75973a027dff60f8a74d90790b3773134f1e3e2,911d5f06f7f34f86189d1f241536afe6e99900b39864d5446fbac3bf26086188,<HDD>/datasets/execution_wm/v0_7/train/G05/low/ep_00207.npz
208,G05,train,low,R0,sc04,T4,7185,13.6,680,schedule_end,12,single|zero,0.3,0.21,ff7de9047613730cebd73bffe7b5883dd4e03a4467907dad54ca94a2e72f3486,a8eac5cf3f80911ac09b1c82b037726df034e0ca2e0511e8fede0f1e8a14a2f0,<HDD>/datasets/execution_wm/v0_7/train/G05/low/ep_00208.npz
209,G05,train,low,R0,sc05,T5,7185,13.6,680,schedule_end,12,single|zero,0.3,0.21,68a0f1867a720ad8e43f95caf8f3d78415ed923ee6460905b2b45e1229f6c259,bccc337e425ac738e1bfe15cf7a0127b7172034a5ed461e6b2cc50d293dbadc4,<HDD>/datasets/execution_wm/v0_7/train/G05/low/ep_00209.npz
210,G05,train,low,R1,sc06,T0,7185,13.6,680,schedule_end,12,double|zero,0.3,0.21,692519cc5fd3076b6ce452f81571f1f3a753150539edebfe45cccd58edf38354,fca99b5b16246ca8e39e08e04e65801b67561f3ce65fe8655fde0a60530de635,<HDD>/datasets/execution_wm/v0_7/train/G05/low/ep_00210.npz
211,G05,train,low,R1,sc07,T1,7185,13.6,680,schedule_end,12,double|zero,0.3,0.21,560186f498e9011bef1bd164b4747ab739e5514cb4834bd0b2c25033e266c3de,1dc9efb79cc2e4ddfea9dc994937c5d80826f792d52834bc6f9dc2a5b9e78ccc,<HDD>/datasets/execution_wm/v0_7/train/G05/low/ep_00211.npz
212,G05,train,low,R1,sc08,T2,7185,13.6,680,schedule_end,12,double|zero,0.3,0.21,7ec4bf6d68d275e6aede5b91f33e88e1fb6947acf082992942ebebbdba6234e5,59d3cc3c98077eb9ee0a7f5031d428ccc082d1369d5ef9293e9c966dfe0fa157,<HDD>/datasets/execution_wm/v0_7/train/G05/low/ep_00212.npz
213,G05,train,low,R1,sc09,T3,7185,13.620000000000001,681,schedule_end,12,double|zero,0.3,0.21,bf5d8971336a00e1c1046c335f269823f368844ee5416b5037ee287279973081,f40f4af51c78f9d5934e2c1d42a6f1491212e18fc4ce2f9f377d77e908de1f96,<HDD>/datasets/execution_wm/v0_7/train/G05/low/ep_00213.npz
214,G05,train,low,R1,sc10,T4,7185,13.6,680,schedule_end,12,double|zero,0.3,0.21,c33f5fe5a2b7f836d668fd41e279be70cb89990181812a7729b4429d95271264,74d946fa4305dfff5b935ea3f24356edb86927b4bcd4b8f950684d08fedc7b61,<HDD>/datasets/execution_wm/v0_7/train/G05/low/ep_00214.npz
215,G05,train,low,R1,sc11,T5,7185,13.6,680,schedule_end,12,double|zero,0.3,0.21,8a66c8f228113247958ffcaa0b11fa34afaa60d492258a374c626c7ca92bf733,7ba27fa1c8573ea3830e178ef9bcba9c6744f7d053759d12d022051cd91224a9,<HDD>/datasets/execution_wm/v0_7/train/G05/low/ep_00215.npz
192,G05,train,mid,R0,sc00,T0,7185,13.6,680,schedule_end,12,single|zero,0.6,0.42,10a28a3ee364002e0dad5310a6dccc0b9bbbbc08af19eeb083f7b69647c62fe5,ddf6289325c8c53c735d189942e739247b3c9edf9fb8bfa850cc0820ced8dbbc,<HDD>/datasets/execution_wm/v0_7/train/G05/mid/ep_00192.npz
193,G05,train,mid,R0,sc01,T1,7185,13.6,680,schedule_end,12,single|zero,0.6,0.42,27722355610d2f1576ae56b29026875d4eb22db826c11c306a050b05c84acb33,d9ffa5f2a0efa0307c4cb53fa9a35cdea903e715e795f9808721b6c80988e1c3,<HDD>/datasets/execution_wm/v0_7/train/G05/mid/ep_00193.npz
194,G05,train,mid,R0,sc02,T2,7185,13.6,680,schedule_end,12,single|zero,0.6,0.42,381bf419a35a2180ba51f21a04026f08e7a57cd610204e9e81d83fc32e5f1fd2,88927ba6f5f08d76b25914b9f0c2daa0d6e68071c4b200cf77787ff1c2b27ea9,<HDD>/datasets/execution_wm/v0_7/train/G05/mid/ep_00194.npz
195,G05,train,mid,R0,sc03,T3,7185,13.620000000000001,681,schedule_end,12,single|zero,0.6,0.42,e52d7e5c9e2fdb318849eb6a9d0ccb13d930e8d3389d968292a2f846ae9d3e8f,c120e554e1d6d4de2b88e0ce98186f43444fed8713ce9bcae07f521bd2e2a5da,<HDD>/datasets/execution_wm/v0_7/train/G05/mid/ep_00195.npz
196,G05,train,mid,R0,sc04,T4,7185,13.6,680,schedule_end,12,single|zero,0.6,0.42,4ad2103f5cb54073b27b32e66ca5285c30cbe278d589ba20de9f2c48ab37349f,8cf8def803eb92e67cd1ef69d087f24b95e41725e74563db82a23686c5c6f7cd,<HDD>/datasets/execution_wm/v0_7/train/G05/mid/ep_00196.npz
197,G05,train,mid,R0,sc05,T5,7185,13.6,680,schedule_end,12,single|zero,0.6,0.42,bb72d0dd8e8a73eb644cc1e08d4c07fe76e261d1fba89edf43f52522a29737c0,52f6637ae11c375660af00f2532bcc397d945aeffc56d863e619a56e7930818d,<HDD>/datasets/execution_wm/v0_7/train/G05/mid/ep_00197.npz
198,G05,train,mid,R1,sc06,T0,7185,13.6,680,schedule_end,12,double|zero,0.6,0.42,c8a9daccf1e4ddb1e7f144f478ff9df64eddf0bf03e780e735796e0ecbe76af1,380365a6ab8f26d5158ff5ed4c5a3a5c58b57bb7a6709b4e3b5eb3d42c1f9722,<HDD>/datasets/execution_wm/v0_7/train/G05/mid/ep_00198.npz
199,G05,train,mid,R1,sc07,T1,7185,13.6,680,schedule_end,12,double|zero,0.6,0.42,8c203879a7b822fcc7f256632d834445f9305a123ce83514b93cc3ffc1efe438,c7d7351147243fd17a446159885e0143b366f7f673db1b5053ac9126cb670961,<HDD>/datasets/execution_wm/v0_7/train/G05/mid/ep_00199.npz
200,G05,train,mid,R1,sc08,T2,7185,13.6,680,schedule_end,12,double|zero,0.6,0.42,1b4b263c5dfb98e95eb83ab3ffde34b34806dc40ed85236539b4285e92afb7dc,f6e20551dc318ecbfa1a7b8ea20bf2d05c0de469f0a4cd9c860399bb98c249da,<HDD>/datasets/execution_wm/v0_7/train/G05/mid/ep_00200.npz
201,G05,train,mid,R1,sc09,T3,7185,13.620000000000001,681,schedule_end,12,double|zero,0.6,0.42,f388a8020793c2add24973604f6acc3ada41d54262bbd1d1854ca3649832f9cd,15d96153a69202d18a99a8b0137df9cffb69c8e71a9500d213d5025fd44784a2,<HDD>/datasets/execution_wm/v0_7/train/G05/mid/ep_00201.npz
202,G05,train,mid,R1,sc10,T4,7185,13.6,680,schedule_end,12,double|zero,0.6,0.42,fd2f16cc4d856572cab89839f387881f22f539c0c7521ef04ad47b5ea4dd2f98,ce085e85725359b311de32ea31a3fcaca5039a3b0351848c2b64d13ea0db147a,<HDD>/datasets/execution_wm/v0_7/train/G05/mid/ep_00202.npz
203,G05,train,mid,R1,sc11,T5,7185,13.6,680,schedule_end,12,double|zero,0.6,0.42,17601c74774a3c7070bbbb09745f39f1b273372593c1208fe1c5c96a99d2c364,92ba520d1738dcc17a129fd551feaa755792e2dce24f46eb4c163ad5bbac9d10,<HDD>/datasets/execution_wm/v0_7/train/G05/mid/ep_00203.npz
180,G05,train,nominal,R0,sc00,T0,7185,13.6,680,schedule_end,12,single|zero,1.0,0.7,4739fda2c054c6cca786672e9ebfe18ef7e0cc9848d44f3821d9bcf37ff9acf0,61a18c1810d383507279ddff817c1285dee7b64e34a066eff86feccd3b838930,<HDD>/datasets/execution_wm/v0_7/train/G05/nominal/ep_00180.npz
181,G05,train,nominal,R0,sc01,T1,7185,13.6,680,schedule_end,12,single|zero,1.0,0.7,42c0abbb1be64ac1518518572547a28679463722f31737e43144268e32c1cb31,27dc65ef4c572954b1a5075546ae2b38b186fe07f8807cc5dfb35ec4a7aeb3b5,<HDD>/datasets/execution_wm/v0_7/train/G05/nominal/ep_00181.npz
182,G05,train,nominal,R0,sc02,T2,7185,13.6,680,schedule_end,12,single|zero,1.0,0.7,87394475ab0b3a4a932c7368cd6b37be53a0d37f8ea2bde4de7d21b354ab080f,d6f62932c1c0cedd73fd6bb8b67c43df0c2e36d1545eb0852bf3283a31ac125a,<HDD>/datasets/execution_wm/v0_7/train/G05/nominal/ep_00182.npz
183,G05,train,nominal,R0,sc03,T3,7185,13.620000000000001,681,schedule_end,12,single|zero,1.0,0.7,57985a95a08613bfc12444d0c35d2498735bdfbb9b1c8ff1af8eb90dfc5b41a9,7fda5e06cd71fb5c6b0fd47fbea7d97e73cc764ba6eb834ade6f6618fb2c8eec,<HDD>/datasets/execution_wm/v0_7/train/G05/nominal/ep_00183.npz
184,G05,train,nominal,R0,sc04,T4,7185,13.6,680,schedule_end,12,single|zero,1.0,0.7,6a28c5e862c1b40ebff8d12513edbdd248d87d3dc1db0a71603ac00d7365b52f,ccb1e9d34fe0bb191f400f4f6e8ccc19b9e0929a357d4d93ddac1af1bc7064a1,<HDD>/datasets/execution_wm/v0_7/train/G05/nominal/ep_00184.npz
185,G05,train,nominal,R0,sc05,T5,7185,13.6,680,schedule_end,12,single|zero,1.0,0.7,ef9ec4a0d316e81b3f821e9baa25bfa7105f34c8abd4586a491502e76dc8a545,b610f883794c7c40bd1836a6983e1cf153fea5949fd467a3f9a8761fe1775682,<HDD>/datasets/execution_wm/v0_7/train/G05/nominal/ep_00185.npz
186,G05,train,nominal,R1,sc06,T0,7185,13.6,680,schedule_end,12,double|zero,1.0,0.7,690c5bf5e7fda7d18e576e149d6f937bbe8e48ae90081488b3697be35dd63f28,af0fb3cc9dd2a317505a44c79e04877c0b87414d15bf88da5558fbae71b4bde6,<HDD>/datasets/execution_wm/v0_7/train/G05/nominal/ep_00186.npz
187,G05,train,nominal,R1,sc07,T1,7185,13.6,680,schedule_end,12,double|zero,1.0,0.7,3dfde73bbde1d207e1cb0420daced36d9ca85898ec3233526ef3dcf480655030,7961506f4b958476b59f1439a1ec7d1c52c341ce1e6f7b568bdb4c03c0808dac,<HDD>/datasets/execution_wm/v0_7/train/G05/nominal/ep_00187.npz
188,G05,train,nominal,R1,sc08,T2,7185,13.6,680,schedule_end,12,double|zero,1.0,0.7,d8ff3251125afd4ca71d891a842ffbc6b2cb2e0213feb9124ae86d3d4642ca50,0cc31b3c59c0b26bec5665b78a890252975c9d46e76ce2675e573246199eba90,<HDD>/datasets/execution_wm/v0_7/train/G05/nominal/ep_00188.npz
189,G05,train,nominal,R1,sc09,T3,7185,13.620000000000001,681,schedule_end,12,double|zero,1.0,0.7,47990356c69cdcafa9263914154353a79b25266466452213826a06774bf16c7d,8d7337a6b34840f38ec47f5413a9191b46cb937e0db3ad849b6fd3f33e0c27b0,<HDD>/datasets/execution_wm/v0_7/train/G05/nominal/ep_00189.npz
190,G05,train,nominal,R1,sc10,T4,7185,13.6,680,schedule_end,12,double|zero,1.0,0.7,ee32c2492c0a66ac5d9fd5df33cb18b9ee9dc962555524259ade8a2fe063ea24,434caf54b561bebb36a0b0111716b407c97d2dd24cdf831f6a365e9d0dc744f9,<HDD>/datasets/execution_wm/v0_7/train/G05/nominal/ep_00190.npz
191,G05,train,nominal,R1,sc11,T5,7185,13.6,680,schedule_end,12,double|zero,1.0,0.7,c26d0c0288d9f16692bc93993adf77ab3f855c05654d790bee1cdd3ab30d325f,2ea23faadc6ad41071093738698bce3b9ee9caf5015b2996c2f8a346c58013cc,<HDD>/datasets/execution_wm/v0_7/train/G05/nominal/ep_00191.npz
240,G06,train,low,R0,sc00,T0,7222,13.6,680,schedule_end,12,single|zero,0.3,0.21,b4c6e69b7d5c94f1a2e502b01465640145e384951a615c53c67ca3e63c29a126,697fe87f18f012eea53c1f8ca5c464e4eccdbb3cdd9de89281624937f835105f,<HDD>/datasets/execution_wm/v0_7/train/G06/low/ep_00240.npz
241,G06,train,low,R0,sc01,T1,7222,13.6,680,schedule_end,12,single|zero,0.3,0.21,ffb5450d72089bbb7174cb57690bde8738b702ed8a2dfaba24e00d172fefd78d,4c393e27e3939c39f751ef99225a242b07828a20c3094d5c72c86a80e729ac02,<HDD>/datasets/execution_wm/v0_7/train/G06/low/ep_00241.npz
242,G06,train,low,R0,sc02,T2,7222,13.6,680,schedule_end,12,single|zero,0.3,0.21,96bf746ab4f90627d45e80d0cc772a8cde7817926f49fe412a6e25a4b9b4b493,12d7dfd7243e603a05b57c16511652923cbb4dfeb2ec57ac5f2816a9a85310d4,<HDD>/datasets/execution_wm/v0_7/train/G06/low/ep_00242.npz
243,G06,train,low,R0,sc03,T3,7222,13.620000000000001,681,schedule_end,12,single|zero,0.3,0.21,65ebb0be30d3fa1c5921c9ebabead3861373f5a3b8c0227ad2ce86c3d7b740e9,3972d68737fb967df4bcbcceb1356b7923d5c084493c61dc6ac37afed87aabdc,<HDD>/datasets/execution_wm/v0_7/train/G06/low/ep_00243.npz
244,G06,train,low,R0,sc04,T4,7222,13.6,680,schedule_end,12,single,0.3,0.21,fe5349f36802946b49f496085564981dd2cf97e594ed20f104f2bf408f9c4edc,f5701c9e8abcfe204c4dbbae1abed07a2abf6350be73bfb91d76266000c6e3a7,<HDD>/datasets/execution_wm/v0_7/train/G06/low/ep_00244.npz
245,G06,train,low,R0,sc05,T5,7222,13.6,680,schedule_end,12,single|zero,0.3,0.21,056a62773691766c7605c4f971313ad39ec35cc6f19c537a7733e8df7ed83a0f,7b17a911b8c8c0918df418863fd7eb28d51d0ef067e4233bb8618f3c33fa9007,<HDD>/datasets/execution_wm/v0_7/train/G06/low/ep_00245.npz
246,G06,train,low,R1,sc06,T0,7222,13.6,680,schedule_end,12,double|zero,0.3,0.21,f6b635a3000e8895e6df5bdc187137d55508e6ea0f4630103ac29c378cdef107,26f8f893e5e2badbdb69792869d803e1f58b3640d52aa568c95358874a25d49e,<HDD>/datasets/execution_wm/v0_7/train/G06/low/ep_00246.npz
247,G06,train,low,R1,sc07,T1,7222,13.6,680,schedule_end,12,double|zero,0.3,0.21,71a2f7ba9dbeb4a82c4df4d702e64b11b1022bd89aa37c4bde1eeedeeb603c33,712181427662ab0a11f4a8b93cf1df15a1525d1d1f1a23a3d361e8ec7a4c9565,<HDD>/datasets/execution_wm/v0_7/train/G06/low/ep_00247.npz
248,G06,train,low,R1,sc08,T2,7222,13.6,680,schedule_end,12,double|zero,0.3,0.21,c68d055aa14527b7522a36260e235d4d8252a423d987f8ba1dd7362aa12b228d,955fb189e4e6a292ab6e1bb340dbd04a57e03517f882ebdea2b93467665861a6,<HDD>/datasets/execution_wm/v0_7/train/G06/low/ep_00248.npz
249,G06,train,low,R1,sc09,T3,7222,13.620000000000001,681,schedule_end,12,double|zero,0.3,0.21,717e0990b7a41f6bbfeff4ec2a775ec1fe688e8e27868af13b851764b0adc5e4,a533458c5115cd28d75fe9676fe6ea7ad72b19148c6db48a5d1715e8fe9c1c8b,<HDD>/datasets/execution_wm/v0_7/train/G06/low/ep_00249.npz
250,G06,train,low,R1,sc10,T4,7222,13.6,680,schedule_end,12,double|zero,0.3,0.21,fe58d9d53c1faef8fcd7b12d6c9d967e56bfa3aebcc586341277fbff96308c27,bb411fe2b4be903ec59982ebd8330b651c6b3f51591f235e09023c354ce1c560,<HDD>/datasets/execution_wm/v0_7/train/G06/low/ep_00250.npz
251,G06,train,low,R1,sc11,T5,7222,13.6,680,schedule_end,12,double|zero,0.3,0.21,7be8dfa1d116118f60e1759a46ea02502ea31e98308f35eeab8034e2cd9f00e7,1155a8dfa94d8385b0f7d7a91cb7793180d97ff2ec82d645f0ab02d1da70659c,<HDD>/datasets/execution_wm/v0_7/train/G06/low/ep_00251.npz
228,G06,train,mid,R0,sc00,T0,7222,13.6,680,schedule_end,12,single|zero,0.6,0.42,b53b786590c11ec17c6d117a026b15e57c1ce67b4d3659197ea43112ce485c33,28d511f61a6b2e8b6fec9ffc63d42f321175e36b0236689506b55051af2c185a,<HDD>/datasets/execution_wm/v0_7/train/G06/mid/ep_00228.npz
229,G06,train,mid,R0,sc01,T1,7222,13.6,680,schedule_end,12,single|zero,0.6,0.42,3c715d3f98331045baad9f327d24b2230d7acb5fab476fa19091c33c474747a3,ec473dbe6f57b0bedf65422c9aace7ccd2b66a51157af31d6eb64883e80c448f,<HDD>/datasets/execution_wm/v0_7/train/G06/mid/ep_00229.npz
230,G06,train,mid,R0,sc02,T2,7222,13.6,680,schedule_end,12,single|zero,0.6,0.42,d5daba22931804e1939035a141c407b7b6725f8a083fe171f29dd1e01b519051,db46da077a8252e71223f11f663f2b7dad8db7518622bf7c12e4460d6a28df3b,<HDD>/datasets/execution_wm/v0_7/train/G06/mid/ep_00230.npz
231,G06,train,mid,R0,sc03,T3,7222,13.620000000000001,681,schedule_end,12,single|zero,0.6,0.42,54a5189f0e8d82993c7a8a24039f8ef354ebcc2b65e11f37f00ce51bfe47dd4b,0c6e86e42592e9c3ac165cbbb00f680e74d970de7370da1b8e8cf581fdeb77ae,<HDD>/datasets/execution_wm/v0_7/train/G06/mid/ep_00231.npz
232,G06,train,mid,R0,sc04,T4,7222,13.6,680,schedule_end,12,single,0.6,0.42,8fcddc4c441388923328b501a4b54156053a08edfa00664aa9ece811fe29e1ad,3113438ffdf27c626375f8e154e981521d13caa14a792a5cfb4a72bf7c15e7bb,<HDD>/datasets/execution_wm/v0_7/train/G06/mid/ep_00232.npz
233,G06,train,mid,R0,sc05,T5,7222,13.6,680,schedule_end,12,single|zero,0.6,0.42,2e12d3b81a056cfce1a0b618799798b6c2e212d5ae59411180a7d59a8d240465,62ed0135cb079df0a0cbbc661d2c39fb108ede8fdfbf572268f3184c7e359d7a,<HDD>/datasets/execution_wm/v0_7/train/G06/mid/ep_00233.npz
234,G06,train,mid,R1,sc06,T0,7222,13.6,680,schedule_end,12,double|zero,0.6,0.42,a6686a38912a47779771c313ce5930dd826f4f9afead4319bf8f4fa5b0e7c7f8,f255c958cdb44fadecc088e86fffcc47a71c676e2b9c19df214c27f59f43935e,<HDD>/datasets/execution_wm/v0_7/train/G06/mid/ep_00234.npz
235,G06,train,mid,R1,sc07,T1,7222,13.6,680,schedule_end,12,double|zero,0.6,0.42,458f4d0f578d50a8e4a29a4c9756fd37337d08477bcab1fc548898872e499a00,80a9cee2dc79461400eeb5040f9bfda3e41fb93b94e4b68605160c8fa30efbaa,<HDD>/datasets/execution_wm/v0_7/train/G06/mid/ep_00235.npz
236,G06,train,mid,R1,sc08,T2,7222,13.6,680,schedule_end,12,double|zero,0.6,0.42,4e3f3f7625df3a57028e7dd4eb6ca5dc0a527a7f719fdf3b46dff3f4894a7a96,b331af2bf021edc65f7750ff1451c786a7952597ea8531f4145020750a575de8,<HDD>/datasets/execution_wm/v0_7/train/G06/mid/ep_00236.npz
237,G06,train,mid,R1,sc09,T3,7222,13.620000000000001,681,schedule_end,12,double|zero,0.6,0.42,57d88ed15f0603e3c7b7cb21653b03f3089d87809a7cc84c507d360fa4c8209b,cf2cdfe7a216ec49489e3e19b23f814b667298cbdb99f725abe1e1f8edf1fdfa,<HDD>/datasets/execution_wm/v0_7/train/G06/mid/ep_00237.npz
238,G06,train,mid,R1,sc10,T4,7222,13.6,680,schedule_end,12,double|zero,0.6,0.42,992df886ee2433d73c0f7a715888ed5789da000239035553a130f4d82a6d09ba,1eaa867fad5d312aa89bfbe382426832af51705d917abadefed5cff566ed7bdd,<HDD>/datasets/execution_wm/v0_7/train/G06/mid/ep_00238.npz
239,G06,train,mid,R1,sc11,T5,7222,13.6,680,schedule_end,12,double|zero,0.6,0.42,91817fada4df7c53ce44b0d8aa7a96458632858c58dab6142a7cde8b5c941a57,fb75c6d9b6f86539c9b7f89e70445b16ed7c6b4c54401a8f2d6904360b4691b0,<HDD>/datasets/execution_wm/v0_7/train/G06/mid/ep_00239.npz
216,G06,train,nominal,R0,sc00,T0,7222,13.6,680,schedule_end,12,single|zero,1.0,0.7,01b5096cb9ac98197c7064d62a5fe1395dd94943ce1f22012dc8fb85b4cf7250,473dc08a2c72ccf9a06932364c1152e9f42300de3ea4750e6f76afc3da902de4,<HDD>/datasets/execution_wm/v0_7/train/G06/nominal/ep_00216.npz
217,G06,train,nominal,R0,sc01,T1,7222,13.6,680,schedule_end,12,single|zero,1.0,0.7,88506a0edd29b19ea77b3a0b266372a5cd8099ed1ea100414b3cd2b840794b17,712d3adc8a6848fd9ad99a026ec4cfa45eb7c5a8550898b3579bf54f661752f1,<HDD>/datasets/execution_wm/v0_7/train/G06/nominal/ep_00217.npz
218,G06,train,nominal,R0,sc02,T2,7222,13.6,680,schedule_end,12,single|zero,1.0,0.7,ab68982b12cd010f209dc4f3ead0dbc98e18be036cdd02615948332b5b287f57,895d98fe99dd89c58dfc41ad055de9c6a1094e61abfbaff5fd3783ede6663e6e,<HDD>/datasets/execution_wm/v0_7/train/G06/nominal/ep_00218.npz
219,G06,train,nominal,R0,sc03,T3,7222,13.620000000000001,681,schedule_end,12,single|zero,1.0,0.7,965df6362d8b774c07d7ec6899fca2e57e22eb1e1f266926902bd62dec02e765,28f59278f1b1efdeb44f544f32f9e6454a8368c9ac620812b11cdc55427840b2,<HDD>/datasets/execution_wm/v0_7/train/G06/nominal/ep_00219.npz
220,G06,train,nominal,R0,sc04,T4,7222,13.6,680,schedule_end,12,single,1.0,0.7,2388f6603dbf01e4d52b881089fd6acccb3d6cbb0d31dc5140ef4f46d3af36d8,2e1fa33b7c7c5ffac6607171455f3d830c97cb0508995208be83653722e2745c,<HDD>/datasets/execution_wm/v0_7/train/G06/nominal/ep_00220.npz
221,G06,train,nominal,R0,sc05,T5,7222,13.6,680,schedule_end,12,single|zero,1.0,0.7,c1003da7ff9037ab46197af4c641d1b1ba10350b389e722541a9219a8b874c45,315b19366c8a2a4a5c4c7d5ed44709c29fe3f9353c69c3e43dc9875c495c451d,<HDD>/datasets/execution_wm/v0_7/train/G06/nominal/ep_00221.npz
222,G06,train,nominal,R1,sc06,T0,7222,13.6,680,schedule_end,12,double|zero,1.0,0.7,f627d0614ab373ca728f49db3b3ae8400d947ebb992db9df9e543023e7980406,4db04902662ce7902a426882d86bc497e563af06947432c1d342a5c290a2e1e7,<HDD>/datasets/execution_wm/v0_7/train/G06/nominal/ep_00222.npz
223,G06,train,nominal,R1,sc07,T1,7222,13.6,680,schedule_end,12,double|zero,1.0,0.7,2ec9aa72fccf1ad2fe31995629ba9005a74ab491d0b8966ccf08fe01e1efbfb3,a9e9a945c0a73ce1eb2f27ecf853048e1043c0f70c3e7fabe0171997a216f024,<HDD>/datasets/execution_wm/v0_7/train/G06/nominal/ep_00223.npz
224,G06,train,nominal,R1,sc08,T2,7222,13.6,680,schedule_end,12,double|zero,1.0,0.7,097132a1c06ea1923ebd19ec6077a99c88bbd70743cd7b2fa387f6a88cab588b,97f792f900f9d684ad128d09c7e4945e3f263661d595fbc4369f3a6526a5498e,<HDD>/datasets/execution_wm/v0_7/train/G06/nominal/ep_00224.npz
225,G06,train,nominal,R1,sc09,T3,7222,13.620000000000001,681,schedule_end,12,double|zero,1.0,0.7,4c66b3a7ced02defbbe474a1575bc0839b07adcb19847e0a92c05dbfde91d8ca,9043b69da76c529363f7e9bdeb7a92c1db9b700579f60a09d34e1b0bb363b1b6,<HDD>/datasets/execution_wm/v0_7/train/G06/nominal/ep_00225.npz
226,G06,train,nominal,R1,sc10,T4,7222,13.6,680,schedule_end,12,double|zero,1.0,0.7,08dbb82c385a029ea56d7f8829b2693793088e5c274e427767e98d7888b45b3c,33048d303a081eb36c9066df6212b6ceab8f45c804cc5af67353366b717afcce,<HDD>/datasets/execution_wm/v0_7/train/G06/nominal/ep_00226.npz
227,G06,train,nominal,R1,sc11,T5,7222,13.6,680,schedule_end,12,double|zero,1.0,0.7,c5162757e16a3850c8464221d0fa85bc51a9b372247bcea66e755b07b446275c,d73a0e644dac0491cee5f9f71e5bb63ebfb1fd67d63bbf2bf801b33286b03fdb,<HDD>/datasets/execution_wm/v0_7/train/G06/nominal/ep_00227.npz
276,G07,train,low,R0,sc00,T0,7259,13.6,680,schedule_end,12,single|zero,0.3,0.21,05feb6adbd434affe3020fc03d0588e9b2f02a2326686863559aa410822813a7,9171305e9d101ea0b1071e33ad233050d4bfc672e04e1081c385260e068267b9,<HDD>/datasets/execution_wm/v0_7/train/G07/low/ep_00276.npz
277,G07,train,low,R0,sc01,T1,7259,13.6,680,schedule_end,12,single,0.3,0.21,0b2f40532a564fc8ad6b388343c88db34335051f5d840eb0dad26d265e18215b,7f728554274a67882ad63645f912514ff3a24e81bb2c6ba09e4568b10e0c8be6,<HDD>/datasets/execution_wm/v0_7/train/G07/low/ep_00277.npz
278,G07,train,low,R0,sc02,T2,7259,13.6,680,schedule_end,12,single|zero,0.3,0.21,616da15516b96343cd85d395583fae418433357e08ed7be3b34604fcf99dcb88,7ca95c803dbca427386e028a10f27e636f1a7ce65855c929e552f54a80af9d78,<HDD>/datasets/execution_wm/v0_7/train/G07/low/ep_00278.npz
279,G07,train,low,R0,sc03,T3,7259,13.620000000000001,681,schedule_end,12,single|zero,0.3,0.21,2456d413b92deda896640c5dfeeadb785dc2693bf3f1f293b9dc0720692584d7,4ad19e44b548aef7d93f5908f82c531e4cc74ee6d9e56a259b561ed97976fcc0,<HDD>/datasets/execution_wm/v0_7/train/G07/low/ep_00279.npz
280,G07,train,low,R0,sc04,T4,7259,13.6,680,schedule_end,12,single|zero,0.3,0.21,693e125265d4566d564d09f108608a56754b8411c6e0b72d0cb6a28ab3b6f20b,b1e5ca2f3a4cf43f9163bd6be17485227e8aa96eb502a587762be3c9988505f6,<HDD>/datasets/execution_wm/v0_7/train/G07/low/ep_00280.npz
281,G07,train,low,R0,sc05,T5,7259,13.6,680,schedule_end,12,single|zero,0.3,0.21,c409bc2de99d21afbc7c628361e31feee5cc2a02d370c80f70ec88145213afc7,4865f10623e65e430512c50cb119378c4b742ca0dc9f2dccd159d2282a43e0f8,<HDD>/datasets/execution_wm/v0_7/train/G07/low/ep_00281.npz
282,G07,train,low,R1,sc06,T0,7259,13.6,680,schedule_end,12,double|zero,0.3,0.21,7065a8e97b38a92ef983cc35c612282dccf8e8de96fddedf8b7bf3da3bafadad,7d2bee188ca5d9bd1848b105f947c08be16dc124a0dcc628202c4ad468b039ac,<HDD>/datasets/execution_wm/v0_7/train/G07/low/ep_00282.npz
283,G07,train,low,R1,sc07,T1,7259,13.6,680,schedule_end,12,double|zero,0.3,0.21,65dff7880f52ce208ea27fbe13f3be4a0dbf9838d1c652a82245e3411e956562,e699a6ac1973367ae8e4c40341745a66602af4dc094f07313a015ff122fc0508,<HDD>/datasets/execution_wm/v0_7/train/G07/low/ep_00283.npz
284,G07,train,low,R1,sc08,T2,7259,13.6,680,schedule_end,12,double|zero,0.3,0.21,097a97c62df5cb9295fc658533ca1463f755f38dd97a5c174524e99e8c83cce6,94adab63db97c263337030a8e7db6c43a1f0fa616149f2c736152382ce67b5a2,<HDD>/datasets/execution_wm/v0_7/train/G07/low/ep_00284.npz
285,G07,train,low,R1,sc09,T3,7259,13.620000000000001,681,schedule_end,12,double|zero,0.3,0.21,f15b9dbdaf677c82e285ee0ccacf5eae8ea45e69d520d87a2d88a8df8867783d,37236374592d346f9ca7ee254c30777142357e0955ac6db97ded52161c185c14,<HDD>/datasets/execution_wm/v0_7/train/G07/low/ep_00285.npz
286,G07,train,low,R1,sc10,T4,7259,13.6,680,schedule_end,12,double|zero,0.3,0.21,26509901db34c25b1a092596545f72ab2aac39fac8d01f3d90ec9e86b0c373d7,b80bc9055a210dd3cbc93120d15a3401e184f07eb664a6017725afe67a6774bb,<HDD>/datasets/execution_wm/v0_7/train/G07/low/ep_00286.npz
287,G07,train,low,R1,sc11,T5,7259,13.6,680,schedule_end,12,double|zero,0.3,0.21,121f9611eb530287e0ef28041ff92665f0349cfd0e022e2b28bb630fcbe93703,6d62b85dd5bd7db0c0538796a9432a2d310284152cc9ac25172194a7dc4e1bb6,<HDD>/datasets/execution_wm/v0_7/train/G07/low/ep_00287.npz
264,G07,train,mid,R0,sc00,T0,7259,13.6,680,schedule_end,12,single|zero,0.6,0.42,09a5f086221f52920e0b3c9fd9882e4071196f0453a472985096f80a275142e0,f2799d67fd192f4af79a037ea69a5b1f6612b7c7ad175c8956efb9663821cab5,<HDD>/datasets/execution_wm/v0_7/train/G07/mid/ep_00264.npz
265,G07,train,mid,R0,sc01,T1,7259,13.6,680,schedule_end,12,single,0.6,0.42,7a5ac226926acdf3c3b0bd622a8ab98329f55950d68c907c274a41220dbbc226,fb6c3a540da0fc797e9995b254b2f63781312a07336a1cc6afb9d43a3ecd733b,<HDD>/datasets/execution_wm/v0_7/train/G07/mid/ep_00265.npz
266,G07,train,mid,R0,sc02,T2,7259,13.6,680,schedule_end,12,single|zero,0.6,0.42,4079b2c26701fa6a47b7340be2c02c7c8376489346f4931c580eee85f2977905,1f320ec0b6018aa68d3e082b07f272a5e5839b000c94c979f6e5dc96aa6347de,<HDD>/datasets/execution_wm/v0_7/train/G07/mid/ep_00266.npz
267,G07,train,mid,R0,sc03,T3,7259,13.620000000000001,681,schedule_end,12,single|zero,0.6,0.42,5770f0df3810a0a9303e5855d7a7570a9304e2266673490d26545fd48f66d68d,c1fac66319aabecc7b25fffb3db21af4a47375329717c6841aa67783d6c5d25b,<HDD>/datasets/execution_wm/v0_7/train/G07/mid/ep_00267.npz
268,G07,train,mid,R0,sc04,T4,7259,13.6,680,schedule_end,12,single|zero,0.6,0.42,ab39f18e128068aa038517ef1023042f3a7c3afa03b5f9641e70670c4996ca71,45431d72e7b46fa9811edff478fe67cbd0792ac7f7f223abb29a255491e515c0,<HDD>/datasets/execution_wm/v0_7/train/G07/mid/ep_00268.npz
269,G07,train,mid,R0,sc05,T5,7259,13.6,680,schedule_end,12,single|zero,0.6,0.42,090bcdd95f7a91dd722533b5df90e823926bda5ee638da8221ed60364918482c,5c1dcadf20b8dc56f38f9638a79b51dab4165836aa38bb664cdc5feaa89ec968,<HDD>/datasets/execution_wm/v0_7/train/G07/mid/ep_00269.npz
270,G07,train,mid,R1,sc06,T0,7259,13.6,680,schedule_end,12,double|zero,0.6,0.42,0c193149c74ba5c15d3c6e5fb021281e63446efb9aab04a66c5ebfe9b82c6148,6be8a7713cb69da97cd84917b4754ef930be89038c0d3e056eb1623bec96ca4f,<HDD>/datasets/execution_wm/v0_7/train/G07/mid/ep_00270.npz
271,G07,train,mid,R1,sc07,T1,7259,13.6,680,schedule_end,12,double|zero,0.6,0.42,c6db324f8291c51ea64f120f9736f0be593b2d510e43f5f10049d9d215d53fb0,bb67a34d88bb916326d898bdb480be15e584a988d65dec5c339afe6f8c21a026,<HDD>/datasets/execution_wm/v0_7/train/G07/mid/ep_00271.npz
272,G07,train,mid,R1,sc08,T2,7259,13.6,680,schedule_end,12,double|zero,0.6,0.42,1cdb455086aa9c4c4e7aab05474534f6ca6c088bc576d6eb797b71ed39138898,a08670304055205771c99f18e52f2a6647dfdf752bb956e2baf0138e161c6e9d,<HDD>/datasets/execution_wm/v0_7/train/G07/mid/ep_00272.npz
273,G07,train,mid,R1,sc09,T3,7259,13.620000000000001,681,schedule_end,12,double|zero,0.6,0.42,848135856b214bba24f3dd1142607d3a2bc822d73947e07aa7214244ec972efc,541fa76999afd98c5b17155d969a5d1e300de66eb7b99e15a67d24c98bf959f9,<HDD>/datasets/execution_wm/v0_7/train/G07/mid/ep_00273.npz
274,G07,train,mid,R1,sc10,T4,7259,13.6,680,schedule_end,12,double|zero,0.6,0.42,edbbfa17119e8c8e1c1e18dae6a635ea61e8b1d2197bd0df6a92e860e0d32090,c53d066c8e835cfcc2ffe1aa0150488d09bcccec0a68ec3b396071343b456ceb,<HDD>/datasets/execution_wm/v0_7/train/G07/mid/ep_00274.npz
275,G07,train,mid,R1,sc11,T5,7259,13.6,680,schedule_end,12,double|zero,0.6,0.42,6e964a32722e4b6c57d326faa4bca9d9a5c96a53f3dca24de586951a2b07327d,edea2b11dc8e07f71473a8330a3ecc8d17b9d25e86584a074f990f51f529e512,<HDD>/datasets/execution_wm/v0_7/train/G07/mid/ep_00275.npz
252,G07,train,nominal,R0,sc00,T0,7259,13.6,680,schedule_end,12,single|zero,1.0,0.7,2a3972ce02618ab57b17e91e6a456d60746a6e083e724a84fecbcdd48b5d46b6,6c8e370802622260b6649b4179765cda8830d997963a1aa251fca4fc1b596ca3,<HDD>/datasets/execution_wm/v0_7/train/G07/nominal/ep_00252.npz
253,G07,train,nominal,R0,sc01,T1,7259,13.6,680,schedule_end,12,single,1.0,0.7,ba5d3dd126e227e8e530bda5e4f7bd1d525b82f4800cf739dd10d98b3c040f72,fe24b802540aa7aa676eef3f7e1e0f1f7af0ee8529a6e17994067070a294e693,<HDD>/datasets/execution_wm/v0_7/train/G07/nominal/ep_00253.npz
254,G07,train,nominal,R0,sc02,T2,7259,13.6,680,schedule_end,12,single|zero,1.0,0.7,09f77798b0c673190445b072863ed41284052b4d624b933b716bb36d955d0cbf,fdc118094cd23933a79fe275b587a86b7019765932978a591c66764cda1bdd6b,<HDD>/datasets/execution_wm/v0_7/train/G07/nominal/ep_00254.npz
255,G07,train,nominal,R0,sc03,T3,7259,13.620000000000001,681,schedule_end,12,single|zero,1.0,0.7,e576e453ce1b5e3c6a6968757821d5285a96d418d91b5d27f3c4d28d04201d84,184d3abd5ca8d30fcc2cb869a176c441dbca84799508a635627bc15dec9ffa7e,<HDD>/datasets/execution_wm/v0_7/train/G07/nominal/ep_00255.npz
256,G07,train,nominal,R0,sc04,T4,7259,13.6,680,schedule_end,12,single|zero,1.0,0.7,943d89a28b960109a2a214dd86dfc777c614b9eb557a4cf60fa94d068333fdce,fea6f45f9f311c402d9ec51158448d3afadef20b7969cd9c9e2122ceb468651d,<HDD>/datasets/execution_wm/v0_7/train/G07/nominal/ep_00256.npz
257,G07,train,nominal,R0,sc05,T5,7259,13.6,680,schedule_end,12,single|zero,1.0,0.7,d0f70628580b4f64f6801c11cdc5223970469dce98b8e787eb372246ed928ef2,d79dfc71c1abe9baa9613c2f32ccf99cde17695b0ea989a33bae6509ebc10de7,<HDD>/datasets/execution_wm/v0_7/train/G07/nominal/ep_00257.npz
258,G07,train,nominal,R1,sc06,T0,7259,13.6,680,schedule_end,12,double|zero,1.0,0.7,00985672b58ff74d25abd969d516d3fff267394d37c1e744086857f2426a5f21,bbaf42a40fed88032116ff656008e1076c677fef72776ed4385afeb0e31e357b,<HDD>/datasets/execution_wm/v0_7/train/G07/nominal/ep_00258.npz
259,G07,train,nominal,R1,sc07,T1,7259,13.6,680,schedule_end,12,double|zero,1.0,0.7,ff36fbcf2e7e67c53f74a78eb657a638c53dfe5f31e9c4908ac14b7d4f545f30,79927feafb7d380aebbd032f3b76a715a9bb4343c9710d66c191144cbf0b672f,<HDD>/datasets/execution_wm/v0_7/train/G07/nominal/ep_00259.npz
260,G07,train,nominal,R1,sc08,T2,7259,13.6,680,schedule_end,12,double|zero,1.0,0.7,4a92bf758c5608da8890836b8b50e534adb3005f39cd13bdc44db2f25945d845,d95e6e1192d686b3475f5b8d6d8e360d0cd9dad61a0f8e8070e302a564cbb61a,<HDD>/datasets/execution_wm/v0_7/train/G07/nominal/ep_00260.npz
261,G07,train,nominal,R1,sc09,T3,7259,13.620000000000001,681,schedule_end,12,double|zero,1.0,0.7,5b2bb3c6789d87f08a80e3955bae2b3edc61c635ffab581b5072adb458a214e6,02935da0c22b474657b3b0c0182a65a99956b0c75f1072bd81431e5d96d0cd87,<HDD>/datasets/execution_wm/v0_7/train/G07/nominal/ep_00261.npz
262,G07,train,nominal,R1,sc10,T4,7259,13.6,680,schedule_end,12,double|zero,1.0,0.7,bdca1ae55a103be9bc72f3de6b9b13628e4bad0ecad70f68df6b62d03a34a736,699881a843ddf12ce1edf6a121b5d4a84d00e335e2c2e72fcc8f7b99156249a4,<HDD>/datasets/execution_wm/v0_7/train/G07/nominal/ep_00262.npz
263,G07,train,nominal,R1,sc11,T5,7259,13.6,680,schedule_end,12,double|zero,1.0,0.7,42eebf038a3e1ca5afb5466aa10f759af6642309e7dd3a64f8c77a336178e93c,28f7bba6d0fc9e21f02b6e375fed7b641336e3994ef7ccecd1012b059290421c,<HDD>/datasets/execution_wm/v0_7/train/G07/nominal/ep_00263.npz
312,G08,train,low,R0,sc00,T0,7296,13.6,680,schedule_end,12,single|zero,0.3,0.21,1f158c855648b7254a2b5624b69a8dd41de64cb09bfe9f64277f53f7225037f3,7e06cf5214c8ce44c8f3671133ecdaa0866a08a44f8aa74a0336a077a1e5af7e,<HDD>/datasets/execution_wm/v0_7/train/G08/low/ep_00312.npz
313,G08,train,low,R0,sc01,T1,7296,13.6,680,schedule_end,12,single,0.3,0.21,79ef962efed8812ef43bbe18fa6e8c76754a9b50fb5719a556a378c44553068b,44a873a399d2d2a67c0db4dac042109643e1c6cdeb3bd93b49b68f95420ae33b,<HDD>/datasets/execution_wm/v0_7/train/G08/low/ep_00313.npz
314,G08,train,low,R0,sc02,T2,7296,13.6,680,schedule_end,12,single|zero,0.3,0.21,1f6239df144c0098cc8066691de568a8976e9a3a7be8b225bdea869a53950a80,9842881c3bb266f351063171da2d4d8f0d9e32022a1c0333d7f3bbd65b9e4b6d,<HDD>/datasets/execution_wm/v0_7/train/G08/low/ep_00314.npz
315,G08,train,low,R0,sc03,T3,7296,13.620000000000001,681,schedule_end,12,single|zero,0.3,0.21,173ff5b89edf2f286c456d0f14f1fc019ea22b188b14ce05470bf0ad61136b36,b96cd7c9fb420a88603c11b9805d86e66b3079edad445682fc9f18b2dea5fbe2,<HDD>/datasets/execution_wm/v0_7/train/G08/low/ep_00315.npz
316,G08,train,low,R0,sc04,T4,7296,13.6,680,schedule_end,12,single|zero,0.3,0.21,477ae97b5ddd4366e6b72201c7b8ec7bc5cedafe60844107f8c0c1272d894ced,022da4777b53beab0ba2e81e576b2ae03c4fd561dbb0cfa7bdae5082a76518bd,<HDD>/datasets/execution_wm/v0_7/train/G08/low/ep_00316.npz
317,G08,train,low,R0,sc05,T5,7296,13.6,680,schedule_end,12,single|zero,0.3,0.21,186f5b1751857751bafed5ab96d7ccbc0f31dc169500e4c63935a4f91f71c599,0926ddcef831f804368401146f6a3b767da7e03d06ca19448e4b49849b6440ab,<HDD>/datasets/execution_wm/v0_7/train/G08/low/ep_00317.npz
318,G08,train,low,R1,sc06,T0,7296,13.6,680,schedule_end,12,double|zero,0.3,0.21,ee07b085920a44dc7c6ea3a19b7f573fc775e09a13c230b51dfaa412049416fc,344ba9230fd2756a2b2acf9aaa95d90579ce2b4bdf1c55f1bc71e9ddbf5c8dfa,<HDD>/datasets/execution_wm/v0_7/train/G08/low/ep_00318.npz
319,G08,train,low,R1,sc07,T1,7296,13.6,680,schedule_end,12,double|zero,0.3,0.21,e3118084f2dd46ee9f1cb48eb3c73393fcb418c1bf5d556e2e02b0a032598b1e,37584689096a8231be9078b53d78e69e231696c50736563cf1c5cf9afa9fa70c,<HDD>/datasets/execution_wm/v0_7/train/G08/low/ep_00319.npz
320,G08,train,low,R1,sc08,T2,7296,13.6,680,schedule_end,12,double|zero,0.3,0.21,d7115a21fb480dab6cb84d324705470671613c3b0048d135a94cbe3d7218fbf8,b33a2fcacbef4339f5115defee08dd8cd3c2b9d474dda04e862c5ec0d657e7b8,<HDD>/datasets/execution_wm/v0_7/train/G08/low/ep_00320.npz
321,G08,train,low,R1,sc09,T3,7296,13.620000000000001,681,schedule_end,12,double|zero,0.3,0.21,eb1cb4c8d0a6e124f411b8892e97fe21355a06fb6444774acccdc26d3bc293d2,319eaf32bbe6c9c2722e398141db68ba792d365d31e57c8ba2f9080f590bc977,<HDD>/datasets/execution_wm/v0_7/train/G08/low/ep_00321.npz
322,G08,train,low,R1,sc10,T4,7296,13.6,680,schedule_end,12,double|zero,0.3,0.21,563a3055d8032426e8d0dc7561b47365c10fc83326c05c73ccadaf521b8fa014,16989838e7a57c7df19d9092d5987920166b038826a95c2c585822407a9d4c51,<HDD>/datasets/execution_wm/v0_7/train/G08/low/ep_00322.npz
323,G08,train,low,R1,sc11,T5,7296,13.6,680,schedule_end,12,double|zero,0.3,0.21,4c6fad17803488dcf85c0d726e144e64db6fab8bf2af13b0893bbb0ca1bfa3fe,2957dbab28dbb3891e6bd501256685f4eb0f7d338ef0ffd485a395d9e087feb6,<HDD>/datasets/execution_wm/v0_7/train/G08/low/ep_00323.npz
300,G08,train,mid,R0,sc00,T0,7296,13.6,680,schedule_end,12,single|zero,0.6,0.42,c15ccdf095819cf9602c30db4fbbaf0e615a3de8043a3df9e47d5fdeca37152c,dd4ee7343ac0e030641a36b9878093b6b16c91a6d964a59d4c886b005118aea8,<HDD>/datasets/execution_wm/v0_7/train/G08/mid/ep_00300.npz
301,G08,train,mid,R0,sc01,T1,7296,13.6,680,schedule_end,12,single,0.6,0.42,3934192fc09de3ac2d89ae1fa9d70f8711c84e6131982a50dfa2837918940dd1,dba08b5e35711e18a5cf54ef688ae510e9bce5380087240006f1f4e038fe137b,<HDD>/datasets/execution_wm/v0_7/train/G08/mid/ep_00301.npz
302,G08,train,mid,R0,sc02,T2,7296,13.6,680,schedule_end,12,single|zero,0.6,0.42,2f52ba5141c19857b128a8ac90443a57473a4c6533725dda86caf338200a00cc,c485ae09807823c4c8c26d569d5b633805fc9a092b2ae1416b8508e8afcb7ae1,<HDD>/datasets/execution_wm/v0_7/train/G08/mid/ep_00302.npz
303,G08,train,mid,R0,sc03,T3,7296,13.620000000000001,681,schedule_end,12,single|zero,0.6,0.42,18b8b721d351e90e15b334a83eb5b9e07023b2882f7daddcec31ad8eb098dc46,4c86d73b30fcfacad811c5115378a60261fe741d8a7b5d05eedc6590b34031a2,<HDD>/datasets/execution_wm/v0_7/train/G08/mid/ep_00303.npz
304,G08,train,mid,R0,sc04,T4,7296,13.6,680,schedule_end,12,single|zero,0.6,0.42,d686949ba46d29a86959c67956ca4f8994e4b2acc04db266bb575a2a1a6aea91,39f692df63b3c9b01dec37f70aaccb84b0d1acd4ee18f23bd58680caf4254045,<HDD>/datasets/execution_wm/v0_7/train/G08/mid/ep_00304.npz
305,G08,train,mid,R0,sc05,T5,7296,13.6,680,schedule_end,12,single|zero,0.6,0.42,493d5cd625e57ef545d6065666d9600893f5684a5f0bcd84670b9987ba016ec2,5784402bd2f054681f44ba5543cba074205138568ab66ccdcaba7713b24c41de,<HDD>/datasets/execution_wm/v0_7/train/G08/mid/ep_00305.npz
306,G08,train,mid,R1,sc06,T0,7296,13.6,680,schedule_end,12,double|zero,0.6,0.42,801c8b94b4136e8944a9623bec13b34fa5bdfbc2f8031d76d40af84ae41b742a,74ed886825f3b06c3d3626b65713849d18a3c090105a9b1fcb865f6d0d55af50,<HDD>/datasets/execution_wm/v0_7/train/G08/mid/ep_00306.npz
307,G08,train,mid,R1,sc07,T1,7296,13.6,680,schedule_end,12,double|zero,0.6,0.42,8feb719f3bc62b3e4cb724f420c9d03bdbbbf3248fcac98cf277d7e27625c1c7,b6dcd8e2c6496be34185000966fb081b21f63ee31a90381229201b079bce823a,<HDD>/datasets/execution_wm/v0_7/train/G08/mid/ep_00307.npz
308,G08,train,mid,R1,sc08,T2,7296,13.6,680,schedule_end,12,double|zero,0.6,0.42,fe7b05b7affd006a8b7d16c54d084628b1cae03ae14daf24ff97211819e1d7f7,12607ba07e289d63aa8c0e4ced9d3bf36bc987046c473ee924021ea0bcef4f35,<HDD>/datasets/execution_wm/v0_7/train/G08/mid/ep_00308.npz
309,G08,train,mid,R1,sc09,T3,7296,13.620000000000001,681,schedule_end,12,double|zero,0.6,0.42,ae2ea42cef0f2630f5fa27fd10861437a7eca53b12e482ed5ba5a34a6de91fa1,1c915b5fad0836b37bb4ad8194051a1d7d90fd87623323f08e6fde770f6aacf6,<HDD>/datasets/execution_wm/v0_7/train/G08/mid/ep_00309.npz
310,G08,train,mid,R1,sc10,T4,7296,13.6,680,schedule_end,12,double|zero,0.6,0.42,ca4998a959a623332951c80ea2e68b5229fb0b11bd923b92760c8e2576fa1116,222870d93906998c31abbb8bd96a1c243d997091785e3ddb97acff3f0eaf57b0,<HDD>/datasets/execution_wm/v0_7/train/G08/mid/ep_00310.npz
311,G08,train,mid,R1,sc11,T5,7296,13.6,680,schedule_end,12,double|zero,0.6,0.42,9de70bf19f361e09ceb55561d2331a4ec322c38e26070de4749fe343c5663a62,bc10025f935e2766e1fdf023cc0bdd03cbd2c8e4042054e4a373ddc19873f7da,<HDD>/datasets/execution_wm/v0_7/train/G08/mid/ep_00311.npz
288,G08,train,nominal,R0,sc00,T0,7296,13.6,680,schedule_end,12,single|zero,1.0,0.7,ad3c9eb61dcc410347b8461649b39f31a9684b66d85aaae8b0fe3fd543b0fe6b,a76dd4269dc8a8de768101ea37a261a47060764c7fd431b76f493b8ba36008a0,<HDD>/datasets/execution_wm/v0_7/train/G08/nominal/ep_00288.npz
289,G08,train,nominal,R0,sc01,T1,7296,13.6,680,schedule_end,12,single,1.0,0.7,d4188c80dce375d571597227a5b61c58e9e36770cb3b73fac360ee979f5872ce,fc00d296cbb8a47b1145ad1d6914f435ec0f296b94d4cb672ab21a749cc101f0,<HDD>/datasets/execution_wm/v0_7/train/G08/nominal/ep_00289.npz
290,G08,train,nominal,R0,sc02,T2,7296,13.6,680,schedule_end,12,single|zero,1.0,0.7,617151e41270f7cdf053284d13041b95de6e386ad5957bea1a6c9d512a883939,e2a9c09b7802e89467f8bb25a7e6936f99edf6a0083118dc9d01550c64dab80e,<HDD>/datasets/execution_wm/v0_7/train/G08/nominal/ep_00290.npz
291,G08,train,nominal,R0,sc03,T3,7296,13.620000000000001,681,schedule_end,12,single|zero,1.0,0.7,538aa4d92eb8b9e3a154090fb245e993ea68ae401b6d3e58c057ddb7043b8b1b,ab2c804fe5f7ea22b2535d759bff07a622b41aa78c00c193e8f8369fbb439f8e,<HDD>/datasets/execution_wm/v0_7/train/G08/nominal/ep_00291.npz
292,G08,train,nominal,R0,sc04,T4,7296,13.6,680,schedule_end,12,single|zero,1.0,0.7,2e3e62831b009dd3fa91cf3763fa190d9996d820e6a12cfb3ab4684f76c75328,d95cfd6c5299b27485cd61d839e60123aef147cc88d88fcfad95f00c2b122a03,<HDD>/datasets/execution_wm/v0_7/train/G08/nominal/ep_00292.npz
293,G08,train,nominal,R0,sc05,T5,7296,13.6,680,schedule_end,12,single|zero,1.0,0.7,b1bd7e5f56eae883bd2d3b75995c4eb990f622fbcd1d320dad9bd016b440999e,da2138c4f81ac87faa921bc30028add150e55de86d71bdd182590a5b3388d6de,<HDD>/datasets/execution_wm/v0_7/train/G08/nominal/ep_00293.npz
294,G08,train,nominal,R1,sc06,T0,7296,13.6,680,schedule_end,12,double|zero,1.0,0.7,12dbdff86bde38337bba29b71d1fad4f36339835ff8aa9e1e00e6aaba5142912,3516b4a374b64ff851e06cec135f0e21176497c9cbcb09290a6de8cf5bb9013f,<HDD>/datasets/execution_wm/v0_7/train/G08/nominal/ep_00294.npz
295,G08,train,nominal,R1,sc07,T1,7296,13.6,680,schedule_end,12,double|zero,1.0,0.7,9355db70d6f2ef2b506b62afeabe93eae0027b78282cf460f8805101f8c68a6b,aaf3202edee5e0b10156700d54ce9549635a2b5d8749d0365441a2095b64f3ee,<HDD>/datasets/execution_wm/v0_7/train/G08/nominal/ep_00295.npz
296,G08,train,nominal,R1,sc08,T2,7296,13.6,680,schedule_end,12,double|zero,1.0,0.7,1ea3bc0e22a76dc2a2710c5f7a66156e06dcbfdc64f898ce29f0aac7d0affc7c,8829fa7f8c9d4bbf63cdb8e7999d038ad0fc9b57d036def7553fb9785c42e237,<HDD>/datasets/execution_wm/v0_7/train/G08/nominal/ep_00296.npz
297,G08,train,nominal,R1,sc09,T3,7296,13.620000000000001,681,schedule_end,12,double|zero,1.0,0.7,caa3b800c5786ed1828d61faecd3a157010870917158bd4aa8fc96c799558284,a08f49baa0006595d33ed11b7683d7e5ee0ebb807ac3751e49f4759b85652ca5,<HDD>/datasets/execution_wm/v0_7/train/G08/nominal/ep_00297.npz
298,G08,train,nominal,R1,sc10,T4,7296,13.6,680,schedule_end,12,double|zero,1.0,0.7,dd75c190359d4dcc22d3b8a56872ef4d214a448ff90dd74b00dda942b8d8bfa0,05b78d719d64346e636ca6918a0d571c7d1d51119a71f08b207dbf1e8ef4eebd,<HDD>/datasets/execution_wm/v0_7/train/G08/nominal/ep_00298.npz
299,G08,train,nominal,R1,sc11,T5,7296,13.6,680,schedule_end,12,double|zero,1.0,0.7,569d473594d704b12b8680d954c63155531f7bac91b2d400dcc74d667b77ecf9,10ab6d171fb07f84f44607346e71ae00dbe44255f5f7879789f6e617bca00d52,<HDD>/datasets/execution_wm/v0_7/train/G08/nominal/ep_00299.npz
348,G09,train,low,R0,sc00,T0,7333,13.6,680,schedule_end,12,single|zero,0.3,0.21,65fa402ba695d1479de1479ce540986e9a739c787fb5d2a237f1d9fe7b6eefe9,5eefa1f7b2dd9871f8c98c35377be4c481bfd04cb2e7471edface433fb567a58,<HDD>/datasets/execution_wm/v0_7/train/G09/low/ep_00348.npz
349,G09,train,low,R0,sc01,T1,7333,13.6,680,schedule_end,12,single|zero,0.3,0.21,d18e11c6f0483fb5bf432cfa93fefa4d97bf48a1f4476cd9ef9f2c96f7342873,b353d0f1404a711b79fcae553200a7c3b04c261a4f97bbd97ce85af2837296c9,<HDD>/datasets/execution_wm/v0_7/train/G09/low/ep_00349.npz
350,G09,train,low,R0,sc02,T2,7333,13.6,680,schedule_end,12,single|zero,0.3,0.21,acd4a0da3d0bc3378d526ee8950c8625a27cdfa2b437d5da650eec155fcfd33c,577d2d837eb0ecebffc2cbc855a1f3a4ae69128f06f3d4b2dd594e0531a2c623,<HDD>/datasets/execution_wm/v0_7/train/G09/low/ep_00350.npz
351,G09,train,low,R0,sc03,T3,7333,13.620000000000001,681,schedule_end,12,single|zero,0.3,0.21,fa21b99727a4fa04d7d79c44105659d04c6c843d716a862eaedad6602a9a55cc,7ec2de7fd82d09fd93ae815ed2449c95d322c4dc249db85013d7178c753ff23b,<HDD>/datasets/execution_wm/v0_7/train/G09/low/ep_00351.npz
352,G09,train,low,R0,sc04,T4,7333,13.6,680,schedule_end,12,single|zero,0.3,0.21,dc82a0a14f2c04e6e382c43b24dd4cfc47685fcaca782c3004f3d87dd42e4f44,7b3fab1f90517e34b34f1a8f00e186fe481d7c205ac699c31b2c58f15514bcd7,<HDD>/datasets/execution_wm/v0_7/train/G09/low/ep_00352.npz
353,G09,train,low,R0,sc05,T5,7333,13.6,680,schedule_end,12,single|zero,0.3,0.21,43a0d766cb5eec80217da1a23474a047571a32da53b58bee54cf414419999c1e,91007425806eab5b995fce5f98599cdea240e320424b517412a6a77baa7b7d76,<HDD>/datasets/execution_wm/v0_7/train/G09/low/ep_00353.npz
354,G09,train,low,R1,sc06,T0,7333,13.6,680,schedule_end,12,double|zero,0.3,0.21,bdbd7a3413afeb7fa84452921b070274b82a8246b96258a798ae8ac28c1802b6,c0feca76d29479cbbb66c98e082c16bf0db6ab553ad69b26d581020021d9807a,<HDD>/datasets/execution_wm/v0_7/train/G09/low/ep_00354.npz
355,G09,train,low,R1,sc07,T1,7333,13.6,680,schedule_end,12,double|zero,0.3,0.21,3c527f65d137c03b436b980039e736557f9f474a1fe25232ca4282020f277737,0dc7810420cd078dc30348923c93e6c5e23491d9d0078b4662356fbe212014ab,<HDD>/datasets/execution_wm/v0_7/train/G09/low/ep_00355.npz
356,G09,train,low,R1,sc08,T2,7333,13.6,680,schedule_end,12,double|zero,0.3,0.21,56f9d354183b7c5d932f553b0792913f28e5e44cb5293e56b5e42195d9f09208,e883997d464d3bb2a5a78978882b9994491f7428414442277ae13afbb1aa7359,<HDD>/datasets/execution_wm/v0_7/train/G09/low/ep_00356.npz
357,G09,train,low,R1,sc09,T3,7333,13.620000000000001,681,schedule_end,12,double|zero,0.3,0.21,8282f6d1d5b9d0704a3b95419d8025dc2c106e7665302aca8c2dfd4b87e1f9c0,e44acd2a458260b360489b13f69bbc58525a9ab1bfee46cfe79f3ef886367a0e,<HDD>/datasets/execution_wm/v0_7/train/G09/low/ep_00357.npz
358,G09,train,low,R1,sc10,T4,7333,13.6,680,schedule_end,12,double|zero,0.3,0.21,7d6cbf6995463714937c0ee3970f60e62bc52b30209ab7da32e27fae03387262,0907af8497501d54c49cbfd988b5a017696e0846fcb0bc39d979316402909013,<HDD>/datasets/execution_wm/v0_7/train/G09/low/ep_00358.npz
359,G09,train,low,R1,sc11,T5,7333,13.6,680,schedule_end,12,double|zero,0.3,0.21,1b49d16300a05f06e97a75df8efc0cedd9b53c3b82c557ceba1bb90c8f696526,06e13010fc1d818fd62bae4b79e6ba4ba647aa888b626f37b75e0e946ceccd21,<HDD>/datasets/execution_wm/v0_7/train/G09/low/ep_00359.npz
336,G09,train,mid,R0,sc00,T0,7333,13.6,680,schedule_end,12,single|zero,0.6,0.42,8bdb97a12e948cc81d0889b236abcdc686c3525f19b0fb5bc362ff1eaf848e83,49aa3ba90fc5273059578b763e41f61a38ce520b24d067914ad07db7714f01ce,<HDD>/datasets/execution_wm/v0_7/train/G09/mid/ep_00336.npz
337,G09,train,mid,R0,sc01,T1,7333,13.6,680,schedule_end,12,single|zero,0.6,0.42,de44081be40f73ae940ca9a217bd67caabdff22330bb8aa43d4642d2286b1e97,9fc1d0c3575447e94035ff4ab8bf968c3a922476db2c9c5d4a1646e16b63dc85,<HDD>/datasets/execution_wm/v0_7/train/G09/mid/ep_00337.npz
338,G09,train,mid,R0,sc02,T2,7333,13.6,680,schedule_end,12,single|zero,0.6,0.42,8a2c2d637ec9fafbde44ccf1160c1321d5a1c12edd7838ba52ef4d9a65e985f8,8d0e4292189e8b346f62b641b261a3bed5771b70dc0fab68911371ccc7f51eba,<HDD>/datasets/execution_wm/v0_7/train/G09/mid/ep_00338.npz
339,G09,train,mid,R0,sc03,T3,7333,13.620000000000001,681,schedule_end,12,single|zero,0.6,0.42,cea7a8a314ea2d8739a09170777f75c0147151e68cadfca7409a444b85aaf7af,abe81be57393d6748a84dfb30a5525b8df578243f858308fbd00cf512c6405a8,<HDD>/datasets/execution_wm/v0_7/train/G09/mid/ep_00339.npz
340,G09,train,mid,R0,sc04,T4,7333,13.6,680,schedule_end,12,single|zero,0.6,0.42,3fb0dd1864e4a1920c1629c17599d4c1b008333e216a04cf3718d00cae4e5b9d,469d957eed97ac762da70284032ccb607ee274c8f68a155868801d5bb21164ce,<HDD>/datasets/execution_wm/v0_7/train/G09/mid/ep_00340.npz
341,G09,train,mid,R0,sc05,T5,7333,13.6,680,schedule_end,12,single|zero,0.6,0.42,8367eaed0be3fff8539e0640deb7e6c9c9a63f9d4bed5a46149f90b8cb664416,d197a8c30d286bb44b844248d683258945b325acd16edf978e851c481c2fcafd,<HDD>/datasets/execution_wm/v0_7/train/G09/mid/ep_00341.npz
342,G09,train,mid,R1,sc06,T0,7333,13.6,680,schedule_end,12,double|zero,0.6,0.42,74c817dfc210e5c392c4aee4602736a649a637d916eb85745f1c978283d629ef,82719686f13b1fab83a5e12fddf2f60dc4f485486ad457926e9d919929970666,<HDD>/datasets/execution_wm/v0_7/train/G09/mid/ep_00342.npz
343,G09,train,mid,R1,sc07,T1,7333,13.6,680,schedule_end,12,double|zero,0.6,0.42,cc981b7a896fb7e8a0c1d97009b5ac3ce90fc07363aea031dd07dd2bbb0c1f6e,78c251deb8ac537b80acdec8f923b7fb0240071224bbb79c399f611bee0c04b4,<HDD>/datasets/execution_wm/v0_7/train/G09/mid/ep_00343.npz
344,G09,train,mid,R1,sc08,T2,7333,13.6,680,schedule_end,12,double|zero,0.6,0.42,fd083b1c245f710b5ba0d0945ec5999917542d4d4f8c244c3ba837d92575db1e,02207bfde4cfd31feea222e553a70c911d78809e89adf28f83a370e78bab0887,<HDD>/datasets/execution_wm/v0_7/train/G09/mid/ep_00344.npz
345,G09,train,mid,R1,sc09,T3,7333,13.620000000000001,681,schedule_end,12,double|zero,0.6,0.42,810b02c04da3efa34bc69343eb7ace44f1b233ecc4d8539bff85beda4ebf989e,d46acc611a1cc02af6a386d2d8618f369975c20987509427f432f30914d1da5f,<HDD>/datasets/execution_wm/v0_7/train/G09/mid/ep_00345.npz
346,G09,train,mid,R1,sc10,T4,7333,13.6,680,schedule_end,12,double|zero,0.6,0.42,2f3ffd113ef37fc7d78af14f38a37637a935c77c0ac39883dc7a84373484e7c6,1f7c37c75753d9865709c55ddc627b1c5f2ff97a5b64e6673a62c91cd658d8be,<HDD>/datasets/execution_wm/v0_7/train/G09/mid/ep_00346.npz
347,G09,train,mid,R1,sc11,T5,7333,13.6,680,schedule_end,12,double|zero,0.6,0.42,6e1bb15deaff2765d523b2e2d0bdd21c35d89593dba0ff21452278e755936f65,135cc50c68fae831e127b373a6f2b6836c16632cc3548f6b48e0efed42d386ea,<HDD>/datasets/execution_wm/v0_7/train/G09/mid/ep_00347.npz
324,G09,train,nominal,R0,sc00,T0,7333,13.6,680,schedule_end,12,single|zero,1.0,0.7,f1080cee011a65927d3d7592f22fb6f7c6e224198e56f88ca316b31b7caf9dc2,d6f9e3463508fa4c1f41f81ec3ed526a0e74e42b51a50206ee8b73839ff19b02,<HDD>/datasets/execution_wm/v0_7/train/G09/nominal/ep_00324.npz
325,G09,train,nominal,R0,sc01,T1,7333,13.6,680,schedule_end,12,single|zero,1.0,0.7,df13349a07cdd9dc45a13857f23f3841c4a708453691247952621b04796004bc,0bc970e25ce7e8cb7e9abc09e897f1dbc3598df4081f90eb6abe5eb205d674de,<HDD>/datasets/execution_wm/v0_7/train/G09/nominal/ep_00325.npz
326,G09,train,nominal,R0,sc02,T2,7333,13.6,680,schedule_end,12,single|zero,1.0,0.7,5f88738a4e60b5f796d41c21f230c50ca2013e4a08099c3ce7fd6714aab1fda1,4c960bf6ee5e4ea755bf2b26c142975aa4d4563d044607f3d6608bde5f467119,<HDD>/datasets/execution_wm/v0_7/train/G09/nominal/ep_00326.npz
327,G09,train,nominal,R0,sc03,T3,7333,13.620000000000001,681,schedule_end,12,single|zero,1.0,0.7,2058a932686e9a9a28dc4e8ac423037d74b67e8e1b04795013786133463fd36c,a0d014f5cce550eb058ae84cddd3f8e89b533e3e37ea918316a63f33fa0ae41a,<HDD>/datasets/execution_wm/v0_7/train/G09/nominal/ep_00327.npz
328,G09,train,nominal,R0,sc04,T4,7333,13.6,680,schedule_end,12,single|zero,1.0,0.7,b58922b86c8b4f660966ee00af2dc7e2415fa8fa43b749bc52abfaed2824d938,83de937fd9f8e1a7f97686c6d29a9d5bb959425bcab0693e869d3bb6d50ffcf5,<HDD>/datasets/execution_wm/v0_7/train/G09/nominal/ep_00328.npz
329,G09,train,nominal,R0,sc05,T5,7333,13.6,680,schedule_end,12,single|zero,1.0,0.7,5ae64776ff6837f02d09e5586585377d14d939bcca9531e6f6197f5c7eb2b1de,3090dbaa9d4d7855b72d20332b407e747d2db3dc5962c9cb574695df4c9861c6,<HDD>/datasets/execution_wm/v0_7/train/G09/nominal/ep_00329.npz
330,G09,train,nominal,R1,sc06,T0,7333,13.6,680,schedule_end,12,double|zero,1.0,0.7,aba65b460eef31bae66448257d524e300dd3f8dcd3f3e442d20155f8fc984ad8,a121fced310d6de97c1c9b0e149fe77c0569c527248c597e72c83694b46eb710,<HDD>/datasets/execution_wm/v0_7/train/G09/nominal/ep_00330.npz
331,G09,train,nominal,R1,sc07,T1,7333,13.6,680,schedule_end,12,double|zero,1.0,0.7,65c1722d1dc7890e4cbf7d932da87d39f1700ed060f4f8e1ddc5d36737e480a0,b6e78e5d61b86eb6453aaa13d78129e6acea6156ce829ee75404533f6b29f267,<HDD>/datasets/execution_wm/v0_7/train/G09/nominal/ep_00331.npz
332,G09,train,nominal,R1,sc08,T2,7333,13.6,680,schedule_end,12,double|zero,1.0,0.7,e454b2ce96bdd26d0019c6cbea4ea0b6cd411f549c28afde773036bc90969b0b,7f959a7fc95635ddf31020e528abc76645cf7ad696bc162b29e38b51806fb464,<HDD>/datasets/execution_wm/v0_7/train/G09/nominal/ep_00332.npz
333,G09,train,nominal,R1,sc09,T3,7333,13.620000000000001,681,schedule_end,12,double|zero,1.0,0.7,d0f39b3cd09b7c3769a1e60ed953a8cf1a87ff496fc7f751db17d7cb4982d07d,2cdfae5f854e1a26e468b2efb73fbc208b03ca0922b2efee9b90741bc8e73310,<HDD>/datasets/execution_wm/v0_7/train/G09/nominal/ep_00333.npz
334,G09,train,nominal,R1,sc10,T4,7333,13.6,680,schedule_end,12,double|zero,1.0,0.7,2704fc5d1c25b6f3a2f2d43713824a721837405526e64096e6c5a92a23e68dfb,7884c446ca26de8fb9a2bd18e07cedf7d64a918ceebba54b8354551cdea8dce0,<HDD>/datasets/execution_wm/v0_7/train/G09/nominal/ep_00334.npz
335,G09,train,nominal,R1,sc11,T5,7333,13.6,680,schedule_end,12,double|zero,1.0,0.7,09df2b7ee7b99c737806b707fe381d30fd9ee0b71ab898682d29c708debc637d,14ab4483141e4dbcee6da5984a66ff81b7fbef82f6981fc31d042e3533761683,<HDD>/datasets/execution_wm/v0_7/train/G09/nominal/ep_00335.npz
384,G10,train,low,R0,sc00,T0,7370,13.6,680,schedule_end,12,single|zero,0.3,0.21,07e0ef19c18eb2573d1216a8ce32786c586d4edc37417ef12e343b201935a76f,d967043eeff8ee45cd8af3adaef066c3244b4caba9c14a5f5503c7e77ef07139,<HDD>/datasets/execution_wm/v0_7/train/G10/low/ep_00384.npz
385,G10,train,low,R0,sc01,T1,7370,13.6,680,schedule_end,12,single|zero,0.3,0.21,75891b55096eb96590ae684cb7b3f46b287f20ca7bf1f1e3cb4c3a9f62cb380e,acebb84cbf4ea2edcc2041663c079f12b366e7d62048fd81f22997f972f5e317,<HDD>/datasets/execution_wm/v0_7/train/G10/low/ep_00385.npz
386,G10,train,low,R0,sc02,T2,7370,13.6,680,schedule_end,12,single|zero,0.3,0.21,6bcbaead5100e67d89179ae57ab54cebe62540d437c4a72e7580f55d08032a9a,382c175d0697fbf18d2167b0b622ccb6cb18d6ef7758f97ca3c9f0c6079bf46a,<HDD>/datasets/execution_wm/v0_7/train/G10/low/ep_00386.npz
387,G10,train,low,R0,sc03,T3,7370,13.620000000000001,681,schedule_end,12,single|zero,0.3,0.21,466f3823d9c65986f53a3f35c55a69674a1d16c32a3a92c33387b3ec7d68d5a6,b10061ca5ad4428dd167cb83308167647757ec0adc65d156f53c10a49cf77ace,<HDD>/datasets/execution_wm/v0_7/train/G10/low/ep_00387.npz
388,G10,train,low,R0,sc04,T4,7370,13.6,680,schedule_end,12,single|zero,0.3,0.21,cd9a732139dd5215d3526f195d5dd3841a96120905c5fec9aa6a348a155a1a12,c6165ac9230f2b88a2513a6ef4c4fe5191c2aa7e41ce7ced43d455b3e2e3a137,<HDD>/datasets/execution_wm/v0_7/train/G10/low/ep_00388.npz
389,G10,train,low,R0,sc05,T5,7370,13.6,680,schedule_end,12,single|zero,0.3,0.21,792848399662e7fea7469887d0bf73374ecf99e399e7716d4e92cd6dce7caab8,3a9ce05612323ad22513e8b23c2cce697399dc228f64f281991b357501fb72a8,<HDD>/datasets/execution_wm/v0_7/train/G10/low/ep_00389.npz
390,G10,train,low,R1,sc06,T0,7370,13.6,680,schedule_end,12,double|zero,0.3,0.21,95707a4b4b7f971512477a2bc8d9b97b7c38ef4b447ad2c7bebe4ef1a18d1485,044af1ce6cfea04873b6a7b86018ce1fb24e8274f4cf159a9252d7e2d63a4286,<HDD>/datasets/execution_wm/v0_7/train/G10/low/ep_00390.npz
391,G10,train,low,R1,sc07,T1,7370,13.6,680,schedule_end,12,double|zero,0.3,0.21,51f1dd0c69bb13683f1a1bc7d29c881f1ea47b5fbea32f5b90e4151b3d0fb4e8,590e2b1648dfd750d8f39723c1ca6535e4b8747f8c27022c5a774b1deac3bfb1,<HDD>/datasets/execution_wm/v0_7/train/G10/low/ep_00391.npz
392,G10,train,low,R1,sc08,T2,7370,13.6,680,schedule_end,12,double|zero,0.3,0.21,5622b0988ae2c422c7121fa4e9d3aa7111393defd2952198c0645e3414e64122,dfc5814078a328409d9b3819e77f549358745074c13be9571d67b173f7f55cbf,<HDD>/datasets/execution_wm/v0_7/train/G10/low/ep_00392.npz
393,G10,train,low,R1,sc09,T3,7370,13.620000000000001,681,schedule_end,12,double|zero,0.3,0.21,aa3987163c516d52fb18e9d9ffdf93201168753dbb88684ade6581890942cd77,7fb211dbc3e15318189b57460b68de7cc81605578ce379fa13b391f284a15646,<HDD>/datasets/execution_wm/v0_7/train/G10/low/ep_00393.npz
394,G10,train,low,R1,sc10,T4,7370,13.6,680,schedule_end,12,double|zero,0.3,0.21,61eda7931eedc5f0c1fb1070bb998dbe088261492f42b30df013b15fd35825e3,7764a96f89aafbac620a64a650f534833e498caa3289f68a4f1d25c9668ef179,<HDD>/datasets/execution_wm/v0_7/train/G10/low/ep_00394.npz
395,G10,train,low,R1,sc11,T5,7370,13.6,680,schedule_end,12,double|zero,0.3,0.21,d7005ff3273b05a24a8f652de42ef7eca0dfc73776a80b926bb0980864091c3a,4d8c90561206df970d2991cc77b75f36d657f3534ac6b475366ee38b730e94be,<HDD>/datasets/execution_wm/v0_7/train/G10/low/ep_00395.npz
372,G10,train,mid,R0,sc00,T0,7370,13.6,680,schedule_end,12,single|zero,0.6,0.42,a13b046ab8a06fd2847d3e33debe2985dc6292ecfe30805700a0cf2790e0e70e,4b9da8dc7efff3037f7483faabfe27a2805fe4b7d8a1af61a88fdf12bfe0549d,<HDD>/datasets/execution_wm/v0_7/train/G10/mid/ep_00372.npz
373,G10,train,mid,R0,sc01,T1,7370,13.6,680,schedule_end,12,single|zero,0.6,0.42,ed8eafcc0734dad97eb75e075ab99269a7c1f2dc34696ca4f3bfa8ff584fcaf0,d5c0d0b70743032b3647d51cf0579173acd7421778f747cb8273f20f248c3752,<HDD>/datasets/execution_wm/v0_7/train/G10/mid/ep_00373.npz
374,G10,train,mid,R0,sc02,T2,7370,13.6,680,schedule_end,12,single|zero,0.6,0.42,1a22898e9c73bc46d71c538fe521fa044a93c9155d015277fcd1c7670d46d563,a699b77ea634750584161a80d54f32f678809d903eff9fdd03665e324955c6bd,<HDD>/datasets/execution_wm/v0_7/train/G10/mid/ep_00374.npz
375,G10,train,mid,R0,sc03,T3,7370,13.620000000000001,681,schedule_end,12,single|zero,0.6,0.42,c2131fe611406587f0ece4766c716f3cff379fb71f0fb72066e8df8ba8f403ae,0e5e04c6006d0fbe02f2a34e2ec1caaa4f0e0f2f2fd3b83cd5fb610c9e7fd9e6,<HDD>/datasets/execution_wm/v0_7/train/G10/mid/ep_00375.npz
376,G10,train,mid,R0,sc04,T4,7370,13.6,680,schedule_end,12,single|zero,0.6,0.42,21d613209ab688a6fe6b74825a2f0dffe7f2a5c4cc34bbee95fcea003fdba94e,ab1db5d7b5716d0841ccb820d75f79b6abec6efbfafe6deb3da3a9d9ed6c9583,<HDD>/datasets/execution_wm/v0_7/train/G10/mid/ep_00376.npz
377,G10,train,mid,R0,sc05,T5,7370,13.6,680,schedule_end,12,single|zero,0.6,0.42,0e7613801da4459f9e787adbd353eb51428cf011b0dcd3e6de9f057ff530a021,c8bfc5151b95d67f97100224e7348272c998b469f4443d9a38aae3635c9b7d87,<HDD>/datasets/execution_wm/v0_7/train/G10/mid/ep_00377.npz
378,G10,train,mid,R1,sc06,T0,7370,13.6,680,schedule_end,12,double|zero,0.6,0.42,e9a534fa673bff457b0a8aacc37eda512c16a8da8c1132f8bb19869f03343eb4,518aac65de93d27ffbd57c77330a67ecdf1412abea4bd5461a44d1b248873b17,<HDD>/datasets/execution_wm/v0_7/train/G10/mid/ep_00378.npz
379,G10,train,mid,R1,sc07,T1,7370,13.6,680,schedule_end,12,double|zero,0.6,0.42,586a416a183a5e67216a7ff610f2590800f7195b8c4a2cdc43b7d6371d8dd626,a112d59f4c6f4d454630f5eda7c0e2006ca7f18e4617366cd8e98b801111aef5,<HDD>/datasets/execution_wm/v0_7/train/G10/mid/ep_00379.npz
380,G10,train,mid,R1,sc08,T2,7370,13.6,680,schedule_end,12,double|zero,0.6,0.42,a087b3df251f3ce87fe4c58c89814f5cf1a0e5f6bed4326332538de970580d7b,d536c4edc1e6e7f7dadcafb50872a6aad20c68f66d186160ab9c62bf75a15fd4,<HDD>/datasets/execution_wm/v0_7/train/G10/mid/ep_00380.npz
381,G10,train,mid,R1,sc09,T3,7370,13.620000000000001,681,schedule_end,12,double|zero,0.6,0.42,1f1f8ed71de9eb0f1f745b3a42608172ed93f0a5d07257fc505906afd6ee2cae,cd8bc4c0b806dfb689f4352c50ccb9f58429bafdd186f452930d24b3414743dc,<HDD>/datasets/execution_wm/v0_7/train/G10/mid/ep_00381.npz
382,G10,train,mid,R1,sc10,T4,7370,13.6,680,schedule_end,12,double|zero,0.6,0.42,fe18b6071904fc0c7a38f9bc462b2eb6396aab8f2496f7e923929e92247bba2f,8eddbf956b4e6863c2787e8c68b1fa01ab85f84eac5ff8c8feab870713477947,<HDD>/datasets/execution_wm/v0_7/train/G10/mid/ep_00382.npz
383,G10,train,mid,R1,sc11,T5,7370,13.6,680,schedule_end,12,double|zero,0.6,0.42,dac31ba07b448929cdc0aba7ccd5568ef17160398c1ab5e539afb4d83f287306,9e8a49024268e399298bdd760e953891551b66139038a70722b6e5949fb04924,<HDD>/datasets/execution_wm/v0_7/train/G10/mid/ep_00383.npz
360,G10,train,nominal,R0,sc00,T0,7370,13.6,680,schedule_end,12,single|zero,1.0,0.7,2e02e2f0811147188b06d53d3a151d941c9f36cfbe94d10132ba53314eb882f1,2882022b97b610f648216f1adf730836612bdefd2b2db21dd06c5134506a312d,<HDD>/datasets/execution_wm/v0_7/train/G10/nominal/ep_00360.npz
361,G10,train,nominal,R0,sc01,T1,7370,13.6,680,schedule_end,12,single|zero,1.0,0.7,e7a0cb4233a6d4ffbb4d5eba42e2d681bb0786a3581b90a3b8c6e1a08a7dff50,11648139ddd2a66471fc6dc1d9643f9959a2bb4e0bd66a15a19d1994eecf816c,<HDD>/datasets/execution_wm/v0_7/train/G10/nominal/ep_00361.npz
362,G10,train,nominal,R0,sc02,T2,7370,13.6,680,schedule_end,12,single|zero,1.0,0.7,ea07c8ef3f7f8a1b480bf2a8c827b0969ec1cd59d98506a8703ada1ab4a1af18,c5180c8b6f100a958cd6965652dd2d2a54ab2527574cd4efc559d070e0dc332e,<HDD>/datasets/execution_wm/v0_7/train/G10/nominal/ep_00362.npz
363,G10,train,nominal,R0,sc03,T3,7370,13.620000000000001,681,schedule_end,12,single|zero,1.0,0.7,d31c0afb4d4c4e128eea38017c6428847ffe68d5a16e93a4964fe8fd4283f0cc,4b87d0329e0ef78bcf9577b75ee34137bf554e957d8f9166f0f1935fe227dece,<HDD>/datasets/execution_wm/v0_7/train/G10/nominal/ep_00363.npz
364,G10,train,nominal,R0,sc04,T4,7370,13.6,680,schedule_end,12,single|zero,1.0,0.7,e9e3ab0755c57a5e0325bf1b50b4b8c944c9ea875e641bba93595e7192929ce2,a5ce2c200ed4b2c5bba28996a123b635db0e7983ff4b06e5208a5d27329ed810,<HDD>/datasets/execution_wm/v0_7/train/G10/nominal/ep_00364.npz
365,G10,train,nominal,R0,sc05,T5,7370,13.6,680,schedule_end,12,single|zero,1.0,0.7,6df9417502a944af9021e881771fa6a2154037dafd01e54b1f99eef8443c9a75,1fa899e4946b2bd7b0736fdc436f18485bbb87a7d1f075247f71104efeb25bea,<HDD>/datasets/execution_wm/v0_7/train/G10/nominal/ep_00365.npz
366,G10,train,nominal,R1,sc06,T0,7370,13.6,680,schedule_end,12,double|zero,1.0,0.7,72181ebcadfb7735254be89f7baad282622b8d291aba99281342022f79b6be03,842533412716a52294d466fe7173ded169dd6aef44d5c01642c5f1a00fe8ffa0,<HDD>/datasets/execution_wm/v0_7/train/G10/nominal/ep_00366.npz
367,G10,train,nominal,R1,sc07,T1,7370,13.6,680,schedule_end,12,double|zero,1.0,0.7,3698bee6aa049684d63832bc8e258cf9d266197fbe779f74652e2d8cdbffbd18,5a9cbfd3507738fbd12b3a511ea2bd404d934bad15d5c4404129b799e55a92d2,<HDD>/datasets/execution_wm/v0_7/train/G10/nominal/ep_00367.npz
368,G10,train,nominal,R1,sc08,T2,7370,13.6,680,schedule_end,12,double|zero,1.0,0.7,271f231b29f9e2c7624594541c84ee1a0c23ab38dd973844ea31b6bd8e798581,01962ed38eb531eff6489157c4cd848d12cda202789ea7c7e96691611f11ca12,<HDD>/datasets/execution_wm/v0_7/train/G10/nominal/ep_00368.npz
369,G10,train,nominal,R1,sc09,T3,7370,13.620000000000001,681,schedule_end,12,double|zero,1.0,0.7,fb6eb6d5fc847e1c6b64e4a4abc00d60e8c57779826922203912e110c0c9fc53,52df4118a4a05bca4a8dba86ee911069063df5d243e7c08895a708e48c5ca173,<HDD>/datasets/execution_wm/v0_7/train/G10/nominal/ep_00369.npz
370,G10,train,nominal,R1,sc10,T4,7370,13.6,680,schedule_end,12,double|zero,1.0,0.7,6953f6c1b4bedb45162a4824acaaec8e9bb4cb9cb91e10cfd06b0538ebd98752,0fd727edf93f1c3da37dd1ab3681a7fdf3542b102e7c9ed20805ae199d00f751,<HDD>/datasets/execution_wm/v0_7/train/G10/nominal/ep_00370.npz
371,G10,train,nominal,R1,sc11,T5,7370,13.6,680,schedule_end,12,double|zero,1.0,0.7,e0732191dfb9af3b6d0a4ff6feb1bf50fd6b929214f6e06cffa0ccc2681c7ee6,942f44ea5780efc4278124bce71f5c3bbdacf4ef96bd945c73e4896f2b50a0ab,<HDD>/datasets/execution_wm/v0_7/train/G10/nominal/ep_00371.npz
420,G11,train,low,R0,sc00,T0,7407,13.6,680,schedule_end,12,single|zero,0.3,0.21,fc9b021947e4cc984fa4ff5d94a203c72db4837e66cb66bc035c00ef5b60c649,c7ed6f3581ba40f019df572e228c0df1f5f3365481a72c2e8e7a79a8b9659799,<HDD>/datasets/execution_wm/v0_7/train/G11/low/ep_00420.npz
421,G11,train,low,R0,sc01,T1,7407,13.6,680,schedule_end,12,single|zero,0.3,0.21,cebed13b9eee6c77474ac8374e2e897c0809e5e61c6981bd6f224bff9f8e8d32,a05c4d45003791ada295f2cf8e20e1bed8bd5f50b541a0c6def4f89aea8f289a,<HDD>/datasets/execution_wm/v0_7/train/G11/low/ep_00421.npz
422,G11,train,low,R0,sc02,T2,7407,13.6,680,schedule_end,12,single|zero,0.3,0.21,a309765b72c9e56472d75e419d3992c0fbcce024665ccc98e6e5e31efd1b414d,ac22f0cd29e71b9484d1e97fcf89a05c924bf69f46246f08ac8659d1b8fed6b3,<HDD>/datasets/execution_wm/v0_7/train/G11/low/ep_00422.npz
423,G11,train,low,R0,sc03,T3,7407,13.620000000000001,681,schedule_end,12,single|zero,0.3,0.21,1737f42d825d76ef65462f432835994fc68559962408de4623ff7960cf7ac0fa,8598144647fd0d82e8428cf28dfab61d0d9c188ecc1959856600e6eabd106d59,<HDD>/datasets/execution_wm/v0_7/train/G11/low/ep_00423.npz
424,G11,train,low,R0,sc04,T4,7407,13.6,680,schedule_end,12,single|zero,0.3,0.21,869d5d7b32bbfa7ac57ddc9acec0a5abbc9b25340c78e33722e8ece83ba69381,f6b2a3e85a99935eeeb340cb93665491c7da090e0df93010c9abc192acdbaee5,<HDD>/datasets/execution_wm/v0_7/train/G11/low/ep_00424.npz
425,G11,train,low,R0,sc05,T5,7407,13.6,680,schedule_end,12,single|zero,0.3,0.21,cd1f34e02d5e50a86f1a4e48ef3dc55b5cc6e1bc88f2ddd37d5ee3575f2d7bad,8bc9727a4ddf3c32addd92e30778c28e39fa6bc498bdeb85a59f6587ce7e332d,<HDD>/datasets/execution_wm/v0_7/train/G11/low/ep_00425.npz
426,G11,train,low,R1,sc06,T0,7407,13.6,680,schedule_end,12,double|zero,0.3,0.21,82172e99ec00c4f5c4477bba01759727d35e254034098fc492e6e6c7cd7a82cf,58525528f04a6dd79d94158935c6536b574629c767dbfa6e1c841f8f5121b304,<HDD>/datasets/execution_wm/v0_7/train/G11/low/ep_00426.npz
427,G11,train,low,R1,sc07,T1,7407,13.6,680,schedule_end,12,double|zero,0.3,0.21,b15a562782eec86ec2b273c2d3028f94eb054ba0ce90e88c22eaec000745ca6e,98a5a05c39f60dc1eeb3120a4c247ed6bae8372860cb687d258d21af8c713784,<HDD>/datasets/execution_wm/v0_7/train/G11/low/ep_00427.npz
428,G11,train,low,R1,sc08,T2,7407,13.6,680,schedule_end,12,double|zero,0.3,0.21,7dbc564e8064cd1ace4674dfb06f9399d0a5e5e4468f97624bb0f5699a468ecc,b90ce440fff11948d92e4ce4b1cb68616e34155006346fb1106fe8e5b5f6030c,<HDD>/datasets/execution_wm/v0_7/train/G11/low/ep_00428.npz
429,G11,train,low,R1,sc09,T3,7407,13.620000000000001,681,schedule_end,12,double|zero,0.3,0.21,7712a77788e3d230fa4c06fa1065b3c3026367b79cc2b2b6cef6e940206e1d41,20c309e319214642578eabb971933b5aab1909975eb1f7b16f73bf2aa8c1365e,<HDD>/datasets/execution_wm/v0_7/train/G11/low/ep_00429.npz
430,G11,train,low,R1,sc10,T4,7407,13.6,680,schedule_end,12,double|zero,0.3,0.21,4326300b8150693c61974e620c8012b8e9c19a582eadbfcc0bcea8de3ced1a2a,2ca626b266b0da77f290c4ac96b36e919fd351cc3540037fa89ba8c492e9d686,<HDD>/datasets/execution_wm/v0_7/train/G11/low/ep_00430.npz
431,G11,train,low,R1,sc11,T5,7407,13.6,680,schedule_end,12,double|zero,0.3,0.21,7a22dd9ff0912cb219696a4d75810796881ef9363bbfc15c7ece5d494c27ce31,5ee1cddd04510f66264aa3f7f438efda596cfc075a02136514732cdda9886a5f,<HDD>/datasets/execution_wm/v0_7/train/G11/low/ep_00431.npz
408,G11,train,mid,R0,sc00,T0,7407,13.6,680,schedule_end,12,single|zero,0.6,0.42,273925da8bb7eb1828f14999ff126e53a5afc0a62a7cee4405dfcff2ea7c1209,96adc24c363d5c3a8c96dfd24ded0c35b8269d0fe94d1930485cd7dfd2965c2d,<HDD>/datasets/execution_wm/v0_7/train/G11/mid/ep_00408.npz
409,G11,train,mid,R0,sc01,T1,7407,13.6,680,schedule_end,12,single|zero,0.6,0.42,5b61b5a8f9db7d6ac45c57767bcc2fa35a77c5cf7142246ae53227a592e11cb6,38b377f8bd002bb5bf9073f992a6fe04625329c0bca846130eedd8d96f9e45fb,<HDD>/datasets/execution_wm/v0_7/train/G11/mid/ep_00409.npz
410,G11,train,mid,R0,sc02,T2,7407,13.6,680,schedule_end,12,single|zero,0.6,0.42,70a695b427262026e9ab23b6268735a10b799510fd388d6b2f27f298e1e1284e,4ad6cadf6637e2609567a9aabb762a22809adda7fc37419f3346fd41a695d77e,<HDD>/datasets/execution_wm/v0_7/train/G11/mid/ep_00410.npz
411,G11,train,mid,R0,sc03,T3,7407,13.620000000000001,681,schedule_end,12,single|zero,0.6,0.42,a0312e87a0e4fa83eef5a9c4d0a17f1519685eddd105104dae00523a66427470,57a7c7f920b63687bd75f8aaba9bd1c1f3e88e314398b35272a41450cb38249e,<HDD>/datasets/execution_wm/v0_7/train/G11/mid/ep_00411.npz
412,G11,train,mid,R0,sc04,T4,7407,13.6,680,schedule_end,12,single|zero,0.6,0.42,15192a8157a5c10943b4333f98d97199c78d875519b63c604b27373a69deadc0,63408057bac4e2fb5d784ee7dc3f89a539a8ab981d6177bfa5dfa274347961ba,<HDD>/datasets/execution_wm/v0_7/train/G11/mid/ep_00412.npz
413,G11,train,mid,R0,sc05,T5,7407,13.6,680,schedule_end,12,single|zero,0.6,0.42,08d3538d43f81429df753aa6f9f80d055f7679a39664c4289147f972dd0a8e47,9599f8b1972fcbe9f40bc7a9a3e2931626926c6166704f7e27d3e1198231fdf9,<HDD>/datasets/execution_wm/v0_7/train/G11/mid/ep_00413.npz
414,G11,train,mid,R1,sc06,T0,7407,13.6,680,schedule_end,12,double|zero,0.6,0.42,786b052d9637502cc9eaf381687d1ca48310495320a82d9916ed633e0070f92b,18ccc3b742c25a4888ca955be160d7e6f17e8d9318882a709aea27924bd39e1a,<HDD>/datasets/execution_wm/v0_7/train/G11/mid/ep_00414.npz
415,G11,train,mid,R1,sc07,T1,7407,13.6,680,schedule_end,12,double|zero,0.6,0.42,1d3548dca918989ed142521cf98e35a822a5fcf1031f5426901acf3b58fa23fa,06e6f9702fd75ca5a9341edb2a6d7aef5f8d64f7dd72c77c651adf8eb1b9c4fe,<HDD>/datasets/execution_wm/v0_7/train/G11/mid/ep_00415.npz
416,G11,train,mid,R1,sc08,T2,7407,13.6,680,schedule_end,12,double|zero,0.6,0.42,0f0dd35fd0737aa24317a36b3c2e98b3e2c989bbd59cf918cff0b2cba6fcbe26,a4347781b7fcadf51acc300083b9b760a9c37d8811fc4f62b19cd4b911fa1bc8,<HDD>/datasets/execution_wm/v0_7/train/G11/mid/ep_00416.npz
417,G11,train,mid,R1,sc09,T3,7407,13.620000000000001,681,schedule_end,12,double|zero,0.6,0.42,73feb768626434267a88b99384bceeadd68b4d3d3ef3395ec398c55f58291d1d,158585544a0c501d8020207781a5cd00d70f907e1b6d055a787a54ba99fa17c4,<HDD>/datasets/execution_wm/v0_7/train/G11/mid/ep_00417.npz
418,G11,train,mid,R1,sc10,T4,7407,13.6,680,schedule_end,12,double|zero,0.6,0.42,539b80bc67169b6d769edab5a60e3762ce363da1a7020333a9c014b920442498,723c08b1e7a38192e9b0663e7ad578a3adedd67fb38a0f4e0e947a289893729a,<HDD>/datasets/execution_wm/v0_7/train/G11/mid/ep_00418.npz
419,G11,train,mid,R1,sc11,T5,7407,13.6,680,schedule_end,12,double|zero,0.6,0.42,1c8fdb7a4ecc881478c9b96b539a38a0105d76add8a23fb11d516674e48f6532,fb30ae101dc442b44fd2de0c213ad19bde0d4c81b27b04203d70f90433cb679c,<HDD>/datasets/execution_wm/v0_7/train/G11/mid/ep_00419.npz
396,G11,train,nominal,R0,sc00,T0,7407,13.6,680,schedule_end,12,single|zero,1.0,0.7,b4c2a2b329437834b4dabd57aeba6a0792c690c02e4e48ada1a65f1f02d1fe2a,28413e2734e37c2690860e21742b7b958dad2e1f3f547632364daeb3c8c2ca7a,<HDD>/datasets/execution_wm/v0_7/train/G11/nominal/ep_00396.npz
397,G11,train,nominal,R0,sc01,T1,7407,13.6,680,schedule_end,12,single|zero,1.0,0.7,19113c0bd311ae8be1fd600615fcf6a816813b8ccf9b9ed4ce0d8aa49e957464,fddafb7a4e2b5d499291bf4a7f5d634b204136986e4e8f2c257fad641d40c8e3,<HDD>/datasets/execution_wm/v0_7/train/G11/nominal/ep_00397.npz
398,G11,train,nominal,R0,sc02,T2,7407,13.6,680,schedule_end,12,single|zero,1.0,0.7,13a92a016fed01b1d4664aa746bfda9e3d1b180530144dcd12736f0b35a5f197,20aa98f4db3ad48e9a4555efb011b42cd017dbcda8657a56e7c7809845311b13,<HDD>/datasets/execution_wm/v0_7/train/G11/nominal/ep_00398.npz
399,G11,train,nominal,R0,sc03,T3,7407,13.620000000000001,681,schedule_end,12,single|zero,1.0,0.7,6b5eadaf9dbcbde16efdf9f6e215ba0f85c859ec7bde4ba6a5345a8d54346c3f,81760701482a39618e9ed8de93e55dcf59dbe1eb89a4e87c6a4af629d4dd1aca,<HDD>/datasets/execution_wm/v0_7/train/G11/nominal/ep_00399.npz
400,G11,train,nominal,R0,sc04,T4,7407,13.6,680,schedule_end,12,single|zero,1.0,0.7,ca317039ed1f81404e487e453e5398a48ddb802d55d4348523969484e80e7e93,fd90aae564f18b75e248e4f57dddf6e1707a6e5db00aba65fd47c6050e9782c8,<HDD>/datasets/execution_wm/v0_7/train/G11/nominal/ep_00400.npz
401,G11,train,nominal,R0,sc05,T5,7407,13.6,680,schedule_end,12,single|zero,1.0,0.7,7735cbead2fa2e2f4a46e4970c9aa0e2b035900da148288db31dd740ffb81562,04352178ddc4776837532c0a8b51b136c57761fd4c846a7f47ba723d4fd5ec28,<HDD>/datasets/execution_wm/v0_7/train/G11/nominal/ep_00401.npz
402,G11,train,nominal,R1,sc06,T0,7407,13.6,680,schedule_end,12,double|zero,1.0,0.7,0e3492715c1a66554dbd01b72b25754e2b1e3924f6625b03ae31a30b66d9b12f,66ba7ec70dc78452779e3fdace337c36b45077aa1a841de4b865c99fb0c0444c,<HDD>/datasets/execution_wm/v0_7/train/G11/nominal/ep_00402.npz
403,G11,train,nominal,R1,sc07,T1,7407,13.6,680,schedule_end,12,double|zero,1.0,0.7,53e431c31aaf3e5a1fd348587bbf688ef710a62aa0d3ec7038b8a81210a84549,947556c8e7e46dfc8c90ef84b91a4648b1bc3e3660abaf5b2ece5040bfeb1012,<HDD>/datasets/execution_wm/v0_7/train/G11/nominal/ep_00403.npz
404,G11,train,nominal,R1,sc08,T2,7407,13.6,680,schedule_end,12,double|zero,1.0,0.7,f87299fe544700795bb9f40182191af955ce2b73805056ed8d5fc99a5062b51d,07ccb9d9fddc2e5383061045f4cfb4b2d73cea5aa58f2a73fdf0d9f3aaa9a3fd,<HDD>/datasets/execution_wm/v0_7/train/G11/nominal/ep_00404.npz
405,G11,train,nominal,R1,sc09,T3,7407,13.620000000000001,681,schedule_end,12,double|zero,1.0,0.7,f4fda34a2d1a4a4656e065ed58dfae12077aa779718095d21455f7f57082299e,930529faf87382db29601720e247b5a25e75f49a6e75d8631da8f7639922fbc8,<HDD>/datasets/execution_wm/v0_7/train/G11/nominal/ep_00405.npz
406,G11,train,nominal,R1,sc10,T4,7407,13.6,680,schedule_end,12,double|zero,1.0,0.7,1789963f936c5c80cecaf194d8bba48af3c282b7d652872a10ef71d76c602d84,57e72079aa7754986a0f29f54be7169fb9a98bbd36c6893869ec958da4ad7e8b,<HDD>/datasets/execution_wm/v0_7/train/G11/nominal/ep_00406.npz
407,G11,train,nominal,R1,sc11,T5,7407,13.6,680,schedule_end,12,double|zero,1.0,0.7,27cae1b6400a303bc4075fbb925228d297c5fa169044d716fde515eae7a782d5,950ca2fe97e444a800b7a8f58292fea04f5bdd41dc26124926d756f8d7a24e85,<HDD>/datasets/execution_wm/v0_7/train/G11/nominal/ep_00407.npz
456,G12,val,low,P0_seen_cell,sc00,T0,7444,13.6,680,schedule_end,12,double|single|zero,0.3,0.21,48728ef21c254dfcc8e1a1371e9191d11d1e68e95e123911117042aec1d80494,24f90d35c3b4b287dc944153024054db1a506d065f350c38f8916d486040dde1,<HDD>/datasets/execution_wm/v0_7/val/G12/low/ep_00456.npz
457,G12,val,low,P0_seen_cell,sc01,T1,7444,13.6,680,schedule_end,12,double|single|zero,0.3,0.21,2f6f86f71261b36669b09651fa51a9c6cea4e1808b65ceca1da9dad5f4c9f3f6,f0095755030431041d519132321b113e382f8c1cf0fafa6860fc652889a1e8eb,<HDD>/datasets/execution_wm/v0_7/val/G12/low/ep_00457.npz
458,G12,val,low,P0_seen_cell,sc02,T2,7444,13.6,680,schedule_end,12,double|single|zero,0.3,0.21,62da8e9128844067ef10be440d7b36bc0e193816d8cc4166c06a460ef4bb735b,7ad0a6b79f118fee89e9373cce5667282bd3486fc85befeb0bd12de4a529c446,<HDD>/datasets/execution_wm/v0_7/val/G12/low/ep_00458.npz
459,G12,val,low,P0_seen_cell,sc03,T3,7444,13.620000000000001,681,schedule_end,12,double|single|zero,0.3,0.21,b06e2fb74d143a7fde1e08c75172e673dd04ba2bfcf9d2acb9330c12a63e3df1,6b68aba0e0f8037b09e557994d7eab1c3ccc139d732b8352363c825ff5c0b3c1,<HDD>/datasets/execution_wm/v0_7/val/G12/low/ep_00459.npz
460,G12,val,low,P1_heldout_pair,sc04,T4,7444,13.6,680,schedule_end,12,double|zero,0.3,0.21,a59939531440e77dc80e741bf261f807b02b8b9ffcee60979fc7ed7617b65eba,0c449c78c343565d0b1ca854b27ebe7169841d951df5a5225e9e2db8c62ddf06,<HDD>/datasets/execution_wm/v0_7/val/G12/low/ep_00460.npz
461,G12,val,low,P1_heldout_pair,sc05,T5,7444,13.6,680,schedule_end,12,double|zero,0.3,0.21,12d286d16e3336df28e4303b8906f71a7eeb84e95ebf906e390e90c1d3a582c9,38b4a88cca16265b104a9b8f37f7eca490bd0f8b5ea2ab8b3428908e4e9a0377,<HDD>/datasets/execution_wm/v0_7/val/G12/low/ep_00461.npz
462,G12,val,low,P1_heldout_pair,sc06,T0,7444,13.6,680,schedule_end,12,double|zero,0.3,0.21,ffd9bf1f07dadb6442660b9b365acb1adfeb7d0f42865b985c275ba94d9ddc89,1882a58d5e0711cf12a3854bb02e652a77b1041a937ebc81e59247fca1989e73,<HDD>/datasets/execution_wm/v0_7/val/G12/low/ep_00462.npz
463,G12,val,low,P1_heldout_pair,sc07,T1,7444,13.6,680,schedule_end,12,double|zero,0.3,0.21,7910aff29ef709f03e3acbc51a6fa738495115b12293b8ee984126e2387485d0,524856b0c8943470a10569a4cd6d0a57a184981c1d2784df8dcee15a35fee4f5,<HDD>/datasets/execution_wm/v0_7/val/G12/low/ep_00463.npz
464,G12,val,low,P2_triple,sc08,T2,7444,13.6,680,schedule_end,12,triple|zero,0.3,0.21,e9f8eafbdaba72c0dd1d7372117b89f41f635566ec76e5a81699cb013628f2ba,ac85308bdc99dd1a0a37e5a4586b8804900ca88c8c94e30cb5b7aeec1a93d7d3,<HDD>/datasets/execution_wm/v0_7/val/G12/low/ep_00464.npz
465,G12,val,low,P2_triple,sc09,T3,7444,13.620000000000001,681,schedule_end,12,triple|zero,0.3,0.21,11a7f832821a98f0faffd8808fc3d24086d26caef7c580040c93d653971e44a6,ce71a8b8c583eae0a0b2dc52c4f399c3fc284fdc9eda7dc4375e7f0dbf0b5e0e,<HDD>/datasets/execution_wm/v0_7/val/G12/low/ep_00465.npz
466,G12,val,low,P2_triple,sc10,T4,7444,13.6,680,schedule_end,12,triple|zero,0.3,0.21,a23bae93dd5f49ca1f9e3f00c4670fed2c897c5fb1c6efb05724883b68f91916,e4e02b3c063aa7fb4278747a41a37ed7e995f96daabcfe06cee0d3f61e7d9433,<HDD>/datasets/execution_wm/v0_7/val/G12/low/ep_00466.npz
467,G12,val,low,P2_triple,sc11,T5,7444,13.6,680,schedule_end,12,triple|zero,0.3,0.21,21f6ffa1ed66ef6a28b13f00f662e486f372b5742685e1267e7ea0570e551a96,44f9f2d8ef29bc30803fd7a0b4505101a330912111b8853801ac02016d3471a5,<HDD>/datasets/execution_wm/v0_7/val/G12/low/ep_00467.npz
444,G12,val,mid,P0_seen_cell,sc00,T0,7444,13.6,680,schedule_end,12,double|single|zero,0.6,0.42,cf1865c9638ec238b814401c531c6d2146f270c85ccb80f447b7c906b4ab6661,49824153d6be743694e5d64f7f5311c39c03ec0da28f1a61b4fb434923a48358,<HDD>/datasets/execution_wm/v0_7/val/G12/mid/ep_00444.npz
445,G12,val,mid,P0_seen_cell,sc01,T1,7444,13.6,680,schedule_end,12,double|single|zero,0.6,0.42,cafdba8024d31f07868ba1639c5e6f2691fbad78f32150e63f3f0f3a9a575506,9ba679efb58646dd9b3192651726ba9cd888f307ad4708bddc7ce7e43e0df086,<HDD>/datasets/execution_wm/v0_7/val/G12/mid/ep_00445.npz
446,G12,val,mid,P0_seen_cell,sc02,T2,7444,13.6,680,schedule_end,12,double|single|zero,0.6,0.42,7edf63df9eabbd00fca3f17d7fda57a54294545b638c745e67b839a32e041b5e,fe73ed9a5b30cd1af1c6e93b02ecc558ecfeb1c12495e23ee6f362f76926f58c,<HDD>/datasets/execution_wm/v0_7/val/G12/mid/ep_00446.npz
447,G12,val,mid,P0_seen_cell,sc03,T3,7444,13.620000000000001,681,schedule_end,12,double|single|zero,0.6,0.42,fb5231becdd83ccda8a4d543d87cb2ea89dd2e22feaac3d947b844d4e141998f,2100f9664229cda053513fac77351a342650ff7615d7afa402ec2ec1a7d6e641,<HDD>/datasets/execution_wm/v0_7/val/G12/mid/ep_00447.npz
448,G12,val,mid,P1_heldout_pair,sc04,T4,7444,13.6,680,schedule_end,12,double|zero,0.6,0.42,03f092252bad4cf19996c05f13328926ae88a026b2a1321ec1a097fc958671f0,df821095c52fd93c2884392b36f169f234e3d7263b2136f8f27c4808da7c8a43,<HDD>/datasets/execution_wm/v0_7/val/G12/mid/ep_00448.npz
449,G12,val,mid,P1_heldout_pair,sc05,T5,7444,13.6,680,schedule_end,12,double|zero,0.6,0.42,c2e0478805cfbda5d852b8c1f890f9b3a4196752918b949be61dcc5b08cbdf6c,e3407ccca829790bdc5bea48dc68701101b7d2acdd5d41ee8536361d1cf21e66,<HDD>/datasets/execution_wm/v0_7/val/G12/mid/ep_00449.npz
450,G12,val,mid,P1_heldout_pair,sc06,T0,7444,13.6,680,schedule_end,12,double|zero,0.6,0.42,63e598898ac569dd98aa3ef522ebba3b4a739e61356b7945c74bfc6116038de9,81f215a93aedf8b4fc4f591f64b8551aed5085f0f2b2d3a29c16fdcae407404d,<HDD>/datasets/execution_wm/v0_7/val/G12/mid/ep_00450.npz
451,G12,val,mid,P1_heldout_pair,sc07,T1,7444,13.6,680,schedule_end,12,double|zero,0.6,0.42,bcc505a7e27393a992f0058d1bad6e6db545e023a1a54a004bf432051f6de2be,ec7ce9066b5c848e359d5ca6f11cfcf9bab1d9f9a460d96af84f10c34bbc46db,<HDD>/datasets/execution_wm/v0_7/val/G12/mid/ep_00451.npz
452,G12,val,mid,P2_triple,sc08,T2,7444,13.6,680,schedule_end,12,triple|zero,0.6,0.42,00ad36dc79995fac43d0dcc8ed2f59dd7ebc482cf9e5d1fc03349b01122b45b0,feead61ed45c7c9b5017f1139752471d256ae5253102abd4b3ca855c2f622a00,<HDD>/datasets/execution_wm/v0_7/val/G12/mid/ep_00452.npz
453,G12,val,mid,P2_triple,sc09,T3,7444,13.620000000000001,681,schedule_end,12,triple|zero,0.6,0.42,9122117da481b32c86cbb2469d7d63aa2420b522a8ef286f10dbecff8dfb348a,271d27b7e9fe9d7402a39368eadd7867c4aee8a38ed6b585330d236776e6586a,<HDD>/datasets/execution_wm/v0_7/val/G12/mid/ep_00453.npz
454,G12,val,mid,P2_triple,sc10,T4,7444,13.6,680,schedule_end,12,triple|zero,0.6,0.42,70ecbebdcce9bbf0ce7ad986d8e21deb7cca0d0a4624cf346f498a84542bf6a7,56c68c347baab3168efbcbcb8eb8e843f8096d52b8d444507fab00dbdd26b877,<HDD>/datasets/execution_wm/v0_7/val/G12/mid/ep_00454.npz
455,G12,val,mid,P2_triple,sc11,T5,7444,13.6,680,schedule_end,12,triple|zero,0.6,0.42,9fa373a07bde84d846091eaacb0fd1c274ab9f089b111836e136af790552bf2d,373304d7065b294c94cebc3c8f9681a83b65a1981e5b76e0ead21ad534ba65b4,<HDD>/datasets/execution_wm/v0_7/val/G12/mid/ep_00455.npz
432,G12,val,nominal,P0_seen_cell,sc00,T0,7444,13.6,680,schedule_end,12,double|single|zero,1.0,0.7,35054e16e8502de6265be3e88b205a93cd4d226389d4a8eb4713fc3ee187be10,18d303ac62c0903bc8c79a97a50c727b53ea2f7a5f7a51f61c23245d832449cd,<HDD>/datasets/execution_wm/v0_7/val/G12/nominal/ep_00432.npz
433,G12,val,nominal,P0_seen_cell,sc01,T1,7444,13.6,680,schedule_end,12,double|single|zero,1.0,0.7,f9e9403588e93a85661d097d2c176a2337da97bf127e5f8fa65f7acecf19c8fb,a5468671ce966afd665534e55846d70727c6e25bffeedbbb99a45c5c8fe74156,<HDD>/datasets/execution_wm/v0_7/val/G12/nominal/ep_00433.npz
434,G12,val,nominal,P0_seen_cell,sc02,T2,7444,13.6,680,schedule_end,12,double|single|zero,1.0,0.7,508efa5d1c8c803f0db72597c875ac5ce1d3c4546aae500104af13b406e86682,6755c315eb28b1851eebe21b1673e98a39d41b0a8988c7c91dc94b20fc999255,<HDD>/datasets/execution_wm/v0_7/val/G12/nominal/ep_00434.npz
435,G12,val,nominal,P0_seen_cell,sc03,T3,7444,13.620000000000001,681,schedule_end,12,double|single|zero,1.0,0.7,edbd0d73d1642e80fa0631e76f16a4e8511d913ddf1ae245dd6116ec2aea90f5,30000b601bbd55886c63c23e701a5489de60a2af4cb10f0aef1206a5f54cb504,<HDD>/datasets/execution_wm/v0_7/val/G12/nominal/ep_00435.npz
436,G12,val,nominal,P1_heldout_pair,sc04,T4,7444,13.6,680,schedule_end,12,double|zero,1.0,0.7,489ee15aefc2ab9e181f75cde6369ac4c5496a71416d32147d46c7dbfdfc00bc,6f7c96d6b7c9e79e1036688a35ae2d770b9ccd1c8c32ada34405d4a55ddd9a79,<HDD>/datasets/execution_wm/v0_7/val/G12/nominal/ep_00436.npz
437,G12,val,nominal,P1_heldout_pair,sc05,T5,7444,13.6,680,schedule_end,12,double|zero,1.0,0.7,f2c1ce728b35c2f235d3594822959e385f6f2227d45ce3356fa6ff7335bbf017,c93e1c6dda353bc6bf43b6b72e27bc5ae9932c6fcc9b2a810f12f47ff0441eb6,<HDD>/datasets/execution_wm/v0_7/val/G12/nominal/ep_00437.npz
438,G12,val,nominal,P1_heldout_pair,sc06,T0,7444,13.6,680,schedule_end,12,double|zero,1.0,0.7,80bed97e139af9f8356acad551a44d451e684bbea569d10d922fd6b1a7d62885,68c8e8764429d552b3defe392dc732e055182eb39a85c7ed27a05579f7471002,<HDD>/datasets/execution_wm/v0_7/val/G12/nominal/ep_00438.npz
439,G12,val,nominal,P1_heldout_pair,sc07,T1,7444,13.6,680,schedule_end,12,double|zero,1.0,0.7,b8521ad6954decbd14fe9d4c9c793fc7cb7101c4598c21845accacbe6568664a,bfdfd276b13d0b2d29c3ff71809b5d48804e8819e5f227fbdd1d136682e5402d,<HDD>/datasets/execution_wm/v0_7/val/G12/nominal/ep_00439.npz
440,G12,val,nominal,P2_triple,sc08,T2,7444,13.6,680,schedule_end,12,triple|zero,1.0,0.7,7b7e50b267f8242ab4c068d590516ee88fec46220524bd8843ff32a206a4e566,0479e23bac96d78abd5240bd53032106650fc92e4ee0525110387a699108996b,<HDD>/datasets/execution_wm/v0_7/val/G12/nominal/ep_00440.npz
441,G12,val,nominal,P2_triple,sc09,T3,7444,13.620000000000001,681,schedule_end,12,triple|zero,1.0,0.7,b460fc5a56737f648dc2ca8c3a69183c97a19819ce4336f1704e5734dd5ad1d7,dc203af336c5dfb8669d33817f4e1deb0fb67b8973120d7481ed70a1d2c0cec5,<HDD>/datasets/execution_wm/v0_7/val/G12/nominal/ep_00441.npz
442,G12,val,nominal,P2_triple,sc10,T4,7444,13.6,680,schedule_end,12,triple|zero,1.0,0.7,d3fef92d762c3b8310e98cb7446d0d8b06b2898c33ff8f7bca614a0033c92023,0e729de88e7ca24826a7d7ba66eb9adffc2f14634366d227915dfde3e1955b68,<HDD>/datasets/execution_wm/v0_7/val/G12/nominal/ep_00442.npz
443,G12,val,nominal,P2_triple,sc11,T5,7444,13.6,680,schedule_end,12,triple|zero,1.0,0.7,670c6c04062a897fc3c6093a7a8aedfa4749ecd3881798b177e4e29ddf1ccba7,30922698040783771008ef2e1fe689049e75776b93c6218641e06780661b50e2,<HDD>/datasets/execution_wm/v0_7/val/G12/nominal/ep_00443.npz
492,G13,val,low,P0_seen_cell,sc00,T0,7481,3.92,196,terminated,12,double|single|zero,0.3,0.21,d5345803be06f79ea856b2be6367e69ee05a56230cd57b0901e20eebd7dce849,2a4e73e55c5a367af9ce956057c3d0ce667e2578fabe8418abbd6e6985f63f4a,<HDD>/datasets/execution_wm/v0_7/val/G13/low/ep_00492.npz
493,G13,val,low,P0_seen_cell,sc01,T1,7481,13.6,680,schedule_end,12,double|single|zero,0.3,0.21,64351a7c10e0fb6994e9f271b44c67ef4146711877cb3e4bb68ee8f9e0073ce6,fbedf7b0e36887ea825bb916ed6d3c17950cd948e06c44731966cc9f5640e5e2,<HDD>/datasets/execution_wm/v0_7/val/G13/low/ep_00493.npz
494,G13,val,low,P0_seen_cell,sc02,T2,7481,13.6,680,schedule_end,12,double|single|zero,0.3,0.21,b66df0f3fc606cddda3502c2f42888e9a8442559b9d4364edc692f0a4a99cee8,f103ead29b7c164d6d9278cd2fef37596137578ff0a1b6f28b150d0cf870984f,<HDD>/datasets/execution_wm/v0_7/val/G13/low/ep_00494.npz
495,G13,val,low,P0_seen_cell,sc03,T3,7481,13.620000000000001,681,schedule_end,12,double|single|zero,0.3,0.21,6dad8593394dc0335010c0c37946cebfe09da974ae356f8c63ce53086a2a6227,5cabd3751d478b5dbb5da357e277a0a030c5b450be9a715191160c46e7841cfd,<HDD>/datasets/execution_wm/v0_7/val/G13/low/ep_00495.npz
496,G13,val,low,P1_heldout_pair,sc04,T4,7481,13.6,680,schedule_end,12,double|zero,0.3,0.21,a9f9ac3e7a5a37e315bb8505c9c9bc0078787455003fcb6981b8a461d2d3ebd4,d5cdc4273a1331cbf8f2be5c855eafdb6e72fc17beb7b8831b7feb6254cd5d97,<HDD>/datasets/execution_wm/v0_7/val/G13/low/ep_00496.npz
497,G13,val,low,P1_heldout_pair,sc05,T5,7481,13.6,680,schedule_end,12,double|zero,0.3,0.21,a9bd61bb82ce1da89ad047028c31f6fe8af5f63997dee7619d22e43963f91e3b,5182fe7424b0366faadd2d497df8149838da63b49705f112b36f671aecabda8f,<HDD>/datasets/execution_wm/v0_7/val/G13/low/ep_00497.npz
498,G13,val,low,P1_heldout_pair,sc06,T0,7481,13.6,680,schedule_end,12,double|zero,0.3,0.21,d4b7ff3144f4544c99b6a4ac8047d2c1b515b10679b1ea767b06ed0664e86874,25c5c717a85eb86ed4efec9303627ac772f96a422325586a71a000372e590a2b,<HDD>/datasets/execution_wm/v0_7/val/G13/low/ep_00498.npz
499,G13,val,low,P1_heldout_pair,sc07,T1,7481,13.6,680,schedule_end,12,double|zero,0.3,0.21,19f68918f94c5013174b8e0317fd30e25f6edf778d354a4aed7ffd95952b417e,df9f095fa86d2f9db99275f1662bf40103a28227e0f71e583b916ca67c806296,<HDD>/datasets/execution_wm/v0_7/val/G13/low/ep_00499.npz
500,G13,val,low,P2_triple,sc08,T2,7481,13.6,680,schedule_end,12,triple|zero,0.3,0.21,c7f518fa0d5c7fda052fa8549e11b33df97af2645476877d26428e2e51e08309,7439f6dea46337d98fc308cdbb3ef6dbb0577c95603e0e49daaf1d45fc1eda54,<HDD>/datasets/execution_wm/v0_7/val/G13/low/ep_00500.npz
501,G13,val,low,P2_triple,sc09,T3,7481,13.620000000000001,681,schedule_end,12,triple|zero,0.3,0.21,5c4e7e7402aa20438489c750d46c50558a88688305a99ad39fecd2084473073a,c9c017fa76b97fb4189109da16c2cd6868d38285e7a49b14a465247149cfd253,<HDD>/datasets/execution_wm/v0_7/val/G13/low/ep_00501.npz
502,G13,val,low,P2_triple,sc10,T4,7481,13.6,680,schedule_end,12,triple|zero,0.3,0.21,62204f5d334471d08f83436ae660eeda7072aec2e971c14496e432dbc6929216,461501f852c2e2aca3936cf7558282930421dd880a76442481d84310ec9b1d02,<HDD>/datasets/execution_wm/v0_7/val/G13/low/ep_00502.npz
503,G13,val,low,P2_triple,sc11,T5,7481,13.6,680,schedule_end,12,triple|zero,0.3,0.21,4449671736d96d7c4a94ffa76bc6037ad9667dac5dfe05d686f080698f7cb96e,c32d46cee3c300c17ffa4ce779e2f1c33c146dfc3a048a9aadc048a1a7897b15,<HDD>/datasets/execution_wm/v0_7/val/G13/low/ep_00503.npz
480,G13,val,mid,P0_seen_cell,sc00,T0,7481,13.6,680,schedule_end,12,double|single|zero,0.6,0.42,cbb6b9a3a447b030aca799643044b5aef4cd370a180067cc695131d691f1d783,58c75c124c18c7fdfc919f7d30d9ddb4ca789fa61d77eada3c6ff2ef2947d4b1,<HDD>/datasets/execution_wm/v0_7/val/G13/mid/ep_00480.npz
481,G13,val,mid,P0_seen_cell,sc01,T1,7481,13.6,680,schedule_end,12,double|single|zero,0.6,0.42,4ea5919e962d1417e45f59ea4ebc2a12546039cb0b2c18b75129ad97d3fb1f39,95c83bf680df98ac2b79f610e9e137988cfb9d0f70e620a3ee5e1f12a29e632c,<HDD>/datasets/execution_wm/v0_7/val/G13/mid/ep_00481.npz
482,G13,val,mid,P0_seen_cell,sc02,T2,7481,13.6,680,schedule_end,12,double|single|zero,0.6,0.42,417357eb5d5e210aea568043976cfb8508b427044ddb1a7f9208c2481137d398,2a5489ed624043f8832fea44fb0452afddb5180481bdb2ad53e9e950a6339fd2,<HDD>/datasets/execution_wm/v0_7/val/G13/mid/ep_00482.npz
483,G13,val,mid,P0_seen_cell,sc03,T3,7481,13.620000000000001,681,schedule_end,12,double|single|zero,0.6,0.42,ef9024a3de5ba000cd1435c2eda440f8db50e731b162f489f8465430398cd786,8d97449f9abdcea32863a8aa0be87aae9dc8332a29327f9dda425047263b9dee,<HDD>/datasets/execution_wm/v0_7/val/G13/mid/ep_00483.npz
484,G13,val,mid,P1_heldout_pair,sc04,T4,7481,13.6,680,schedule_end,12,double|zero,0.6,0.42,955cd1da1b91eb0d4cf9bfa2b192ed9c521bbf8231c3a77109e3b1473a7ef335,d9a18e571d45392f5c49faa8a856d5f617250a4aea6605d2477dd458d27e8932,<HDD>/datasets/execution_wm/v0_7/val/G13/mid/ep_00484.npz
485,G13,val,mid,P1_heldout_pair,sc05,T5,7481,13.6,680,schedule_end,12,double|zero,0.6,0.42,97c5b9a1794035e17c5bab079428ac0ab617b07ec05f267dab9ceb3bc2aebf41,0f1afa5a300e6970c6924784da5d68433cee37f21a69bbec733bd20585dffccc,<HDD>/datasets/execution_wm/v0_7/val/G13/mid/ep_00485.npz
486,G13,val,mid,P1_heldout_pair,sc06,T0,7481,13.6,680,schedule_end,12,double|zero,0.6,0.42,5f29df689c611cb04b02adc3fce7048e497c7a11ad94e95f4f685c7a434a6798,e30039a0a98abb2a2b0ed6c04a8d42b48b173baa4dc7cdb4524244e45abfec74,<HDD>/datasets/execution_wm/v0_7/val/G13/mid/ep_00486.npz
487,G13,val,mid,P1_heldout_pair,sc07,T1,7481,13.6,680,schedule_end,12,double|zero,0.6,0.42,df67d3a24ca0019da85066b0dff90d6eb946abc4d38517af02c55a8fc585869e,ff1efe2eb5950eeae0c7a307e3f514a73b1cdbdef45843c49af6c4ee5b8ee4a4,<HDD>/datasets/execution_wm/v0_7/val/G13/mid/ep_00487.npz
488,G13,val,mid,P2_triple,sc08,T2,7481,13.6,680,schedule_end,12,triple|zero,0.6,0.42,b8ccb13e95b7821cda3f36c21710bc2e230dc4e8a623c90f7e957808506d9559,c0e47c6eaa8b7312fbc508650f9e9cb7bff2883d36f6dba2a771a5894a6a0fd6,<HDD>/datasets/execution_wm/v0_7/val/G13/mid/ep_00488.npz
489,G13,val,mid,P2_triple,sc09,T3,7481,13.620000000000001,681,schedule_end,12,triple|zero,0.6,0.42,639c2c7c684496295d97f2829f9b3f7401ae4ed7ef5194259d2474eefbbcdf37,3dfb404338216b45bd4b1bee944f6ba2a1df4e71ee1891dcd7cb8798bc6d4d2f,<HDD>/datasets/execution_wm/v0_7/val/G13/mid/ep_00489.npz
490,G13,val,mid,P2_triple,sc10,T4,7481,13.6,680,schedule_end,12,triple|zero,0.6,0.42,2a1e665e97b54bda74261e6ede10862f6d0eeb3ac74eaf1755d82b850a1acb29,02016e22c0a1299d5826f7271658a076d881ac7e7a0131ad34072cf7cd9dabf0,<HDD>/datasets/execution_wm/v0_7/val/G13/mid/ep_00490.npz
491,G13,val,mid,P2_triple,sc11,T5,7481,13.6,680,schedule_end,12,triple|zero,0.6,0.42,756066e1a3a8d1069fe55c0af1778a9dfe9daa9d8943605e7574c1d9599f0459,9f094d6932bdc197a2093cd201a9ba559ba2f26fed4fcdf9957ddf578c36660c,<HDD>/datasets/execution_wm/v0_7/val/G13/mid/ep_00491.npz
468,G13,val,nominal,P0_seen_cell,sc00,T0,7481,13.6,680,schedule_end,12,double|single|zero,1.0,0.7,753be1178a8001a56868f11594f540b6b62f9bf3d0b6f6505e79cbafee4c1d6a,14a0e7e2f70867ac65c143c23c4066c127390c0090a0251e23a431d022ae0e4a,<HDD>/datasets/execution_wm/v0_7/val/G13/nominal/ep_00468.npz
469,G13,val,nominal,P0_seen_cell,sc01,T1,7481,13.6,680,schedule_end,12,double|single|zero,1.0,0.7,10e0426da4cb4ab8bc402254863bb44524defbfa4f0e644636e001d0835d61c7,db9daeb70fb0d2e28628ae79b5af64039ac95f47fcc211e834bcd9eeae39eed2,<HDD>/datasets/execution_wm/v0_7/val/G13/nominal/ep_00469.npz
470,G13,val,nominal,P0_seen_cell,sc02,T2,7481,13.6,680,schedule_end,12,double|single|zero,1.0,0.7,28804d5790969d264f8e3ad926d4e112700323b88f73490120f8355c46887775,add2a7fc0a22bab82f30ef0830b526e31bea0b17ba1abd48e92c7bd5da1f0d92,<HDD>/datasets/execution_wm/v0_7/val/G13/nominal/ep_00470.npz
471,G13,val,nominal,P0_seen_cell,sc03,T3,7481,13.620000000000001,681,schedule_end,12,double|single|zero,1.0,0.7,85a2ede7a5980a491928d1057e7c3b42ff25cee2f61d9d3fcb36eed57fbbf524,32e2744e50ccad1cbc765495da883c3ae05822e79fbfdabd3349e826935f53b2,<HDD>/datasets/execution_wm/v0_7/val/G13/nominal/ep_00471.npz
472,G13,val,nominal,P1_heldout_pair,sc04,T4,7481,13.6,680,schedule_end,12,double|zero,1.0,0.7,152465873c0773e8d38f9c2712c1ee8c52f2fa25fd7e58a75c6b28c7aef62fff,7795e88ea03d08061486cc8f53dacc9763aeb902c26eb10ad64fd010a9035565,<HDD>/datasets/execution_wm/v0_7/val/G13/nominal/ep_00472.npz
473,G13,val,nominal,P1_heldout_pair,sc05,T5,7481,13.6,680,schedule_end,12,double|zero,1.0,0.7,92c469452e41e3d260d13b97b8b1340c37b342eed04f46a91c718727c9f8df4d,52f471b05729410f0125dff5c76787a6ce2a6d5c03034e4a0680773769071b2a,<HDD>/datasets/execution_wm/v0_7/val/G13/nominal/ep_00473.npz
474,G13,val,nominal,P1_heldout_pair,sc06,T0,7481,13.6,680,schedule_end,12,double|zero,1.0,0.7,d7343592d410a76f5ce51189b531a6f00a2d7ea36c817a7136825cdffb029fce,19c6454db70e7b2124a255ed3fe74d5910e5db0ecfeeb4f0505c6b74119878c8,<HDD>/datasets/execution_wm/v0_7/val/G13/nominal/ep_00474.npz
475,G13,val,nominal,P1_heldout_pair,sc07,T1,7481,13.6,680,schedule_end,12,double|zero,1.0,0.7,8cbc9a6e978e6151b00c77cf69dde75ba86a1c230c63f934971f09a63f0b5e27,e13ba00528302e961f368f2b47acf9257e07d7e09394407851ccaf4481c65d13,<HDD>/datasets/execution_wm/v0_7/val/G13/nominal/ep_00475.npz
476,G13,val,nominal,P2_triple,sc08,T2,7481,13.6,680,schedule_end,12,triple|zero,1.0,0.7,a97d11d719f6ab738cf743ee545fc77b737c14a68f4c623174c389662dc0536f,c04c93281eb099bb72d819611eca924de4644f9a1e189f0924b252fa3fa4070c,<HDD>/datasets/execution_wm/v0_7/val/G13/nominal/ep_00476.npz
477,G13,val,nominal,P2_triple,sc09,T3,7481,13.620000000000001,681,schedule_end,12,triple|zero,1.0,0.7,d87704a742462cb1bc31d317be8f87b33e6707eb1ee544ce524939fd522eb0dd,3d632333f4f63be0f5842a2e016d66babbf8bf69df69b1da56b38c2059da55c4,<HDD>/datasets/execution_wm/v0_7/val/G13/nominal/ep_00477.npz
478,G13,val,nominal,P2_triple,sc10,T4,7481,13.6,680,schedule_end,12,triple|zero,1.0,0.7,aafc4e6e681759c296b2876743184d91892d49e5babf7133b13f885efe062c39,43a57360cd0e98816f020f6cbefee7db0b4bda7406065a0db48665c97872b5aa,<HDD>/datasets/execution_wm/v0_7/val/G13/nominal/ep_00478.npz
479,G13,val,nominal,P2_triple,sc11,T5,7481,13.6,680,schedule_end,12,triple|zero,1.0,0.7,284ecb84e376374264131237aa9c5e73fd06dd28fcad39bbce1d6f3799873ba4,37553701141c1c1cbc328e5e9ee7e540f1e3f8e31bdc937d84c1f8472723b45f,<HDD>/datasets/execution_wm/v0_7/val/G13/nominal/ep_00479.npz
528,G14,val,low,P0_seen_cell,sc00,T0,7518,13.6,680,schedule_end,12,double|single|zero,0.3,0.21,83101c9b82d76fdace29b2b4ae1efa890d3b0dc8a499dc540da91039b592a593,9824dbacfd0d6a08ed48b8cde13f727abffc2fdb827db05a2ea99fe9be4af59e,<HDD>/datasets/execution_wm/v0_7/val/G14/low/ep_00528.npz
529,G14,val,low,P0_seen_cell,sc01,T1,7518,13.6,680,schedule_end,12,double|single|zero,0.3,0.21,b12905abdfeb979e55b94ef5a28cba7909e1ef407a0dc1270b5196f2820970b0,5a0266a96a56ad8678b341b538660ee0886dd1d6dffb05c90c42f9d9b7db4069,<HDD>/datasets/execution_wm/v0_7/val/G14/low/ep_00529.npz
530,G14,val,low,P0_seen_cell,sc02,T2,7518,13.6,680,schedule_end,12,double|single|zero,0.3,0.21,b97845e64316a3a676122abf7fb79c5bee829640bb4e2e2a1055fe729e0e4074,e9f8bf9231843654b449bf1f13e08bf06341c6e2854b3b9d12a744a814a43840,<HDD>/datasets/execution_wm/v0_7/val/G14/low/ep_00530.npz
531,G14,val,low,P0_seen_cell,sc03,T3,7518,13.620000000000001,681,schedule_end,12,double|single|zero,0.3,0.21,c5de8b024d11276c79fcc5b4a4c56fdc426aa4a86c05c8324d1b87ff6ea014b1,30d6ade86f6c09bc90d18bfd6495eb6136c81234670c4fcd4e7ceefae735ed5c,<HDD>/datasets/execution_wm/v0_7/val/G14/low/ep_00531.npz
532,G14,val,low,P1_heldout_pair,sc04,T4,7518,13.6,680,schedule_end,12,double|zero,0.3,0.21,301a2859713600d9fa4e2e774ace8f5e17c146b458390465d7a49b4d823bd431,671435835e619ebacfacedfa83a34f2792c3fed797fd9cdaa4450dc399822ff6,<HDD>/datasets/execution_wm/v0_7/val/G14/low/ep_00532.npz
533,G14,val,low,P1_heldout_pair,sc05,T5,7518,13.6,680,schedule_end,12,double|zero,0.3,0.21,f015938d8e9dd6cd5d767e42f84f491a920e8814b5cdf8f8062128c764627cb3,064be166c31efb31544a37618488206238e8336d71c853968a0e3b6fff6bf68d,<HDD>/datasets/execution_wm/v0_7/val/G14/low/ep_00533.npz
534,G14,val,low,P1_heldout_pair,sc06,T0,7518,13.6,680,schedule_end,12,double|zero,0.3,0.21,f4e6b76356c3932262a779dd83cf27b1e4df743667d09ac696e9e952da7aeda2,85d9d67dd02d4f3535021aaade544ca56680c2da32b30bc9d7d579b3bd76d67e,<HDD>/datasets/execution_wm/v0_7/val/G14/low/ep_00534.npz
535,G14,val,low,P1_heldout_pair,sc07,T1,7518,13.6,680,schedule_end,12,double|zero,0.3,0.21,9364ffc65300d0d9e3ce3f196f295f58d8af7edcf84920e089263a291d8480a6,bbb14a1179f1ad8b028e070ffdd2d22cb9c6e79350c6d2c01f0357e307ae8dd2,<HDD>/datasets/execution_wm/v0_7/val/G14/low/ep_00535.npz
536,G14,val,low,P2_triple,sc08,T2,7518,13.6,680,schedule_end,12,triple|zero,0.3,0.21,dbb0f3a65f62659bbca61b526f418dd3d2c3566e74d79990df6de8d4f8932740,59724bf6e9d1599c6ccec263e6f9d506b2ce610e04b4dc16aea173c7216cedb8,<HDD>/datasets/execution_wm/v0_7/val/G14/low/ep_00536.npz
537,G14,val,low,P2_triple,sc09,T3,7518,13.620000000000001,681,schedule_end,12,triple|zero,0.3,0.21,f873df2d9d1a7a587ee65b89ed122dab8438c1c181c102515973c70d7d32288e,21192ceb6062b5d50224232cc11afefa7a5266cf16de4fe96c7f8162a87e6846,<HDD>/datasets/execution_wm/v0_7/val/G14/low/ep_00537.npz
538,G14,val,low,P2_triple,sc10,T4,7518,13.6,680,schedule_end,12,triple|zero,0.3,0.21,237d927a62a4d37110ac3083e702ba220027bdf3a712e504315fab36e6706577,cccdd81ef2145f5cd34f48168b04afee7bffa04d6fe2dfbfaf12c9437fedc74e,<HDD>/datasets/execution_wm/v0_7/val/G14/low/ep_00538.npz
539,G14,val,low,P2_triple,sc11,T5,7518,13.6,680,schedule_end,12,triple|zero,0.3,0.21,e44b5cd71074bc3ee1cbb802e0fcfb4e9b68de5c9a4c76b000c06e5c6eb216fa,b114da760216e12956186b4b25a89c5ec65836d74e59dde4afd5c42d77d99318,<HDD>/datasets/execution_wm/v0_7/val/G14/low/ep_00539.npz
516,G14,val,mid,P0_seen_cell,sc00,T0,7518,13.6,680,schedule_end,12,double|single|zero,0.6,0.42,6857975883edae5596d014876c4d39d031410b5ba081893557f0e784ea617208,9842f463c659123e01a9ad29d52b12b81e80019ab94d37daf3345b8efe6a0e18,<HDD>/datasets/execution_wm/v0_7/val/G14/mid/ep_00516.npz
517,G14,val,mid,P0_seen_cell,sc01,T1,7518,13.6,680,schedule_end,12,double|single|zero,0.6,0.42,67f8509671c24da003d14292d20f0a48a0c223a5b7c65c665ee7e4e1b1937325,c7e26910e15b49e29951701cc3f5c5db2634996eca398f178cc3a26ce02f73cd,<HDD>/datasets/execution_wm/v0_7/val/G14/mid/ep_00517.npz
518,G14,val,mid,P0_seen_cell,sc02,T2,7518,13.6,680,schedule_end,12,double|single|zero,0.6,0.42,90d44ef5317589226c99146ed6bce9e449a9113172a4e689f2c5184bcad6bd95,88638d9b211e622b1fbaa8cc67b45fd1ec4ab25a879151edbdce139c713fb53d,<HDD>/datasets/execution_wm/v0_7/val/G14/mid/ep_00518.npz
519,G14,val,mid,P0_seen_cell,sc03,T3,7518,13.620000000000001,681,schedule_end,12,double|single|zero,0.6,0.42,db0c8b62cc8b2229c6ff863c4945de4deff60afccde26f8997ab952ee9dc9052,b38ae3478c26d8ecc1582f0d562c0562e6dd6f68698f9679a8aca18479bb6722,<HDD>/datasets/execution_wm/v0_7/val/G14/mid/ep_00519.npz
520,G14,val,mid,P1_heldout_pair,sc04,T4,7518,13.6,680,schedule_end,12,double|zero,0.6,0.42,edd61d123adf09a1f6030b2669eb25ea40f24cc04985eac99e2b80364a94c4d1,684fa2cf1fe2baedb2eef332fdee28db7f86e7619db06fa43797fd3f2a56111c,<HDD>/datasets/execution_wm/v0_7/val/G14/mid/ep_00520.npz
521,G14,val,mid,P1_heldout_pair,sc05,T5,7518,13.6,680,schedule_end,12,double|zero,0.6,0.42,198269ac7dffdebaface28a907226051c7c19d700b5359ef76e035bb70beff37,cd1eb24304d7f59285f2be1e90081a1142ee836bdee30e954ba4fe3b281c71e0,<HDD>/datasets/execution_wm/v0_7/val/G14/mid/ep_00521.npz
522,G14,val,mid,P1_heldout_pair,sc06,T0,7518,13.6,680,schedule_end,12,double|zero,0.6,0.42,e28352b9e0fff0744c775b4b92489bba3d627c94722cc62f46d904e428973b14,0ea99da520148e10451c6f8177dc127fba9ea0448ae0595c1ab9b7344b433dcf,<HDD>/datasets/execution_wm/v0_7/val/G14/mid/ep_00522.npz
523,G14,val,mid,P1_heldout_pair,sc07,T1,7518,13.6,680,schedule_end,12,double|zero,0.6,0.42,8090c7f501e290d1450ca874303f211778e75646857d37c8cf69ab56884171e0,6cc3cfd62134d5209a7cca7cdd270a87ad18fbf7faa503a9f83f24cb5fbe4a87,<HDD>/datasets/execution_wm/v0_7/val/G14/mid/ep_00523.npz
524,G14,val,mid,P2_triple,sc08,T2,7518,13.6,680,schedule_end,12,triple|zero,0.6,0.42,210f394f5b7a6cd98f9a34e129424d1d07fa1906f53fb9b5aa3abe93916f118d,afde5aff874ed357f0acf55adf52890b03e7ffde40e60c1c051f8e78eff6ee3f,<HDD>/datasets/execution_wm/v0_7/val/G14/mid/ep_00524.npz
525,G14,val,mid,P2_triple,sc09,T3,7518,13.620000000000001,681,schedule_end,12,triple|zero,0.6,0.42,f0e5362ecbb496b07d2b6c184a1c4d4f3558cc53d4537cf623509179e49d9c75,572fb71a0c569b62d9ad02340276ac2e8965593d94813fc4af0431de406ef7e8,<HDD>/datasets/execution_wm/v0_7/val/G14/mid/ep_00525.npz
526,G14,val,mid,P2_triple,sc10,T4,7518,13.6,680,schedule_end,12,triple|zero,0.6,0.42,f3be4f532dc7541d4453dc98b43c47105e05c13e3f19c51d529de80ee17860e0,180c52e2acd94ef942030450f7745c46ec0a3e179fd102ce379aebe13ea77ada,<HDD>/datasets/execution_wm/v0_7/val/G14/mid/ep_00526.npz
527,G14,val,mid,P2_triple,sc11,T5,7518,13.6,680,schedule_end,12,triple|zero,0.6,0.42,d2d7eb0b0f58045e65200010cabf33ad268cb3068089303ce18c8aaba3a69a97,37bd82ad9f392ffe8c24d9b5624179288e4b0eb4b2767fc795323b3378922d9a,<HDD>/datasets/execution_wm/v0_7/val/G14/mid/ep_00527.npz
504,G14,val,nominal,P0_seen_cell,sc00,T0,7518,13.6,680,schedule_end,12,double|single|zero,1.0,0.7,9bd7f2487c7c1fb6b9a1920c7da6632acd721860d1b146f880f1f16db68c53d8,04edfd29b1fe6a607f1fdf4f31fdbc1ec04a23cc4d5ee23819a02a7b625b18d5,<HDD>/datasets/execution_wm/v0_7/val/G14/nominal/ep_00504.npz
505,G14,val,nominal,P0_seen_cell,sc01,T1,7518,13.6,680,schedule_end,12,double|single|zero,1.0,0.7,4a56112c42b851067e54e4f3db53c63a6f1c785c3c9f055be4745d76c7b66f92,8a38f132c8736be1eb128e090235a91ba86e2cde45987268ccea4a2b7656b39f,<HDD>/datasets/execution_wm/v0_7/val/G14/nominal/ep_00505.npz
506,G14,val,nominal,P0_seen_cell,sc02,T2,7518,13.6,680,schedule_end,12,double|single|zero,1.0,0.7,af8f5088e9d52cbd3047a2c6d086125f3973661929e2305b2a115447e80f17b0,ef14fa19c527df60806ed8425e6c048715bd137ed8a5f38392338e2dad192cfb,<HDD>/datasets/execution_wm/v0_7/val/G14/nominal/ep_00506.npz
507,G14,val,nominal,P0_seen_cell,sc03,T3,7518,13.620000000000001,681,schedule_end,12,double|single|zero,1.0,0.7,485b1f092ab6ccef2cff29a3b79787485341cd7c65120526d531f6c74c830039,e757b346f518f0169480bf7ba1005a8a3a38aaed4571495a73eb5f482fad8517,<HDD>/datasets/execution_wm/v0_7/val/G14/nominal/ep_00507.npz
508,G14,val,nominal,P1_heldout_pair,sc04,T4,7518,13.6,680,schedule_end,12,double|zero,1.0,0.7,d512839e4385d8b9ead45323b3c4556e5d3a1093945c74806100a78f3ed3f086,8f0f10430c2f73615c1060be6d7385737702ca4cbbe07892ed9a7d6de4e7c7c4,<HDD>/datasets/execution_wm/v0_7/val/G14/nominal/ep_00508.npz
509,G14,val,nominal,P1_heldout_pair,sc05,T5,7518,13.6,680,schedule_end,12,double|zero,1.0,0.7,0febf685d1925ccdb9db49a6c36f7c1c8f654241678a8f55aa568c790d8c3f96,03af2e6f098ecc1f63f34f6b34f0e73159c09205a36c70e15bd4e5dadaf409b3,<HDD>/datasets/execution_wm/v0_7/val/G14/nominal/ep_00509.npz
510,G14,val,nominal,P1_heldout_pair,sc06,T0,7518,13.6,680,schedule_end,12,double|zero,1.0,0.7,2d03192a0cf437bc202655517f463bd80cddece98cf11ea4b7e05a158a6215e7,871996dfffa412aa1cf86300de8d0e8bdef2b4e25ad663fc3e9bcd9adaf0d3f7,<HDD>/datasets/execution_wm/v0_7/val/G14/nominal/ep_00510.npz
511,G14,val,nominal,P1_heldout_pair,sc07,T1,7518,13.6,680,schedule_end,12,double|zero,1.0,0.7,ac808e67d4d284eeef73959ebeea1b4eca97121edafb1b5d678d1acd5830fd87,b1075c7184346324f72a181f8b76dc0ade1a6450405766c211b15e6db9e88253,<HDD>/datasets/execution_wm/v0_7/val/G14/nominal/ep_00511.npz
512,G14,val,nominal,P2_triple,sc08,T2,7518,13.6,680,schedule_end,12,triple|zero,1.0,0.7,4ae43682816cdbc79364aff365fc629a62b006baf88a1c13ee6e80dc49d48d37,b81c950321ff33a7531bd6f79ab10a7bdf94794cfd8a753caa1fbd7af4113fd3,<HDD>/datasets/execution_wm/v0_7/val/G14/nominal/ep_00512.npz
513,G14,val,nominal,P2_triple,sc09,T3,7518,13.620000000000001,681,schedule_end,12,triple|zero,1.0,0.7,9eb545a44fd542db4f3a405323acab19921272bc837310101cf7c1a36c6704d4,b930ebc8de62bcd029d7ebb56db4a27df30ed60f51182579f2a23d0a249e6dc2,<HDD>/datasets/execution_wm/v0_7/val/G14/nominal/ep_00513.npz
514,G14,val,nominal,P2_triple,sc10,T4,7518,13.6,680,schedule_end,12,triple|zero,1.0,0.7,3ee1e70ce6747882bbd2dd1cfe5ac21d4e99d01ca09589aff647ad271468a925,abcfdef02f033994523804d16688cf059ce4734dfa960a04c1e0dc7c96f6c621,<HDD>/datasets/execution_wm/v0_7/val/G14/nominal/ep_00514.npz
515,G14,val,nominal,P2_triple,sc11,T5,7518,13.6,680,schedule_end,12,triple|zero,1.0,0.7,9bfc002361245cb2714bdeff397b50f417aaa4c2e3c36677c28fbc434c7bc546,585c914e3da34e2b1f1d681924cb46bdc08a2b0fbcfaa5a2a934aa8d6e4aebe9,<HDD>/datasets/execution_wm/v0_7/val/G14/nominal/ep_00515.npz
564,G15,val,low,P0_seen_cell,sc00,T0,7555,13.6,680,schedule_end,12,double|single|zero,0.3,0.21,f302dd126fb86fec6f9a9e5b5fa5b780f285542a56edb4453e08116ee34eb513,073bad5aa62518df9da0d4a2d3572e56b5438986de500388a5a6ab0f6347649e,<HDD>/datasets/execution_wm/v0_7/val/G15/low/ep_00564.npz
565,G15,val,low,P0_seen_cell,sc01,T1,7555,13.6,680,schedule_end,12,double|single|zero,0.3,0.21,38890cc0a2862248107d139082c0565086154cbaa9015837051d5449a20b77f7,536aacf384a3f4c4682dc4db027bd9ccc6b4a8c37260e8586dcae8070fc4190b,<HDD>/datasets/execution_wm/v0_7/val/G15/low/ep_00565.npz
566,G15,val,low,P0_seen_cell,sc02,T2,7555,13.6,680,schedule_end,12,double|single|zero,0.3,0.21,28cf4e2b2b5aaa47b462f45dbc7231de9871fdc8b0d42616c051ea50951f5020,f17f9f436872b2cc331d97deb6ad840c0d9c0f36d1394c1e162f16c03055ae1f,<HDD>/datasets/execution_wm/v0_7/val/G15/low/ep_00566.npz
567,G15,val,low,P0_seen_cell,sc03,T3,7555,13.620000000000001,681,schedule_end,12,double|single|zero,0.3,0.21,b1d3b95ba639a40ef134a2929c9fa1d6f8c37682f6743147c9520f03026a12db,664bf2637fcfb3994b767f6e01385fc61456fac06ea8ca8c1a414ec7f7fec802,<HDD>/datasets/execution_wm/v0_7/val/G15/low/ep_00567.npz
568,G15,val,low,P1_heldout_pair,sc04,T4,7555,13.6,680,schedule_end,12,double|zero,0.3,0.21,b042450425dbebf5702d44e937ca1854e4ccb6e73f1fb435dacda992ac8c1186,7466c99af744d1b8e047a5ae837709dddfc662846d0ff73e5e626446696d532f,<HDD>/datasets/execution_wm/v0_7/val/G15/low/ep_00568.npz
569,G15,val,low,P1_heldout_pair,sc05,T5,7555,13.6,680,schedule_end,12,double|zero,0.3,0.21,610b45abf1b6c2bbe75a914c7089539135f124851f611edb0391c2eafe0fc463,a0ef36fbdc587a09ef53779228e56c09bb2fdcf68e59ec41e0c0093fdb71fb47,<HDD>/datasets/execution_wm/v0_7/val/G15/low/ep_00569.npz
570,G15,val,low,P1_heldout_pair,sc06,T0,7555,13.6,680,schedule_end,12,double|zero,0.3,0.21,196ff5e9edd439ef75e2dd24591b3541eb16bfcdb02ae432f6f0d39a15643b2f,09ce259b792916561bf23795b57901e93217f5a829398e86362f71d3ba6040f0,<HDD>/datasets/execution_wm/v0_7/val/G15/low/ep_00570.npz
571,G15,val,low,P1_heldout_pair,sc07,T1,7555,13.6,680,schedule_end,12,double|zero,0.3,0.21,0d1b3b3e2cc785be69790be23310b1bebbe15733b131993ec64d64219f5fa40e,ebd408b6915e45aa345970e03271b9251388e41bc9f89057b3e1b95ec3c772ec,<HDD>/datasets/execution_wm/v0_7/val/G15/low/ep_00571.npz
572,G15,val,low,P2_triple,sc08,T2,7555,13.6,680,schedule_end,12,triple|zero,0.3,0.21,0757b5892d9dbe525ef70b824e61c19728ae25321fe27c79b28f57ed002f4fec,6402b33583b4cbf1a80300215e161914e03660a68d47fb22b36e8f293a8ba0b1,<HDD>/datasets/execution_wm/v0_7/val/G15/low/ep_00572.npz
573,G15,val,low,P2_triple,sc09,T3,7555,13.620000000000001,681,schedule_end,12,triple|zero,0.3,0.21,0eb766d1b2cc9488c03963a7995dcae3301067b2d2e5083c633af906349f9bc1,90c9e7559d34d1ed3fdca8ffd260be3eb91bdcacb3a87af7e60429e1defd65fa,<HDD>/datasets/execution_wm/v0_7/val/G15/low/ep_00573.npz
574,G15,val,low,P2_triple,sc10,T4,7555,13.6,680,schedule_end,12,triple|zero,0.3,0.21,27cf35a7cf7213bf111e80be215bfbe676ad008dbde90acb9d39f7a988ed6277,b522cee7c8265099c9fcc0b100f7cb9a4c56c5adb1bc02b800e0db61d46776f6,<HDD>/datasets/execution_wm/v0_7/val/G15/low/ep_00574.npz
575,G15,val,low,P2_triple,sc11,T5,7555,13.6,680,schedule_end,12,triple|zero,0.3,0.21,d79095f45369ab54b4abd9f320d530cb7fc84188e849ad79fa549e56f7b96d08,0f596a1e5b2cf279df45cbbcdca8db4fd949ea30c08f12e611bc987421373e7d,<HDD>/datasets/execution_wm/v0_7/val/G15/low/ep_00575.npz
552,G15,val,mid,P0_seen_cell,sc00,T0,7555,13.6,680,schedule_end,12,double|single|zero,0.6,0.42,cef2fc5f01be79de3a1cc7ac4ea3a80a326fa8ebd7c5fc08eeddfe9af38b673b,ad647fbf9fef37d6ab28a35d8f079a0469270f29336a1ee3fe9db160d2c8ff47,<HDD>/datasets/execution_wm/v0_7/val/G15/mid/ep_00552.npz
553,G15,val,mid,P0_seen_cell,sc01,T1,7555,13.6,680,schedule_end,12,double|single|zero,0.6,0.42,a287b9942eba4306d7e67d260b3897b9b9369c0821677dbf73f9d3d7e4b450a9,a41b16b651187a1c587edd5d6aa601357b04a34b53769cf4bf5603720f00e9f7,<HDD>/datasets/execution_wm/v0_7/val/G15/mid/ep_00553.npz
554,G15,val,mid,P0_seen_cell,sc02,T2,7555,13.6,680,schedule_end,12,double|single|zero,0.6,0.42,93f78e8fd86e387b8612433b1828c79d4d1bcc64b1360099fb2053e97e942ee5,389d64f77432e26ece6df30a281566f8c7ea34988727bd71cd0ecfa997391bfd,<HDD>/datasets/execution_wm/v0_7/val/G15/mid/ep_00554.npz
555,G15,val,mid,P0_seen_cell,sc03,T3,7555,13.620000000000001,681,schedule_end,12,double|single|zero,0.6,0.42,109e00ddc2dea208529bcfbed282a17e0ff58e632e65324194f62953ae1c0c2c,1291ce75697102227f931ae1bde3d2197c5d49fe13d69bb7a9983d928ffd1e3b,<HDD>/datasets/execution_wm/v0_7/val/G15/mid/ep_00555.npz
556,G15,val,mid,P1_heldout_pair,sc04,T4,7555,13.6,680,schedule_end,12,double|zero,0.6,0.42,eafcb7a76e6274b674e53a478e9f77a7d22e9c5f25b4a09cf8a8c45794d79c5e,49902c3c79c683ef2557d3d84e067d02e63c94bf3deb1597d5960267af030b19,<HDD>/datasets/execution_wm/v0_7/val/G15/mid/ep_00556.npz
557,G15,val,mid,P1_heldout_pair,sc05,T5,7555,13.6,680,schedule_end,12,double|zero,0.6,0.42,0b3b2dfb5952ae026851cfb3705bc8628b1b841f0a8d6ed71a921a0a0952b088,10de5dc9292d1aebc2c54b3a9bd6f76cba5bf84a6496f4ca35494fafb91dc1e9,<HDD>/datasets/execution_wm/v0_7/val/G15/mid/ep_00557.npz
558,G15,val,mid,P1_heldout_pair,sc06,T0,7555,13.6,680,schedule_end,12,double|zero,0.6,0.42,a49930aa1660c1a32ea32f16a1456d745073979dd40e64c2e158a712d47fb889,d4fe67ca65ce3a67645c33285d773b37366a5019b096f581ee675cb34c2201f5,<HDD>/datasets/execution_wm/v0_7/val/G15/mid/ep_00558.npz
559,G15,val,mid,P1_heldout_pair,sc07,T1,7555,13.6,680,schedule_end,12,double|zero,0.6,0.42,93a8a29d99fbfb9594ee25e5797eaced46528b6878523db48fd12b347ec92037,23f353f584d473051a565989c0c50b9b0b4f34d10a514121aa5848c5355a714e,<HDD>/datasets/execution_wm/v0_7/val/G15/mid/ep_00559.npz
560,G15,val,mid,P2_triple,sc08,T2,7555,13.6,680,schedule_end,12,triple|zero,0.6,0.42,17e155da5747a9abf82aad6d614ef37950faf5ccbf602555c6daf6f1eb3ed9fe,8b7def82b00dc4a1265660e196b6c0b1992fd465f31f11449542e81768f4ef80,<HDD>/datasets/execution_wm/v0_7/val/G15/mid/ep_00560.npz
561,G15,val,mid,P2_triple,sc09,T3,7555,13.620000000000001,681,schedule_end,12,triple|zero,0.6,0.42,1d6aa6048df7508dacf16d70627771e1ea38f070e4958da918f024d6141f971e,0354932d29f58bdd4ad2ff77f69b61171f625eee79cb7699cdeef11de64d89a8,<HDD>/datasets/execution_wm/v0_7/val/G15/mid/ep_00561.npz
562,G15,val,mid,P2_triple,sc10,T4,7555,13.6,680,schedule_end,12,triple|zero,0.6,0.42,13fe1aab99ec9cb21ba894b189d6e316880ebae72a64c653bc7eebc83363f720,2443ae7bfa77d64e06f9fa68e81701899b9aba916ef12a618e3ccb95b8d7fc92,<HDD>/datasets/execution_wm/v0_7/val/G15/mid/ep_00562.npz
563,G15,val,mid,P2_triple,sc11,T5,7555,13.6,680,schedule_end,12,triple|zero,0.6,0.42,6ed373f8281693038f1b348ecf623b73d1aaa7e01d68d3c7b21cf19b397e2830,3932cfcf28e6481236d99d760a5a9daed7506b89e59ad14015f98c316fca6297,<HDD>/datasets/execution_wm/v0_7/val/G15/mid/ep_00563.npz
540,G15,val,nominal,P0_seen_cell,sc00,T0,7555,13.6,680,schedule_end,12,double|single|zero,1.0,0.7,341349c041b3d832eb09d2ccfd76e74f152b1ad548096e587b48a5d5fb1afc84,320eb4ab6c81b8a698659708fe37cf1bf6c87c363622a8ec1806e080fbfe6a08,<HDD>/datasets/execution_wm/v0_7/val/G15/nominal/ep_00540.npz
541,G15,val,nominal,P0_seen_cell,sc01,T1,7555,13.6,680,schedule_end,12,double|single|zero,1.0,0.7,21a0094260b145e7b47ed5c77a6b572ca623c0860f2a1c1f1bf6381180d86377,54fd10a459f3d2e287a6a95a2bea9cc63bf67952f8b25cd9afe02f28fa011fc4,<HDD>/datasets/execution_wm/v0_7/val/G15/nominal/ep_00541.npz
542,G15,val,nominal,P0_seen_cell,sc02,T2,7555,13.6,680,schedule_end,12,double|single|zero,1.0,0.7,fd221c1c120c51e749c54fe75a577a882cdade358d56c4555ddb93ec45a272fd,83b78e24b0c8de10bd42668e1671217d78e8b4625556dc7cbb6323e95d4eac58,<HDD>/datasets/execution_wm/v0_7/val/G15/nominal/ep_00542.npz
543,G15,val,nominal,P0_seen_cell,sc03,T3,7555,13.620000000000001,681,schedule_end,12,double|single|zero,1.0,0.7,95adad5adca6f9cf50206a66c66c5f2736463ceb92966e00ef376daf87d75e7a,96bcb7ac85d4c8b088a013acb21b17a8b6a06a4318f623c1019f88090475a313,<HDD>/datasets/execution_wm/v0_7/val/G15/nominal/ep_00543.npz
544,G15,val,nominal,P1_heldout_pair,sc04,T4,7555,13.6,680,schedule_end,12,double|zero,1.0,0.7,6cfa103870e726b60a89bc990b0a82d37fcd11a3dc61bd2dba1149d31ccb7b20,472dd5def7d6526ba15516874f4d2b317197bb33f5c43ea4535589e583fd66ac,<HDD>/datasets/execution_wm/v0_7/val/G15/nominal/ep_00544.npz
545,G15,val,nominal,P1_heldout_pair,sc05,T5,7555,13.6,680,schedule_end,12,double|zero,1.0,0.7,a292fdd7b5816b8398c9cf743ef95174c2e18a06f9c8ac4e646e60a2f9141829,6c04ca26701355e1f32e36abade956f16ea9c3b6ed6682ebf912a39451647810,<HDD>/datasets/execution_wm/v0_7/val/G15/nominal/ep_00545.npz
546,G15,val,nominal,P1_heldout_pair,sc06,T0,7555,13.6,680,schedule_end,12,double|zero,1.0,0.7,c5d3e7def1b7c95b32c974819ff812c675bb1ac79d71cfee77175800adc84941,e18699b6d93ad5dc9cfebd7fbb90e62efb9b2703ea24eae2800e85a907cd6f12,<HDD>/datasets/execution_wm/v0_7/val/G15/nominal/ep_00546.npz
547,G15,val,nominal,P1_heldout_pair,sc07,T1,7555,13.6,680,schedule_end,12,double|zero,1.0,0.7,75af828a1e14ee317b90ace2f5839ce5927683a85647065bb736dd19f835eb61,98f6a2d9dac00527a4cf082c49648f90c6b987ca74a1c332ac4945c903c4432d,<HDD>/datasets/execution_wm/v0_7/val/G15/nominal/ep_00547.npz
548,G15,val,nominal,P2_triple,sc08,T2,7555,13.6,680,schedule_end,12,triple|zero,1.0,0.7,684b73732128781134baf8aeb8a4d7814b488016fd0f651d3adc39d4208d9ccb,accb811c1eb042d62dd89184062bcbb9ffe20d408f02a77ce05aa827d31efe64,<HDD>/datasets/execution_wm/v0_7/val/G15/nominal/ep_00548.npz
549,G15,val,nominal,P2_triple,sc09,T3,7555,13.620000000000001,681,schedule_end,12,triple|zero,1.0,0.7,2c51d5a48d5133f7174c54f1c6f4fe85a0895af2c40e22fd84acdb523a846a3d,d3ae70c33eeb4ba0a7acfdccb401e33acc391c805d4573b0898f26ef3e0d79aa,<HDD>/datasets/execution_wm/v0_7/val/G15/nominal/ep_00549.npz
550,G15,val,nominal,P2_triple,sc10,T4,7555,13.6,680,schedule_end,12,triple|zero,1.0,0.7,cbdf33f5f15d8088dd630e3a08b8969e2a2013cccf1b80d64e99cc44dbb34e02,e32b01d1592e0b29ea496f528cd067d806a161fa649324c0b8fe4894dea7b5ba,<HDD>/datasets/execution_wm/v0_7/val/G15/nominal/ep_00550.npz
551,G15,val,nominal,P2_triple,sc11,T5,7555,13.6,680,schedule_end,12,triple|zero,1.0,0.7,cf7a7327c0171af26c172aff6210edc21103aa7fdfd069d7bdf9dbab94e126a8,c0f1e8ab2a603ceee9ee5d415542b75ad921be13d01cbded19da44a7d7ab72aa,<HDD>/datasets/execution_wm/v0_7/val/G15/nominal/ep_00551.npz
600,G16,val,low,P0_seen_cell,sc00,T0,7592,13.6,680,schedule_end,12,double|single|zero,0.3,0.21,7ee412c38898bef4654e460fa95f1d125d415dba43309c225da22ab4b6e194d4,114e359385b686955e71270d46e75c4cf3d5b51d794aac2643971a1e7cff5618,<HDD>/datasets/execution_wm/v0_7/val/G16/low/ep_00600.npz
601,G16,val,low,P0_seen_cell,sc01,T1,7592,13.6,680,schedule_end,12,double|single|zero,0.3,0.21,001d79b4bdb844d06753d97da79c7b44238f2a10620064df3ffc1c82d966966f,74907126feabedb7aa928e0c57dbf3e7522d8124947aeefa0cd8269bca6049c3,<HDD>/datasets/execution_wm/v0_7/val/G16/low/ep_00601.npz
602,G16,val,low,P0_seen_cell,sc02,T2,7592,13.6,680,schedule_end,12,double|single|zero,0.3,0.21,9ab68a44d3d9dae3acafaf790857b796589484b3c231acc783aec69c1508659f,424f2c2300a495ae3e3943da8b08e898efbda749a2bf419f1aa983f06947536a,<HDD>/datasets/execution_wm/v0_7/val/G16/low/ep_00602.npz
603,G16,val,low,P0_seen_cell,sc03,T3,7592,13.620000000000001,681,schedule_end,12,double|single|zero,0.3,0.21,055a5632c203c0e884d2338e8d0a8b85432d3ca32bd74816966acddfb3193da7,1923ec71b78a00d3f1023d7f1db97810614a04e593b12b6c991eaa0ac711df02,<HDD>/datasets/execution_wm/v0_7/val/G16/low/ep_00603.npz
604,G16,val,low,P1_heldout_pair,sc04,T4,7592,13.6,680,schedule_end,12,double|zero,0.3,0.21,16cf9be3c8bf9bd7d401fca697a1c729142b4502119f17dc0ba0d17eeb5a79d2,97997c826cf20d250548283a0adb1c5bcbb024b97da2c2d659ddc290612aa4f1,<HDD>/datasets/execution_wm/v0_7/val/G16/low/ep_00604.npz
605,G16,val,low,P1_heldout_pair,sc05,T5,7592,13.6,680,schedule_end,12,double|zero,0.3,0.21,84167394d16b6abd1f71779844acbd6033cef195467404cf2f50cd7fd2d2c710,1cad4156bb09561ba7a24112b650f29e4cdc807a3f68c4b554bc726e412322b7,<HDD>/datasets/execution_wm/v0_7/val/G16/low/ep_00605.npz
606,G16,val,low,P1_heldout_pair,sc06,T0,7592,13.6,680,schedule_end,12,double|zero,0.3,0.21,47cad01a0639b48a07af60a4ea7a36a42186ec4b5fb0205d9baf29bbd8ce90e7,8223c1d300ae23e7a4ff24b9ef8e3292d8d9bd27fe8464030488fd9585b07c47,<HDD>/datasets/execution_wm/v0_7/val/G16/low/ep_00606.npz
607,G16,val,low,P1_heldout_pair,sc07,T1,7592,13.6,680,schedule_end,12,double|zero,0.3,0.21,92ddb721f3b4dac37162e9699913e7949f1f07a91976fabef18c85887638a5f4,d095d49c0468aae2f2ca60ccab063c840424000803f7fbfe72e0eb1cb500191f,<HDD>/datasets/execution_wm/v0_7/val/G16/low/ep_00607.npz
608,G16,val,low,P2_triple,sc08,T2,7592,13.6,680,schedule_end,12,triple|zero,0.3,0.21,e374ec84269c83054d350e62a6c30a02bb2eae423d4d5c0bc363c685aa93323a,fb6efb2cd442f527eb5b47b84af0762ee8b39ce9b5286b54faae7ddf9b1cda03,<HDD>/datasets/execution_wm/v0_7/val/G16/low/ep_00608.npz
609,G16,val,low,P2_triple,sc09,T3,7592,13.620000000000001,681,schedule_end,12,triple|zero,0.3,0.21,1de7035eba7b8a25e6a531f60d138b5f531516322ad5b2d53c141af080d2a1f6,fa5b577af36f4d27b2b6743998e6a14de3c3d45bb296f2dc4cbdb3ae07288bdb,<HDD>/datasets/execution_wm/v0_7/val/G16/low/ep_00609.npz
610,G16,val,low,P2_triple,sc10,T4,7592,13.6,680,schedule_end,12,triple|zero,0.3,0.21,fbb4cd0d715de604073ca021f3b23f35bc00d3de6c581ebae4dda6a9ef4ca13b,22e3d20619e69ebbe8e46001ca494e5cea82cfcd257262d8cc3e47ce59b5c1b9,<HDD>/datasets/execution_wm/v0_7/val/G16/low/ep_00610.npz
611,G16,val,low,P2_triple,sc11,T5,7592,13.6,680,schedule_end,12,triple|zero,0.3,0.21,6deabb2c0401302d47f83f1cfbaf245fa58acacaed925866694b8559df888fbe,309ef58efe0035f99529559f47e244cd3c4a5258fcd193e274ae896b64ee8c75,<HDD>/datasets/execution_wm/v0_7/val/G16/low/ep_00611.npz
588,G16,val,mid,P0_seen_cell,sc00,T0,7592,13.6,680,schedule_end,12,double|single|zero,0.6,0.42,e94aaf80d27bc25f2864c9270a86cf433ddcb3b2fff391424a0a16cd8dc445c3,5f45ec8d296532e18f7c302c6feb59da8fdf366122a21fe16b1151f177eabf61,<HDD>/datasets/execution_wm/v0_7/val/G16/mid/ep_00588.npz
589,G16,val,mid,P0_seen_cell,sc01,T1,7592,13.6,680,schedule_end,12,double|single|zero,0.6,0.42,c7986951ceb4b36a7d1a965344a0df866dede81350089fb715edb0ec7da56237,d2b086e0879c385434f4d555dfed4116c8bd41d1f81efadb5fafb5d9515fd934,<HDD>/datasets/execution_wm/v0_7/val/G16/mid/ep_00589.npz
590,G16,val,mid,P0_seen_cell,sc02,T2,7592,13.6,680,schedule_end,12,double|single|zero,0.6,0.42,74d171cab55795f0dcdbcb49419b87522bac35df368f93bbf080a42c84ef3fbd,188b40de495a76ae44d3797992be8008cf86baaf9a0187060fb294d15bdcfa72,<HDD>/datasets/execution_wm/v0_7/val/G16/mid/ep_00590.npz
591,G16,val,mid,P0_seen_cell,sc03,T3,7592,13.620000000000001,681,schedule_end,12,double|single|zero,0.6,0.42,f161bba0d1f761781cc632b9ced4d7f4d81f74144f0b012e80240b1c9522f0a0,704f1324e90e8979ebba790da253fe84ece37c6628eed2bc6a6c7aefb5069342,<HDD>/datasets/execution_wm/v0_7/val/G16/mid/ep_00591.npz
592,G16,val,mid,P1_heldout_pair,sc04,T4,7592,13.6,680,schedule_end,12,double|zero,0.6,0.42,429d560421615c9d8716e078cd614428ea333271441d1793c5630846e73be1b9,3e5269b6906824f26ac2305803485da285a8888dbf786fe891babcef8255c637,<HDD>/datasets/execution_wm/v0_7/val/G16/mid/ep_00592.npz
593,G16,val,mid,P1_heldout_pair,sc05,T5,7592,13.6,680,schedule_end,12,double|zero,0.6,0.42,596ec81d8e8e061d615705f85950b2456b260799454c4f082d8de2f1ad100399,4bb7297ad5a44ac96aac46b5c4e3e013dbc76689f205411cbdbdd02ad1c66fc9,<HDD>/datasets/execution_wm/v0_7/val/G16/mid/ep_00593.npz
594,G16,val,mid,P1_heldout_pair,sc06,T0,7592,13.6,680,schedule_end,12,double|zero,0.6,0.42,8f0ea723ed097e0f7d3b01b37dbad50c707c39050d1ff41dae343b94e8fc4605,59d3f487229bd68653682fe5e182c85ac039dc355ac49f42b64686f8adf8e8e4,<HDD>/datasets/execution_wm/v0_7/val/G16/mid/ep_00594.npz
595,G16,val,mid,P1_heldout_pair,sc07,T1,7592,13.6,680,schedule_end,12,double|zero,0.6,0.42,731ecd7836ee51f88c2fd58bbcda789399da03bb7b7793cbd660973e2e83ac0c,cff993d4535227979cc472fa75c91d9f6b08f4df867ad4899e353301abc6a8d0,<HDD>/datasets/execution_wm/v0_7/val/G16/mid/ep_00595.npz
596,G16,val,mid,P2_triple,sc08,T2,7592,13.6,680,schedule_end,12,triple|zero,0.6,0.42,56ed34448510dc1c0fc7feaac2c3d489f37780cd564bcd35cdc352aa34406387,25a9bac0bf147f3eb27bed98adf1c00c75f152bece17c59a326706832a9601ec,<HDD>/datasets/execution_wm/v0_7/val/G16/mid/ep_00596.npz
597,G16,val,mid,P2_triple,sc09,T3,7592,13.620000000000001,681,schedule_end,12,triple|zero,0.6,0.42,0e5d1dce728bdb43d12bb04f985340c9687eeac49c4cc06174f8e1084af5a47f,909ffd83d7075e582f62d796e19ac67bd734cbdce3b8832ccee34037301ace98,<HDD>/datasets/execution_wm/v0_7/val/G16/mid/ep_00597.npz
598,G16,val,mid,P2_triple,sc10,T4,7592,13.6,680,schedule_end,12,triple|zero,0.6,0.42,558d35a3d803091fc2bcc131fa4a941ded3d6969ad97e84f2adbe0c0301ae70a,67d6511e099c4b3dc332e4b8099a1f8f86e724ed1ff1b7942a48674c95f12084,<HDD>/datasets/execution_wm/v0_7/val/G16/mid/ep_00598.npz
599,G16,val,mid,P2_triple,sc11,T5,7592,13.6,680,schedule_end,12,triple|zero,0.6,0.42,e2bce8d1ca791477403bae231262b5258ca8f3cadab406d56005b996081442b9,b0d5d8e7141be4e6517b948f4149adbb20ff3a4689575508c4ec8f67398e1218,<HDD>/datasets/execution_wm/v0_7/val/G16/mid/ep_00599.npz
576,G16,val,nominal,P0_seen_cell,sc00,T0,7592,13.6,680,schedule_end,12,double|single|zero,1.0,0.7,ef91ac2bc754ddb91267493ada106c8d5d751352314330fff230a44dde1c1192,98ac899217e6c09b8dd8c8c8bd40366316ac16cbb1aa2c61d0d7c0c00645d493,<HDD>/datasets/execution_wm/v0_7/val/G16/nominal/ep_00576.npz
577,G16,val,nominal,P0_seen_cell,sc01,T1,7592,13.6,680,schedule_end,12,double|single|zero,1.0,0.7,154927257ff647bd246915467e7a6b5f7749dc4321db7757148e322ad1204958,0b1e964ca1a6656134f17cc68ba229ada6b4bb1daa3d6be9c7a8e731726771d7,<HDD>/datasets/execution_wm/v0_7/val/G16/nominal/ep_00577.npz
578,G16,val,nominal,P0_seen_cell,sc02,T2,7592,13.6,680,schedule_end,12,double|single|zero,1.0,0.7,8646404d3fa6bfe5a713d8024b1c1adbfe6b69cc5d29e83d97b2039caf957d04,d6f561cee456ffa0b7f1630abadb445cd06fc8073e3d7a458673063ab582ebbf,<HDD>/datasets/execution_wm/v0_7/val/G16/nominal/ep_00578.npz
579,G16,val,nominal,P0_seen_cell,sc03,T3,7592,13.620000000000001,681,schedule_end,12,double|single|zero,1.0,0.7,910f6059239408ddc5f983be3fce1dc502e372f3d983fa8fca29353bdf48484a,7892f49cd6802882f97a2156ab93da86c3d802e2c399a88850c01dbf502fb5b5,<HDD>/datasets/execution_wm/v0_7/val/G16/nominal/ep_00579.npz
580,G16,val,nominal,P1_heldout_pair,sc04,T4,7592,13.6,680,schedule_end,12,double|zero,1.0,0.7,d152f1c2cb8d22e2d658344866518b00f9c140f99c12a7fede54c6ced28b24f0,4a77419ca16ffe6f01fa0197b9fd9984f94a5c208c56a72ba128728334971f5e,<HDD>/datasets/execution_wm/v0_7/val/G16/nominal/ep_00580.npz
581,G16,val,nominal,P1_heldout_pair,sc05,T5,7592,13.6,680,schedule_end,12,double|zero,1.0,0.7,08d521e4162f3517802d022a75b8ac27ffeea56ac25f6ddd5c33a5c84978017e,c5c732558b15c9826fbeacd3eb8c830a27548c9c4d8f1cb25e6ecd0cbd093206,<HDD>/datasets/execution_wm/v0_7/val/G16/nominal/ep_00581.npz
582,G16,val,nominal,P1_heldout_pair,sc06,T0,7592,13.6,680,schedule_end,12,double|zero,1.0,0.7,2235a899d703de3ddaffc21012b4ae99e98f6f468d000b9938b1d2d8aac10af0,20fe2e59ae98bf84924a229a5ad37460b1e6ae8b43e38ca73badddaefa1aea12,<HDD>/datasets/execution_wm/v0_7/val/G16/nominal/ep_00582.npz
583,G16,val,nominal,P1_heldout_pair,sc07,T1,7592,13.6,680,schedule_end,12,double|zero,1.0,0.7,af02b98ed8ea14238742fdc6363f88c22447dcd18964d6a28e0a06e1998a2da0,471302d6ca433e16a8808ce22c320b033e0c4edea508d8b76fbb670edadf756c,<HDD>/datasets/execution_wm/v0_7/val/G16/nominal/ep_00583.npz
584,G16,val,nominal,P2_triple,sc08,T2,7592,13.6,680,schedule_end,12,triple|zero,1.0,0.7,91eecc6948d48a6ecb80661387d18d1a67be2c7545df4c57f12fb4090891264e,c898fa2c2e5b84531858ab7fbc14ce23feda16b1da6bbbf47f0a9b6a9decf8a4,<HDD>/datasets/execution_wm/v0_7/val/G16/nominal/ep_00584.npz
585,G16,val,nominal,P2_triple,sc09,T3,7592,13.620000000000001,681,schedule_end,12,triple|zero,1.0,0.7,6edacc8e20bb758ead201b025770b6a0b13bc15c125a4a5911c6d058cf2bc805,4837d5e08c2d728fe96259004155e652ca1eae0feca94f167b0f63410a7abbdc,<HDD>/datasets/execution_wm/v0_7/val/G16/nominal/ep_00585.npz
586,G16,val,nominal,P2_triple,sc10,T4,7592,13.6,680,schedule_end,12,triple|zero,1.0,0.7,6ba30d78837bb9f94abb0437b5678077b2426ae7198514d72dccb58dd527c9c3,4e02362cb8cdc0caef09ab9aeb5873e8535b10bf8d94393abaad0952010364bb,<HDD>/datasets/execution_wm/v0_7/val/G16/nominal/ep_00586.npz
587,G16,val,nominal,P2_triple,sc11,T5,7592,13.6,680,schedule_end,12,triple|zero,1.0,0.7,0d81f364df56d83fe9af789fd900566da3331ec2117cd4575e8839051c75132a,5f424031ae1dda34904dd242d119bdaaa3d1df9cdccddf038bfd9e88b95e090b,<HDD>/datasets/execution_wm/v0_7/val/G16/nominal/ep_00587.npz
612,G17,val,nominal,P0_seen_cell,sc00,T0,7629,13.6,680,schedule_end,12,double|single|zero,1.0,0.7,bda476a6e6a086b28778142a79fa3f9dbd85db72e3eab906dbfeb9c0b9aa49a1,ba0d9f08449fc173091ebc3b39b046b353dc2867e2c9e7d90c24ef188ad6d466,<HDD>/datasets/execution_wm/v0_7/val/G17/nominal/ep_00612.npz
613,G17,val,nominal,P0_seen_cell,sc01,T1,7629,13.6,680,schedule_end,12,double|single|zero,1.0,0.7,f15a6c0f6bf79b9f957e4e5488ccf17086d7f626c6ae6f4f19553d38b5633f68,31e99e9b36b11dd5ddd8e5dc115c6172a58cb11ecf4cabbc624c92563a99ac7a,<HDD>/datasets/execution_wm/v0_7/val/G17/nominal/ep_00613.npz
614,G17,val,nominal,P0_seen_cell,sc02,T2,7629,13.6,680,schedule_end,12,double|single|zero,1.0,0.7,01cd4f632d5b10df04c1ba0acbc536b9f727fc00d365cf9e07c42c8d83e01e7d,e0f957a0b585e029fbecbab547fb37049e832aaf448d0a7d333837cc61ad3e3c,<HDD>/datasets/execution_wm/v0_7/val/G17/nominal/ep_00614.npz
615,G17,val,nominal,P0_seen_cell,sc03,T3,7629,13.620000000000001,681,schedule_end,12,double|single|zero,1.0,0.7,f3e161c6808e1e539f8022d942b546db2f68d15a01c3d8aa85b5734b16f91f7c,514266da0628b8432b0c2219f41152b8a47b96efcd4b32267ec4ef5ecdb9ddd2,<HDD>/datasets/execution_wm/v0_7/val/G17/nominal/ep_00615.npz
616,G17,val,nominal,P1_heldout_pair,sc04,T4,7629,13.6,680,schedule_end,12,double|zero,1.0,0.7,adeae3316aebcfa58798b46db01ac546c707f697f5b9b2cb5d408c36f55adf55,f0d0727d3e97bc6d53e954d1d9867225d5f5b79585c1b20a2aec3d7ce8702e71,<HDD>/datasets/execution_wm/v0_7/val/G17/nominal/ep_00616.npz
617,G17,val,nominal,P1_heldout_pair,sc05,T5,7629,13.6,680,schedule_end,12,double|zero,1.0,0.7,156c5b5768b51f8ad71a326e4ea8bc26a83320d50ce8ca5679b3de8da62d0eac,e8e67f463a840ee2464d501816450d5a89b102d9120ac656c185eff556f5b1d7,<HDD>/datasets/execution_wm/v0_7/val/G17/nominal/ep_00617.npz
618,G17,val,nominal,P1_heldout_pair,sc06,T0,7629,13.6,680,schedule_end,12,double|zero,1.0,0.7,ab7b50661159c1e91567d877a5e728934cd7e160ff6c2c3a593e291942930578,0ca3b7ecbbedb6756d9fcb4d1c4c75230af0f74e19dad95d3538d48607b5218c,<HDD>/datasets/execution_wm/v0_7/val/G17/nominal/ep_00618.npz
619,G17,val,nominal,P1_heldout_pair,sc07,T1,7629,13.6,680,schedule_end,12,double|zero,1.0,0.7,ccde570d60e56f2a6d22a617f3533554bd5d2a70186c86d061c4cf99739aa0e1,caac5c48168af50407b7ed4ca667647dfafc4a81a0161ff9bf65fd8dc107080c,<HDD>/datasets/execution_wm/v0_7/val/G17/nominal/ep_00619.npz
620,G17,val,nominal,P2_triple,sc08,T2,7629,13.6,680,schedule_end,12,triple|zero,1.0,0.7,2ef25a5de9a5752830485af19427f885f052d21c67d0324742a38a4c74e1f8fc,dc3a22f6e0ab0766deb85ac91f78f9604d47c8d8eba0fa491bbe9b3ad6c6c8ee,<HDD>/datasets/execution_wm/v0_7/val/G17/nominal/ep_00620.npz
621,G17,val,nominal,P2_triple,sc09,T3,7629,13.620000000000001,681,schedule_end,12,triple|zero,1.0,0.7,342556e35ee2824b363e51f00bb381fc6a43457223b316da8776c7b83819bbec,3dd0a29a9916cbcd5eca5aed0f2198675a7ce69b4397e71bf0302b638ab5a0fd,<HDD>/datasets/execution_wm/v0_7/val/G17/nominal/ep_00621.npz
622,G17,val,nominal,P2_triple,sc10,T4,7629,13.6,680,schedule_end,12,triple|zero,1.0,0.7,b0ae26b934a9cfecc090ce4c1478bc243e2ced4d3834ffd50c963c8bfe5736ae,1397b31b702cbb8a96c037da9cd0ece27f87e2dd7c54e66ee8c0b346d7565fea,<HDD>/datasets/execution_wm/v0_7/val/G17/nominal/ep_00622.npz
623,G17,val,nominal,P2_triple,sc11,T5,7629,13.6,680,schedule_end,12,triple|zero,1.0,0.7,09bf9862618a79439d1aa96af59e13c8149c8dda2eba5167130b686515735112,4c4efeed44208d4a9f36bd5d8a9fb281f636c9701f6a122de122a9ab7d488ad5,<HDD>/datasets/execution_wm/v0_7/val/G17/nominal/ep_00623.npz
624,G17,val,mid,P0_seen_cell,sc00,T0,7629,13.6,680,schedule_end,12,double|single|zero,0.6,0.42,77198a5acd77f1f3619629b19ff7ea7d5ef124edf401255c85392295e645cf96,ce56256b263e537ca28b2f6b41305c73b41fb38cd3f179cad55ac5def2475331,<HDD>/datasets/execution_wm/v0_7/val/G17/mid/ep_00624.npz
625,G17,val,mid,P0_seen_cell,sc01,T1,7629,13.6,680,schedule_end,12,double|single|zero,0.6,0.42,8e7d9275b2d6ba485474be204ea1ddf5a5682acf6460dfb55fcf138e290d29c0,2e93fdacfb4756572f859c2649964cf62804713786a606d8f05c01e6727e597a,<HDD>/datasets/execution_wm/v0_7/val/G17/mid/ep_00625.npz
626,G17,val,mid,P0_seen_cell,sc02,T2,7629,13.6,680,schedule_end,12,double|single|zero,0.6,0.42,3ef1064974f19ab4a2a37a106dc2bbf961f131df836ebc6e8118372e0304160d,8152f79ddabe74a5bca23a84a44ae0b3ec656f745e41c47196af7c6588c9711d,<HDD>/datasets/execution_wm/v0_7/val/G17/mid/ep_00626.npz
627,G17,val,mid,P0_seen_cell,sc03,T3,7629,13.620000000000001,681,schedule_end,12,double|single|zero,0.6,0.42,879afa7a2413aa436afddcb185466117e34bd6141f0d6afdf12ece9f0d44a325,c77d481499fb8d130b83552baea2caec8e09956c2848d0e42e949aaa6356c61a,<HDD>/datasets/execution_wm/v0_7/val/G17/mid/ep_00627.npz
628,G17,val,mid,P1_heldout_pair,sc04,T4,7629,13.6,680,schedule_end,12,double|zero,0.6,0.42,44223af4c090c69adc84da12f5240a3b708e81df6483f0ccd1be884c56176fcb,3015d16c28815d3f2d74946f8f3caa479548aefd3bac58b573c85ecc0b0f4d9c,<HDD>/datasets/execution_wm/v0_7/val/G17/mid/ep_00628.npz
629,G17,val,mid,P1_heldout_pair,sc05,T5,7629,13.6,680,schedule_end,12,double|zero,0.6,0.42,d745f593e11f13dd544ce2d07ee0037b43b74d1d04fb1d369594f9175ee70771,f8ef69c20023cac14e38dc4531bc615bfd5ecb17172ce0bb580fbc325ffb6cd4,<HDD>/datasets/execution_wm/v0_7/val/G17/mid/ep_00629.npz
630,G17,val,mid,P1_heldout_pair,sc06,T0,7629,13.6,680,schedule_end,12,double|zero,0.6,0.42,cc134dea861f6fd764501261413999f741525651964d674a145ec37915e096a4,17b54be07b590f9e7c11c439a08b7e6d1ac6636bb58efe55338e6d86488a57a2,<HDD>/datasets/execution_wm/v0_7/val/G17/mid/ep_00630.npz
631,G17,val,mid,P1_heldout_pair,sc07,T1,7629,13.6,680,schedule_end,12,double|zero,0.6,0.42,3a60c53510111bc8d95ca916c8b8389654b33f131b30d29af2aab40429bda1ac,f3b5a327dc0030185a225d984823ea2bde8af2f7d3e1c6ee5ea6520fe6be3107,<HDD>/datasets/execution_wm/v0_7/val/G17/mid/ep_00631.npz
632,G17,val,mid,P2_triple,sc08,T2,7629,13.6,680,schedule_end,12,triple|zero,0.6,0.42,554ed4e2119c67bdf489d42170911308a4f1306372f412ad6e5e74b56fb74388,46de2c6cad3fa7e464c529c07a39ca873da1f7d2e022735fdc5d9a137257b7ee,<HDD>/datasets/execution_wm/v0_7/val/G17/mid/ep_00632.npz
633,G17,val,mid,P2_triple,sc09,T3,7629,13.620000000000001,681,schedule_end,12,triple|zero,0.6,0.42,fd1b083eb37d6a249fa4f4a11e6821543d7d26797c109c2b3e4d41db8eef3747,ec0b24ec6bedb720c5f6bd5b91fa8f6cc4f04568076944aa21a3ae6148a9bedd,<HDD>/datasets/execution_wm/v0_7/val/G17/mid/ep_00633.npz
634,G17,val,mid,P2_triple,sc10,T4,7629,13.6,680,schedule_end,12,triple|zero,0.6,0.42,9cac64bf4b8bfc544d9eb55c1e4d6ce72ac1fb715f360cd64f9258fa738763f3,0daaf2ac92cdfc203cfd09c0928aabd07f9e2cbbf00bf6c9d181f1ea3045c354,<HDD>/datasets/execution_wm/v0_7/val/G17/mid/ep_00634.npz
635,G17,val,mid,P2_triple,sc11,T5,7629,13.6,680,schedule_end,12,triple|zero,0.6,0.42,5e2d14a0e1f71e4093f2ab6366df1f08cf1bd195b7b7eb02a78efb4cbff407d6,c686e6f924196322ace0717b6977b266626ba4276db27cb7778a7bbfc596b999,<HDD>/datasets/execution_wm/v0_7/val/G17/mid/ep_00635.npz
636,G17,val,low,P0_seen_cell,sc00,T0,7629,13.6,680,schedule_end,12,double|single|zero,0.3,0.21,4ace71d45f4b67ba91aebac29650409efe3d7dd8874845faeb13388c06c05768,46965565490fb84703ed442b913f12f22c1da970198711c15a8d0d2ab240f50a,<HDD>/datasets/execution_wm/v0_7/val/G17/low/ep_00636.npz
637,G17,val,low,P0_seen_cell,sc01,T1,7629,13.6,680,schedule_end,12,double|single|zero,0.3,0.21,745cf5de66368d43eb16358b801ca4b9832254cbae5cdb0cdc0cadd88c172892,ab9564ef1a2066cbfe5eaab52e2e564f20bb65a29101d51a84775341016bfa46,<HDD>/datasets/execution_wm/v0_7/val/G17/low/ep_00637.npz
638,G17,val,low,P0_seen_cell,sc02,T2,7629,13.6,680,schedule_end,12,double|single|zero,0.3,0.21,89a3f817bfbd50f97ce584b9b9b3ef40897b005185495aef196032c1bb7b0602,1849a99ce19228e3bcc54610b668d0da67631588b495861a6c96b754bc2c1649,<HDD>/datasets/execution_wm/v0_7/val/G17/low/ep_00638.npz
639,G17,val,low,P0_seen_cell,sc03,T3,7629,13.620000000000001,681,schedule_end,12,double|single|zero,0.3,0.21,00b3224dd69979701735dc4145ae70b38d787e89cfe54d515d976088e4fa263f,dedabd6a87b71988b184815094657af632ecb9f2f5162fa79e19aa0df834541d,<HDD>/datasets/execution_wm/v0_7/val/G17/low/ep_00639.npz
640,G17,val,low,P1_heldout_pair,sc04,T4,7629,13.6,680,schedule_end,12,double|zero,0.3,0.21,b04633aa643daa1cdd1ff6cb1954737f10167628be3fb11e0ed5913ffe8260b0,b69506b5091e55a6ffe15771e12f2810bde9698dc124739685991f274989e984,<HDD>/datasets/execution_wm/v0_7/val/G17/low/ep_00640.npz
641,G17,val,low,P1_heldout_pair,sc05,T5,7629,13.6,680,schedule_end,12,double|zero,0.3,0.21,bd0ce5d71a330bc2ccc178462e4606a7acc49fe56c622672c348136f348407dc,d87817034226645e422dfccf93780d4aa6b62fb544383aaba985eb879a587e9f,<HDD>/datasets/execution_wm/v0_7/val/G17/low/ep_00641.npz
642,G17,val,low,P1_heldout_pair,sc06,T0,7629,13.6,680,schedule_end,12,double|zero,0.3,0.21,6f9985aaf7633ef507f8f75ad6efe2a64a31616fd385c36d005a33ac440e76e5,ffcc8cd699a6f879c584e33fe0745be7b2d9188e93976f435f99ffa9828eb017,<HDD>/datasets/execution_wm/v0_7/val/G17/low/ep_00642.npz
643,G17,val,low,P1_heldout_pair,sc07,T1,7629,13.6,680,schedule_end,12,double|zero,0.3,0.21,a6a63779a5b1fad79bafd2b39a04128d1f9436365190c90f6f17f041ef888567,aeb14865dfbc5793930aad6dbf0221f0e2dc32b3fd4f22cbe5c1c4fc56c41cd3,<HDD>/datasets/execution_wm/v0_7/val/G17/low/ep_00643.npz
644,G17,val,low,P2_triple,sc08,T2,7629,13.6,680,schedule_end,12,triple|zero,0.3,0.21,489a0ccb99ebc4d006e0398411f5194f03034733bf6c1349cf9758e672b413d6,9d8547f799293b70ac6e3bf0ed641134894f12789d13e9ffd71a568c86352a3f,<HDD>/datasets/execution_wm/v0_7/val/G17/low/ep_00644.npz
645,G17,val,low,P2_triple,sc09,T3,7629,13.620000000000001,681,schedule_end,12,triple|zero,0.3,0.21,25b7776aeed533144d10f7f99cc0d3ac8155a467ba4050c7dc27c67b25feb666,37895b690574602c435d959ead75ea36e594995d0539a8b78285d8bfbfb27187,<HDD>/datasets/execution_wm/v0_7/val/G17/low/ep_00645.npz
646,G17,val,low,P2_triple,sc10,T4,7629,13.6,680,schedule_end,12,triple|zero,0.3,0.21,58381b4e69509b3989e79a0a7776b3b5a37b9fb82b37f3342eaeb61e19e398bf,cefe6ae19f59eaa21b4bd6d937300fcd51904d8576c9b59010f4b086ec2c189f,<HDD>/datasets/execution_wm/v0_7/val/G17/low/ep_00646.npz
647,G17,val,low,P2_triple,sc11,T5,7629,13.6,680,schedule_end,12,triple|zero,0.3,0.21,246b8fb661fb323fc4c037c1326ae974e1b673199075bbc2336278e9b6189134,428c19af5485bbe3c7f57d9638f499f13ae35f627a5f021e411badb3388dc7d4,<HDD>/datasets/execution_wm/v0_7/val/G17/low/ep_00647.npz
648,G18,test,nominal,P0_seen_cell,sc00,T0,7666,13.6,680,schedule_end,12,double|single|zero,1.0,0.7,2beccbae21475ad8bfba0b2c77bd7ff910c55dc17aa86933f9aec92222ac696f,79e490c805c23020420a44f7effa352382cbbd8e2ba5e99bba97e8157e13826b,<HDD>/datasets/execution_wm/v0_7/test/G18/nominal/ep_00648.npz
649,G18,test,nominal,P0_seen_cell,sc01,T1,7666,13.6,680,schedule_end,12,double|single|zero,1.0,0.7,7dba0f8b9cd48163890288b039fff12ab36ac8038ffe7ef47acc76a788eb3b55,64f9e1fdc4883c3a8072346c2ed877f18b80ef7b539ae7bd0f5f9fcdf75aeec6,<HDD>/datasets/execution_wm/v0_7/test/G18/nominal/ep_00649.npz
650,G18,test,nominal,P0_seen_cell,sc02,T2,7666,13.6,680,schedule_end,12,double|single|zero,1.0,0.7,b0d07f82cd0ea4bdce3209d6775fa371cb3cdc940db3291c25d4dd86441af07b,ca9a274f10c0c35478c8db07a9571cc865977f84e0ee921a824f0b27884d06f3,<HDD>/datasets/execution_wm/v0_7/test/G18/nominal/ep_00650.npz
651,G18,test,nominal,P0_seen_cell,sc03,T3,7666,13.620000000000001,681,schedule_end,12,double|single|zero,1.0,0.7,446b70cab9c520bd3d1a18413fedff90a95d0165826b474b94917eb8b7fdcdb9,29a5e4b8afe671ce3067397c25de6d1ab6eb7efbb74903b4bf0393dadc821641,<HDD>/datasets/execution_wm/v0_7/test/G18/nominal/ep_00651.npz
652,G18,test,nominal,P1_heldout_pair,sc04,T4,7666,13.6,680,schedule_end,12,double|zero,1.0,0.7,7766ddd40bda2f1e2de498989c84bcc8f2835ee77719ec380c6e8bd9f1c814e1,8f49f419ef4a833c280b56a057612ad1843fa7f9fe5b4fdd7eac40d09c1ecf1d,<HDD>/datasets/execution_wm/v0_7/test/G18/nominal/ep_00652.npz
653,G18,test,nominal,P1_heldout_pair,sc05,T5,7666,13.6,680,schedule_end,12,double|zero,1.0,0.7,f440120c539e2677ab66954880196a632626bad526cb025744e34df35e01e5b8,79b6f74d66ab716aaf3bc568958c6c84f79555c20c5c96bbef8264feae3e130e,<HDD>/datasets/execution_wm/v0_7/test/G18/nominal/ep_00653.npz
654,G18,test,nominal,P1_heldout_pair,sc06,T0,7666,13.6,680,schedule_end,12,double|zero,1.0,0.7,91d2969d608b978c279b56b4cc52e13a7f5bab0e6a9db5bca825b389e72ad667,94b53dbb5d455db0b82afdad7995ea5c0da2cb959fb8667cf5b6ccbdcf5d3ae3,<HDD>/datasets/execution_wm/v0_7/test/G18/nominal/ep_00654.npz
655,G18,test,nominal,P1_heldout_pair,sc07,T1,7666,13.6,680,schedule_end,12,double|zero,1.0,0.7,bde7d1cccdc6f7176f3487d78c69076fbfe79efb8aeb9976ccc455316f6fe11a,5b884b861ca15f4c21b3bc27788abfb0cb806aea6ffc8e21c2ee4f634695be86,<HDD>/datasets/execution_wm/v0_7/test/G18/nominal/ep_00655.npz
656,G18,test,nominal,P2_triple,sc08,T2,7666,13.6,680,schedule_end,12,triple|zero,1.0,0.7,303c05032beab969b0417c6c99f49cd33d8282e30b907c27843312dff7a6eb74,d86cd0462caed8522330c29c27020bbdb522887029ed0cb946cb57c1961c49c0,<HDD>/datasets/execution_wm/v0_7/test/G18/nominal/ep_00656.npz
657,G18,test,nominal,P2_triple,sc09,T3,7666,13.620000000000001,681,schedule_end,12,triple|zero,1.0,0.7,eec2d9f236686b9cd12ed57b907c533261a138c2c7231a3b3c5addbae3b9f088,db25be07524ff3fc0569185f7382832aa7f7f08fac24522dc94bebe6a441d956,<HDD>/datasets/execution_wm/v0_7/test/G18/nominal/ep_00657.npz
658,G18,test,nominal,P2_triple,sc10,T4,7666,13.6,680,schedule_end,12,triple|zero,1.0,0.7,6ab40b6f04486b8cf8d81e7b08a97ccffe1539d63a3563923ceae89ade3d421e,13dbd79ae4e8fec063523d58e51c9f39d1b3d12d6fcb193abede22d5cd6f5fa2,<HDD>/datasets/execution_wm/v0_7/test/G18/nominal/ep_00658.npz
659,G18,test,nominal,P2_triple,sc11,T5,7666,13.6,680,schedule_end,12,triple|zero,1.0,0.7,1cf612a9ac928edf09be816612da0c75bbc55186301d676201dde6698f1199b0,40f293499f11c2e09120c0e868544871944d5d618d001dc1c9db2c7f9dd532d8,<HDD>/datasets/execution_wm/v0_7/test/G18/nominal/ep_00659.npz
660,G18,test,mid,P0_seen_cell,sc00,T0,7666,13.6,680,schedule_end,12,double|single|zero,0.6,0.42,d98de7340f16e893af29d0b3671992e4bfe59b4539dae3539a5477d7eeb4f7eb,abef263728b28c2750c011a0722373448bae3e865eb9c7cb77ca5c8a74b87ee7,<HDD>/datasets/execution_wm/v0_7/test/G18/mid/ep_00660.npz
661,G18,test,mid,P0_seen_cell,sc01,T1,7666,13.6,680,schedule_end,12,double|single|zero,0.6,0.42,3b04fb70d0a0738c9561924b5b426b033be5b3495f89cb9d2621c752a8ffb3b9,78eeee50c5f5d7f146f231429e33383ce5f3dbfe2b38980eb45a6435493de304,<HDD>/datasets/execution_wm/v0_7/test/G18/mid/ep_00661.npz
662,G18,test,mid,P0_seen_cell,sc02,T2,7666,13.6,680,schedule_end,12,double|single|zero,0.6,0.42,6307701fb11ab7ec67cbdba38ec703c5c506dad923ec899a019fa9f14b42f0d5,af254b5a9a975161706100edf6f13e22074801cde69bc7bc4e66c00adda90857,<HDD>/datasets/execution_wm/v0_7/test/G18/mid/ep_00662.npz
663,G18,test,mid,P0_seen_cell,sc03,T3,7666,13.620000000000001,681,schedule_end,12,double|single|zero,0.6,0.42,7949ba7ab8ba430ac30d76504724cbdd8f78f40967f8532f291803e2e55b99ac,ec03696cb5843b373250e29dc763f61ff336a2969d85e2f731371b950e29b002,<HDD>/datasets/execution_wm/v0_7/test/G18/mid/ep_00663.npz
664,G18,test,mid,P1_heldout_pair,sc04,T4,7666,13.6,680,schedule_end,12,double|zero,0.6,0.42,587033e3a34e3986c6f47516b2e9592ec4099620ef8e639dc13b829b8ea469e7,14a14f6af269c2e9cd5e2589322b8194ddf1adb15f184f8b708d0d235e481341,<HDD>/datasets/execution_wm/v0_7/test/G18/mid/ep_00664.npz
665,G18,test,mid,P1_heldout_pair,sc05,T5,7666,13.6,680,schedule_end,12,double|zero,0.6,0.42,a91d9092d4dca530df41dea7d0b3537da9d79320d47b623fadc78e8f7ef38104,b7ab2c713706ab3767e87bd71eefd25d0e850f6677b257e3663fca58f276d5ae,<HDD>/datasets/execution_wm/v0_7/test/G18/mid/ep_00665.npz
666,G18,test,mid,P1_heldout_pair,sc06,T0,7666,13.6,680,schedule_end,12,double|zero,0.6,0.42,fa665782aecf71c3fe686f555e91e178017c38c4a4cc4a54651dbc776a1cd8e8,85ffffe5b8ae3c222ea42692c498c942d886b577149d4e2fc3b959fe39841dd8,<HDD>/datasets/execution_wm/v0_7/test/G18/mid/ep_00666.npz
667,G18,test,mid,P1_heldout_pair,sc07,T1,7666,13.6,680,schedule_end,12,double|zero,0.6,0.42,a98b313db9ad627c5cff012f4c4cf3891d1015b423770458ad782f92271c412b,c2872026adb3f5bcb1b90a27218f27aef6b9a016af81e4d6ceacd7a99d410c50,<HDD>/datasets/execution_wm/v0_7/test/G18/mid/ep_00667.npz
668,G18,test,mid,P2_triple,sc08,T2,7666,13.6,680,schedule_end,12,triple|zero,0.6,0.42,564115bb89db649c0da97c4b5f7b91867054876f5994cb26ba359825a4138cbb,1a9a5a0e6993c486531ddcc79966bc0dcc88a6bfd64d651b78b06fd52566e998,<HDD>/datasets/execution_wm/v0_7/test/G18/mid/ep_00668.npz
669,G18,test,mid,P2_triple,sc09,T3,7666,13.620000000000001,681,schedule_end,12,triple|zero,0.6,0.42,913ffdb050692e2996fec26f3d9bde16c2d04faf38680d1e848e536fec927cec,b00615c74dc3e3be842813b8d47a222c5a766303005f3aff2164a58004093621,<HDD>/datasets/execution_wm/v0_7/test/G18/mid/ep_00669.npz
670,G18,test,mid,P2_triple,sc10,T4,7666,13.6,680,schedule_end,12,triple|zero,0.6,0.42,2f80becb2c81cf9cb642521a04f107312f13e060c7597457d8e26c9f03ee6d54,2bc6b33129fb580c1154296619bead48f747455a5b9aa37c83539ea00ab372d1,<HDD>/datasets/execution_wm/v0_7/test/G18/mid/ep_00670.npz
671,G18,test,mid,P2_triple,sc11,T5,7666,13.6,680,schedule_end,12,triple|zero,0.6,0.42,8a17c8f416179eab5aff65a1f180aa430941bb9ac1233cd0c2528c7ec96001ce,e26416cb7c6bdb11c581924512f4e74388355fb5330024e18a12198efdd82517,<HDD>/datasets/execution_wm/v0_7/test/G18/mid/ep_00671.npz
672,G18,test,low,P0_seen_cell,sc00,T0,7666,13.6,680,schedule_end,12,double|single|zero,0.3,0.21,a3edb8108b81433609afdfd88f0a5213093afc8d0e32616412a484f87d44d866,8f67189281ee551de8d8ce3ec1c97571c1325bbf4345e43eb9bfedce26bca208,<HDD>/datasets/execution_wm/v0_7/test/G18/low/ep_00672.npz
673,G18,test,low,P0_seen_cell,sc01,T1,7666,13.6,680,schedule_end,12,double|single|zero,0.3,0.21,dee80f3d178aaa48a4ea7ea46ab2a4724bbaf43f54bfa6fd766aa80a5704f8d7,5dd00465bbfcc61a7223dd772889a06fd1a31391c88b91c2aa9777308874dc31,<HDD>/datasets/execution_wm/v0_7/test/G18/low/ep_00673.npz
674,G18,test,low,P0_seen_cell,sc02,T2,7666,13.6,680,schedule_end,12,double|single|zero,0.3,0.21,8b7c2b83f9442126d193475eafd715a66267d726d63833f2870997fe5d625257,bb10e23bd76bab013650ce0d02869ece6006927b0145e8061f7da901af81dfec,<HDD>/datasets/execution_wm/v0_7/test/G18/low/ep_00674.npz
675,G18,test,low,P0_seen_cell,sc03,T3,7666,13.620000000000001,681,schedule_end,12,double|single|zero,0.3,0.21,fb949d578e67f5f37cd8ccff2dd8750371ef714a7fbcf1699253769dcde2866e,bfc2f87f216f35e5a94d26a88c7a16b10c8ee3c217b363ab91bff90628a83894,<HDD>/datasets/execution_wm/v0_7/test/G18/low/ep_00675.npz
676,G18,test,low,P1_heldout_pair,sc04,T4,7666,13.6,680,schedule_end,12,double|zero,0.3,0.21,95dabc5759ec575f8affc2a79da4adfde470416299c30851fcb656d8d6e226c8,1a224fc5e29ad31dd28eaeefc3f5f7ccc64a5f5a704d01e3bc2604e56bec61b6,<HDD>/datasets/execution_wm/v0_7/test/G18/low/ep_00676.npz
677,G18,test,low,P1_heldout_pair,sc05,T5,7666,13.6,680,schedule_end,12,double|zero,0.3,0.21,75f741e4a428ed963ae67faefb91382feffd0d3ffdd0df87c9f48fa21c895db7,1d5b2084a4f8cc7823253e1cf32631ae6dc913fe7ccd4a6db2e850106dc08d94,<HDD>/datasets/execution_wm/v0_7/test/G18/low/ep_00677.npz
678,G18,test,low,P1_heldout_pair,sc06,T0,7666,13.6,680,schedule_end,12,double|zero,0.3,0.21,00b57723eb296ddb009dda4913c87ff25ad595b154775d11eb4afd275faa83f4,c64150476184cdcdbdb7dfe084196c4779dbfee31583007e199c174dc745ae7c,<HDD>/datasets/execution_wm/v0_7/test/G18/low/ep_00678.npz
679,G18,test,low,P1_heldout_pair,sc07,T1,7666,13.6,680,schedule_end,12,double|zero,0.3,0.21,7935477d6902c308da7797b03693fe2a406f86b3960b7d3f6a5a98704b21712b,5893c5a90ea82e4b8e81da89844eb0f30e612411a3c4291011d35357dbc108e1,<HDD>/datasets/execution_wm/v0_7/test/G18/low/ep_00679.npz
680,G18,test,low,P2_triple,sc08,T2,7666,13.6,680,schedule_end,12,triple|zero,0.3,0.21,966f19e953b1eef38b2f71160a7876f0aa1a3ed928d47bf470b6cdf40e8298c6,62723f114c54de8b1e7b0b5bdf6360aa2d6f9e85cba105faa84b8926786f134a,<HDD>/datasets/execution_wm/v0_7/test/G18/low/ep_00680.npz
681,G18,test,low,P2_triple,sc09,T3,7666,13.620000000000001,681,schedule_end,12,triple|zero,0.3,0.21,c6a70b4ade1bf990dfd5c87f1233bd91dd9eda0c68d9299c145aa17d3d59d6eb,bf6897d74299ef6a0a8825224fbdee2ecca71ac8f84ee0bf4c99646546869618,<HDD>/datasets/execution_wm/v0_7/test/G18/low/ep_00681.npz
682,G18,test,low,P2_triple,sc10,T4,7666,13.6,680,schedule_end,12,triple|zero,0.3,0.21,1d7169cf175a1dc20c59fba5d0886a965766dc2db3d681d2cf4866db040ef83d,308bc531677bda520ec486d6bd97574fe462e722d569a6e398c0f8405bcaff61,<HDD>/datasets/execution_wm/v0_7/test/G18/low/ep_00682.npz
683,G18,test,low,P2_triple,sc11,T5,7666,13.6,680,schedule_end,12,triple|zero,0.3,0.21,3f54750cc26993208b21e9a1d8facfc949cfc0ba4fc1d924e2b44fa52bac078e,ceb1275d55c1f1f9b50f6842bc312a8927e719231d4aa194cf8a432c39f13b7d,<HDD>/datasets/execution_wm/v0_7/test/G18/low/ep_00683.npz
684,G19,test,nominal,P0_seen_cell,sc00,T0,7703,13.6,680,schedule_end,12,double|single|zero,1.0,0.7,4d5112b6c91b18ddee8345ed8d2ff21008ac47cd512593253ff97d22f5fbdc6e,97857716dc5120251b45c9b70a7fca6be6f8006bf5b15ef190499d096e772af1,<HDD>/datasets/execution_wm/v0_7/test/G19/nominal/ep_00684.npz
685,G19,test,nominal,P0_seen_cell,sc01,T1,7703,13.6,680,schedule_end,12,double|single|zero,1.0,0.7,22b0b4a2add8f779c705ca7e77822587094bd697d6ebe80356bd82d0d2af6e1e,b37d198bfda94fa2ec912440cdd31a5d2ba1a57c108635d0d659c9a5139b6d67,<HDD>/datasets/execution_wm/v0_7/test/G19/nominal/ep_00685.npz
686,G19,test,nominal,P0_seen_cell,sc02,T2,7703,13.6,680,schedule_end,12,double|single|zero,1.0,0.7,08280575b4916558f044c98f6d53c7a06641bb306c3ced704ff6956b402b7d40,348ef7af4b995670e34cd62d878f78d7e20421d3f6aab36eefe2b46bcf04cddb,<HDD>/datasets/execution_wm/v0_7/test/G19/nominal/ep_00686.npz
687,G19,test,nominal,P0_seen_cell,sc03,T3,7703,13.620000000000001,681,schedule_end,12,double|single|zero,1.0,0.7,51cb4321a976414a8c24938a3f32076f6fa2d9b1bc82d8fc79ba7634111c3a7b,4e728a40e5302a9380c01a46766e15026de12fdcddd45a6f0a2b7ef12b2ca419,<HDD>/datasets/execution_wm/v0_7/test/G19/nominal/ep_00687.npz
688,G19,test,nominal,P1_heldout_pair,sc04,T4,7703,13.6,680,schedule_end,12,double|zero,1.0,0.7,88b98400088c848bd8a80e59e60b063df4d81d09c6c86476a3555a46ea6b8979,6fa73bf279ddd5d41825abe02247c0b1949299382a4a96a48420af96347656da,<HDD>/datasets/execution_wm/v0_7/test/G19/nominal/ep_00688.npz
689,G19,test,nominal,P1_heldout_pair,sc05,T5,7703,13.6,680,schedule_end,12,double|zero,1.0,0.7,c4d64b39689e12d14243d3f375add7ca5f4a86d831db1c1ad2e0d933eb322fcf,bfa816b7301c49e666f837ebdbeafa46e7b52eb6ddef1285dfed7de04343c579,<HDD>/datasets/execution_wm/v0_7/test/G19/nominal/ep_00689.npz
690,G19,test,nominal,P1_heldout_pair,sc06,T0,7703,13.6,680,schedule_end,12,double|zero,1.0,0.7,ee83e93720333cddb7836a18a9d31108ba6e92265f2544f32749c93651047285,c59cf246e8fdded573c140189ad99828acce82ef18e9ff01556b8347870c4b2d,<HDD>/datasets/execution_wm/v0_7/test/G19/nominal/ep_00690.npz
691,G19,test,nominal,P1_heldout_pair,sc07,T1,7703,13.6,680,schedule_end,12,double|zero,1.0,0.7,2362033a97580243e23adcf8279f171137af85d01435db74065d8de46aef13a3,483650c6fff3ebe15421cc317ed722dc9d04375f21271ecb24c826ee4c2340a0,<HDD>/datasets/execution_wm/v0_7/test/G19/nominal/ep_00691.npz
692,G19,test,nominal,P2_triple,sc08,T2,7703,13.6,680,schedule_end,12,triple|zero,1.0,0.7,4ff1c995bfa8f791da9c19cefdd09d5859edaa8c84676c482f954abfdd5be35d,b4bee20c875866f93b5bcb1003f8cf8539c0921cf2ec97d0114d12fc3f23b3eb,<HDD>/datasets/execution_wm/v0_7/test/G19/nominal/ep_00692.npz
693,G19,test,nominal,P2_triple,sc09,T3,7703,13.620000000000001,681,schedule_end,12,triple|zero,1.0,0.7,4118e7ed5a5d99d87af2c0956ef75f6675efb093b4cc3cf95b10efa283b83451,b5e5e316f2b655c97d09b3a012d4df2d598f8a49f14a209624ef63d6d5d60725,<HDD>/datasets/execution_wm/v0_7/test/G19/nominal/ep_00693.npz
694,G19,test,nominal,P2_triple,sc10,T4,7703,13.6,680,schedule_end,12,triple|zero,1.0,0.7,a34693244e1e7d7053d27ded9e3fcdda4c12175ff6c444a2c00d7c6d96fb2728,ca9e7b497dfea7caae71849909e8a7c49884d0a2adee1bf8833a603a69e4eafd,<HDD>/datasets/execution_wm/v0_7/test/G19/nominal/ep_00694.npz
695,G19,test,nominal,P2_triple,sc11,T5,7703,13.6,680,schedule_end,12,triple|zero,1.0,0.7,a8a33d28dba5fc7b5d282ed175c7c13cc56bd9036e750b2e433c5f2a19cd31b6,5e1ad27e84f2ebec65a616af7cdf887f05f5b3e8b753bc059d56a6dede01591e,<HDD>/datasets/execution_wm/v0_7/test/G19/nominal/ep_00695.npz
696,G19,test,mid,P0_seen_cell,sc00,T0,7703,13.6,680,schedule_end,12,double|single|zero,0.6,0.42,a343db08fad352a49aead6ec2ffe6d8b6ff965917fce1e9a08f14a90108524e7,46ca1c4439f62c58ff0d0674f103ff036e35a0380dedc8598753c51245e6f7f6,<HDD>/datasets/execution_wm/v0_7/test/G19/mid/ep_00696.npz
697,G19,test,mid,P0_seen_cell,sc01,T1,7703,13.6,680,schedule_end,12,double|single|zero,0.6,0.42,cbf20b9c0e3b27e04cad7116007335a668c09ab4f358ed29b10481abc58a89e1,e9d9076c0e4b7dc1c779e080893e9580d8465eda2dd782fb51415f64b2e3c09f,<HDD>/datasets/execution_wm/v0_7/test/G19/mid/ep_00697.npz
698,G19,test,mid,P0_seen_cell,sc02,T2,7703,13.6,680,schedule_end,12,double|single|zero,0.6,0.42,6a87d838ebe2fe146f66dd8894a6438a1cc4cec101a4b79304e21d6dac630413,4195e489d6a73292b8f8aa88d101856ee3ccb8c71526973e71d25d49c8bf233b,<HDD>/datasets/execution_wm/v0_7/test/G19/mid/ep_00698.npz
699,G19,test,mid,P0_seen_cell,sc03,T3,7703,13.620000000000001,681,schedule_end,12,double|single|zero,0.6,0.42,1de5fff7dcaee81dcc2b76072760bd555e2fc4ce9b197b90b5a4701478450abb,328130ecc262fed7a76d09a8a22e9a5ffce2ff24f37a922516fc26678bd4d413,<HDD>/datasets/execution_wm/v0_7/test/G19/mid/ep_00699.npz
700,G19,test,mid,P1_heldout_pair,sc04,T4,7703,13.6,680,schedule_end,12,double|zero,0.6,0.42,6e5e805ee48e916833a2a53520000f15d78db3c8a9d071d197489717451efaec,2760ed93497dea66fe096863ad984b69a026cf7403bb45a16741b5ffe0ea98b3,<HDD>/datasets/execution_wm/v0_7/test/G19/mid/ep_00700.npz
701,G19,test,mid,P1_heldout_pair,sc05,T5,7703,13.6,680,schedule_end,12,double|zero,0.6,0.42,fa061cd48ad28e8a66374bf40f318847cc5b38be4e7db876a7dcf333711e69cd,76f41aee4c04795957b1f69b9f8fefdf7614cac12ae77375234a7cf42f87932a,<HDD>/datasets/execution_wm/v0_7/test/G19/mid/ep_00701.npz
702,G19,test,mid,P1_heldout_pair,sc06,T0,7703,13.6,680,schedule_end,12,double|zero,0.6,0.42,83f94ed972d5afae69defae6b2b4b88ff42743d34d087e8926aae4d4e642e79f,f1e91a76f8159edc0a43433841a192b0574dd6ab22c65b0248a4aae43809c7bb,<HDD>/datasets/execution_wm/v0_7/test/G19/mid/ep_00702.npz
703,G19,test,mid,P1_heldout_pair,sc07,T1,7703,13.6,680,schedule_end,12,double|zero,0.6,0.42,9c65a6304df6838db746c249ed2d854e62e6a967492c76db4f00e5e024575b63,4bf84fec138310832f3e3c36c3c0c2d69e32da9224d521edf33a64fdc25cea8e,<HDD>/datasets/execution_wm/v0_7/test/G19/mid/ep_00703.npz
704,G19,test,mid,P2_triple,sc08,T2,7703,13.6,680,schedule_end,12,triple|zero,0.6,0.42,987bf62645ca705e177ef58a2922be3ded4727c69f0d4e39c7148ef04af371cd,e9a52c46cd617289767abb184df63cd4f566e029870c26b3befa43468f3c1b65,<HDD>/datasets/execution_wm/v0_7/test/G19/mid/ep_00704.npz
705,G19,test,mid,P2_triple,sc09,T3,7703,13.620000000000001,681,schedule_end,12,triple|zero,0.6,0.42,067d6fc2760661f77e5723d436f521c279e2a461d5ee9fce26868da5e4353bb6,ffae594cecc3a03734065ce8ca04742d77959cbfec8bb22c24d90f634f8c710c,<HDD>/datasets/execution_wm/v0_7/test/G19/mid/ep_00705.npz
706,G19,test,mid,P2_triple,sc10,T4,7703,13.6,680,schedule_end,12,triple|zero,0.6,0.42,ad1de68f62ecc1ff5e8885e48a97372193a939a063b92d022e84bfece239f0f6,d3ec8e2fd3abac341d54137d9fd0223103fc83799fa5ebe2647a49545051b018,<HDD>/datasets/execution_wm/v0_7/test/G19/mid/ep_00706.npz
707,G19,test,mid,P2_triple,sc11,T5,7703,13.6,680,schedule_end,12,triple|zero,0.6,0.42,a93eca384fd3ef714cb0b429170db05d62a120f022ecfdb6ee8d457ca54eb029,dbe0f1855a0f30cc3b88aa8d75fed3227bcd226f2ee89b48710fcb667fe8a404,<HDD>/datasets/execution_wm/v0_7/test/G19/mid/ep_00707.npz
708,G19,test,low,P0_seen_cell,sc00,T0,7703,13.6,680,schedule_end,12,double|single|zero,0.3,0.21,28100f0c069d85ced59a8186fe002245e0ff5078734026b503fb1f08e4871df4,5b4136e4c09f084ec3c38907535cd260c1a9df8b82d865d7b64aa991c816f811,<HDD>/datasets/execution_wm/v0_7/test/G19/low/ep_00708.npz
709,G19,test,low,P0_seen_cell,sc01,T1,7703,13.6,680,schedule_end,12,double|single|zero,0.3,0.21,6ab0fdcb18380bbc78c972e524f3248f21232a416b202b40c95bfdb5fbfba018,1098f1fd81bb95bc341887756c87b25383cd0a0b548712f3ab4c23f3f28654b0,<HDD>/datasets/execution_wm/v0_7/test/G19/low/ep_00709.npz
710,G19,test,low,P0_seen_cell,sc02,T2,7703,13.6,680,schedule_end,12,double|single|zero,0.3,0.21,90370f53dcae4605cc9648e14fa9fbed1abf47deb28f7d1d56794474866779eb,b31d128f3cf5355c3b1e41671fffd71571676a3ee009c74334dc54e53e9eb124,<HDD>/datasets/execution_wm/v0_7/test/G19/low/ep_00710.npz
711,G19,test,low,P0_seen_cell,sc03,T3,7703,13.620000000000001,681,schedule_end,12,double|single|zero,0.3,0.21,c21884e3b9f99dc95bca762d6a12c7e64dff3fec5901e31ede61bd89e0714ff9,f9b06cc0699839ab28dfb56a8e7f7993c07d13c69d59086f293bf2da0df82d21,<HDD>/datasets/execution_wm/v0_7/test/G19/low/ep_00711.npz
712,G19,test,low,P1_heldout_pair,sc04,T4,7703,13.6,680,schedule_end,12,double|zero,0.3,0.21,8697d3787dcfaa1c6decc284250f6c1453823837a3780c761af951727b7fbb2b,52ddcd4062ca2a6e4ef01ab8c56d955b611ca81e5173aa2e8f5598ff8c37def0,<HDD>/datasets/execution_wm/v0_7/test/G19/low/ep_00712.npz
713,G19,test,low,P1_heldout_pair,sc05,T5,7703,13.6,680,schedule_end,12,double|zero,0.3,0.21,f4c10d213c5ba4bf28c5d0b6c9f96476cadfee011448eafccd0fee38105a505b,e24c883998687155cbcdc10aff0623e32a416d9a0ca1b0a537cfb10f92234561,<HDD>/datasets/execution_wm/v0_7/test/G19/low/ep_00713.npz
714,G19,test,low,P1_heldout_pair,sc06,T0,7703,13.6,680,schedule_end,12,double|zero,0.3,0.21,3e488e41adf35e07f3c465ade71df205eab19e2b5ea0e26d7f47506ccc197916,bd9ee28f7633e54924be927c4d5fe3ec09fe94a4991846b25805bdb05ab50cef,<HDD>/datasets/execution_wm/v0_7/test/G19/low/ep_00714.npz
715,G19,test,low,P1_heldout_pair,sc07,T1,7703,13.6,680,schedule_end,12,double|zero,0.3,0.21,f83e9497291080096fa4c166f868f3f85122f3527094d646b4ddd49105b20266,d0c402588e680b981a41b3eb6e805e68c5dbe0a2dcdcb42dd469891264d506ee,<HDD>/datasets/execution_wm/v0_7/test/G19/low/ep_00715.npz
716,G19,test,low,P2_triple,sc08,T2,7703,13.6,680,schedule_end,12,triple|zero,0.3,0.21,1a20ff74aae15b2adcbac76bb79581329bd5b976d74cbcb6ac0d0150830c07c4,7379a25fd99b640d6bbb51f0a6afb28443d77f7bbceed0a47f797971653209d6,<HDD>/datasets/execution_wm/v0_7/test/G19/low/ep_00716.npz
717,G19,test,low,P2_triple,sc09,T3,7703,13.620000000000001,681,schedule_end,12,triple|zero,0.3,0.21,49e14b64dd0f438387cdcd47ccbab6c5fada41f4e4462bb0184a0f7eaa2bd944,05da8e4c52c0bbbb174628b2a82a734446939fe009f99ad3fcb3ede9b616dd9a,<HDD>/datasets/execution_wm/v0_7/test/G19/low/ep_00717.npz
718,G19,test,low,P2_triple,sc10,T4,7703,13.6,680,schedule_end,12,triple|zero,0.3,0.21,ff7da2c2d092095f0f2bbe2da5a19ba2e6faf63c78070e2964888e61585b304a,57eb0ef8c67a5165ba1e98a2c459376d4412014486065bb75f7c22b5b812d980,<HDD>/datasets/execution_wm/v0_7/test/G19/low/ep_00718.npz
719,G19,test,low,P2_triple,sc11,T5,7703,13.6,680,schedule_end,12,triple|zero,0.3,0.21,56b8a26967a9420817a5ff65af4367a41964ea3aae4b3bb733412e4b65a4a7dd,dd3139fc76d4d39fd149b21d33db680763fbe7e66de94e427352a3eb0211fd59,<HDD>/datasets/execution_wm/v0_7/test/G19/low/ep_00719.npz
720,G20,test,nominal,P0_seen_cell,sc00,T0,7740,13.6,680,schedule_end,12,double|single|zero,1.0,0.7,7d9636f8cdd696ac2b56237ba9c9327eef2a1b46f14c2b56020bcc2917a7e99f,92c92632e0393fb4964cb99659614d553fb8cb54f6748c62e4f8c40588d96b55,<HDD>/datasets/execution_wm/v0_7/test/G20/nominal/ep_00720.npz
721,G20,test,nominal,P0_seen_cell,sc01,T1,7740,13.6,680,schedule_end,12,double|single|zero,1.0,0.7,9cce0f3f5b1275a905f7cc0c89ca308ac69a5efff71111fc9ac58f7130bdaf65,697e22f5d657f79347122f774395d83ddce4e2f3ad419691ae0d7350ba2d7c81,<HDD>/datasets/execution_wm/v0_7/test/G20/nominal/ep_00721.npz
722,G20,test,nominal,P0_seen_cell,sc02,T2,7740,13.6,680,schedule_end,12,double|single|zero,1.0,0.7,7d0cad1b3e2c3ebf7be097caed27f56bd10cb3addbe60ee0062c257ded4407ef,74e9e2628821a9e68b71e8563574fe6a6b28fa3926db20ca233fc79a2db5fec1,<HDD>/datasets/execution_wm/v0_7/test/G20/nominal/ep_00722.npz
723,G20,test,nominal,P0_seen_cell,sc03,T3,7740,13.620000000000001,681,schedule_end,12,double|single|zero,1.0,0.7,e12496f0dffd4216d8d39b690c55fac98d9a4848ded6f52775c6b60f31154667,2c627ca934158bf10a788e4d901a0656668ba94353b117268898a326e294d75c,<HDD>/datasets/execution_wm/v0_7/test/G20/nominal/ep_00723.npz
724,G20,test,nominal,P1_heldout_pair,sc04,T4,7740,13.6,680,schedule_end,12,double|zero,1.0,0.7,c9a6e64141b992af094b0d0cf9f9efeba0d1b4918b1ca499346970f6b294a00e,d51e868c7379bb87ab2a3f892b89cadb62f6695765eb3af1c4f1e70103ea3ebc,<HDD>/datasets/execution_wm/v0_7/test/G20/nominal/ep_00724.npz
725,G20,test,nominal,P1_heldout_pair,sc05,T5,7740,13.6,680,schedule_end,12,double|zero,1.0,0.7,65ee3fb9dda69e59ca03ed6f441581e895b43ea5902a7d00d01ce8c0902febde,2337f5e6035bf40d45085b2660de3ee3d234b1d134422a582c7d53080d23bf28,<HDD>/datasets/execution_wm/v0_7/test/G20/nominal/ep_00725.npz
726,G20,test,nominal,P1_heldout_pair,sc06,T0,7740,13.6,680,schedule_end,12,double|zero,1.0,0.7,6b83ddf375d6f0047a30e85bef7c63e9b7c723ed8522c08739b10364e2ff3916,d95a87f48e4139d201cf7437feeef6a5f56f10f61caa69f9e54068c39d48e2a1,<HDD>/datasets/execution_wm/v0_7/test/G20/nominal/ep_00726.npz
727,G20,test,nominal,P1_heldout_pair,sc07,T1,7740,13.6,680,schedule_end,12,double|zero,1.0,0.7,e0eba66d85993f189d9c22294d4bff16750837200a019a62eaa1056786186f59,17f51b22c5aa4da27b3b1299ac4cc58aeb1ef1bcda6e409edeac564438f4d4ef,<HDD>/datasets/execution_wm/v0_7/test/G20/nominal/ep_00727.npz
728,G20,test,nominal,P2_triple,sc08,T2,7740,13.6,680,schedule_end,12,triple|zero,1.0,0.7,47a326f986a9546efce8c493b57b0110c9ac828c62c027d84fe72a4229ccc652,c78c3fa259eca0553cbd502e98a54588865f1fba405f950b972a402b3854a69a,<HDD>/datasets/execution_wm/v0_7/test/G20/nominal/ep_00728.npz
729,G20,test,nominal,P2_triple,sc09,T3,7740,13.620000000000001,681,schedule_end,12,triple|zero,1.0,0.7,47824f17e34469f09a94c2bd18075155b2b7f4fa5f8969b62870840d283be9a5,a409a52cf5e7f16e7e034d3d00c0584f58c88c8975c8c37b2bb1ee9a4a8f9369,<HDD>/datasets/execution_wm/v0_7/test/G20/nominal/ep_00729.npz
730,G20,test,nominal,P2_triple,sc10,T4,7740,13.6,680,schedule_end,12,triple|zero,1.0,0.7,9b10901019d863ce38946e9ab66e13a7396498643d416f3c6739020f05249ab1,e36485f4b0caaa5e41c71abb7c66b16d264a9cee68a17f864683b895c0c0559f,<HDD>/datasets/execution_wm/v0_7/test/G20/nominal/ep_00730.npz
731,G20,test,nominal,P2_triple,sc11,T5,7740,13.6,680,schedule_end,12,triple|zero,1.0,0.7,9a872d77c855fa78e03a2b2e568c0017cb74e276565b30eea36a7bdf16edc3c6,3b68dedc322d74e521325985336123956ed69686c77019651105f95a0889648b,<HDD>/datasets/execution_wm/v0_7/test/G20/nominal/ep_00731.npz
732,G20,test,mid,P0_seen_cell,sc00,T0,7740,13.6,680,schedule_end,12,double|single|zero,0.6,0.42,da12eef77763a0fa21e26865f6fc77da6f75b717b4aee3673275071d6c1b4a1e,9b8149304a0657b35ed9a10e1ad076b8d84996cab4da4f8c5862331498e71202,<HDD>/datasets/execution_wm/v0_7/test/G20/mid/ep_00732.npz
733,G20,test,mid,P0_seen_cell,sc01,T1,7740,13.6,680,schedule_end,12,double|single|zero,0.6,0.42,3c5194cfd2137f3ca9cd56cd8d9cd79d5e32c891a4bdd4ef6490bad390a03f57,2049d7ba086805c66dc1f6dafac5cedb1440b5b63c20ce7577e84cd4d12dd1fe,<HDD>/datasets/execution_wm/v0_7/test/G20/mid/ep_00733.npz
734,G20,test,mid,P0_seen_cell,sc02,T2,7740,13.6,680,schedule_end,12,double|single|zero,0.6,0.42,bdcca7a1909c18ccfa0e10c02bd00c3e3b5ec405aed39b000188d7e2861369db,f267e490c6a46a549e39dda9a41bef8859e725b1b1f0a5c197c74c7bd3e0a700,<HDD>/datasets/execution_wm/v0_7/test/G20/mid/ep_00734.npz
735,G20,test,mid,P0_seen_cell,sc03,T3,7740,13.620000000000001,681,schedule_end,12,double|single|zero,0.6,0.42,9a67fc183bd1a18409adb5bf00d1bd36d4d82af08fd78c131e732f830bba22c5,18caea4fc8b3964c2e5880ca56221664b5dc6baaf76cc9969280b7a661f9ce49,<HDD>/datasets/execution_wm/v0_7/test/G20/mid/ep_00735.npz
736,G20,test,mid,P1_heldout_pair,sc04,T4,7740,13.6,680,schedule_end,12,double|zero,0.6,0.42,0abe71d76f765ad1a86048ccfd2b2dba0afd4a8d1020cd0ccb017d7bb3c35a95,b306953eb506bdfcaa20ed1b4a658b98b3eac473efc0f801bf9cd9a74ebd2f75,<HDD>/datasets/execution_wm/v0_7/test/G20/mid/ep_00736.npz
737,G20,test,mid,P1_heldout_pair,sc05,T5,7740,13.6,680,schedule_end,12,double|zero,0.6,0.42,1e2b038f5942932accc03aa7e9dbdc9f9f199ee9daaeb3023d591c732f4dda99,ba184069ce74c9407945ec63af4928993b3d90d6b6d4fa0eebddca64485604cb,<HDD>/datasets/execution_wm/v0_7/test/G20/mid/ep_00737.npz
738,G20,test,mid,P1_heldout_pair,sc06,T0,7740,13.6,680,schedule_end,12,double|zero,0.6,0.42,c27d81c7d0a450ea704e9b538c27a6d91687826f2226ca3540621ab7dc5e6c44,6724d3f2b3a9980b65a661307d27402400b156989404c25f6386dc717ad1c2b4,<HDD>/datasets/execution_wm/v0_7/test/G20/mid/ep_00738.npz
739,G20,test,mid,P1_heldout_pair,sc07,T1,7740,13.6,680,schedule_end,12,double|zero,0.6,0.42,da1a706406aab909d788be3f97264c3b8dd4c9d2d5e52475225148d7b61c2cd4,71232fcb9aba9027f54554ec8defe6c03ffc819579c7940d9ea78e21a7859d6a,<HDD>/datasets/execution_wm/v0_7/test/G20/mid/ep_00739.npz
740,G20,test,mid,P2_triple,sc08,T2,7740,13.6,680,schedule_end,12,triple|zero,0.6,0.42,399beaaa38aa00b91086bfef7929c30bf0a4908101a21c5dad45b5324a5b3035,56fb691fa5b412f576c5028eebab35e286be5776014fc695201ef2827958e981,<HDD>/datasets/execution_wm/v0_7/test/G20/mid/ep_00740.npz
741,G20,test,mid,P2_triple,sc09,T3,7740,13.620000000000001,681,schedule_end,12,triple|zero,0.6,0.42,40e21afb20d1c774e78b4b98cdbb3501fcd22dbbcc0ca2dc33229d2510580b61,ae3ebf39fe0e28aa44c3c917df9224161e64937a634ce4b8c26382a9c7cb6601,<HDD>/datasets/execution_wm/v0_7/test/G20/mid/ep_00741.npz
742,G20,test,mid,P2_triple,sc10,T4,7740,13.6,680,schedule_end,12,triple|zero,0.6,0.42,8690f87eab7575ecf35308f6328ad858018af4133ebd9e1b6781492929ffc5c7,f3da927cf14e49843969cd6186242ce2589e18fdaac18e439ed18ffd97f938ae,<HDD>/datasets/execution_wm/v0_7/test/G20/mid/ep_00742.npz
743,G20,test,mid,P2_triple,sc11,T5,7740,13.6,680,schedule_end,12,triple|zero,0.6,0.42,d60d565f2c2eb3d835daa81833c1d0edd181c67e59ae0f0c93f701e2ce82e1a6,fb7dbed21cdc0665d8b286e2b40215f9b38f1b9139ca816af999142b95a5d2cb,<HDD>/datasets/execution_wm/v0_7/test/G20/mid/ep_00743.npz
744,G20,test,low,P0_seen_cell,sc00,T0,7740,13.6,680,schedule_end,12,double|single|zero,0.3,0.21,48b16826d5adf40ee15d05fef97b770971255d9f8c365aef85146892181201e9,9678fc4b9dd6f56c35668e083aa23dffd25a2d51e0784b978543e46de828318e,<HDD>/datasets/execution_wm/v0_7/test/G20/low/ep_00744.npz
745,G20,test,low,P0_seen_cell,sc01,T1,7740,13.6,680,schedule_end,12,double|single|zero,0.3,0.21,581cb5e3b43487321801164b6afa667abee30c91b2a563621fe06098b3b83d98,40d99390bce72a67a2300d73fda878e0cb733e0a2fe339e30ccaa10b14ae1fa8,<HDD>/datasets/execution_wm/v0_7/test/G20/low/ep_00745.npz
746,G20,test,low,P0_seen_cell,sc02,T2,7740,13.6,680,schedule_end,12,double|single|zero,0.3,0.21,f84b39bfb47721e44ff2f7bc114a28f73837f6bc219589b8053bbb81656eb648,d90fbedb52585db8ad43ca62af32c4c395ec7f404989f8659752f909f7a4af29,<HDD>/datasets/execution_wm/v0_7/test/G20/low/ep_00746.npz
747,G20,test,low,P0_seen_cell,sc03,T3,7740,13.620000000000001,681,schedule_end,12,double|single|zero,0.3,0.21,cef578aab934d17675f64611da2823ca7d1c05793d5973e34257e456eb3736fc,c405ca757dda04253a20778ac8f49ebdb8dd1f5213715aa5518d6388aacdbadc,<HDD>/datasets/execution_wm/v0_7/test/G20/low/ep_00747.npz
748,G20,test,low,P1_heldout_pair,sc04,T4,7740,13.6,680,schedule_end,12,double|zero,0.3,0.21,2b56ce131f48125ade415f75cd2509d7b8c13891c05fcdd6d0c7c1e965810586,1e1006209d6b2ce6ee4372dc7048303e466f8ddf03b6807d5175fb94b95f0b4b,<HDD>/datasets/execution_wm/v0_7/test/G20/low/ep_00748.npz
749,G20,test,low,P1_heldout_pair,sc05,T5,7740,13.6,680,schedule_end,12,double|zero,0.3,0.21,0ea1460620d3b9f49430f50150a075de464aaf53c441d5683dd8dac9731573db,3b6c0e9dc1696e7df374bef8652a6148d4b3850bda29930973704e7ba5a1b686,<HDD>/datasets/execution_wm/v0_7/test/G20/low/ep_00749.npz
750,G20,test,low,P1_heldout_pair,sc06,T0,7740,13.6,680,schedule_end,12,double|zero,0.3,0.21,87b2d9b935da2eefc8eb1f299b8125c9b7d71fe70e9e44710b459624748f4641,eab3d79de88558e9a96b18d206dd788d5232c6c5286577cb85f49ebc5106033e,<HDD>/datasets/execution_wm/v0_7/test/G20/low/ep_00750.npz
751,G20,test,low,P1_heldout_pair,sc07,T1,7740,13.6,680,schedule_end,12,double|zero,0.3,0.21,05a4b81b27cf44c56107e3226a7dada236f7093b8bbf2a04d865777abfcef6fc,b608c069b5c584da079ca8513c9bc9a07bf89cb57239bbdf67cc61875c089de4,<HDD>/datasets/execution_wm/v0_7/test/G20/low/ep_00751.npz
752,G20,test,low,P2_triple,sc08,T2,7740,13.6,680,schedule_end,12,triple|zero,0.3,0.21,5c61dcc02021bf2aaa603d593188fcee91f4cfd70c06e02c86100c87a9a68efe,000f751f72cc8713b2c42ab94f1c27da6f4c1468240c562cf2a92f384252609f,<HDD>/datasets/execution_wm/v0_7/test/G20/low/ep_00752.npz
753,G20,test,low,P2_triple,sc09,T3,7740,13.620000000000001,681,schedule_end,12,triple|zero,0.3,0.21,31e9bee318354f7ff988ba46a941d1f617051ef39d776d99bf736e6bf85caae5,4a81678358aa224757f038bdad7647a70f0c89a3bff4c34b8f9dc14ec0a90dc3,<HDD>/datasets/execution_wm/v0_7/test/G20/low/ep_00753.npz
754,G20,test,low,P2_triple,sc10,T4,7740,13.6,680,schedule_end,12,triple|zero,0.3,0.21,387f838385be4325d4a2f9fbe12ec01b461ddf5eeb74615a986805b4c32194e5,946edc9ab2c9d088176cc5eccbd457347b3b2aea2162ea14d1c497ad3e12e843,<HDD>/datasets/execution_wm/v0_7/test/G20/low/ep_00754.npz
755,G20,test,low,P2_triple,sc11,T5,7740,13.6,680,schedule_end,12,triple|zero,0.3,0.21,9c18cecef603a0c411d7a3b588c31e2485baeed9702f7d2c59334b851c929263,c4487e23178b8439778f76753ee04f64c94131d1e162d17edda225434f12c7a8,<HDD>/datasets/execution_wm/v0_7/test/G20/low/ep_00755.npz
756,G21,test,nominal,P0_seen_cell,sc00,T0,7777,13.6,680,schedule_end,12,double|single|zero,1.0,0.7,80806f416690206c5adb1e375b40bbe62050bf19c2a91e3291b32ffce4fd9a8d,9426df96f481570df761cbd29b7a3983cfa971882717b056acda2f6690b987f2,<HDD>/datasets/execution_wm/v0_7/test/G21/nominal/ep_00756.npz
757,G21,test,nominal,P0_seen_cell,sc01,T1,7777,13.6,680,schedule_end,12,double|single|zero,1.0,0.7,bfd5561ffb95633febbbb856a8eda9b4aa2785f58865fe89e8f93be634b06a3a,76258109616119846ddd9e17a099ebb0687d9ce030a6bd6dba754a3f82dad495,<HDD>/datasets/execution_wm/v0_7/test/G21/nominal/ep_00757.npz
758,G21,test,nominal,P0_seen_cell,sc02,T2,7777,13.6,680,schedule_end,12,double|single|zero,1.0,0.7,a949ede3183c0942b86d6cf0c8270e70237d3e624a76a8fc44b3f3f298875bf0,3c0e65279b06866e3ee2d763236de78b1c432d606cd8abd4ee3957c2c38d7585,<HDD>/datasets/execution_wm/v0_7/test/G21/nominal/ep_00758.npz
759,G21,test,nominal,P0_seen_cell,sc03,T3,7777,13.620000000000001,681,schedule_end,12,double|single|zero,1.0,0.7,665d022799e839797f8e2c100b68adba3ab37cf3a5abef42eb69a90d243a0745,e543e461ca70c81305d02c10e8854dfeb432ba0c9cd8fa5f87c8d664affeb0a0,<HDD>/datasets/execution_wm/v0_7/test/G21/nominal/ep_00759.npz
760,G21,test,nominal,P1_heldout_pair,sc04,T4,7777,13.6,680,schedule_end,12,double|zero,1.0,0.7,df30b219a7f88ac1d997f73dc247bc302d50c0519d6bf46dfeb1316003028d1c,0197ce24f678195d20d422afbb6a34c59f0c11b6c47a5dc155521760cc0401c6,<HDD>/datasets/execution_wm/v0_7/test/G21/nominal/ep_00760.npz
761,G21,test,nominal,P1_heldout_pair,sc05,T5,7777,13.6,680,schedule_end,12,double|zero,1.0,0.7,6dc9697ac8d088ed45a43d30701d17d6d441e5f4e397637f713a7a373b83ef19,84a1e56d5bebb6513e0e6d9ee6908830cd9f16b50d4d80ca7e53cfeedd988431,<HDD>/datasets/execution_wm/v0_7/test/G21/nominal/ep_00761.npz
762,G21,test,nominal,P1_heldout_pair,sc06,T0,7777,13.6,680,schedule_end,12,double|zero,1.0,0.7,c0c01cd69694504f421746c7b8188e1f6d9d4999f369b18cf80846a6e9012ce6,6a4fa6fe9872ca6fa1019c88f2e4848704d902c211e424235ce42d47302370e6,<HDD>/datasets/execution_wm/v0_7/test/G21/nominal/ep_00762.npz
763,G21,test,nominal,P1_heldout_pair,sc07,T1,7777,13.6,680,schedule_end,12,double|zero,1.0,0.7,fcbe4829087d6c49dbe0ca75b9891b9bcda810ca54498c7d2b18b1bcf0994bff,5d601602cc37137eea6049c86daecf4a011ee4fce3120fc4c59d60f952370a2e,<HDD>/datasets/execution_wm/v0_7/test/G21/nominal/ep_00763.npz
764,G21,test,nominal,P2_triple,sc08,T2,7777,13.6,680,schedule_end,12,triple|zero,1.0,0.7,569c3bf7babb8a1ecc13dab7bbbce2118ebc5b9a18678f47e043526bae16e7f5,17f8f4594cb627842f456dd3d31c762d3d6033abda121e464700bd7fc396789b,<HDD>/datasets/execution_wm/v0_7/test/G21/nominal/ep_00764.npz
765,G21,test,nominal,P2_triple,sc09,T3,7777,13.620000000000001,681,schedule_end,12,triple|zero,1.0,0.7,016028e6b88c5924517e4f9daf9c0e0e4f4bb40944d60adbe4cd8d161d25cbb2,6ed4a1b00003c4185af6b4f35059a6b1ec2c61432a24a9505f9a6b915d3dd132,<HDD>/datasets/execution_wm/v0_7/test/G21/nominal/ep_00765.npz
766,G21,test,nominal,P2_triple,sc10,T4,7777,13.6,680,schedule_end,12,triple|zero,1.0,0.7,54d78b4c74bb13a9b7ad8b7ed98b9246e7e5024a63e89c75a33de61453c3fcc8,64fade4edf7b3539bfdb689caae431a0eeac57902554217b877e2a16a7355d99,<HDD>/datasets/execution_wm/v0_7/test/G21/nominal/ep_00766.npz
767,G21,test,nominal,P2_triple,sc11,T5,7777,13.6,680,schedule_end,12,triple|zero,1.0,0.7,158dfe12c9d33de35f4354e0630a65c0583ebef23196cf3582330bfd13180225,152e4773a20176036794538c30de020cabe485a581b862032c24ac67974b860f,<HDD>/datasets/execution_wm/v0_7/test/G21/nominal/ep_00767.npz
768,G21,test,mid,P0_seen_cell,sc00,T0,7777,13.6,680,schedule_end,12,double|single|zero,0.6,0.42,cf23e3ff226d89be0a0390a0f82b3e75abc9ac7178122079795751e884e28a24,f9c9911e97a7fe6018689220afe8a2171bd601b8b8345692dadff98ed02d8f13,<HDD>/datasets/execution_wm/v0_7/test/G21/mid/ep_00768.npz
769,G21,test,mid,P0_seen_cell,sc01,T1,7777,13.6,680,schedule_end,12,double|single|zero,0.6,0.42,58688c5b866fa39b7f16a714d551068cbdc13f859b9e381fcc64856324ab7e59,e07b0364c22e3979de78f0a9b04ea41d5a13f38ecfdea61a85fedfec1f66a49b,<HDD>/datasets/execution_wm/v0_7/test/G21/mid/ep_00769.npz
770,G21,test,mid,P0_seen_cell,sc02,T2,7777,13.6,680,schedule_end,12,double|single|zero,0.6,0.42,82c180321f409016710a4bf432605b33e301a9eff5fff7ad00e3f1c4479dc30a,ea57356475db59818dc603ef3aa42be7337f21edff1fe7e86152253b975cce58,<HDD>/datasets/execution_wm/v0_7/test/G21/mid/ep_00770.npz
771,G21,test,mid,P0_seen_cell,sc03,T3,7777,13.620000000000001,681,schedule_end,12,double|single|zero,0.6,0.42,ed4708a8c33fd83b6e6f341a5e941f94007188ecfc1a234272494f6765876bed,165725fccc5d606a33a91825b719f7ede078530851b94dad78fcce38c96afb98,<HDD>/datasets/execution_wm/v0_7/test/G21/mid/ep_00771.npz
772,G21,test,mid,P1_heldout_pair,sc04,T4,7777,13.6,680,schedule_end,12,double|zero,0.6,0.42,39d459e99daff6f294229253052f7af2a0bc2d8359774519ddcc54e237971f23,ebbd056a81aeb967c1f3ea51d088b6fa0e4044686968e29830ea41ac006e3167,<HDD>/datasets/execution_wm/v0_7/test/G21/mid/ep_00772.npz
773,G21,test,mid,P1_heldout_pair,sc05,T5,7777,13.6,680,schedule_end,12,double|zero,0.6,0.42,3db832fffe4fbdbd27688510c461c6faf2edabca210437f82fcb83465fdc8c63,124689bdfa1b4b31c513c47bfa843ce9067e3ba338b607bf081260bc30d55201,<HDD>/datasets/execution_wm/v0_7/test/G21/mid/ep_00773.npz
774,G21,test,mid,P1_heldout_pair,sc06,T0,7777,13.6,680,schedule_end,12,double|zero,0.6,0.42,942f6963cfa0694a1e61b706ef4787288e26b33c9b3429fd0d28ca8a053d45ee,f0a1c764dd9cac8f19accd866c50b4a6b74338fa51db8f527d6d836dd2edb71a,<HDD>/datasets/execution_wm/v0_7/test/G21/mid/ep_00774.npz
775,G21,test,mid,P1_heldout_pair,sc07,T1,7777,13.6,680,schedule_end,12,double|zero,0.6,0.42,8c0ed75d9e258a18ebb9d315448dd0b053d6d8710caad29ee001d7c4ca80b9af,644622313189248a82de38cd8a8d96d95f50849d1ecc4173f678d4087c0fb19d,<HDD>/datasets/execution_wm/v0_7/test/G21/mid/ep_00775.npz
776,G21,test,mid,P2_triple,sc08,T2,7777,13.6,680,schedule_end,12,triple|zero,0.6,0.42,d2e0d32f000077c8029faf0e1dd00490c0a3b5ac6dbb6912e70335c739325be0,3d211cfa116f167b9ac18535aeb7c794d8a30915da58ee0075812f2bd8b5c2ae,<HDD>/datasets/execution_wm/v0_7/test/G21/mid/ep_00776.npz
777,G21,test,mid,P2_triple,sc09,T3,7777,13.620000000000001,681,schedule_end,12,triple|zero,0.6,0.42,046f3614a3bc783f1bebb26ce335d19072576ac3fb32e9036241d349cccf69de,25019eb8a16fcd7ea4fd1f2c62635cf33098993193739125ba258d8168239c40,<HDD>/datasets/execution_wm/v0_7/test/G21/mid/ep_00777.npz
778,G21,test,mid,P2_triple,sc10,T4,7777,13.6,680,schedule_end,12,triple|zero,0.6,0.42,91da26d557c724522c16254985894e65c57dccf99fb6ca1e04a67ddff4000e90,21320f7de1cc87787c85153893bf7a596141bca5177cda7bfbbdb6e22ea3f124,<HDD>/datasets/execution_wm/v0_7/test/G21/mid/ep_00778.npz
779,G21,test,mid,P2_triple,sc11,T5,7777,13.6,680,schedule_end,12,triple|zero,0.6,0.42,5614764543a5f58b213ec0b8994d909776d10ba3c8ccc704823096e363f25fb4,10eb4017da57a034bd345f382f198fdd8b92c91bb7b2eda7c241fdf047374787,<HDD>/datasets/execution_wm/v0_7/test/G21/mid/ep_00779.npz
780,G21,test,low,P0_seen_cell,sc00,T0,7777,13.6,680,schedule_end,12,double|single|zero,0.3,0.21,b5c18bdb17b918dbd005ab6570e745afedd2aa906d4599844ff5b2d362d1a2f7,4441a966d1254ea8f08ca9de439ddc2e79b18a5457916d1219140efbf5696f40,<HDD>/datasets/execution_wm/v0_7/test/G21/low/ep_00780.npz
781,G21,test,low,P0_seen_cell,sc01,T1,7777,13.6,680,schedule_end,12,double|single|zero,0.3,0.21,98775033f002239d8fd436fd768e59f0971cbab22790fface8ceeedd37f7ded4,7b5a0d125a3a155d0e8b2f022d6ff398615debdac10490a6fa07e4270b950fad,<HDD>/datasets/execution_wm/v0_7/test/G21/low/ep_00781.npz
782,G21,test,low,P0_seen_cell,sc02,T2,7777,13.6,680,schedule_end,12,double|single|zero,0.3,0.21,7b757cf47ad4a07eada2bc063434f97b839cd48b16e7c16bf42b6847a801bd2d,f6162eca8b6a2028c578e592209dbd3f591d7907a62ebedc15425860066e428b,<HDD>/datasets/execution_wm/v0_7/test/G21/low/ep_00782.npz
783,G21,test,low,P0_seen_cell,sc03,T3,7777,13.620000000000001,681,schedule_end,12,double|single|zero,0.3,0.21,15e4e749fa0ed9b007680b8b2b10d57cbdb09981a5a9c2d0fe02771d01766a8d,a64000155b96065a1c9fde6b90102ba99f8ab5ca0305ce39dd2fd1ce09cb5716,<HDD>/datasets/execution_wm/v0_7/test/G21/low/ep_00783.npz
784,G21,test,low,P1_heldout_pair,sc04,T4,7777,13.6,680,schedule_end,12,double|zero,0.3,0.21,29b0989d96d91feb882c268bbb5a524fdab7c50b538969721bce5142d2262b21,cf3b1843a9edd90343eb7a4c754125961fd3768de140dcc563913bb48d1d455a,<HDD>/datasets/execution_wm/v0_7/test/G21/low/ep_00784.npz
785,G21,test,low,P1_heldout_pair,sc05,T5,7777,13.6,680,schedule_end,12,double|zero,0.3,0.21,0529c9558ffb5a5b2680ec8b2b1fd1b162f0cef899bb7df377c5cd1864dd56b0,d8692df6496338416881958fc6dff014c58964a74d6f7578661f0fb65f9112c2,<HDD>/datasets/execution_wm/v0_7/test/G21/low/ep_00785.npz
786,G21,test,low,P1_heldout_pair,sc06,T0,7777,13.6,680,schedule_end,12,double|zero,0.3,0.21,cbb3f706d11fb64cd205c019fd81c28e88d977bd5bea8fea956af6c0f192f8a0,0f18e7cbee8de19f96b4cba5105780e990855bac6923e81a58b15603025f3163,<HDD>/datasets/execution_wm/v0_7/test/G21/low/ep_00786.npz
787,G21,test,low,P1_heldout_pair,sc07,T1,7777,13.6,680,schedule_end,12,double|zero,0.3,0.21,ef813d6fbf1bf12aaa07b13b5c66f294cd5949922ff78a4ed59368b0b6a88188,e4013642868a57788aac12d9d8ef6a2edc76baf997e38116d25173a6989698af,<HDD>/datasets/execution_wm/v0_7/test/G21/low/ep_00787.npz
788,G21,test,low,P2_triple,sc08,T2,7777,13.6,680,schedule_end,12,triple|zero,0.3,0.21,562f24b4e86c6f16e164f5ade36031f2b08d51fedba02e184be625d02fd02a62,42892cfdcbb85de3ac3ad1fbc0c99e2fba5f67ade9affdc576ac146ed229a4b7,<HDD>/datasets/execution_wm/v0_7/test/G21/low/ep_00788.npz
789,G21,test,low,P2_triple,sc09,T3,7777,13.620000000000001,681,schedule_end,12,triple|zero,0.3,0.21,5d564a0368bf0345a21d6ef8403ae2e71d1e6775d1e49415fbe71cc97f67a0b7,e340656c386960e8ed0acbe79b69735211b33f08f61237d767c20e118ae178eb,<HDD>/datasets/execution_wm/v0_7/test/G21/low/ep_00789.npz
790,G21,test,low,P2_triple,sc10,T4,7777,13.6,680,schedule_end,12,triple|zero,0.3,0.21,9fb0cbda24f55bf81938a87da418c004c45fe464f0795558977e41c92472e90d,4f4e791039ac66d01891b28e4b1dea16cee696bba54fb4e5fd3a354e345f42a6,<HDD>/datasets/execution_wm/v0_7/test/G21/low/ep_00790.npz
791,G21,test,low,P2_triple,sc11,T5,7777,13.6,680,schedule_end,12,triple|zero,0.3,0.21,3d361968824206d000793888f1da96730bbe2ac35debea6ee0dd2f6b6c02e17d,644b29b9a0c977dd5f541a6a1ef58554decb159ee149103e787177b7b673e0d4,<HDD>/datasets/execution_wm/v0_7/test/G21/low/ep_00791.npz
792,G22,test,nominal,P0_seen_cell,sc00,T0,7814,13.6,680,schedule_end,12,double|single|zero,1.0,0.7,2bce11fddb1ef8d82f53af8f29eedcfe1d9643e30ed292efbcb1a8e82e2b1925,4b52275a5bff64621daa7d61491df36173fcd1dc1c2be0b05290feffecd358a2,<HDD>/datasets/execution_wm/v0_7/test/G22/nominal/ep_00792.npz
793,G22,test,nominal,P0_seen_cell,sc01,T1,7814,13.6,680,schedule_end,12,double|single|zero,1.0,0.7,3e22f1cf47d6cc9ba09317e90b2be028d8c7abae5e530d46ed923b1daa65445f,08ba25a0c7becc0aa816011ef15e1365ec63c22961078a4c6f938bcead6083d0,<HDD>/datasets/execution_wm/v0_7/test/G22/nominal/ep_00793.npz
794,G22,test,nominal,P0_seen_cell,sc02,T2,7814,13.6,680,schedule_end,12,double|single|zero,1.0,0.7,73030f1316745c5f2a4036d1b74d2a4d9ddebde4e6696af1ee4124516094d30a,08fba9a9c72bdba47cb5308f7ce8062d348238019474942f992aeaefd3a7c204,<HDD>/datasets/execution_wm/v0_7/test/G22/nominal/ep_00794.npz
795,G22,test,nominal,P0_seen_cell,sc03,T3,7814,13.620000000000001,681,schedule_end,12,double|single|zero,1.0,0.7,485fd2d23daf3bd9f641741e513a14a0ecdefabd6089449c7bb67576aacccfe0,20fcc8f20f419fc48fc3ce2e28a83a974505aa5ae89f8154f2cb29bf6aea32d1,<HDD>/datasets/execution_wm/v0_7/test/G22/nominal/ep_00795.npz
796,G22,test,nominal,P1_heldout_pair,sc04,T4,7814,13.6,680,schedule_end,12,double|zero,1.0,0.7,a068bd685ba5b30d2f58c65fcf5bc67941cb0bcef5ff7de1cde1239f32961d0c,0b050ff916017e28168d910d57984ca9a741b8a77f90040f90febca749f7e78f,<HDD>/datasets/execution_wm/v0_7/test/G22/nominal/ep_00796.npz
797,G22,test,nominal,P1_heldout_pair,sc05,T5,7814,13.6,680,schedule_end,12,double|zero,1.0,0.7,cc458784d031634835fcfbec3e7a72624eb2372e5c3a8a9d350061144309a3ac,841980304501fa0c7b2bb0d8268e2f8b0374ef90724e049d93880d29769a0dfa,<HDD>/datasets/execution_wm/v0_7/test/G22/nominal/ep_00797.npz
798,G22,test,nominal,P1_heldout_pair,sc06,T0,7814,13.6,680,schedule_end,12,double|zero,1.0,0.7,f0dfab7c68ffd27e333b26cc96f95b7a39bd2dbbc41ca280d4ba00eaba86fe8e,9703aa4ca02d7888d624e6c2e8f5e638e9265a8d4a950b91f4e8e377747a9c0f,<HDD>/datasets/execution_wm/v0_7/test/G22/nominal/ep_00798.npz
799,G22,test,nominal,P1_heldout_pair,sc07,T1,7814,13.6,680,schedule_end,12,double|zero,1.0,0.7,03fd5ac372c450e30ae9ea583347c7732fa7c2268226d176961b9769751ab77e,84f34769402fc654874fd35581b7f9f1d530e3fe053c7bf61b7c83a1011edc71,<HDD>/datasets/execution_wm/v0_7/test/G22/nominal/ep_00799.npz
800,G22,test,nominal,P2_triple,sc08,T2,7814,13.6,680,schedule_end,12,triple|zero,1.0,0.7,f938540d76c6800f95ce7ee2ec6978ba99fef20278eb1f93703fa15afdcc5063,0e80f17019473cf1bc43551bd5b458ef6ef578dbfe4e5fd8b4bddc5e1f3595c6,<HDD>/datasets/execution_wm/v0_7/test/G22/nominal/ep_00800.npz
801,G22,test,nominal,P2_triple,sc09,T3,7814,13.620000000000001,681,schedule_end,12,triple|zero,1.0,0.7,65e43a7e2d78cb72c09c4b2edd23c8b2315939d8a5c0cd3b0a3d78a21047ed5b,87bebd1558a2b5b0fb2a8b05fcb866f68358356270c7d82df737ae8f989c029a,<HDD>/datasets/execution_wm/v0_7/test/G22/nominal/ep_00801.npz
802,G22,test,nominal,P2_triple,sc10,T4,7814,13.6,680,schedule_end,12,triple|zero,1.0,0.7,00a0c1d940601c4d96406907781a2ac9e0c6a1a0bd0e3a74cf02eb4867fc3140,cccc3684769395a821320cda61317873e0b051f2bc84eef16c0ee076e7643294,<HDD>/datasets/execution_wm/v0_7/test/G22/nominal/ep_00802.npz
803,G22,test,nominal,P2_triple,sc11,T5,7814,13.6,680,schedule_end,12,triple|zero,1.0,0.7,950c1308fe3b672b80fae5fc1f74bc0e3c684d8087839c1b1583c5fdb0c4bbcc,2671f0e7612bdd5aad862f8fa6e56b23d847f01aeb9f06e6cfcf34464e49585f,<HDD>/datasets/execution_wm/v0_7/test/G22/nominal/ep_00803.npz
804,G22,test,mid,P0_seen_cell,sc00,T0,7814,13.6,680,schedule_end,12,double|single|zero,0.6,0.42,6895b4da30f04389bd16b7e7b765513ebc86c0dd0abae7049575dc5e9798935b,ac27fa287e06a5cf6307233e14ab058a82bb705bb27dc22e9fe43adc30b5cf53,<HDD>/datasets/execution_wm/v0_7/test/G22/mid/ep_00804.npz
805,G22,test,mid,P0_seen_cell,sc01,T1,7814,13.6,680,schedule_end,12,double|single|zero,0.6,0.42,1c386a2c3fd656a507d7ee98181b7d9f66ad9bb4e36e583db73fe2a7ad7617e0,3cc84050dd8c77fd77a67b13cdb24ee2a776ddbeea6773e95f53c63ca6f4a9e3,<HDD>/datasets/execution_wm/v0_7/test/G22/mid/ep_00805.npz
806,G22,test,mid,P0_seen_cell,sc02,T2,7814,13.6,680,schedule_end,12,double|single|zero,0.6,0.42,a538bdc21bcbf27d97f69ad08b96e37cf5d37306e2b85a756cd5ec919c884137,7586051f4c3912cda2e5f57e167a13273d8c9a7c349bce21d93a8a300e3bd7eb,<HDD>/datasets/execution_wm/v0_7/test/G22/mid/ep_00806.npz
807,G22,test,mid,P0_seen_cell,sc03,T3,7814,13.620000000000001,681,schedule_end,12,double|single|zero,0.6,0.42,5eeefc7743a886eaf1b3950a1af5df9c588f73f065b66d0f5119ec5aee9e283d,c8750f37b66846c2f810e6d09af0780473a7014b4769d3290060e4622f45d153,<HDD>/datasets/execution_wm/v0_7/test/G22/mid/ep_00807.npz
808,G22,test,mid,P1_heldout_pair,sc04,T4,7814,13.6,680,schedule_end,12,double|zero,0.6,0.42,3ae000ab92e797a0fcd235fdc8b73149b376fe13f03b7779d3a45df0573f27d0,ebe83b5dd4029413ecee9106339454a6b3f87033c5102681bb615f07ac5de6b6,<HDD>/datasets/execution_wm/v0_7/test/G22/mid/ep_00808.npz
809,G22,test,mid,P1_heldout_pair,sc05,T5,7814,13.6,680,schedule_end,12,double|zero,0.6,0.42,8f44029775ae446d43e814bca127390976698154e702c7d981f942ab29e41e1e,1d4e920f75dca9acdb1b99804dd68f424239bc7052fd266b340a51989cb5e72b,<HDD>/datasets/execution_wm/v0_7/test/G22/mid/ep_00809.npz
810,G22,test,mid,P1_heldout_pair,sc06,T0,7814,13.6,680,schedule_end,12,double|zero,0.6,0.42,d24bb200c3fa4b3e2865856549334b5af2feabf4e0f82420a4638607456981b4,774e001880d98ce9a5aa5dfdd4af4aea859021fa8f058d915a14f2bc581872ab,<HDD>/datasets/execution_wm/v0_7/test/G22/mid/ep_00810.npz
811,G22,test,mid,P1_heldout_pair,sc07,T1,7814,13.6,680,schedule_end,12,double|zero,0.6,0.42,f16b63f1406dc088b6dc2196c4c6f963126e0739c443da3beb4784435d83531c,e33c99b5d457d863369984a5faf2f70f5c1da4a8bb13c2a1d74ee5d86ede6af9,<HDD>/datasets/execution_wm/v0_7/test/G22/mid/ep_00811.npz
812,G22,test,mid,P2_triple,sc08,T2,7814,13.6,680,schedule_end,12,triple|zero,0.6,0.42,fc7a772387f9d57c21d4797cb2cac46be07d52b38b09e1c97964df902d0782d8,cd18619a8887030e4ac0bd4fc90b8ba982ca430e2af49f05d459250aae82259f,<HDD>/datasets/execution_wm/v0_7/test/G22/mid/ep_00812.npz
813,G22,test,mid,P2_triple,sc09,T3,7814,13.620000000000001,681,schedule_end,12,triple|zero,0.6,0.42,2a8d7ebca8c17d5e47982d00d2979cffe17c99f3a452a6b6cd04b39de79b5615,eaa34d2ecc1f77a227e11330d43d20c1e17e0c229732ded69cdfb47976ec864d,<HDD>/datasets/execution_wm/v0_7/test/G22/mid/ep_00813.npz
814,G22,test,mid,P2_triple,sc10,T4,7814,13.6,680,schedule_end,12,triple|zero,0.6,0.42,094d8d2961c47ca2639fc7fee3940b1927cb2943d728916a1cc9e09bbb11da6e,f32703cbab7849d46159c8f77588aa4a69009f35051f498324ba99b4c031dec9,<HDD>/datasets/execution_wm/v0_7/test/G22/mid/ep_00814.npz
815,G22,test,mid,P2_triple,sc11,T5,7814,13.6,680,schedule_end,12,triple|zero,0.6,0.42,7ca1e8ad9533fcc61fb560a393ff1dde5dd8b67e7e903ceaedbbee93aa04c445,9b07cd92e6074aa829a93a13b3ecbb0b76effeabefade8f8c1b0b009e2e2b285,<HDD>/datasets/execution_wm/v0_7/test/G22/mid/ep_00815.npz
816,G22,test,low,P0_seen_cell,sc00,T0,7814,13.6,680,schedule_end,12,double|single|zero,0.3,0.21,c682bf73f16fa9156c43be1e0eb2ec3679ceb7026a728c0c48dbaa249dd15707,7fc284827a0e5eb52928deefcb00d694abfaf40e6ef24da20878cc7ae6d08b84,<HDD>/datasets/execution_wm/v0_7/test/G22/low/ep_00816.npz
817,G22,test,low,P0_seen_cell,sc01,T1,7814,13.6,680,schedule_end,12,double|single|zero,0.3,0.21,85261b28b9368f2d6f46cadd68d37ccc0fb6ad05b449971c5a04b95743254295,76ef93280d9cd996449f15339952677a38c7a74367ffb5a735a40398a42eebc6,<HDD>/datasets/execution_wm/v0_7/test/G22/low/ep_00817.npz
818,G22,test,low,P0_seen_cell,sc02,T2,7814,13.6,680,schedule_end,12,double|single|zero,0.3,0.21,541f945dd5a08af7dd3d2c553fd3d4371dfd9c66e7c0adcec56c23df69bf6e61,3966c83374bc5adc1cdfa51a65ec78e9f18ebb5a85c8b4eca5b286cb65b1fd8e,<HDD>/datasets/execution_wm/v0_7/test/G22/low/ep_00818.npz
819,G22,test,low,P0_seen_cell,sc03,T3,7814,13.620000000000001,681,schedule_end,12,double|single|zero,0.3,0.21,2980c67b0057056207f56308e7df2edc93b8b2ceffa84984a23a222c0d5034e3,d865223c8416094a4dcd703ae6fbf1009fa4d38b83f9573aae6226d8beb48059,<HDD>/datasets/execution_wm/v0_7/test/G22/low/ep_00819.npz
820,G22,test,low,P1_heldout_pair,sc04,T4,7814,13.6,680,schedule_end,12,double|zero,0.3,0.21,50727f3b1779357edde1adbd146d3fc3652e3f0875b14b74323820d003721b53,720fa62cefdc19d0c84c085976df3930d814d119e819e2f5972454bf264f8658,<HDD>/datasets/execution_wm/v0_7/test/G22/low/ep_00820.npz
821,G22,test,low,P1_heldout_pair,sc05,T5,7814,13.6,680,schedule_end,12,double|zero,0.3,0.21,59bf60daea7679b2a7e748e397d067af7c2adb9c0d27863f8da4662e4edb2b83,8cb40a42e3ee7ff71cd9a87727293695b13c21dcff52ffa225fedee20617ec6b,<HDD>/datasets/execution_wm/v0_7/test/G22/low/ep_00821.npz
822,G22,test,low,P1_heldout_pair,sc06,T0,7814,13.6,680,schedule_end,12,double|zero,0.3,0.21,32c85a440bc97d6cc2c09ad8cb7815ea130e35aa95519d24c5c25cdaf0e69571,889ef8474798fbda8a820ae1b8ad2ce45feaccdb81d1d68b6cb3111c78d92b3b,<HDD>/datasets/execution_wm/v0_7/test/G22/low/ep_00822.npz
823,G22,test,low,P1_heldout_pair,sc07,T1,7814,13.6,680,schedule_end,12,double|zero,0.3,0.21,a93b4f60ac74e83dc5874e02cb84f035d284eec2e5af77a2311fce8e315f9136,f5c37f924f829ae5278e7b35458c00130050dcaa0cdd4f958b3c81f332e35b01,<HDD>/datasets/execution_wm/v0_7/test/G22/low/ep_00823.npz
824,G22,test,low,P2_triple,sc08,T2,7814,13.6,680,schedule_end,12,triple|zero,0.3,0.21,4e3e84b59e5dbd4fffa8e3b08081f81c5cdbd8c02cc434fb97b377cf1692ce91,51ed1323712d9b1da8d1259c0c7392c5a481647d48c0a0f76910cd694dd69415,<HDD>/datasets/execution_wm/v0_7/test/G22/low/ep_00824.npz
825,G22,test,low,P2_triple,sc09,T3,7814,13.620000000000001,681,schedule_end,12,triple|zero,0.3,0.21,070f7d35db28bd27e7e3e2207b716c1d0c6092bd1afd6508bc7a3036223c2bdc,37253c79e8706a011d214622c76c09d2b45fd123acb00e3034c195bf1f45b09b,<HDD>/datasets/execution_wm/v0_7/test/G22/low/ep_00825.npz
826,G22,test,low,P2_triple,sc10,T4,7814,13.6,680,schedule_end,12,triple|zero,0.3,0.21,72134162854317041b1db661ebe35a7240ee1e1437949214f7ab55bf74c22a78,09178fc5e5df144254db023f5dcf7f6ee87632ddaf8db2e2af88de2e600512c0,<HDD>/datasets/execution_wm/v0_7/test/G22/low/ep_00826.npz
827,G22,test,low,P2_triple,sc11,T5,7814,13.6,680,schedule_end,12,triple|zero,0.3,0.21,6cddde2c7f7d3d5187f69dcb442407b23774bda43e6f42a9c0af901f3309b105,e7da829a520b08bebeb91de3388c2d21d13e208b0b548f53c8e0eef4c4296440,<HDD>/datasets/execution_wm/v0_7/test/G22/low/ep_00827.npz
828,G23,test,nominal,P0_seen_cell,sc00,T0,7851,13.6,680,schedule_end,12,double|single|zero,1.0,0.7,8ad16c18b59119fcd6cafee2ba2abdad6d2195705bf877a5d94b5b7c2d13ded7,68d8875faed9947a995b7af889110871c69bf2a6720c42e156d367a9f6761aac,<HDD>/datasets/execution_wm/v0_7/test/G23/nominal/ep_00828.npz
829,G23,test,nominal,P0_seen_cell,sc01,T1,7851,13.6,680,schedule_end,12,double|single|zero,1.0,0.7,29c05e397cc9f116029f4b66ff2fcb645393d09c4a493d6a0e2d4367ea224a90,46e186ea5489ad5c2f2370db489c69eaa9bb285a361e8ee29609de0d9bf73ddc,<HDD>/datasets/execution_wm/v0_7/test/G23/nominal/ep_00829.npz
830,G23,test,nominal,P0_seen_cell,sc02,T2,7851,13.6,680,schedule_end,12,double|single|zero,1.0,0.7,ca6c6a1104a91da04be5b0ac5e5e6f010f5d9379aa2ae65f2b4be3165a253b53,5837649d673d4290011ce3dcd1200018b33395928c435525dfd80a189b996837,<HDD>/datasets/execution_wm/v0_7/test/G23/nominal/ep_00830.npz
831,G23,test,nominal,P0_seen_cell,sc03,T3,7851,13.620000000000001,681,schedule_end,12,double|single|zero,1.0,0.7,5f2305c2ee23b913e65134a688a75aa5354aa6184296f365118ae5d5062da17b,d48a8bc3054b7fbec54b6db4719ffc4a9a51540fce4ab7641b80fcbc5e27e8ba,<HDD>/datasets/execution_wm/v0_7/test/G23/nominal/ep_00831.npz
832,G23,test,nominal,P1_heldout_pair,sc04,T4,7851,13.6,680,schedule_end,12,double|zero,1.0,0.7,54da31f1ded6ccc0b08c5a94ed9502bb295c307d31b5d9fef0f5bb6ef7d7e20c,937a31ccd001e8105dc30028ae22dcf03900b6d4f7d20c9ad903383733691353,<HDD>/datasets/execution_wm/v0_7/test/G23/nominal/ep_00832.npz
833,G23,test,nominal,P1_heldout_pair,sc05,T5,7851,13.6,680,schedule_end,12,double|zero,1.0,0.7,f3ca3abf563fcab092a4d21688aab3ec71757fd7946a594d41fb9615923613a7,0f42d7de88ce180b1951d537334d2487ed7679db7d3f8700a4b43db46ede4ed0,<HDD>/datasets/execution_wm/v0_7/test/G23/nominal/ep_00833.npz
834,G23,test,nominal,P1_heldout_pair,sc06,T0,7851,13.6,680,schedule_end,12,double|zero,1.0,0.7,9e57c5187ff65889b3b09c752dbdab4a5d7fada07933cd989fcbb33d6c250b80,48fbdc4c7551ec9bae1a95b2fb48242a334d182c8de20d592b66b0f5561a2517,<HDD>/datasets/execution_wm/v0_7/test/G23/nominal/ep_00834.npz
835,G23,test,nominal,P1_heldout_pair,sc07,T1,7851,13.6,680,schedule_end,12,double|zero,1.0,0.7,a1791decbb944f436093051205e890554e1f7d9c3281050cb1003b69a5a3a6bd,90374acab3a83604a8b0c26f7f43acf2d2db6b676b311c2d3a317e7427592c08,<HDD>/datasets/execution_wm/v0_7/test/G23/nominal/ep_00835.npz
836,G23,test,nominal,P2_triple,sc08,T2,7851,13.6,680,schedule_end,12,triple|zero,1.0,0.7,b8a76ba3bf5c686d42d361fba6ce188c5d150ad9e535772129827a9f0a6f88b3,b9706dd168d23cb52e57fc6d93336ba36fa65125721e59864d2cce37512d1592,<HDD>/datasets/execution_wm/v0_7/test/G23/nominal/ep_00836.npz
837,G23,test,nominal,P2_triple,sc09,T3,7851,13.620000000000001,681,schedule_end,12,triple|zero,1.0,0.7,03dfa42c076146a12d5766fd2ae9373baa45b27b480fee726a2a5365cdd4d97d,4d9211705ba2fac58e7f54c5f7cdda0c89d508ead9ea97a3ccee3a1d540b8252,<HDD>/datasets/execution_wm/v0_7/test/G23/nominal/ep_00837.npz
838,G23,test,nominal,P2_triple,sc10,T4,7851,13.6,680,schedule_end,12,triple|zero,1.0,0.7,534d52560528f737281b34001238aad0592a5362e651954f8def32b96d70f151,2a95a366ba6d494a136ec41a61fa97d12005a5c14804cde5185e3f6b4a348c1d,<HDD>/datasets/execution_wm/v0_7/test/G23/nominal/ep_00838.npz
839,G23,test,nominal,P2_triple,sc11,T5,7851,13.6,680,schedule_end,12,triple|zero,1.0,0.7,33db7e34cca9f93d2f77d4faf6ae046ea7a5b42a63bc7e1b87828122177f0fec,346a57564d14a75447891561a8adba2895be52412f9461b01e10cf196e7250c6,<HDD>/datasets/execution_wm/v0_7/test/G23/nominal/ep_00839.npz
840,G23,test,mid,P0_seen_cell,sc00,T0,7851,13.6,680,schedule_end,12,double|single|zero,0.6,0.42,5c677540d112fa5e7d2975daec7a00f3d8bd445f9ad5c7f9ff895cb7875c2fa8,085a754dc8cc6cee658929e4ad7ff9952e7339c9f6678d45a0934333293fd0ad,<HDD>/datasets/execution_wm/v0_7/test/G23/mid/ep_00840.npz
841,G23,test,mid,P0_seen_cell,sc01,T1,7851,13.6,680,schedule_end,12,double|single|zero,0.6,0.42,3b022191a24c907e84e64524cd8c33e9e6bd7beba34fe370d32bc23fccd2845b,47ffd7a7fcbd801b673bc6ca6911a32d45899572037bbdbaa694d1886d2640d1,<HDD>/datasets/execution_wm/v0_7/test/G23/mid/ep_00841.npz
842,G23,test,mid,P0_seen_cell,sc02,T2,7851,13.6,680,schedule_end,12,double|single|zero,0.6,0.42,77f80a75654e3e56366809ad975be9609773c30e6176004b780d64d152da9228,4aa41401018a1f183fd131b7fcc3ae1cc182072a32e8c359c69dae332e61761b,<HDD>/datasets/execution_wm/v0_7/test/G23/mid/ep_00842.npz
843,G23,test,mid,P0_seen_cell,sc03,T3,7851,13.620000000000001,681,schedule_end,12,double|single|zero,0.6,0.42,7a3e59c597e34341aa0d349a82c6f5578b0a8537b804f19bd58f3e485912c633,86522e77ac21ed007e5ca81d300897c40cdf0c559b0bd1147cd37e680c3390a6,<HDD>/datasets/execution_wm/v0_7/test/G23/mid/ep_00843.npz
844,G23,test,mid,P1_heldout_pair,sc04,T4,7851,13.6,680,schedule_end,12,double|zero,0.6,0.42,90528ff0e5cbe67baa5fadc525977a7cb657897c0ec3cb409ffd3ffba911ef84,bc8b84e41bc43e2d697babf656a460c1a216950cbb4af71bda317da17e80bd78,<HDD>/datasets/execution_wm/v0_7/test/G23/mid/ep_00844.npz
845,G23,test,mid,P1_heldout_pair,sc05,T5,7851,13.6,680,schedule_end,12,double|zero,0.6,0.42,e49daefdfaef8f20a9e9d6e01c5c4f826fcb78922eadabeb9a17879c2f7ea47e,6d7e381b2026a311a0e388988f787b20eacf4a7db38a6b3c9240a468f0d6bfed,<HDD>/datasets/execution_wm/v0_7/test/G23/mid/ep_00845.npz
846,G23,test,mid,P1_heldout_pair,sc06,T0,7851,13.6,680,schedule_end,12,double|zero,0.6,0.42,d9117aec64bf135e7711cd4bd29194e8be4c4e488b89a838f7c89683b8f5c0ec,92c3207f683f459be41f2dc7b7ae397504788279500fa92b966824284eebec6b,<HDD>/datasets/execution_wm/v0_7/test/G23/mid/ep_00846.npz
847,G23,test,mid,P1_heldout_pair,sc07,T1,7851,13.6,680,schedule_end,12,double|zero,0.6,0.42,4ddea27ef2fa46761ebd7504440c6c0010c933233ac8a0f007984303a1bb69ca,7cd22916205db2dcdd528839b5efe49f5b4137264a997966d4f09f081d237c3e,<HDD>/datasets/execution_wm/v0_7/test/G23/mid/ep_00847.npz
848,G23,test,mid,P2_triple,sc08,T2,7851,13.6,680,schedule_end,12,triple|zero,0.6,0.42,1297acb20228a536bcc52b6b51e066dc2e0853612a3da60dda5e22a398e1f8e3,e8d8c1b7f01b98874f852572008b5017fd1ead9eb36151e13d14ac430e6802bd,<HDD>/datasets/execution_wm/v0_7/test/G23/mid/ep_00848.npz
849,G23,test,mid,P2_triple,sc09,T3,7851,13.620000000000001,681,schedule_end,12,triple|zero,0.6,0.42,9ac1af5f5fdc93eda1f2a638a0b60213ad5e67c964e27e91d37c4ace8462354d,d927d8d9194a0bb57e0faf9a6c827235b8df57cd1b8421cb0cb79f50a321cd8c,<HDD>/datasets/execution_wm/v0_7/test/G23/mid/ep_00849.npz
850,G23,test,mid,P2_triple,sc10,T4,7851,13.6,680,schedule_end,12,triple|zero,0.6,0.42,768198ac786c03178cdd34a03752002c5dba2368cf0d0deeac9a45df97ddb376,f8ce5d094aac11fef4ed9fd2b3f6f3d400b36fa74254fd22127d7b4c20e625dc,<HDD>/datasets/execution_wm/v0_7/test/G23/mid/ep_00850.npz
851,G23,test,mid,P2_triple,sc11,T5,7851,13.6,680,schedule_end,12,triple|zero,0.6,0.42,a9b05614e26ab55c6b65d0693b6a4749c68e450d79244e4dcaa8e56504d555a4,5e47322e7d8f5079387eb0972bf968f468439efda242654aad61bf1424f24ce4,<HDD>/datasets/execution_wm/v0_7/test/G23/mid/ep_00851.npz
852,G23,test,low,P0_seen_cell,sc00,T0,7851,13.6,680,schedule_end,12,double|single|zero,0.3,0.21,598132e61127e595a0fdf5b54f1c472a9114ba27311547f7180c11a720251021,86d1308f88f1f459b14107e288237d6edfb3aa1cce0c6e6fde02a2176b1017a1,<HDD>/datasets/execution_wm/v0_7/test/G23/low/ep_00852.npz
853,G23,test,low,P0_seen_cell,sc01,T1,7851,13.6,680,schedule_end,12,double|single|zero,0.3,0.21,8befa79a5821cf3857b44e5323ec426687351a570bbc8734df9e9c57334b1975,20bab64b6488cb6d150a8efe2420897fad2e6436e0793d6ef312454cc98a1a12,<HDD>/datasets/execution_wm/v0_7/test/G23/low/ep_00853.npz
854,G23,test,low,P0_seen_cell,sc02,T2,7851,13.6,680,schedule_end,12,double|single|zero,0.3,0.21,c30da59189a1d3b835b7b3d05e95c27e6319da63b6a51de19db89ef01b0dae78,5e0a319c99c8083c7a3b935559259873b974e1a3c0897e2c24b77e32041f6e81,<HDD>/datasets/execution_wm/v0_7/test/G23/low/ep_00854.npz
855,G23,test,low,P0_seen_cell,sc03,T3,7851,13.620000000000001,681,schedule_end,12,double|single|zero,0.3,0.21,0418e727bdf3b4e294711973d29d26f52856c0fc84c0f21e90fe152ad252a53f,3f036318a30b7c8c848550e90548d40a02d8938f0e8ee606fac84fcb53cc906c,<HDD>/datasets/execution_wm/v0_7/test/G23/low/ep_00855.npz
856,G23,test,low,P1_heldout_pair,sc04,T4,7851,13.6,680,schedule_end,12,double|zero,0.3,0.21,affa58c3e51eb53440bdd2e719a319548418d351a818da9151d07f3aceba346c,4f517234225128f151e242a72f27f788a7fa9d136c7006f84b9fd1b89b6c0094,<HDD>/datasets/execution_wm/v0_7/test/G23/low/ep_00856.npz
857,G23,test,low,P1_heldout_pair,sc05,T5,7851,13.6,680,schedule_end,12,double|zero,0.3,0.21,89cf26ccd36b1732d01b933b0156a660948576290eff32b27dda8c8735b83648,5a3d27e3cd25ef38b3c28d04a0f6f89b9bca083a66c1af3c57796e5bd4f84472,<HDD>/datasets/execution_wm/v0_7/test/G23/low/ep_00857.npz
858,G23,test,low,P1_heldout_pair,sc06,T0,7851,13.6,680,schedule_end,12,double|zero,0.3,0.21,1a64793db7e8ecccd9821fa1f3ed60094a0c68a0d59ec358839e1f4a69c6a078,925441b83125ffb1fd01af1411333c1b0abf055e4026fb81632d4405eb1750f7,<HDD>/datasets/execution_wm/v0_7/test/G23/low/ep_00858.npz
859,G23,test,low,P1_heldout_pair,sc07,T1,7851,13.6,680,schedule_end,12,double|zero,0.3,0.21,46aefb1e3a0f4fd3effcd89ad703482232f91bbef1ba01f68568e73a5e727c7c,81169366c1b6c38f9a8df4a00572390d82b19501eb59a5a2f8783509650b6c9d,<HDD>/datasets/execution_wm/v0_7/test/G23/low/ep_00859.npz
860,G23,test,low,P2_triple,sc08,T2,7851,13.6,680,schedule_end,12,triple|zero,0.3,0.21,22a66f0ccc7563b7ce6516c459000eca31412303155b2c07da253d8b2e1c1f3e,1d77f983ae608f73fadf59095685bea1daec3507ce18f405146212c4221d00ee,<HDD>/datasets/execution_wm/v0_7/test/G23/low/ep_00860.npz
861,G23,test,low,P2_triple,sc09,T3,7851,13.620000000000001,681,schedule_end,12,triple|zero,0.3,0.21,9425eb07845c126b11da6289fbb62a6a02bfdc9821f5608c37e267f88baff9ec,7ed40a3eb30efc53a068702b458dfc91d092b5354955d725f485915958ed6568,<HDD>/datasets/execution_wm/v0_7/test/G23/low/ep_00861.npz
862,G23,test,low,P2_triple,sc10,T4,7851,13.6,680,schedule_end,12,triple|zero,0.3,0.21,76d31bb0241e9672e4e93c8d58e8126d6770b363f310f0d8d7ce78f876315069,f5962c1f149989f917accdb2c672b0e9102524ba0fdcec43c060700c6424f82f,<HDD>/datasets/execution_wm/v0_7/test/G23/low/ep_00862.npz
863,G23,test,low,P2_triple,sc11,T5,7851,13.6,680,schedule_end,12,triple|zero,0.3,0.21,62d8a7396f5d734ce1c51b723d8cf51de03fc6152a859fb3fab36892ce922153,8adf7d95d68e17c66b70366c6b946e9dccf2e31ad94294a2123b1c68e59eba48,<HDD>/datasets/execution_wm/v0_7/test/G23/low/ep_00863.npz
