dataset,episode_id,group_id,split,condition,regime,level,script_id,timing_template,origin_grid,origin_tick,dominant_cell,future_cells_distinct,future_cell_purity
train_R0,24,G00,train,low,R0,R0,sc00,T0,20,50,c223,"['c122', 'c223', 'c422']",0.425
train_R0,24,G00,train,low,R0,R0,sc00,T0,62,155,c232,"['c222', 'c232']",0.575
train_R0,24,G00,train,low,R0,R0,sc00,T0,104,260,c022,"['c022', 'c224']",0.575
train_R0,24,G00,train,low,R0,R0,sc00,T0,147,367,c224,"['c222', 'c224']",0.75
train_R0,24,G00,train,low,R0,R0,sc00,T0,189,472,c022,"['c022', 'c224']",0.7
train_R0,24,G00,train,low,R0,R0,sc00,T0,231,577,c224,"['c224', 'c232']",0.75
train_R0,25,G00,train,low,R0,R0,sc01,T1,20,50,c122,"['c022', 'c122']",0.725
train_R0,25,G00,train,low,R0,R0,sc01,T1,62,155,c022,"['c022', 'c221', 'c422']",0.45
train_R0,25,G00,train,low,R0,R0,sc01,T1,104,260,c122,"['c122', 'c221']",0.725
train_R0,25,G00,train,low,R0,R0,sc01,T1,147,367,c221,"['c221', 'c232']",0.6
train_R0,25,G00,train,low,R0,R0,sc01,T1,189,472,c122,"['c122', 'c224']",0.55
train_R0,25,G00,train,low,R0,R0,sc01,T1,231,577,c242,"['c202', 'c224', 'c242']",0.4
train_R0,26,G00,train,low,R0,R0,sc02,T2,20,50,c022,"['c022', 'c242']",0.725
train_R0,26,G00,train,low,R0,R0,sc02,T2,62,155,c322,['c322'],1.0
train_R0,26,G00,train,low,R0,R0,sc02,T2,104,260,c222,"['c222', 'c223']",0.7
train_R0,26,G00,train,low,R0,R0,sc02,T2,147,367,c222,"['c220', 'c222', 'c223']",0.475
train_R0,26,G00,train,low,R0,R0,sc02,T2,189,472,c223,"['c221', 'c222', 'c223']",0.6
train_R0,26,G00,train,low,R0,R0,sc02,T2,231,577,c221,"['c122', 'c221']",0.75
train_R0,27,G00,train,low,R0,R0,sc03,T3,20,50,c220,"['c220', 'c221']",0.575
train_R0,27,G00,train,low,R0,R0,sc03,T3,62,155,c221,"['c212', 'c221', 'c222']",0.6
train_R0,27,G00,train,low,R0,R0,sc03,T3,105,262,c212,"['c212', 'c222', 'c242']",0.475
train_R0,27,G00,train,low,R0,R0,sc03,T3,147,367,c222,"['c202', 'c222', 'c422']",0.45
train_R0,27,G00,train,low,R0,R0,sc03,T3,190,475,c223,"['c202', 'c223']",0.75
train_R0,27,G00,train,low,R0,R0,sc03,T3,232,580,c222,"['c222', 'c232']",0.7692307692307693
train_R0,28,G00,train,low,R0,R0,sc04,T4,20,50,c222,"['c222', 'c232', 'c322']",0.425
train_R0,28,G00,train,low,R0,R0,sc04,T4,62,155,c322,"['c222', 'c322', 'c422']",0.75
train_R0,28,G00,train,low,R0,R0,sc04,T4,104,260,c222,"['c212', 'c222']",0.6
train_R0,28,G00,train,low,R0,R0,sc04,T4,147,367,c222,"['c222', 'c322']",0.6
train_R0,28,G00,train,low,R0,R0,sc04,T4,189,472,c422,"['c220', 'c422']",0.7
train_R0,28,G00,train,low,R0,R0,sc04,T4,231,577,c220,"['c212', 'c220']",0.55
train_R0,29,G00,train,low,R0,R0,sc05,T5,20,50,c202,"['c202', 'c242', 'c322']",0.6
train_R0,29,G00,train,low,R0,R0,sc05,T5,62,155,c242,"['c212', 'c242']",0.725
train_R0,29,G00,train,low,R0,R0,sc05,T5,104,260,c221,"['c212', 'c221']",0.725
train_R0,29,G00,train,low,R0,R0,sc05,T5,147,367,c212,"['c212', 'c222', 'c223']",0.45
train_R0,29,G00,train,low,R0,R0,sc05,T5,189,472,c222,"['c202', 'c220', 'c222']",0.75
train_R0,29,G00,train,low,R0,R0,sc05,T5,231,577,c202,"['c202', 'c224', 'c242']",0.45
train_R0,12,G00,train,mid,R0,R0,sc00,T0,20,50,c223,"['c122', 'c223', 'c422']",0.425
train_R0,12,G00,train,mid,R0,R0,sc00,T0,62,155,c232,"['c222', 'c232']",0.575
train_R0,12,G00,train,mid,R0,R0,sc00,T0,104,260,c022,"['c022', 'c224']",0.575
train_R0,12,G00,train,mid,R0,R0,sc00,T0,147,367,c224,"['c222', 'c224']",0.75
train_R0,12,G00,train,mid,R0,R0,sc00,T0,189,472,c022,"['c022', 'c224']",0.7
train_R0,12,G00,train,mid,R0,R0,sc00,T0,231,577,c224,"['c224', 'c232']",0.75
train_R0,13,G00,train,mid,R0,R0,sc01,T1,20,50,c122,"['c022', 'c122']",0.725
train_R0,13,G00,train,mid,R0,R0,sc01,T1,62,155,c022,"['c022', 'c221', 'c422']",0.45
train_R0,13,G00,train,mid,R0,R0,sc01,T1,104,260,c122,"['c122', 'c221']",0.725
train_R0,13,G00,train,mid,R0,R0,sc01,T1,147,367,c221,"['c221', 'c232']",0.6
train_R0,13,G00,train,mid,R0,R0,sc01,T1,189,472,c122,"['c122', 'c224']",0.55
train_R0,13,G00,train,mid,R0,R0,sc01,T1,231,577,c242,"['c202', 'c224', 'c242']",0.4
train_R0,14,G00,train,mid,R0,R0,sc02,T2,20,50,c022,"['c022', 'c242']",0.725
train_R0,14,G00,train,mid,R0,R0,sc02,T2,62,155,c322,['c322'],1.0
train_R0,14,G00,train,mid,R0,R0,sc02,T2,104,260,c222,"['c222', 'c223']",0.7
train_R0,14,G00,train,mid,R0,R0,sc02,T2,147,367,c222,"['c220', 'c222', 'c223']",0.475
train_R0,14,G00,train,mid,R0,R0,sc02,T2,189,472,c223,"['c221', 'c222', 'c223']",0.6
train_R0,14,G00,train,mid,R0,R0,sc02,T2,231,577,c221,"['c122', 'c221']",0.75
train_R0,15,G00,train,mid,R0,R0,sc03,T3,20,50,c220,"['c220', 'c221']",0.575
train_R0,15,G00,train,mid,R0,R0,sc03,T3,62,155,c221,"['c212', 'c221', 'c222']",0.6
train_R0,15,G00,train,mid,R0,R0,sc03,T3,105,262,c212,"['c212', 'c222', 'c242']",0.475
train_R0,15,G00,train,mid,R0,R0,sc03,T3,147,367,c222,"['c202', 'c222', 'c422']",0.45
train_R0,15,G00,train,mid,R0,R0,sc03,T3,190,475,c223,"['c202', 'c223']",0.75
train_R0,15,G00,train,mid,R0,R0,sc03,T3,232,580,c222,"['c222', 'c232']",0.7692307692307693
train_R0,16,G00,train,mid,R0,R0,sc04,T4,20,50,c222,"['c222', 'c232', 'c322']",0.425
train_R0,16,G00,train,mid,R0,R0,sc04,T4,62,155,c322,"['c222', 'c322', 'c422']",0.75
train_R0,16,G00,train,mid,R0,R0,sc04,T4,104,260,c222,"['c212', 'c222']",0.6
train_R0,16,G00,train,mid,R0,R0,sc04,T4,147,367,c222,"['c222', 'c322']",0.6
train_R0,16,G00,train,mid,R0,R0,sc04,T4,189,472,c422,"['c220', 'c422']",0.7
train_R0,16,G00,train,mid,R0,R0,sc04,T4,231,577,c220,"['c212', 'c220']",0.55
train_R0,17,G00,train,mid,R0,R0,sc05,T5,20,50,c202,"['c202', 'c242', 'c322']",0.6
train_R0,17,G00,train,mid,R0,R0,sc05,T5,62,155,c242,"['c212', 'c242']",0.725
train_R0,17,G00,train,mid,R0,R0,sc05,T5,104,260,c221,"['c212', 'c221']",0.725
train_R0,17,G00,train,mid,R0,R0,sc05,T5,147,367,c212,"['c212', 'c222', 'c223']",0.45
train_R0,17,G00,train,mid,R0,R0,sc05,T5,189,472,c222,"['c202', 'c220', 'c222']",0.75
train_R0,17,G00,train,mid,R0,R0,sc05,T5,231,577,c202,"['c202', 'c224', 'c242']",0.45
train_R0,0,G00,train,nominal,R0,R0,sc00,T0,20,50,c223,"['c122', 'c223', 'c422']",0.425
train_R0,0,G00,train,nominal,R0,R0,sc00,T0,62,155,c232,"['c222', 'c232']",0.575
train_R0,0,G00,train,nominal,R0,R0,sc00,T0,104,260,c022,"['c022', 'c224']",0.575
train_R0,0,G00,train,nominal,R0,R0,sc00,T0,147,367,c224,"['c222', 'c224']",0.75
train_R0,0,G00,train,nominal,R0,R0,sc00,T0,189,472,c022,"['c022', 'c224']",0.7
train_R0,0,G00,train,nominal,R0,R0,sc00,T0,231,577,c224,"['c224', 'c232']",0.75
train_R0,1,G00,train,nominal,R0,R0,sc01,T1,20,50,c122,"['c022', 'c122']",0.725
train_R0,1,G00,train,nominal,R0,R0,sc01,T1,62,155,c022,"['c022', 'c221', 'c422']",0.45
train_R0,1,G00,train,nominal,R0,R0,sc01,T1,104,260,c122,"['c122', 'c221']",0.725
train_R0,1,G00,train,nominal,R0,R0,sc01,T1,147,367,c221,"['c221', 'c232']",0.6
train_R0,1,G00,train,nominal,R0,R0,sc01,T1,189,472,c122,"['c122', 'c224']",0.55
train_R0,1,G00,train,nominal,R0,R0,sc01,T1,231,577,c242,"['c202', 'c224', 'c242']",0.4
train_R0,2,G00,train,nominal,R0,R0,sc02,T2,20,50,c022,"['c022', 'c242']",0.725
train_R0,2,G00,train,nominal,R0,R0,sc02,T2,62,155,c322,['c322'],1.0
train_R0,2,G00,train,nominal,R0,R0,sc02,T2,104,260,c222,"['c222', 'c223']",0.7
train_R0,2,G00,train,nominal,R0,R0,sc02,T2,147,367,c222,"['c220', 'c222', 'c223']",0.475
train_R0,2,G00,train,nominal,R0,R0,sc02,T2,189,472,c223,"['c221', 'c222', 'c223']",0.6
train_R0,2,G00,train,nominal,R0,R0,sc02,T2,231,577,c221,"['c122', 'c221']",0.75
train_R0,3,G00,train,nominal,R0,R0,sc03,T3,20,50,c220,"['c220', 'c221']",0.575
train_R0,3,G00,train,nominal,R0,R0,sc03,T3,62,155,c221,"['c212', 'c221', 'c222']",0.6
train_R0,3,G00,train,nominal,R0,R0,sc03,T3,105,262,c212,"['c212', 'c222', 'c242']",0.475
train_R0,3,G00,train,nominal,R0,R0,sc03,T3,147,367,c222,"['c202', 'c222', 'c422']",0.45
train_R0,3,G00,train,nominal,R0,R0,sc03,T3,190,475,c223,"['c202', 'c223']",0.75
train_R0,3,G00,train,nominal,R0,R0,sc03,T3,232,580,c222,"['c222', 'c232']",0.7692307692307693
train_R0,4,G00,train,nominal,R0,R0,sc04,T4,20,50,c222,"['c222', 'c232', 'c322']",0.425
train_R0,4,G00,train,nominal,R0,R0,sc04,T4,62,155,c322,"['c222', 'c322', 'c422']",0.75
train_R0,4,G00,train,nominal,R0,R0,sc04,T4,104,260,c222,"['c212', 'c222']",0.6
train_R0,4,G00,train,nominal,R0,R0,sc04,T4,147,367,c222,"['c222', 'c322']",0.6
train_R0,4,G00,train,nominal,R0,R0,sc04,T4,189,472,c422,"['c220', 'c422']",0.7
train_R0,4,G00,train,nominal,R0,R0,sc04,T4,231,577,c220,"['c212', 'c220']",0.55
train_R0,5,G00,train,nominal,R0,R0,sc05,T5,20,50,c202,"['c202', 'c242', 'c322']",0.6
train_R0,5,G00,train,nominal,R0,R0,sc05,T5,62,155,c242,"['c212', 'c242']",0.725
train_R0,5,G00,train,nominal,R0,R0,sc05,T5,104,260,c221,"['c212', 'c221']",0.725
train_R0,5,G00,train,nominal,R0,R0,sc05,T5,147,367,c212,"['c212', 'c222', 'c223']",0.45
train_R0,5,G00,train,nominal,R0,R0,sc05,T5,189,472,c222,"['c202', 'c220', 'c222']",0.75
train_R0,5,G00,train,nominal,R0,R0,sc05,T5,231,577,c202,"['c202', 'c224', 'c242']",0.45
train_R0,60,G01,train,low,R0,R0,sc00,T0,20,50,c220,"['c122', 'c220']",0.725
train_R0,60,G01,train,low,R0,R0,sc00,T0,62,155,c242,"['c242', 'c422']",0.575
train_R0,60,G01,train,low,R0,R0,sc00,T0,104,260,c221,"['c122', 'c221']",0.575
train_R0,60,G01,train,low,R0,R0,sc00,T0,147,367,c122,"['c122', 'c224']",0.75
train_R0,60,G01,train,low,R0,R0,sc00,T0,189,472,c220,"['c220', 'c221', 'c242']",0.45
train_R0,60,G01,train,low,R0,R0,sc00,T0,231,577,c221,['c221'],1.0
train_R0,61,G01,train,low,R0,R0,sc01,T1,20,50,c220,"['c202', 'c220']",0.725
train_R0,61,G01,train,low,R0,R0,sc01,T1,62,155,c202,"['c202', 'c222']",0.725
train_R0,61,G01,train,low,R0,R0,sc01,T1,104,260,c202,"['c202', 'c223']",0.725
train_R0,61,G01,train,low,R0,R0,sc01,T1,147,367,c223,"['c222', 'c223']",0.6
train_R0,61,G01,train,low,R0,R0,sc01,T1,189,472,c232,"['c022', 'c232']",0.55
train_R0,61,G01,train,low,R0,R0,sc01,T1,231,577,c212,"['c202', 'c212', 'c224']",0.4
train_R0,62,G01,train,low,R0,R0,sc02,T2,20,50,c212,"['c212', 'c322']",0.725
train_R0,62,G01,train,low,R0,R0,sc02,T2,62,155,c224,"['c022', 'c224']",0.725
train_R0,62,G01,train,low,R0,R0,sc02,T2,104,260,c422,"['c220', 'c242', 'c422']",0.425
train_R0,62,G01,train,low,R0,R0,sc02,T2,147,367,c242,"['c222', 'c223', 'c242']",0.475
train_R0,62,G01,train,low,R0,R0,sc02,T2,189,472,c222,"['c022', 'c222', 'c232']",0.6
train_R0,62,G01,train,low,R0,R0,sc02,T2,231,577,c022,"['c022', 'c223']",0.75
train_R0,63,G01,train,low,R0,R0,sc03,T3,20,50,c222,"['c222', 'c242']",0.575
train_R0,63,G01,train,low,R0,R0,sc03,T3,62,155,c242,"['c202', 'c222', 'c242']",0.6
train_R0,63,G01,train,low,R0,R0,sc03,T3,105,262,c222,"['c122', 'c220', 'c222']",0.475
train_R0,63,G01,train,low,R0,R0,sc03,T3,147,367,c220,"['c220', 'c221', 'c322']",0.45
train_R0,63,G01,train,low,R0,R0,sc03,T3,190,475,c022,"['c022', 'c223']",0.75
train_R0,63,G01,train,low,R0,R0,sc03,T3,232,580,c222,"['c222', 'c224']",0.7692307692307693
train_R0,64,G01,train,low,R0,R0,sc04,T4,20,50,c122,"['c022', 'c122', 'c222']",0.425
train_R0,64,G01,train,low,R0,R0,sc04,T4,62,155,c222,"['c221', 'c222']",0.75
train_R0,64,G01,train,low,R0,R0,sc04,T4,104,260,c222,"['c222', 'c322']",0.6
train_R0,64,G01,train,low,R0,R0,sc04,T4,147,367,c222,"['c222', 'c322']",0.6
train_R0,64,G01,train,low,R0,R0,sc04,T4,189,472,c422,"['c223', 'c422']",0.7
train_R0,64,G01,train,low,R0,R0,sc04,T4,231,577,c212,"['c212', 'c232']",0.55
train_R0,65,G01,train,low,R0,R0,sc05,T5,20,50,c232,"['c232', 'c422']",0.6
train_R0,65,G01,train,low,R0,R0,sc05,T5,62,155,c232,"['c232', 'c242']",0.725
train_R0,65,G01,train,low,R0,R0,sc05,T5,104,260,c322,"['c222', 'c322']",0.725
train_R0,65,G01,train,low,R0,R0,sc05,T5,147,367,c222,"['c202', 'c212', 'c222']",0.45
train_R0,65,G01,train,low,R0,R0,sc05,T5,189,472,c202,"['c202', 'c212', 'c224']",0.75
train_R0,65,G01,train,low,R0,R0,sc05,T5,231,577,c224,"['c222', 'c224', 'c422']",0.45
train_R0,48,G01,train,mid,R0,R0,sc00,T0,20,50,c220,"['c122', 'c220']",0.725
train_R0,48,G01,train,mid,R0,R0,sc00,T0,62,155,c242,"['c242', 'c422']",0.575
train_R0,48,G01,train,mid,R0,R0,sc00,T0,104,260,c221,"['c122', 'c221']",0.575
train_R0,48,G01,train,mid,R0,R0,sc00,T0,147,367,c122,"['c122', 'c224']",0.75
train_R0,48,G01,train,mid,R0,R0,sc00,T0,189,472,c220,"['c220', 'c221', 'c242']",0.45
train_R0,48,G01,train,mid,R0,R0,sc00,T0,231,577,c221,['c221'],1.0
train_R0,49,G01,train,mid,R0,R0,sc01,T1,20,50,c220,"['c202', 'c220']",0.725
train_R0,49,G01,train,mid,R0,R0,sc01,T1,62,155,c202,"['c202', 'c222']",0.725
train_R0,49,G01,train,mid,R0,R0,sc01,T1,104,260,c202,"['c202', 'c223']",0.725
train_R0,49,G01,train,mid,R0,R0,sc01,T1,147,367,c223,"['c222', 'c223']",0.6
train_R0,49,G01,train,mid,R0,R0,sc01,T1,189,472,c232,"['c022', 'c232']",0.55
train_R0,49,G01,train,mid,R0,R0,sc01,T1,231,577,c212,"['c202', 'c212', 'c224']",0.4
train_R0,50,G01,train,mid,R0,R0,sc02,T2,20,50,c212,"['c212', 'c322']",0.725
train_R0,50,G01,train,mid,R0,R0,sc02,T2,62,155,c224,"['c022', 'c224']",0.725
train_R0,50,G01,train,mid,R0,R0,sc02,T2,104,260,c422,"['c220', 'c242', 'c422']",0.425
train_R0,50,G01,train,mid,R0,R0,sc02,T2,147,367,c242,"['c222', 'c223', 'c242']",0.475
train_R0,50,G01,train,mid,R0,R0,sc02,T2,189,472,c222,"['c022', 'c222', 'c232']",0.6
train_R0,50,G01,train,mid,R0,R0,sc02,T2,231,577,c022,"['c022', 'c223']",0.75
train_R0,51,G01,train,mid,R0,R0,sc03,T3,20,50,c222,"['c222', 'c242']",0.575
train_R0,51,G01,train,mid,R0,R0,sc03,T3,62,155,c242,"['c202', 'c222', 'c242']",0.6
train_R0,51,G01,train,mid,R0,R0,sc03,T3,105,262,c222,"['c122', 'c220', 'c222']",0.475
train_R0,51,G01,train,mid,R0,R0,sc03,T3,147,367,c220,"['c220', 'c221', 'c322']",0.45
train_R0,51,G01,train,mid,R0,R0,sc03,T3,190,475,c022,"['c022', 'c223']",0.75
train_R0,51,G01,train,mid,R0,R0,sc03,T3,232,580,c222,"['c222', 'c224']",0.7692307692307693
train_R0,52,G01,train,mid,R0,R0,sc04,T4,20,50,c122,"['c022', 'c122', 'c222']",0.425
train_R0,52,G01,train,mid,R0,R0,sc04,T4,62,155,c222,"['c221', 'c222']",0.75
train_R0,52,G01,train,mid,R0,R0,sc04,T4,104,260,c222,"['c222', 'c322']",0.6
train_R0,52,G01,train,mid,R0,R0,sc04,T4,147,367,c222,"['c222', 'c322']",0.6
train_R0,52,G01,train,mid,R0,R0,sc04,T4,189,472,c422,"['c223', 'c422']",0.7
train_R0,52,G01,train,mid,R0,R0,sc04,T4,231,577,c212,"['c212', 'c232']",0.55
train_R0,53,G01,train,mid,R0,R0,sc05,T5,20,50,c232,"['c232', 'c422']",0.6
train_R0,53,G01,train,mid,R0,R0,sc05,T5,62,155,c232,"['c232', 'c242']",0.725
train_R0,53,G01,train,mid,R0,R0,sc05,T5,104,260,c322,"['c222', 'c322']",0.725
train_R0,53,G01,train,mid,R0,R0,sc05,T5,147,367,c222,"['c202', 'c212', 'c222']",0.45
train_R0,53,G01,train,mid,R0,R0,sc05,T5,189,472,c202,"['c202', 'c212', 'c224']",0.75
train_R0,53,G01,train,mid,R0,R0,sc05,T5,231,577,c224,"['c222', 'c224', 'c422']",0.45
train_R0,36,G01,train,nominal,R0,R0,sc00,T0,20,50,c220,"['c122', 'c220']",0.725
train_R0,36,G01,train,nominal,R0,R0,sc00,T0,62,155,c242,"['c242', 'c422']",0.575
train_R0,36,G01,train,nominal,R0,R0,sc00,T0,104,260,c221,"['c122', 'c221']",0.575
train_R0,36,G01,train,nominal,R0,R0,sc00,T0,147,367,c122,"['c122', 'c224']",0.75
train_R0,36,G01,train,nominal,R0,R0,sc00,T0,189,472,c220,"['c220', 'c221', 'c242']",0.45
train_R0,36,G01,train,nominal,R0,R0,sc00,T0,231,577,c221,['c221'],1.0
train_R0,37,G01,train,nominal,R0,R0,sc01,T1,20,50,c220,"['c202', 'c220']",0.725
train_R0,37,G01,train,nominal,R0,R0,sc01,T1,62,155,c202,"['c202', 'c222']",0.725
train_R0,37,G01,train,nominal,R0,R0,sc01,T1,104,260,c202,"['c202', 'c223']",0.725
train_R0,37,G01,train,nominal,R0,R0,sc01,T1,147,367,c223,"['c222', 'c223']",0.6
train_R0,37,G01,train,nominal,R0,R0,sc01,T1,189,472,c232,"['c022', 'c232']",0.55
train_R0,37,G01,train,nominal,R0,R0,sc01,T1,231,577,c212,"['c202', 'c212', 'c224']",0.4
train_R0,38,G01,train,nominal,R0,R0,sc02,T2,20,50,c212,"['c212', 'c322']",0.725
train_R0,38,G01,train,nominal,R0,R0,sc02,T2,62,155,c224,"['c022', 'c224']",0.725
train_R0,38,G01,train,nominal,R0,R0,sc02,T2,104,260,c422,"['c220', 'c242', 'c422']",0.425
train_R0,38,G01,train,nominal,R0,R0,sc02,T2,147,367,c242,"['c222', 'c223', 'c242']",0.475
train_R0,38,G01,train,nominal,R0,R0,sc02,T2,189,472,c222,"['c022', 'c222', 'c232']",0.6
train_R0,38,G01,train,nominal,R0,R0,sc02,T2,231,577,c022,"['c022', 'c223']",0.75
train_R0,39,G01,train,nominal,R0,R0,sc03,T3,20,50,c222,"['c222', 'c242']",0.575
train_R0,39,G01,train,nominal,R0,R0,sc03,T3,62,155,c242,"['c202', 'c222', 'c242']",0.6
train_R0,39,G01,train,nominal,R0,R0,sc03,T3,105,262,c222,"['c122', 'c220', 'c222']",0.475
train_R0,39,G01,train,nominal,R0,R0,sc03,T3,147,367,c220,"['c220', 'c221', 'c322']",0.45
train_R0,39,G01,train,nominal,R0,R0,sc03,T3,190,475,c022,"['c022', 'c223']",0.75
train_R0,39,G01,train,nominal,R0,R0,sc03,T3,232,580,c222,"['c222', 'c224']",0.7692307692307693
train_R0,40,G01,train,nominal,R0,R0,sc04,T4,20,50,c122,"['c022', 'c122', 'c222']",0.425
train_R0,40,G01,train,nominal,R0,R0,sc04,T4,62,155,c222,"['c221', 'c222']",0.75
train_R0,40,G01,train,nominal,R0,R0,sc04,T4,104,260,c222,"['c222', 'c322']",0.6
train_R0,40,G01,train,nominal,R0,R0,sc04,T4,147,367,c222,"['c222', 'c322']",0.6
train_R0,40,G01,train,nominal,R0,R0,sc04,T4,189,472,c422,"['c223', 'c422']",0.7
train_R0,40,G01,train,nominal,R0,R0,sc04,T4,231,577,c212,"['c212', 'c232']",0.55
train_R0,41,G01,train,nominal,R0,R0,sc05,T5,20,50,c232,"['c232', 'c422']",0.6
train_R0,41,G01,train,nominal,R0,R0,sc05,T5,62,155,c232,"['c232', 'c242']",0.725
train_R0,41,G01,train,nominal,R0,R0,sc05,T5,104,260,c322,"['c222', 'c322']",0.725
train_R0,41,G01,train,nominal,R0,R0,sc05,T5,147,367,c222,"['c202', 'c212', 'c222']",0.45
train_R0,41,G01,train,nominal,R0,R0,sc05,T5,189,472,c202,"['c202', 'c212', 'c224']",0.75
train_R0,41,G01,train,nominal,R0,R0,sc05,T5,231,577,c224,"['c222', 'c224', 'c422']",0.45
train_R0,96,G02,train,low,R0,R0,sc00,T0,20,50,c422,"['c202', 'c223', 'c422']",0.425
train_R0,96,G02,train,low,R0,R0,sc00,T0,62,155,c224,"['c224', 'c242']",0.575
train_R0,96,G02,train,low,R0,R0,sc00,T0,104,260,c220,"['c220', 'c422']",0.575
train_R0,96,G02,train,low,R0,R0,sc00,T0,147,367,c422,"['c122', 'c422']",0.75
train_R0,96,G02,train,low,R0,R0,sc00,T0,189,472,c122,"['c122', 'c202', 'c322']",0.45
train_R0,96,G02,train,low,R0,R0,sc00,T0,231,577,c202,"['c202', 'c242']",0.75
train_R0,97,G02,train,low,R0,R0,sc01,T1,20,50,c022,"['c022', 'c212']",0.725
train_R0,97,G02,train,low,R0,R0,sc01,T1,62,155,c212,"['c212', 'c222', 'c422']",0.45
train_R0,97,G02,train,low,R0,R0,sc01,T1,104,260,c223,"['c223', 'c232']",0.725
train_R0,97,G02,train,low,R0,R0,sc01,T1,147,367,c232,"['c022', 'c232']",0.6
train_R0,97,G02,train,low,R0,R0,sc01,T1,189,472,c220,"['c022', 'c220']",0.55
train_R0,97,G02,train,low,R0,R0,sc01,T1,231,577,c322,"['c122', 'c221', 'c322']",0.4
train_R0,98,G02,train,low,R0,R0,sc02,T2,20,50,c224,"['c202', 'c224']",0.725
train_R0,98,G02,train,low,R0,R0,sc02,T2,62,155,c212,"['c212', 'c224']",0.725
train_R0,98,G02,train,low,R0,R0,sc02,T2,104,260,c221,"['c212', 'c221', 'c222']",0.425
train_R0,98,G02,train,low,R0,R0,sc02,T2,147,367,c212,"['c212', 'c222', 'c223']",0.475
train_R0,98,G02,train,low,R0,R0,sc02,T2,189,472,c223,"['c223', 'c224', 'c232']",0.6
train_R0,98,G02,train,low,R0,R0,sc02,T2,231,577,c232,"['c022', 'c232']",0.75
train_R0,99,G02,train,low,R0,R0,sc03,T3,20,50,c222,['c222'],1.0
train_R0,99,G02,train,low,R0,R0,sc03,T3,62,155,c222,"['c122', 'c222', 'c242']",0.6
train_R0,99,G02,train,low,R0,R0,sc03,T3,105,262,c242,"['c212', 'c242', 'c322']",0.475
train_R0,99,G02,train,low,R0,R0,sc03,T3,147,367,c212,"['c212', 'c223', 'c422']",0.45
train_R0,99,G02,train,low,R0,R0,sc03,T3,190,475,c223,"['c223', 'c232']",0.75
train_R0,99,G02,train,low,R0,R0,sc03,T3,232,580,c222,"['c221', 'c222']",0.7692307692307693
train_R0,100,G02,train,low,R0,R0,sc04,T4,20,50,c221,"['c221', 'c222', 'c224']",0.425
train_R0,100,G02,train,low,R0,R0,sc04,T4,62,155,c224,"['c202', 'c224', 'c242']",0.75
train_R0,100,G02,train,low,R0,R0,sc04,T4,104,260,c242,"['c221', 'c242']",0.6
train_R0,100,G02,train,low,R0,R0,sc04,T4,147,367,c242,"['c232', 'c242']",0.6
train_R0,100,G02,train,low,R0,R0,sc04,T4,189,472,c322,"['c220', 'c322']",0.7
train_R0,100,G02,train,low,R0,R0,sc04,T4,231,577,c220,"['c220', 'c222']",0.55
train_R0,101,G02,train,low,R0,R0,sc05,T5,20,50,c122,"['c022', 'c122', 'c222']",0.6
train_R0,101,G02,train,low,R0,R0,sc05,T5,62,155,c222,['c222'],1.0
train_R0,101,G02,train,low,R0,R0,sc05,T5,104,260,c212,"['c212', 'c422']",0.725
train_R0,101,G02,train,low,R0,R0,sc05,T5,147,367,c422,"['c222', 'c422']",0.75
train_R0,101,G02,train,low,R0,R0,sc05,T5,189,472,c222,"['c202', 'c220', 'c222']",0.75
train_R0,101,G02,train,low,R0,R0,sc05,T5,231,577,c220,"['c220', 'c232', 'c322']",0.45
train_R0,84,G02,train,mid,R0,R0,sc00,T0,20,50,c422,"['c202', 'c223', 'c422']",0.425
train_R0,84,G02,train,mid,R0,R0,sc00,T0,62,155,c224,"['c224', 'c242']",0.575
train_R0,84,G02,train,mid,R0,R0,sc00,T0,104,260,c220,"['c220', 'c422']",0.575
train_R0,84,G02,train,mid,R0,R0,sc00,T0,147,367,c422,"['c122', 'c422']",0.75
train_R0,84,G02,train,mid,R0,R0,sc00,T0,189,472,c122,"['c122', 'c202', 'c322']",0.45
train_R0,84,G02,train,mid,R0,R0,sc00,T0,231,577,c202,"['c202', 'c242']",0.75
train_R0,85,G02,train,mid,R0,R0,sc01,T1,20,50,c022,"['c022', 'c212']",0.725
train_R0,85,G02,train,mid,R0,R0,sc01,T1,62,155,c212,"['c212', 'c222', 'c422']",0.45
train_R0,85,G02,train,mid,R0,R0,sc01,T1,104,260,c223,"['c223', 'c232']",0.725
train_R0,85,G02,train,mid,R0,R0,sc01,T1,147,367,c232,"['c022', 'c232']",0.6
train_R0,85,G02,train,mid,R0,R0,sc01,T1,189,472,c220,"['c022', 'c220']",0.55
train_R0,85,G02,train,mid,R0,R0,sc01,T1,231,577,c322,"['c122', 'c221', 'c322']",0.4
train_R0,86,G02,train,mid,R0,R0,sc02,T2,20,50,c224,"['c202', 'c224']",0.725
train_R0,86,G02,train,mid,R0,R0,sc02,T2,62,155,c212,"['c212', 'c224']",0.725
train_R0,86,G02,train,mid,R0,R0,sc02,T2,104,260,c221,"['c212', 'c221', 'c222']",0.425
train_R0,86,G02,train,mid,R0,R0,sc02,T2,147,367,c212,"['c212', 'c222', 'c223']",0.475
train_R0,86,G02,train,mid,R0,R0,sc02,T2,189,472,c223,"['c223', 'c224', 'c232']",0.6
train_R0,86,G02,train,mid,R0,R0,sc02,T2,231,577,c232,"['c022', 'c232']",0.75
train_R0,87,G02,train,mid,R0,R0,sc03,T3,20,50,c222,['c222'],1.0
train_R0,87,G02,train,mid,R0,R0,sc03,T3,62,155,c222,"['c122', 'c222', 'c242']",0.6
train_R0,87,G02,train,mid,R0,R0,sc03,T3,105,262,c242,"['c212', 'c242', 'c322']",0.475
train_R0,87,G02,train,mid,R0,R0,sc03,T3,147,367,c212,"['c212', 'c223', 'c422']",0.45
train_R0,87,G02,train,mid,R0,R0,sc03,T3,190,475,c223,"['c223', 'c232']",0.75
train_R0,87,G02,train,mid,R0,R0,sc03,T3,232,580,c222,"['c221', 'c222']",0.7692307692307693
train_R0,88,G02,train,mid,R0,R0,sc04,T4,20,50,c221,"['c221', 'c222', 'c224']",0.425
train_R0,88,G02,train,mid,R0,R0,sc04,T4,62,155,c224,"['c202', 'c224', 'c242']",0.75
train_R0,88,G02,train,mid,R0,R0,sc04,T4,104,260,c242,"['c221', 'c242']",0.6
train_R0,88,G02,train,mid,R0,R0,sc04,T4,147,367,c242,"['c232', 'c242']",0.6
train_R0,88,G02,train,mid,R0,R0,sc04,T4,189,472,c322,"['c220', 'c322']",0.7
train_R0,88,G02,train,mid,R0,R0,sc04,T4,231,577,c220,"['c220', 'c222']",0.55
train_R0,89,G02,train,mid,R0,R0,sc05,T5,20,50,c122,"['c022', 'c122', 'c222']",0.6
train_R0,89,G02,train,mid,R0,R0,sc05,T5,62,155,c222,['c222'],1.0
train_R0,89,G02,train,mid,R0,R0,sc05,T5,104,260,c212,"['c212', 'c422']",0.725
train_R0,89,G02,train,mid,R0,R0,sc05,T5,147,367,c422,"['c222', 'c422']",0.75
train_R0,89,G02,train,mid,R0,R0,sc05,T5,189,472,c222,"['c202', 'c220', 'c222']",0.75
train_R0,89,G02,train,mid,R0,R0,sc05,T5,231,577,c220,"['c220', 'c232', 'c322']",0.45
train_R0,72,G02,train,nominal,R0,R0,sc00,T0,20,50,c422,"['c202', 'c223', 'c422']",0.425
train_R0,72,G02,train,nominal,R0,R0,sc00,T0,62,155,c224,"['c224', 'c242']",0.575
train_R0,72,G02,train,nominal,R0,R0,sc00,T0,104,260,c220,"['c220', 'c422']",0.575
train_R0,72,G02,train,nominal,R0,R0,sc00,T0,147,367,c422,"['c122', 'c422']",0.75
train_R0,72,G02,train,nominal,R0,R0,sc00,T0,189,472,c122,"['c122', 'c202', 'c322']",0.45
train_R0,72,G02,train,nominal,R0,R0,sc00,T0,231,577,c202,"['c202', 'c242']",0.75
train_R0,73,G02,train,nominal,R0,R0,sc01,T1,20,50,c022,"['c022', 'c212']",0.725
train_R0,73,G02,train,nominal,R0,R0,sc01,T1,62,155,c212,"['c212', 'c222', 'c422']",0.45
train_R0,73,G02,train,nominal,R0,R0,sc01,T1,104,260,c223,"['c223', 'c232']",0.725
train_R0,73,G02,train,nominal,R0,R0,sc01,T1,147,367,c232,"['c022', 'c232']",0.6
train_R0,73,G02,train,nominal,R0,R0,sc01,T1,189,472,c220,"['c022', 'c220']",0.55
train_R0,73,G02,train,nominal,R0,R0,sc01,T1,231,577,c322,"['c122', 'c221', 'c322']",0.4
train_R0,74,G02,train,nominal,R0,R0,sc02,T2,20,50,c224,"['c202', 'c224']",0.725
train_R0,74,G02,train,nominal,R0,R0,sc02,T2,62,155,c212,"['c212', 'c224']",0.725
train_R0,74,G02,train,nominal,R0,R0,sc02,T2,104,260,c221,"['c212', 'c221', 'c222']",0.425
train_R0,74,G02,train,nominal,R0,R0,sc02,T2,147,367,c212,"['c212', 'c222', 'c223']",0.475
train_R0,74,G02,train,nominal,R0,R0,sc02,T2,189,472,c223,"['c223', 'c224', 'c232']",0.6
train_R0,74,G02,train,nominal,R0,R0,sc02,T2,231,577,c232,"['c022', 'c232']",0.75
train_R0,75,G02,train,nominal,R0,R0,sc03,T3,20,50,c222,['c222'],1.0
train_R0,75,G02,train,nominal,R0,R0,sc03,T3,62,155,c222,"['c122', 'c222', 'c242']",0.6
train_R0,75,G02,train,nominal,R0,R0,sc03,T3,105,262,c242,"['c212', 'c242', 'c322']",0.475
train_R0,75,G02,train,nominal,R0,R0,sc03,T3,147,367,c212,"['c212', 'c223', 'c422']",0.45
train_R0,75,G02,train,nominal,R0,R0,sc03,T3,190,475,c223,"['c223', 'c232']",0.75
train_R0,75,G02,train,nominal,R0,R0,sc03,T3,232,580,c222,"['c221', 'c222']",0.7692307692307693
train_R0,76,G02,train,nominal,R0,R0,sc04,T4,20,50,c221,"['c221', 'c222', 'c224']",0.425
train_R0,76,G02,train,nominal,R0,R0,sc04,T4,62,155,c224,"['c202', 'c224', 'c242']",0.75
train_R0,76,G02,train,nominal,R0,R0,sc04,T4,104,260,c242,"['c221', 'c242']",0.6
train_R0,76,G02,train,nominal,R0,R0,sc04,T4,147,367,c242,"['c232', 'c242']",0.6
train_R0,76,G02,train,nominal,R0,R0,sc04,T4,189,472,c322,"['c220', 'c322']",0.7
train_R0,76,G02,train,nominal,R0,R0,sc04,T4,231,577,c220,"['c220', 'c222']",0.55
train_R0,77,G02,train,nominal,R0,R0,sc05,T5,20,50,c122,"['c022', 'c122', 'c222']",0.6
train_R0,77,G02,train,nominal,R0,R0,sc05,T5,62,155,c222,['c222'],1.0
train_R0,77,G02,train,nominal,R0,R0,sc05,T5,104,260,c212,"['c212', 'c422']",0.725
train_R0,77,G02,train,nominal,R0,R0,sc05,T5,147,367,c422,"['c222', 'c422']",0.75
train_R0,77,G02,train,nominal,R0,R0,sc05,T5,189,472,c222,"['c202', 'c220', 'c222']",0.75
train_R0,77,G02,train,nominal,R0,R0,sc05,T5,231,577,c220,"['c220', 'c232', 'c322']",0.45
train_R0,132,G03,train,low,R0,R0,sc00,T0,20,50,c223,"['c223', 'c224', 'c242']",0.425
train_R0,132,G03,train,low,R0,R0,sc00,T0,62,155,c202,"['c202', 'c220']",0.575
train_R0,132,G03,train,low,R0,R0,sc00,T0,104,260,c022,"['c022', 'c212']",0.575
train_R0,132,G03,train,low,R0,R0,sc00,T0,147,367,c212,"['c212', 'c222']",0.75
train_R0,132,G03,train,low,R0,R0,sc00,T0,189,472,c322,"['c212', 'c232', 'c322']",0.45
train_R0,132,G03,train,low,R0,R0,sc00,T0,231,577,c212,"['c212', 'c422']",0.75
train_R0,133,G03,train,low,R0,R0,sc01,T1,20,50,c222,['c222'],1.0
train_R0,133,G03,train,low,R0,R0,sc01,T1,62,155,c222,"['c222', 'c422']",0.725
train_R0,133,G03,train,low,R0,R0,sc01,T1,104,260,c212,"['c212', 'c322']",0.725
train_R0,133,G03,train,low,R0,R0,sc01,T1,147,367,c322,"['c202', 'c322']",0.6
train_R0,133,G03,train,low,R0,R0,sc01,T1,189,472,c322,"['c202', 'c322']",0.55
train_R0,133,G03,train,low,R0,R0,sc01,T1,231,577,c322,"['c221', 'c224', 'c322']",0.4
train_R0,134,G03,train,low,R0,R0,sc02,T2,20,50,c242,"['c212', 'c242']",0.725
train_R0,134,G03,train,low,R0,R0,sc02,T2,62,155,c122,"['c122', 'c222']",0.725
train_R0,134,G03,train,low,R0,R0,sc02,T2,104,260,c122,"['c122', 'c220', 'c222']",0.425
train_R0,134,G03,train,low,R0,R0,sc02,T2,147,367,c222,"['c022', 'c222', 'c224']",0.475
train_R0,134,G03,train,low,R0,R0,sc02,T2,189,472,c224,"['c122', 'c202', 'c224']",0.6
train_R0,134,G03,train,low,R0,R0,sc02,T2,231,577,c202,"['c202', 'c222']",0.75
train_R0,135,G03,train,low,R0,R0,sc03,T3,20,50,c220,"['c220', 'c223']",0.575
train_R0,135,G03,train,low,R0,R0,sc03,T3,62,155,c223,"['c222', 'c223', 'c232']",0.6
train_R0,135,G03,train,low,R0,R0,sc03,T3,105,262,c232,"['c232', 'c242']",0.525
train_R0,135,G03,train,low,R0,R0,sc03,T3,147,367,c232,"['c232', 'c422']",0.725
train_R0,135,G03,train,low,R0,R0,sc03,T3,190,475,c422,"['c223', 'c422']",0.75
train_R0,135,G03,train,low,R0,R0,sc03,T3,232,580,c212,"['c212', 'c322']",0.7692307692307693
train_R0,136,G03,train,low,R0,R0,sc04,T4,20,50,c224,"['c022', 'c224']",0.575
train_R0,136,G03,train,low,R0,R0,sc04,T4,62,155,c022,"['c022', 'c221']",0.875
train_R0,136,G03,train,low,R0,R0,sc04,T4,104,260,c221,"['c221', 'c232', 'c422']",0.6
train_R0,136,G03,train,low,R0,R0,sc04,T4,147,367,c422,"['c222', 'c422']",0.6
train_R0,136,G03,train,low,R0,R0,sc04,T4,189,472,c224,"['c221', 'c224']",0.7
train_R0,136,G03,train,low,R0,R0,sc04,T4,231,577,c220,"['c220', 'c223']",0.55
train_R0,137,G03,train,low,R0,R0,sc05,T5,20,50,c202,"['c022', 'c122', 'c202']",0.6
train_R0,137,G03,train,low,R0,R0,sc05,T5,62,155,c122,"['c122', 'c221']",0.725
train_R0,137,G03,train,low,R0,R0,sc05,T5,104,260,c222,"['c122', 'c222']",0.725
train_R0,137,G03,train,low,R0,R0,sc05,T5,147,367,c122,"['c122', 'c220', 'c222']",0.45
train_R0,137,G03,train,low,R0,R0,sc05,T5,189,472,c222,"['c222', 'c223', 'c242']",0.75
train_R0,137,G03,train,low,R0,R0,sc05,T5,231,577,c242,"['c222', 'c242']",0.55
train_R0,120,G03,train,mid,R0,R0,sc00,T0,20,50,c223,"['c223', 'c224', 'c242']",0.425
train_R0,120,G03,train,mid,R0,R0,sc00,T0,62,155,c202,"['c202', 'c220']",0.575
train_R0,120,G03,train,mid,R0,R0,sc00,T0,104,260,c022,"['c022', 'c212']",0.575
train_R0,120,G03,train,mid,R0,R0,sc00,T0,147,367,c212,"['c212', 'c222']",0.75
train_R0,120,G03,train,mid,R0,R0,sc00,T0,189,472,c322,"['c212', 'c232', 'c322']",0.45
train_R0,120,G03,train,mid,R0,R0,sc00,T0,231,577,c212,"['c212', 'c422']",0.75
train_R0,121,G03,train,mid,R0,R0,sc01,T1,20,50,c222,['c222'],1.0
train_R0,121,G03,train,mid,R0,R0,sc01,T1,62,155,c222,"['c222', 'c422']",0.725
train_R0,121,G03,train,mid,R0,R0,sc01,T1,104,260,c212,"['c212', 'c322']",0.725
train_R0,121,G03,train,mid,R0,R0,sc01,T1,147,367,c322,"['c202', 'c322']",0.6
train_R0,121,G03,train,mid,R0,R0,sc01,T1,189,472,c322,"['c202', 'c322']",0.55
train_R0,121,G03,train,mid,R0,R0,sc01,T1,231,577,c322,"['c221', 'c224', 'c322']",0.4
train_R0,122,G03,train,mid,R0,R0,sc02,T2,20,50,c242,"['c212', 'c242']",0.725
train_R0,122,G03,train,mid,R0,R0,sc02,T2,62,155,c122,"['c122', 'c222']",0.725
train_R0,122,G03,train,mid,R0,R0,sc02,T2,104,260,c122,"['c122', 'c220', 'c222']",0.425
train_R0,122,G03,train,mid,R0,R0,sc02,T2,147,367,c222,"['c022', 'c222', 'c224']",0.475
train_R0,122,G03,train,mid,R0,R0,sc02,T2,189,472,c224,"['c122', 'c202', 'c224']",0.6
train_R0,122,G03,train,mid,R0,R0,sc02,T2,231,577,c202,"['c202', 'c222']",0.75
train_R0,123,G03,train,mid,R0,R0,sc03,T3,20,50,c220,"['c220', 'c223']",0.575
train_R0,123,G03,train,mid,R0,R0,sc03,T3,62,155,c223,"['c222', 'c223', 'c232']",0.6
train_R0,123,G03,train,mid,R0,R0,sc03,T3,105,262,c232,"['c232', 'c242']",0.525
train_R0,123,G03,train,mid,R0,R0,sc03,T3,147,367,c232,"['c232', 'c422']",0.725
train_R0,123,G03,train,mid,R0,R0,sc03,T3,190,475,c422,"['c223', 'c422']",0.75
train_R0,123,G03,train,mid,R0,R0,sc03,T3,232,580,c212,"['c212', 'c322']",0.7692307692307693
train_R0,124,G03,train,mid,R0,R0,sc04,T4,20,50,c224,"['c022', 'c224']",0.575
train_R0,124,G03,train,mid,R0,R0,sc04,T4,62,155,c022,"['c022', 'c221']",0.875
train_R0,124,G03,train,mid,R0,R0,sc04,T4,104,260,c221,"['c221', 'c232', 'c422']",0.6
train_R0,124,G03,train,mid,R0,R0,sc04,T4,147,367,c422,"['c222', 'c422']",0.6
train_R0,124,G03,train,mid,R0,R0,sc04,T4,189,472,c224,"['c221', 'c224']",0.7
train_R0,124,G03,train,mid,R0,R0,sc04,T4,231,577,c220,"['c220', 'c223']",0.55
train_R0,125,G03,train,mid,R0,R0,sc05,T5,20,50,c202,"['c022', 'c122', 'c202']",0.6
train_R0,125,G03,train,mid,R0,R0,sc05,T5,62,155,c122,"['c122', 'c221']",0.725
train_R0,125,G03,train,mid,R0,R0,sc05,T5,104,260,c222,"['c122', 'c222']",0.725
train_R0,125,G03,train,mid,R0,R0,sc05,T5,147,367,c122,"['c122', 'c220', 'c222']",0.45
train_R0,125,G03,train,mid,R0,R0,sc05,T5,189,472,c222,"['c222', 'c223', 'c242']",0.75
train_R0,125,G03,train,mid,R0,R0,sc05,T5,231,577,c242,"['c222', 'c242']",0.55
train_R0,108,G03,train,nominal,R0,R0,sc00,T0,20,50,c223,"['c223', 'c224', 'c242']",0.425
train_R0,108,G03,train,nominal,R0,R0,sc00,T0,62,155,c202,"['c202', 'c220']",0.575
train_R0,108,G03,train,nominal,R0,R0,sc00,T0,104,260,c022,"['c022', 'c212']",0.575
train_R0,108,G03,train,nominal,R0,R0,sc00,T0,147,367,c212,"['c212', 'c222']",0.75
train_R0,108,G03,train,nominal,R0,R0,sc00,T0,189,472,c322,"['c212', 'c232', 'c322']",0.45
train_R0,108,G03,train,nominal,R0,R0,sc00,T0,231,577,c212,"['c212', 'c422']",0.75
train_R0,109,G03,train,nominal,R0,R0,sc01,T1,20,50,c222,['c222'],1.0
train_R0,109,G03,train,nominal,R0,R0,sc01,T1,62,155,c222,"['c222', 'c422']",0.725
train_R0,109,G03,train,nominal,R0,R0,sc01,T1,104,260,c212,"['c212', 'c322']",0.725
train_R0,109,G03,train,nominal,R0,R0,sc01,T1,147,367,c322,"['c202', 'c322']",0.6
train_R0,109,G03,train,nominal,R0,R0,sc01,T1,189,472,c322,"['c202', 'c322']",0.55
train_R0,109,G03,train,nominal,R0,R0,sc01,T1,231,577,c322,"['c221', 'c224', 'c322']",0.4
train_R0,110,G03,train,nominal,R0,R0,sc02,T2,20,50,c242,"['c212', 'c242']",0.725
train_R0,110,G03,train,nominal,R0,R0,sc02,T2,62,155,c122,"['c122', 'c222']",0.725
train_R0,110,G03,train,nominal,R0,R0,sc02,T2,104,260,c122,"['c122', 'c220', 'c222']",0.425
train_R0,110,G03,train,nominal,R0,R0,sc02,T2,147,367,c222,"['c022', 'c222', 'c224']",0.475
train_R0,110,G03,train,nominal,R0,R0,sc02,T2,189,472,c224,"['c122', 'c202', 'c224']",0.6
train_R0,110,G03,train,nominal,R0,R0,sc02,T2,231,577,c202,"['c202', 'c222']",0.75
train_R0,111,G03,train,nominal,R0,R0,sc03,T3,20,50,c220,"['c220', 'c223']",0.575
train_R0,111,G03,train,nominal,R0,R0,sc03,T3,62,155,c223,"['c222', 'c223', 'c232']",0.6
train_R0,111,G03,train,nominal,R0,R0,sc03,T3,105,262,c232,"['c232', 'c242']",0.525
train_R0,111,G03,train,nominal,R0,R0,sc03,T3,147,367,c232,"['c232', 'c422']",0.725
train_R0,111,G03,train,nominal,R0,R0,sc03,T3,190,475,c422,"['c223', 'c422']",0.75
train_R0,111,G03,train,nominal,R0,R0,sc03,T3,232,580,c212,"['c212', 'c322']",0.7692307692307693
train_R0,112,G03,train,nominal,R0,R0,sc04,T4,20,50,c224,"['c022', 'c224']",0.575
train_R0,112,G03,train,nominal,R0,R0,sc04,T4,62,155,c022,"['c022', 'c221']",0.875
train_R0,112,G03,train,nominal,R0,R0,sc04,T4,104,260,c221,"['c221', 'c232', 'c422']",0.6
train_R0,112,G03,train,nominal,R0,R0,sc04,T4,147,367,c422,"['c222', 'c422']",0.6
train_R0,112,G03,train,nominal,R0,R0,sc04,T4,189,472,c224,"['c221', 'c224']",0.7
train_R0,112,G03,train,nominal,R0,R0,sc04,T4,231,577,c220,"['c220', 'c223']",0.55
train_R0,113,G03,train,nominal,R0,R0,sc05,T5,20,50,c202,"['c022', 'c122', 'c202']",0.6
train_R0,113,G03,train,nominal,R0,R0,sc05,T5,62,155,c122,"['c122', 'c221']",0.725
train_R0,113,G03,train,nominal,R0,R0,sc05,T5,104,260,c222,"['c122', 'c222']",0.725
train_R0,113,G03,train,nominal,R0,R0,sc05,T5,147,367,c122,"['c122', 'c220', 'c222']",0.45
train_R0,113,G03,train,nominal,R0,R0,sc05,T5,189,472,c222,"['c222', 'c223', 'c242']",0.75
train_R0,113,G03,train,nominal,R0,R0,sc05,T5,231,577,c242,"['c222', 'c242']",0.55
train_R0,168,G04,train,low,R0,R0,sc00,T0,20,50,c422,"['c322', 'c422']",0.7
train_R0,168,G04,train,low,R0,R0,sc00,T0,62,155,c224,"['c222', 'c224']",0.575
train_R0,168,G04,train,low,R0,R0,sc00,T0,104,260,c322,"['c222', 'c322']",0.575
train_R0,168,G04,train,low,R0,R0,sc00,T0,147,367,c222,"['c022', 'c222']",0.75
train_R0,168,G04,train,low,R0,R0,sc00,T0,189,472,c232,"['c122', 'c220', 'c232']",0.45
train_R0,168,G04,train,low,R0,R0,sc00,T0,231,577,c220,"['c220', 'c223']",0.75
train_R0,169,G04,train,low,R0,R0,sc01,T1,20,50,c242,"['c224', 'c242']",0.725
train_R0,169,G04,train,low,R0,R0,sc01,T1,62,155,c224,"['c224', 'c232', 'c242']",0.45
train_R0,169,G04,train,low,R0,R0,sc01,T1,104,260,c223,"['c202', 'c223']",0.725
train_R0,169,G04,train,low,R0,R0,sc01,T1,147,367,c202,"['c202', 'c224']",0.6
train_R0,169,G04,train,low,R0,R0,sc01,T1,189,472,c242,"['c122', 'c242']",0.55
train_R0,169,G04,train,low,R0,R0,sc01,T1,231,577,c422,"['c212', 'c322', 'c422']",0.4
train_R0,170,G04,train,low,R0,R0,sc02,T2,20,50,c122,"['c122', 'c232']",0.725
train_R0,170,G04,train,low,R0,R0,sc02,T2,62,155,c212,"['c212', 'c322']",0.725
train_R0,170,G04,train,low,R0,R0,sc02,T2,104,260,c223,"['c202', 'c222', 'c223']",0.425
train_R0,170,G04,train,low,R0,R0,sc02,T2,147,367,c202,"['c122', 'c202', 'c221']",0.475
train_R0,170,G04,train,low,R0,R0,sc02,T2,189,472,c122,"['c122', 'c212', 'c220']",0.6
train_R0,170,G04,train,low,R0,R0,sc02,T2,231,577,c220,"['c220', 'c222']",0.75
train_R0,171,G04,train,low,R0,R0,sc03,T3,20,50,c422,"['c022', 'c422']",0.575
train_R0,171,G04,train,low,R0,R0,sc03,T3,62,155,c022,"['c022', 'c222', 'c223']",0.6
train_R0,171,G04,train,low,R0,R0,sc03,T3,105,262,c223,"['c222', 'c223']",0.6
train_R0,171,G04,train,low,R0,R0,sc03,T3,147,367,c222,"['c212', 'c222', 'c242']",0.45
train_R0,171,G04,train,low,R0,R0,sc03,T3,190,475,c202,"['c202', 'c224']",0.75
train_R0,171,G04,train,low,R0,R0,sc03,T3,232,580,c222,"['c222', 'c232']",0.7692307692307693
train_R0,172,G04,train,low,R0,R0,sc04,T4,20,50,c220,"['c022', 'c220', 'c224']",0.425
train_R0,172,G04,train,low,R0,R0,sc04,T4,62,155,c022,"['c022', 'c122']",0.75
train_R0,172,G04,train,low,R0,R0,sc04,T4,104,260,c022,"['c022', 'c220', 'c222']",0.6
train_R0,172,G04,train,low,R0,R0,sc04,T4,147,367,c222,"['c221', 'c222']",0.6
train_R0,172,G04,train,low,R0,R0,sc04,T4,189,472,c022,"['c022', 'c223']",0.7
train_R0,172,G04,train,low,R0,R0,sc04,T4,231,577,c422,"['c221', 'c422']",0.55
train_R0,173,G04,train,low,R0,R0,sc05,T5,20,50,c221,"['c202', 'c220', 'c221']",0.6
train_R0,173,G04,train,low,R0,R0,sc05,T5,62,155,c220,"['c220', 'c221']",0.725
train_R0,173,G04,train,low,R0,R0,sc05,T5,104,260,c222,['c222'],1.0
train_R0,173,G04,train,low,R0,R0,sc05,T5,147,367,c222,"['c212', 'c222']",0.7
train_R0,173,G04,train,low,R0,R0,sc05,T5,189,472,c222,"['c222', 'c232', 'c242']",0.75
train_R0,173,G04,train,low,R0,R0,sc05,T5,231,577,c242,"['c202', 'c242', 'c322']",0.45
train_R0,156,G04,train,mid,R0,R0,sc00,T0,20,50,c422,"['c322', 'c422']",0.7
train_R0,156,G04,train,mid,R0,R0,sc00,T0,62,155,c224,"['c222', 'c224']",0.575
train_R0,156,G04,train,mid,R0,R0,sc00,T0,104,260,c322,"['c222', 'c322']",0.575
train_R0,156,G04,train,mid,R0,R0,sc00,T0,147,367,c222,"['c022', 'c222']",0.75
train_R0,156,G04,train,mid,R0,R0,sc00,T0,189,472,c232,"['c122', 'c220', 'c232']",0.45
train_R0,156,G04,train,mid,R0,R0,sc00,T0,231,577,c220,"['c220', 'c223']",0.75
train_R0,157,G04,train,mid,R0,R0,sc01,T1,20,50,c242,"['c224', 'c242']",0.725
train_R0,157,G04,train,mid,R0,R0,sc01,T1,62,155,c224,"['c224', 'c232', 'c242']",0.45
train_R0,157,G04,train,mid,R0,R0,sc01,T1,104,260,c223,"['c202', 'c223']",0.725
train_R0,157,G04,train,mid,R0,R0,sc01,T1,147,367,c202,"['c202', 'c224']",0.6
train_R0,157,G04,train,mid,R0,R0,sc01,T1,189,472,c242,"['c122', 'c242']",0.55
train_R0,157,G04,train,mid,R0,R0,sc01,T1,231,577,c422,"['c212', 'c322', 'c422']",0.4
train_R0,158,G04,train,mid,R0,R0,sc02,T2,20,50,c122,"['c122', 'c232']",0.725
train_R0,158,G04,train,mid,R0,R0,sc02,T2,62,155,c212,"['c212', 'c322']",0.725
train_R0,158,G04,train,mid,R0,R0,sc02,T2,104,260,c223,"['c202', 'c222', 'c223']",0.425
train_R0,158,G04,train,mid,R0,R0,sc02,T2,147,367,c202,"['c122', 'c202', 'c221']",0.475
train_R0,158,G04,train,mid,R0,R0,sc02,T2,189,472,c122,"['c122', 'c212', 'c220']",0.6
train_R0,158,G04,train,mid,R0,R0,sc02,T2,231,577,c220,"['c220', 'c222']",0.75
train_R0,159,G04,train,mid,R0,R0,sc03,T3,20,50,c422,"['c022', 'c422']",0.575
train_R0,159,G04,train,mid,R0,R0,sc03,T3,62,155,c022,"['c022', 'c222', 'c223']",0.6
train_R0,159,G04,train,mid,R0,R0,sc03,T3,105,262,c223,"['c222', 'c223']",0.6
train_R0,159,G04,train,mid,R0,R0,sc03,T3,147,367,c222,"['c212', 'c222', 'c242']",0.45
train_R0,159,G04,train,mid,R0,R0,sc03,T3,190,475,c202,"['c202', 'c224']",0.75
train_R0,159,G04,train,mid,R0,R0,sc03,T3,232,580,c222,"['c222', 'c232']",0.7692307692307693
train_R0,160,G04,train,mid,R0,R0,sc04,T4,20,50,c220,"['c022', 'c220', 'c224']",0.425
train_R0,160,G04,train,mid,R0,R0,sc04,T4,62,155,c022,"['c022', 'c122']",0.75
train_R0,160,G04,train,mid,R0,R0,sc04,T4,104,260,c022,"['c022', 'c220', 'c222']",0.6
train_R0,160,G04,train,mid,R0,R0,sc04,T4,147,367,c222,"['c221', 'c222']",0.6
train_R0,160,G04,train,mid,R0,R0,sc04,T4,189,472,c022,"['c022', 'c223']",0.7
train_R0,160,G04,train,mid,R0,R0,sc04,T4,231,577,c422,"['c221', 'c422']",0.55
train_R0,161,G04,train,mid,R0,R0,sc05,T5,20,50,c221,"['c202', 'c220', 'c221']",0.6
train_R0,161,G04,train,mid,R0,R0,sc05,T5,62,155,c220,"['c220', 'c221']",0.725
train_R0,161,G04,train,mid,R0,R0,sc05,T5,104,260,c222,['c222'],1.0
train_R0,161,G04,train,mid,R0,R0,sc05,T5,147,367,c222,"['c212', 'c222']",0.7
train_R0,161,G04,train,mid,R0,R0,sc05,T5,189,472,c222,"['c222', 'c232', 'c242']",0.75
train_R0,161,G04,train,mid,R0,R0,sc05,T5,231,577,c242,"['c202', 'c242', 'c322']",0.45
train_R0,144,G04,train,nominal,R0,R0,sc00,T0,20,50,c422,"['c322', 'c422']",0.7
train_R0,144,G04,train,nominal,R0,R0,sc00,T0,62,155,c224,"['c222', 'c224']",0.575
train_R0,144,G04,train,nominal,R0,R0,sc00,T0,104,260,c322,"['c222', 'c322']",0.575
train_R0,144,G04,train,nominal,R0,R0,sc00,T0,147,367,c222,"['c022', 'c222']",0.75
train_R0,144,G04,train,nominal,R0,R0,sc00,T0,189,472,c232,"['c122', 'c220', 'c232']",0.45
train_R0,144,G04,train,nominal,R0,R0,sc00,T0,231,577,c220,"['c220', 'c223']",0.75
train_R0,145,G04,train,nominal,R0,R0,sc01,T1,20,50,c242,"['c224', 'c242']",0.725
train_R0,145,G04,train,nominal,R0,R0,sc01,T1,62,155,c224,"['c224', 'c232', 'c242']",0.45
train_R0,145,G04,train,nominal,R0,R0,sc01,T1,104,260,c223,"['c202', 'c223']",0.725
train_R0,145,G04,train,nominal,R0,R0,sc01,T1,147,367,c202,"['c202', 'c224']",0.6
train_R0,145,G04,train,nominal,R0,R0,sc01,T1,189,472,c242,"['c122', 'c242']",0.55
train_R0,145,G04,train,nominal,R0,R0,sc01,T1,231,577,c422,"['c212', 'c322', 'c422']",0.4
train_R0,146,G04,train,nominal,R0,R0,sc02,T2,20,50,c122,"['c122', 'c232']",0.725
train_R0,146,G04,train,nominal,R0,R0,sc02,T2,62,155,c212,"['c212', 'c322']",0.725
train_R0,146,G04,train,nominal,R0,R0,sc02,T2,104,260,c223,"['c202', 'c222', 'c223']",0.425
train_R0,146,G04,train,nominal,R0,R0,sc02,T2,147,367,c202,"['c122', 'c202', 'c221']",0.475
train_R0,146,G04,train,nominal,R0,R0,sc02,T2,189,472,c122,"['c122', 'c212', 'c220']",0.6
train_R0,146,G04,train,nominal,R0,R0,sc02,T2,231,577,c220,"['c220', 'c222']",0.75
train_R0,147,G04,train,nominal,R0,R0,sc03,T3,20,50,c422,"['c022', 'c422']",0.575
train_R0,147,G04,train,nominal,R0,R0,sc03,T3,62,155,c022,"['c022', 'c222', 'c223']",0.6
train_R0,147,G04,train,nominal,R0,R0,sc03,T3,105,262,c223,"['c222', 'c223']",0.6
train_R0,147,G04,train,nominal,R0,R0,sc03,T3,147,367,c222,"['c212', 'c222', 'c242']",0.45
train_R0,147,G04,train,nominal,R0,R0,sc03,T3,190,475,c202,"['c202', 'c224']",0.75
train_R0,147,G04,train,nominal,R0,R0,sc03,T3,232,580,c222,"['c222', 'c232']",0.7692307692307693
train_R0,148,G04,train,nominal,R0,R0,sc04,T4,20,50,c220,"['c022', 'c220', 'c224']",0.425
train_R0,148,G04,train,nominal,R0,R0,sc04,T4,62,155,c022,"['c022', 'c122']",0.75
train_R0,148,G04,train,nominal,R0,R0,sc04,T4,104,260,c022,"['c022', 'c220', 'c222']",0.6
train_R0,148,G04,train,nominal,R0,R0,sc04,T4,147,367,c222,"['c221', 'c222']",0.6
train_R0,148,G04,train,nominal,R0,R0,sc04,T4,189,472,c022,"['c022', 'c223']",0.7
train_R0,148,G04,train,nominal,R0,R0,sc04,T4,231,577,c422,"['c221', 'c422']",0.55
train_R0,149,G04,train,nominal,R0,R0,sc05,T5,20,50,c221,"['c202', 'c220', 'c221']",0.6
train_R0,149,G04,train,nominal,R0,R0,sc05,T5,62,155,c220,"['c220', 'c221']",0.725
train_R0,149,G04,train,nominal,R0,R0,sc05,T5,104,260,c222,['c222'],1.0
train_R0,149,G04,train,nominal,R0,R0,sc05,T5,147,367,c222,"['c212', 'c222']",0.7
train_R0,149,G04,train,nominal,R0,R0,sc05,T5,189,472,c222,"['c222', 'c232', 'c242']",0.75
train_R0,149,G04,train,nominal,R0,R0,sc05,T5,231,577,c242,"['c202', 'c242', 'c322']",0.45
train_R0,204,G05,train,low,R0,R0,sc00,T0,20,50,c222,"['c202', 'c222', 'c422']",0.425
train_R0,204,G05,train,low,R0,R0,sc00,T0,62,155,c220,"['c220', 'c232']",0.575
train_R0,204,G05,train,low,R0,R0,sc00,T0,104,260,c202,"['c202', 'c212']",0.575
train_R0,204,G05,train,low,R0,R0,sc00,T0,147,367,c212,"['c212', 'c220']",0.75
train_R0,204,G05,train,low,R0,R0,sc00,T0,189,472,c022,"['c022', 'c221', 'c222']",0.45
train_R0,204,G05,train,low,R0,R0,sc00,T0,231,577,c221,"['c221', 'c223']",0.75
train_R0,205,G05,train,low,R0,R0,sc01,T1,20,50,c122,"['c122', 'c212']",0.725
train_R0,205,G05,train,low,R0,R0,sc01,T1,62,155,c212,"['c022', 'c212', 'c422']",0.45
train_R0,205,G05,train,low,R0,R0,sc01,T1,104,260,c202,"['c202', 'c232']",0.725
train_R0,205,G05,train,low,R0,R0,sc01,T1,147,367,c232,"['c232', 'c422']",0.6
train_R0,205,G05,train,low,R0,R0,sc01,T1,189,472,c224,"['c222', 'c224']",0.55
train_R0,205,G05,train,low,R0,R0,sc01,T1,231,577,c222,"['c222', 'c224']",0.7
train_R0,206,G05,train,low,R0,R0,sc02,T2,20,50,c202,"['c202', 'c322']",0.725
train_R0,206,G05,train,low,R0,R0,sc02,T2,62,155,c222,"['c222', 'c242']",0.725
train_R0,206,G05,train,low,R0,R0,sc02,T2,104,260,c022,"['c022', 'c202', 'c242']",0.425
train_R0,206,G05,train,low,R0,R0,sc02,T2,147,367,c202,"['c202', 'c212', 'c222']",0.475
train_R0,206,G05,train,low,R0,R0,sc02,T2,189,472,c212,"['c022', 'c212', 'c322']",0.6
train_R0,206,G05,train,low,R0,R0,sc02,T2,231,577,c022,"['c022', 'c223']",0.75
train_R0,207,G05,train,low,R0,R0,sc03,T3,20,50,c232,"['c122', 'c232']",0.575
train_R0,207,G05,train,low,R0,R0,sc03,T3,62,155,c122,"['c122', 'c220', 'c223']",0.6
train_R0,207,G05,train,low,R0,R0,sc03,T3,105,262,c223,"['c221', 'c223']",0.875
train_R0,207,G05,train,low,R0,R0,sc03,T3,147,367,c221,"['c221', 'c222', 'c322']",0.45
train_R0,207,G05,train,low,R0,R0,sc03,T3,190,475,c212,"['c212', 'c224']",0.75
train_R0,207,G05,train,low,R0,R0,sc03,T3,232,580,c122,"['c122', 'c221']",0.7692307692307693
train_R0,208,G05,train,low,R0,R0,sc04,T4,20,50,c212,"['c212', 'c220', 'c224']",0.425
train_R0,208,G05,train,low,R0,R0,sc04,T4,62,155,c220,"['c220', 'c222', 'c422']",0.75
train_R0,208,G05,train,low,R0,R0,sc04,T4,104,260,c422,"['c221', 'c222', 'c422']",0.6
train_R0,208,G05,train,low,R0,R0,sc04,T4,147,367,c222,"['c222', 'c232']",0.6
train_R0,208,G05,train,low,R0,R0,sc04,T4,189,472,c242,"['c242', 'c422']",0.7
train_R0,208,G05,train,low,R0,R0,sc04,T4,231,577,c220,"['c220', 'c224']",0.55
train_R0,209,G05,train,low,R0,R0,sc05,T5,20,50,c242,"['c022', 'c242']",0.875
train_R0,209,G05,train,low,R0,R0,sc05,T5,62,155,c022,"['c022', 'c222']",0.725
train_R0,209,G05,train,low,R0,R0,sc05,T5,104,260,c232,"['c223', 'c232']",0.725
train_R0,209,G05,train,low,R0,R0,sc05,T5,147,367,c223,"['c122', 'c221', 'c223']",0.45
train_R0,209,G05,train,low,R0,R0,sc05,T5,189,472,c221,"['c221', 'c322']",0.9
train_R0,209,G05,train,low,R0,R0,sc05,T5,231,577,c322,"['c122', 'c222', 'c322']",0.45
train_R0,192,G05,train,mid,R0,R0,sc00,T0,20,50,c222,"['c202', 'c222', 'c422']",0.425
train_R0,192,G05,train,mid,R0,R0,sc00,T0,62,155,c220,"['c220', 'c232']",0.575
train_R0,192,G05,train,mid,R0,R0,sc00,T0,104,260,c202,"['c202', 'c212']",0.575
train_R0,192,G05,train,mid,R0,R0,sc00,T0,147,367,c212,"['c212', 'c220']",0.75
train_R0,192,G05,train,mid,R0,R0,sc00,T0,189,472,c022,"['c022', 'c221', 'c222']",0.45
train_R0,192,G05,train,mid,R0,R0,sc00,T0,231,577,c221,"['c221', 'c223']",0.75
train_R0,193,G05,train,mid,R0,R0,sc01,T1,20,50,c122,"['c122', 'c212']",0.725
train_R0,193,G05,train,mid,R0,R0,sc01,T1,62,155,c212,"['c022', 'c212', 'c422']",0.45
train_R0,193,G05,train,mid,R0,R0,sc01,T1,104,260,c202,"['c202', 'c232']",0.725
train_R0,193,G05,train,mid,R0,R0,sc01,T1,147,367,c232,"['c232', 'c422']",0.6
train_R0,193,G05,train,mid,R0,R0,sc01,T1,189,472,c224,"['c222', 'c224']",0.55
train_R0,193,G05,train,mid,R0,R0,sc01,T1,231,577,c222,"['c222', 'c224']",0.7
train_R0,194,G05,train,mid,R0,R0,sc02,T2,20,50,c202,"['c202', 'c322']",0.725
train_R0,194,G05,train,mid,R0,R0,sc02,T2,62,155,c222,"['c222', 'c242']",0.725
train_R0,194,G05,train,mid,R0,R0,sc02,T2,104,260,c022,"['c022', 'c202', 'c242']",0.425
train_R0,194,G05,train,mid,R0,R0,sc02,T2,147,367,c202,"['c202', 'c212', 'c222']",0.475
train_R0,194,G05,train,mid,R0,R0,sc02,T2,189,472,c212,"['c022', 'c212', 'c322']",0.6
train_R0,194,G05,train,mid,R0,R0,sc02,T2,231,577,c022,"['c022', 'c223']",0.75
train_R0,195,G05,train,mid,R0,R0,sc03,T3,20,50,c232,"['c122', 'c232']",0.575
train_R0,195,G05,train,mid,R0,R0,sc03,T3,62,155,c122,"['c122', 'c220', 'c223']",0.6
train_R0,195,G05,train,mid,R0,R0,sc03,T3,105,262,c223,"['c221', 'c223']",0.875
train_R0,195,G05,train,mid,R0,R0,sc03,T3,147,367,c221,"['c221', 'c222', 'c322']",0.45
train_R0,195,G05,train,mid,R0,R0,sc03,T3,190,475,c212,"['c212', 'c224']",0.75
train_R0,195,G05,train,mid,R0,R0,sc03,T3,232,580,c122,"['c122', 'c221']",0.7692307692307693
train_R0,196,G05,train,mid,R0,R0,sc04,T4,20,50,c212,"['c212', 'c220', 'c224']",0.425
train_R0,196,G05,train,mid,R0,R0,sc04,T4,62,155,c220,"['c220', 'c222', 'c422']",0.75
train_R0,196,G05,train,mid,R0,R0,sc04,T4,104,260,c422,"['c221', 'c222', 'c422']",0.6
train_R0,196,G05,train,mid,R0,R0,sc04,T4,147,367,c222,"['c222', 'c232']",0.6
train_R0,196,G05,train,mid,R0,R0,sc04,T4,189,472,c242,"['c242', 'c422']",0.7
train_R0,196,G05,train,mid,R0,R0,sc04,T4,231,577,c220,"['c220', 'c224']",0.55
train_R0,197,G05,train,mid,R0,R0,sc05,T5,20,50,c242,"['c022', 'c242']",0.875
train_R0,197,G05,train,mid,R0,R0,sc05,T5,62,155,c022,"['c022', 'c222']",0.725
train_R0,197,G05,train,mid,R0,R0,sc05,T5,104,260,c232,"['c223', 'c232']",0.725
train_R0,197,G05,train,mid,R0,R0,sc05,T5,147,367,c223,"['c122', 'c221', 'c223']",0.45
train_R0,197,G05,train,mid,R0,R0,sc05,T5,189,472,c221,"['c221', 'c322']",0.9
train_R0,197,G05,train,mid,R0,R0,sc05,T5,231,577,c322,"['c122', 'c222', 'c322']",0.45
train_R0,180,G05,train,nominal,R0,R0,sc00,T0,20,50,c222,"['c202', 'c222', 'c422']",0.425
train_R0,180,G05,train,nominal,R0,R0,sc00,T0,62,155,c220,"['c220', 'c232']",0.575
train_R0,180,G05,train,nominal,R0,R0,sc00,T0,104,260,c202,"['c202', 'c212']",0.575
train_R0,180,G05,train,nominal,R0,R0,sc00,T0,147,367,c212,"['c212', 'c220']",0.75
train_R0,180,G05,train,nominal,R0,R0,sc00,T0,189,472,c022,"['c022', 'c221', 'c222']",0.45
train_R0,180,G05,train,nominal,R0,R0,sc00,T0,231,577,c221,"['c221', 'c223']",0.75
train_R0,181,G05,train,nominal,R0,R0,sc01,T1,20,50,c122,"['c122', 'c212']",0.725
train_R0,181,G05,train,nominal,R0,R0,sc01,T1,62,155,c212,"['c022', 'c212', 'c422']",0.45
train_R0,181,G05,train,nominal,R0,R0,sc01,T1,104,260,c202,"['c202', 'c232']",0.725
train_R0,181,G05,train,nominal,R0,R0,sc01,T1,147,367,c232,"['c232', 'c422']",0.6
train_R0,181,G05,train,nominal,R0,R0,sc01,T1,189,472,c224,"['c222', 'c224']",0.55
train_R0,181,G05,train,nominal,R0,R0,sc01,T1,231,577,c222,"['c222', 'c224']",0.7
train_R0,182,G05,train,nominal,R0,R0,sc02,T2,20,50,c202,"['c202', 'c322']",0.725
train_R0,182,G05,train,nominal,R0,R0,sc02,T2,62,155,c222,"['c222', 'c242']",0.725
train_R0,182,G05,train,nominal,R0,R0,sc02,T2,104,260,c022,"['c022', 'c202', 'c242']",0.425
train_R0,182,G05,train,nominal,R0,R0,sc02,T2,147,367,c202,"['c202', 'c212', 'c222']",0.475
train_R0,182,G05,train,nominal,R0,R0,sc02,T2,189,472,c212,"['c022', 'c212', 'c322']",0.6
train_R0,182,G05,train,nominal,R0,R0,sc02,T2,231,577,c022,"['c022', 'c223']",0.75
train_R0,183,G05,train,nominal,R0,R0,sc03,T3,20,50,c232,"['c122', 'c232']",0.575
train_R0,183,G05,train,nominal,R0,R0,sc03,T3,62,155,c122,"['c122', 'c220', 'c223']",0.6
train_R0,183,G05,train,nominal,R0,R0,sc03,T3,105,262,c223,"['c221', 'c223']",0.875
train_R0,183,G05,train,nominal,R0,R0,sc03,T3,147,367,c221,"['c221', 'c222', 'c322']",0.45
train_R0,183,G05,train,nominal,R0,R0,sc03,T3,190,475,c212,"['c212', 'c224']",0.75
train_R0,183,G05,train,nominal,R0,R0,sc03,T3,232,580,c122,"['c122', 'c221']",0.7692307692307693
train_R0,184,G05,train,nominal,R0,R0,sc04,T4,20,50,c212,"['c212', 'c220', 'c224']",0.425
train_R0,184,G05,train,nominal,R0,R0,sc04,T4,62,155,c220,"['c220', 'c222', 'c422']",0.75
train_R0,184,G05,train,nominal,R0,R0,sc04,T4,104,260,c422,"['c221', 'c222', 'c422']",0.6
train_R0,184,G05,train,nominal,R0,R0,sc04,T4,147,367,c222,"['c222', 'c232']",0.6
train_R0,184,G05,train,nominal,R0,R0,sc04,T4,189,472,c242,"['c242', 'c422']",0.7
train_R0,184,G05,train,nominal,R0,R0,sc04,T4,231,577,c220,"['c220', 'c224']",0.55
train_R0,185,G05,train,nominal,R0,R0,sc05,T5,20,50,c242,"['c022', 'c242']",0.875
train_R0,185,G05,train,nominal,R0,R0,sc05,T5,62,155,c022,"['c022', 'c222']",0.725
train_R0,185,G05,train,nominal,R0,R0,sc05,T5,104,260,c232,"['c223', 'c232']",0.725
train_R0,185,G05,train,nominal,R0,R0,sc05,T5,147,367,c223,"['c122', 'c221', 'c223']",0.45
train_R0,185,G05,train,nominal,R0,R0,sc05,T5,189,472,c221,"['c221', 'c322']",0.9
train_R0,185,G05,train,nominal,R0,R0,sc05,T5,231,577,c322,"['c122', 'c222', 'c322']",0.45
train_R0,240,G06,train,low,R0,R0,sc00,T0,20,50,c322,"['c223', 'c232', 'c322']",0.425
train_R0,240,G06,train,low,R0,R0,sc00,T0,62,155,c242,"['c222', 'c242']",0.575
train_R0,240,G06,train,low,R0,R0,sc00,T0,104,260,c224,"['c222', 'c224']",0.575
train_R0,240,G06,train,low,R0,R0,sc00,T0,147,367,c222,['c222'],1.0
train_R0,240,G06,train,low,R0,R0,sc00,T0,189,472,c220,"['c220', 'c222', 'c322']",0.45
train_R0,240,G06,train,low,R0,R0,sc00,T0,231,577,c322,"['c221', 'c322']",0.75
train_R0,241,G06,train,low,R0,R0,sc01,T1,20,50,c221,"['c221', 'c222']",0.725
train_R0,241,G06,train,low,R0,R0,sc01,T1,62,155,c222,"['c022', 'c222', 'c224']",0.45
train_R0,241,G06,train,low,R0,R0,sc01,T1,104,260,c322,"['c222', 'c322']",0.725
train_R0,241,G06,train,low,R0,R0,sc01,T1,147,367,c222,"['c221', 'c222']",0.6
train_R0,241,G06,train,low,R0,R0,sc01,T1,189,472,c202,"['c202', 'c224']",0.55
train_R0,241,G06,train,low,R0,R0,sc01,T1,231,577,c122,"['c122', 'c232']",0.6
train_R0,242,G06,train,low,R0,R0,sc02,T2,20,50,c322,"['c122', 'c322']",0.725
train_R0,242,G06,train,low,R0,R0,sc02,T2,62,155,c422,"['c222', 'c422']",0.725
train_R0,242,G06,train,low,R0,R0,sc02,T2,104,260,c422,"['c220', 'c222', 'c422']",0.425
train_R0,242,G06,train,low,R0,R0,sc02,T2,147,367,c222,"['c122', 'c220', 'c222']",0.475
train_R0,242,G06,train,low,R0,R0,sc02,T2,189,472,c220,"['c212', 'c220', 'c322']",0.6
train_R0,242,G06,train,low,R0,R0,sc02,T2,231,577,c212,['c212'],1.0
train_R0,243,G06,train,low,R0,R0,sc03,T3,20,50,c221,"['c221', 'c224']",0.575
train_R0,243,G06,train,low,R0,R0,sc03,T3,62,155,c224,"['c220', 'c222', 'c224']",0.6
train_R0,243,G06,train,low,R0,R0,sc03,T3,105,262,c220,"['c202', 'c220', 'c242']",0.475
train_R0,243,G06,train,low,R0,R0,sc03,T3,147,367,c242,"['c022', 'c122', 'c242']",0.45
train_R0,243,G06,train,low,R0,R0,sc03,T3,190,475,c022,"['c022', 'c202']",0.75
train_R0,243,G06,train,low,R0,R0,sc03,T3,232,580,c221,"['c212', 'c221']",0.7692307692307693
train_R0,244,G06,train,low,R0,R0,sc04,T4,20,50,c212,"['c212', 'c223']",0.575
train_R0,244,G06,train,low,R0,R0,sc04,T4,62,155,c223,"['c212', 'c223', 'c242']",0.75
train_R0,244,G06,train,low,R0,R0,sc04,T4,104,260,c242,"['c022', 'c242', 'c422']",0.6
train_R0,244,G06,train,low,R0,R0,sc04,T4,147,367,c422,"['c022', 'c422']",0.6
train_R0,244,G06,train,low,R0,R0,sc04,T4,189,472,c223,"['c223', 'c232']",0.7
train_R0,244,G06,train,low,R0,R0,sc04,T4,231,577,c242,"['c122', 'c242']",0.55
train_R0,245,G06,train,low,R0,R0,sc05,T5,20,50,c222,"['c222', 'c224', 'c242']",0.6
train_R0,245,G06,train,low,R0,R0,sc05,T5,62,155,c242,"['c222', 'c242']",0.725
train_R0,245,G06,train,low,R0,R0,sc05,T5,104,260,c223,"['c202', 'c223']",0.725
train_R0,245,G06,train,low,R0,R0,sc05,T5,147,367,c202,"['c202', 'c222', 'c422']",0.45
train_R0,245,G06,train,low,R0,R0,sc05,T5,189,472,c222,"['c202', 'c222', 'c422']",0.75
train_R0,245,G06,train,low,R0,R0,sc05,T5,231,577,c422,"['c220', 'c232', 'c422']",0.45
train_R0,228,G06,train,mid,R0,R0,sc00,T0,20,50,c322,"['c223', 'c232', 'c322']",0.425
train_R0,228,G06,train,mid,R0,R0,sc00,T0,62,155,c242,"['c222', 'c242']",0.575
train_R0,228,G06,train,mid,R0,R0,sc00,T0,104,260,c224,"['c222', 'c224']",0.575
train_R0,228,G06,train,mid,R0,R0,sc00,T0,147,367,c222,['c222'],1.0
train_R0,228,G06,train,mid,R0,R0,sc00,T0,189,472,c220,"['c220', 'c222', 'c322']",0.45
train_R0,228,G06,train,mid,R0,R0,sc00,T0,231,577,c322,"['c221', 'c322']",0.75
train_R0,229,G06,train,mid,R0,R0,sc01,T1,20,50,c221,"['c221', 'c222']",0.725
train_R0,229,G06,train,mid,R0,R0,sc01,T1,62,155,c222,"['c022', 'c222', 'c224']",0.45
train_R0,229,G06,train,mid,R0,R0,sc01,T1,104,260,c322,"['c222', 'c322']",0.725
train_R0,229,G06,train,mid,R0,R0,sc01,T1,147,367,c222,"['c221', 'c222']",0.6
train_R0,229,G06,train,mid,R0,R0,sc01,T1,189,472,c202,"['c202', 'c224']",0.55
train_R0,229,G06,train,mid,R0,R0,sc01,T1,231,577,c122,"['c122', 'c232']",0.6
train_R0,230,G06,train,mid,R0,R0,sc02,T2,20,50,c322,"['c122', 'c322']",0.725
train_R0,230,G06,train,mid,R0,R0,sc02,T2,62,155,c422,"['c222', 'c422']",0.725
train_R0,230,G06,train,mid,R0,R0,sc02,T2,104,260,c422,"['c220', 'c222', 'c422']",0.425
train_R0,230,G06,train,mid,R0,R0,sc02,T2,147,367,c222,"['c122', 'c220', 'c222']",0.475
train_R0,230,G06,train,mid,R0,R0,sc02,T2,189,472,c220,"['c212', 'c220', 'c322']",0.6
train_R0,230,G06,train,mid,R0,R0,sc02,T2,231,577,c212,['c212'],1.0
train_R0,231,G06,train,mid,R0,R0,sc03,T3,20,50,c221,"['c221', 'c224']",0.575
train_R0,231,G06,train,mid,R0,R0,sc03,T3,62,155,c224,"['c220', 'c222', 'c224']",0.6
train_R0,231,G06,train,mid,R0,R0,sc03,T3,105,262,c220,"['c202', 'c220', 'c242']",0.475
train_R0,231,G06,train,mid,R0,R0,sc03,T3,147,367,c242,"['c022', 'c122', 'c242']",0.45
train_R0,231,G06,train,mid,R0,R0,sc03,T3,190,475,c022,"['c022', 'c202']",0.75
train_R0,231,G06,train,mid,R0,R0,sc03,T3,232,580,c221,"['c212', 'c221']",0.7692307692307693
train_R0,232,G06,train,mid,R0,R0,sc04,T4,20,50,c212,"['c212', 'c223']",0.575
train_R0,232,G06,train,mid,R0,R0,sc04,T4,62,155,c223,"['c212', 'c223', 'c242']",0.75
train_R0,232,G06,train,mid,R0,R0,sc04,T4,104,260,c242,"['c022', 'c242', 'c422']",0.6
train_R0,232,G06,train,mid,R0,R0,sc04,T4,147,367,c422,"['c022', 'c422']",0.6
train_R0,232,G06,train,mid,R0,R0,sc04,T4,189,472,c223,"['c223', 'c232']",0.7
train_R0,232,G06,train,mid,R0,R0,sc04,T4,231,577,c242,"['c122', 'c242']",0.55
train_R0,233,G06,train,mid,R0,R0,sc05,T5,20,50,c222,"['c222', 'c224', 'c242']",0.6
train_R0,233,G06,train,mid,R0,R0,sc05,T5,62,155,c242,"['c222', 'c242']",0.725
train_R0,233,G06,train,mid,R0,R0,sc05,T5,104,260,c223,"['c202', 'c223']",0.725
train_R0,233,G06,train,mid,R0,R0,sc05,T5,147,367,c202,"['c202', 'c222', 'c422']",0.45
train_R0,233,G06,train,mid,R0,R0,sc05,T5,189,472,c222,"['c202', 'c222', 'c422']",0.75
train_R0,233,G06,train,mid,R0,R0,sc05,T5,231,577,c422,"['c220', 'c232', 'c422']",0.45
train_R0,216,G06,train,nominal,R0,R0,sc00,T0,20,50,c322,"['c223', 'c232', 'c322']",0.425
train_R0,216,G06,train,nominal,R0,R0,sc00,T0,62,155,c242,"['c222', 'c242']",0.575
train_R0,216,G06,train,nominal,R0,R0,sc00,T0,104,260,c224,"['c222', 'c224']",0.575
train_R0,216,G06,train,nominal,R0,R0,sc00,T0,147,367,c222,['c222'],1.0
train_R0,216,G06,train,nominal,R0,R0,sc00,T0,189,472,c220,"['c220', 'c222', 'c322']",0.45
train_R0,216,G06,train,nominal,R0,R0,sc00,T0,231,577,c322,"['c221', 'c322']",0.75
train_R0,217,G06,train,nominal,R0,R0,sc01,T1,20,50,c221,"['c221', 'c222']",0.725
train_R0,217,G06,train,nominal,R0,R0,sc01,T1,62,155,c222,"['c022', 'c222', 'c224']",0.45
train_R0,217,G06,train,nominal,R0,R0,sc01,T1,104,260,c322,"['c222', 'c322']",0.725
train_R0,217,G06,train,nominal,R0,R0,sc01,T1,147,367,c222,"['c221', 'c222']",0.6
train_R0,217,G06,train,nominal,R0,R0,sc01,T1,189,472,c202,"['c202', 'c224']",0.55
train_R0,217,G06,train,nominal,R0,R0,sc01,T1,231,577,c122,"['c122', 'c232']",0.6
train_R0,218,G06,train,nominal,R0,R0,sc02,T2,20,50,c322,"['c122', 'c322']",0.725
train_R0,218,G06,train,nominal,R0,R0,sc02,T2,62,155,c422,"['c222', 'c422']",0.725
train_R0,218,G06,train,nominal,R0,R0,sc02,T2,104,260,c422,"['c220', 'c222', 'c422']",0.425
train_R0,218,G06,train,nominal,R0,R0,sc02,T2,147,367,c222,"['c122', 'c220', 'c222']",0.475
train_R0,218,G06,train,nominal,R0,R0,sc02,T2,189,472,c220,"['c212', 'c220', 'c322']",0.6
train_R0,218,G06,train,nominal,R0,R0,sc02,T2,231,577,c212,['c212'],1.0
train_R0,219,G06,train,nominal,R0,R0,sc03,T3,20,50,c221,"['c221', 'c224']",0.575
train_R0,219,G06,train,nominal,R0,R0,sc03,T3,62,155,c224,"['c220', 'c222', 'c224']",0.6
train_R0,219,G06,train,nominal,R0,R0,sc03,T3,105,262,c220,"['c202', 'c220', 'c242']",0.475
train_R0,219,G06,train,nominal,R0,R0,sc03,T3,147,367,c242,"['c022', 'c122', 'c242']",0.45
train_R0,219,G06,train,nominal,R0,R0,sc03,T3,190,475,c022,"['c022', 'c202']",0.75
train_R0,219,G06,train,nominal,R0,R0,sc03,T3,232,580,c221,"['c212', 'c221']",0.7692307692307693
train_R0,220,G06,train,nominal,R0,R0,sc04,T4,20,50,c212,"['c212', 'c223']",0.575
train_R0,220,G06,train,nominal,R0,R0,sc04,T4,62,155,c223,"['c212', 'c223', 'c242']",0.75
train_R0,220,G06,train,nominal,R0,R0,sc04,T4,104,260,c242,"['c022', 'c242', 'c422']",0.6
train_R0,220,G06,train,nominal,R0,R0,sc04,T4,147,367,c422,"['c022', 'c422']",0.6
train_R0,220,G06,train,nominal,R0,R0,sc04,T4,189,472,c223,"['c223', 'c232']",0.7
train_R0,220,G06,train,nominal,R0,R0,sc04,T4,231,577,c242,"['c122', 'c242']",0.55
train_R0,221,G06,train,nominal,R0,R0,sc05,T5,20,50,c222,"['c222', 'c224', 'c242']",0.6
train_R0,221,G06,train,nominal,R0,R0,sc05,T5,62,155,c242,"['c222', 'c242']",0.725
train_R0,221,G06,train,nominal,R0,R0,sc05,T5,104,260,c223,"['c202', 'c223']",0.725
train_R0,221,G06,train,nominal,R0,R0,sc05,T5,147,367,c202,"['c202', 'c222', 'c422']",0.45
train_R0,221,G06,train,nominal,R0,R0,sc05,T5,189,472,c222,"['c202', 'c222', 'c422']",0.75
train_R0,221,G06,train,nominal,R0,R0,sc05,T5,231,577,c422,"['c220', 'c232', 'c422']",0.45
train_R0,276,G07,train,low,R0,R0,sc00,T0,20,50,c221,"['c221', 'c222', 'c422']",0.425
train_R0,276,G07,train,low,R0,R0,sc00,T0,62,155,c220,"['c220', 'c232']",0.575
train_R0,276,G07,train,low,R0,R0,sc00,T0,104,260,c222,"['c221', 'c222']",0.575
train_R0,276,G07,train,low,R0,R0,sc00,T0,147,367,c221,"['c221', 'c222']",0.75
train_R0,276,G07,train,low,R0,R0,sc00,T0,189,472,c202,"['c022', 'c202', 'c224']",0.45
train_R0,276,G07,train,low,R0,R0,sc00,T0,231,577,c022,"['c022', 'c322']",0.75
train_R0,277,G07,train,low,R0,R0,sc01,T1,20,50,c022,"['c022', 'c202']",0.725
train_R0,277,G07,train,low,R0,R0,sc01,T1,62,155,c202,"['c202', 'c212', 'c322']",0.45
train_R0,277,G07,train,low,R0,R0,sc01,T1,104,260,c232,"['c232', 'c322']",0.725
train_R0,277,G07,train,low,R0,R0,sc01,T1,147,367,c322,"['c212', 'c322']",0.6
train_R0,277,G07,train,low,R0,R0,sc01,T1,189,472,c422,"['c322', 'c422']",0.55
train_R0,277,G07,train,low,R0,R0,sc01,T1,231,577,c212,"['c202', 'c212', 'c220']",0.4
train_R0,278,G07,train,low,R0,R0,sc02,T2,20,50,c242,"['c222', 'c242']",0.725
train_R0,278,G07,train,low,R0,R0,sc02,T2,62,155,c223,"['c223', 'c242']",0.725
train_R0,278,G07,train,low,R0,R0,sc02,T2,104,260,c202,"['c202', 'c222']",0.575
train_R0,278,G07,train,low,R0,R0,sc02,T2,147,367,c222,"['c222', 'c242']",0.525
train_R0,278,G07,train,low,R0,R0,sc02,T2,189,472,c222,"['c221', 'c222', 'c232']",0.6
train_R0,278,G07,train,low,R0,R0,sc02,T2,231,577,c232,"['c222', 'c232']",0.75
train_R0,279,G07,train,low,R0,R0,sc03,T3,20,50,c232,"['c232', 'c422']",0.575
train_R0,279,G07,train,low,R0,R0,sc03,T3,62,155,c422,"['c122', 'c422']",0.725
train_R0,279,G07,train,low,R0,R0,sc03,T3,105,262,c122,"['c122', 'c224', 'c422']",0.475
train_R0,279,G07,train,low,R0,R0,sc03,T3,147,367,c224,"['c212', 'c222', 'c224']",0.45
train_R0,279,G07,train,low,R0,R0,sc03,T3,190,475,c322,"['c223', 'c322']",0.75
train_R0,279,G07,train,low,R0,R0,sc03,T3,232,580,c223,"['c212', 'c223']",0.7692307692307693
train_R0,280,G07,train,low,R0,R0,sc04,T4,20,50,c224,"['c223', 'c224', 'c242']",0.425
train_R0,280,G07,train,low,R0,R0,sc04,T4,62,155,c223,"['c220', 'c223', 'c422']",0.75
train_R0,280,G07,train,low,R0,R0,sc04,T4,104,260,c422,"['c221', 'c222', 'c422']",0.6
train_R0,280,G07,train,low,R0,R0,sc04,T4,147,367,c221,"['c221', 'c222']",0.6
train_R0,280,G07,train,low,R0,R0,sc04,T4,189,472,c224,"['c022', 'c224']",0.7
train_R0,280,G07,train,low,R0,R0,sc04,T4,231,577,c122,"['c122', 'c220']",0.55
train_R0,281,G07,train,low,R0,R0,sc05,T5,20,50,c223,"['c202', 'c222', 'c223']",0.6
train_R0,281,G07,train,low,R0,R0,sc05,T5,62,155,c202,"['c122', 'c202']",0.725
train_R0,281,G07,train,low,R0,R0,sc05,T5,104,260,c022,"['c022', 'c220']",0.725
train_R0,281,G07,train,low,R0,R0,sc05,T5,147,367,c220,"['c122', 'c220', 'c221']",0.45
train_R0,281,G07,train,low,R0,R0,sc05,T5,189,472,c122,"['c022', 'c122', 'c224']",0.75
train_R0,281,G07,train,low,R0,R0,sc05,T5,231,577,c022,"['c022', 'c232', 'c242']",0.45
train_R0,264,G07,train,mid,R0,R0,sc00,T0,20,50,c221,"['c221', 'c222', 'c422']",0.425
train_R0,264,G07,train,mid,R0,R0,sc00,T0,62,155,c220,"['c220', 'c232']",0.575
train_R0,264,G07,train,mid,R0,R0,sc00,T0,104,260,c222,"['c221', 'c222']",0.575
train_R0,264,G07,train,mid,R0,R0,sc00,T0,147,367,c221,"['c221', 'c222']",0.75
train_R0,264,G07,train,mid,R0,R0,sc00,T0,189,472,c202,"['c022', 'c202', 'c224']",0.45
train_R0,264,G07,train,mid,R0,R0,sc00,T0,231,577,c022,"['c022', 'c322']",0.75
train_R0,265,G07,train,mid,R0,R0,sc01,T1,20,50,c022,"['c022', 'c202']",0.725
train_R0,265,G07,train,mid,R0,R0,sc01,T1,62,155,c202,"['c202', 'c212', 'c322']",0.45
train_R0,265,G07,train,mid,R0,R0,sc01,T1,104,260,c232,"['c232', 'c322']",0.725
train_R0,265,G07,train,mid,R0,R0,sc01,T1,147,367,c322,"['c212', 'c322']",0.6
train_R0,265,G07,train,mid,R0,R0,sc01,T1,189,472,c422,"['c322', 'c422']",0.55
train_R0,265,G07,train,mid,R0,R0,sc01,T1,231,577,c212,"['c202', 'c212', 'c220']",0.4
train_R0,266,G07,train,mid,R0,R0,sc02,T2,20,50,c242,"['c222', 'c242']",0.725
train_R0,266,G07,train,mid,R0,R0,sc02,T2,62,155,c223,"['c223', 'c242']",0.725
train_R0,266,G07,train,mid,R0,R0,sc02,T2,104,260,c202,"['c202', 'c222']",0.575
train_R0,266,G07,train,mid,R0,R0,sc02,T2,147,367,c222,"['c222', 'c242']",0.525
train_R0,266,G07,train,mid,R0,R0,sc02,T2,189,472,c222,"['c221', 'c222', 'c232']",0.6
train_R0,266,G07,train,mid,R0,R0,sc02,T2,231,577,c232,"['c222', 'c232']",0.75
train_R0,267,G07,train,mid,R0,R0,sc03,T3,20,50,c232,"['c232', 'c422']",0.575
train_R0,267,G07,train,mid,R0,R0,sc03,T3,62,155,c422,"['c122', 'c422']",0.725
train_R0,267,G07,train,mid,R0,R0,sc03,T3,105,262,c122,"['c122', 'c224', 'c422']",0.475
train_R0,267,G07,train,mid,R0,R0,sc03,T3,147,367,c224,"['c212', 'c222', 'c224']",0.45
train_R0,267,G07,train,mid,R0,R0,sc03,T3,190,475,c322,"['c223', 'c322']",0.75
train_R0,267,G07,train,mid,R0,R0,sc03,T3,232,580,c223,"['c212', 'c223']",0.7692307692307693
train_R0,268,G07,train,mid,R0,R0,sc04,T4,20,50,c224,"['c223', 'c224', 'c242']",0.425
train_R0,268,G07,train,mid,R0,R0,sc04,T4,62,155,c223,"['c220', 'c223', 'c422']",0.75
train_R0,268,G07,train,mid,R0,R0,sc04,T4,104,260,c422,"['c221', 'c222', 'c422']",0.6
train_R0,268,G07,train,mid,R0,R0,sc04,T4,147,367,c221,"['c221', 'c222']",0.6
train_R0,268,G07,train,mid,R0,R0,sc04,T4,189,472,c224,"['c022', 'c224']",0.7
train_R0,268,G07,train,mid,R0,R0,sc04,T4,231,577,c122,"['c122', 'c220']",0.55
train_R0,269,G07,train,mid,R0,R0,sc05,T5,20,50,c223,"['c202', 'c222', 'c223']",0.6
train_R0,269,G07,train,mid,R0,R0,sc05,T5,62,155,c202,"['c122', 'c202']",0.725
train_R0,269,G07,train,mid,R0,R0,sc05,T5,104,260,c022,"['c022', 'c220']",0.725
train_R0,269,G07,train,mid,R0,R0,sc05,T5,147,367,c220,"['c122', 'c220', 'c221']",0.45
train_R0,269,G07,train,mid,R0,R0,sc05,T5,189,472,c122,"['c022', 'c122', 'c224']",0.75
train_R0,269,G07,train,mid,R0,R0,sc05,T5,231,577,c022,"['c022', 'c232', 'c242']",0.45
train_R0,252,G07,train,nominal,R0,R0,sc00,T0,20,50,c221,"['c221', 'c222', 'c422']",0.425
train_R0,252,G07,train,nominal,R0,R0,sc00,T0,62,155,c220,"['c220', 'c232']",0.575
train_R0,252,G07,train,nominal,R0,R0,sc00,T0,104,260,c222,"['c221', 'c222']",0.575
train_R0,252,G07,train,nominal,R0,R0,sc00,T0,147,367,c221,"['c221', 'c222']",0.75
train_R0,252,G07,train,nominal,R0,R0,sc00,T0,189,472,c202,"['c022', 'c202', 'c224']",0.45
train_R0,252,G07,train,nominal,R0,R0,sc00,T0,231,577,c022,"['c022', 'c322']",0.75
train_R0,253,G07,train,nominal,R0,R0,sc01,T1,20,50,c022,"['c022', 'c202']",0.725
train_R0,253,G07,train,nominal,R0,R0,sc01,T1,62,155,c202,"['c202', 'c212', 'c322']",0.45
train_R0,253,G07,train,nominal,R0,R0,sc01,T1,104,260,c232,"['c232', 'c322']",0.725
train_R0,253,G07,train,nominal,R0,R0,sc01,T1,147,367,c322,"['c212', 'c322']",0.6
train_R0,253,G07,train,nominal,R0,R0,sc01,T1,189,472,c422,"['c322', 'c422']",0.55
train_R0,253,G07,train,nominal,R0,R0,sc01,T1,231,577,c212,"['c202', 'c212', 'c220']",0.4
train_R0,254,G07,train,nominal,R0,R0,sc02,T2,20,50,c242,"['c222', 'c242']",0.725
train_R0,254,G07,train,nominal,R0,R0,sc02,T2,62,155,c223,"['c223', 'c242']",0.725
train_R0,254,G07,train,nominal,R0,R0,sc02,T2,104,260,c202,"['c202', 'c222']",0.575
train_R0,254,G07,train,nominal,R0,R0,sc02,T2,147,367,c222,"['c222', 'c242']",0.525
train_R0,254,G07,train,nominal,R0,R0,sc02,T2,189,472,c222,"['c221', 'c222', 'c232']",0.6
train_R0,254,G07,train,nominal,R0,R0,sc02,T2,231,577,c232,"['c222', 'c232']",0.75
train_R0,255,G07,train,nominal,R0,R0,sc03,T3,20,50,c232,"['c232', 'c422']",0.575
train_R0,255,G07,train,nominal,R0,R0,sc03,T3,62,155,c422,"['c122', 'c422']",0.725
train_R0,255,G07,train,nominal,R0,R0,sc03,T3,105,262,c122,"['c122', 'c224', 'c422']",0.475
train_R0,255,G07,train,nominal,R0,R0,sc03,T3,147,367,c224,"['c212', 'c222', 'c224']",0.45
train_R0,255,G07,train,nominal,R0,R0,sc03,T3,190,475,c322,"['c223', 'c322']",0.75
train_R0,255,G07,train,nominal,R0,R0,sc03,T3,232,580,c223,"['c212', 'c223']",0.7692307692307693
train_R0,256,G07,train,nominal,R0,R0,sc04,T4,20,50,c224,"['c223', 'c224', 'c242']",0.425
train_R0,256,G07,train,nominal,R0,R0,sc04,T4,62,155,c223,"['c220', 'c223', 'c422']",0.75
train_R0,256,G07,train,nominal,R0,R0,sc04,T4,104,260,c422,"['c221', 'c222', 'c422']",0.6
train_R0,256,G07,train,nominal,R0,R0,sc04,T4,147,367,c221,"['c221', 'c222']",0.6
train_R0,256,G07,train,nominal,R0,R0,sc04,T4,189,472,c224,"['c022', 'c224']",0.7
train_R0,256,G07,train,nominal,R0,R0,sc04,T4,231,577,c122,"['c122', 'c220']",0.55
train_R0,257,G07,train,nominal,R0,R0,sc05,T5,20,50,c223,"['c202', 'c222', 'c223']",0.6
train_R0,257,G07,train,nominal,R0,R0,sc05,T5,62,155,c202,"['c122', 'c202']",0.725
train_R0,257,G07,train,nominal,R0,R0,sc05,T5,104,260,c022,"['c022', 'c220']",0.725
train_R0,257,G07,train,nominal,R0,R0,sc05,T5,147,367,c220,"['c122', 'c220', 'c221']",0.45
train_R0,257,G07,train,nominal,R0,R0,sc05,T5,189,472,c122,"['c022', 'c122', 'c224']",0.75
train_R0,257,G07,train,nominal,R0,R0,sc05,T5,231,577,c022,"['c022', 'c232', 'c242']",0.45
train_R0,312,G08,train,low,R0,R0,sc00,T0,20,50,c222,"['c202', 'c222']",0.725
train_R0,312,G08,train,low,R0,R0,sc00,T0,62,155,c222,['c222'],1.0
train_R0,312,G08,train,low,R0,R0,sc00,T0,104,260,c242,"['c224', 'c242']",0.575
train_R0,312,G08,train,low,R0,R0,sc00,T0,147,367,c224,"['c224', 'c322']",0.75
train_R0,312,G08,train,low,R0,R0,sc00,T0,189,472,c224,"['c122', 'c224', 'c242']",0.45
train_R0,312,G08,train,low,R0,R0,sc00,T0,231,577,c122,"['c122', 'c222']",0.75
train_R0,313,G08,train,low,R0,R0,sc01,T1,20,50,c232,"['c232', 'c422']",0.725
train_R0,313,G08,train,low,R0,R0,sc01,T1,62,155,c422,"['c232', 'c322', 'c422']",0.45
train_R0,313,G08,train,low,R0,R0,sc01,T1,104,260,c242,"['c224', 'c242']",0.725
train_R0,313,G08,train,low,R0,R0,sc01,T1,147,367,c224,"['c221', 'c224']",0.6
train_R0,313,G08,train,low,R0,R0,sc01,T1,189,472,c212,"['c212', 'c422']",0.55
train_R0,313,G08,train,low,R0,R0,sc01,T1,231,577,c322,"['c022', 'c122', 'c322']",0.4
train_R0,314,G08,train,low,R0,R0,sc02,T2,20,50,c422,"['c122', 'c422']",0.725
train_R0,314,G08,train,low,R0,R0,sc02,T2,62,155,c202,"['c202', 'c222']",0.725
train_R0,314,G08,train,low,R0,R0,sc02,T2,104,260,c224,"['c221', 'c223', 'c224']",0.425
train_R0,314,G08,train,low,R0,R0,sc02,T2,147,367,c223,"['c220', 'c223', 'c232']",0.475
train_R0,314,G08,train,low,R0,R0,sc02,T2,189,472,c220,"['c022', 'c220', 'c221']",0.6
train_R0,314,G08,train,low,R0,R0,sc02,T2,231,577,c022,"['c022', 'c223']",0.75
train_R0,315,G08,train,low,R0,R0,sc03,T3,20,50,c212,"['c022', 'c212']",0.575
train_R0,315,G08,train,low,R0,R0,sc03,T3,62,155,c022,"['c022', 'c224', 'c232']",0.6
train_R0,315,G08,train,low,R0,R0,sc03,T3,105,262,c232,"['c221', 'c222', 'c232']",0.475
train_R0,315,G08,train,low,R0,R0,sc03,T3,147,367,c222,"['c220', 'c222', 'c422']",0.45
train_R0,315,G08,train,low,R0,R0,sc03,T3,190,475,c222,"['c222', 'c322']",0.75
train_R0,315,G08,train,low,R0,R0,sc03,T3,232,580,c222,"['c222', 'c242']",0.7692307692307693
train_R0,316,G08,train,low,R0,R0,sc04,T4,20,50,c122,"['c122', 'c220']",0.725
train_R0,316,G08,train,low,R0,R0,sc04,T4,62,155,c220,"['c220', 'c222']",0.75
train_R0,316,G08,train,low,R0,R0,sc04,T4,104,260,c220,"['c220', 'c223', 'c232']",0.6
train_R0,316,G08,train,low,R0,R0,sc04,T4,147,367,c223,['c223'],1.0
train_R0,316,G08,train,low,R0,R0,sc04,T4,189,472,c222,"['c222', 'c322']",0.7
train_R0,316,G08,train,low,R0,R0,sc04,T4,231,577,c212,"['c022', 'c212']",0.55
train_R0,317,G08,train,low,R0,R0,sc05,T5,20,50,c212,"['c212', 'c222']",0.725
train_R0,317,G08,train,low,R0,R0,sc05,T5,62,155,c222,"['c212', 'c222']",0.725
train_R0,317,G08,train,low,R0,R0,sc05,T5,104,260,c221,"['c220', 'c221']",0.725
train_R0,317,G08,train,low,R0,R0,sc05,T5,147,367,c220,"['c202', 'c220', 'c223']",0.45
train_R0,317,G08,train,low,R0,R0,sc05,T5,189,472,c223,"['c202', 'c223', 'c242']",0.75
train_R0,317,G08,train,low,R0,R0,sc05,T5,231,577,c202,"['c022', 'c202', 'c422']",0.45
train_R0,300,G08,train,mid,R0,R0,sc00,T0,20,50,c222,"['c202', 'c222']",0.725
train_R0,300,G08,train,mid,R0,R0,sc00,T0,62,155,c222,['c222'],1.0
train_R0,300,G08,train,mid,R0,R0,sc00,T0,104,260,c242,"['c224', 'c242']",0.575
train_R0,300,G08,train,mid,R0,R0,sc00,T0,147,367,c224,"['c224', 'c322']",0.75
train_R0,300,G08,train,mid,R0,R0,sc00,T0,189,472,c224,"['c122', 'c224', 'c242']",0.45
train_R0,300,G08,train,mid,R0,R0,sc00,T0,231,577,c122,"['c122', 'c222']",0.75
train_R0,301,G08,train,mid,R0,R0,sc01,T1,20,50,c232,"['c232', 'c422']",0.725
train_R0,301,G08,train,mid,R0,R0,sc01,T1,62,155,c422,"['c232', 'c322', 'c422']",0.45
train_R0,301,G08,train,mid,R0,R0,sc01,T1,104,260,c242,"['c224', 'c242']",0.725
train_R0,301,G08,train,mid,R0,R0,sc01,T1,147,367,c224,"['c221', 'c224']",0.6
train_R0,301,G08,train,mid,R0,R0,sc01,T1,189,472,c212,"['c212', 'c422']",0.55
train_R0,301,G08,train,mid,R0,R0,sc01,T1,231,577,c322,"['c022', 'c122', 'c322']",0.4
train_R0,302,G08,train,mid,R0,R0,sc02,T2,20,50,c422,"['c122', 'c422']",0.725
train_R0,302,G08,train,mid,R0,R0,sc02,T2,62,155,c202,"['c202', 'c222']",0.725
train_R0,302,G08,train,mid,R0,R0,sc02,T2,104,260,c224,"['c221', 'c223', 'c224']",0.425
train_R0,302,G08,train,mid,R0,R0,sc02,T2,147,367,c223,"['c220', 'c223', 'c232']",0.475
train_R0,302,G08,train,mid,R0,R0,sc02,T2,189,472,c220,"['c022', 'c220', 'c221']",0.6
train_R0,302,G08,train,mid,R0,R0,sc02,T2,231,577,c022,"['c022', 'c223']",0.75
train_R0,303,G08,train,mid,R0,R0,sc03,T3,20,50,c212,"['c022', 'c212']",0.575
train_R0,303,G08,train,mid,R0,R0,sc03,T3,62,155,c022,"['c022', 'c224', 'c232']",0.6
train_R0,303,G08,train,mid,R0,R0,sc03,T3,105,262,c232,"['c221', 'c222', 'c232']",0.475
train_R0,303,G08,train,mid,R0,R0,sc03,T3,147,367,c222,"['c220', 'c222', 'c422']",0.45
train_R0,303,G08,train,mid,R0,R0,sc03,T3,190,475,c222,"['c222', 'c322']",0.75
train_R0,303,G08,train,mid,R0,R0,sc03,T3,232,580,c222,"['c222', 'c242']",0.7692307692307693
train_R0,304,G08,train,mid,R0,R0,sc04,T4,20,50,c122,"['c122', 'c220']",0.725
train_R0,304,G08,train,mid,R0,R0,sc04,T4,62,155,c220,"['c220', 'c222']",0.75
train_R0,304,G08,train,mid,R0,R0,sc04,T4,104,260,c220,"['c220', 'c223', 'c232']",0.6
train_R0,304,G08,train,mid,R0,R0,sc04,T4,147,367,c223,['c223'],1.0
train_R0,304,G08,train,mid,R0,R0,sc04,T4,189,472,c222,"['c222', 'c322']",0.7
train_R0,304,G08,train,mid,R0,R0,sc04,T4,231,577,c212,"['c022', 'c212']",0.55
train_R0,305,G08,train,mid,R0,R0,sc05,T5,20,50,c212,"['c212', 'c222']",0.725
train_R0,305,G08,train,mid,R0,R0,sc05,T5,62,155,c222,"['c212', 'c222']",0.725
train_R0,305,G08,train,mid,R0,R0,sc05,T5,104,260,c221,"['c220', 'c221']",0.725
train_R0,305,G08,train,mid,R0,R0,sc05,T5,147,367,c220,"['c202', 'c220', 'c223']",0.45
train_R0,305,G08,train,mid,R0,R0,sc05,T5,189,472,c223,"['c202', 'c223', 'c242']",0.75
train_R0,305,G08,train,mid,R0,R0,sc05,T5,231,577,c202,"['c022', 'c202', 'c422']",0.45
train_R0,288,G08,train,nominal,R0,R0,sc00,T0,20,50,c222,"['c202', 'c222']",0.725
train_R0,288,G08,train,nominal,R0,R0,sc00,T0,62,155,c222,['c222'],1.0
train_R0,288,G08,train,nominal,R0,R0,sc00,T0,104,260,c242,"['c224', 'c242']",0.575
train_R0,288,G08,train,nominal,R0,R0,sc00,T0,147,367,c224,"['c224', 'c322']",0.75
train_R0,288,G08,train,nominal,R0,R0,sc00,T0,189,472,c224,"['c122', 'c224', 'c242']",0.45
train_R0,288,G08,train,nominal,R0,R0,sc00,T0,231,577,c122,"['c122', 'c222']",0.75
train_R0,289,G08,train,nominal,R0,R0,sc01,T1,20,50,c232,"['c232', 'c422']",0.725
train_R0,289,G08,train,nominal,R0,R0,sc01,T1,62,155,c422,"['c232', 'c322', 'c422']",0.45
train_R0,289,G08,train,nominal,R0,R0,sc01,T1,104,260,c242,"['c224', 'c242']",0.725
train_R0,289,G08,train,nominal,R0,R0,sc01,T1,147,367,c224,"['c221', 'c224']",0.6
train_R0,289,G08,train,nominal,R0,R0,sc01,T1,189,472,c212,"['c212', 'c422']",0.55
train_R0,289,G08,train,nominal,R0,R0,sc01,T1,231,577,c322,"['c022', 'c122', 'c322']",0.4
train_R0,290,G08,train,nominal,R0,R0,sc02,T2,20,50,c422,"['c122', 'c422']",0.725
train_R0,290,G08,train,nominal,R0,R0,sc02,T2,62,155,c202,"['c202', 'c222']",0.725
train_R0,290,G08,train,nominal,R0,R0,sc02,T2,104,260,c224,"['c221', 'c223', 'c224']",0.425
train_R0,290,G08,train,nominal,R0,R0,sc02,T2,147,367,c223,"['c220', 'c223', 'c232']",0.475
train_R0,290,G08,train,nominal,R0,R0,sc02,T2,189,472,c220,"['c022', 'c220', 'c221']",0.6
train_R0,290,G08,train,nominal,R0,R0,sc02,T2,231,577,c022,"['c022', 'c223']",0.75
train_R0,291,G08,train,nominal,R0,R0,sc03,T3,20,50,c212,"['c022', 'c212']",0.575
train_R0,291,G08,train,nominal,R0,R0,sc03,T3,62,155,c022,"['c022', 'c224', 'c232']",0.6
train_R0,291,G08,train,nominal,R0,R0,sc03,T3,105,262,c232,"['c221', 'c222', 'c232']",0.475
train_R0,291,G08,train,nominal,R0,R0,sc03,T3,147,367,c222,"['c220', 'c222', 'c422']",0.45
train_R0,291,G08,train,nominal,R0,R0,sc03,T3,190,475,c222,"['c222', 'c322']",0.75
train_R0,291,G08,train,nominal,R0,R0,sc03,T3,232,580,c222,"['c222', 'c242']",0.7692307692307693
train_R0,292,G08,train,nominal,R0,R0,sc04,T4,20,50,c122,"['c122', 'c220']",0.725
train_R0,292,G08,train,nominal,R0,R0,sc04,T4,62,155,c220,"['c220', 'c222']",0.75
train_R0,292,G08,train,nominal,R0,R0,sc04,T4,104,260,c220,"['c220', 'c223', 'c232']",0.6
train_R0,292,G08,train,nominal,R0,R0,sc04,T4,147,367,c223,['c223'],1.0
train_R0,292,G08,train,nominal,R0,R0,sc04,T4,189,472,c222,"['c222', 'c322']",0.7
train_R0,292,G08,train,nominal,R0,R0,sc04,T4,231,577,c212,"['c022', 'c212']",0.55
train_R0,293,G08,train,nominal,R0,R0,sc05,T5,20,50,c212,"['c212', 'c222']",0.725
train_R0,293,G08,train,nominal,R0,R0,sc05,T5,62,155,c222,"['c212', 'c222']",0.725
train_R0,293,G08,train,nominal,R0,R0,sc05,T5,104,260,c221,"['c220', 'c221']",0.725
train_R0,293,G08,train,nominal,R0,R0,sc05,T5,147,367,c220,"['c202', 'c220', 'c223']",0.45
train_R0,293,G08,train,nominal,R0,R0,sc05,T5,189,472,c223,"['c202', 'c223', 'c242']",0.75
train_R0,293,G08,train,nominal,R0,R0,sc05,T5,231,577,c202,"['c022', 'c202', 'c422']",0.45
train_R0,348,G09,train,low,R0,R0,sc00,T0,20,50,c220,"['c212', 'c220', 'c222']",0.425
train_R0,348,G09,train,low,R0,R0,sc00,T0,62,155,c222,"['c212', 'c222']",0.575
train_R0,348,G09,train,low,R0,R0,sc00,T0,104,260,c221,"['c221', 'c242']",0.575
train_R0,348,G09,train,low,R0,R0,sc00,T0,147,367,c242,"['c224', 'c242']",0.75
train_R0,348,G09,train,low,R0,R0,sc00,T0,189,472,c220,"['c220', 'c223']",0.7
train_R0,348,G09,train,low,R0,R0,sc00,T0,231,577,c223,"['c221', 'c223']",0.75
train_R0,349,G09,train,low,R0,R0,sc01,T1,20,50,c232,"['c223', 'c232']",0.725
train_R0,349,G09,train,low,R0,R0,sc01,T1,62,155,c223,"['c222', 'c223', 'c224']",0.45
train_R0,349,G09,train,low,R0,R0,sc01,T1,104,260,c242,"['c232', 'c242']",0.725
train_R0,349,G09,train,low,R0,R0,sc01,T1,147,367,c232,"['c232', 'c242']",0.6
train_R0,349,G09,train,low,R0,R0,sc01,T1,189,472,c422,"['c022', 'c422']",0.55
train_R0,349,G09,train,low,R0,R0,sc01,T1,231,577,c222,"['c212', 'c222']",0.7
train_R0,350,G09,train,low,R0,R0,sc02,T2,20,50,c221,"['c122', 'c221']",0.725
train_R0,350,G09,train,low,R0,R0,sc02,T2,62,155,c221,"['c221', 'c224']",0.725
train_R0,350,G09,train,low,R0,R0,sc02,T2,104,260,c212,"['c202', 'c212', 'c222']",0.425
train_R0,350,G09,train,low,R0,R0,sc02,T2,147,367,c202,"['c202', 'c222', 'c322']",0.475
train_R0,350,G09,train,low,R0,R0,sc02,T2,189,472,c322,"['c122', 'c202', 'c322']",0.6
train_R0,350,G09,train,low,R0,R0,sc02,T2,231,577,c122,"['c122', 'c202']",0.75
train_R0,351,G09,train,low,R0,R0,sc03,T3,20,50,c242,"['c232', 'c242']",0.575
train_R0,351,G09,train,low,R0,R0,sc03,T3,62,155,c232,"['c202', 'c222', 'c232']",0.6
train_R0,351,G09,train,low,R0,R0,sc03,T3,105,262,c222,"['c222', 'c322', 'c422']",0.475
train_R0,351,G09,train,low,R0,R0,sc03,T3,147,367,c322,"['c223', 'c232', 'c322']",0.45
train_R0,351,G09,train,low,R0,R0,sc03,T3,190,475,c232,"['c232', 'c422']",0.75
train_R0,351,G09,train,low,R0,R0,sc03,T3,232,580,c224,"['c022', 'c224']",0.7692307692307693
train_R0,352,G09,train,low,R0,R0,sc04,T4,20,50,c222,"['c122', 'c222']",0.7
train_R0,352,G09,train,low,R0,R0,sc04,T4,62,155,c222,"['c022', 'c222', 'c422']",0.75
train_R0,352,G09,train,low,R0,R0,sc04,T4,104,260,c422,"['c242', 'c322', 'c422']",0.6
train_R0,352,G09,train,low,R0,R0,sc04,T4,147,367,c322,['c322'],1.0
train_R0,352,G09,train,low,R0,R0,sc04,T4,189,472,c122,"['c122', 'c223']",0.7
train_R0,352,G09,train,low,R0,R0,sc04,T4,231,577,c212,"['c212', 'c222']",0.55
train_R0,353,G09,train,low,R0,R0,sc05,T5,20,50,c221,"['c122', 'c221', 'c223']",0.6
train_R0,353,G09,train,low,R0,R0,sc05,T5,62,155,c223,"['c223', 'c322']",0.725
train_R0,353,G09,train,low,R0,R0,sc05,T5,104,260,c022,"['c022', 'c220']",0.725
train_R0,353,G09,train,low,R0,R0,sc05,T5,147,367,c220,"['c022', 'c220']",0.55
train_R0,353,G09,train,low,R0,R0,sc05,T5,189,472,c022,"['c022', 'c222', 'c224']",0.75
train_R0,353,G09,train,low,R0,R0,sc05,T5,231,577,c224,"['c202', 'c224', 'c422']",0.45
train_R0,336,G09,train,mid,R0,R0,sc00,T0,20,50,c220,"['c212', 'c220', 'c222']",0.425
train_R0,336,G09,train,mid,R0,R0,sc00,T0,62,155,c222,"['c212', 'c222']",0.575
train_R0,336,G09,train,mid,R0,R0,sc00,T0,104,260,c221,"['c221', 'c242']",0.575
train_R0,336,G09,train,mid,R0,R0,sc00,T0,147,367,c242,"['c224', 'c242']",0.75
train_R0,336,G09,train,mid,R0,R0,sc00,T0,189,472,c220,"['c220', 'c223']",0.7
train_R0,336,G09,train,mid,R0,R0,sc00,T0,231,577,c223,"['c221', 'c223']",0.75
train_R0,337,G09,train,mid,R0,R0,sc01,T1,20,50,c232,"['c223', 'c232']",0.725
train_R0,337,G09,train,mid,R0,R0,sc01,T1,62,155,c223,"['c222', 'c223', 'c224']",0.45
train_R0,337,G09,train,mid,R0,R0,sc01,T1,104,260,c242,"['c232', 'c242']",0.725
train_R0,337,G09,train,mid,R0,R0,sc01,T1,147,367,c232,"['c232', 'c242']",0.6
train_R0,337,G09,train,mid,R0,R0,sc01,T1,189,472,c422,"['c022', 'c422']",0.55
train_R0,337,G09,train,mid,R0,R0,sc01,T1,231,577,c222,"['c212', 'c222']",0.7
train_R0,338,G09,train,mid,R0,R0,sc02,T2,20,50,c221,"['c122', 'c221']",0.725
train_R0,338,G09,train,mid,R0,R0,sc02,T2,62,155,c221,"['c221', 'c224']",0.725
train_R0,338,G09,train,mid,R0,R0,sc02,T2,104,260,c212,"['c202', 'c212', 'c222']",0.425
train_R0,338,G09,train,mid,R0,R0,sc02,T2,147,367,c202,"['c202', 'c222', 'c322']",0.475
train_R0,338,G09,train,mid,R0,R0,sc02,T2,189,472,c322,"['c122', 'c202', 'c322']",0.6
train_R0,338,G09,train,mid,R0,R0,sc02,T2,231,577,c122,"['c122', 'c202']",0.75
train_R0,339,G09,train,mid,R0,R0,sc03,T3,20,50,c242,"['c232', 'c242']",0.575
train_R0,339,G09,train,mid,R0,R0,sc03,T3,62,155,c232,"['c202', 'c222', 'c232']",0.6
train_R0,339,G09,train,mid,R0,R0,sc03,T3,105,262,c222,"['c222', 'c322', 'c422']",0.475
train_R0,339,G09,train,mid,R0,R0,sc03,T3,147,367,c322,"['c223', 'c232', 'c322']",0.45
train_R0,339,G09,train,mid,R0,R0,sc03,T3,190,475,c232,"['c232', 'c422']",0.75
train_R0,339,G09,train,mid,R0,R0,sc03,T3,232,580,c224,"['c022', 'c224']",0.7692307692307693
train_R0,340,G09,train,mid,R0,R0,sc04,T4,20,50,c222,"['c122', 'c222']",0.7
train_R0,340,G09,train,mid,R0,R0,sc04,T4,62,155,c222,"['c022', 'c222', 'c422']",0.75
train_R0,340,G09,train,mid,R0,R0,sc04,T4,104,260,c422,"['c242', 'c322', 'c422']",0.6
train_R0,340,G09,train,mid,R0,R0,sc04,T4,147,367,c322,['c322'],1.0
train_R0,340,G09,train,mid,R0,R0,sc04,T4,189,472,c122,"['c122', 'c223']",0.7
train_R0,340,G09,train,mid,R0,R0,sc04,T4,231,577,c212,"['c212', 'c222']",0.55
train_R0,341,G09,train,mid,R0,R0,sc05,T5,20,50,c221,"['c122', 'c221', 'c223']",0.6
train_R0,341,G09,train,mid,R0,R0,sc05,T5,62,155,c223,"['c223', 'c322']",0.725
train_R0,341,G09,train,mid,R0,R0,sc05,T5,104,260,c022,"['c022', 'c220']",0.725
train_R0,341,G09,train,mid,R0,R0,sc05,T5,147,367,c220,"['c022', 'c220']",0.55
train_R0,341,G09,train,mid,R0,R0,sc05,T5,189,472,c022,"['c022', 'c222', 'c224']",0.75
train_R0,341,G09,train,mid,R0,R0,sc05,T5,231,577,c224,"['c202', 'c224', 'c422']",0.45
train_R0,324,G09,train,nominal,R0,R0,sc00,T0,20,50,c220,"['c212', 'c220', 'c222']",0.425
train_R0,324,G09,train,nominal,R0,R0,sc00,T0,62,155,c222,"['c212', 'c222']",0.575
train_R0,324,G09,train,nominal,R0,R0,sc00,T0,104,260,c221,"['c221', 'c242']",0.575
train_R0,324,G09,train,nominal,R0,R0,sc00,T0,147,367,c242,"['c224', 'c242']",0.75
train_R0,324,G09,train,nominal,R0,R0,sc00,T0,189,472,c220,"['c220', 'c223']",0.7
train_R0,324,G09,train,nominal,R0,R0,sc00,T0,231,577,c223,"['c221', 'c223']",0.75
train_R0,325,G09,train,nominal,R0,R0,sc01,T1,20,50,c232,"['c223', 'c232']",0.725
train_R0,325,G09,train,nominal,R0,R0,sc01,T1,62,155,c223,"['c222', 'c223', 'c224']",0.45
train_R0,325,G09,train,nominal,R0,R0,sc01,T1,104,260,c242,"['c232', 'c242']",0.725
train_R0,325,G09,train,nominal,R0,R0,sc01,T1,147,367,c232,"['c232', 'c242']",0.6
train_R0,325,G09,train,nominal,R0,R0,sc01,T1,189,472,c422,"['c022', 'c422']",0.55
train_R0,325,G09,train,nominal,R0,R0,sc01,T1,231,577,c222,"['c212', 'c222']",0.7
train_R0,326,G09,train,nominal,R0,R0,sc02,T2,20,50,c221,"['c122', 'c221']",0.725
train_R0,326,G09,train,nominal,R0,R0,sc02,T2,62,155,c221,"['c221', 'c224']",0.725
train_R0,326,G09,train,nominal,R0,R0,sc02,T2,104,260,c212,"['c202', 'c212', 'c222']",0.425
train_R0,326,G09,train,nominal,R0,R0,sc02,T2,147,367,c202,"['c202', 'c222', 'c322']",0.475
train_R0,326,G09,train,nominal,R0,R0,sc02,T2,189,472,c322,"['c122', 'c202', 'c322']",0.6
train_R0,326,G09,train,nominal,R0,R0,sc02,T2,231,577,c122,"['c122', 'c202']",0.75
train_R0,327,G09,train,nominal,R0,R0,sc03,T3,20,50,c242,"['c232', 'c242']",0.575
train_R0,327,G09,train,nominal,R0,R0,sc03,T3,62,155,c232,"['c202', 'c222', 'c232']",0.6
train_R0,327,G09,train,nominal,R0,R0,sc03,T3,105,262,c222,"['c222', 'c322', 'c422']",0.475
train_R0,327,G09,train,nominal,R0,R0,sc03,T3,147,367,c322,"['c223', 'c232', 'c322']",0.45
train_R0,327,G09,train,nominal,R0,R0,sc03,T3,190,475,c232,"['c232', 'c422']",0.75
train_R0,327,G09,train,nominal,R0,R0,sc03,T3,232,580,c224,"['c022', 'c224']",0.7692307692307693
train_R0,328,G09,train,nominal,R0,R0,sc04,T4,20,50,c222,"['c122', 'c222']",0.7
train_R0,328,G09,train,nominal,R0,R0,sc04,T4,62,155,c222,"['c022', 'c222', 'c422']",0.75
train_R0,328,G09,train,nominal,R0,R0,sc04,T4,104,260,c422,"['c242', 'c322', 'c422']",0.6
train_R0,328,G09,train,nominal,R0,R0,sc04,T4,147,367,c322,['c322'],1.0
train_R0,328,G09,train,nominal,R0,R0,sc04,T4,189,472,c122,"['c122', 'c223']",0.7
train_R0,328,G09,train,nominal,R0,R0,sc04,T4,231,577,c212,"['c212', 'c222']",0.55
train_R0,329,G09,train,nominal,R0,R0,sc05,T5,20,50,c221,"['c122', 'c221', 'c223']",0.6
train_R0,329,G09,train,nominal,R0,R0,sc05,T5,62,155,c223,"['c223', 'c322']",0.725
train_R0,329,G09,train,nominal,R0,R0,sc05,T5,104,260,c022,"['c022', 'c220']",0.725
train_R0,329,G09,train,nominal,R0,R0,sc05,T5,147,367,c220,"['c022', 'c220']",0.55
train_R0,329,G09,train,nominal,R0,R0,sc05,T5,189,472,c022,"['c022', 'c222', 'c224']",0.75
train_R0,329,G09,train,nominal,R0,R0,sc05,T5,231,577,c224,"['c202', 'c224', 'c422']",0.45
train_R0,384,G10,train,low,R0,R0,sc00,T0,20,50,c212,"['c122', 'c212', 'c222']",0.425
train_R0,384,G10,train,low,R0,R0,sc00,T0,62,155,c223,"['c212', 'c223']",0.575
train_R0,384,G10,train,low,R0,R0,sc00,T0,104,260,c222,"['c222', 'c422']",0.575
train_R0,384,G10,train,low,R0,R0,sc00,T0,147,367,c422,"['c242', 'c422']",0.75
train_R0,384,G10,train,low,R0,R0,sc00,T0,189,472,c222,"['c222', 'c223', 'c242']",0.45
train_R0,384,G10,train,low,R0,R0,sc00,T0,231,577,c223,"['c221', 'c223']",0.75
train_R0,385,G10,train,low,R0,R0,sc01,T1,20,50,c222,"['c222', 'c223']",0.725
train_R0,385,G10,train,low,R0,R0,sc01,T1,62,155,c223,"['c223', 'c224']",0.55
train_R0,385,G10,train,low,R0,R0,sc01,T1,104,260,c322,['c322'],1.0
train_R0,385,G10,train,low,R0,R0,sc01,T1,147,367,c322,"['c222', 'c322']",0.6
train_R0,385,G10,train,low,R0,R0,sc01,T1,189,472,c221,['c221'],1.0
train_R0,385,G10,train,low,R0,R0,sc01,T1,231,577,c220,"['c122', 'c220']",0.6
train_R0,386,G10,train,low,R0,R0,sc02,T2,20,50,c232,"['c022', 'c232']",0.725
train_R0,386,G10,train,low,R0,R0,sc02,T2,62,155,c122,"['c022', 'c122']",0.725
train_R0,386,G10,train,low,R0,R0,sc02,T2,104,260,c224,"['c022', 'c224']",0.725
train_R0,386,G10,train,low,R0,R0,sc02,T2,147,367,c022,"['c022', 'c221', 'c242']",0.475
train_R0,386,G10,train,low,R0,R0,sc02,T2,189,472,c242,"['c202', 'c242', 'c322']",0.6
train_R0,386,G10,train,low,R0,R0,sc02,T2,231,577,c322,"['c222', 'c322']",0.75
train_R0,387,G10,train,low,R0,R0,sc03,T3,20,50,c224,"['c224', 'c232']",0.575
train_R0,387,G10,train,low,R0,R0,sc03,T3,62,155,c232,"['c202', 'c220', 'c232']",0.6
train_R0,387,G10,train,low,R0,R0,sc03,T3,105,262,c220,"['c220', 'c224', 'c422']",0.475
train_R0,387,G10,train,low,R0,R0,sc03,T3,147,367,c224,"['c222', 'c224', 'c422']",0.45
train_R0,387,G10,train,low,R0,R0,sc03,T3,190,475,c422,['c422'],1.0
train_R0,387,G10,train,low,R0,R0,sc03,T3,232,580,c122,"['c122', 'c221']",0.7692307692307693
train_R0,388,G10,train,low,R0,R0,sc04,T4,20,50,c222,"['c022', 'c222', 'c223']",0.425
train_R0,388,G10,train,low,R0,R0,sc04,T4,62,155,c022,"['c022', 'c202', 'c232']",0.75
train_R0,388,G10,train,low,R0,R0,sc04,T4,104,260,c202,"['c202', 'c222', 'c232']",0.6
train_R0,388,G10,train,low,R0,R0,sc04,T4,147,367,c222,"['c222', 'c322']",0.6
train_R0,388,G10,train,low,R0,R0,sc04,T4,189,472,c322,"['c222', 'c322']",0.7
train_R0,388,G10,train,low,R0,R0,sc04,T4,231,577,c212,['c212'],1.0
train_R0,389,G10,train,low,R0,R0,sc05,T5,20,50,c220,"['c220', 'c232']",0.875
train_R0,389,G10,train,low,R0,R0,sc05,T5,62,155,c232,"['c232', 'c242']",0.725
train_R0,389,G10,train,low,R0,R0,sc05,T5,104,260,c222,"['c022', 'c222']",0.725
train_R0,389,G10,train,low,R0,R0,sc05,T5,147,367,c022,"['c022', 'c220', 'c222']",0.45
train_R0,389,G10,train,low,R0,R0,sc05,T5,189,472,c220,"['c202', 'c212', 'c220']",0.75
train_R0,389,G10,train,low,R0,R0,sc05,T5,231,577,c212,"['c202', 'c212', 'c242']",0.45
train_R0,372,G10,train,mid,R0,R0,sc00,T0,20,50,c212,"['c122', 'c212', 'c222']",0.425
train_R0,372,G10,train,mid,R0,R0,sc00,T0,62,155,c223,"['c212', 'c223']",0.575
train_R0,372,G10,train,mid,R0,R0,sc00,T0,104,260,c222,"['c222', 'c422']",0.575
train_R0,372,G10,train,mid,R0,R0,sc00,T0,147,367,c422,"['c242', 'c422']",0.75
train_R0,372,G10,train,mid,R0,R0,sc00,T0,189,472,c222,"['c222', 'c223', 'c242']",0.45
train_R0,372,G10,train,mid,R0,R0,sc00,T0,231,577,c223,"['c221', 'c223']",0.75
train_R0,373,G10,train,mid,R0,R0,sc01,T1,20,50,c222,"['c222', 'c223']",0.725
train_R0,373,G10,train,mid,R0,R0,sc01,T1,62,155,c223,"['c223', 'c224']",0.55
train_R0,373,G10,train,mid,R0,R0,sc01,T1,104,260,c322,['c322'],1.0
train_R0,373,G10,train,mid,R0,R0,sc01,T1,147,367,c322,"['c222', 'c322']",0.6
train_R0,373,G10,train,mid,R0,R0,sc01,T1,189,472,c221,['c221'],1.0
train_R0,373,G10,train,mid,R0,R0,sc01,T1,231,577,c220,"['c122', 'c220']",0.6
train_R0,374,G10,train,mid,R0,R0,sc02,T2,20,50,c232,"['c022', 'c232']",0.725
train_R0,374,G10,train,mid,R0,R0,sc02,T2,62,155,c122,"['c022', 'c122']",0.725
train_R0,374,G10,train,mid,R0,R0,sc02,T2,104,260,c224,"['c022', 'c224']",0.725
train_R0,374,G10,train,mid,R0,R0,sc02,T2,147,367,c022,"['c022', 'c221', 'c242']",0.475
train_R0,374,G10,train,mid,R0,R0,sc02,T2,189,472,c242,"['c202', 'c242', 'c322']",0.6
train_R0,374,G10,train,mid,R0,R0,sc02,T2,231,577,c322,"['c222', 'c322']",0.75
train_R0,375,G10,train,mid,R0,R0,sc03,T3,20,50,c224,"['c224', 'c232']",0.575
train_R0,375,G10,train,mid,R0,R0,sc03,T3,62,155,c232,"['c202', 'c220', 'c232']",0.6
train_R0,375,G10,train,mid,R0,R0,sc03,T3,105,262,c220,"['c220', 'c224', 'c422']",0.475
train_R0,375,G10,train,mid,R0,R0,sc03,T3,147,367,c224,"['c222', 'c224', 'c422']",0.45
train_R0,375,G10,train,mid,R0,R0,sc03,T3,190,475,c422,['c422'],1.0
train_R0,375,G10,train,mid,R0,R0,sc03,T3,232,580,c122,"['c122', 'c221']",0.7692307692307693
train_R0,376,G10,train,mid,R0,R0,sc04,T4,20,50,c222,"['c022', 'c222', 'c223']",0.425
train_R0,376,G10,train,mid,R0,R0,sc04,T4,62,155,c022,"['c022', 'c202', 'c232']",0.75
train_R0,376,G10,train,mid,R0,R0,sc04,T4,104,260,c202,"['c202', 'c222', 'c232']",0.6
train_R0,376,G10,train,mid,R0,R0,sc04,T4,147,367,c222,"['c222', 'c322']",0.6
train_R0,376,G10,train,mid,R0,R0,sc04,T4,189,472,c322,"['c222', 'c322']",0.7
train_R0,376,G10,train,mid,R0,R0,sc04,T4,231,577,c212,['c212'],1.0
train_R0,377,G10,train,mid,R0,R0,sc05,T5,20,50,c220,"['c220', 'c232']",0.875
train_R0,377,G10,train,mid,R0,R0,sc05,T5,62,155,c232,"['c232', 'c242']",0.725
train_R0,377,G10,train,mid,R0,R0,sc05,T5,104,260,c222,"['c022', 'c222']",0.725
train_R0,377,G10,train,mid,R0,R0,sc05,T5,147,367,c022,"['c022', 'c220', 'c222']",0.45
train_R0,377,G10,train,mid,R0,R0,sc05,T5,189,472,c220,"['c202', 'c212', 'c220']",0.75
train_R0,377,G10,train,mid,R0,R0,sc05,T5,231,577,c212,"['c202', 'c212', 'c242']",0.45
train_R0,360,G10,train,nominal,R0,R0,sc00,T0,20,50,c212,"['c122', 'c212', 'c222']",0.425
train_R0,360,G10,train,nominal,R0,R0,sc00,T0,62,155,c223,"['c212', 'c223']",0.575
train_R0,360,G10,train,nominal,R0,R0,sc00,T0,104,260,c222,"['c222', 'c422']",0.575
train_R0,360,G10,train,nominal,R0,R0,sc00,T0,147,367,c422,"['c242', 'c422']",0.75
train_R0,360,G10,train,nominal,R0,R0,sc00,T0,189,472,c222,"['c222', 'c223', 'c242']",0.45
train_R0,360,G10,train,nominal,R0,R0,sc00,T0,231,577,c223,"['c221', 'c223']",0.75
train_R0,361,G10,train,nominal,R0,R0,sc01,T1,20,50,c222,"['c222', 'c223']",0.725
train_R0,361,G10,train,nominal,R0,R0,sc01,T1,62,155,c223,"['c223', 'c224']",0.55
train_R0,361,G10,train,nominal,R0,R0,sc01,T1,104,260,c322,['c322'],1.0
train_R0,361,G10,train,nominal,R0,R0,sc01,T1,147,367,c322,"['c222', 'c322']",0.6
train_R0,361,G10,train,nominal,R0,R0,sc01,T1,189,472,c221,['c221'],1.0
train_R0,361,G10,train,nominal,R0,R0,sc01,T1,231,577,c220,"['c122', 'c220']",0.6
train_R0,362,G10,train,nominal,R0,R0,sc02,T2,20,50,c232,"['c022', 'c232']",0.725
train_R0,362,G10,train,nominal,R0,R0,sc02,T2,62,155,c122,"['c022', 'c122']",0.725
train_R0,362,G10,train,nominal,R0,R0,sc02,T2,104,260,c224,"['c022', 'c224']",0.725
train_R0,362,G10,train,nominal,R0,R0,sc02,T2,147,367,c022,"['c022', 'c221', 'c242']",0.475
train_R0,362,G10,train,nominal,R0,R0,sc02,T2,189,472,c242,"['c202', 'c242', 'c322']",0.6
train_R0,362,G10,train,nominal,R0,R0,sc02,T2,231,577,c322,"['c222', 'c322']",0.75
train_R0,363,G10,train,nominal,R0,R0,sc03,T3,20,50,c224,"['c224', 'c232']",0.575
train_R0,363,G10,train,nominal,R0,R0,sc03,T3,62,155,c232,"['c202', 'c220', 'c232']",0.6
train_R0,363,G10,train,nominal,R0,R0,sc03,T3,105,262,c220,"['c220', 'c224', 'c422']",0.475
train_R0,363,G10,train,nominal,R0,R0,sc03,T3,147,367,c224,"['c222', 'c224', 'c422']",0.45
train_R0,363,G10,train,nominal,R0,R0,sc03,T3,190,475,c422,['c422'],1.0
train_R0,363,G10,train,nominal,R0,R0,sc03,T3,232,580,c122,"['c122', 'c221']",0.7692307692307693
train_R0,364,G10,train,nominal,R0,R0,sc04,T4,20,50,c222,"['c022', 'c222', 'c223']",0.425
train_R0,364,G10,train,nominal,R0,R0,sc04,T4,62,155,c022,"['c022', 'c202', 'c232']",0.75
train_R0,364,G10,train,nominal,R0,R0,sc04,T4,104,260,c202,"['c202', 'c222', 'c232']",0.6
train_R0,364,G10,train,nominal,R0,R0,sc04,T4,147,367,c222,"['c222', 'c322']",0.6
train_R0,364,G10,train,nominal,R0,R0,sc04,T4,189,472,c322,"['c222', 'c322']",0.7
train_R0,364,G10,train,nominal,R0,R0,sc04,T4,231,577,c212,['c212'],1.0
train_R0,365,G10,train,nominal,R0,R0,sc05,T5,20,50,c220,"['c220', 'c232']",0.875
train_R0,365,G10,train,nominal,R0,R0,sc05,T5,62,155,c232,"['c232', 'c242']",0.725
train_R0,365,G10,train,nominal,R0,R0,sc05,T5,104,260,c222,"['c022', 'c222']",0.725
train_R0,365,G10,train,nominal,R0,R0,sc05,T5,147,367,c022,"['c022', 'c220', 'c222']",0.45
train_R0,365,G10,train,nominal,R0,R0,sc05,T5,189,472,c220,"['c202', 'c212', 'c220']",0.75
train_R0,365,G10,train,nominal,R0,R0,sc05,T5,231,577,c212,"['c202', 'c212', 'c242']",0.45
train_R0,420,G11,train,low,R0,R0,sc00,T0,20,50,c222,"['c212', 'c222', 'c232']",0.425
train_R0,420,G11,train,low,R0,R0,sc00,T0,62,155,c224,"['c222', 'c224']",0.575
train_R0,420,G11,train,low,R0,R0,sc00,T0,104,260,c220,"['c220', 'c242']",0.575
train_R0,420,G11,train,low,R0,R0,sc00,T0,147,367,c242,"['c222', 'c242']",0.75
train_R0,420,G11,train,low,R0,R0,sc00,T0,189,472,c224,"['c212', 'c222', 'c224']",0.45
train_R0,420,G11,train,low,R0,R0,sc00,T0,231,577,c212,"['c212', 'c221']",0.75
train_R0,421,G11,train,low,R0,R0,sc01,T1,20,50,c322,['c322'],1.0
train_R0,421,G11,train,low,R0,R0,sc01,T1,62,155,c322,"['c122', 'c222', 'c322']",0.45
train_R0,421,G11,train,low,R0,R0,sc01,T1,104,260,c322,"['c202', 'c322']",0.725
train_R0,421,G11,train,low,R0,R0,sc01,T1,147,367,c202,"['c202', 'c223']",0.6
train_R0,421,G11,train,low,R0,R0,sc01,T1,189,472,c223,"['c202', 'c223']",0.55
train_R0,421,G11,train,low,R0,R0,sc01,T1,231,577,c224,"['c223', 'c224', 'c422']",0.4
train_R0,422,G11,train,low,R0,R0,sc02,T2,20,50,c022,"['c022', 'c222']",0.725
train_R0,422,G11,train,low,R0,R0,sc02,T2,62,155,c220,"['c122', 'c220']",0.725
train_R0,422,G11,train,low,R0,R0,sc02,T2,104,260,c202,"['c202', 'c220', 'c232']",0.425
train_R0,422,G11,train,low,R0,R0,sc02,T2,147,367,c220,"['c022', 'c212', 'c220']",0.475
train_R0,422,G11,train,low,R0,R0,sc02,T2,189,472,c022,"['c022', 'c202']",0.7
train_R0,422,G11,train,low,R0,R0,sc02,T2,231,577,c202,"['c122', 'c202']",0.75
train_R0,423,G11,train,low,R0,R0,sc03,T3,20,50,c222,"['c222', 'c242']",0.575
train_R0,423,G11,train,low,R0,R0,sc03,T3,62,155,c242,"['c122', 'c242', 'c422']",0.6
train_R0,423,G11,train,low,R0,R0,sc03,T3,105,262,c122,"['c122', 'c202', 'c221']",0.475
train_R0,423,G11,train,low,R0,R0,sc03,T3,147,367,c221,"['c212', 'c221', 'c242']",0.45
train_R0,423,G11,train,low,R0,R0,sc03,T3,190,475,c242,"['c221', 'c242']",0.75
train_R0,423,G11,train,low,R0,R0,sc03,T3,232,580,c222,"['c222', 'c322']",0.7692307692307693
train_R0,424,G11,train,low,R0,R0,sc04,T4,20,50,c220,"['c220', 'c422']",0.575
train_R0,424,G11,train,low,R0,R0,sc04,T4,62,155,c422,"['c220', 'c422']",0.75
train_R0,424,G11,train,low,R0,R0,sc04,T4,104,260,c422,"['c232', 'c422']",0.875
train_R0,424,G11,train,low,R0,R0,sc04,T4,147,367,c232,"['c022', 'c232']",0.6
train_R0,424,G11,train,low,R0,R0,sc04,T4,189,472,c222,['c222'],1.0
train_R0,424,G11,train,low,R0,R0,sc04,T4,231,577,c221,"['c221', 'c222']",0.55
train_R0,425,G11,train,low,R0,R0,sc05,T5,20,50,c221,"['c221', 'c222', 'c224']",0.6
train_R0,425,G11,train,low,R0,R0,sc05,T5,62,155,c222,"['c222', 'c224']",0.725
train_R0,425,G11,train,low,R0,R0,sc05,T5,104,260,c022,"['c022', 'c242']",0.725
train_R0,425,G11,train,low,R0,R0,sc05,T5,147,367,c242,"['c212', 'c232', 'c242']",0.45
train_R0,425,G11,train,low,R0,R0,sc05,T5,189,472,c232,"['c122', 'c232', 'c322']",0.75
train_R0,425,G11,train,low,R0,R0,sc05,T5,231,577,c122,"['c122', 'c223']",0.75
train_R0,408,G11,train,mid,R0,R0,sc00,T0,20,50,c222,"['c212', 'c222', 'c232']",0.425
train_R0,408,G11,train,mid,R0,R0,sc00,T0,62,155,c224,"['c222', 'c224']",0.575
train_R0,408,G11,train,mid,R0,R0,sc00,T0,104,260,c220,"['c220', 'c242']",0.575
train_R0,408,G11,train,mid,R0,R0,sc00,T0,147,367,c242,"['c222', 'c242']",0.75
train_R0,408,G11,train,mid,R0,R0,sc00,T0,189,472,c224,"['c212', 'c222', 'c224']",0.45
train_R0,408,G11,train,mid,R0,R0,sc00,T0,231,577,c212,"['c212', 'c221']",0.75
train_R0,409,G11,train,mid,R0,R0,sc01,T1,20,50,c322,['c322'],1.0
train_R0,409,G11,train,mid,R0,R0,sc01,T1,62,155,c322,"['c122', 'c222', 'c322']",0.45
train_R0,409,G11,train,mid,R0,R0,sc01,T1,104,260,c322,"['c202', 'c322']",0.725
train_R0,409,G11,train,mid,R0,R0,sc01,T1,147,367,c202,"['c202', 'c223']",0.6
train_R0,409,G11,train,mid,R0,R0,sc01,T1,189,472,c223,"['c202', 'c223']",0.55
train_R0,409,G11,train,mid,R0,R0,sc01,T1,231,577,c224,"['c223', 'c224', 'c422']",0.4
train_R0,410,G11,train,mid,R0,R0,sc02,T2,20,50,c022,"['c022', 'c222']",0.725
train_R0,410,G11,train,mid,R0,R0,sc02,T2,62,155,c220,"['c122', 'c220']",0.725
train_R0,410,G11,train,mid,R0,R0,sc02,T2,104,260,c202,"['c202', 'c220', 'c232']",0.425
train_R0,410,G11,train,mid,R0,R0,sc02,T2,147,367,c220,"['c022', 'c212', 'c220']",0.475
train_R0,410,G11,train,mid,R0,R0,sc02,T2,189,472,c022,"['c022', 'c202']",0.7
train_R0,410,G11,train,mid,R0,R0,sc02,T2,231,577,c202,"['c122', 'c202']",0.75
train_R0,411,G11,train,mid,R0,R0,sc03,T3,20,50,c222,"['c222', 'c242']",0.575
train_R0,411,G11,train,mid,R0,R0,sc03,T3,62,155,c242,"['c122', 'c242', 'c422']",0.6
train_R0,411,G11,train,mid,R0,R0,sc03,T3,105,262,c122,"['c122', 'c202', 'c221']",0.475
train_R0,411,G11,train,mid,R0,R0,sc03,T3,147,367,c221,"['c212', 'c221', 'c242']",0.45
train_R0,411,G11,train,mid,R0,R0,sc03,T3,190,475,c242,"['c221', 'c242']",0.75
train_R0,411,G11,train,mid,R0,R0,sc03,T3,232,580,c222,"['c222', 'c322']",0.7692307692307693
train_R0,412,G11,train,mid,R0,R0,sc04,T4,20,50,c220,"['c220', 'c422']",0.575
train_R0,412,G11,train,mid,R0,R0,sc04,T4,62,155,c422,"['c220', 'c422']",0.75
train_R0,412,G11,train,mid,R0,R0,sc04,T4,104,260,c422,"['c232', 'c422']",0.875
train_R0,412,G11,train,mid,R0,R0,sc04,T4,147,367,c232,"['c022', 'c232']",0.6
train_R0,412,G11,train,mid,R0,R0,sc04,T4,189,472,c222,['c222'],1.0
train_R0,412,G11,train,mid,R0,R0,sc04,T4,231,577,c221,"['c221', 'c222']",0.55
train_R0,413,G11,train,mid,R0,R0,sc05,T5,20,50,c221,"['c221', 'c222', 'c224']",0.6
train_R0,413,G11,train,mid,R0,R0,sc05,T5,62,155,c222,"['c222', 'c224']",0.725
train_R0,413,G11,train,mid,R0,R0,sc05,T5,104,260,c022,"['c022', 'c242']",0.725
train_R0,413,G11,train,mid,R0,R0,sc05,T5,147,367,c242,"['c212', 'c232', 'c242']",0.45
train_R0,413,G11,train,mid,R0,R0,sc05,T5,189,472,c232,"['c122', 'c232', 'c322']",0.75
train_R0,413,G11,train,mid,R0,R0,sc05,T5,231,577,c122,"['c122', 'c223']",0.75
train_R0,396,G11,train,nominal,R0,R0,sc00,T0,20,50,c222,"['c212', 'c222', 'c232']",0.425
train_R0,396,G11,train,nominal,R0,R0,sc00,T0,62,155,c224,"['c222', 'c224']",0.575
train_R0,396,G11,train,nominal,R0,R0,sc00,T0,104,260,c220,"['c220', 'c242']",0.575
train_R0,396,G11,train,nominal,R0,R0,sc00,T0,147,367,c242,"['c222', 'c242']",0.75
train_R0,396,G11,train,nominal,R0,R0,sc00,T0,189,472,c224,"['c212', 'c222', 'c224']",0.45
train_R0,396,G11,train,nominal,R0,R0,sc00,T0,231,577,c212,"['c212', 'c221']",0.75
train_R0,397,G11,train,nominal,R0,R0,sc01,T1,20,50,c322,['c322'],1.0
train_R0,397,G11,train,nominal,R0,R0,sc01,T1,62,155,c322,"['c122', 'c222', 'c322']",0.45
train_R0,397,G11,train,nominal,R0,R0,sc01,T1,104,260,c322,"['c202', 'c322']",0.725
train_R0,397,G11,train,nominal,R0,R0,sc01,T1,147,367,c202,"['c202', 'c223']",0.6
train_R0,397,G11,train,nominal,R0,R0,sc01,T1,189,472,c223,"['c202', 'c223']",0.55
train_R0,397,G11,train,nominal,R0,R0,sc01,T1,231,577,c224,"['c223', 'c224', 'c422']",0.4
train_R0,398,G11,train,nominal,R0,R0,sc02,T2,20,50,c022,"['c022', 'c222']",0.725
train_R0,398,G11,train,nominal,R0,R0,sc02,T2,62,155,c220,"['c122', 'c220']",0.725
train_R0,398,G11,train,nominal,R0,R0,sc02,T2,104,260,c202,"['c202', 'c220', 'c232']",0.425
train_R0,398,G11,train,nominal,R0,R0,sc02,T2,147,367,c220,"['c022', 'c212', 'c220']",0.475
train_R0,398,G11,train,nominal,R0,R0,sc02,T2,189,472,c022,"['c022', 'c202']",0.7
train_R0,398,G11,train,nominal,R0,R0,sc02,T2,231,577,c202,"['c122', 'c202']",0.75
train_R0,399,G11,train,nominal,R0,R0,sc03,T3,20,50,c222,"['c222', 'c242']",0.575
train_R0,399,G11,train,nominal,R0,R0,sc03,T3,62,155,c242,"['c122', 'c242', 'c422']",0.6
train_R0,399,G11,train,nominal,R0,R0,sc03,T3,105,262,c122,"['c122', 'c202', 'c221']",0.475
train_R0,399,G11,train,nominal,R0,R0,sc03,T3,147,367,c221,"['c212', 'c221', 'c242']",0.45
train_R0,399,G11,train,nominal,R0,R0,sc03,T3,190,475,c242,"['c221', 'c242']",0.75
train_R0,399,G11,train,nominal,R0,R0,sc03,T3,232,580,c222,"['c222', 'c322']",0.7692307692307693
train_R0,400,G11,train,nominal,R0,R0,sc04,T4,20,50,c220,"['c220', 'c422']",0.575
train_R0,400,G11,train,nominal,R0,R0,sc04,T4,62,155,c422,"['c220', 'c422']",0.75
train_R0,400,G11,train,nominal,R0,R0,sc04,T4,104,260,c422,"['c232', 'c422']",0.875
train_R0,400,G11,train,nominal,R0,R0,sc04,T4,147,367,c232,"['c022', 'c232']",0.6
train_R0,400,G11,train,nominal,R0,R0,sc04,T4,189,472,c222,['c222'],1.0
train_R0,400,G11,train,nominal,R0,R0,sc04,T4,231,577,c221,"['c221', 'c222']",0.55
train_R0,401,G11,train,nominal,R0,R0,sc05,T5,20,50,c221,"['c221', 'c222', 'c224']",0.6
train_R0,401,G11,train,nominal,R0,R0,sc05,T5,62,155,c222,"['c222', 'c224']",0.725
train_R0,401,G11,train,nominal,R0,R0,sc05,T5,104,260,c022,"['c022', 'c242']",0.725
train_R0,401,G11,train,nominal,R0,R0,sc05,T5,147,367,c242,"['c212', 'c232', 'c242']",0.45
train_R0,401,G11,train,nominal,R0,R0,sc05,T5,189,472,c232,"['c122', 'c232', 'c322']",0.75
train_R0,401,G11,train,nominal,R0,R0,sc05,T5,231,577,c122,"['c122', 'c223']",0.75
train_R1,24,G00,train,low,R0,R0,sc00,T0,20,50,c223,"['c122', 'c223', 'c422']",0.425
train_R1,24,G00,train,low,R0,R0,sc00,T0,62,155,c232,"['c222', 'c232']",0.575
train_R1,24,G00,train,low,R0,R0,sc00,T0,104,260,c022,"['c022', 'c224']",0.575
train_R1,24,G00,train,low,R0,R0,sc00,T0,147,367,c224,"['c222', 'c224']",0.75
train_R1,24,G00,train,low,R0,R0,sc00,T0,189,472,c022,"['c022', 'c224']",0.7
train_R1,24,G00,train,low,R0,R0,sc00,T0,231,577,c224,"['c224', 'c232']",0.75
train_R1,25,G00,train,low,R0,R0,sc01,T1,20,50,c122,"['c022', 'c122']",0.725
train_R1,25,G00,train,low,R0,R0,sc01,T1,62,155,c022,"['c022', 'c221', 'c422']",0.45
train_R1,25,G00,train,low,R0,R0,sc01,T1,104,260,c122,"['c122', 'c221']",0.725
train_R1,25,G00,train,low,R0,R0,sc01,T1,147,367,c221,"['c221', 'c232']",0.6
train_R1,25,G00,train,low,R0,R0,sc01,T1,189,472,c122,"['c122', 'c224']",0.55
train_R1,25,G00,train,low,R0,R0,sc01,T1,231,577,c242,"['c202', 'c224', 'c242']",0.4
train_R1,26,G00,train,low,R0,R0,sc02,T2,20,50,c022,"['c022', 'c242']",0.725
train_R1,26,G00,train,low,R0,R0,sc02,T2,62,155,c322,['c322'],1.0
train_R1,26,G00,train,low,R0,R0,sc02,T2,104,260,c222,"['c222', 'c223']",0.7
train_R1,26,G00,train,low,R0,R0,sc02,T2,147,367,c222,"['c220', 'c222', 'c223']",0.475
train_R1,26,G00,train,low,R0,R0,sc02,T2,189,472,c223,"['c221', 'c222', 'c223']",0.6
train_R1,26,G00,train,low,R0,R0,sc02,T2,231,577,c221,"['c122', 'c221']",0.75
train_R1,27,G00,train,low,R0,R0,sc03,T3,20,50,c220,"['c220', 'c221']",0.575
train_R1,27,G00,train,low,R0,R0,sc03,T3,62,155,c221,"['c212', 'c221', 'c222']",0.6
train_R1,27,G00,train,low,R0,R0,sc03,T3,105,262,c212,"['c212', 'c222', 'c242']",0.475
train_R1,27,G00,train,low,R0,R0,sc03,T3,147,367,c222,"['c202', 'c222', 'c422']",0.45
train_R1,27,G00,train,low,R0,R0,sc03,T3,190,475,c223,"['c202', 'c223']",0.75
train_R1,27,G00,train,low,R0,R0,sc03,T3,232,580,c222,"['c222', 'c232']",0.7692307692307693
train_R1,28,G00,train,low,R0,R0,sc04,T4,20,50,c222,"['c222', 'c232', 'c322']",0.425
train_R1,28,G00,train,low,R0,R0,sc04,T4,62,155,c322,"['c222', 'c322', 'c422']",0.75
train_R1,28,G00,train,low,R0,R0,sc04,T4,104,260,c222,"['c212', 'c222']",0.6
train_R1,28,G00,train,low,R0,R0,sc04,T4,147,367,c222,"['c222', 'c322']",0.6
train_R1,28,G00,train,low,R0,R0,sc04,T4,189,472,c422,"['c220', 'c422']",0.7
train_R1,28,G00,train,low,R0,R0,sc04,T4,231,577,c220,"['c212', 'c220']",0.55
train_R1,29,G00,train,low,R0,R0,sc05,T5,20,50,c202,"['c202', 'c242', 'c322']",0.6
train_R1,29,G00,train,low,R0,R0,sc05,T5,62,155,c242,"['c212', 'c242']",0.725
train_R1,29,G00,train,low,R0,R0,sc05,T5,104,260,c221,"['c212', 'c221']",0.725
train_R1,29,G00,train,low,R0,R0,sc05,T5,147,367,c212,"['c212', 'c222', 'c223']",0.45
train_R1,29,G00,train,low,R0,R0,sc05,T5,189,472,c222,"['c202', 'c220', 'c222']",0.75
train_R1,29,G00,train,low,R0,R0,sc05,T5,231,577,c202,"['c202', 'c224', 'c242']",0.45
train_R1,12,G00,train,mid,R0,R0,sc00,T0,20,50,c223,"['c122', 'c223', 'c422']",0.425
train_R1,12,G00,train,mid,R0,R0,sc00,T0,62,155,c232,"['c222', 'c232']",0.575
train_R1,12,G00,train,mid,R0,R0,sc00,T0,104,260,c022,"['c022', 'c224']",0.575
train_R1,12,G00,train,mid,R0,R0,sc00,T0,147,367,c224,"['c222', 'c224']",0.75
train_R1,12,G00,train,mid,R0,R0,sc00,T0,189,472,c022,"['c022', 'c224']",0.7
train_R1,12,G00,train,mid,R0,R0,sc00,T0,231,577,c224,"['c224', 'c232']",0.75
train_R1,13,G00,train,mid,R0,R0,sc01,T1,20,50,c122,"['c022', 'c122']",0.725
train_R1,13,G00,train,mid,R0,R0,sc01,T1,62,155,c022,"['c022', 'c221', 'c422']",0.45
train_R1,13,G00,train,mid,R0,R0,sc01,T1,104,260,c122,"['c122', 'c221']",0.725
train_R1,13,G00,train,mid,R0,R0,sc01,T1,147,367,c221,"['c221', 'c232']",0.6
train_R1,13,G00,train,mid,R0,R0,sc01,T1,189,472,c122,"['c122', 'c224']",0.55
train_R1,13,G00,train,mid,R0,R0,sc01,T1,231,577,c242,"['c202', 'c224', 'c242']",0.4
train_R1,14,G00,train,mid,R0,R0,sc02,T2,20,50,c022,"['c022', 'c242']",0.725
train_R1,14,G00,train,mid,R0,R0,sc02,T2,62,155,c322,['c322'],1.0
train_R1,14,G00,train,mid,R0,R0,sc02,T2,104,260,c222,"['c222', 'c223']",0.7
train_R1,14,G00,train,mid,R0,R0,sc02,T2,147,367,c222,"['c220', 'c222', 'c223']",0.475
train_R1,14,G00,train,mid,R0,R0,sc02,T2,189,472,c223,"['c221', 'c222', 'c223']",0.6
train_R1,14,G00,train,mid,R0,R0,sc02,T2,231,577,c221,"['c122', 'c221']",0.75
train_R1,15,G00,train,mid,R0,R0,sc03,T3,20,50,c220,"['c220', 'c221']",0.575
train_R1,15,G00,train,mid,R0,R0,sc03,T3,62,155,c221,"['c212', 'c221', 'c222']",0.6
train_R1,15,G00,train,mid,R0,R0,sc03,T3,105,262,c212,"['c212', 'c222', 'c242']",0.475
train_R1,15,G00,train,mid,R0,R0,sc03,T3,147,367,c222,"['c202', 'c222', 'c422']",0.45
train_R1,15,G00,train,mid,R0,R0,sc03,T3,190,475,c223,"['c202', 'c223']",0.75
train_R1,15,G00,train,mid,R0,R0,sc03,T3,232,580,c222,"['c222', 'c232']",0.7692307692307693
train_R1,16,G00,train,mid,R0,R0,sc04,T4,20,50,c222,"['c222', 'c232', 'c322']",0.425
train_R1,16,G00,train,mid,R0,R0,sc04,T4,62,155,c322,"['c222', 'c322', 'c422']",0.75
train_R1,16,G00,train,mid,R0,R0,sc04,T4,104,260,c222,"['c212', 'c222']",0.6
train_R1,16,G00,train,mid,R0,R0,sc04,T4,147,367,c222,"['c222', 'c322']",0.6
train_R1,16,G00,train,mid,R0,R0,sc04,T4,189,472,c422,"['c220', 'c422']",0.7
train_R1,16,G00,train,mid,R0,R0,sc04,T4,231,577,c220,"['c212', 'c220']",0.55
train_R1,17,G00,train,mid,R0,R0,sc05,T5,20,50,c202,"['c202', 'c242', 'c322']",0.6
train_R1,17,G00,train,mid,R0,R0,sc05,T5,62,155,c242,"['c212', 'c242']",0.725
train_R1,17,G00,train,mid,R0,R0,sc05,T5,104,260,c221,"['c212', 'c221']",0.725
train_R1,17,G00,train,mid,R0,R0,sc05,T5,147,367,c212,"['c212', 'c222', 'c223']",0.45
train_R1,17,G00,train,mid,R0,R0,sc05,T5,189,472,c222,"['c202', 'c220', 'c222']",0.75
train_R1,17,G00,train,mid,R0,R0,sc05,T5,231,577,c202,"['c202', 'c224', 'c242']",0.45
train_R1,0,G00,train,nominal,R0,R0,sc00,T0,20,50,c223,"['c122', 'c223', 'c422']",0.425
train_R1,0,G00,train,nominal,R0,R0,sc00,T0,62,155,c232,"['c222', 'c232']",0.575
train_R1,0,G00,train,nominal,R0,R0,sc00,T0,104,260,c022,"['c022', 'c224']",0.575
train_R1,0,G00,train,nominal,R0,R0,sc00,T0,147,367,c224,"['c222', 'c224']",0.75
train_R1,0,G00,train,nominal,R0,R0,sc00,T0,189,472,c022,"['c022', 'c224']",0.7
train_R1,0,G00,train,nominal,R0,R0,sc00,T0,231,577,c224,"['c224', 'c232']",0.75
train_R1,1,G00,train,nominal,R0,R0,sc01,T1,20,50,c122,"['c022', 'c122']",0.725
train_R1,1,G00,train,nominal,R0,R0,sc01,T1,62,155,c022,"['c022', 'c221', 'c422']",0.45
train_R1,1,G00,train,nominal,R0,R0,sc01,T1,104,260,c122,"['c122', 'c221']",0.725
train_R1,1,G00,train,nominal,R0,R0,sc01,T1,147,367,c221,"['c221', 'c232']",0.6
train_R1,1,G00,train,nominal,R0,R0,sc01,T1,189,472,c122,"['c122', 'c224']",0.55
train_R1,1,G00,train,nominal,R0,R0,sc01,T1,231,577,c242,"['c202', 'c224', 'c242']",0.4
train_R1,2,G00,train,nominal,R0,R0,sc02,T2,20,50,c022,"['c022', 'c242']",0.725
train_R1,2,G00,train,nominal,R0,R0,sc02,T2,62,155,c322,['c322'],1.0
train_R1,2,G00,train,nominal,R0,R0,sc02,T2,104,260,c222,"['c222', 'c223']",0.7
train_R1,2,G00,train,nominal,R0,R0,sc02,T2,147,367,c222,"['c220', 'c222', 'c223']",0.475
train_R1,2,G00,train,nominal,R0,R0,sc02,T2,189,472,c223,"['c221', 'c222', 'c223']",0.6
train_R1,2,G00,train,nominal,R0,R0,sc02,T2,231,577,c221,"['c122', 'c221']",0.75
train_R1,3,G00,train,nominal,R0,R0,sc03,T3,20,50,c220,"['c220', 'c221']",0.575
train_R1,3,G00,train,nominal,R0,R0,sc03,T3,62,155,c221,"['c212', 'c221', 'c222']",0.6
train_R1,3,G00,train,nominal,R0,R0,sc03,T3,105,262,c212,"['c212', 'c222', 'c242']",0.475
train_R1,3,G00,train,nominal,R0,R0,sc03,T3,147,367,c222,"['c202', 'c222', 'c422']",0.45
train_R1,3,G00,train,nominal,R0,R0,sc03,T3,190,475,c223,"['c202', 'c223']",0.75
train_R1,3,G00,train,nominal,R0,R0,sc03,T3,232,580,c222,"['c222', 'c232']",0.7692307692307693
train_R1,4,G00,train,nominal,R0,R0,sc04,T4,20,50,c222,"['c222', 'c232', 'c322']",0.425
train_R1,4,G00,train,nominal,R0,R0,sc04,T4,62,155,c322,"['c222', 'c322', 'c422']",0.75
train_R1,4,G00,train,nominal,R0,R0,sc04,T4,104,260,c222,"['c212', 'c222']",0.6
train_R1,4,G00,train,nominal,R0,R0,sc04,T4,147,367,c222,"['c222', 'c322']",0.6
train_R1,4,G00,train,nominal,R0,R0,sc04,T4,189,472,c422,"['c220', 'c422']",0.7
train_R1,4,G00,train,nominal,R0,R0,sc04,T4,231,577,c220,"['c212', 'c220']",0.55
train_R1,5,G00,train,nominal,R0,R0,sc05,T5,20,50,c202,"['c202', 'c242', 'c322']",0.6
train_R1,5,G00,train,nominal,R0,R0,sc05,T5,62,155,c242,"['c212', 'c242']",0.725
train_R1,5,G00,train,nominal,R0,R0,sc05,T5,104,260,c221,"['c212', 'c221']",0.725
train_R1,5,G00,train,nominal,R0,R0,sc05,T5,147,367,c212,"['c212', 'c222', 'c223']",0.45
train_R1,5,G00,train,nominal,R0,R0,sc05,T5,189,472,c222,"['c202', 'c220', 'c222']",0.75
train_R1,5,G00,train,nominal,R0,R0,sc05,T5,231,577,c202,"['c202', 'c224', 'c242']",0.45
train_R1,60,G01,train,low,R0,R0,sc00,T0,20,50,c220,"['c122', 'c220']",0.725
train_R1,60,G01,train,low,R0,R0,sc00,T0,62,155,c242,"['c242', 'c422']",0.575
train_R1,60,G01,train,low,R0,R0,sc00,T0,104,260,c221,"['c122', 'c221']",0.575
train_R1,60,G01,train,low,R0,R0,sc00,T0,147,367,c122,"['c122', 'c224']",0.75
train_R1,60,G01,train,low,R0,R0,sc00,T0,189,472,c220,"['c220', 'c221', 'c242']",0.45
train_R1,60,G01,train,low,R0,R0,sc00,T0,231,577,c221,['c221'],1.0
train_R1,61,G01,train,low,R0,R0,sc01,T1,20,50,c220,"['c202', 'c220']",0.725
train_R1,61,G01,train,low,R0,R0,sc01,T1,62,155,c202,"['c202', 'c222']",0.725
train_R1,61,G01,train,low,R0,R0,sc01,T1,104,260,c202,"['c202', 'c223']",0.725
train_R1,61,G01,train,low,R0,R0,sc01,T1,147,367,c223,"['c222', 'c223']",0.6
train_R1,61,G01,train,low,R0,R0,sc01,T1,189,472,c232,"['c022', 'c232']",0.55
train_R1,61,G01,train,low,R0,R0,sc01,T1,231,577,c212,"['c202', 'c212', 'c224']",0.4
train_R1,62,G01,train,low,R0,R0,sc02,T2,20,50,c212,"['c212', 'c322']",0.725
train_R1,62,G01,train,low,R0,R0,sc02,T2,62,155,c224,"['c022', 'c224']",0.725
train_R1,62,G01,train,low,R0,R0,sc02,T2,104,260,c422,"['c220', 'c242', 'c422']",0.425
train_R1,62,G01,train,low,R0,R0,sc02,T2,147,367,c242,"['c222', 'c223', 'c242']",0.475
train_R1,62,G01,train,low,R0,R0,sc02,T2,189,472,c222,"['c022', 'c222', 'c232']",0.6
train_R1,62,G01,train,low,R0,R0,sc02,T2,231,577,c022,"['c022', 'c223']",0.75
train_R1,63,G01,train,low,R0,R0,sc03,T3,20,50,c222,"['c222', 'c242']",0.575
train_R1,63,G01,train,low,R0,R0,sc03,T3,62,155,c242,"['c202', 'c222', 'c242']",0.6
train_R1,63,G01,train,low,R0,R0,sc03,T3,105,262,c222,"['c122', 'c220', 'c222']",0.475
train_R1,63,G01,train,low,R0,R0,sc03,T3,147,367,c220,"['c220', 'c221', 'c322']",0.45
train_R1,63,G01,train,low,R0,R0,sc03,T3,190,475,c022,"['c022', 'c223']",0.75
train_R1,63,G01,train,low,R0,R0,sc03,T3,232,580,c222,"['c222', 'c224']",0.7692307692307693
train_R1,64,G01,train,low,R0,R0,sc04,T4,20,50,c122,"['c022', 'c122', 'c222']",0.425
train_R1,64,G01,train,low,R0,R0,sc04,T4,62,155,c222,"['c221', 'c222']",0.75
train_R1,64,G01,train,low,R0,R0,sc04,T4,104,260,c222,"['c222', 'c322']",0.6
train_R1,64,G01,train,low,R0,R0,sc04,T4,147,367,c222,"['c222', 'c322']",0.6
train_R1,64,G01,train,low,R0,R0,sc04,T4,189,472,c422,"['c223', 'c422']",0.7
train_R1,64,G01,train,low,R0,R0,sc04,T4,231,577,c212,"['c212', 'c232']",0.55
train_R1,65,G01,train,low,R0,R0,sc05,T5,20,50,c232,"['c232', 'c422']",0.6
train_R1,65,G01,train,low,R0,R0,sc05,T5,62,155,c232,"['c232', 'c242']",0.725
train_R1,65,G01,train,low,R0,R0,sc05,T5,104,260,c322,"['c222', 'c322']",0.725
train_R1,65,G01,train,low,R0,R0,sc05,T5,147,367,c222,"['c202', 'c212', 'c222']",0.45
train_R1,65,G01,train,low,R0,R0,sc05,T5,189,472,c202,"['c202', 'c212', 'c224']",0.75
train_R1,65,G01,train,low,R0,R0,sc05,T5,231,577,c224,"['c222', 'c224', 'c422']",0.45
train_R1,48,G01,train,mid,R0,R0,sc00,T0,20,50,c220,"['c122', 'c220']",0.725
train_R1,48,G01,train,mid,R0,R0,sc00,T0,62,155,c242,"['c242', 'c422']",0.575
train_R1,48,G01,train,mid,R0,R0,sc00,T0,104,260,c221,"['c122', 'c221']",0.575
train_R1,48,G01,train,mid,R0,R0,sc00,T0,147,367,c122,"['c122', 'c224']",0.75
train_R1,48,G01,train,mid,R0,R0,sc00,T0,189,472,c220,"['c220', 'c221', 'c242']",0.45
train_R1,48,G01,train,mid,R0,R0,sc00,T0,231,577,c221,['c221'],1.0
train_R1,49,G01,train,mid,R0,R0,sc01,T1,20,50,c220,"['c202', 'c220']",0.725
train_R1,49,G01,train,mid,R0,R0,sc01,T1,62,155,c202,"['c202', 'c222']",0.725
train_R1,49,G01,train,mid,R0,R0,sc01,T1,104,260,c202,"['c202', 'c223']",0.725
train_R1,49,G01,train,mid,R0,R0,sc01,T1,147,367,c223,"['c222', 'c223']",0.6
train_R1,49,G01,train,mid,R0,R0,sc01,T1,189,472,c232,"['c022', 'c232']",0.55
train_R1,49,G01,train,mid,R0,R0,sc01,T1,231,577,c212,"['c202', 'c212', 'c224']",0.4
train_R1,50,G01,train,mid,R0,R0,sc02,T2,20,50,c212,"['c212', 'c322']",0.725
train_R1,50,G01,train,mid,R0,R0,sc02,T2,62,155,c224,"['c022', 'c224']",0.725
train_R1,50,G01,train,mid,R0,R0,sc02,T2,104,260,c422,"['c220', 'c242', 'c422']",0.425
train_R1,50,G01,train,mid,R0,R0,sc02,T2,147,367,c242,"['c222', 'c223', 'c242']",0.475
train_R1,50,G01,train,mid,R0,R0,sc02,T2,189,472,c222,"['c022', 'c222', 'c232']",0.6
train_R1,50,G01,train,mid,R0,R0,sc02,T2,231,577,c022,"['c022', 'c223']",0.75
train_R1,51,G01,train,mid,R0,R0,sc03,T3,20,50,c222,"['c222', 'c242']",0.575
train_R1,51,G01,train,mid,R0,R0,sc03,T3,62,155,c242,"['c202', 'c222', 'c242']",0.6
train_R1,51,G01,train,mid,R0,R0,sc03,T3,105,262,c222,"['c122', 'c220', 'c222']",0.475
train_R1,51,G01,train,mid,R0,R0,sc03,T3,147,367,c220,"['c220', 'c221', 'c322']",0.45
train_R1,51,G01,train,mid,R0,R0,sc03,T3,190,475,c022,"['c022', 'c223']",0.75
train_R1,51,G01,train,mid,R0,R0,sc03,T3,232,580,c222,"['c222', 'c224']",0.7692307692307693
train_R1,52,G01,train,mid,R0,R0,sc04,T4,20,50,c122,"['c022', 'c122', 'c222']",0.425
train_R1,52,G01,train,mid,R0,R0,sc04,T4,62,155,c222,"['c221', 'c222']",0.75
train_R1,52,G01,train,mid,R0,R0,sc04,T4,104,260,c222,"['c222', 'c322']",0.6
train_R1,52,G01,train,mid,R0,R0,sc04,T4,147,367,c222,"['c222', 'c322']",0.6
train_R1,52,G01,train,mid,R0,R0,sc04,T4,189,472,c422,"['c223', 'c422']",0.7
train_R1,52,G01,train,mid,R0,R0,sc04,T4,231,577,c212,"['c212', 'c232']",0.55
train_R1,53,G01,train,mid,R0,R0,sc05,T5,20,50,c232,"['c232', 'c422']",0.6
train_R1,53,G01,train,mid,R0,R0,sc05,T5,62,155,c232,"['c232', 'c242']",0.725
train_R1,53,G01,train,mid,R0,R0,sc05,T5,104,260,c322,"['c222', 'c322']",0.725
train_R1,53,G01,train,mid,R0,R0,sc05,T5,147,367,c222,"['c202', 'c212', 'c222']",0.45
train_R1,53,G01,train,mid,R0,R0,sc05,T5,189,472,c202,"['c202', 'c212', 'c224']",0.75
train_R1,53,G01,train,mid,R0,R0,sc05,T5,231,577,c224,"['c222', 'c224', 'c422']",0.45
train_R1,36,G01,train,nominal,R0,R0,sc00,T0,20,50,c220,"['c122', 'c220']",0.725
train_R1,36,G01,train,nominal,R0,R0,sc00,T0,62,155,c242,"['c242', 'c422']",0.575
train_R1,36,G01,train,nominal,R0,R0,sc00,T0,104,260,c221,"['c122', 'c221']",0.575
train_R1,36,G01,train,nominal,R0,R0,sc00,T0,147,367,c122,"['c122', 'c224']",0.75
train_R1,36,G01,train,nominal,R0,R0,sc00,T0,189,472,c220,"['c220', 'c221', 'c242']",0.45
train_R1,36,G01,train,nominal,R0,R0,sc00,T0,231,577,c221,['c221'],1.0
train_R1,37,G01,train,nominal,R0,R0,sc01,T1,20,50,c220,"['c202', 'c220']",0.725
train_R1,37,G01,train,nominal,R0,R0,sc01,T1,62,155,c202,"['c202', 'c222']",0.725
train_R1,37,G01,train,nominal,R0,R0,sc01,T1,104,260,c202,"['c202', 'c223']",0.725
train_R1,37,G01,train,nominal,R0,R0,sc01,T1,147,367,c223,"['c222', 'c223']",0.6
train_R1,37,G01,train,nominal,R0,R0,sc01,T1,189,472,c232,"['c022', 'c232']",0.55
train_R1,37,G01,train,nominal,R0,R0,sc01,T1,231,577,c212,"['c202', 'c212', 'c224']",0.4
train_R1,38,G01,train,nominal,R0,R0,sc02,T2,20,50,c212,"['c212', 'c322']",0.725
train_R1,38,G01,train,nominal,R0,R0,sc02,T2,62,155,c224,"['c022', 'c224']",0.725
train_R1,38,G01,train,nominal,R0,R0,sc02,T2,104,260,c422,"['c220', 'c242', 'c422']",0.425
train_R1,38,G01,train,nominal,R0,R0,sc02,T2,147,367,c242,"['c222', 'c223', 'c242']",0.475
train_R1,38,G01,train,nominal,R0,R0,sc02,T2,189,472,c222,"['c022', 'c222', 'c232']",0.6
train_R1,38,G01,train,nominal,R0,R0,sc02,T2,231,577,c022,"['c022', 'c223']",0.75
train_R1,39,G01,train,nominal,R0,R0,sc03,T3,20,50,c222,"['c222', 'c242']",0.575
train_R1,39,G01,train,nominal,R0,R0,sc03,T3,62,155,c242,"['c202', 'c222', 'c242']",0.6
train_R1,39,G01,train,nominal,R0,R0,sc03,T3,105,262,c222,"['c122', 'c220', 'c222']",0.475
train_R1,39,G01,train,nominal,R0,R0,sc03,T3,147,367,c220,"['c220', 'c221', 'c322']",0.45
train_R1,39,G01,train,nominal,R0,R0,sc03,T3,190,475,c022,"['c022', 'c223']",0.75
train_R1,39,G01,train,nominal,R0,R0,sc03,T3,232,580,c222,"['c222', 'c224']",0.7692307692307693
train_R1,40,G01,train,nominal,R0,R0,sc04,T4,20,50,c122,"['c022', 'c122', 'c222']",0.425
train_R1,40,G01,train,nominal,R0,R0,sc04,T4,62,155,c222,"['c221', 'c222']",0.75
train_R1,40,G01,train,nominal,R0,R0,sc04,T4,104,260,c222,"['c222', 'c322']",0.6
train_R1,40,G01,train,nominal,R0,R0,sc04,T4,147,367,c222,"['c222', 'c322']",0.6
train_R1,40,G01,train,nominal,R0,R0,sc04,T4,189,472,c422,"['c223', 'c422']",0.7
train_R1,40,G01,train,nominal,R0,R0,sc04,T4,231,577,c212,"['c212', 'c232']",0.55
train_R1,41,G01,train,nominal,R0,R0,sc05,T5,20,50,c232,"['c232', 'c422']",0.6
train_R1,41,G01,train,nominal,R0,R0,sc05,T5,62,155,c232,"['c232', 'c242']",0.725
train_R1,41,G01,train,nominal,R0,R0,sc05,T5,104,260,c322,"['c222', 'c322']",0.725
train_R1,41,G01,train,nominal,R0,R0,sc05,T5,147,367,c222,"['c202', 'c212', 'c222']",0.45
train_R1,41,G01,train,nominal,R0,R0,sc05,T5,189,472,c202,"['c202', 'c212', 'c224']",0.75
train_R1,41,G01,train,nominal,R0,R0,sc05,T5,231,577,c224,"['c222', 'c224', 'c422']",0.45
train_R1,96,G02,train,low,R0,R0,sc00,T0,20,50,c422,"['c202', 'c223', 'c422']",0.425
train_R1,96,G02,train,low,R0,R0,sc00,T0,62,155,c224,"['c224', 'c242']",0.575
train_R1,96,G02,train,low,R0,R0,sc00,T0,104,260,c220,"['c220', 'c422']",0.575
train_R1,96,G02,train,low,R0,R0,sc00,T0,147,367,c422,"['c122', 'c422']",0.75
train_R1,96,G02,train,low,R0,R0,sc00,T0,189,472,c122,"['c122', 'c202', 'c322']",0.45
train_R1,96,G02,train,low,R0,R0,sc00,T0,231,577,c202,"['c202', 'c242']",0.75
train_R1,97,G02,train,low,R0,R0,sc01,T1,20,50,c022,"['c022', 'c212']",0.725
train_R1,97,G02,train,low,R0,R0,sc01,T1,62,155,c212,"['c212', 'c222', 'c422']",0.45
train_R1,97,G02,train,low,R0,R0,sc01,T1,104,260,c223,"['c223', 'c232']",0.725
train_R1,97,G02,train,low,R0,R0,sc01,T1,147,367,c232,"['c022', 'c232']",0.6
train_R1,97,G02,train,low,R0,R0,sc01,T1,189,472,c220,"['c022', 'c220']",0.55
train_R1,97,G02,train,low,R0,R0,sc01,T1,231,577,c322,"['c122', 'c221', 'c322']",0.4
train_R1,98,G02,train,low,R0,R0,sc02,T2,20,50,c224,"['c202', 'c224']",0.725
train_R1,98,G02,train,low,R0,R0,sc02,T2,62,155,c212,"['c212', 'c224']",0.725
train_R1,98,G02,train,low,R0,R0,sc02,T2,104,260,c221,"['c212', 'c221', 'c222']",0.425
train_R1,98,G02,train,low,R0,R0,sc02,T2,147,367,c212,"['c212', 'c222', 'c223']",0.475
train_R1,98,G02,train,low,R0,R0,sc02,T2,189,472,c223,"['c223', 'c224', 'c232']",0.6
train_R1,98,G02,train,low,R0,R0,sc02,T2,231,577,c232,"['c022', 'c232']",0.75
train_R1,99,G02,train,low,R0,R0,sc03,T3,20,50,c222,['c222'],1.0
train_R1,99,G02,train,low,R0,R0,sc03,T3,62,155,c222,"['c122', 'c222', 'c242']",0.6
train_R1,99,G02,train,low,R0,R0,sc03,T3,105,262,c242,"['c212', 'c242', 'c322']",0.475
train_R1,99,G02,train,low,R0,R0,sc03,T3,147,367,c212,"['c212', 'c223', 'c422']",0.45
train_R1,99,G02,train,low,R0,R0,sc03,T3,190,475,c223,"['c223', 'c232']",0.75
train_R1,99,G02,train,low,R0,R0,sc03,T3,232,580,c222,"['c221', 'c222']",0.7692307692307693
train_R1,100,G02,train,low,R0,R0,sc04,T4,20,50,c221,"['c221', 'c222', 'c224']",0.425
train_R1,100,G02,train,low,R0,R0,sc04,T4,62,155,c224,"['c202', 'c224', 'c242']",0.75
train_R1,100,G02,train,low,R0,R0,sc04,T4,104,260,c242,"['c221', 'c242']",0.6
train_R1,100,G02,train,low,R0,R0,sc04,T4,147,367,c242,"['c232', 'c242']",0.6
train_R1,100,G02,train,low,R0,R0,sc04,T4,189,472,c322,"['c220', 'c322']",0.7
train_R1,100,G02,train,low,R0,R0,sc04,T4,231,577,c220,"['c220', 'c222']",0.55
train_R1,101,G02,train,low,R0,R0,sc05,T5,20,50,c122,"['c022', 'c122', 'c222']",0.6
train_R1,101,G02,train,low,R0,R0,sc05,T5,62,155,c222,['c222'],1.0
train_R1,101,G02,train,low,R0,R0,sc05,T5,104,260,c212,"['c212', 'c422']",0.725
train_R1,101,G02,train,low,R0,R0,sc05,T5,147,367,c422,"['c222', 'c422']",0.75
train_R1,101,G02,train,low,R0,R0,sc05,T5,189,472,c222,"['c202', 'c220', 'c222']",0.75
train_R1,101,G02,train,low,R0,R0,sc05,T5,231,577,c220,"['c220', 'c232', 'c322']",0.45
train_R1,84,G02,train,mid,R0,R0,sc00,T0,20,50,c422,"['c202', 'c223', 'c422']",0.425
train_R1,84,G02,train,mid,R0,R0,sc00,T0,62,155,c224,"['c224', 'c242']",0.575
train_R1,84,G02,train,mid,R0,R0,sc00,T0,104,260,c220,"['c220', 'c422']",0.575
train_R1,84,G02,train,mid,R0,R0,sc00,T0,147,367,c422,"['c122', 'c422']",0.75
train_R1,84,G02,train,mid,R0,R0,sc00,T0,189,472,c122,"['c122', 'c202', 'c322']",0.45
train_R1,84,G02,train,mid,R0,R0,sc00,T0,231,577,c202,"['c202', 'c242']",0.75
train_R1,85,G02,train,mid,R0,R0,sc01,T1,20,50,c022,"['c022', 'c212']",0.725
train_R1,85,G02,train,mid,R0,R0,sc01,T1,62,155,c212,"['c212', 'c222', 'c422']",0.45
train_R1,85,G02,train,mid,R0,R0,sc01,T1,104,260,c223,"['c223', 'c232']",0.725
train_R1,85,G02,train,mid,R0,R0,sc01,T1,147,367,c232,"['c022', 'c232']",0.6
train_R1,85,G02,train,mid,R0,R0,sc01,T1,189,472,c220,"['c022', 'c220']",0.55
train_R1,85,G02,train,mid,R0,R0,sc01,T1,231,577,c322,"['c122', 'c221', 'c322']",0.4
train_R1,86,G02,train,mid,R0,R0,sc02,T2,20,50,c224,"['c202', 'c224']",0.725
train_R1,86,G02,train,mid,R0,R0,sc02,T2,62,155,c212,"['c212', 'c224']",0.725
train_R1,86,G02,train,mid,R0,R0,sc02,T2,104,260,c221,"['c212', 'c221', 'c222']",0.425
train_R1,86,G02,train,mid,R0,R0,sc02,T2,147,367,c212,"['c212', 'c222', 'c223']",0.475
train_R1,86,G02,train,mid,R0,R0,sc02,T2,189,472,c223,"['c223', 'c224', 'c232']",0.6
train_R1,86,G02,train,mid,R0,R0,sc02,T2,231,577,c232,"['c022', 'c232']",0.75
train_R1,87,G02,train,mid,R0,R0,sc03,T3,20,50,c222,['c222'],1.0
train_R1,87,G02,train,mid,R0,R0,sc03,T3,62,155,c222,"['c122', 'c222', 'c242']",0.6
train_R1,87,G02,train,mid,R0,R0,sc03,T3,105,262,c242,"['c212', 'c242', 'c322']",0.475
train_R1,87,G02,train,mid,R0,R0,sc03,T3,147,367,c212,"['c212', 'c223', 'c422']",0.45
train_R1,87,G02,train,mid,R0,R0,sc03,T3,190,475,c223,"['c223', 'c232']",0.75
train_R1,87,G02,train,mid,R0,R0,sc03,T3,232,580,c222,"['c221', 'c222']",0.7692307692307693
train_R1,88,G02,train,mid,R0,R0,sc04,T4,20,50,c221,"['c221', 'c222', 'c224']",0.425
train_R1,88,G02,train,mid,R0,R0,sc04,T4,62,155,c224,"['c202', 'c224', 'c242']",0.75
train_R1,88,G02,train,mid,R0,R0,sc04,T4,104,260,c242,"['c221', 'c242']",0.6
train_R1,88,G02,train,mid,R0,R0,sc04,T4,147,367,c242,"['c232', 'c242']",0.6
train_R1,88,G02,train,mid,R0,R0,sc04,T4,189,472,c322,"['c220', 'c322']",0.7
train_R1,88,G02,train,mid,R0,R0,sc04,T4,231,577,c220,"['c220', 'c222']",0.55
train_R1,89,G02,train,mid,R0,R0,sc05,T5,20,50,c122,"['c022', 'c122', 'c222']",0.6
train_R1,89,G02,train,mid,R0,R0,sc05,T5,62,155,c222,['c222'],1.0
train_R1,89,G02,train,mid,R0,R0,sc05,T5,104,260,c212,"['c212', 'c422']",0.725
train_R1,89,G02,train,mid,R0,R0,sc05,T5,147,367,c422,"['c222', 'c422']",0.75
train_R1,89,G02,train,mid,R0,R0,sc05,T5,189,472,c222,"['c202', 'c220', 'c222']",0.75
train_R1,89,G02,train,mid,R0,R0,sc05,T5,231,577,c220,"['c220', 'c232', 'c322']",0.45
train_R1,72,G02,train,nominal,R0,R0,sc00,T0,20,50,c422,"['c202', 'c223', 'c422']",0.425
train_R1,72,G02,train,nominal,R0,R0,sc00,T0,62,155,c224,"['c224', 'c242']",0.575
train_R1,72,G02,train,nominal,R0,R0,sc00,T0,104,260,c220,"['c220', 'c422']",0.575
train_R1,72,G02,train,nominal,R0,R0,sc00,T0,147,367,c422,"['c122', 'c422']",0.75
train_R1,72,G02,train,nominal,R0,R0,sc00,T0,189,472,c122,"['c122', 'c202', 'c322']",0.45
train_R1,72,G02,train,nominal,R0,R0,sc00,T0,231,577,c202,"['c202', 'c242']",0.75
train_R1,73,G02,train,nominal,R0,R0,sc01,T1,20,50,c022,"['c022', 'c212']",0.725
train_R1,73,G02,train,nominal,R0,R0,sc01,T1,62,155,c212,"['c212', 'c222', 'c422']",0.45
train_R1,73,G02,train,nominal,R0,R0,sc01,T1,104,260,c223,"['c223', 'c232']",0.725
train_R1,73,G02,train,nominal,R0,R0,sc01,T1,147,367,c232,"['c022', 'c232']",0.6
train_R1,73,G02,train,nominal,R0,R0,sc01,T1,189,472,c220,"['c022', 'c220']",0.55
train_R1,73,G02,train,nominal,R0,R0,sc01,T1,231,577,c322,"['c122', 'c221', 'c322']",0.4
train_R1,74,G02,train,nominal,R0,R0,sc02,T2,20,50,c224,"['c202', 'c224']",0.725
train_R1,74,G02,train,nominal,R0,R0,sc02,T2,62,155,c212,"['c212', 'c224']",0.725
train_R1,74,G02,train,nominal,R0,R0,sc02,T2,104,260,c221,"['c212', 'c221', 'c222']",0.425
train_R1,74,G02,train,nominal,R0,R0,sc02,T2,147,367,c212,"['c212', 'c222', 'c223']",0.475
train_R1,74,G02,train,nominal,R0,R0,sc02,T2,189,472,c223,"['c223', 'c224', 'c232']",0.6
train_R1,74,G02,train,nominal,R0,R0,sc02,T2,231,577,c232,"['c022', 'c232']",0.75
train_R1,75,G02,train,nominal,R0,R0,sc03,T3,20,50,c222,['c222'],1.0
train_R1,75,G02,train,nominal,R0,R0,sc03,T3,62,155,c222,"['c122', 'c222', 'c242']",0.6
train_R1,75,G02,train,nominal,R0,R0,sc03,T3,105,262,c242,"['c212', 'c242', 'c322']",0.475
train_R1,75,G02,train,nominal,R0,R0,sc03,T3,147,367,c212,"['c212', 'c223', 'c422']",0.45
train_R1,75,G02,train,nominal,R0,R0,sc03,T3,190,475,c223,"['c223', 'c232']",0.75
train_R1,75,G02,train,nominal,R0,R0,sc03,T3,232,580,c222,"['c221', 'c222']",0.7692307692307693
train_R1,76,G02,train,nominal,R0,R0,sc04,T4,20,50,c221,"['c221', 'c222', 'c224']",0.425
train_R1,76,G02,train,nominal,R0,R0,sc04,T4,62,155,c224,"['c202', 'c224', 'c242']",0.75
train_R1,76,G02,train,nominal,R0,R0,sc04,T4,104,260,c242,"['c221', 'c242']",0.6
train_R1,76,G02,train,nominal,R0,R0,sc04,T4,147,367,c242,"['c232', 'c242']",0.6
train_R1,76,G02,train,nominal,R0,R0,sc04,T4,189,472,c322,"['c220', 'c322']",0.7
train_R1,76,G02,train,nominal,R0,R0,sc04,T4,231,577,c220,"['c220', 'c222']",0.55
train_R1,77,G02,train,nominal,R0,R0,sc05,T5,20,50,c122,"['c022', 'c122', 'c222']",0.6
train_R1,77,G02,train,nominal,R0,R0,sc05,T5,62,155,c222,['c222'],1.0
train_R1,77,G02,train,nominal,R0,R0,sc05,T5,104,260,c212,"['c212', 'c422']",0.725
train_R1,77,G02,train,nominal,R0,R0,sc05,T5,147,367,c422,"['c222', 'c422']",0.75
train_R1,77,G02,train,nominal,R0,R0,sc05,T5,189,472,c222,"['c202', 'c220', 'c222']",0.75
train_R1,77,G02,train,nominal,R0,R0,sc05,T5,231,577,c220,"['c220', 'c232', 'c322']",0.45
train_R1,132,G03,train,low,R0,R0,sc00,T0,20,50,c223,"['c223', 'c224', 'c242']",0.425
train_R1,132,G03,train,low,R0,R0,sc00,T0,62,155,c202,"['c202', 'c220']",0.575
train_R1,132,G03,train,low,R0,R0,sc00,T0,104,260,c022,"['c022', 'c212']",0.575
train_R1,132,G03,train,low,R0,R0,sc00,T0,147,367,c212,"['c212', 'c222']",0.75
train_R1,132,G03,train,low,R0,R0,sc00,T0,189,472,c322,"['c212', 'c232', 'c322']",0.45
train_R1,132,G03,train,low,R0,R0,sc00,T0,231,577,c212,"['c212', 'c422']",0.75
train_R1,133,G03,train,low,R0,R0,sc01,T1,20,50,c222,['c222'],1.0
train_R1,133,G03,train,low,R0,R0,sc01,T1,62,155,c222,"['c222', 'c422']",0.725
train_R1,133,G03,train,low,R0,R0,sc01,T1,104,260,c212,"['c212', 'c322']",0.725
train_R1,133,G03,train,low,R0,R0,sc01,T1,147,367,c322,"['c202', 'c322']",0.6
train_R1,133,G03,train,low,R0,R0,sc01,T1,189,472,c322,"['c202', 'c322']",0.55
train_R1,133,G03,train,low,R0,R0,sc01,T1,231,577,c322,"['c221', 'c224', 'c322']",0.4
train_R1,134,G03,train,low,R0,R0,sc02,T2,20,50,c242,"['c212', 'c242']",0.725
train_R1,134,G03,train,low,R0,R0,sc02,T2,62,155,c122,"['c122', 'c222']",0.725
train_R1,134,G03,train,low,R0,R0,sc02,T2,104,260,c122,"['c122', 'c220', 'c222']",0.425
train_R1,134,G03,train,low,R0,R0,sc02,T2,147,367,c222,"['c022', 'c222', 'c224']",0.475
train_R1,134,G03,train,low,R0,R0,sc02,T2,189,472,c224,"['c122', 'c202', 'c224']",0.6
train_R1,134,G03,train,low,R0,R0,sc02,T2,231,577,c202,"['c202', 'c222']",0.75
train_R1,135,G03,train,low,R0,R0,sc03,T3,20,50,c220,"['c220', 'c223']",0.575
train_R1,135,G03,train,low,R0,R0,sc03,T3,62,155,c223,"['c222', 'c223', 'c232']",0.6
train_R1,135,G03,train,low,R0,R0,sc03,T3,105,262,c232,"['c232', 'c242']",0.525
train_R1,135,G03,train,low,R0,R0,sc03,T3,147,367,c232,"['c232', 'c422']",0.725
train_R1,135,G03,train,low,R0,R0,sc03,T3,190,475,c422,"['c223', 'c422']",0.75
train_R1,135,G03,train,low,R0,R0,sc03,T3,232,580,c212,"['c212', 'c322']",0.7692307692307693
train_R1,136,G03,train,low,R0,R0,sc04,T4,20,50,c224,"['c022', 'c224']",0.575
train_R1,136,G03,train,low,R0,R0,sc04,T4,62,155,c022,"['c022', 'c221']",0.875
train_R1,136,G03,train,low,R0,R0,sc04,T4,104,260,c221,"['c221', 'c232', 'c422']",0.6
train_R1,136,G03,train,low,R0,R0,sc04,T4,147,367,c422,"['c222', 'c422']",0.6
train_R1,136,G03,train,low,R0,R0,sc04,T4,189,472,c224,"['c221', 'c224']",0.7
train_R1,136,G03,train,low,R0,R0,sc04,T4,231,577,c220,"['c220', 'c223']",0.55
train_R1,137,G03,train,low,R0,R0,sc05,T5,20,50,c202,"['c022', 'c122', 'c202']",0.6
train_R1,137,G03,train,low,R0,R0,sc05,T5,62,155,c122,"['c122', 'c221']",0.725
train_R1,137,G03,train,low,R0,R0,sc05,T5,104,260,c222,"['c122', 'c222']",0.725
train_R1,137,G03,train,low,R0,R0,sc05,T5,147,367,c122,"['c122', 'c220', 'c222']",0.45
train_R1,137,G03,train,low,R0,R0,sc05,T5,189,472,c222,"['c222', 'c223', 'c242']",0.75
train_R1,137,G03,train,low,R0,R0,sc05,T5,231,577,c242,"['c222', 'c242']",0.55
train_R1,120,G03,train,mid,R0,R0,sc00,T0,20,50,c223,"['c223', 'c224', 'c242']",0.425
train_R1,120,G03,train,mid,R0,R0,sc00,T0,62,155,c202,"['c202', 'c220']",0.575
train_R1,120,G03,train,mid,R0,R0,sc00,T0,104,260,c022,"['c022', 'c212']",0.575
train_R1,120,G03,train,mid,R0,R0,sc00,T0,147,367,c212,"['c212', 'c222']",0.75
train_R1,120,G03,train,mid,R0,R0,sc00,T0,189,472,c322,"['c212', 'c232', 'c322']",0.45
train_R1,120,G03,train,mid,R0,R0,sc00,T0,231,577,c212,"['c212', 'c422']",0.75
train_R1,121,G03,train,mid,R0,R0,sc01,T1,20,50,c222,['c222'],1.0
train_R1,121,G03,train,mid,R0,R0,sc01,T1,62,155,c222,"['c222', 'c422']",0.725
train_R1,121,G03,train,mid,R0,R0,sc01,T1,104,260,c212,"['c212', 'c322']",0.725
train_R1,121,G03,train,mid,R0,R0,sc01,T1,147,367,c322,"['c202', 'c322']",0.6
train_R1,121,G03,train,mid,R0,R0,sc01,T1,189,472,c322,"['c202', 'c322']",0.55
train_R1,121,G03,train,mid,R0,R0,sc01,T1,231,577,c322,"['c221', 'c224', 'c322']",0.4
train_R1,122,G03,train,mid,R0,R0,sc02,T2,20,50,c242,"['c212', 'c242']",0.725
train_R1,122,G03,train,mid,R0,R0,sc02,T2,62,155,c122,"['c122', 'c222']",0.725
train_R1,122,G03,train,mid,R0,R0,sc02,T2,104,260,c122,"['c122', 'c220', 'c222']",0.425
train_R1,122,G03,train,mid,R0,R0,sc02,T2,147,367,c222,"['c022', 'c222', 'c224']",0.475
train_R1,122,G03,train,mid,R0,R0,sc02,T2,189,472,c224,"['c122', 'c202', 'c224']",0.6
train_R1,122,G03,train,mid,R0,R0,sc02,T2,231,577,c202,"['c202', 'c222']",0.75
train_R1,123,G03,train,mid,R0,R0,sc03,T3,20,50,c220,"['c220', 'c223']",0.575
train_R1,123,G03,train,mid,R0,R0,sc03,T3,62,155,c223,"['c222', 'c223', 'c232']",0.6
train_R1,123,G03,train,mid,R0,R0,sc03,T3,105,262,c232,"['c232', 'c242']",0.525
train_R1,123,G03,train,mid,R0,R0,sc03,T3,147,367,c232,"['c232', 'c422']",0.725
train_R1,123,G03,train,mid,R0,R0,sc03,T3,190,475,c422,"['c223', 'c422']",0.75
train_R1,123,G03,train,mid,R0,R0,sc03,T3,232,580,c212,"['c212', 'c322']",0.7692307692307693
train_R1,124,G03,train,mid,R0,R0,sc04,T4,20,50,c224,"['c022', 'c224']",0.575
train_R1,124,G03,train,mid,R0,R0,sc04,T4,62,155,c022,"['c022', 'c221']",0.875
train_R1,124,G03,train,mid,R0,R0,sc04,T4,104,260,c221,"['c221', 'c232', 'c422']",0.6
train_R1,124,G03,train,mid,R0,R0,sc04,T4,147,367,c422,"['c222', 'c422']",0.6
train_R1,124,G03,train,mid,R0,R0,sc04,T4,189,472,c224,"['c221', 'c224']",0.7
train_R1,124,G03,train,mid,R0,R0,sc04,T4,231,577,c220,"['c220', 'c223']",0.55
train_R1,125,G03,train,mid,R0,R0,sc05,T5,20,50,c202,"['c022', 'c122', 'c202']",0.6
train_R1,125,G03,train,mid,R0,R0,sc05,T5,62,155,c122,"['c122', 'c221']",0.725
train_R1,125,G03,train,mid,R0,R0,sc05,T5,104,260,c222,"['c122', 'c222']",0.725
train_R1,125,G03,train,mid,R0,R0,sc05,T5,147,367,c122,"['c122', 'c220', 'c222']",0.45
train_R1,125,G03,train,mid,R0,R0,sc05,T5,189,472,c222,"['c222', 'c223', 'c242']",0.75
train_R1,125,G03,train,mid,R0,R0,sc05,T5,231,577,c242,"['c222', 'c242']",0.55
train_R1,108,G03,train,nominal,R0,R0,sc00,T0,20,50,c223,"['c223', 'c224', 'c242']",0.425
train_R1,108,G03,train,nominal,R0,R0,sc00,T0,62,155,c202,"['c202', 'c220']",0.575
train_R1,108,G03,train,nominal,R0,R0,sc00,T0,104,260,c022,"['c022', 'c212']",0.575
train_R1,108,G03,train,nominal,R0,R0,sc00,T0,147,367,c212,"['c212', 'c222']",0.75
train_R1,108,G03,train,nominal,R0,R0,sc00,T0,189,472,c322,"['c212', 'c232', 'c322']",0.45
train_R1,108,G03,train,nominal,R0,R0,sc00,T0,231,577,c212,"['c212', 'c422']",0.75
train_R1,109,G03,train,nominal,R0,R0,sc01,T1,20,50,c222,['c222'],1.0
train_R1,109,G03,train,nominal,R0,R0,sc01,T1,62,155,c222,"['c222', 'c422']",0.725
train_R1,109,G03,train,nominal,R0,R0,sc01,T1,104,260,c212,"['c212', 'c322']",0.725
train_R1,109,G03,train,nominal,R0,R0,sc01,T1,147,367,c322,"['c202', 'c322']",0.6
train_R1,109,G03,train,nominal,R0,R0,sc01,T1,189,472,c322,"['c202', 'c322']",0.55
train_R1,109,G03,train,nominal,R0,R0,sc01,T1,231,577,c322,"['c221', 'c224', 'c322']",0.4
train_R1,110,G03,train,nominal,R0,R0,sc02,T2,20,50,c242,"['c212', 'c242']",0.725
train_R1,110,G03,train,nominal,R0,R0,sc02,T2,62,155,c122,"['c122', 'c222']",0.725
train_R1,110,G03,train,nominal,R0,R0,sc02,T2,104,260,c122,"['c122', 'c220', 'c222']",0.425
train_R1,110,G03,train,nominal,R0,R0,sc02,T2,147,367,c222,"['c022', 'c222', 'c224']",0.475
train_R1,110,G03,train,nominal,R0,R0,sc02,T2,189,472,c224,"['c122', 'c202', 'c224']",0.6
train_R1,110,G03,train,nominal,R0,R0,sc02,T2,231,577,c202,"['c202', 'c222']",0.75
train_R1,111,G03,train,nominal,R0,R0,sc03,T3,20,50,c220,"['c220', 'c223']",0.575
train_R1,111,G03,train,nominal,R0,R0,sc03,T3,62,155,c223,"['c222', 'c223', 'c232']",0.6
train_R1,111,G03,train,nominal,R0,R0,sc03,T3,105,262,c232,"['c232', 'c242']",0.525
train_R1,111,G03,train,nominal,R0,R0,sc03,T3,147,367,c232,"['c232', 'c422']",0.725
train_R1,111,G03,train,nominal,R0,R0,sc03,T3,190,475,c422,"['c223', 'c422']",0.75
train_R1,111,G03,train,nominal,R0,R0,sc03,T3,232,580,c212,"['c212', 'c322']",0.7692307692307693
train_R1,112,G03,train,nominal,R0,R0,sc04,T4,20,50,c224,"['c022', 'c224']",0.575
train_R1,112,G03,train,nominal,R0,R0,sc04,T4,62,155,c022,"['c022', 'c221']",0.875
train_R1,112,G03,train,nominal,R0,R0,sc04,T4,104,260,c221,"['c221', 'c232', 'c422']",0.6
train_R1,112,G03,train,nominal,R0,R0,sc04,T4,147,367,c422,"['c222', 'c422']",0.6
train_R1,112,G03,train,nominal,R0,R0,sc04,T4,189,472,c224,"['c221', 'c224']",0.7
train_R1,112,G03,train,nominal,R0,R0,sc04,T4,231,577,c220,"['c220', 'c223']",0.55
train_R1,113,G03,train,nominal,R0,R0,sc05,T5,20,50,c202,"['c022', 'c122', 'c202']",0.6
train_R1,113,G03,train,nominal,R0,R0,sc05,T5,62,155,c122,"['c122', 'c221']",0.725
train_R1,113,G03,train,nominal,R0,R0,sc05,T5,104,260,c222,"['c122', 'c222']",0.725
train_R1,113,G03,train,nominal,R0,R0,sc05,T5,147,367,c122,"['c122', 'c220', 'c222']",0.45
train_R1,113,G03,train,nominal,R0,R0,sc05,T5,189,472,c222,"['c222', 'c223', 'c242']",0.75
train_R1,113,G03,train,nominal,R0,R0,sc05,T5,231,577,c242,"['c222', 'c242']",0.55
train_R1,168,G04,train,low,R0,R0,sc00,T0,20,50,c422,"['c322', 'c422']",0.7
train_R1,168,G04,train,low,R0,R0,sc00,T0,62,155,c224,"['c222', 'c224']",0.575
train_R1,168,G04,train,low,R0,R0,sc00,T0,104,260,c322,"['c222', 'c322']",0.575
train_R1,168,G04,train,low,R0,R0,sc00,T0,147,367,c222,"['c022', 'c222']",0.75
train_R1,168,G04,train,low,R0,R0,sc00,T0,189,472,c232,"['c122', 'c220', 'c232']",0.45
train_R1,168,G04,train,low,R0,R0,sc00,T0,231,577,c220,"['c220', 'c223']",0.75
train_R1,169,G04,train,low,R0,R0,sc01,T1,20,50,c242,"['c224', 'c242']",0.725
train_R1,169,G04,train,low,R0,R0,sc01,T1,62,155,c224,"['c224', 'c232', 'c242']",0.45
train_R1,169,G04,train,low,R0,R0,sc01,T1,104,260,c223,"['c202', 'c223']",0.725
train_R1,169,G04,train,low,R0,R0,sc01,T1,147,367,c202,"['c202', 'c224']",0.6
train_R1,169,G04,train,low,R0,R0,sc01,T1,189,472,c242,"['c122', 'c242']",0.55
train_R1,169,G04,train,low,R0,R0,sc01,T1,231,577,c422,"['c212', 'c322', 'c422']",0.4
train_R1,170,G04,train,low,R0,R0,sc02,T2,20,50,c122,"['c122', 'c232']",0.725
train_R1,170,G04,train,low,R0,R0,sc02,T2,62,155,c212,"['c212', 'c322']",0.725
train_R1,170,G04,train,low,R0,R0,sc02,T2,104,260,c223,"['c202', 'c222', 'c223']",0.425
train_R1,170,G04,train,low,R0,R0,sc02,T2,147,367,c202,"['c122', 'c202', 'c221']",0.475
train_R1,170,G04,train,low,R0,R0,sc02,T2,189,472,c122,"['c122', 'c212', 'c220']",0.6
train_R1,170,G04,train,low,R0,R0,sc02,T2,231,577,c220,"['c220', 'c222']",0.75
train_R1,171,G04,train,low,R0,R0,sc03,T3,20,50,c422,"['c022', 'c422']",0.575
train_R1,171,G04,train,low,R0,R0,sc03,T3,62,155,c022,"['c022', 'c222', 'c223']",0.6
train_R1,171,G04,train,low,R0,R0,sc03,T3,105,262,c223,"['c222', 'c223']",0.6
train_R1,171,G04,train,low,R0,R0,sc03,T3,147,367,c222,"['c212', 'c222', 'c242']",0.45
train_R1,171,G04,train,low,R0,R0,sc03,T3,190,475,c202,"['c202', 'c224']",0.75
train_R1,171,G04,train,low,R0,R0,sc03,T3,232,580,c222,"['c222', 'c232']",0.7692307692307693
train_R1,172,G04,train,low,R0,R0,sc04,T4,20,50,c220,"['c022', 'c220', 'c224']",0.425
train_R1,172,G04,train,low,R0,R0,sc04,T4,62,155,c022,"['c022', 'c122']",0.75
train_R1,172,G04,train,low,R0,R0,sc04,T4,104,260,c022,"['c022', 'c220', 'c222']",0.6
train_R1,172,G04,train,low,R0,R0,sc04,T4,147,367,c222,"['c221', 'c222']",0.6
train_R1,172,G04,train,low,R0,R0,sc04,T4,189,472,c022,"['c022', 'c223']",0.7
train_R1,172,G04,train,low,R0,R0,sc04,T4,231,577,c422,"['c221', 'c422']",0.55
train_R1,173,G04,train,low,R0,R0,sc05,T5,20,50,c221,"['c202', 'c220', 'c221']",0.6
train_R1,173,G04,train,low,R0,R0,sc05,T5,62,155,c220,"['c220', 'c221']",0.725
train_R1,173,G04,train,low,R0,R0,sc05,T5,104,260,c222,['c222'],1.0
train_R1,173,G04,train,low,R0,R0,sc05,T5,147,367,c222,"['c212', 'c222']",0.7
train_R1,173,G04,train,low,R0,R0,sc05,T5,189,472,c222,"['c222', 'c232', 'c242']",0.75
train_R1,173,G04,train,low,R0,R0,sc05,T5,231,577,c242,"['c202', 'c242', 'c322']",0.45
train_R1,156,G04,train,mid,R0,R0,sc00,T0,20,50,c422,"['c322', 'c422']",0.7
train_R1,156,G04,train,mid,R0,R0,sc00,T0,62,155,c224,"['c222', 'c224']",0.575
train_R1,156,G04,train,mid,R0,R0,sc00,T0,104,260,c322,"['c222', 'c322']",0.575
train_R1,156,G04,train,mid,R0,R0,sc00,T0,147,367,c222,"['c022', 'c222']",0.75
train_R1,156,G04,train,mid,R0,R0,sc00,T0,189,472,c232,"['c122', 'c220', 'c232']",0.45
train_R1,156,G04,train,mid,R0,R0,sc00,T0,231,577,c220,"['c220', 'c223']",0.75
train_R1,157,G04,train,mid,R0,R0,sc01,T1,20,50,c242,"['c224', 'c242']",0.725
train_R1,157,G04,train,mid,R0,R0,sc01,T1,62,155,c224,"['c224', 'c232', 'c242']",0.45
train_R1,157,G04,train,mid,R0,R0,sc01,T1,104,260,c223,"['c202', 'c223']",0.725
train_R1,157,G04,train,mid,R0,R0,sc01,T1,147,367,c202,"['c202', 'c224']",0.6
train_R1,157,G04,train,mid,R0,R0,sc01,T1,189,472,c242,"['c122', 'c242']",0.55
train_R1,157,G04,train,mid,R0,R0,sc01,T1,231,577,c422,"['c212', 'c322', 'c422']",0.4
train_R1,158,G04,train,mid,R0,R0,sc02,T2,20,50,c122,"['c122', 'c232']",0.725
train_R1,158,G04,train,mid,R0,R0,sc02,T2,62,155,c212,"['c212', 'c322']",0.725
train_R1,158,G04,train,mid,R0,R0,sc02,T2,104,260,c223,"['c202', 'c222', 'c223']",0.425
train_R1,158,G04,train,mid,R0,R0,sc02,T2,147,367,c202,"['c122', 'c202', 'c221']",0.475
train_R1,158,G04,train,mid,R0,R0,sc02,T2,189,472,c122,"['c122', 'c212', 'c220']",0.6
train_R1,158,G04,train,mid,R0,R0,sc02,T2,231,577,c220,"['c220', 'c222']",0.75
train_R1,159,G04,train,mid,R0,R0,sc03,T3,20,50,c422,"['c022', 'c422']",0.575
train_R1,159,G04,train,mid,R0,R0,sc03,T3,62,155,c022,"['c022', 'c222', 'c223']",0.6
train_R1,159,G04,train,mid,R0,R0,sc03,T3,105,262,c223,"['c222', 'c223']",0.6
train_R1,159,G04,train,mid,R0,R0,sc03,T3,147,367,c222,"['c212', 'c222', 'c242']",0.45
train_R1,159,G04,train,mid,R0,R0,sc03,T3,190,475,c202,"['c202', 'c224']",0.75
train_R1,159,G04,train,mid,R0,R0,sc03,T3,232,580,c222,"['c222', 'c232']",0.7692307692307693
train_R1,160,G04,train,mid,R0,R0,sc04,T4,20,50,c220,"['c022', 'c220', 'c224']",0.425
train_R1,160,G04,train,mid,R0,R0,sc04,T4,62,155,c022,"['c022', 'c122']",0.75
train_R1,160,G04,train,mid,R0,R0,sc04,T4,104,260,c022,"['c022', 'c220', 'c222']",0.6
train_R1,160,G04,train,mid,R0,R0,sc04,T4,147,367,c222,"['c221', 'c222']",0.6
train_R1,160,G04,train,mid,R0,R0,sc04,T4,189,472,c022,"['c022', 'c223']",0.7
train_R1,160,G04,train,mid,R0,R0,sc04,T4,231,577,c422,"['c221', 'c422']",0.55
train_R1,161,G04,train,mid,R0,R0,sc05,T5,20,50,c221,"['c202', 'c220', 'c221']",0.6
train_R1,161,G04,train,mid,R0,R0,sc05,T5,62,155,c220,"['c220', 'c221']",0.725
train_R1,161,G04,train,mid,R0,R0,sc05,T5,104,260,c222,['c222'],1.0
train_R1,161,G04,train,mid,R0,R0,sc05,T5,147,367,c222,"['c212', 'c222']",0.7
train_R1,161,G04,train,mid,R0,R0,sc05,T5,189,472,c222,"['c222', 'c232', 'c242']",0.75
train_R1,161,G04,train,mid,R0,R0,sc05,T5,231,577,c242,"['c202', 'c242', 'c322']",0.45
train_R1,144,G04,train,nominal,R0,R0,sc00,T0,20,50,c422,"['c322', 'c422']",0.7
train_R1,144,G04,train,nominal,R0,R0,sc00,T0,62,155,c224,"['c222', 'c224']",0.575
train_R1,144,G04,train,nominal,R0,R0,sc00,T0,104,260,c322,"['c222', 'c322']",0.575
train_R1,144,G04,train,nominal,R0,R0,sc00,T0,147,367,c222,"['c022', 'c222']",0.75
train_R1,144,G04,train,nominal,R0,R0,sc00,T0,189,472,c232,"['c122', 'c220', 'c232']",0.45
train_R1,144,G04,train,nominal,R0,R0,sc00,T0,231,577,c220,"['c220', 'c223']",0.75
train_R1,145,G04,train,nominal,R0,R0,sc01,T1,20,50,c242,"['c224', 'c242']",0.725
train_R1,145,G04,train,nominal,R0,R0,sc01,T1,62,155,c224,"['c224', 'c232', 'c242']",0.45
train_R1,145,G04,train,nominal,R0,R0,sc01,T1,104,260,c223,"['c202', 'c223']",0.725
train_R1,145,G04,train,nominal,R0,R0,sc01,T1,147,367,c202,"['c202', 'c224']",0.6
train_R1,145,G04,train,nominal,R0,R0,sc01,T1,189,472,c242,"['c122', 'c242']",0.55
train_R1,145,G04,train,nominal,R0,R0,sc01,T1,231,577,c422,"['c212', 'c322', 'c422']",0.4
train_R1,146,G04,train,nominal,R0,R0,sc02,T2,20,50,c122,"['c122', 'c232']",0.725
train_R1,146,G04,train,nominal,R0,R0,sc02,T2,62,155,c212,"['c212', 'c322']",0.725
train_R1,146,G04,train,nominal,R0,R0,sc02,T2,104,260,c223,"['c202', 'c222', 'c223']",0.425
train_R1,146,G04,train,nominal,R0,R0,sc02,T2,147,367,c202,"['c122', 'c202', 'c221']",0.475
train_R1,146,G04,train,nominal,R0,R0,sc02,T2,189,472,c122,"['c122', 'c212', 'c220']",0.6
train_R1,146,G04,train,nominal,R0,R0,sc02,T2,231,577,c220,"['c220', 'c222']",0.75
train_R1,147,G04,train,nominal,R0,R0,sc03,T3,20,50,c422,"['c022', 'c422']",0.575
train_R1,147,G04,train,nominal,R0,R0,sc03,T3,62,155,c022,"['c022', 'c222', 'c223']",0.6
train_R1,147,G04,train,nominal,R0,R0,sc03,T3,105,262,c223,"['c222', 'c223']",0.6
train_R1,147,G04,train,nominal,R0,R0,sc03,T3,147,367,c222,"['c212', 'c222', 'c242']",0.45
train_R1,147,G04,train,nominal,R0,R0,sc03,T3,190,475,c202,"['c202', 'c224']",0.75
train_R1,147,G04,train,nominal,R0,R0,sc03,T3,232,580,c222,"['c222', 'c232']",0.7692307692307693
train_R1,148,G04,train,nominal,R0,R0,sc04,T4,20,50,c220,"['c022', 'c220', 'c224']",0.425
train_R1,148,G04,train,nominal,R0,R0,sc04,T4,62,155,c022,"['c022', 'c122']",0.75
train_R1,148,G04,train,nominal,R0,R0,sc04,T4,104,260,c022,"['c022', 'c220', 'c222']",0.6
train_R1,148,G04,train,nominal,R0,R0,sc04,T4,147,367,c222,"['c221', 'c222']",0.6
train_R1,148,G04,train,nominal,R0,R0,sc04,T4,189,472,c022,"['c022', 'c223']",0.7
train_R1,148,G04,train,nominal,R0,R0,sc04,T4,231,577,c422,"['c221', 'c422']",0.55
train_R1,149,G04,train,nominal,R0,R0,sc05,T5,20,50,c221,"['c202', 'c220', 'c221']",0.6
train_R1,149,G04,train,nominal,R0,R0,sc05,T5,62,155,c220,"['c220', 'c221']",0.725
train_R1,149,G04,train,nominal,R0,R0,sc05,T5,104,260,c222,['c222'],1.0
train_R1,149,G04,train,nominal,R0,R0,sc05,T5,147,367,c222,"['c212', 'c222']",0.7
train_R1,149,G04,train,nominal,R0,R0,sc05,T5,189,472,c222,"['c222', 'c232', 'c242']",0.75
train_R1,149,G04,train,nominal,R0,R0,sc05,T5,231,577,c242,"['c202', 'c242', 'c322']",0.45
train_R1,204,G05,train,low,R0,R0,sc00,T0,20,50,c222,"['c202', 'c222', 'c422']",0.425
train_R1,204,G05,train,low,R0,R0,sc00,T0,62,155,c220,"['c220', 'c232']",0.575
train_R1,204,G05,train,low,R0,R0,sc00,T0,104,260,c202,"['c202', 'c212']",0.575
train_R1,204,G05,train,low,R0,R0,sc00,T0,147,367,c212,"['c212', 'c220']",0.75
train_R1,204,G05,train,low,R0,R0,sc00,T0,189,472,c022,"['c022', 'c221', 'c222']",0.45
train_R1,204,G05,train,low,R0,R0,sc00,T0,231,577,c221,"['c221', 'c223']",0.75
train_R1,205,G05,train,low,R0,R0,sc01,T1,20,50,c122,"['c122', 'c212']",0.725
train_R1,205,G05,train,low,R0,R0,sc01,T1,62,155,c212,"['c022', 'c212', 'c422']",0.45
train_R1,205,G05,train,low,R0,R0,sc01,T1,104,260,c202,"['c202', 'c232']",0.725
train_R1,205,G05,train,low,R0,R0,sc01,T1,147,367,c232,"['c232', 'c422']",0.6
train_R1,205,G05,train,low,R0,R0,sc01,T1,189,472,c224,"['c222', 'c224']",0.55
train_R1,205,G05,train,low,R0,R0,sc01,T1,231,577,c222,"['c222', 'c224']",0.7
train_R1,206,G05,train,low,R0,R0,sc02,T2,20,50,c202,"['c202', 'c322']",0.725
train_R1,206,G05,train,low,R0,R0,sc02,T2,62,155,c222,"['c222', 'c242']",0.725
train_R1,206,G05,train,low,R0,R0,sc02,T2,104,260,c022,"['c022', 'c202', 'c242']",0.425
train_R1,206,G05,train,low,R0,R0,sc02,T2,147,367,c202,"['c202', 'c212', 'c222']",0.475
train_R1,206,G05,train,low,R0,R0,sc02,T2,189,472,c212,"['c022', 'c212', 'c322']",0.6
train_R1,206,G05,train,low,R0,R0,sc02,T2,231,577,c022,"['c022', 'c223']",0.75
train_R1,207,G05,train,low,R0,R0,sc03,T3,20,50,c232,"['c122', 'c232']",0.575
train_R1,207,G05,train,low,R0,R0,sc03,T3,62,155,c122,"['c122', 'c220', 'c223']",0.6
train_R1,207,G05,train,low,R0,R0,sc03,T3,105,262,c223,"['c221', 'c223']",0.875
train_R1,207,G05,train,low,R0,R0,sc03,T3,147,367,c221,"['c221', 'c222', 'c322']",0.45
train_R1,207,G05,train,low,R0,R0,sc03,T3,190,475,c212,"['c212', 'c224']",0.75
train_R1,207,G05,train,low,R0,R0,sc03,T3,232,580,c122,"['c122', 'c221']",0.7692307692307693
train_R1,208,G05,train,low,R0,R0,sc04,T4,20,50,c212,"['c212', 'c220', 'c224']",0.425
train_R1,208,G05,train,low,R0,R0,sc04,T4,62,155,c220,"['c220', 'c222', 'c422']",0.75
train_R1,208,G05,train,low,R0,R0,sc04,T4,104,260,c422,"['c221', 'c222', 'c422']",0.6
train_R1,208,G05,train,low,R0,R0,sc04,T4,147,367,c222,"['c222', 'c232']",0.6
train_R1,208,G05,train,low,R0,R0,sc04,T4,189,472,c242,"['c242', 'c422']",0.7
train_R1,208,G05,train,low,R0,R0,sc04,T4,231,577,c220,"['c220', 'c224']",0.55
train_R1,209,G05,train,low,R0,R0,sc05,T5,20,50,c242,"['c022', 'c242']",0.875
train_R1,209,G05,train,low,R0,R0,sc05,T5,62,155,c022,"['c022', 'c222']",0.725
train_R1,209,G05,train,low,R0,R0,sc05,T5,104,260,c232,"['c223', 'c232']",0.725
train_R1,209,G05,train,low,R0,R0,sc05,T5,147,367,c223,"['c122', 'c221', 'c223']",0.45
train_R1,209,G05,train,low,R0,R0,sc05,T5,189,472,c221,"['c221', 'c322']",0.9
train_R1,209,G05,train,low,R0,R0,sc05,T5,231,577,c322,"['c122', 'c222', 'c322']",0.45
train_R1,192,G05,train,mid,R0,R0,sc00,T0,20,50,c222,"['c202', 'c222', 'c422']",0.425
train_R1,192,G05,train,mid,R0,R0,sc00,T0,62,155,c220,"['c220', 'c232']",0.575
train_R1,192,G05,train,mid,R0,R0,sc00,T0,104,260,c202,"['c202', 'c212']",0.575
train_R1,192,G05,train,mid,R0,R0,sc00,T0,147,367,c212,"['c212', 'c220']",0.75
train_R1,192,G05,train,mid,R0,R0,sc00,T0,189,472,c022,"['c022', 'c221', 'c222']",0.45
train_R1,192,G05,train,mid,R0,R0,sc00,T0,231,577,c221,"['c221', 'c223']",0.75
train_R1,193,G05,train,mid,R0,R0,sc01,T1,20,50,c122,"['c122', 'c212']",0.725
train_R1,193,G05,train,mid,R0,R0,sc01,T1,62,155,c212,"['c022', 'c212', 'c422']",0.45
train_R1,193,G05,train,mid,R0,R0,sc01,T1,104,260,c202,"['c202', 'c232']",0.725
train_R1,193,G05,train,mid,R0,R0,sc01,T1,147,367,c232,"['c232', 'c422']",0.6
train_R1,193,G05,train,mid,R0,R0,sc01,T1,189,472,c224,"['c222', 'c224']",0.55
train_R1,193,G05,train,mid,R0,R0,sc01,T1,231,577,c222,"['c222', 'c224']",0.7
train_R1,194,G05,train,mid,R0,R0,sc02,T2,20,50,c202,"['c202', 'c322']",0.725
train_R1,194,G05,train,mid,R0,R0,sc02,T2,62,155,c222,"['c222', 'c242']",0.725
train_R1,194,G05,train,mid,R0,R0,sc02,T2,104,260,c022,"['c022', 'c202', 'c242']",0.425
train_R1,194,G05,train,mid,R0,R0,sc02,T2,147,367,c202,"['c202', 'c212', 'c222']",0.475
train_R1,194,G05,train,mid,R0,R0,sc02,T2,189,472,c212,"['c022', 'c212', 'c322']",0.6
train_R1,194,G05,train,mid,R0,R0,sc02,T2,231,577,c022,"['c022', 'c223']",0.75
train_R1,195,G05,train,mid,R0,R0,sc03,T3,20,50,c232,"['c122', 'c232']",0.575
train_R1,195,G05,train,mid,R0,R0,sc03,T3,62,155,c122,"['c122', 'c220', 'c223']",0.6
train_R1,195,G05,train,mid,R0,R0,sc03,T3,105,262,c223,"['c221', 'c223']",0.875
train_R1,195,G05,train,mid,R0,R0,sc03,T3,147,367,c221,"['c221', 'c222', 'c322']",0.45
train_R1,195,G05,train,mid,R0,R0,sc03,T3,190,475,c212,"['c212', 'c224']",0.75
train_R1,195,G05,train,mid,R0,R0,sc03,T3,232,580,c122,"['c122', 'c221']",0.7692307692307693
train_R1,196,G05,train,mid,R0,R0,sc04,T4,20,50,c212,"['c212', 'c220', 'c224']",0.425
train_R1,196,G05,train,mid,R0,R0,sc04,T4,62,155,c220,"['c220', 'c222', 'c422']",0.75
train_R1,196,G05,train,mid,R0,R0,sc04,T4,104,260,c422,"['c221', 'c222', 'c422']",0.6
train_R1,196,G05,train,mid,R0,R0,sc04,T4,147,367,c222,"['c222', 'c232']",0.6
train_R1,196,G05,train,mid,R0,R0,sc04,T4,189,472,c242,"['c242', 'c422']",0.7
train_R1,196,G05,train,mid,R0,R0,sc04,T4,231,577,c220,"['c220', 'c224']",0.55
train_R1,197,G05,train,mid,R0,R0,sc05,T5,20,50,c242,"['c022', 'c242']",0.875
train_R1,197,G05,train,mid,R0,R0,sc05,T5,62,155,c022,"['c022', 'c222']",0.725
train_R1,197,G05,train,mid,R0,R0,sc05,T5,104,260,c232,"['c223', 'c232']",0.725
train_R1,197,G05,train,mid,R0,R0,sc05,T5,147,367,c223,"['c122', 'c221', 'c223']",0.45
train_R1,197,G05,train,mid,R0,R0,sc05,T5,189,472,c221,"['c221', 'c322']",0.9
train_R1,197,G05,train,mid,R0,R0,sc05,T5,231,577,c322,"['c122', 'c222', 'c322']",0.45
train_R1,180,G05,train,nominal,R0,R0,sc00,T0,20,50,c222,"['c202', 'c222', 'c422']",0.425
train_R1,180,G05,train,nominal,R0,R0,sc00,T0,62,155,c220,"['c220', 'c232']",0.575
train_R1,180,G05,train,nominal,R0,R0,sc00,T0,104,260,c202,"['c202', 'c212']",0.575
train_R1,180,G05,train,nominal,R0,R0,sc00,T0,147,367,c212,"['c212', 'c220']",0.75
train_R1,180,G05,train,nominal,R0,R0,sc00,T0,189,472,c022,"['c022', 'c221', 'c222']",0.45
train_R1,180,G05,train,nominal,R0,R0,sc00,T0,231,577,c221,"['c221', 'c223']",0.75
train_R1,181,G05,train,nominal,R0,R0,sc01,T1,20,50,c122,"['c122', 'c212']",0.725
train_R1,181,G05,train,nominal,R0,R0,sc01,T1,62,155,c212,"['c022', 'c212', 'c422']",0.45
train_R1,181,G05,train,nominal,R0,R0,sc01,T1,104,260,c202,"['c202', 'c232']",0.725
train_R1,181,G05,train,nominal,R0,R0,sc01,T1,147,367,c232,"['c232', 'c422']",0.6
train_R1,181,G05,train,nominal,R0,R0,sc01,T1,189,472,c224,"['c222', 'c224']",0.55
train_R1,181,G05,train,nominal,R0,R0,sc01,T1,231,577,c222,"['c222', 'c224']",0.7
train_R1,182,G05,train,nominal,R0,R0,sc02,T2,20,50,c202,"['c202', 'c322']",0.725
train_R1,182,G05,train,nominal,R0,R0,sc02,T2,62,155,c222,"['c222', 'c242']",0.725
train_R1,182,G05,train,nominal,R0,R0,sc02,T2,104,260,c022,"['c022', 'c202', 'c242']",0.425
train_R1,182,G05,train,nominal,R0,R0,sc02,T2,147,367,c202,"['c202', 'c212', 'c222']",0.475
train_R1,182,G05,train,nominal,R0,R0,sc02,T2,189,472,c212,"['c022', 'c212', 'c322']",0.6
train_R1,182,G05,train,nominal,R0,R0,sc02,T2,231,577,c022,"['c022', 'c223']",0.75
train_R1,183,G05,train,nominal,R0,R0,sc03,T3,20,50,c232,"['c122', 'c232']",0.575
train_R1,183,G05,train,nominal,R0,R0,sc03,T3,62,155,c122,"['c122', 'c220', 'c223']",0.6
train_R1,183,G05,train,nominal,R0,R0,sc03,T3,105,262,c223,"['c221', 'c223']",0.875
train_R1,183,G05,train,nominal,R0,R0,sc03,T3,147,367,c221,"['c221', 'c222', 'c322']",0.45
train_R1,183,G05,train,nominal,R0,R0,sc03,T3,190,475,c212,"['c212', 'c224']",0.75
train_R1,183,G05,train,nominal,R0,R0,sc03,T3,232,580,c122,"['c122', 'c221']",0.7692307692307693
train_R1,184,G05,train,nominal,R0,R0,sc04,T4,20,50,c212,"['c212', 'c220', 'c224']",0.425
train_R1,184,G05,train,nominal,R0,R0,sc04,T4,62,155,c220,"['c220', 'c222', 'c422']",0.75
train_R1,184,G05,train,nominal,R0,R0,sc04,T4,104,260,c422,"['c221', 'c222', 'c422']",0.6
train_R1,184,G05,train,nominal,R0,R0,sc04,T4,147,367,c222,"['c222', 'c232']",0.6
train_R1,184,G05,train,nominal,R0,R0,sc04,T4,189,472,c242,"['c242', 'c422']",0.7
train_R1,184,G05,train,nominal,R0,R0,sc04,T4,231,577,c220,"['c220', 'c224']",0.55
train_R1,185,G05,train,nominal,R0,R0,sc05,T5,20,50,c242,"['c022', 'c242']",0.875
train_R1,185,G05,train,nominal,R0,R0,sc05,T5,62,155,c022,"['c022', 'c222']",0.725
train_R1,185,G05,train,nominal,R0,R0,sc05,T5,104,260,c232,"['c223', 'c232']",0.725
train_R1,185,G05,train,nominal,R0,R0,sc05,T5,147,367,c223,"['c122', 'c221', 'c223']",0.45
train_R1,185,G05,train,nominal,R0,R0,sc05,T5,189,472,c221,"['c221', 'c322']",0.9
train_R1,185,G05,train,nominal,R0,R0,sc05,T5,231,577,c322,"['c122', 'c222', 'c322']",0.45
train_R1,240,G06,train,low,R0,R0,sc00,T0,20,50,c322,"['c223', 'c232', 'c322']",0.425
train_R1,240,G06,train,low,R0,R0,sc00,T0,62,155,c242,"['c222', 'c242']",0.575
train_R1,240,G06,train,low,R0,R0,sc00,T0,104,260,c224,"['c222', 'c224']",0.575
train_R1,240,G06,train,low,R0,R0,sc00,T0,147,367,c222,['c222'],1.0
train_R1,240,G06,train,low,R0,R0,sc00,T0,189,472,c220,"['c220', 'c222', 'c322']",0.45
train_R1,240,G06,train,low,R0,R0,sc00,T0,231,577,c322,"['c221', 'c322']",0.75
train_R1,241,G06,train,low,R0,R0,sc01,T1,20,50,c221,"['c221', 'c222']",0.725
train_R1,241,G06,train,low,R0,R0,sc01,T1,62,155,c222,"['c022', 'c222', 'c224']",0.45
train_R1,241,G06,train,low,R0,R0,sc01,T1,104,260,c322,"['c222', 'c322']",0.725
train_R1,241,G06,train,low,R0,R0,sc01,T1,147,367,c222,"['c221', 'c222']",0.6
train_R1,241,G06,train,low,R0,R0,sc01,T1,189,472,c202,"['c202', 'c224']",0.55
train_R1,241,G06,train,low,R0,R0,sc01,T1,231,577,c122,"['c122', 'c232']",0.6
train_R1,242,G06,train,low,R0,R0,sc02,T2,20,50,c322,"['c122', 'c322']",0.725
train_R1,242,G06,train,low,R0,R0,sc02,T2,62,155,c422,"['c222', 'c422']",0.725
train_R1,242,G06,train,low,R0,R0,sc02,T2,104,260,c422,"['c220', 'c222', 'c422']",0.425
train_R1,242,G06,train,low,R0,R0,sc02,T2,147,367,c222,"['c122', 'c220', 'c222']",0.475
train_R1,242,G06,train,low,R0,R0,sc02,T2,189,472,c220,"['c212', 'c220', 'c322']",0.6
train_R1,242,G06,train,low,R0,R0,sc02,T2,231,577,c212,['c212'],1.0
train_R1,243,G06,train,low,R0,R0,sc03,T3,20,50,c221,"['c221', 'c224']",0.575
train_R1,243,G06,train,low,R0,R0,sc03,T3,62,155,c224,"['c220', 'c222', 'c224']",0.6
train_R1,243,G06,train,low,R0,R0,sc03,T3,105,262,c220,"['c202', 'c220', 'c242']",0.475
train_R1,243,G06,train,low,R0,R0,sc03,T3,147,367,c242,"['c022', 'c122', 'c242']",0.45
train_R1,243,G06,train,low,R0,R0,sc03,T3,190,475,c022,"['c022', 'c202']",0.75
train_R1,243,G06,train,low,R0,R0,sc03,T3,232,580,c221,"['c212', 'c221']",0.7692307692307693
train_R1,244,G06,train,low,R0,R0,sc04,T4,20,50,c212,"['c212', 'c223']",0.575
train_R1,244,G06,train,low,R0,R0,sc04,T4,62,155,c223,"['c212', 'c223', 'c242']",0.75
train_R1,244,G06,train,low,R0,R0,sc04,T4,104,260,c242,"['c022', 'c242', 'c422']",0.6
train_R1,244,G06,train,low,R0,R0,sc04,T4,147,367,c422,"['c022', 'c422']",0.6
train_R1,244,G06,train,low,R0,R0,sc04,T4,189,472,c223,"['c223', 'c232']",0.7
train_R1,244,G06,train,low,R0,R0,sc04,T4,231,577,c242,"['c122', 'c242']",0.55
train_R1,245,G06,train,low,R0,R0,sc05,T5,20,50,c222,"['c222', 'c224', 'c242']",0.6
train_R1,245,G06,train,low,R0,R0,sc05,T5,62,155,c242,"['c222', 'c242']",0.725
train_R1,245,G06,train,low,R0,R0,sc05,T5,104,260,c223,"['c202', 'c223']",0.725
train_R1,245,G06,train,low,R0,R0,sc05,T5,147,367,c202,"['c202', 'c222', 'c422']",0.45
train_R1,245,G06,train,low,R0,R0,sc05,T5,189,472,c222,"['c202', 'c222', 'c422']",0.75
train_R1,245,G06,train,low,R0,R0,sc05,T5,231,577,c422,"['c220', 'c232', 'c422']",0.45
train_R1,228,G06,train,mid,R0,R0,sc00,T0,20,50,c322,"['c223', 'c232', 'c322']",0.425
train_R1,228,G06,train,mid,R0,R0,sc00,T0,62,155,c242,"['c222', 'c242']",0.575
train_R1,228,G06,train,mid,R0,R0,sc00,T0,104,260,c224,"['c222', 'c224']",0.575
train_R1,228,G06,train,mid,R0,R0,sc00,T0,147,367,c222,['c222'],1.0
train_R1,228,G06,train,mid,R0,R0,sc00,T0,189,472,c220,"['c220', 'c222', 'c322']",0.45
train_R1,228,G06,train,mid,R0,R0,sc00,T0,231,577,c322,"['c221', 'c322']",0.75
train_R1,229,G06,train,mid,R0,R0,sc01,T1,20,50,c221,"['c221', 'c222']",0.725
train_R1,229,G06,train,mid,R0,R0,sc01,T1,62,155,c222,"['c022', 'c222', 'c224']",0.45
train_R1,229,G06,train,mid,R0,R0,sc01,T1,104,260,c322,"['c222', 'c322']",0.725
train_R1,229,G06,train,mid,R0,R0,sc01,T1,147,367,c222,"['c221', 'c222']",0.6
train_R1,229,G06,train,mid,R0,R0,sc01,T1,189,472,c202,"['c202', 'c224']",0.55
train_R1,229,G06,train,mid,R0,R0,sc01,T1,231,577,c122,"['c122', 'c232']",0.6
train_R1,230,G06,train,mid,R0,R0,sc02,T2,20,50,c322,"['c122', 'c322']",0.725
train_R1,230,G06,train,mid,R0,R0,sc02,T2,62,155,c422,"['c222', 'c422']",0.725
train_R1,230,G06,train,mid,R0,R0,sc02,T2,104,260,c422,"['c220', 'c222', 'c422']",0.425
train_R1,230,G06,train,mid,R0,R0,sc02,T2,147,367,c222,"['c122', 'c220', 'c222']",0.475
train_R1,230,G06,train,mid,R0,R0,sc02,T2,189,472,c220,"['c212', 'c220', 'c322']",0.6
train_R1,230,G06,train,mid,R0,R0,sc02,T2,231,577,c212,['c212'],1.0
train_R1,231,G06,train,mid,R0,R0,sc03,T3,20,50,c221,"['c221', 'c224']",0.575
train_R1,231,G06,train,mid,R0,R0,sc03,T3,62,155,c224,"['c220', 'c222', 'c224']",0.6
train_R1,231,G06,train,mid,R0,R0,sc03,T3,105,262,c220,"['c202', 'c220', 'c242']",0.475
train_R1,231,G06,train,mid,R0,R0,sc03,T3,147,367,c242,"['c022', 'c122', 'c242']",0.45
train_R1,231,G06,train,mid,R0,R0,sc03,T3,190,475,c022,"['c022', 'c202']",0.75
train_R1,231,G06,train,mid,R0,R0,sc03,T3,232,580,c221,"['c212', 'c221']",0.7692307692307693
train_R1,232,G06,train,mid,R0,R0,sc04,T4,20,50,c212,"['c212', 'c223']",0.575
train_R1,232,G06,train,mid,R0,R0,sc04,T4,62,155,c223,"['c212', 'c223', 'c242']",0.75
train_R1,232,G06,train,mid,R0,R0,sc04,T4,104,260,c242,"['c022', 'c242', 'c422']",0.6
train_R1,232,G06,train,mid,R0,R0,sc04,T4,147,367,c422,"['c022', 'c422']",0.6
train_R1,232,G06,train,mid,R0,R0,sc04,T4,189,472,c223,"['c223', 'c232']",0.7
train_R1,232,G06,train,mid,R0,R0,sc04,T4,231,577,c242,"['c122', 'c242']",0.55
train_R1,233,G06,train,mid,R0,R0,sc05,T5,20,50,c222,"['c222', 'c224', 'c242']",0.6
train_R1,233,G06,train,mid,R0,R0,sc05,T5,62,155,c242,"['c222', 'c242']",0.725
train_R1,233,G06,train,mid,R0,R0,sc05,T5,104,260,c223,"['c202', 'c223']",0.725
train_R1,233,G06,train,mid,R0,R0,sc05,T5,147,367,c202,"['c202', 'c222', 'c422']",0.45
train_R1,233,G06,train,mid,R0,R0,sc05,T5,189,472,c222,"['c202', 'c222', 'c422']",0.75
train_R1,233,G06,train,mid,R0,R0,sc05,T5,231,577,c422,"['c220', 'c232', 'c422']",0.45
train_R1,216,G06,train,nominal,R0,R0,sc00,T0,20,50,c322,"['c223', 'c232', 'c322']",0.425
train_R1,216,G06,train,nominal,R0,R0,sc00,T0,62,155,c242,"['c222', 'c242']",0.575
train_R1,216,G06,train,nominal,R0,R0,sc00,T0,104,260,c224,"['c222', 'c224']",0.575
train_R1,216,G06,train,nominal,R0,R0,sc00,T0,147,367,c222,['c222'],1.0
train_R1,216,G06,train,nominal,R0,R0,sc00,T0,189,472,c220,"['c220', 'c222', 'c322']",0.45
train_R1,216,G06,train,nominal,R0,R0,sc00,T0,231,577,c322,"['c221', 'c322']",0.75
train_R1,217,G06,train,nominal,R0,R0,sc01,T1,20,50,c221,"['c221', 'c222']",0.725
train_R1,217,G06,train,nominal,R0,R0,sc01,T1,62,155,c222,"['c022', 'c222', 'c224']",0.45
train_R1,217,G06,train,nominal,R0,R0,sc01,T1,104,260,c322,"['c222', 'c322']",0.725
train_R1,217,G06,train,nominal,R0,R0,sc01,T1,147,367,c222,"['c221', 'c222']",0.6
train_R1,217,G06,train,nominal,R0,R0,sc01,T1,189,472,c202,"['c202', 'c224']",0.55
train_R1,217,G06,train,nominal,R0,R0,sc01,T1,231,577,c122,"['c122', 'c232']",0.6
train_R1,218,G06,train,nominal,R0,R0,sc02,T2,20,50,c322,"['c122', 'c322']",0.725
train_R1,218,G06,train,nominal,R0,R0,sc02,T2,62,155,c422,"['c222', 'c422']",0.725
train_R1,218,G06,train,nominal,R0,R0,sc02,T2,104,260,c422,"['c220', 'c222', 'c422']",0.425
train_R1,218,G06,train,nominal,R0,R0,sc02,T2,147,367,c222,"['c122', 'c220', 'c222']",0.475
train_R1,218,G06,train,nominal,R0,R0,sc02,T2,189,472,c220,"['c212', 'c220', 'c322']",0.6
train_R1,218,G06,train,nominal,R0,R0,sc02,T2,231,577,c212,['c212'],1.0
train_R1,219,G06,train,nominal,R0,R0,sc03,T3,20,50,c221,"['c221', 'c224']",0.575
train_R1,219,G06,train,nominal,R0,R0,sc03,T3,62,155,c224,"['c220', 'c222', 'c224']",0.6
train_R1,219,G06,train,nominal,R0,R0,sc03,T3,105,262,c220,"['c202', 'c220', 'c242']",0.475
train_R1,219,G06,train,nominal,R0,R0,sc03,T3,147,367,c242,"['c022', 'c122', 'c242']",0.45
train_R1,219,G06,train,nominal,R0,R0,sc03,T3,190,475,c022,"['c022', 'c202']",0.75
train_R1,219,G06,train,nominal,R0,R0,sc03,T3,232,580,c221,"['c212', 'c221']",0.7692307692307693
train_R1,220,G06,train,nominal,R0,R0,sc04,T4,20,50,c212,"['c212', 'c223']",0.575
train_R1,220,G06,train,nominal,R0,R0,sc04,T4,62,155,c223,"['c212', 'c223', 'c242']",0.75
train_R1,220,G06,train,nominal,R0,R0,sc04,T4,104,260,c242,"['c022', 'c242', 'c422']",0.6
train_R1,220,G06,train,nominal,R0,R0,sc04,T4,147,367,c422,"['c022', 'c422']",0.6
train_R1,220,G06,train,nominal,R0,R0,sc04,T4,189,472,c223,"['c223', 'c232']",0.7
train_R1,220,G06,train,nominal,R0,R0,sc04,T4,231,577,c242,"['c122', 'c242']",0.55
train_R1,221,G06,train,nominal,R0,R0,sc05,T5,20,50,c222,"['c222', 'c224', 'c242']",0.6
train_R1,221,G06,train,nominal,R0,R0,sc05,T5,62,155,c242,"['c222', 'c242']",0.725
train_R1,221,G06,train,nominal,R0,R0,sc05,T5,104,260,c223,"['c202', 'c223']",0.725
train_R1,221,G06,train,nominal,R0,R0,sc05,T5,147,367,c202,"['c202', 'c222', 'c422']",0.45
train_R1,221,G06,train,nominal,R0,R0,sc05,T5,189,472,c222,"['c202', 'c222', 'c422']",0.75
train_R1,221,G06,train,nominal,R0,R0,sc05,T5,231,577,c422,"['c220', 'c232', 'c422']",0.45
train_R1,276,G07,train,low,R0,R0,sc00,T0,20,50,c221,"['c221', 'c222', 'c422']",0.425
train_R1,276,G07,train,low,R0,R0,sc00,T0,62,155,c220,"['c220', 'c232']",0.575
train_R1,276,G07,train,low,R0,R0,sc00,T0,104,260,c222,"['c221', 'c222']",0.575
train_R1,276,G07,train,low,R0,R0,sc00,T0,147,367,c221,"['c221', 'c222']",0.75
train_R1,276,G07,train,low,R0,R0,sc00,T0,189,472,c202,"['c022', 'c202', 'c224']",0.45
train_R1,276,G07,train,low,R0,R0,sc00,T0,231,577,c022,"['c022', 'c322']",0.75
train_R1,277,G07,train,low,R0,R0,sc01,T1,20,50,c022,"['c022', 'c202']",0.725
train_R1,277,G07,train,low,R0,R0,sc01,T1,62,155,c202,"['c202', 'c212', 'c322']",0.45
train_R1,277,G07,train,low,R0,R0,sc01,T1,104,260,c232,"['c232', 'c322']",0.725
train_R1,277,G07,train,low,R0,R0,sc01,T1,147,367,c322,"['c212', 'c322']",0.6
train_R1,277,G07,train,low,R0,R0,sc01,T1,189,472,c422,"['c322', 'c422']",0.55
train_R1,277,G07,train,low,R0,R0,sc01,T1,231,577,c212,"['c202', 'c212', 'c220']",0.4
train_R1,278,G07,train,low,R0,R0,sc02,T2,20,50,c242,"['c222', 'c242']",0.725
train_R1,278,G07,train,low,R0,R0,sc02,T2,62,155,c223,"['c223', 'c242']",0.725
train_R1,278,G07,train,low,R0,R0,sc02,T2,104,260,c202,"['c202', 'c222']",0.575
train_R1,278,G07,train,low,R0,R0,sc02,T2,147,367,c222,"['c222', 'c242']",0.525
train_R1,278,G07,train,low,R0,R0,sc02,T2,189,472,c222,"['c221', 'c222', 'c232']",0.6
train_R1,278,G07,train,low,R0,R0,sc02,T2,231,577,c232,"['c222', 'c232']",0.75
train_R1,279,G07,train,low,R0,R0,sc03,T3,20,50,c232,"['c232', 'c422']",0.575
train_R1,279,G07,train,low,R0,R0,sc03,T3,62,155,c422,"['c122', 'c422']",0.725
train_R1,279,G07,train,low,R0,R0,sc03,T3,105,262,c122,"['c122', 'c224', 'c422']",0.475
train_R1,279,G07,train,low,R0,R0,sc03,T3,147,367,c224,"['c212', 'c222', 'c224']",0.45
train_R1,279,G07,train,low,R0,R0,sc03,T3,190,475,c322,"['c223', 'c322']",0.75
train_R1,279,G07,train,low,R0,R0,sc03,T3,232,580,c223,"['c212', 'c223']",0.7692307692307693
train_R1,280,G07,train,low,R0,R0,sc04,T4,20,50,c224,"['c223', 'c224', 'c242']",0.425
train_R1,280,G07,train,low,R0,R0,sc04,T4,62,155,c223,"['c220', 'c223', 'c422']",0.75
train_R1,280,G07,train,low,R0,R0,sc04,T4,104,260,c422,"['c221', 'c222', 'c422']",0.6
train_R1,280,G07,train,low,R0,R0,sc04,T4,147,367,c221,"['c221', 'c222']",0.6
train_R1,280,G07,train,low,R0,R0,sc04,T4,189,472,c224,"['c022', 'c224']",0.7
train_R1,280,G07,train,low,R0,R0,sc04,T4,231,577,c122,"['c122', 'c220']",0.55
train_R1,281,G07,train,low,R0,R0,sc05,T5,20,50,c223,"['c202', 'c222', 'c223']",0.6
train_R1,281,G07,train,low,R0,R0,sc05,T5,62,155,c202,"['c122', 'c202']",0.725
train_R1,281,G07,train,low,R0,R0,sc05,T5,104,260,c022,"['c022', 'c220']",0.725
train_R1,281,G07,train,low,R0,R0,sc05,T5,147,367,c220,"['c122', 'c220', 'c221']",0.45
train_R1,281,G07,train,low,R0,R0,sc05,T5,189,472,c122,"['c022', 'c122', 'c224']",0.75
train_R1,281,G07,train,low,R0,R0,sc05,T5,231,577,c022,"['c022', 'c232', 'c242']",0.45
train_R1,264,G07,train,mid,R0,R0,sc00,T0,20,50,c221,"['c221', 'c222', 'c422']",0.425
train_R1,264,G07,train,mid,R0,R0,sc00,T0,62,155,c220,"['c220', 'c232']",0.575
train_R1,264,G07,train,mid,R0,R0,sc00,T0,104,260,c222,"['c221', 'c222']",0.575
train_R1,264,G07,train,mid,R0,R0,sc00,T0,147,367,c221,"['c221', 'c222']",0.75
train_R1,264,G07,train,mid,R0,R0,sc00,T0,189,472,c202,"['c022', 'c202', 'c224']",0.45
train_R1,264,G07,train,mid,R0,R0,sc00,T0,231,577,c022,"['c022', 'c322']",0.75
train_R1,265,G07,train,mid,R0,R0,sc01,T1,20,50,c022,"['c022', 'c202']",0.725
train_R1,265,G07,train,mid,R0,R0,sc01,T1,62,155,c202,"['c202', 'c212', 'c322']",0.45
train_R1,265,G07,train,mid,R0,R0,sc01,T1,104,260,c232,"['c232', 'c322']",0.725
train_R1,265,G07,train,mid,R0,R0,sc01,T1,147,367,c322,"['c212', 'c322']",0.6
train_R1,265,G07,train,mid,R0,R0,sc01,T1,189,472,c422,"['c322', 'c422']",0.55
train_R1,265,G07,train,mid,R0,R0,sc01,T1,231,577,c212,"['c202', 'c212', 'c220']",0.4
train_R1,266,G07,train,mid,R0,R0,sc02,T2,20,50,c242,"['c222', 'c242']",0.725
train_R1,266,G07,train,mid,R0,R0,sc02,T2,62,155,c223,"['c223', 'c242']",0.725
train_R1,266,G07,train,mid,R0,R0,sc02,T2,104,260,c202,"['c202', 'c222']",0.575
train_R1,266,G07,train,mid,R0,R0,sc02,T2,147,367,c222,"['c222', 'c242']",0.525
train_R1,266,G07,train,mid,R0,R0,sc02,T2,189,472,c222,"['c221', 'c222', 'c232']",0.6
train_R1,266,G07,train,mid,R0,R0,sc02,T2,231,577,c232,"['c222', 'c232']",0.75
train_R1,267,G07,train,mid,R0,R0,sc03,T3,20,50,c232,"['c232', 'c422']",0.575
train_R1,267,G07,train,mid,R0,R0,sc03,T3,62,155,c422,"['c122', 'c422']",0.725
train_R1,267,G07,train,mid,R0,R0,sc03,T3,105,262,c122,"['c122', 'c224', 'c422']",0.475
train_R1,267,G07,train,mid,R0,R0,sc03,T3,147,367,c224,"['c212', 'c222', 'c224']",0.45
train_R1,267,G07,train,mid,R0,R0,sc03,T3,190,475,c322,"['c223', 'c322']",0.75
train_R1,267,G07,train,mid,R0,R0,sc03,T3,232,580,c223,"['c212', 'c223']",0.7692307692307693
train_R1,268,G07,train,mid,R0,R0,sc04,T4,20,50,c224,"['c223', 'c224', 'c242']",0.425
train_R1,268,G07,train,mid,R0,R0,sc04,T4,62,155,c223,"['c220', 'c223', 'c422']",0.75
train_R1,268,G07,train,mid,R0,R0,sc04,T4,104,260,c422,"['c221', 'c222', 'c422']",0.6
train_R1,268,G07,train,mid,R0,R0,sc04,T4,147,367,c221,"['c221', 'c222']",0.6
train_R1,268,G07,train,mid,R0,R0,sc04,T4,189,472,c224,"['c022', 'c224']",0.7
train_R1,268,G07,train,mid,R0,R0,sc04,T4,231,577,c122,"['c122', 'c220']",0.55
train_R1,269,G07,train,mid,R0,R0,sc05,T5,20,50,c223,"['c202', 'c222', 'c223']",0.6
train_R1,269,G07,train,mid,R0,R0,sc05,T5,62,155,c202,"['c122', 'c202']",0.725
train_R1,269,G07,train,mid,R0,R0,sc05,T5,104,260,c022,"['c022', 'c220']",0.725
train_R1,269,G07,train,mid,R0,R0,sc05,T5,147,367,c220,"['c122', 'c220', 'c221']",0.45
train_R1,269,G07,train,mid,R0,R0,sc05,T5,189,472,c122,"['c022', 'c122', 'c224']",0.75
train_R1,269,G07,train,mid,R0,R0,sc05,T5,231,577,c022,"['c022', 'c232', 'c242']",0.45
train_R1,252,G07,train,nominal,R0,R0,sc00,T0,20,50,c221,"['c221', 'c222', 'c422']",0.425
train_R1,252,G07,train,nominal,R0,R0,sc00,T0,62,155,c220,"['c220', 'c232']",0.575
train_R1,252,G07,train,nominal,R0,R0,sc00,T0,104,260,c222,"['c221', 'c222']",0.575
train_R1,252,G07,train,nominal,R0,R0,sc00,T0,147,367,c221,"['c221', 'c222']",0.75
train_R1,252,G07,train,nominal,R0,R0,sc00,T0,189,472,c202,"['c022', 'c202', 'c224']",0.45
train_R1,252,G07,train,nominal,R0,R0,sc00,T0,231,577,c022,"['c022', 'c322']",0.75
train_R1,253,G07,train,nominal,R0,R0,sc01,T1,20,50,c022,"['c022', 'c202']",0.725
train_R1,253,G07,train,nominal,R0,R0,sc01,T1,62,155,c202,"['c202', 'c212', 'c322']",0.45
train_R1,253,G07,train,nominal,R0,R0,sc01,T1,104,260,c232,"['c232', 'c322']",0.725
train_R1,253,G07,train,nominal,R0,R0,sc01,T1,147,367,c322,"['c212', 'c322']",0.6
train_R1,253,G07,train,nominal,R0,R0,sc01,T1,189,472,c422,"['c322', 'c422']",0.55
train_R1,253,G07,train,nominal,R0,R0,sc01,T1,231,577,c212,"['c202', 'c212', 'c220']",0.4
train_R1,254,G07,train,nominal,R0,R0,sc02,T2,20,50,c242,"['c222', 'c242']",0.725
train_R1,254,G07,train,nominal,R0,R0,sc02,T2,62,155,c223,"['c223', 'c242']",0.725
train_R1,254,G07,train,nominal,R0,R0,sc02,T2,104,260,c202,"['c202', 'c222']",0.575
train_R1,254,G07,train,nominal,R0,R0,sc02,T2,147,367,c222,"['c222', 'c242']",0.525
train_R1,254,G07,train,nominal,R0,R0,sc02,T2,189,472,c222,"['c221', 'c222', 'c232']",0.6
train_R1,254,G07,train,nominal,R0,R0,sc02,T2,231,577,c232,"['c222', 'c232']",0.75
train_R1,255,G07,train,nominal,R0,R0,sc03,T3,20,50,c232,"['c232', 'c422']",0.575
train_R1,255,G07,train,nominal,R0,R0,sc03,T3,62,155,c422,"['c122', 'c422']",0.725
train_R1,255,G07,train,nominal,R0,R0,sc03,T3,105,262,c122,"['c122', 'c224', 'c422']",0.475
train_R1,255,G07,train,nominal,R0,R0,sc03,T3,147,367,c224,"['c212', 'c222', 'c224']",0.45
train_R1,255,G07,train,nominal,R0,R0,sc03,T3,190,475,c322,"['c223', 'c322']",0.75
train_R1,255,G07,train,nominal,R0,R0,sc03,T3,232,580,c223,"['c212', 'c223']",0.7692307692307693
train_R1,256,G07,train,nominal,R0,R0,sc04,T4,20,50,c224,"['c223', 'c224', 'c242']",0.425
train_R1,256,G07,train,nominal,R0,R0,sc04,T4,62,155,c223,"['c220', 'c223', 'c422']",0.75
train_R1,256,G07,train,nominal,R0,R0,sc04,T4,104,260,c422,"['c221', 'c222', 'c422']",0.6
train_R1,256,G07,train,nominal,R0,R0,sc04,T4,147,367,c221,"['c221', 'c222']",0.6
train_R1,256,G07,train,nominal,R0,R0,sc04,T4,189,472,c224,"['c022', 'c224']",0.7
train_R1,256,G07,train,nominal,R0,R0,sc04,T4,231,577,c122,"['c122', 'c220']",0.55
train_R1,257,G07,train,nominal,R0,R0,sc05,T5,20,50,c223,"['c202', 'c222', 'c223']",0.6
train_R1,257,G07,train,nominal,R0,R0,sc05,T5,62,155,c202,"['c122', 'c202']",0.725
train_R1,257,G07,train,nominal,R0,R0,sc05,T5,104,260,c022,"['c022', 'c220']",0.725
train_R1,257,G07,train,nominal,R0,R0,sc05,T5,147,367,c220,"['c122', 'c220', 'c221']",0.45
train_R1,257,G07,train,nominal,R0,R0,sc05,T5,189,472,c122,"['c022', 'c122', 'c224']",0.75
train_R1,257,G07,train,nominal,R0,R0,sc05,T5,231,577,c022,"['c022', 'c232', 'c242']",0.45
train_R1,312,G08,train,low,R0,R0,sc00,T0,20,50,c222,"['c202', 'c222']",0.725
train_R1,312,G08,train,low,R0,R0,sc00,T0,62,155,c222,['c222'],1.0
train_R1,312,G08,train,low,R0,R0,sc00,T0,104,260,c242,"['c224', 'c242']",0.575
train_R1,312,G08,train,low,R0,R0,sc00,T0,147,367,c224,"['c224', 'c322']",0.75
train_R1,312,G08,train,low,R0,R0,sc00,T0,189,472,c224,"['c122', 'c224', 'c242']",0.45
train_R1,312,G08,train,low,R0,R0,sc00,T0,231,577,c122,"['c122', 'c222']",0.75
train_R1,313,G08,train,low,R0,R0,sc01,T1,20,50,c232,"['c232', 'c422']",0.725
train_R1,313,G08,train,low,R0,R0,sc01,T1,62,155,c422,"['c232', 'c322', 'c422']",0.45
train_R1,313,G08,train,low,R0,R0,sc01,T1,104,260,c242,"['c224', 'c242']",0.725
train_R1,313,G08,train,low,R0,R0,sc01,T1,147,367,c224,"['c221', 'c224']",0.6
train_R1,313,G08,train,low,R0,R0,sc01,T1,189,472,c212,"['c212', 'c422']",0.55
train_R1,313,G08,train,low,R0,R0,sc01,T1,231,577,c322,"['c022', 'c122', 'c322']",0.4
train_R1,314,G08,train,low,R0,R0,sc02,T2,20,50,c422,"['c122', 'c422']",0.725
train_R1,314,G08,train,low,R0,R0,sc02,T2,62,155,c202,"['c202', 'c222']",0.725
train_R1,314,G08,train,low,R0,R0,sc02,T2,104,260,c224,"['c221', 'c223', 'c224']",0.425
train_R1,314,G08,train,low,R0,R0,sc02,T2,147,367,c223,"['c220', 'c223', 'c232']",0.475
train_R1,314,G08,train,low,R0,R0,sc02,T2,189,472,c220,"['c022', 'c220', 'c221']",0.6
train_R1,314,G08,train,low,R0,R0,sc02,T2,231,577,c022,"['c022', 'c223']",0.75
train_R1,315,G08,train,low,R0,R0,sc03,T3,20,50,c212,"['c022', 'c212']",0.575
train_R1,315,G08,train,low,R0,R0,sc03,T3,62,155,c022,"['c022', 'c224', 'c232']",0.6
train_R1,315,G08,train,low,R0,R0,sc03,T3,105,262,c232,"['c221', 'c222', 'c232']",0.475
train_R1,315,G08,train,low,R0,R0,sc03,T3,147,367,c222,"['c220', 'c222', 'c422']",0.45
train_R1,315,G08,train,low,R0,R0,sc03,T3,190,475,c222,"['c222', 'c322']",0.75
train_R1,315,G08,train,low,R0,R0,sc03,T3,232,580,c222,"['c222', 'c242']",0.7692307692307693
train_R1,316,G08,train,low,R0,R0,sc04,T4,20,50,c122,"['c122', 'c220']",0.725
train_R1,316,G08,train,low,R0,R0,sc04,T4,62,155,c220,"['c220', 'c222']",0.75
train_R1,316,G08,train,low,R0,R0,sc04,T4,104,260,c220,"['c220', 'c223', 'c232']",0.6
train_R1,316,G08,train,low,R0,R0,sc04,T4,147,367,c223,['c223'],1.0
train_R1,316,G08,train,low,R0,R0,sc04,T4,189,472,c222,"['c222', 'c322']",0.7
train_R1,316,G08,train,low,R0,R0,sc04,T4,231,577,c212,"['c022', 'c212']",0.55
train_R1,317,G08,train,low,R0,R0,sc05,T5,20,50,c212,"['c212', 'c222']",0.725
train_R1,317,G08,train,low,R0,R0,sc05,T5,62,155,c222,"['c212', 'c222']",0.725
train_R1,317,G08,train,low,R0,R0,sc05,T5,104,260,c221,"['c220', 'c221']",0.725
train_R1,317,G08,train,low,R0,R0,sc05,T5,147,367,c220,"['c202', 'c220', 'c223']",0.45
train_R1,317,G08,train,low,R0,R0,sc05,T5,189,472,c223,"['c202', 'c223', 'c242']",0.75
train_R1,317,G08,train,low,R0,R0,sc05,T5,231,577,c202,"['c022', 'c202', 'c422']",0.45
train_R1,300,G08,train,mid,R0,R0,sc00,T0,20,50,c222,"['c202', 'c222']",0.725
train_R1,300,G08,train,mid,R0,R0,sc00,T0,62,155,c222,['c222'],1.0
train_R1,300,G08,train,mid,R0,R0,sc00,T0,104,260,c242,"['c224', 'c242']",0.575
train_R1,300,G08,train,mid,R0,R0,sc00,T0,147,367,c224,"['c224', 'c322']",0.75
train_R1,300,G08,train,mid,R0,R0,sc00,T0,189,472,c224,"['c122', 'c224', 'c242']",0.45
train_R1,300,G08,train,mid,R0,R0,sc00,T0,231,577,c122,"['c122', 'c222']",0.75
train_R1,301,G08,train,mid,R0,R0,sc01,T1,20,50,c232,"['c232', 'c422']",0.725
train_R1,301,G08,train,mid,R0,R0,sc01,T1,62,155,c422,"['c232', 'c322', 'c422']",0.45
train_R1,301,G08,train,mid,R0,R0,sc01,T1,104,260,c242,"['c224', 'c242']",0.725
train_R1,301,G08,train,mid,R0,R0,sc01,T1,147,367,c224,"['c221', 'c224']",0.6
train_R1,301,G08,train,mid,R0,R0,sc01,T1,189,472,c212,"['c212', 'c422']",0.55
train_R1,301,G08,train,mid,R0,R0,sc01,T1,231,577,c322,"['c022', 'c122', 'c322']",0.4
train_R1,302,G08,train,mid,R0,R0,sc02,T2,20,50,c422,"['c122', 'c422']",0.725
train_R1,302,G08,train,mid,R0,R0,sc02,T2,62,155,c202,"['c202', 'c222']",0.725
train_R1,302,G08,train,mid,R0,R0,sc02,T2,104,260,c224,"['c221', 'c223', 'c224']",0.425
train_R1,302,G08,train,mid,R0,R0,sc02,T2,147,367,c223,"['c220', 'c223', 'c232']",0.475
train_R1,302,G08,train,mid,R0,R0,sc02,T2,189,472,c220,"['c022', 'c220', 'c221']",0.6
train_R1,302,G08,train,mid,R0,R0,sc02,T2,231,577,c022,"['c022', 'c223']",0.75
train_R1,303,G08,train,mid,R0,R0,sc03,T3,20,50,c212,"['c022', 'c212']",0.575
train_R1,303,G08,train,mid,R0,R0,sc03,T3,62,155,c022,"['c022', 'c224', 'c232']",0.6
train_R1,303,G08,train,mid,R0,R0,sc03,T3,105,262,c232,"['c221', 'c222', 'c232']",0.475
train_R1,303,G08,train,mid,R0,R0,sc03,T3,147,367,c222,"['c220', 'c222', 'c422']",0.45
train_R1,303,G08,train,mid,R0,R0,sc03,T3,190,475,c222,"['c222', 'c322']",0.75
train_R1,303,G08,train,mid,R0,R0,sc03,T3,232,580,c222,"['c222', 'c242']",0.7692307692307693
train_R1,304,G08,train,mid,R0,R0,sc04,T4,20,50,c122,"['c122', 'c220']",0.725
train_R1,304,G08,train,mid,R0,R0,sc04,T4,62,155,c220,"['c220', 'c222']",0.75
train_R1,304,G08,train,mid,R0,R0,sc04,T4,104,260,c220,"['c220', 'c223', 'c232']",0.6
train_R1,304,G08,train,mid,R0,R0,sc04,T4,147,367,c223,['c223'],1.0
train_R1,304,G08,train,mid,R0,R0,sc04,T4,189,472,c222,"['c222', 'c322']",0.7
train_R1,304,G08,train,mid,R0,R0,sc04,T4,231,577,c212,"['c022', 'c212']",0.55
train_R1,305,G08,train,mid,R0,R0,sc05,T5,20,50,c212,"['c212', 'c222']",0.725
train_R1,305,G08,train,mid,R0,R0,sc05,T5,62,155,c222,"['c212', 'c222']",0.725
train_R1,305,G08,train,mid,R0,R0,sc05,T5,104,260,c221,"['c220', 'c221']",0.725
train_R1,305,G08,train,mid,R0,R0,sc05,T5,147,367,c220,"['c202', 'c220', 'c223']",0.45
train_R1,305,G08,train,mid,R0,R0,sc05,T5,189,472,c223,"['c202', 'c223', 'c242']",0.75
train_R1,305,G08,train,mid,R0,R0,sc05,T5,231,577,c202,"['c022', 'c202', 'c422']",0.45
train_R1,288,G08,train,nominal,R0,R0,sc00,T0,20,50,c222,"['c202', 'c222']",0.725
train_R1,288,G08,train,nominal,R0,R0,sc00,T0,62,155,c222,['c222'],1.0
train_R1,288,G08,train,nominal,R0,R0,sc00,T0,104,260,c242,"['c224', 'c242']",0.575
train_R1,288,G08,train,nominal,R0,R0,sc00,T0,147,367,c224,"['c224', 'c322']",0.75
train_R1,288,G08,train,nominal,R0,R0,sc00,T0,189,472,c224,"['c122', 'c224', 'c242']",0.45
train_R1,288,G08,train,nominal,R0,R0,sc00,T0,231,577,c122,"['c122', 'c222']",0.75
train_R1,289,G08,train,nominal,R0,R0,sc01,T1,20,50,c232,"['c232', 'c422']",0.725
train_R1,289,G08,train,nominal,R0,R0,sc01,T1,62,155,c422,"['c232', 'c322', 'c422']",0.45
train_R1,289,G08,train,nominal,R0,R0,sc01,T1,104,260,c242,"['c224', 'c242']",0.725
train_R1,289,G08,train,nominal,R0,R0,sc01,T1,147,367,c224,"['c221', 'c224']",0.6
train_R1,289,G08,train,nominal,R0,R0,sc01,T1,189,472,c212,"['c212', 'c422']",0.55
train_R1,289,G08,train,nominal,R0,R0,sc01,T1,231,577,c322,"['c022', 'c122', 'c322']",0.4
train_R1,290,G08,train,nominal,R0,R0,sc02,T2,20,50,c422,"['c122', 'c422']",0.725
train_R1,290,G08,train,nominal,R0,R0,sc02,T2,62,155,c202,"['c202', 'c222']",0.725
train_R1,290,G08,train,nominal,R0,R0,sc02,T2,104,260,c224,"['c221', 'c223', 'c224']",0.425
train_R1,290,G08,train,nominal,R0,R0,sc02,T2,147,367,c223,"['c220', 'c223', 'c232']",0.475
train_R1,290,G08,train,nominal,R0,R0,sc02,T2,189,472,c220,"['c022', 'c220', 'c221']",0.6
train_R1,290,G08,train,nominal,R0,R0,sc02,T2,231,577,c022,"['c022', 'c223']",0.75
train_R1,291,G08,train,nominal,R0,R0,sc03,T3,20,50,c212,"['c022', 'c212']",0.575
train_R1,291,G08,train,nominal,R0,R0,sc03,T3,62,155,c022,"['c022', 'c224', 'c232']",0.6
train_R1,291,G08,train,nominal,R0,R0,sc03,T3,105,262,c232,"['c221', 'c222', 'c232']",0.475
train_R1,291,G08,train,nominal,R0,R0,sc03,T3,147,367,c222,"['c220', 'c222', 'c422']",0.45
train_R1,291,G08,train,nominal,R0,R0,sc03,T3,190,475,c222,"['c222', 'c322']",0.75
train_R1,291,G08,train,nominal,R0,R0,sc03,T3,232,580,c222,"['c222', 'c242']",0.7692307692307693
train_R1,292,G08,train,nominal,R0,R0,sc04,T4,20,50,c122,"['c122', 'c220']",0.725
train_R1,292,G08,train,nominal,R0,R0,sc04,T4,62,155,c220,"['c220', 'c222']",0.75
train_R1,292,G08,train,nominal,R0,R0,sc04,T4,104,260,c220,"['c220', 'c223', 'c232']",0.6
train_R1,292,G08,train,nominal,R0,R0,sc04,T4,147,367,c223,['c223'],1.0
train_R1,292,G08,train,nominal,R0,R0,sc04,T4,189,472,c222,"['c222', 'c322']",0.7
train_R1,292,G08,train,nominal,R0,R0,sc04,T4,231,577,c212,"['c022', 'c212']",0.55
train_R1,293,G08,train,nominal,R0,R0,sc05,T5,20,50,c212,"['c212', 'c222']",0.725
train_R1,293,G08,train,nominal,R0,R0,sc05,T5,62,155,c222,"['c212', 'c222']",0.725
train_R1,293,G08,train,nominal,R0,R0,sc05,T5,104,260,c221,"['c220', 'c221']",0.725
train_R1,293,G08,train,nominal,R0,R0,sc05,T5,147,367,c220,"['c202', 'c220', 'c223']",0.45
train_R1,293,G08,train,nominal,R0,R0,sc05,T5,189,472,c223,"['c202', 'c223', 'c242']",0.75
train_R1,293,G08,train,nominal,R0,R0,sc05,T5,231,577,c202,"['c022', 'c202', 'c422']",0.45
train_R1,348,G09,train,low,R0,R0,sc00,T0,20,50,c220,"['c212', 'c220', 'c222']",0.425
train_R1,348,G09,train,low,R0,R0,sc00,T0,62,155,c222,"['c212', 'c222']",0.575
train_R1,348,G09,train,low,R0,R0,sc00,T0,104,260,c221,"['c221', 'c242']",0.575
train_R1,348,G09,train,low,R0,R0,sc00,T0,147,367,c242,"['c224', 'c242']",0.75
train_R1,348,G09,train,low,R0,R0,sc00,T0,189,472,c220,"['c220', 'c223']",0.7
train_R1,348,G09,train,low,R0,R0,sc00,T0,231,577,c223,"['c221', 'c223']",0.75
train_R1,349,G09,train,low,R0,R0,sc01,T1,20,50,c232,"['c223', 'c232']",0.725
train_R1,349,G09,train,low,R0,R0,sc01,T1,62,155,c223,"['c222', 'c223', 'c224']",0.45
train_R1,349,G09,train,low,R0,R0,sc01,T1,104,260,c242,"['c232', 'c242']",0.725
train_R1,349,G09,train,low,R0,R0,sc01,T1,147,367,c232,"['c232', 'c242']",0.6
train_R1,349,G09,train,low,R0,R0,sc01,T1,189,472,c422,"['c022', 'c422']",0.55
train_R1,349,G09,train,low,R0,R0,sc01,T1,231,577,c222,"['c212', 'c222']",0.7
train_R1,350,G09,train,low,R0,R0,sc02,T2,20,50,c221,"['c122', 'c221']",0.725
train_R1,350,G09,train,low,R0,R0,sc02,T2,62,155,c221,"['c221', 'c224']",0.725
train_R1,350,G09,train,low,R0,R0,sc02,T2,104,260,c212,"['c202', 'c212', 'c222']",0.425
train_R1,350,G09,train,low,R0,R0,sc02,T2,147,367,c202,"['c202', 'c222', 'c322']",0.475
train_R1,350,G09,train,low,R0,R0,sc02,T2,189,472,c322,"['c122', 'c202', 'c322']",0.6
train_R1,350,G09,train,low,R0,R0,sc02,T2,231,577,c122,"['c122', 'c202']",0.75
train_R1,351,G09,train,low,R0,R0,sc03,T3,20,50,c242,"['c232', 'c242']",0.575
train_R1,351,G09,train,low,R0,R0,sc03,T3,62,155,c232,"['c202', 'c222', 'c232']",0.6
train_R1,351,G09,train,low,R0,R0,sc03,T3,105,262,c222,"['c222', 'c322', 'c422']",0.475
train_R1,351,G09,train,low,R0,R0,sc03,T3,147,367,c322,"['c223', 'c232', 'c322']",0.45
train_R1,351,G09,train,low,R0,R0,sc03,T3,190,475,c232,"['c232', 'c422']",0.75
train_R1,351,G09,train,low,R0,R0,sc03,T3,232,580,c224,"['c022', 'c224']",0.7692307692307693
train_R1,352,G09,train,low,R0,R0,sc04,T4,20,50,c222,"['c122', 'c222']",0.7
train_R1,352,G09,train,low,R0,R0,sc04,T4,62,155,c222,"['c022', 'c222', 'c422']",0.75
train_R1,352,G09,train,low,R0,R0,sc04,T4,104,260,c422,"['c242', 'c322', 'c422']",0.6
train_R1,352,G09,train,low,R0,R0,sc04,T4,147,367,c322,['c322'],1.0
train_R1,352,G09,train,low,R0,R0,sc04,T4,189,472,c122,"['c122', 'c223']",0.7
train_R1,352,G09,train,low,R0,R0,sc04,T4,231,577,c212,"['c212', 'c222']",0.55
train_R1,353,G09,train,low,R0,R0,sc05,T5,20,50,c221,"['c122', 'c221', 'c223']",0.6
train_R1,353,G09,train,low,R0,R0,sc05,T5,62,155,c223,"['c223', 'c322']",0.725
train_R1,353,G09,train,low,R0,R0,sc05,T5,104,260,c022,"['c022', 'c220']",0.725
train_R1,353,G09,train,low,R0,R0,sc05,T5,147,367,c220,"['c022', 'c220']",0.55
train_R1,353,G09,train,low,R0,R0,sc05,T5,189,472,c022,"['c022', 'c222', 'c224']",0.75
train_R1,353,G09,train,low,R0,R0,sc05,T5,231,577,c224,"['c202', 'c224', 'c422']",0.45
train_R1,336,G09,train,mid,R0,R0,sc00,T0,20,50,c220,"['c212', 'c220', 'c222']",0.425
train_R1,336,G09,train,mid,R0,R0,sc00,T0,62,155,c222,"['c212', 'c222']",0.575
train_R1,336,G09,train,mid,R0,R0,sc00,T0,104,260,c221,"['c221', 'c242']",0.575
train_R1,336,G09,train,mid,R0,R0,sc00,T0,147,367,c242,"['c224', 'c242']",0.75
train_R1,336,G09,train,mid,R0,R0,sc00,T0,189,472,c220,"['c220', 'c223']",0.7
train_R1,336,G09,train,mid,R0,R0,sc00,T0,231,577,c223,"['c221', 'c223']",0.75
train_R1,337,G09,train,mid,R0,R0,sc01,T1,20,50,c232,"['c223', 'c232']",0.725
train_R1,337,G09,train,mid,R0,R0,sc01,T1,62,155,c223,"['c222', 'c223', 'c224']",0.45
train_R1,337,G09,train,mid,R0,R0,sc01,T1,104,260,c242,"['c232', 'c242']",0.725
train_R1,337,G09,train,mid,R0,R0,sc01,T1,147,367,c232,"['c232', 'c242']",0.6
train_R1,337,G09,train,mid,R0,R0,sc01,T1,189,472,c422,"['c022', 'c422']",0.55
train_R1,337,G09,train,mid,R0,R0,sc01,T1,231,577,c222,"['c212', 'c222']",0.7
train_R1,338,G09,train,mid,R0,R0,sc02,T2,20,50,c221,"['c122', 'c221']",0.725
train_R1,338,G09,train,mid,R0,R0,sc02,T2,62,155,c221,"['c221', 'c224']",0.725
train_R1,338,G09,train,mid,R0,R0,sc02,T2,104,260,c212,"['c202', 'c212', 'c222']",0.425
train_R1,338,G09,train,mid,R0,R0,sc02,T2,147,367,c202,"['c202', 'c222', 'c322']",0.475
train_R1,338,G09,train,mid,R0,R0,sc02,T2,189,472,c322,"['c122', 'c202', 'c322']",0.6
train_R1,338,G09,train,mid,R0,R0,sc02,T2,231,577,c122,"['c122', 'c202']",0.75
train_R1,339,G09,train,mid,R0,R0,sc03,T3,20,50,c242,"['c232', 'c242']",0.575
train_R1,339,G09,train,mid,R0,R0,sc03,T3,62,155,c232,"['c202', 'c222', 'c232']",0.6
train_R1,339,G09,train,mid,R0,R0,sc03,T3,105,262,c222,"['c222', 'c322', 'c422']",0.475
train_R1,339,G09,train,mid,R0,R0,sc03,T3,147,367,c322,"['c223', 'c232', 'c322']",0.45
train_R1,339,G09,train,mid,R0,R0,sc03,T3,190,475,c232,"['c232', 'c422']",0.75
train_R1,339,G09,train,mid,R0,R0,sc03,T3,232,580,c224,"['c022', 'c224']",0.7692307692307693
train_R1,340,G09,train,mid,R0,R0,sc04,T4,20,50,c222,"['c122', 'c222']",0.7
train_R1,340,G09,train,mid,R0,R0,sc04,T4,62,155,c222,"['c022', 'c222', 'c422']",0.75
train_R1,340,G09,train,mid,R0,R0,sc04,T4,104,260,c422,"['c242', 'c322', 'c422']",0.6
train_R1,340,G09,train,mid,R0,R0,sc04,T4,147,367,c322,['c322'],1.0
train_R1,340,G09,train,mid,R0,R0,sc04,T4,189,472,c122,"['c122', 'c223']",0.7
train_R1,340,G09,train,mid,R0,R0,sc04,T4,231,577,c212,"['c212', 'c222']",0.55
train_R1,341,G09,train,mid,R0,R0,sc05,T5,20,50,c221,"['c122', 'c221', 'c223']",0.6
train_R1,341,G09,train,mid,R0,R0,sc05,T5,62,155,c223,"['c223', 'c322']",0.725
train_R1,341,G09,train,mid,R0,R0,sc05,T5,104,260,c022,"['c022', 'c220']",0.725
train_R1,341,G09,train,mid,R0,R0,sc05,T5,147,367,c220,"['c022', 'c220']",0.55
train_R1,341,G09,train,mid,R0,R0,sc05,T5,189,472,c022,"['c022', 'c222', 'c224']",0.75
train_R1,341,G09,train,mid,R0,R0,sc05,T5,231,577,c224,"['c202', 'c224', 'c422']",0.45
train_R1,324,G09,train,nominal,R0,R0,sc00,T0,20,50,c220,"['c212', 'c220', 'c222']",0.425
train_R1,324,G09,train,nominal,R0,R0,sc00,T0,62,155,c222,"['c212', 'c222']",0.575
train_R1,324,G09,train,nominal,R0,R0,sc00,T0,104,260,c221,"['c221', 'c242']",0.575
train_R1,324,G09,train,nominal,R0,R0,sc00,T0,147,367,c242,"['c224', 'c242']",0.75
train_R1,324,G09,train,nominal,R0,R0,sc00,T0,189,472,c220,"['c220', 'c223']",0.7
train_R1,324,G09,train,nominal,R0,R0,sc00,T0,231,577,c223,"['c221', 'c223']",0.75
train_R1,325,G09,train,nominal,R0,R0,sc01,T1,20,50,c232,"['c223', 'c232']",0.725
train_R1,325,G09,train,nominal,R0,R0,sc01,T1,62,155,c223,"['c222', 'c223', 'c224']",0.45
train_R1,325,G09,train,nominal,R0,R0,sc01,T1,104,260,c242,"['c232', 'c242']",0.725
train_R1,325,G09,train,nominal,R0,R0,sc01,T1,147,367,c232,"['c232', 'c242']",0.6
train_R1,325,G09,train,nominal,R0,R0,sc01,T1,189,472,c422,"['c022', 'c422']",0.55
train_R1,325,G09,train,nominal,R0,R0,sc01,T1,231,577,c222,"['c212', 'c222']",0.7
train_R1,326,G09,train,nominal,R0,R0,sc02,T2,20,50,c221,"['c122', 'c221']",0.725
train_R1,326,G09,train,nominal,R0,R0,sc02,T2,62,155,c221,"['c221', 'c224']",0.725
train_R1,326,G09,train,nominal,R0,R0,sc02,T2,104,260,c212,"['c202', 'c212', 'c222']",0.425
train_R1,326,G09,train,nominal,R0,R0,sc02,T2,147,367,c202,"['c202', 'c222', 'c322']",0.475
train_R1,326,G09,train,nominal,R0,R0,sc02,T2,189,472,c322,"['c122', 'c202', 'c322']",0.6
train_R1,326,G09,train,nominal,R0,R0,sc02,T2,231,577,c122,"['c122', 'c202']",0.75
train_R1,327,G09,train,nominal,R0,R0,sc03,T3,20,50,c242,"['c232', 'c242']",0.575
train_R1,327,G09,train,nominal,R0,R0,sc03,T3,62,155,c232,"['c202', 'c222', 'c232']",0.6
train_R1,327,G09,train,nominal,R0,R0,sc03,T3,105,262,c222,"['c222', 'c322', 'c422']",0.475
train_R1,327,G09,train,nominal,R0,R0,sc03,T3,147,367,c322,"['c223', 'c232', 'c322']",0.45
train_R1,327,G09,train,nominal,R0,R0,sc03,T3,190,475,c232,"['c232', 'c422']",0.75
train_R1,327,G09,train,nominal,R0,R0,sc03,T3,232,580,c224,"['c022', 'c224']",0.7692307692307693
train_R1,328,G09,train,nominal,R0,R0,sc04,T4,20,50,c222,"['c122', 'c222']",0.7
train_R1,328,G09,train,nominal,R0,R0,sc04,T4,62,155,c222,"['c022', 'c222', 'c422']",0.75
train_R1,328,G09,train,nominal,R0,R0,sc04,T4,104,260,c422,"['c242', 'c322', 'c422']",0.6
train_R1,328,G09,train,nominal,R0,R0,sc04,T4,147,367,c322,['c322'],1.0
train_R1,328,G09,train,nominal,R0,R0,sc04,T4,189,472,c122,"['c122', 'c223']",0.7
train_R1,328,G09,train,nominal,R0,R0,sc04,T4,231,577,c212,"['c212', 'c222']",0.55
train_R1,329,G09,train,nominal,R0,R0,sc05,T5,20,50,c221,"['c122', 'c221', 'c223']",0.6
train_R1,329,G09,train,nominal,R0,R0,sc05,T5,62,155,c223,"['c223', 'c322']",0.725
train_R1,329,G09,train,nominal,R0,R0,sc05,T5,104,260,c022,"['c022', 'c220']",0.725
train_R1,329,G09,train,nominal,R0,R0,sc05,T5,147,367,c220,"['c022', 'c220']",0.55
train_R1,329,G09,train,nominal,R0,R0,sc05,T5,189,472,c022,"['c022', 'c222', 'c224']",0.75
train_R1,329,G09,train,nominal,R0,R0,sc05,T5,231,577,c224,"['c202', 'c224', 'c422']",0.45
train_R1,384,G10,train,low,R0,R0,sc00,T0,20,50,c212,"['c122', 'c212', 'c222']",0.425
train_R1,384,G10,train,low,R0,R0,sc00,T0,62,155,c223,"['c212', 'c223']",0.575
train_R1,384,G10,train,low,R0,R0,sc00,T0,104,260,c222,"['c222', 'c422']",0.575
train_R1,384,G10,train,low,R0,R0,sc00,T0,147,367,c422,"['c242', 'c422']",0.75
train_R1,384,G10,train,low,R0,R0,sc00,T0,189,472,c222,"['c222', 'c223', 'c242']",0.45
train_R1,384,G10,train,low,R0,R0,sc00,T0,231,577,c223,"['c221', 'c223']",0.75
train_R1,385,G10,train,low,R0,R0,sc01,T1,20,50,c222,"['c222', 'c223']",0.725
train_R1,385,G10,train,low,R0,R0,sc01,T1,62,155,c223,"['c223', 'c224']",0.55
train_R1,385,G10,train,low,R0,R0,sc01,T1,104,260,c322,['c322'],1.0
train_R1,385,G10,train,low,R0,R0,sc01,T1,147,367,c322,"['c222', 'c322']",0.6
train_R1,385,G10,train,low,R0,R0,sc01,T1,189,472,c221,['c221'],1.0
train_R1,385,G10,train,low,R0,R0,sc01,T1,231,577,c220,"['c122', 'c220']",0.6
train_R1,386,G10,train,low,R0,R0,sc02,T2,20,50,c232,"['c022', 'c232']",0.725
train_R1,386,G10,train,low,R0,R0,sc02,T2,62,155,c122,"['c022', 'c122']",0.725
train_R1,386,G10,train,low,R0,R0,sc02,T2,104,260,c224,"['c022', 'c224']",0.725
train_R1,386,G10,train,low,R0,R0,sc02,T2,147,367,c022,"['c022', 'c221', 'c242']",0.475
train_R1,386,G10,train,low,R0,R0,sc02,T2,189,472,c242,"['c202', 'c242', 'c322']",0.6
train_R1,386,G10,train,low,R0,R0,sc02,T2,231,577,c322,"['c222', 'c322']",0.75
train_R1,387,G10,train,low,R0,R0,sc03,T3,20,50,c224,"['c224', 'c232']",0.575
train_R1,387,G10,train,low,R0,R0,sc03,T3,62,155,c232,"['c202', 'c220', 'c232']",0.6
train_R1,387,G10,train,low,R0,R0,sc03,T3,105,262,c220,"['c220', 'c224', 'c422']",0.475
train_R1,387,G10,train,low,R0,R0,sc03,T3,147,367,c224,"['c222', 'c224', 'c422']",0.45
train_R1,387,G10,train,low,R0,R0,sc03,T3,190,475,c422,['c422'],1.0
train_R1,387,G10,train,low,R0,R0,sc03,T3,232,580,c122,"['c122', 'c221']",0.7692307692307693
train_R1,388,G10,train,low,R0,R0,sc04,T4,20,50,c222,"['c022', 'c222', 'c223']",0.425
train_R1,388,G10,train,low,R0,R0,sc04,T4,62,155,c022,"['c022', 'c202', 'c232']",0.75
train_R1,388,G10,train,low,R0,R0,sc04,T4,104,260,c202,"['c202', 'c222', 'c232']",0.6
train_R1,388,G10,train,low,R0,R0,sc04,T4,147,367,c222,"['c222', 'c322']",0.6
train_R1,388,G10,train,low,R0,R0,sc04,T4,189,472,c322,"['c222', 'c322']",0.7
train_R1,388,G10,train,low,R0,R0,sc04,T4,231,577,c212,['c212'],1.0
train_R1,389,G10,train,low,R0,R0,sc05,T5,20,50,c220,"['c220', 'c232']",0.875
train_R1,389,G10,train,low,R0,R0,sc05,T5,62,155,c232,"['c232', 'c242']",0.725
train_R1,389,G10,train,low,R0,R0,sc05,T5,104,260,c222,"['c022', 'c222']",0.725
train_R1,389,G10,train,low,R0,R0,sc05,T5,147,367,c022,"['c022', 'c220', 'c222']",0.45
train_R1,389,G10,train,low,R0,R0,sc05,T5,189,472,c220,"['c202', 'c212', 'c220']",0.75
train_R1,389,G10,train,low,R0,R0,sc05,T5,231,577,c212,"['c202', 'c212', 'c242']",0.45
train_R1,372,G10,train,mid,R0,R0,sc00,T0,20,50,c212,"['c122', 'c212', 'c222']",0.425
train_R1,372,G10,train,mid,R0,R0,sc00,T0,62,155,c223,"['c212', 'c223']",0.575
train_R1,372,G10,train,mid,R0,R0,sc00,T0,104,260,c222,"['c222', 'c422']",0.575
train_R1,372,G10,train,mid,R0,R0,sc00,T0,147,367,c422,"['c242', 'c422']",0.75
train_R1,372,G10,train,mid,R0,R0,sc00,T0,189,472,c222,"['c222', 'c223', 'c242']",0.45
train_R1,372,G10,train,mid,R0,R0,sc00,T0,231,577,c223,"['c221', 'c223']",0.75
train_R1,373,G10,train,mid,R0,R0,sc01,T1,20,50,c222,"['c222', 'c223']",0.725
train_R1,373,G10,train,mid,R0,R0,sc01,T1,62,155,c223,"['c223', 'c224']",0.55
train_R1,373,G10,train,mid,R0,R0,sc01,T1,104,260,c322,['c322'],1.0
train_R1,373,G10,train,mid,R0,R0,sc01,T1,147,367,c322,"['c222', 'c322']",0.6
train_R1,373,G10,train,mid,R0,R0,sc01,T1,189,472,c221,['c221'],1.0
train_R1,373,G10,train,mid,R0,R0,sc01,T1,231,577,c220,"['c122', 'c220']",0.6
train_R1,374,G10,train,mid,R0,R0,sc02,T2,20,50,c232,"['c022', 'c232']",0.725
train_R1,374,G10,train,mid,R0,R0,sc02,T2,62,155,c122,"['c022', 'c122']",0.725
train_R1,374,G10,train,mid,R0,R0,sc02,T2,104,260,c224,"['c022', 'c224']",0.725
train_R1,374,G10,train,mid,R0,R0,sc02,T2,147,367,c022,"['c022', 'c221', 'c242']",0.475
train_R1,374,G10,train,mid,R0,R0,sc02,T2,189,472,c242,"['c202', 'c242', 'c322']",0.6
train_R1,374,G10,train,mid,R0,R0,sc02,T2,231,577,c322,"['c222', 'c322']",0.75
train_R1,375,G10,train,mid,R0,R0,sc03,T3,20,50,c224,"['c224', 'c232']",0.575
train_R1,375,G10,train,mid,R0,R0,sc03,T3,62,155,c232,"['c202', 'c220', 'c232']",0.6
train_R1,375,G10,train,mid,R0,R0,sc03,T3,105,262,c220,"['c220', 'c224', 'c422']",0.475
train_R1,375,G10,train,mid,R0,R0,sc03,T3,147,367,c224,"['c222', 'c224', 'c422']",0.45
train_R1,375,G10,train,mid,R0,R0,sc03,T3,190,475,c422,['c422'],1.0
train_R1,375,G10,train,mid,R0,R0,sc03,T3,232,580,c122,"['c122', 'c221']",0.7692307692307693
train_R1,376,G10,train,mid,R0,R0,sc04,T4,20,50,c222,"['c022', 'c222', 'c223']",0.425
train_R1,376,G10,train,mid,R0,R0,sc04,T4,62,155,c022,"['c022', 'c202', 'c232']",0.75
train_R1,376,G10,train,mid,R0,R0,sc04,T4,104,260,c202,"['c202', 'c222', 'c232']",0.6
train_R1,376,G10,train,mid,R0,R0,sc04,T4,147,367,c222,"['c222', 'c322']",0.6
train_R1,376,G10,train,mid,R0,R0,sc04,T4,189,472,c322,"['c222', 'c322']",0.7
train_R1,376,G10,train,mid,R0,R0,sc04,T4,231,577,c212,['c212'],1.0
train_R1,377,G10,train,mid,R0,R0,sc05,T5,20,50,c220,"['c220', 'c232']",0.875
train_R1,377,G10,train,mid,R0,R0,sc05,T5,62,155,c232,"['c232', 'c242']",0.725
train_R1,377,G10,train,mid,R0,R0,sc05,T5,104,260,c222,"['c022', 'c222']",0.725
train_R1,377,G10,train,mid,R0,R0,sc05,T5,147,367,c022,"['c022', 'c220', 'c222']",0.45
train_R1,377,G10,train,mid,R0,R0,sc05,T5,189,472,c220,"['c202', 'c212', 'c220']",0.75
train_R1,377,G10,train,mid,R0,R0,sc05,T5,231,577,c212,"['c202', 'c212', 'c242']",0.45
train_R1,360,G10,train,nominal,R0,R0,sc00,T0,20,50,c212,"['c122', 'c212', 'c222']",0.425
train_R1,360,G10,train,nominal,R0,R0,sc00,T0,62,155,c223,"['c212', 'c223']",0.575
train_R1,360,G10,train,nominal,R0,R0,sc00,T0,104,260,c222,"['c222', 'c422']",0.575
train_R1,360,G10,train,nominal,R0,R0,sc00,T0,147,367,c422,"['c242', 'c422']",0.75
train_R1,360,G10,train,nominal,R0,R0,sc00,T0,189,472,c222,"['c222', 'c223', 'c242']",0.45
train_R1,360,G10,train,nominal,R0,R0,sc00,T0,231,577,c223,"['c221', 'c223']",0.75
train_R1,361,G10,train,nominal,R0,R0,sc01,T1,20,50,c222,"['c222', 'c223']",0.725
train_R1,361,G10,train,nominal,R0,R0,sc01,T1,62,155,c223,"['c223', 'c224']",0.55
train_R1,361,G10,train,nominal,R0,R0,sc01,T1,104,260,c322,['c322'],1.0
train_R1,361,G10,train,nominal,R0,R0,sc01,T1,147,367,c322,"['c222', 'c322']",0.6
train_R1,361,G10,train,nominal,R0,R0,sc01,T1,189,472,c221,['c221'],1.0
train_R1,361,G10,train,nominal,R0,R0,sc01,T1,231,577,c220,"['c122', 'c220']",0.6
train_R1,362,G10,train,nominal,R0,R0,sc02,T2,20,50,c232,"['c022', 'c232']",0.725
train_R1,362,G10,train,nominal,R0,R0,sc02,T2,62,155,c122,"['c022', 'c122']",0.725
train_R1,362,G10,train,nominal,R0,R0,sc02,T2,104,260,c224,"['c022', 'c224']",0.725
train_R1,362,G10,train,nominal,R0,R0,sc02,T2,147,367,c022,"['c022', 'c221', 'c242']",0.475
train_R1,362,G10,train,nominal,R0,R0,sc02,T2,189,472,c242,"['c202', 'c242', 'c322']",0.6
train_R1,362,G10,train,nominal,R0,R0,sc02,T2,231,577,c322,"['c222', 'c322']",0.75
train_R1,363,G10,train,nominal,R0,R0,sc03,T3,20,50,c224,"['c224', 'c232']",0.575
train_R1,363,G10,train,nominal,R0,R0,sc03,T3,62,155,c232,"['c202', 'c220', 'c232']",0.6
train_R1,363,G10,train,nominal,R0,R0,sc03,T3,105,262,c220,"['c220', 'c224', 'c422']",0.475
train_R1,363,G10,train,nominal,R0,R0,sc03,T3,147,367,c224,"['c222', 'c224', 'c422']",0.45
train_R1,363,G10,train,nominal,R0,R0,sc03,T3,190,475,c422,['c422'],1.0
train_R1,363,G10,train,nominal,R0,R0,sc03,T3,232,580,c122,"['c122', 'c221']",0.7692307692307693
train_R1,364,G10,train,nominal,R0,R0,sc04,T4,20,50,c222,"['c022', 'c222', 'c223']",0.425
train_R1,364,G10,train,nominal,R0,R0,sc04,T4,62,155,c022,"['c022', 'c202', 'c232']",0.75
train_R1,364,G10,train,nominal,R0,R0,sc04,T4,104,260,c202,"['c202', 'c222', 'c232']",0.6
train_R1,364,G10,train,nominal,R0,R0,sc04,T4,147,367,c222,"['c222', 'c322']",0.6
train_R1,364,G10,train,nominal,R0,R0,sc04,T4,189,472,c322,"['c222', 'c322']",0.7
train_R1,364,G10,train,nominal,R0,R0,sc04,T4,231,577,c212,['c212'],1.0
train_R1,365,G10,train,nominal,R0,R0,sc05,T5,20,50,c220,"['c220', 'c232']",0.875
train_R1,365,G10,train,nominal,R0,R0,sc05,T5,62,155,c232,"['c232', 'c242']",0.725
train_R1,365,G10,train,nominal,R0,R0,sc05,T5,104,260,c222,"['c022', 'c222']",0.725
train_R1,365,G10,train,nominal,R0,R0,sc05,T5,147,367,c022,"['c022', 'c220', 'c222']",0.45
train_R1,365,G10,train,nominal,R0,R0,sc05,T5,189,472,c220,"['c202', 'c212', 'c220']",0.75
train_R1,365,G10,train,nominal,R0,R0,sc05,T5,231,577,c212,"['c202', 'c212', 'c242']",0.45
train_R1,420,G11,train,low,R0,R0,sc00,T0,20,50,c222,"['c212', 'c222', 'c232']",0.425
train_R1,420,G11,train,low,R0,R0,sc00,T0,62,155,c224,"['c222', 'c224']",0.575
train_R1,420,G11,train,low,R0,R0,sc00,T0,104,260,c220,"['c220', 'c242']",0.575
train_R1,420,G11,train,low,R0,R0,sc00,T0,147,367,c242,"['c222', 'c242']",0.75
train_R1,420,G11,train,low,R0,R0,sc00,T0,189,472,c224,"['c212', 'c222', 'c224']",0.45
train_R1,420,G11,train,low,R0,R0,sc00,T0,231,577,c212,"['c212', 'c221']",0.75
train_R1,421,G11,train,low,R0,R0,sc01,T1,20,50,c322,['c322'],1.0
train_R1,421,G11,train,low,R0,R0,sc01,T1,62,155,c322,"['c122', 'c222', 'c322']",0.45
train_R1,421,G11,train,low,R0,R0,sc01,T1,104,260,c322,"['c202', 'c322']",0.725
train_R1,421,G11,train,low,R0,R0,sc01,T1,147,367,c202,"['c202', 'c223']",0.6
train_R1,421,G11,train,low,R0,R0,sc01,T1,189,472,c223,"['c202', 'c223']",0.55
train_R1,421,G11,train,low,R0,R0,sc01,T1,231,577,c224,"['c223', 'c224', 'c422']",0.4
train_R1,422,G11,train,low,R0,R0,sc02,T2,20,50,c022,"['c022', 'c222']",0.725
train_R1,422,G11,train,low,R0,R0,sc02,T2,62,155,c220,"['c122', 'c220']",0.725
train_R1,422,G11,train,low,R0,R0,sc02,T2,104,260,c202,"['c202', 'c220', 'c232']",0.425
train_R1,422,G11,train,low,R0,R0,sc02,T2,147,367,c220,"['c022', 'c212', 'c220']",0.475
train_R1,422,G11,train,low,R0,R0,sc02,T2,189,472,c022,"['c022', 'c202']",0.7
train_R1,422,G11,train,low,R0,R0,sc02,T2,231,577,c202,"['c122', 'c202']",0.75
train_R1,423,G11,train,low,R0,R0,sc03,T3,20,50,c222,"['c222', 'c242']",0.575
train_R1,423,G11,train,low,R0,R0,sc03,T3,62,155,c242,"['c122', 'c242', 'c422']",0.6
train_R1,423,G11,train,low,R0,R0,sc03,T3,105,262,c122,"['c122', 'c202', 'c221']",0.475
train_R1,423,G11,train,low,R0,R0,sc03,T3,147,367,c221,"['c212', 'c221', 'c242']",0.45
train_R1,423,G11,train,low,R0,R0,sc03,T3,190,475,c242,"['c221', 'c242']",0.75
train_R1,423,G11,train,low,R0,R0,sc03,T3,232,580,c222,"['c222', 'c322']",0.7692307692307693
train_R1,424,G11,train,low,R0,R0,sc04,T4,20,50,c220,"['c220', 'c422']",0.575
train_R1,424,G11,train,low,R0,R0,sc04,T4,62,155,c422,"['c220', 'c422']",0.75
train_R1,424,G11,train,low,R0,R0,sc04,T4,104,260,c422,"['c232', 'c422']",0.875
train_R1,424,G11,train,low,R0,R0,sc04,T4,147,367,c232,"['c022', 'c232']",0.6
train_R1,424,G11,train,low,R0,R0,sc04,T4,189,472,c222,['c222'],1.0
train_R1,424,G11,train,low,R0,R0,sc04,T4,231,577,c221,"['c221', 'c222']",0.55
train_R1,425,G11,train,low,R0,R0,sc05,T5,20,50,c221,"['c221', 'c222', 'c224']",0.6
train_R1,425,G11,train,low,R0,R0,sc05,T5,62,155,c222,"['c222', 'c224']",0.725
train_R1,425,G11,train,low,R0,R0,sc05,T5,104,260,c022,"['c022', 'c242']",0.725
train_R1,425,G11,train,low,R0,R0,sc05,T5,147,367,c242,"['c212', 'c232', 'c242']",0.45
train_R1,425,G11,train,low,R0,R0,sc05,T5,189,472,c232,"['c122', 'c232', 'c322']",0.75
train_R1,425,G11,train,low,R0,R0,sc05,T5,231,577,c122,"['c122', 'c223']",0.75
train_R1,408,G11,train,mid,R0,R0,sc00,T0,20,50,c222,"['c212', 'c222', 'c232']",0.425
train_R1,408,G11,train,mid,R0,R0,sc00,T0,62,155,c224,"['c222', 'c224']",0.575
train_R1,408,G11,train,mid,R0,R0,sc00,T0,104,260,c220,"['c220', 'c242']",0.575
train_R1,408,G11,train,mid,R0,R0,sc00,T0,147,367,c242,"['c222', 'c242']",0.75
train_R1,408,G11,train,mid,R0,R0,sc00,T0,189,472,c224,"['c212', 'c222', 'c224']",0.45
train_R1,408,G11,train,mid,R0,R0,sc00,T0,231,577,c212,"['c212', 'c221']",0.75
train_R1,409,G11,train,mid,R0,R0,sc01,T1,20,50,c322,['c322'],1.0
train_R1,409,G11,train,mid,R0,R0,sc01,T1,62,155,c322,"['c122', 'c222', 'c322']",0.45
train_R1,409,G11,train,mid,R0,R0,sc01,T1,104,260,c322,"['c202', 'c322']",0.725
train_R1,409,G11,train,mid,R0,R0,sc01,T1,147,367,c202,"['c202', 'c223']",0.6
train_R1,409,G11,train,mid,R0,R0,sc01,T1,189,472,c223,"['c202', 'c223']",0.55
train_R1,409,G11,train,mid,R0,R0,sc01,T1,231,577,c224,"['c223', 'c224', 'c422']",0.4
train_R1,410,G11,train,mid,R0,R0,sc02,T2,20,50,c022,"['c022', 'c222']",0.725
train_R1,410,G11,train,mid,R0,R0,sc02,T2,62,155,c220,"['c122', 'c220']",0.725
train_R1,410,G11,train,mid,R0,R0,sc02,T2,104,260,c202,"['c202', 'c220', 'c232']",0.425
train_R1,410,G11,train,mid,R0,R0,sc02,T2,147,367,c220,"['c022', 'c212', 'c220']",0.475
train_R1,410,G11,train,mid,R0,R0,sc02,T2,189,472,c022,"['c022', 'c202']",0.7
train_R1,410,G11,train,mid,R0,R0,sc02,T2,231,577,c202,"['c122', 'c202']",0.75
train_R1,411,G11,train,mid,R0,R0,sc03,T3,20,50,c222,"['c222', 'c242']",0.575
train_R1,411,G11,train,mid,R0,R0,sc03,T3,62,155,c242,"['c122', 'c242', 'c422']",0.6
train_R1,411,G11,train,mid,R0,R0,sc03,T3,105,262,c122,"['c122', 'c202', 'c221']",0.475
train_R1,411,G11,train,mid,R0,R0,sc03,T3,147,367,c221,"['c212', 'c221', 'c242']",0.45
train_R1,411,G11,train,mid,R0,R0,sc03,T3,190,475,c242,"['c221', 'c242']",0.75
train_R1,411,G11,train,mid,R0,R0,sc03,T3,232,580,c222,"['c222', 'c322']",0.7692307692307693
train_R1,412,G11,train,mid,R0,R0,sc04,T4,20,50,c220,"['c220', 'c422']",0.575
train_R1,412,G11,train,mid,R0,R0,sc04,T4,62,155,c422,"['c220', 'c422']",0.75
train_R1,412,G11,train,mid,R0,R0,sc04,T4,104,260,c422,"['c232', 'c422']",0.875
train_R1,412,G11,train,mid,R0,R0,sc04,T4,147,367,c232,"['c022', 'c232']",0.6
train_R1,412,G11,train,mid,R0,R0,sc04,T4,189,472,c222,['c222'],1.0
train_R1,412,G11,train,mid,R0,R0,sc04,T4,231,577,c221,"['c221', 'c222']",0.55
train_R1,413,G11,train,mid,R0,R0,sc05,T5,20,50,c221,"['c221', 'c222', 'c224']",0.6
train_R1,413,G11,train,mid,R0,R0,sc05,T5,62,155,c222,"['c222', 'c224']",0.725
train_R1,413,G11,train,mid,R0,R0,sc05,T5,104,260,c022,"['c022', 'c242']",0.725
train_R1,413,G11,train,mid,R0,R0,sc05,T5,147,367,c242,"['c212', 'c232', 'c242']",0.45
train_R1,413,G11,train,mid,R0,R0,sc05,T5,189,472,c232,"['c122', 'c232', 'c322']",0.75
train_R1,413,G11,train,mid,R0,R0,sc05,T5,231,577,c122,"['c122', 'c223']",0.75
train_R1,396,G11,train,nominal,R0,R0,sc00,T0,20,50,c222,"['c212', 'c222', 'c232']",0.425
train_R1,396,G11,train,nominal,R0,R0,sc00,T0,62,155,c224,"['c222', 'c224']",0.575
train_R1,396,G11,train,nominal,R0,R0,sc00,T0,104,260,c220,"['c220', 'c242']",0.575
train_R1,396,G11,train,nominal,R0,R0,sc00,T0,147,367,c242,"['c222', 'c242']",0.75
train_R1,396,G11,train,nominal,R0,R0,sc00,T0,189,472,c224,"['c212', 'c222', 'c224']",0.45
train_R1,396,G11,train,nominal,R0,R0,sc00,T0,231,577,c212,"['c212', 'c221']",0.75
train_R1,397,G11,train,nominal,R0,R0,sc01,T1,20,50,c322,['c322'],1.0
train_R1,397,G11,train,nominal,R0,R0,sc01,T1,62,155,c322,"['c122', 'c222', 'c322']",0.45
train_R1,397,G11,train,nominal,R0,R0,sc01,T1,104,260,c322,"['c202', 'c322']",0.725
train_R1,397,G11,train,nominal,R0,R0,sc01,T1,147,367,c202,"['c202', 'c223']",0.6
train_R1,397,G11,train,nominal,R0,R0,sc01,T1,189,472,c223,"['c202', 'c223']",0.55
train_R1,397,G11,train,nominal,R0,R0,sc01,T1,231,577,c224,"['c223', 'c224', 'c422']",0.4
train_R1,398,G11,train,nominal,R0,R0,sc02,T2,20,50,c022,"['c022', 'c222']",0.725
train_R1,398,G11,train,nominal,R0,R0,sc02,T2,62,155,c220,"['c122', 'c220']",0.725
train_R1,398,G11,train,nominal,R0,R0,sc02,T2,104,260,c202,"['c202', 'c220', 'c232']",0.425
train_R1,398,G11,train,nominal,R0,R0,sc02,T2,147,367,c220,"['c022', 'c212', 'c220']",0.475
train_R1,398,G11,train,nominal,R0,R0,sc02,T2,189,472,c022,"['c022', 'c202']",0.7
train_R1,398,G11,train,nominal,R0,R0,sc02,T2,231,577,c202,"['c122', 'c202']",0.75
train_R1,399,G11,train,nominal,R0,R0,sc03,T3,20,50,c222,"['c222', 'c242']",0.575
train_R1,399,G11,train,nominal,R0,R0,sc03,T3,62,155,c242,"['c122', 'c242', 'c422']",0.6
train_R1,399,G11,train,nominal,R0,R0,sc03,T3,105,262,c122,"['c122', 'c202', 'c221']",0.475
train_R1,399,G11,train,nominal,R0,R0,sc03,T3,147,367,c221,"['c212', 'c221', 'c242']",0.45
train_R1,399,G11,train,nominal,R0,R0,sc03,T3,190,475,c242,"['c221', 'c242']",0.75
train_R1,399,G11,train,nominal,R0,R0,sc03,T3,232,580,c222,"['c222', 'c322']",0.7692307692307693
train_R1,400,G11,train,nominal,R0,R0,sc04,T4,20,50,c220,"['c220', 'c422']",0.575
train_R1,400,G11,train,nominal,R0,R0,sc04,T4,62,155,c422,"['c220', 'c422']",0.75
train_R1,400,G11,train,nominal,R0,R0,sc04,T4,104,260,c422,"['c232', 'c422']",0.875
train_R1,400,G11,train,nominal,R0,R0,sc04,T4,147,367,c232,"['c022', 'c232']",0.6
train_R1,400,G11,train,nominal,R0,R0,sc04,T4,189,472,c222,['c222'],1.0
train_R1,400,G11,train,nominal,R0,R0,sc04,T4,231,577,c221,"['c221', 'c222']",0.55
train_R1,401,G11,train,nominal,R0,R0,sc05,T5,20,50,c221,"['c221', 'c222', 'c224']",0.6
train_R1,401,G11,train,nominal,R0,R0,sc05,T5,62,155,c222,"['c222', 'c224']",0.725
train_R1,401,G11,train,nominal,R0,R0,sc05,T5,104,260,c022,"['c022', 'c242']",0.725
train_R1,401,G11,train,nominal,R0,R0,sc05,T5,147,367,c242,"['c212', 'c232', 'c242']",0.45
train_R1,401,G11,train,nominal,R0,R0,sc05,T5,189,472,c232,"['c122', 'c232', 'c322']",0.75
train_R1,401,G11,train,nominal,R0,R0,sc05,T5,231,577,c122,"['c122', 'c223']",0.75
train_R1,30,G00,train,low,R1,R1,sc06,T0,20,50,c203,"['c203', 'c222']",0.725
train_R1,30,G00,train,low,R1,R1,sc06,T0,62,155,c222,"['c222', 'c423']",0.575
train_R1,30,G00,train,low,R1,R1,sc06,T0,104,260,c222,"['c222', 'c421']",0.575
train_R1,30,G00,train,low,R1,R1,sc06,T0,147,367,c421,"['c321', 'c421']",0.75
train_R1,30,G00,train,low,R1,R1,sc06,T0,189,472,c222,"['c222', 'c231']",0.7
train_R1,30,G00,train,low,R1,R1,sc06,T0,231,577,c231,"['c222', 'c231']",0.75
train_R1,31,G00,train,low,R1,R1,sc07,T1,20,50,c222,"['c214', 'c222']",0.725
train_R1,31,G00,train,low,R1,R1,sc07,T1,62,155,c214,"['c124', 'c214', 'c424']",0.45
train_R1,31,G00,train,low,R1,R1,sc07,T1,104,260,c320,"['c032', 'c320']",0.725
train_R1,31,G00,train,low,R1,R1,sc07,T1,147,367,c032,"['c032', 'c222']",0.6
train_R1,31,G00,train,low,R1,R1,sc07,T1,189,472,c222,['c222'],1.0
train_R1,31,G00,train,low,R1,R1,sc07,T1,231,577,c132,"['c042', 'c132', 'c222']",0.4
train_R1,32,G00,train,low,R1,R1,sc08,T2,20,50,c244,"['c244', 'c432']",0.725
train_R1,32,G00,train,low,R1,R1,sc08,T2,62,155,c222,"['c023', 'c222']",0.725
train_R1,32,G00,train,low,R1,R1,sc08,T2,104,260,c222,"['c142', 'c222']",0.7
train_R1,32,G00,train,low,R1,R1,sc08,T2,147,367,c222,"['c024', 'c222']",0.575
train_R1,32,G00,train,low,R1,R1,sc08,T2,189,472,c024,"['c024', 'c222', 'c302']",0.6
train_R1,32,G00,train,low,R1,R1,sc08,T2,231,577,c302,"['c222', 'c302']",0.75
train_R1,33,G00,train,low,R1,R1,sc09,T3,20,50,c402,"['c222', 'c402']",0.575
train_R1,33,G00,train,low,R1,R1,sc09,T3,62,155,c222,"['c222', 'c243']",0.875
train_R1,33,G00,train,low,R1,R1,sc09,T3,105,262,c243,"['c222', 'c241', 'c243']",0.475
train_R1,33,G00,train,low,R1,R1,sc09,T3,147,367,c222,"['c222', 'c442']",0.55
train_R1,33,G00,train,low,R1,R1,sc09,T3,190,475,c222,['c222'],1.0
train_R1,33,G00,train,low,R1,R1,sc09,T3,232,580,c222,"['c123', 'c222']",0.7692307692307693
train_R1,34,G00,train,low,R1,R1,sc10,T4,20,50,c222,"['c222', 'c420']",0.7
train_R1,34,G00,train,low,R1,R1,sc10,T4,62,155,c222,['c222'],1.0
train_R1,34,G00,train,low,R1,R1,sc10,T4,104,260,c222,['c222'],1.0
train_R1,34,G00,train,low,R1,R1,sc10,T4,147,367,c222,['c222'],1.0
train_R1,34,G00,train,low,R1,R1,sc10,T4,189,472,c222,['c222'],1.0
train_R1,34,G00,train,low,R1,R1,sc10,T4,231,577,c412,"['c222', 'c412']",0.55
train_R1,35,G00,train,low,R1,R1,sc11,T5,20,50,c240,"['c222', 'c240', 'c312']",0.6
train_R1,35,G00,train,low,R1,R1,sc11,T5,62,155,c222,['c222'],1.0
train_R1,35,G00,train,low,R1,R1,sc11,T5,104,260,c222,['c222'],1.0
train_R1,35,G00,train,low,R1,R1,sc11,T5,147,367,c222,"['c204', 'c222', 'c230']",0.45
train_R1,35,G00,train,low,R1,R1,sc11,T5,189,472,c204,"['c204', 'c213', 'c222']",0.75
train_R1,35,G00,train,low,R1,R1,sc11,T5,231,577,c222,['c222'],1.0
train_R1,18,G00,train,mid,R1,R1,sc06,T0,20,50,c203,"['c203', 'c222']",0.725
train_R1,18,G00,train,mid,R1,R1,sc06,T0,62,155,c222,"['c222', 'c423']",0.575
train_R1,18,G00,train,mid,R1,R1,sc06,T0,104,260,c222,"['c222', 'c421']",0.575
train_R1,18,G00,train,mid,R1,R1,sc06,T0,147,367,c421,"['c321', 'c421']",0.75
train_R1,18,G00,train,mid,R1,R1,sc06,T0,189,472,c222,"['c222', 'c231']",0.7
train_R1,18,G00,train,mid,R1,R1,sc06,T0,231,577,c231,"['c222', 'c231']",0.75
train_R1,19,G00,train,mid,R1,R1,sc07,T1,20,50,c222,"['c214', 'c222']",0.725
train_R1,19,G00,train,mid,R1,R1,sc07,T1,62,155,c214,"['c124', 'c214', 'c424']",0.45
train_R1,19,G00,train,mid,R1,R1,sc07,T1,104,260,c320,"['c032', 'c320']",0.725
train_R1,19,G00,train,mid,R1,R1,sc07,T1,147,367,c032,"['c032', 'c222']",0.6
train_R1,19,G00,train,mid,R1,R1,sc07,T1,189,472,c222,['c222'],1.0
train_R1,19,G00,train,mid,R1,R1,sc07,T1,231,577,c132,"['c042', 'c132', 'c222']",0.4
train_R1,20,G00,train,mid,R1,R1,sc08,T2,20,50,c244,"['c244', 'c432']",0.725
train_R1,20,G00,train,mid,R1,R1,sc08,T2,62,155,c222,"['c023', 'c222']",0.725
train_R1,20,G00,train,mid,R1,R1,sc08,T2,104,260,c222,"['c142', 'c222']",0.7
train_R1,20,G00,train,mid,R1,R1,sc08,T2,147,367,c222,"['c024', 'c222']",0.575
train_R1,20,G00,train,mid,R1,R1,sc08,T2,189,472,c024,"['c024', 'c222', 'c302']",0.6
train_R1,20,G00,train,mid,R1,R1,sc08,T2,231,577,c302,"['c222', 'c302']",0.75
train_R1,21,G00,train,mid,R1,R1,sc09,T3,20,50,c402,"['c222', 'c402']",0.575
train_R1,21,G00,train,mid,R1,R1,sc09,T3,62,155,c222,"['c222', 'c243']",0.875
train_R1,21,G00,train,mid,R1,R1,sc09,T3,105,262,c243,"['c222', 'c241', 'c243']",0.475
train_R1,21,G00,train,mid,R1,R1,sc09,T3,147,367,c222,"['c222', 'c442']",0.55
train_R1,21,G00,train,mid,R1,R1,sc09,T3,190,475,c222,['c222'],1.0
train_R1,21,G00,train,mid,R1,R1,sc09,T3,232,580,c222,"['c123', 'c222']",0.7692307692307693
train_R1,22,G00,train,mid,R1,R1,sc10,T4,20,50,c222,"['c222', 'c420']",0.7
train_R1,22,G00,train,mid,R1,R1,sc10,T4,62,155,c222,['c222'],1.0
train_R1,22,G00,train,mid,R1,R1,sc10,T4,104,260,c222,['c222'],1.0
train_R1,22,G00,train,mid,R1,R1,sc10,T4,147,367,c222,['c222'],1.0
train_R1,22,G00,train,mid,R1,R1,sc10,T4,189,472,c222,['c222'],1.0
train_R1,22,G00,train,mid,R1,R1,sc10,T4,231,577,c412,"['c222', 'c412']",0.55
train_R1,23,G00,train,mid,R1,R1,sc11,T5,20,50,c240,"['c222', 'c240', 'c312']",0.6
train_R1,23,G00,train,mid,R1,R1,sc11,T5,62,155,c222,['c222'],1.0
train_R1,23,G00,train,mid,R1,R1,sc11,T5,104,260,c222,['c222'],1.0
train_R1,23,G00,train,mid,R1,R1,sc11,T5,147,367,c222,"['c204', 'c222', 'c230']",0.45
train_R1,23,G00,train,mid,R1,R1,sc11,T5,189,472,c204,"['c204', 'c213', 'c222']",0.75
train_R1,23,G00,train,mid,R1,R1,sc11,T5,231,577,c222,['c222'],1.0
train_R1,6,G00,train,nominal,R1,R1,sc06,T0,20,50,c203,"['c203', 'c222']",0.725
train_R1,6,G00,train,nominal,R1,R1,sc06,T0,62,155,c222,"['c222', 'c423']",0.575
train_R1,6,G00,train,nominal,R1,R1,sc06,T0,104,260,c222,"['c222', 'c421']",0.575
train_R1,6,G00,train,nominal,R1,R1,sc06,T0,147,367,c421,"['c321', 'c421']",0.75
train_R1,6,G00,train,nominal,R1,R1,sc06,T0,189,472,c222,"['c222', 'c231']",0.7
train_R1,6,G00,train,nominal,R1,R1,sc06,T0,231,577,c231,"['c222', 'c231']",0.75
train_R1,7,G00,train,nominal,R1,R1,sc07,T1,20,50,c222,"['c214', 'c222']",0.725
train_R1,7,G00,train,nominal,R1,R1,sc07,T1,62,155,c214,"['c124', 'c214', 'c424']",0.45
train_R1,7,G00,train,nominal,R1,R1,sc07,T1,104,260,c320,"['c032', 'c320']",0.725
train_R1,7,G00,train,nominal,R1,R1,sc07,T1,147,367,c032,"['c032', 'c222']",0.6
train_R1,7,G00,train,nominal,R1,R1,sc07,T1,189,472,c222,['c222'],1.0
train_R1,7,G00,train,nominal,R1,R1,sc07,T1,231,577,c132,"['c042', 'c132', 'c222']",0.4
train_R1,8,G00,train,nominal,R1,R1,sc08,T2,20,50,c244,"['c244', 'c432']",0.725
train_R1,8,G00,train,nominal,R1,R1,sc08,T2,62,155,c222,"['c023', 'c222']",0.725
train_R1,8,G00,train,nominal,R1,R1,sc08,T2,104,260,c222,"['c142', 'c222']",0.7
train_R1,8,G00,train,nominal,R1,R1,sc08,T2,147,367,c222,"['c024', 'c222']",0.575
train_R1,8,G00,train,nominal,R1,R1,sc08,T2,189,472,c024,"['c024', 'c222', 'c302']",0.6
train_R1,8,G00,train,nominal,R1,R1,sc08,T2,231,577,c302,"['c222', 'c302']",0.75
train_R1,9,G00,train,nominal,R1,R1,sc09,T3,20,50,c402,"['c222', 'c402']",0.575
train_R1,9,G00,train,nominal,R1,R1,sc09,T3,62,155,c222,"['c222', 'c243']",0.875
train_R1,9,G00,train,nominal,R1,R1,sc09,T3,105,262,c243,"['c222', 'c241', 'c243']",0.475
train_R1,9,G00,train,nominal,R1,R1,sc09,T3,147,367,c222,"['c222', 'c442']",0.55
train_R1,9,G00,train,nominal,R1,R1,sc09,T3,190,475,c222,['c222'],1.0
train_R1,9,G00,train,nominal,R1,R1,sc09,T3,232,580,c222,"['c123', 'c222']",0.7692307692307693
train_R1,10,G00,train,nominal,R1,R1,sc10,T4,20,50,c222,"['c222', 'c420']",0.7
train_R1,10,G00,train,nominal,R1,R1,sc10,T4,62,155,c222,['c222'],1.0
train_R1,10,G00,train,nominal,R1,R1,sc10,T4,104,260,c222,['c222'],1.0
train_R1,10,G00,train,nominal,R1,R1,sc10,T4,147,367,c222,['c222'],1.0
train_R1,10,G00,train,nominal,R1,R1,sc10,T4,189,472,c222,['c222'],1.0
train_R1,10,G00,train,nominal,R1,R1,sc10,T4,231,577,c412,"['c222', 'c412']",0.55
train_R1,11,G00,train,nominal,R1,R1,sc11,T5,20,50,c240,"['c222', 'c240', 'c312']",0.6
train_R1,11,G00,train,nominal,R1,R1,sc11,T5,62,155,c222,['c222'],1.0
train_R1,11,G00,train,nominal,R1,R1,sc11,T5,104,260,c222,['c222'],1.0
train_R1,11,G00,train,nominal,R1,R1,sc11,T5,147,367,c222,"['c204', 'c222', 'c230']",0.45
train_R1,11,G00,train,nominal,R1,R1,sc11,T5,189,472,c204,"['c204', 'c213', 'c222']",0.75
train_R1,11,G00,train,nominal,R1,R1,sc11,T5,231,577,c222,['c222'],1.0
train_R1,66,G01,train,low,R1,R1,sc06,T0,20,50,c222,"['c132', 'c222']",0.575
train_R1,66,G01,train,low,R1,R1,sc06,T0,62,155,c222,['c222'],1.0
train_R1,66,G01,train,low,R1,R1,sc06,T0,104,260,c222,"['c032', 'c222']",0.575
train_R1,66,G01,train,low,R1,R1,sc06,T0,147,367,c032,"['c032', 'c243']",0.75
train_R1,66,G01,train,low,R1,R1,sc06,T0,189,472,c240,"['c222', 'c240']",0.75
train_R1,66,G01,train,low,R1,R1,sc06,T0,231,577,c222,['c222'],1.0
train_R1,67,G01,train,low,R1,R1,sc07,T1,20,50,c222,"['c222', 'c320']",0.725
train_R1,67,G01,train,low,R1,R1,sc07,T1,62,155,c320,"['c222', 'c312', 'c320']",0.45
train_R1,67,G01,train,low,R1,R1,sc07,T1,104,260,c222,"['c222', 'c442']",0.725
train_R1,67,G01,train,low,R1,R1,sc07,T1,147,367,c442,"['c222', 'c442']",0.6
train_R1,67,G01,train,low,R1,R1,sc07,T1,189,472,c023,"['c023', 'c222']",0.55
train_R1,67,G01,train,low,R1,R1,sc07,T1,231,577,c222,['c222'],1.0
train_R1,68,G01,train,low,R1,R1,sc08,T2,20,50,c424,"['c222', 'c424']",0.725
train_R1,68,G01,train,low,R1,R1,sc08,T2,62,155,c302,"['c024', 'c302']",0.725
train_R1,68,G01,train,low,R1,R1,sc08,T2,104,260,c241,"['c124', 'c222', 'c241']",0.425
train_R1,68,G01,train,low,R1,R1,sc08,T2,147,367,c124,"['c124', 'c222']",0.9
train_R1,68,G01,train,low,R1,R1,sc08,T2,189,472,c222,"['c203', 'c222']",0.6
train_R1,68,G01,train,low,R1,R1,sc08,T2,231,577,c222,['c222'],1.0
train_R1,69,G01,train,low,R1,R1,sc09,T3,20,50,c402,"['c222', 'c402']",0.575
train_R1,69,G01,train,low,R1,R1,sc09,T3,62,155,c222,['c222'],1.0
train_R1,69,G01,train,low,R1,R1,sc09,T3,105,262,c222,"['c222', 'c432']",0.525
train_R1,69,G01,train,low,R1,R1,sc09,T3,147,367,c222,"['c222', 'c244', 'c421']",0.45
train_R1,69,G01,train,low,R1,R1,sc09,T3,190,475,c222,"['c222', 'c231']",0.75
train_R1,69,G01,train,low,R1,R1,sc09,T3,232,580,c142,"['c142', 'c222']",0.7692307692307693
train_R1,70,G01,train,low,R1,R1,sc10,T4,20,50,c222,"['c222', 'c412']",0.725
train_R1,70,G01,train,low,R1,R1,sc10,T4,62,155,c412,"['c204', 'c222', 'c412']",0.75
train_R1,70,G01,train,low,R1,R1,sc10,T4,104,260,c222,"['c222', 'c230']",0.725
train_R1,70,G01,train,low,R1,R1,sc10,T4,147,367,c230,"['c222', 'c230']",0.6
train_R1,70,G01,train,low,R1,R1,sc10,T4,189,472,c222,"['c214', 'c222']",0.7
train_R1,70,G01,train,low,R1,R1,sc10,T4,231,577,c042,"['c042', 'c222']",0.55
train_R1,71,G01,train,low,R1,R1,sc11,T5,20,50,c222,['c222'],1.0
train_R1,71,G01,train,low,R1,R1,sc11,T5,62,155,c222,['c222'],1.0
train_R1,71,G01,train,low,R1,R1,sc11,T5,104,260,c321,"['c222', 'c321']",0.725
train_R1,71,G01,train,low,R1,R1,sc11,T5,147,367,c222,"['c123', 'c222', 'c420']",0.45
train_R1,71,G01,train,low,R1,R1,sc11,T5,189,472,c420,"['c222', 'c420', 'c423']",0.75
train_R1,71,G01,train,low,R1,R1,sc11,T5,231,577,c222,"['c213', 'c222']",0.55
train_R1,54,G01,train,mid,R1,R1,sc06,T0,20,50,c222,"['c132', 'c222']",0.575
train_R1,54,G01,train,mid,R1,R1,sc06,T0,62,155,c222,['c222'],1.0
train_R1,54,G01,train,mid,R1,R1,sc06,T0,104,260,c222,"['c032', 'c222']",0.575
train_R1,54,G01,train,mid,R1,R1,sc06,T0,147,367,c032,"['c032', 'c243']",0.75
train_R1,54,G01,train,mid,R1,R1,sc06,T0,189,472,c240,"['c222', 'c240']",0.75
train_R1,54,G01,train,mid,R1,R1,sc06,T0,231,577,c222,['c222'],1.0
train_R1,55,G01,train,mid,R1,R1,sc07,T1,20,50,c222,"['c222', 'c320']",0.725
train_R1,55,G01,train,mid,R1,R1,sc07,T1,62,155,c320,"['c222', 'c312', 'c320']",0.45
train_R1,55,G01,train,mid,R1,R1,sc07,T1,104,260,c222,"['c222', 'c442']",0.725
train_R1,55,G01,train,mid,R1,R1,sc07,T1,147,367,c442,"['c222', 'c442']",0.6
train_R1,55,G01,train,mid,R1,R1,sc07,T1,189,472,c023,"['c023', 'c222']",0.55
train_R1,55,G01,train,mid,R1,R1,sc07,T1,231,577,c222,['c222'],1.0
train_R1,56,G01,train,mid,R1,R1,sc08,T2,20,50,c424,"['c222', 'c424']",0.725
train_R1,56,G01,train,mid,R1,R1,sc08,T2,62,155,c302,"['c024', 'c302']",0.725
train_R1,56,G01,train,mid,R1,R1,sc08,T2,104,260,c241,"['c124', 'c222', 'c241']",0.425
train_R1,56,G01,train,mid,R1,R1,sc08,T2,147,367,c124,"['c124', 'c222']",0.9
train_R1,56,G01,train,mid,R1,R1,sc08,T2,189,472,c222,"['c203', 'c222']",0.6
train_R1,56,G01,train,mid,R1,R1,sc08,T2,231,577,c222,['c222'],1.0
train_R1,57,G01,train,mid,R1,R1,sc09,T3,20,50,c402,"['c222', 'c402']",0.575
train_R1,57,G01,train,mid,R1,R1,sc09,T3,62,155,c222,['c222'],1.0
train_R1,57,G01,train,mid,R1,R1,sc09,T3,105,262,c222,"['c222', 'c432']",0.525
train_R1,57,G01,train,mid,R1,R1,sc09,T3,147,367,c222,"['c222', 'c244', 'c421']",0.45
train_R1,57,G01,train,mid,R1,R1,sc09,T3,190,475,c222,"['c222', 'c231']",0.75
train_R1,57,G01,train,mid,R1,R1,sc09,T3,232,580,c142,"['c142', 'c222']",0.7692307692307693
train_R1,58,G01,train,mid,R1,R1,sc10,T4,20,50,c222,"['c222', 'c412']",0.725
train_R1,58,G01,train,mid,R1,R1,sc10,T4,62,155,c412,"['c204', 'c222', 'c412']",0.75
train_R1,58,G01,train,mid,R1,R1,sc10,T4,104,260,c222,"['c222', 'c230']",0.725
train_R1,58,G01,train,mid,R1,R1,sc10,T4,147,367,c230,"['c222', 'c230']",0.6
train_R1,58,G01,train,mid,R1,R1,sc10,T4,189,472,c222,"['c214', 'c222']",0.7
train_R1,58,G01,train,mid,R1,R1,sc10,T4,231,577,c042,"['c042', 'c222']",0.55
train_R1,59,G01,train,mid,R1,R1,sc11,T5,20,50,c222,['c222'],1.0
train_R1,59,G01,train,mid,R1,R1,sc11,T5,62,155,c222,['c222'],1.0
train_R1,59,G01,train,mid,R1,R1,sc11,T5,104,260,c321,"['c222', 'c321']",0.725
train_R1,59,G01,train,mid,R1,R1,sc11,T5,147,367,c222,"['c123', 'c222', 'c420']",0.45
train_R1,59,G01,train,mid,R1,R1,sc11,T5,189,472,c420,"['c222', 'c420', 'c423']",0.75
train_R1,59,G01,train,mid,R1,R1,sc11,T5,231,577,c222,"['c213', 'c222']",0.55
train_R1,42,G01,train,nominal,R1,R1,sc06,T0,20,50,c222,"['c132', 'c222']",0.575
train_R1,42,G01,train,nominal,R1,R1,sc06,T0,62,155,c222,['c222'],1.0
train_R1,42,G01,train,nominal,R1,R1,sc06,T0,104,260,c222,"['c032', 'c222']",0.575
train_R1,42,G01,train,nominal,R1,R1,sc06,T0,147,367,c032,"['c032', 'c243']",0.75
train_R1,42,G01,train,nominal,R1,R1,sc06,T0,189,472,c240,"['c222', 'c240']",0.75
train_R1,42,G01,train,nominal,R1,R1,sc06,T0,231,577,c222,['c222'],1.0
train_R1,43,G01,train,nominal,R1,R1,sc07,T1,20,50,c222,"['c222', 'c320']",0.725
train_R1,43,G01,train,nominal,R1,R1,sc07,T1,62,155,c320,"['c222', 'c312', 'c320']",0.45
train_R1,43,G01,train,nominal,R1,R1,sc07,T1,104,260,c222,"['c222', 'c442']",0.725
train_R1,43,G01,train,nominal,R1,R1,sc07,T1,147,367,c442,"['c222', 'c442']",0.6
train_R1,43,G01,train,nominal,R1,R1,sc07,T1,189,472,c023,"['c023', 'c222']",0.55
train_R1,43,G01,train,nominal,R1,R1,sc07,T1,231,577,c222,['c222'],1.0
train_R1,44,G01,train,nominal,R1,R1,sc08,T2,20,50,c424,"['c222', 'c424']",0.725
train_R1,44,G01,train,nominal,R1,R1,sc08,T2,62,155,c302,"['c024', 'c302']",0.725
train_R1,44,G01,train,nominal,R1,R1,sc08,T2,104,260,c241,"['c124', 'c222', 'c241']",0.425
train_R1,44,G01,train,nominal,R1,R1,sc08,T2,147,367,c124,"['c124', 'c222']",0.9
train_R1,44,G01,train,nominal,R1,R1,sc08,T2,189,472,c222,"['c203', 'c222']",0.6
train_R1,44,G01,train,nominal,R1,R1,sc08,T2,231,577,c222,['c222'],1.0
train_R1,45,G01,train,nominal,R1,R1,sc09,T3,20,50,c402,"['c222', 'c402']",0.575
train_R1,45,G01,train,nominal,R1,R1,sc09,T3,62,155,c222,['c222'],1.0
train_R1,45,G01,train,nominal,R1,R1,sc09,T3,105,262,c222,"['c222', 'c432']",0.525
train_R1,45,G01,train,nominal,R1,R1,sc09,T3,147,367,c222,"['c222', 'c244', 'c421']",0.45
train_R1,45,G01,train,nominal,R1,R1,sc09,T3,190,475,c222,"['c222', 'c231']",0.75
train_R1,45,G01,train,nominal,R1,R1,sc09,T3,232,580,c142,"['c142', 'c222']",0.7692307692307693
train_R1,46,G01,train,nominal,R1,R1,sc10,T4,20,50,c222,"['c222', 'c412']",0.725
train_R1,46,G01,train,nominal,R1,R1,sc10,T4,62,155,c412,"['c204', 'c222', 'c412']",0.75
train_R1,46,G01,train,nominal,R1,R1,sc10,T4,104,260,c222,"['c222', 'c230']",0.725
train_R1,46,G01,train,nominal,R1,R1,sc10,T4,147,367,c230,"['c222', 'c230']",0.6
train_R1,46,G01,train,nominal,R1,R1,sc10,T4,189,472,c222,"['c214', 'c222']",0.7
train_R1,46,G01,train,nominal,R1,R1,sc10,T4,231,577,c042,"['c042', 'c222']",0.55
train_R1,47,G01,train,nominal,R1,R1,sc11,T5,20,50,c222,['c222'],1.0
train_R1,47,G01,train,nominal,R1,R1,sc11,T5,62,155,c222,['c222'],1.0
train_R1,47,G01,train,nominal,R1,R1,sc11,T5,104,260,c321,"['c222', 'c321']",0.725
train_R1,47,G01,train,nominal,R1,R1,sc11,T5,147,367,c222,"['c123', 'c222', 'c420']",0.45
train_R1,47,G01,train,nominal,R1,R1,sc11,T5,189,472,c420,"['c222', 'c420', 'c423']",0.75
train_R1,47,G01,train,nominal,R1,R1,sc11,T5,231,577,c222,"['c213', 'c222']",0.55
train_R1,102,G02,train,low,R1,R1,sc06,T0,20,50,c240,"['c213', 'c222', 'c240']",0.425
train_R1,102,G02,train,low,R1,R1,sc06,T0,62,155,c222,['c222'],1.0
train_R1,102,G02,train,low,R1,R1,sc06,T0,104,260,c214,"['c214', 'c222']",0.575
train_R1,102,G02,train,low,R1,R1,sc06,T0,147,367,c222,"['c222', 'c420']",0.75
train_R1,102,G02,train,low,R1,R1,sc06,T0,189,472,c222,"['c222', 'c442']",0.7
train_R1,102,G02,train,low,R1,R1,sc06,T0,231,577,c442,"['c230', 'c442']",0.75
train_R1,103,G02,train,low,R1,R1,sc07,T1,20,50,c222,"['c222', 'c412']",0.725
train_R1,103,G02,train,low,R1,R1,sc07,T1,62,155,c412,"['c222', 'c412']",0.725
train_R1,103,G02,train,low,R1,R1,sc07,T1,104,260,c231,"['c222', 'c231']",0.725
train_R1,103,G02,train,low,R1,R1,sc07,T1,147,367,c222,"['c123', 'c222']",0.6
train_R1,103,G02,train,low,R1,R1,sc07,T1,189,472,c042,"['c042', 'c222']",0.55
train_R1,103,G02,train,low,R1,R1,sc07,T1,231,577,c402,"['c023', 'c222', 'c402']",0.4
train_R1,104,G02,train,low,R1,R1,sc08,T2,20,50,c204,"['c204', 'c222']",0.725
train_R1,104,G02,train,low,R1,R1,sc08,T2,62,155,c222,['c222'],1.0
train_R1,104,G02,train,low,R1,R1,sc08,T2,104,260,c222,['c222'],1.0
train_R1,104,G02,train,low,R1,R1,sc08,T2,147,367,c222,"['c222', 'c241']",0.575
train_R1,104,G02,train,low,R1,R1,sc08,T2,189,472,c241,"['c222', 'c241', 'c421']",0.6
train_R1,104,G02,train,low,R1,R1,sc08,T2,231,577,c222,['c222'],1.0
train_R1,105,G02,train,low,R1,R1,sc09,T3,20,50,c321,"['c203', 'c321']",0.575
train_R1,105,G02,train,low,R1,R1,sc09,T3,62,155,c203,"['c203', 'c222', 'c432']",0.6
train_R1,105,G02,train,low,R1,R1,sc09,T3,105,262,c432,"['c243', 'c302', 'c432']",0.475
train_R1,105,G02,train,low,R1,R1,sc09,T3,147,367,c243,"['c222', 'c243', 'c320']",0.45
train_R1,105,G02,train,low,R1,R1,sc09,T3,190,475,c222,['c222'],1.0
train_R1,105,G02,train,low,R1,R1,sc09,T3,232,580,c222,['c222'],1.0
train_R1,106,G02,train,low,R1,R1,sc10,T4,20,50,c222,"['c024', 'c222']",0.7
train_R1,106,G02,train,low,R1,R1,sc10,T4,62,155,c222,"['c222', 'c312']",0.75
train_R1,106,G02,train,low,R1,R1,sc10,T4,104,260,c222,['c222'],1.0
train_R1,106,G02,train,low,R1,R1,sc10,T4,147,367,c222,['c222'],1.0
train_R1,106,G02,train,low,R1,R1,sc10,T4,189,472,c423,"['c222', 'c423']",0.7
train_R1,106,G02,train,low,R1,R1,sc10,T4,231,577,c424,"['c222', 'c424']",0.55
train_R1,107,G02,train,low,R1,R1,sc11,T5,20,50,c244,"['c124', 'c132', 'c244']",0.6
train_R1,107,G02,train,low,R1,R1,sc11,T5,62,155,c132,"['c132', 'c222']",0.725
train_R1,107,G02,train,low,R1,R1,sc11,T5,104,260,c032,"['c032', 'c222']",0.725
train_R1,107,G02,train,low,R1,R1,sc11,T5,147,367,c222,['c222'],1.0
train_R1,107,G02,train,low,R1,R1,sc11,T5,189,472,c222,"['c142', 'c222']",0.75
train_R1,107,G02,train,low,R1,R1,sc11,T5,231,577,c222,['c222'],1.0
train_R1,90,G02,train,mid,R1,R1,sc06,T0,20,50,c240,"['c213', 'c222', 'c240']",0.425
train_R1,90,G02,train,mid,R1,R1,sc06,T0,62,155,c222,['c222'],1.0
train_R1,90,G02,train,mid,R1,R1,sc06,T0,104,260,c214,"['c214', 'c222']",0.575
train_R1,90,G02,train,mid,R1,R1,sc06,T0,147,367,c222,"['c222', 'c420']",0.75
train_R1,90,G02,train,mid,R1,R1,sc06,T0,189,472,c222,"['c222', 'c442']",0.7
train_R1,90,G02,train,mid,R1,R1,sc06,T0,231,577,c442,"['c230', 'c442']",0.75
train_R1,91,G02,train,mid,R1,R1,sc07,T1,20,50,c222,"['c222', 'c412']",0.725
train_R1,91,G02,train,mid,R1,R1,sc07,T1,62,155,c412,"['c222', 'c412']",0.725
train_R1,91,G02,train,mid,R1,R1,sc07,T1,104,260,c231,"['c222', 'c231']",0.725
train_R1,91,G02,train,mid,R1,R1,sc07,T1,147,367,c222,"['c123', 'c222']",0.6
train_R1,91,G02,train,mid,R1,R1,sc07,T1,189,472,c042,"['c042', 'c222']",0.55
train_R1,91,G02,train,mid,R1,R1,sc07,T1,231,577,c402,"['c023', 'c222', 'c402']",0.4
train_R1,92,G02,train,mid,R1,R1,sc08,T2,20,50,c204,"['c204', 'c222']",0.725
train_R1,92,G02,train,mid,R1,R1,sc08,T2,62,155,c222,['c222'],1.0
train_R1,92,G02,train,mid,R1,R1,sc08,T2,104,260,c222,['c222'],1.0
train_R1,92,G02,train,mid,R1,R1,sc08,T2,147,367,c222,"['c222', 'c241']",0.575
train_R1,92,G02,train,mid,R1,R1,sc08,T2,189,472,c241,"['c222', 'c241', 'c421']",0.6
train_R1,92,G02,train,mid,R1,R1,sc08,T2,231,577,c222,['c222'],1.0
train_R1,93,G02,train,mid,R1,R1,sc09,T3,20,50,c321,"['c203', 'c321']",0.575
train_R1,93,G02,train,mid,R1,R1,sc09,T3,62,155,c203,"['c203', 'c222', 'c432']",0.6
train_R1,93,G02,train,mid,R1,R1,sc09,T3,105,262,c432,"['c243', 'c302', 'c432']",0.475
train_R1,93,G02,train,mid,R1,R1,sc09,T3,147,367,c243,"['c222', 'c243', 'c320']",0.45
train_R1,93,G02,train,mid,R1,R1,sc09,T3,190,475,c222,['c222'],1.0
train_R1,93,G02,train,mid,R1,R1,sc09,T3,232,580,c222,['c222'],1.0
train_R1,94,G02,train,mid,R1,R1,sc10,T4,20,50,c222,"['c024', 'c222']",0.7
train_R1,94,G02,train,mid,R1,R1,sc10,T4,62,155,c222,"['c222', 'c312']",0.75
train_R1,94,G02,train,mid,R1,R1,sc10,T4,104,260,c222,['c222'],1.0
train_R1,94,G02,train,mid,R1,R1,sc10,T4,147,367,c222,['c222'],1.0
train_R1,94,G02,train,mid,R1,R1,sc10,T4,189,472,c423,"['c222', 'c423']",0.7
train_R1,94,G02,train,mid,R1,R1,sc10,T4,231,577,c424,"['c222', 'c424']",0.55
train_R1,95,G02,train,mid,R1,R1,sc11,T5,20,50,c244,"['c124', 'c132', 'c244']",0.6
train_R1,95,G02,train,mid,R1,R1,sc11,T5,62,155,c132,"['c132', 'c222']",0.725
train_R1,95,G02,train,mid,R1,R1,sc11,T5,104,260,c032,"['c032', 'c222']",0.725
train_R1,95,G02,train,mid,R1,R1,sc11,T5,147,367,c222,['c222'],1.0
train_R1,95,G02,train,mid,R1,R1,sc11,T5,189,472,c222,"['c142', 'c222']",0.75
train_R1,95,G02,train,mid,R1,R1,sc11,T5,231,577,c222,['c222'],1.0
train_R1,78,G02,train,nominal,R1,R1,sc06,T0,20,50,c240,"['c213', 'c222', 'c240']",0.425
train_R1,78,G02,train,nominal,R1,R1,sc06,T0,62,155,c222,['c222'],1.0
train_R1,78,G02,train,nominal,R1,R1,sc06,T0,104,260,c214,"['c214', 'c222']",0.575
train_R1,78,G02,train,nominal,R1,R1,sc06,T0,147,367,c222,"['c222', 'c420']",0.75
train_R1,78,G02,train,nominal,R1,R1,sc06,T0,189,472,c222,"['c222', 'c442']",0.7
train_R1,78,G02,train,nominal,R1,R1,sc06,T0,231,577,c442,"['c230', 'c442']",0.75
train_R1,79,G02,train,nominal,R1,R1,sc07,T1,20,50,c222,"['c222', 'c412']",0.725
train_R1,79,G02,train,nominal,R1,R1,sc07,T1,62,155,c412,"['c222', 'c412']",0.725
train_R1,79,G02,train,nominal,R1,R1,sc07,T1,104,260,c231,"['c222', 'c231']",0.725
train_R1,79,G02,train,nominal,R1,R1,sc07,T1,147,367,c222,"['c123', 'c222']",0.6
train_R1,79,G02,train,nominal,R1,R1,sc07,T1,189,472,c042,"['c042', 'c222']",0.55
train_R1,79,G02,train,nominal,R1,R1,sc07,T1,231,577,c402,"['c023', 'c222', 'c402']",0.4
train_R1,80,G02,train,nominal,R1,R1,sc08,T2,20,50,c204,"['c204', 'c222']",0.725
train_R1,80,G02,train,nominal,R1,R1,sc08,T2,62,155,c222,['c222'],1.0
train_R1,80,G02,train,nominal,R1,R1,sc08,T2,104,260,c222,['c222'],1.0
train_R1,80,G02,train,nominal,R1,R1,sc08,T2,147,367,c222,"['c222', 'c241']",0.575
train_R1,80,G02,train,nominal,R1,R1,sc08,T2,189,472,c241,"['c222', 'c241', 'c421']",0.6
train_R1,80,G02,train,nominal,R1,R1,sc08,T2,231,577,c222,['c222'],1.0
train_R1,81,G02,train,nominal,R1,R1,sc09,T3,20,50,c321,"['c203', 'c321']",0.575
train_R1,81,G02,train,nominal,R1,R1,sc09,T3,62,155,c203,"['c203', 'c222', 'c432']",0.6
train_R1,81,G02,train,nominal,R1,R1,sc09,T3,105,262,c432,"['c243', 'c302', 'c432']",0.475
train_R1,81,G02,train,nominal,R1,R1,sc09,T3,147,367,c243,"['c222', 'c243', 'c320']",0.45
train_R1,81,G02,train,nominal,R1,R1,sc09,T3,190,475,c222,['c222'],1.0
train_R1,81,G02,train,nominal,R1,R1,sc09,T3,232,580,c222,['c222'],1.0
train_R1,82,G02,train,nominal,R1,R1,sc10,T4,20,50,c222,"['c024', 'c222']",0.7
train_R1,82,G02,train,nominal,R1,R1,sc10,T4,62,155,c222,"['c222', 'c312']",0.75
train_R1,82,G02,train,nominal,R1,R1,sc10,T4,104,260,c222,['c222'],1.0
train_R1,82,G02,train,nominal,R1,R1,sc10,T4,147,367,c222,['c222'],1.0
train_R1,82,G02,train,nominal,R1,R1,sc10,T4,189,472,c423,"['c222', 'c423']",0.7
train_R1,82,G02,train,nominal,R1,R1,sc10,T4,231,577,c424,"['c222', 'c424']",0.55
train_R1,83,G02,train,nominal,R1,R1,sc11,T5,20,50,c244,"['c124', 'c132', 'c244']",0.6
train_R1,83,G02,train,nominal,R1,R1,sc11,T5,62,155,c132,"['c132', 'c222']",0.725
train_R1,83,G02,train,nominal,R1,R1,sc11,T5,104,260,c032,"['c032', 'c222']",0.725
train_R1,83,G02,train,nominal,R1,R1,sc11,T5,147,367,c222,['c222'],1.0
train_R1,83,G02,train,nominal,R1,R1,sc11,T5,189,472,c222,"['c142', 'c222']",0.75
train_R1,83,G02,train,nominal,R1,R1,sc11,T5,231,577,c222,['c222'],1.0
train_R1,138,G03,train,low,R1,R1,sc06,T0,20,50,c222,"['c222', 'c244']",0.575
train_R1,138,G03,train,low,R1,R1,sc06,T0,62,155,c042,"['c042', 'c230']",0.575
train_R1,138,G03,train,low,R1,R1,sc06,T0,104,260,c222,['c222'],1.0
train_R1,138,G03,train,low,R1,R1,sc06,T0,147,367,c222,['c222'],1.0
train_R1,138,G03,train,low,R1,R1,sc06,T0,189,472,c222,"['c214', 'c222']",0.55
train_R1,138,G03,train,low,R1,R1,sc06,T0,231,577,c222,"['c023', 'c222']",0.75
train_R1,139,G03,train,low,R1,R1,sc07,T1,20,50,c442,"['c222', 'c442']",0.725
train_R1,139,G03,train,low,R1,R1,sc07,T1,62,155,c222,"['c222', 'c302']",0.55
train_R1,139,G03,train,low,R1,R1,sc07,T1,104,260,c222,['c222'],1.0
train_R1,139,G03,train,low,R1,R1,sc07,T1,147,367,c222,"['c222', 'c423']",0.6
train_R1,139,G03,train,low,R1,R1,sc07,T1,189,472,c222,['c222'],1.0
train_R1,139,G03,train,low,R1,R1,sc07,T1,231,577,c142,"['c142', 'c222']",0.6
train_R1,140,G03,train,low,R1,R1,sc08,T2,20,50,c132,"['c123', 'c132']",0.725
train_R1,140,G03,train,low,R1,R1,sc08,T2,62,155,c222,['c222'],1.0
train_R1,140,G03,train,low,R1,R1,sc08,T2,104,260,c432,"['c024', 'c222', 'c432']",0.425
train_R1,140,G03,train,low,R1,R1,sc08,T2,147,367,c222,"['c222', 'c321']",0.575
train_R1,140,G03,train,low,R1,R1,sc08,T2,189,472,c321,"['c222', 'c321']",0.9
train_R1,140,G03,train,low,R1,R1,sc08,T2,231,577,c222,['c222'],1.0
train_R1,141,G03,train,low,R1,R1,sc09,T3,20,50,c222,['c222'],1.0
train_R1,141,G03,train,low,R1,R1,sc09,T3,62,155,c222,"['c222', 'c320', 'c412']",0.6
train_R1,141,G03,train,low,R1,R1,sc09,T3,105,262,c320,"['c222', 'c241', 'c320']",0.475
train_R1,141,G03,train,low,R1,R1,sc09,T3,147,367,c241,"['c032', 'c241', 'c420']",0.45
train_R1,141,G03,train,low,R1,R1,sc09,T3,190,475,c222,['c222'],1.0
train_R1,141,G03,train,low,R1,R1,sc09,T3,232,580,c231,"['c222', 'c231']",0.7692307692307693
train_R1,142,G03,train,low,R1,R1,sc10,T4,20,50,c222,['c222'],1.0
train_R1,142,G03,train,low,R1,R1,sc10,T4,62,155,c222,"['c204', 'c222']",0.875
train_R1,142,G03,train,low,R1,R1,sc10,T4,104,260,c204,"['c204', 'c222', 'c312']",0.6
train_R1,142,G03,train,low,R1,R1,sc10,T4,147,367,c222,"['c222', 'c402']",0.6
train_R1,142,G03,train,low,R1,R1,sc10,T4,189,472,c222,['c222'],1.0
train_R1,142,G03,train,low,R1,R1,sc10,T4,231,577,c213,"['c213', 'c222']",0.55
train_R1,143,G03,train,low,R1,R1,sc11,T5,20,50,c222,"['c222', 'c240', 'c424']",0.6
train_R1,143,G03,train,low,R1,R1,sc11,T5,62,155,c424,"['c222', 'c424']",0.725
train_R1,143,G03,train,low,R1,R1,sc11,T5,104,260,c421,"['c222', 'c421']",0.725
train_R1,143,G03,train,low,R1,R1,sc11,T5,147,367,c222,"['c124', 'c203', 'c222']",0.45
train_R1,143,G03,train,low,R1,R1,sc11,T5,189,472,c124,"['c124', 'c222']",0.9
train_R1,143,G03,train,low,R1,R1,sc11,T5,231,577,c222,"['c222', 'c243']",0.7
train_R1,126,G03,train,mid,R1,R1,sc06,T0,20,50,c222,"['c222', 'c244']",0.575
train_R1,126,G03,train,mid,R1,R1,sc06,T0,62,155,c042,"['c042', 'c230']",0.575
train_R1,126,G03,train,mid,R1,R1,sc06,T0,104,260,c222,['c222'],1.0
train_R1,126,G03,train,mid,R1,R1,sc06,T0,147,367,c222,['c222'],1.0
train_R1,126,G03,train,mid,R1,R1,sc06,T0,189,472,c222,"['c214', 'c222']",0.55
train_R1,126,G03,train,mid,R1,R1,sc06,T0,231,577,c222,"['c023', 'c222']",0.75
train_R1,127,G03,train,mid,R1,R1,sc07,T1,20,50,c442,"['c222', 'c442']",0.725
train_R1,127,G03,train,mid,R1,R1,sc07,T1,62,155,c222,"['c222', 'c302']",0.55
train_R1,127,G03,train,mid,R1,R1,sc07,T1,104,260,c222,['c222'],1.0
train_R1,127,G03,train,mid,R1,R1,sc07,T1,147,367,c222,"['c222', 'c423']",0.6
train_R1,127,G03,train,mid,R1,R1,sc07,T1,189,472,c222,['c222'],1.0
train_R1,127,G03,train,mid,R1,R1,sc07,T1,231,577,c142,"['c142', 'c222']",0.6
train_R1,128,G03,train,mid,R1,R1,sc08,T2,20,50,c132,"['c123', 'c132']",0.725
train_R1,128,G03,train,mid,R1,R1,sc08,T2,62,155,c222,['c222'],1.0
train_R1,128,G03,train,mid,R1,R1,sc08,T2,104,260,c432,"['c024', 'c222', 'c432']",0.425
train_R1,128,G03,train,mid,R1,R1,sc08,T2,147,367,c222,"['c222', 'c321']",0.575
train_R1,128,G03,train,mid,R1,R1,sc08,T2,189,472,c321,"['c222', 'c321']",0.9
train_R1,128,G03,train,mid,R1,R1,sc08,T2,231,577,c222,['c222'],1.0
train_R1,129,G03,train,mid,R1,R1,sc09,T3,20,50,c222,['c222'],1.0
train_R1,129,G03,train,mid,R1,R1,sc09,T3,62,155,c222,"['c222', 'c320', 'c412']",0.6
train_R1,129,G03,train,mid,R1,R1,sc09,T3,105,262,c320,"['c222', 'c241', 'c320']",0.475
train_R1,129,G03,train,mid,R1,R1,sc09,T3,147,367,c241,"['c032', 'c241', 'c420']",0.45
train_R1,129,G03,train,mid,R1,R1,sc09,T3,190,475,c222,['c222'],1.0
train_R1,129,G03,train,mid,R1,R1,sc09,T3,232,580,c231,"['c222', 'c231']",0.7692307692307693
train_R1,130,G03,train,mid,R1,R1,sc10,T4,20,50,c222,['c222'],1.0
train_R1,130,G03,train,mid,R1,R1,sc10,T4,62,155,c222,"['c204', 'c222']",0.875
train_R1,130,G03,train,mid,R1,R1,sc10,T4,104,260,c204,"['c204', 'c222', 'c312']",0.6
train_R1,130,G03,train,mid,R1,R1,sc10,T4,147,367,c222,"['c222', 'c402']",0.6
train_R1,130,G03,train,mid,R1,R1,sc10,T4,189,472,c222,['c222'],1.0
train_R1,130,G03,train,mid,R1,R1,sc10,T4,231,577,c213,"['c213', 'c222']",0.55
train_R1,131,G03,train,mid,R1,R1,sc11,T5,20,50,c222,"['c222', 'c240', 'c424']",0.6
train_R1,131,G03,train,mid,R1,R1,sc11,T5,62,155,c424,"['c222', 'c424']",0.725
train_R1,131,G03,train,mid,R1,R1,sc11,T5,104,260,c421,"['c222', 'c421']",0.725
train_R1,131,G03,train,mid,R1,R1,sc11,T5,147,367,c222,"['c124', 'c203', 'c222']",0.45
train_R1,131,G03,train,mid,R1,R1,sc11,T5,189,472,c124,"['c124', 'c222']",0.9
train_R1,131,G03,train,mid,R1,R1,sc11,T5,231,577,c222,"['c222', 'c243']",0.7
train_R1,114,G03,train,nominal,R1,R1,sc06,T0,20,50,c222,"['c222', 'c244']",0.575
train_R1,114,G03,train,nominal,R1,R1,sc06,T0,62,155,c042,"['c042', 'c230']",0.575
train_R1,114,G03,train,nominal,R1,R1,sc06,T0,104,260,c222,['c222'],1.0
train_R1,114,G03,train,nominal,R1,R1,sc06,T0,147,367,c222,['c222'],1.0
train_R1,114,G03,train,nominal,R1,R1,sc06,T0,189,472,c222,"['c214', 'c222']",0.55
train_R1,114,G03,train,nominal,R1,R1,sc06,T0,231,577,c222,"['c023', 'c222']",0.75
train_R1,115,G03,train,nominal,R1,R1,sc07,T1,20,50,c442,"['c222', 'c442']",0.725
train_R1,115,G03,train,nominal,R1,R1,sc07,T1,62,155,c222,"['c222', 'c302']",0.55
train_R1,115,G03,train,nominal,R1,R1,sc07,T1,104,260,c222,['c222'],1.0
train_R1,115,G03,train,nominal,R1,R1,sc07,T1,147,367,c222,"['c222', 'c423']",0.6
train_R1,115,G03,train,nominal,R1,R1,sc07,T1,189,472,c222,['c222'],1.0
train_R1,115,G03,train,nominal,R1,R1,sc07,T1,231,577,c142,"['c142', 'c222']",0.6
train_R1,116,G03,train,nominal,R1,R1,sc08,T2,20,50,c132,"['c123', 'c132']",0.725
train_R1,116,G03,train,nominal,R1,R1,sc08,T2,62,155,c222,['c222'],1.0
train_R1,116,G03,train,nominal,R1,R1,sc08,T2,104,260,c432,"['c024', 'c222', 'c432']",0.425
train_R1,116,G03,train,nominal,R1,R1,sc08,T2,147,367,c222,"['c222', 'c321']",0.575
train_R1,116,G03,train,nominal,R1,R1,sc08,T2,189,472,c321,"['c222', 'c321']",0.9
train_R1,116,G03,train,nominal,R1,R1,sc08,T2,231,577,c222,['c222'],1.0
train_R1,117,G03,train,nominal,R1,R1,sc09,T3,20,50,c222,['c222'],1.0
train_R1,117,G03,train,nominal,R1,R1,sc09,T3,62,155,c222,"['c222', 'c320', 'c412']",0.6
train_R1,117,G03,train,nominal,R1,R1,sc09,T3,105,262,c320,"['c222', 'c241', 'c320']",0.475
train_R1,117,G03,train,nominal,R1,R1,sc09,T3,147,367,c241,"['c032', 'c241', 'c420']",0.45
train_R1,117,G03,train,nominal,R1,R1,sc09,T3,190,475,c222,['c222'],1.0
train_R1,117,G03,train,nominal,R1,R1,sc09,T3,232,580,c231,"['c222', 'c231']",0.7692307692307693
train_R1,118,G03,train,nominal,R1,R1,sc10,T4,20,50,c222,['c222'],1.0
train_R1,118,G03,train,nominal,R1,R1,sc10,T4,62,155,c222,"['c204', 'c222']",0.875
train_R1,118,G03,train,nominal,R1,R1,sc10,T4,104,260,c204,"['c204', 'c222', 'c312']",0.6
train_R1,118,G03,train,nominal,R1,R1,sc10,T4,147,367,c222,"['c222', 'c402']",0.6
train_R1,118,G03,train,nominal,R1,R1,sc10,T4,189,472,c222,['c222'],1.0
train_R1,118,G03,train,nominal,R1,R1,sc10,T4,231,577,c213,"['c213', 'c222']",0.55
train_R1,119,G03,train,nominal,R1,R1,sc11,T5,20,50,c222,"['c222', 'c240', 'c424']",0.6
train_R1,119,G03,train,nominal,R1,R1,sc11,T5,62,155,c424,"['c222', 'c424']",0.725
train_R1,119,G03,train,nominal,R1,R1,sc11,T5,104,260,c421,"['c222', 'c421']",0.725
train_R1,119,G03,train,nominal,R1,R1,sc11,T5,147,367,c222,"['c124', 'c203', 'c222']",0.45
train_R1,119,G03,train,nominal,R1,R1,sc11,T5,189,472,c124,"['c124', 'c222']",0.9
train_R1,119,G03,train,nominal,R1,R1,sc11,T5,231,577,c222,"['c222', 'c243']",0.7
train_R1,174,G04,train,low,R1,R1,sc06,T0,20,50,c222,"['c142', 'c222', 'c231']",0.425
train_R1,174,G04,train,low,R1,R1,sc06,T0,62,155,c222,"['c222', 'c321']",0.575
train_R1,174,G04,train,low,R1,R1,sc06,T0,104,260,c222,"['c222', 'c312']",0.575
train_R1,174,G04,train,low,R1,R1,sc06,T0,147,367,c312,"['c222', 'c312']",0.75
train_R1,174,G04,train,low,R1,R1,sc06,T0,189,472,c240,"['c042', 'c222', 'c240']",0.45
train_R1,174,G04,train,low,R1,R1,sc06,T0,231,577,c042,"['c042', 'c222']",0.75
train_R1,175,G04,train,low,R1,R1,sc07,T1,20,50,c023,"['c023', 'c243']",0.725
train_R1,175,G04,train,low,R1,R1,sc07,T1,62,155,c243,"['c222', 'c243']",0.725
train_R1,175,G04,train,low,R1,R1,sc07,T1,104,260,c222,['c222'],1.0
train_R1,175,G04,train,low,R1,R1,sc07,T1,147,367,c222,"['c222', 'c421']",0.6
train_R1,175,G04,train,low,R1,R1,sc07,T1,189,472,c222,['c222'],1.0
train_R1,175,G04,train,low,R1,R1,sc07,T1,231,577,c320,"['c222', 'c320']",0.6
train_R1,176,G04,train,low,R1,R1,sc08,T2,20,50,c241,"['c241', 'c302']",0.725
train_R1,176,G04,train,low,R1,R1,sc08,T2,62,155,c222,"['c214', 'c222']",0.725
train_R1,176,G04,train,low,R1,R1,sc08,T2,104,260,c222,"['c222', 'c442']",0.7
train_R1,176,G04,train,low,R1,R1,sc08,T2,147,367,c222,"['c032', 'c222']",0.575
train_R1,176,G04,train,low,R1,R1,sc08,T2,189,472,c032,"['c032', 'c213', 'c222']",0.6
train_R1,176,G04,train,low,R1,R1,sc08,T2,231,577,c222,['c222'],1.0
train_R1,177,G04,train,low,R1,R1,sc09,T3,20,50,c222,['c222'],1.0
train_R1,177,G04,train,low,R1,R1,sc09,T3,62,155,c222,"['c203', 'c222']",0.6
train_R1,177,G04,train,low,R1,R1,sc09,T3,105,262,c222,['c222'],1.0
train_R1,177,G04,train,low,R1,R1,sc09,T3,147,367,c222,['c222'],1.0
train_R1,177,G04,train,low,R1,R1,sc09,T3,190,475,c222,['c222'],1.0
train_R1,177,G04,train,low,R1,R1,sc09,T3,232,580,c222,"['c222', 'c244']",0.7692307692307693
train_R1,178,G04,train,low,R1,R1,sc10,T4,20,50,c024,"['c024', 'c204', 'c412']",0.425
train_R1,178,G04,train,low,R1,R1,sc10,T4,62,155,c412,"['c123', 'c222', 'c412']",0.75
train_R1,178,G04,train,low,R1,R1,sc10,T4,104,260,c222,"['c222', 'c424']",0.725
train_R1,178,G04,train,low,R1,R1,sc10,T4,147,367,c424,"['c222', 'c424']",0.6
train_R1,178,G04,train,low,R1,R1,sc10,T4,189,472,c432,"['c222', 'c432']",0.7
train_R1,178,G04,train,low,R1,R1,sc10,T4,231,577,c222,"['c222', 'c402']",0.55
train_R1,179,G04,train,low,R1,R1,sc11,T5,20,50,c222,"['c132', 'c222']",0.875
train_R1,179,G04,train,low,R1,R1,sc11,T5,62,155,c132,"['c132', 'c222']",0.725
train_R1,179,G04,train,low,R1,R1,sc11,T5,104,260,c222,"['c222', 'c423']",0.725
train_R1,179,G04,train,low,R1,R1,sc11,T5,147,367,c423,"['c222', 'c230', 'c423']",0.45
train_R1,179,G04,train,low,R1,R1,sc11,T5,189,472,c230,"['c124', 'c222', 'c230']",0.75
train_R1,179,G04,train,low,R1,R1,sc11,T5,231,577,c222,"['c222', 'c420']",0.7
train_R1,162,G04,train,mid,R1,R1,sc06,T0,20,50,c222,"['c142', 'c222', 'c231']",0.425
train_R1,162,G04,train,mid,R1,R1,sc06,T0,62,155,c222,"['c222', 'c321']",0.575
train_R1,162,G04,train,mid,R1,R1,sc06,T0,104,260,c222,"['c222', 'c312']",0.575
train_R1,162,G04,train,mid,R1,R1,sc06,T0,147,367,c312,"['c222', 'c312']",0.75
train_R1,162,G04,train,mid,R1,R1,sc06,T0,189,472,c240,"['c042', 'c222', 'c240']",0.45
train_R1,162,G04,train,mid,R1,R1,sc06,T0,231,577,c042,"['c042', 'c222']",0.75
train_R1,163,G04,train,mid,R1,R1,sc07,T1,20,50,c023,"['c023', 'c243']",0.725
train_R1,163,G04,train,mid,R1,R1,sc07,T1,62,155,c243,"['c222', 'c243']",0.725
train_R1,163,G04,train,mid,R1,R1,sc07,T1,104,260,c222,['c222'],1.0
train_R1,163,G04,train,mid,R1,R1,sc07,T1,147,367,c222,"['c222', 'c421']",0.6
train_R1,163,G04,train,mid,R1,R1,sc07,T1,189,472,c222,['c222'],1.0
train_R1,163,G04,train,mid,R1,R1,sc07,T1,231,577,c320,"['c222', 'c320']",0.6
train_R1,164,G04,train,mid,R1,R1,sc08,T2,20,50,c241,"['c241', 'c302']",0.725
train_R1,164,G04,train,mid,R1,R1,sc08,T2,62,155,c222,"['c214', 'c222']",0.725
train_R1,164,G04,train,mid,R1,R1,sc08,T2,104,260,c222,"['c222', 'c442']",0.7
train_R1,164,G04,train,mid,R1,R1,sc08,T2,147,367,c222,"['c032', 'c222']",0.575
train_R1,164,G04,train,mid,R1,R1,sc08,T2,189,472,c032,"['c032', 'c213', 'c222']",0.6
train_R1,164,G04,train,mid,R1,R1,sc08,T2,231,577,c222,['c222'],1.0
train_R1,165,G04,train,mid,R1,R1,sc09,T3,20,50,c222,['c222'],1.0
train_R1,165,G04,train,mid,R1,R1,sc09,T3,62,155,c222,"['c203', 'c222']",0.6
train_R1,165,G04,train,mid,R1,R1,sc09,T3,105,262,c222,['c222'],1.0
train_R1,165,G04,train,mid,R1,R1,sc09,T3,147,367,c222,['c222'],1.0
train_R1,165,G04,train,mid,R1,R1,sc09,T3,190,475,c222,['c222'],1.0
train_R1,165,G04,train,mid,R1,R1,sc09,T3,232,580,c222,"['c222', 'c244']",0.7692307692307693
train_R1,166,G04,train,mid,R1,R1,sc10,T4,20,50,c024,"['c024', 'c204', 'c412']",0.425
train_R1,166,G04,train,mid,R1,R1,sc10,T4,62,155,c412,"['c123', 'c222', 'c412']",0.75
train_R1,166,G04,train,mid,R1,R1,sc10,T4,104,260,c222,"['c222', 'c424']",0.725
train_R1,166,G04,train,mid,R1,R1,sc10,T4,147,367,c424,"['c222', 'c424']",0.6
train_R1,166,G04,train,mid,R1,R1,sc10,T4,189,472,c432,"['c222', 'c432']",0.7
train_R1,166,G04,train,mid,R1,R1,sc10,T4,231,577,c222,"['c222', 'c402']",0.55
train_R1,167,G04,train,mid,R1,R1,sc11,T5,20,50,c222,"['c132', 'c222']",0.875
train_R1,167,G04,train,mid,R1,R1,sc11,T5,62,155,c132,"['c132', 'c222']",0.725
train_R1,167,G04,train,mid,R1,R1,sc11,T5,104,260,c222,"['c222', 'c423']",0.725
train_R1,167,G04,train,mid,R1,R1,sc11,T5,147,367,c423,"['c222', 'c230', 'c423']",0.45
train_R1,167,G04,train,mid,R1,R1,sc11,T5,189,472,c230,"['c124', 'c222', 'c230']",0.75
train_R1,167,G04,train,mid,R1,R1,sc11,T5,231,577,c222,"['c222', 'c420']",0.7
train_R1,150,G04,train,nominal,R1,R1,sc06,T0,20,50,c222,"['c142', 'c222', 'c231']",0.425
train_R1,150,G04,train,nominal,R1,R1,sc06,T0,62,155,c222,"['c222', 'c321']",0.575
train_R1,150,G04,train,nominal,R1,R1,sc06,T0,104,260,c222,"['c222', 'c312']",0.575
train_R1,150,G04,train,nominal,R1,R1,sc06,T0,147,367,c312,"['c222', 'c312']",0.75
train_R1,150,G04,train,nominal,R1,R1,sc06,T0,189,472,c240,"['c042', 'c222', 'c240']",0.45
train_R1,150,G04,train,nominal,R1,R1,sc06,T0,231,577,c042,"['c042', 'c222']",0.75
train_R1,151,G04,train,nominal,R1,R1,sc07,T1,20,50,c023,"['c023', 'c243']",0.725
train_R1,151,G04,train,nominal,R1,R1,sc07,T1,62,155,c243,"['c222', 'c243']",0.725
train_R1,151,G04,train,nominal,R1,R1,sc07,T1,104,260,c222,['c222'],1.0
train_R1,151,G04,train,nominal,R1,R1,sc07,T1,147,367,c222,"['c222', 'c421']",0.6
train_R1,151,G04,train,nominal,R1,R1,sc07,T1,189,472,c222,['c222'],1.0
train_R1,151,G04,train,nominal,R1,R1,sc07,T1,231,577,c320,"['c222', 'c320']",0.6
train_R1,152,G04,train,nominal,R1,R1,sc08,T2,20,50,c241,"['c241', 'c302']",0.725
train_R1,152,G04,train,nominal,R1,R1,sc08,T2,62,155,c222,"['c214', 'c222']",0.725
train_R1,152,G04,train,nominal,R1,R1,sc08,T2,104,260,c222,"['c222', 'c442']",0.7
train_R1,152,G04,train,nominal,R1,R1,sc08,T2,147,367,c222,"['c032', 'c222']",0.575
train_R1,152,G04,train,nominal,R1,R1,sc08,T2,189,472,c032,"['c032', 'c213', 'c222']",0.6
train_R1,152,G04,train,nominal,R1,R1,sc08,T2,231,577,c222,['c222'],1.0
train_R1,153,G04,train,nominal,R1,R1,sc09,T3,20,50,c222,['c222'],1.0
train_R1,153,G04,train,nominal,R1,R1,sc09,T3,62,155,c222,"['c203', 'c222']",0.6
train_R1,153,G04,train,nominal,R1,R1,sc09,T3,105,262,c222,['c222'],1.0
train_R1,153,G04,train,nominal,R1,R1,sc09,T3,147,367,c222,['c222'],1.0
train_R1,153,G04,train,nominal,R1,R1,sc09,T3,190,475,c222,['c222'],1.0
train_R1,153,G04,train,nominal,R1,R1,sc09,T3,232,580,c222,"['c222', 'c244']",0.7692307692307693
train_R1,154,G04,train,nominal,R1,R1,sc10,T4,20,50,c024,"['c024', 'c204', 'c412']",0.425
train_R1,154,G04,train,nominal,R1,R1,sc10,T4,62,155,c412,"['c123', 'c222', 'c412']",0.75
train_R1,154,G04,train,nominal,R1,R1,sc10,T4,104,260,c222,"['c222', 'c424']",0.725
train_R1,154,G04,train,nominal,R1,R1,sc10,T4,147,367,c424,"['c222', 'c424']",0.6
train_R1,154,G04,train,nominal,R1,R1,sc10,T4,189,472,c432,"['c222', 'c432']",0.7
train_R1,154,G04,train,nominal,R1,R1,sc10,T4,231,577,c222,"['c222', 'c402']",0.55
train_R1,155,G04,train,nominal,R1,R1,sc11,T5,20,50,c222,"['c132', 'c222']",0.875
train_R1,155,G04,train,nominal,R1,R1,sc11,T5,62,155,c132,"['c132', 'c222']",0.725
train_R1,155,G04,train,nominal,R1,R1,sc11,T5,104,260,c222,"['c222', 'c423']",0.725
train_R1,155,G04,train,nominal,R1,R1,sc11,T5,147,367,c423,"['c222', 'c230', 'c423']",0.45
train_R1,155,G04,train,nominal,R1,R1,sc11,T5,189,472,c230,"['c124', 'c222', 'c230']",0.75
train_R1,155,G04,train,nominal,R1,R1,sc11,T5,231,577,c222,"['c222', 'c420']",0.7
train_R1,210,G05,train,low,R1,R1,sc06,T0,20,50,c222,['c222'],1.0
train_R1,210,G05,train,low,R1,R1,sc06,T0,62,155,c222,"['c222', 'c424']",0.575
train_R1,210,G05,train,low,R1,R1,sc06,T0,104,260,c320,"['c241', 'c320']",0.575
train_R1,210,G05,train,low,R1,R1,sc06,T0,147,367,c241,"['c241', 'c243']",0.75
train_R1,210,G05,train,low,R1,R1,sc06,T0,189,472,c222,['c222'],1.0
train_R1,210,G05,train,low,R1,R1,sc06,T0,231,577,c222,['c222'],1.0
train_R1,211,G05,train,low,R1,R1,sc07,T1,20,50,c240,"['c240', 'c312']",0.725
train_R1,211,G05,train,low,R1,R1,sc07,T1,62,155,c312,"['c222', 'c231', 'c312']",0.45
train_R1,211,G05,train,low,R1,R1,sc07,T1,104,260,c222,['c222'],1.0
train_R1,211,G05,train,low,R1,R1,sc07,T1,147,367,c222,['c222'],1.0
train_R1,211,G05,train,low,R1,R1,sc07,T1,189,472,c222,['c222'],1.0
train_R1,211,G05,train,low,R1,R1,sc07,T1,231,577,c230,"['c142', 'c222', 'c230']",0.4
train_R1,212,G05,train,low,R1,R1,sc08,T2,20,50,c222,"['c204', 'c222']",0.725
train_R1,212,G05,train,low,R1,R1,sc08,T2,62,155,c214,"['c214', 'c222']",0.725
train_R1,212,G05,train,low,R1,R1,sc08,T2,104,260,c302,"['c222', 'c302']",0.575
train_R1,212,G05,train,low,R1,R1,sc08,T2,147,367,c222,"['c222', 'c423']",0.525
train_R1,212,G05,train,low,R1,R1,sc08,T2,189,472,c222,"['c222', 'c402']",0.7
train_R1,212,G05,train,low,R1,R1,sc08,T2,231,577,c402,"['c222', 'c402']",0.75
train_R1,213,G05,train,low,R1,R1,sc09,T3,20,50,c420,"['c024', 'c420']",0.575
train_R1,213,G05,train,low,R1,R1,sc09,T3,62,155,c024,"['c023', 'c024', 'c222']",0.6
train_R1,213,G05,train,low,R1,R1,sc09,T3,105,262,c023,"['c023', 'c032', 'c222']",0.475
train_R1,213,G05,train,low,R1,R1,sc09,T3,147,367,c032,"['c032', 'c213', 'c222']",0.45
train_R1,213,G05,train,low,R1,R1,sc09,T3,190,475,c222,['c222'],1.0
train_R1,213,G05,train,low,R1,R1,sc09,T3,232,580,c222,['c222'],1.0
train_R1,214,G05,train,low,R1,R1,sc10,T4,20,50,c222,"['c222', 'c412', 'c442']",0.425
train_R1,214,G05,train,low,R1,R1,sc10,T4,62,155,c442,"['c222', 'c442']",0.875
train_R1,214,G05,train,low,R1,R1,sc10,T4,104,260,c222,"['c222', 'c421']",0.6
train_R1,214,G05,train,low,R1,R1,sc10,T4,147,367,c222,['c222'],1.0
train_R1,214,G05,train,low,R1,R1,sc10,T4,189,472,c222,['c222'],1.0
train_R1,214,G05,train,low,R1,R1,sc10,T4,231,577,c123,"['c123', 'c432']",0.55
train_R1,215,G05,train,low,R1,R1,sc11,T5,20,50,c124,"['c124', 'c222']",0.725
train_R1,215,G05,train,low,R1,R1,sc11,T5,62,155,c222,['c222'],1.0
train_R1,215,G05,train,low,R1,R1,sc11,T5,104,260,c042,"['c042', 'c132']",0.725
train_R1,215,G05,train,low,R1,R1,sc11,T5,147,367,c132,"['c132', 'c222']",0.75
train_R1,215,G05,train,low,R1,R1,sc11,T5,189,472,c222,"['c222', 'c244']",0.85
train_R1,215,G05,train,low,R1,R1,sc11,T5,231,577,c244,"['c203', 'c244', 'c321']",0.45
train_R1,198,G05,train,mid,R1,R1,sc06,T0,20,50,c222,['c222'],1.0
train_R1,198,G05,train,mid,R1,R1,sc06,T0,62,155,c222,"['c222', 'c424']",0.575
train_R1,198,G05,train,mid,R1,R1,sc06,T0,104,260,c320,"['c241', 'c320']",0.575
train_R1,198,G05,train,mid,R1,R1,sc06,T0,147,367,c241,"['c241', 'c243']",0.75
train_R1,198,G05,train,mid,R1,R1,sc06,T0,189,472,c222,['c222'],1.0
train_R1,198,G05,train,mid,R1,R1,sc06,T0,231,577,c222,['c222'],1.0
train_R1,199,G05,train,mid,R1,R1,sc07,T1,20,50,c240,"['c240', 'c312']",0.725
train_R1,199,G05,train,mid,R1,R1,sc07,T1,62,155,c312,"['c222', 'c231', 'c312']",0.45
train_R1,199,G05,train,mid,R1,R1,sc07,T1,104,260,c222,['c222'],1.0
train_R1,199,G05,train,mid,R1,R1,sc07,T1,147,367,c222,['c222'],1.0
train_R1,199,G05,train,mid,R1,R1,sc07,T1,189,472,c222,['c222'],1.0
train_R1,199,G05,train,mid,R1,R1,sc07,T1,231,577,c230,"['c142', 'c222', 'c230']",0.4
train_R1,200,G05,train,mid,R1,R1,sc08,T2,20,50,c222,"['c204', 'c222']",0.725
train_R1,200,G05,train,mid,R1,R1,sc08,T2,62,155,c214,"['c214', 'c222']",0.725
train_R1,200,G05,train,mid,R1,R1,sc08,T2,104,260,c302,"['c222', 'c302']",0.575
train_R1,200,G05,train,mid,R1,R1,sc08,T2,147,367,c222,"['c222', 'c423']",0.525
train_R1,200,G05,train,mid,R1,R1,sc08,T2,189,472,c222,"['c222', 'c402']",0.7
train_R1,200,G05,train,mid,R1,R1,sc08,T2,231,577,c402,"['c222', 'c402']",0.75
train_R1,201,G05,train,mid,R1,R1,sc09,T3,20,50,c420,"['c024', 'c420']",0.575
train_R1,201,G05,train,mid,R1,R1,sc09,T3,62,155,c024,"['c023', 'c024', 'c222']",0.6
train_R1,201,G05,train,mid,R1,R1,sc09,T3,105,262,c023,"['c023', 'c032', 'c222']",0.475
train_R1,201,G05,train,mid,R1,R1,sc09,T3,147,367,c032,"['c032', 'c213', 'c222']",0.45
train_R1,201,G05,train,mid,R1,R1,sc09,T3,190,475,c222,['c222'],1.0
train_R1,201,G05,train,mid,R1,R1,sc09,T3,232,580,c222,['c222'],1.0
train_R1,202,G05,train,mid,R1,R1,sc10,T4,20,50,c222,"['c222', 'c412', 'c442']",0.425
train_R1,202,G05,train,mid,R1,R1,sc10,T4,62,155,c442,"['c222', 'c442']",0.875
train_R1,202,G05,train,mid,R1,R1,sc10,T4,104,260,c222,"['c222', 'c421']",0.6
train_R1,202,G05,train,mid,R1,R1,sc10,T4,147,367,c222,['c222'],1.0
train_R1,202,G05,train,mid,R1,R1,sc10,T4,189,472,c222,['c222'],1.0
train_R1,202,G05,train,mid,R1,R1,sc10,T4,231,577,c123,"['c123', 'c432']",0.55
train_R1,203,G05,train,mid,R1,R1,sc11,T5,20,50,c124,"['c124', 'c222']",0.725
train_R1,203,G05,train,mid,R1,R1,sc11,T5,62,155,c222,['c222'],1.0
train_R1,203,G05,train,mid,R1,R1,sc11,T5,104,260,c042,"['c042', 'c132']",0.725
train_R1,203,G05,train,mid,R1,R1,sc11,T5,147,367,c132,"['c132', 'c222']",0.75
train_R1,203,G05,train,mid,R1,R1,sc11,T5,189,472,c222,"['c222', 'c244']",0.85
train_R1,203,G05,train,mid,R1,R1,sc11,T5,231,577,c244,"['c203', 'c244', 'c321']",0.45
train_R1,186,G05,train,nominal,R1,R1,sc06,T0,20,50,c222,['c222'],1.0
train_R1,186,G05,train,nominal,R1,R1,sc06,T0,62,155,c222,"['c222', 'c424']",0.575
train_R1,186,G05,train,nominal,R1,R1,sc06,T0,104,260,c320,"['c241', 'c320']",0.575
train_R1,186,G05,train,nominal,R1,R1,sc06,T0,147,367,c241,"['c241', 'c243']",0.75
train_R1,186,G05,train,nominal,R1,R1,sc06,T0,189,472,c222,['c222'],1.0
train_R1,186,G05,train,nominal,R1,R1,sc06,T0,231,577,c222,['c222'],1.0
train_R1,187,G05,train,nominal,R1,R1,sc07,T1,20,50,c240,"['c240', 'c312']",0.725
train_R1,187,G05,train,nominal,R1,R1,sc07,T1,62,155,c312,"['c222', 'c231', 'c312']",0.45
train_R1,187,G05,train,nominal,R1,R1,sc07,T1,104,260,c222,['c222'],1.0
train_R1,187,G05,train,nominal,R1,R1,sc07,T1,147,367,c222,['c222'],1.0
train_R1,187,G05,train,nominal,R1,R1,sc07,T1,189,472,c222,['c222'],1.0
train_R1,187,G05,train,nominal,R1,R1,sc07,T1,231,577,c230,"['c142', 'c222', 'c230']",0.4
train_R1,188,G05,train,nominal,R1,R1,sc08,T2,20,50,c222,"['c204', 'c222']",0.725
train_R1,188,G05,train,nominal,R1,R1,sc08,T2,62,155,c214,"['c214', 'c222']",0.725
train_R1,188,G05,train,nominal,R1,R1,sc08,T2,104,260,c302,"['c222', 'c302']",0.575
train_R1,188,G05,train,nominal,R1,R1,sc08,T2,147,367,c222,"['c222', 'c423']",0.525
train_R1,188,G05,train,nominal,R1,R1,sc08,T2,189,472,c222,"['c222', 'c402']",0.7
train_R1,188,G05,train,nominal,R1,R1,sc08,T2,231,577,c402,"['c222', 'c402']",0.75
train_R1,189,G05,train,nominal,R1,R1,sc09,T3,20,50,c420,"['c024', 'c420']",0.575
train_R1,189,G05,train,nominal,R1,R1,sc09,T3,62,155,c024,"['c023', 'c024', 'c222']",0.6
train_R1,189,G05,train,nominal,R1,R1,sc09,T3,105,262,c023,"['c023', 'c032', 'c222']",0.475
train_R1,189,G05,train,nominal,R1,R1,sc09,T3,147,367,c032,"['c032', 'c213', 'c222']",0.45
train_R1,189,G05,train,nominal,R1,R1,sc09,T3,190,475,c222,['c222'],1.0
train_R1,189,G05,train,nominal,R1,R1,sc09,T3,232,580,c222,['c222'],1.0
train_R1,190,G05,train,nominal,R1,R1,sc10,T4,20,50,c222,"['c222', 'c412', 'c442']",0.425
train_R1,190,G05,train,nominal,R1,R1,sc10,T4,62,155,c442,"['c222', 'c442']",0.875
train_R1,190,G05,train,nominal,R1,R1,sc10,T4,104,260,c222,"['c222', 'c421']",0.6
train_R1,190,G05,train,nominal,R1,R1,sc10,T4,147,367,c222,['c222'],1.0
train_R1,190,G05,train,nominal,R1,R1,sc10,T4,189,472,c222,['c222'],1.0
train_R1,190,G05,train,nominal,R1,R1,sc10,T4,231,577,c123,"['c123', 'c432']",0.55
train_R1,191,G05,train,nominal,R1,R1,sc11,T5,20,50,c124,"['c124', 'c222']",0.725
train_R1,191,G05,train,nominal,R1,R1,sc11,T5,62,155,c222,['c222'],1.0
train_R1,191,G05,train,nominal,R1,R1,sc11,T5,104,260,c042,"['c042', 'c132']",0.725
train_R1,191,G05,train,nominal,R1,R1,sc11,T5,147,367,c132,"['c132', 'c222']",0.75
train_R1,191,G05,train,nominal,R1,R1,sc11,T5,189,472,c222,"['c222', 'c244']",0.85
train_R1,191,G05,train,nominal,R1,R1,sc11,T5,231,577,c244,"['c203', 'c244', 'c321']",0.45
train_R1,246,G06,train,low,R1,R1,sc06,T0,20,50,c222,"['c222', 'c243']",0.575
train_R1,246,G06,train,low,R1,R1,sc06,T0,62,155,c222,"['c042', 'c222']",0.575
train_R1,246,G06,train,low,R1,R1,sc06,T0,104,260,c213,"['c213', 'c222']",0.575
train_R1,246,G06,train,low,R1,R1,sc06,T0,147,367,c222,['c222'],1.0
train_R1,246,G06,train,low,R1,R1,sc06,T0,189,472,c320,"['c222', 'c320', 'c421']",0.45
train_R1,246,G06,train,low,R1,R1,sc06,T0,231,577,c222,['c222'],1.0
train_R1,247,G06,train,low,R1,R1,sc07,T1,20,50,c024,"['c024', 'c222']",0.725
train_R1,247,G06,train,low,R1,R1,sc07,T1,62,155,c222,"['c222', 'c244', 'c302']",0.45
train_R1,247,G06,train,low,R1,R1,sc07,T1,104,260,c222,['c222'],1.0
train_R1,247,G06,train,low,R1,R1,sc07,T1,147,367,c222,"['c214', 'c222']",0.6
train_R1,247,G06,train,low,R1,R1,sc07,T1,189,472,c222,['c222'],1.0
train_R1,247,G06,train,low,R1,R1,sc07,T1,231,577,c240,"['c222', 'c240', 'c442']",0.4
train_R1,248,G06,train,low,R1,R1,sc08,T2,20,50,c222,['c222'],1.0
train_R1,248,G06,train,low,R1,R1,sc08,T2,62,155,c204,"['c204', 'c231']",0.725
train_R1,248,G06,train,low,R1,R1,sc08,T2,104,260,c222,"['c222', 'c432']",0.7
train_R1,248,G06,train,low,R1,R1,sc08,T2,147,367,c222,['c222'],1.0
train_R1,248,G06,train,low,R1,R1,sc08,T2,189,472,c222,"['c222', 'c424']",0.6
train_R1,248,G06,train,low,R1,R1,sc08,T2,231,577,c222,"['c123', 'c222']",0.75
train_R1,249,G06,train,low,R1,R1,sc09,T3,20,50,c312,"['c222', 'c312']",0.575
train_R1,249,G06,train,low,R1,R1,sc09,T3,62,155,c222,['c222'],1.0
train_R1,249,G06,train,low,R1,R1,sc09,T3,105,262,c222,"['c142', 'c222', 'c241']",0.475
train_R1,249,G06,train,low,R1,R1,sc09,T3,147,367,c142,"['c142', 'c222']",0.725
train_R1,249,G06,train,low,R1,R1,sc09,T3,190,475,c203,"['c203', 'c222']",0.75
train_R1,249,G06,train,low,R1,R1,sc09,T3,232,580,c423,"['c402', 'c423']",0.7692307692307693
train_R1,250,G06,train,low,R1,R1,sc10,T4,20,50,c222,['c222'],1.0
train_R1,250,G06,train,low,R1,R1,sc10,T4,62,155,c222,['c222'],1.0
train_R1,250,G06,train,low,R1,R1,sc10,T4,104,260,c222,['c222'],1.0
train_R1,250,G06,train,low,R1,R1,sc10,T4,147,367,c222,['c222'],1.0
train_R1,250,G06,train,low,R1,R1,sc10,T4,189,472,c124,"['c124', 'c222']",0.7
train_R1,250,G06,train,low,R1,R1,sc10,T4,231,577,c222,"['c222', 'c321']",0.55
train_R1,251,G06,train,low,R1,R1,sc11,T5,20,50,c412,"['c032', 'c222', 'c412']",0.6
train_R1,251,G06,train,low,R1,R1,sc11,T5,62,155,c032,"['c032', 'c222']",0.725
train_R1,251,G06,train,low,R1,R1,sc11,T5,104,260,c222,['c222'],1.0
train_R1,251,G06,train,low,R1,R1,sc11,T5,147,367,c222,"['c222', 'c230']",0.7
train_R1,251,G06,train,low,R1,R1,sc11,T5,189,472,c222,"['c023', 'c132', 'c222']",0.75
train_R1,251,G06,train,low,R1,R1,sc11,T5,231,577,c023,"['c023', 'c222', 'c420']",0.45
train_R1,234,G06,train,mid,R1,R1,sc06,T0,20,50,c222,"['c222', 'c243']",0.575
train_R1,234,G06,train,mid,R1,R1,sc06,T0,62,155,c222,"['c042', 'c222']",0.575
train_R1,234,G06,train,mid,R1,R1,sc06,T0,104,260,c213,"['c213', 'c222']",0.575
train_R1,234,G06,train,mid,R1,R1,sc06,T0,147,367,c222,['c222'],1.0
train_R1,234,G06,train,mid,R1,R1,sc06,T0,189,472,c320,"['c222', 'c320', 'c421']",0.45
train_R1,234,G06,train,mid,R1,R1,sc06,T0,231,577,c222,['c222'],1.0
train_R1,235,G06,train,mid,R1,R1,sc07,T1,20,50,c024,"['c024', 'c222']",0.725
train_R1,235,G06,train,mid,R1,R1,sc07,T1,62,155,c222,"['c222', 'c244', 'c302']",0.45
train_R1,235,G06,train,mid,R1,R1,sc07,T1,104,260,c222,['c222'],1.0
train_R1,235,G06,train,mid,R1,R1,sc07,T1,147,367,c222,"['c214', 'c222']",0.6
train_R1,235,G06,train,mid,R1,R1,sc07,T1,189,472,c222,['c222'],1.0
train_R1,235,G06,train,mid,R1,R1,sc07,T1,231,577,c240,"['c222', 'c240', 'c442']",0.4
train_R1,236,G06,train,mid,R1,R1,sc08,T2,20,50,c222,['c222'],1.0
train_R1,236,G06,train,mid,R1,R1,sc08,T2,62,155,c204,"['c204', 'c231']",0.725
train_R1,236,G06,train,mid,R1,R1,sc08,T2,104,260,c222,"['c222', 'c432']",0.7
train_R1,236,G06,train,mid,R1,R1,sc08,T2,147,367,c222,['c222'],1.0
train_R1,236,G06,train,mid,R1,R1,sc08,T2,189,472,c222,"['c222', 'c424']",0.6
train_R1,236,G06,train,mid,R1,R1,sc08,T2,231,577,c222,"['c123', 'c222']",0.75
train_R1,237,G06,train,mid,R1,R1,sc09,T3,20,50,c312,"['c222', 'c312']",0.575
train_R1,237,G06,train,mid,R1,R1,sc09,T3,62,155,c222,['c222'],1.0
train_R1,237,G06,train,mid,R1,R1,sc09,T3,105,262,c222,"['c142', 'c222', 'c241']",0.475
train_R1,237,G06,train,mid,R1,R1,sc09,T3,147,367,c142,"['c142', 'c222']",0.725
train_R1,237,G06,train,mid,R1,R1,sc09,T3,190,475,c203,"['c203', 'c222']",0.75
train_R1,237,G06,train,mid,R1,R1,sc09,T3,232,580,c423,"['c402', 'c423']",0.7692307692307693
train_R1,238,G06,train,mid,R1,R1,sc10,T4,20,50,c222,['c222'],1.0
train_R1,238,G06,train,mid,R1,R1,sc10,T4,62,155,c222,['c222'],1.0
train_R1,238,G06,train,mid,R1,R1,sc10,T4,104,260,c222,['c222'],1.0
train_R1,238,G06,train,mid,R1,R1,sc10,T4,147,367,c222,['c222'],1.0
train_R1,238,G06,train,mid,R1,R1,sc10,T4,189,472,c124,"['c124', 'c222']",0.7
train_R1,238,G06,train,mid,R1,R1,sc10,T4,231,577,c222,"['c222', 'c321']",0.55
train_R1,239,G06,train,mid,R1,R1,sc11,T5,20,50,c412,"['c032', 'c222', 'c412']",0.6
train_R1,239,G06,train,mid,R1,R1,sc11,T5,62,155,c032,"['c032', 'c222']",0.725
train_R1,239,G06,train,mid,R1,R1,sc11,T5,104,260,c222,['c222'],1.0
train_R1,239,G06,train,mid,R1,R1,sc11,T5,147,367,c222,"['c222', 'c230']",0.7
train_R1,239,G06,train,mid,R1,R1,sc11,T5,189,472,c222,"['c023', 'c132', 'c222']",0.75
train_R1,239,G06,train,mid,R1,R1,sc11,T5,231,577,c023,"['c023', 'c222', 'c420']",0.45
train_R1,222,G06,train,nominal,R1,R1,sc06,T0,20,50,c222,"['c222', 'c243']",0.575
train_R1,222,G06,train,nominal,R1,R1,sc06,T0,62,155,c222,"['c042', 'c222']",0.575
train_R1,222,G06,train,nominal,R1,R1,sc06,T0,104,260,c213,"['c213', 'c222']",0.575
train_R1,222,G06,train,nominal,R1,R1,sc06,T0,147,367,c222,['c222'],1.0
train_R1,222,G06,train,nominal,R1,R1,sc06,T0,189,472,c320,"['c222', 'c320', 'c421']",0.45
train_R1,222,G06,train,nominal,R1,R1,sc06,T0,231,577,c222,['c222'],1.0
train_R1,223,G06,train,nominal,R1,R1,sc07,T1,20,50,c024,"['c024', 'c222']",0.725
train_R1,223,G06,train,nominal,R1,R1,sc07,T1,62,155,c222,"['c222', 'c244', 'c302']",0.45
train_R1,223,G06,train,nominal,R1,R1,sc07,T1,104,260,c222,['c222'],1.0
train_R1,223,G06,train,nominal,R1,R1,sc07,T1,147,367,c222,"['c214', 'c222']",0.6
train_R1,223,G06,train,nominal,R1,R1,sc07,T1,189,472,c222,['c222'],1.0
train_R1,223,G06,train,nominal,R1,R1,sc07,T1,231,577,c240,"['c222', 'c240', 'c442']",0.4
train_R1,224,G06,train,nominal,R1,R1,sc08,T2,20,50,c222,['c222'],1.0
train_R1,224,G06,train,nominal,R1,R1,sc08,T2,62,155,c204,"['c204', 'c231']",0.725
train_R1,224,G06,train,nominal,R1,R1,sc08,T2,104,260,c222,"['c222', 'c432']",0.7
train_R1,224,G06,train,nominal,R1,R1,sc08,T2,147,367,c222,['c222'],1.0
train_R1,224,G06,train,nominal,R1,R1,sc08,T2,189,472,c222,"['c222', 'c424']",0.6
train_R1,224,G06,train,nominal,R1,R1,sc08,T2,231,577,c222,"['c123', 'c222']",0.75
train_R1,225,G06,train,nominal,R1,R1,sc09,T3,20,50,c312,"['c222', 'c312']",0.575
train_R1,225,G06,train,nominal,R1,R1,sc09,T3,62,155,c222,['c222'],1.0
train_R1,225,G06,train,nominal,R1,R1,sc09,T3,105,262,c222,"['c142', 'c222', 'c241']",0.475
train_R1,225,G06,train,nominal,R1,R1,sc09,T3,147,367,c142,"['c142', 'c222']",0.725
train_R1,225,G06,train,nominal,R1,R1,sc09,T3,190,475,c203,"['c203', 'c222']",0.75
train_R1,225,G06,train,nominal,R1,R1,sc09,T3,232,580,c423,"['c402', 'c423']",0.7692307692307693
train_R1,226,G06,train,nominal,R1,R1,sc10,T4,20,50,c222,['c222'],1.0
train_R1,226,G06,train,nominal,R1,R1,sc10,T4,62,155,c222,['c222'],1.0
train_R1,226,G06,train,nominal,R1,R1,sc10,T4,104,260,c222,['c222'],1.0
train_R1,226,G06,train,nominal,R1,R1,sc10,T4,147,367,c222,['c222'],1.0
train_R1,226,G06,train,nominal,R1,R1,sc10,T4,189,472,c124,"['c124', 'c222']",0.7
train_R1,226,G06,train,nominal,R1,R1,sc10,T4,231,577,c222,"['c222', 'c321']",0.55
train_R1,227,G06,train,nominal,R1,R1,sc11,T5,20,50,c412,"['c032', 'c222', 'c412']",0.6
train_R1,227,G06,train,nominal,R1,R1,sc11,T5,62,155,c032,"['c032', 'c222']",0.725
train_R1,227,G06,train,nominal,R1,R1,sc11,T5,104,260,c222,['c222'],1.0
train_R1,227,G06,train,nominal,R1,R1,sc11,T5,147,367,c222,"['c222', 'c230']",0.7
train_R1,227,G06,train,nominal,R1,R1,sc11,T5,189,472,c222,"['c023', 'c132', 'c222']",0.75
train_R1,227,G06,train,nominal,R1,R1,sc11,T5,231,577,c023,"['c023', 'c222', 'c420']",0.45
train_R1,282,G07,train,low,R1,R1,sc06,T0,20,50,c222,"['c222', 'c244']",0.575
train_R1,282,G07,train,low,R1,R1,sc06,T0,62,155,c243,"['c222', 'c243']",0.575
train_R1,282,G07,train,low,R1,R1,sc06,T0,104,260,c132,"['c132', 'c222']",0.575
train_R1,282,G07,train,low,R1,R1,sc06,T0,147,367,c222,"['c222', 'c442']",0.75
train_R1,282,G07,train,low,R1,R1,sc06,T0,189,472,c241,"['c222', 'c240', 'c241']",0.45
train_R1,282,G07,train,low,R1,R1,sc06,T0,231,577,c240,"['c231', 'c240']",0.75
train_R1,283,G07,train,low,R1,R1,sc07,T1,20,50,c222,['c222'],1.0
train_R1,283,G07,train,low,R1,R1,sc07,T1,62,155,c222,"['c222', 'c320', 'c402']",0.45
train_R1,283,G07,train,low,R1,R1,sc07,T1,104,260,c420,"['c222', 'c420']",0.725
train_R1,283,G07,train,low,R1,R1,sc07,T1,147,367,c222,"['c204', 'c222']",0.6
train_R1,283,G07,train,low,R1,R1,sc07,T1,189,472,c321,"['c321', 'c423']",0.55
train_R1,283,G07,train,low,R1,R1,sc07,T1,231,577,c222,"['c124', 'c222']",0.7
train_R1,284,G07,train,low,R1,R1,sc08,T2,20,50,c222,['c222'],1.0
train_R1,284,G07,train,low,R1,R1,sc08,T2,62,155,c213,"['c123', 'c213']",0.725
train_R1,284,G07,train,low,R1,R1,sc08,T2,104,260,c302,"['c042', 'c222', 'c302']",0.425
train_R1,284,G07,train,low,R1,R1,sc08,T2,147,367,c042,"['c042', 'c222']",0.9
train_R1,284,G07,train,low,R1,R1,sc08,T2,189,472,c222,"['c222', 'c432']",0.7
train_R1,284,G07,train,low,R1,R1,sc08,T2,231,577,c432,"['c222', 'c432']",0.75
train_R1,285,G07,train,low,R1,R1,sc09,T3,20,50,c222,['c222'],1.0
train_R1,285,G07,train,low,R1,R1,sc09,T3,62,155,c222,"['c222', 'c421']",0.875
train_R1,285,G07,train,low,R1,R1,sc09,T3,105,262,c421,"['c222', 'c421']",0.6
train_R1,285,G07,train,low,R1,R1,sc09,T3,147,367,c222,['c222'],1.0
train_R1,285,G07,train,low,R1,R1,sc09,T3,190,475,c222,['c222'],1.0
train_R1,285,G07,train,low,R1,R1,sc09,T3,232,580,c424,"['c222', 'c424']",0.7692307692307693
train_R1,286,G07,train,low,R1,R1,sc10,T4,20,50,c142,"['c032', 'c142', 'c222']",0.425
train_R1,286,G07,train,low,R1,R1,sc10,T4,62,155,c032,"['c032', 'c222']",0.875
train_R1,286,G07,train,low,R1,R1,sc10,T4,104,260,c222,['c222'],1.0
train_R1,286,G07,train,low,R1,R1,sc10,T4,147,367,c222,"['c222', 'c230']",0.6
train_R1,286,G07,train,low,R1,R1,sc10,T4,189,472,c222,['c222'],1.0
train_R1,286,G07,train,low,R1,R1,sc10,T4,231,577,c222,['c222'],1.0
train_R1,287,G07,train,low,R1,R1,sc11,T5,20,50,c222,"['c023', 'c222']",0.875
train_R1,287,G07,train,low,R1,R1,sc11,T5,62,155,c023,"['c023', 'c312']",0.725
train_R1,287,G07,train,low,R1,R1,sc11,T5,104,260,c412,"['c222', 'c412']",0.725
train_R1,287,G07,train,low,R1,R1,sc11,T5,147,367,c222,"['c024', 'c222']",0.7
train_R1,287,G07,train,low,R1,R1,sc11,T5,189,472,c222,"['c203', 'c214', 'c222']",0.75
train_R1,287,G07,train,low,R1,R1,sc11,T5,231,577,c203,"['c203', 'c222']",0.75
train_R1,270,G07,train,mid,R1,R1,sc06,T0,20,50,c222,"['c222', 'c244']",0.575
train_R1,270,G07,train,mid,R1,R1,sc06,T0,62,155,c243,"['c222', 'c243']",0.575
train_R1,270,G07,train,mid,R1,R1,sc06,T0,104,260,c132,"['c132', 'c222']",0.575
train_R1,270,G07,train,mid,R1,R1,sc06,T0,147,367,c222,"['c222', 'c442']",0.75
train_R1,270,G07,train,mid,R1,R1,sc06,T0,189,472,c241,"['c222', 'c240', 'c241']",0.45
train_R1,270,G07,train,mid,R1,R1,sc06,T0,231,577,c240,"['c231', 'c240']",0.75
train_R1,271,G07,train,mid,R1,R1,sc07,T1,20,50,c222,['c222'],1.0
train_R1,271,G07,train,mid,R1,R1,sc07,T1,62,155,c222,"['c222', 'c320', 'c402']",0.45
train_R1,271,G07,train,mid,R1,R1,sc07,T1,104,260,c420,"['c222', 'c420']",0.725
train_R1,271,G07,train,mid,R1,R1,sc07,T1,147,367,c222,"['c204', 'c222']",0.6
train_R1,271,G07,train,mid,R1,R1,sc07,T1,189,472,c321,"['c321', 'c423']",0.55
train_R1,271,G07,train,mid,R1,R1,sc07,T1,231,577,c222,"['c124', 'c222']",0.7
train_R1,272,G07,train,mid,R1,R1,sc08,T2,20,50,c222,['c222'],1.0
train_R1,272,G07,train,mid,R1,R1,sc08,T2,62,155,c213,"['c123', 'c213']",0.725
train_R1,272,G07,train,mid,R1,R1,sc08,T2,104,260,c302,"['c042', 'c222', 'c302']",0.425
train_R1,272,G07,train,mid,R1,R1,sc08,T2,147,367,c042,"['c042', 'c222']",0.9
train_R1,272,G07,train,mid,R1,R1,sc08,T2,189,472,c222,"['c222', 'c432']",0.7
train_R1,272,G07,train,mid,R1,R1,sc08,T2,231,577,c432,"['c222', 'c432']",0.75
train_R1,273,G07,train,mid,R1,R1,sc09,T3,20,50,c222,['c222'],1.0
train_R1,273,G07,train,mid,R1,R1,sc09,T3,62,155,c222,"['c222', 'c421']",0.875
train_R1,273,G07,train,mid,R1,R1,sc09,T3,105,262,c421,"['c222', 'c421']",0.6
train_R1,273,G07,train,mid,R1,R1,sc09,T3,147,367,c222,['c222'],1.0
train_R1,273,G07,train,mid,R1,R1,sc09,T3,190,475,c222,['c222'],1.0
train_R1,273,G07,train,mid,R1,R1,sc09,T3,232,580,c424,"['c222', 'c424']",0.7692307692307693
train_R1,274,G07,train,mid,R1,R1,sc10,T4,20,50,c142,"['c032', 'c142', 'c222']",0.425
train_R1,274,G07,train,mid,R1,R1,sc10,T4,62,155,c032,"['c032', 'c222']",0.875
train_R1,274,G07,train,mid,R1,R1,sc10,T4,104,260,c222,['c222'],1.0
train_R1,274,G07,train,mid,R1,R1,sc10,T4,147,367,c222,"['c222', 'c230']",0.6
train_R1,274,G07,train,mid,R1,R1,sc10,T4,189,472,c222,['c222'],1.0
train_R1,274,G07,train,mid,R1,R1,sc10,T4,231,577,c222,['c222'],1.0
train_R1,275,G07,train,mid,R1,R1,sc11,T5,20,50,c222,"['c023', 'c222']",0.875
train_R1,275,G07,train,mid,R1,R1,sc11,T5,62,155,c023,"['c023', 'c312']",0.725
train_R1,275,G07,train,mid,R1,R1,sc11,T5,104,260,c412,"['c222', 'c412']",0.725
train_R1,275,G07,train,mid,R1,R1,sc11,T5,147,367,c222,"['c024', 'c222']",0.7
train_R1,275,G07,train,mid,R1,R1,sc11,T5,189,472,c222,"['c203', 'c214', 'c222']",0.75
train_R1,275,G07,train,mid,R1,R1,sc11,T5,231,577,c203,"['c203', 'c222']",0.75
train_R1,258,G07,train,nominal,R1,R1,sc06,T0,20,50,c222,"['c222', 'c244']",0.575
train_R1,258,G07,train,nominal,R1,R1,sc06,T0,62,155,c243,"['c222', 'c243']",0.575
train_R1,258,G07,train,nominal,R1,R1,sc06,T0,104,260,c132,"['c132', 'c222']",0.575
train_R1,258,G07,train,nominal,R1,R1,sc06,T0,147,367,c222,"['c222', 'c442']",0.75
train_R1,258,G07,train,nominal,R1,R1,sc06,T0,189,472,c241,"['c222', 'c240', 'c241']",0.45
train_R1,258,G07,train,nominal,R1,R1,sc06,T0,231,577,c240,"['c231', 'c240']",0.75
train_R1,259,G07,train,nominal,R1,R1,sc07,T1,20,50,c222,['c222'],1.0
train_R1,259,G07,train,nominal,R1,R1,sc07,T1,62,155,c222,"['c222', 'c320', 'c402']",0.45
train_R1,259,G07,train,nominal,R1,R1,sc07,T1,104,260,c420,"['c222', 'c420']",0.725
train_R1,259,G07,train,nominal,R1,R1,sc07,T1,147,367,c222,"['c204', 'c222']",0.6
train_R1,259,G07,train,nominal,R1,R1,sc07,T1,189,472,c321,"['c321', 'c423']",0.55
train_R1,259,G07,train,nominal,R1,R1,sc07,T1,231,577,c222,"['c124', 'c222']",0.7
train_R1,260,G07,train,nominal,R1,R1,sc08,T2,20,50,c222,['c222'],1.0
train_R1,260,G07,train,nominal,R1,R1,sc08,T2,62,155,c213,"['c123', 'c213']",0.725
train_R1,260,G07,train,nominal,R1,R1,sc08,T2,104,260,c302,"['c042', 'c222', 'c302']",0.425
train_R1,260,G07,train,nominal,R1,R1,sc08,T2,147,367,c042,"['c042', 'c222']",0.9
train_R1,260,G07,train,nominal,R1,R1,sc08,T2,189,472,c222,"['c222', 'c432']",0.7
train_R1,260,G07,train,nominal,R1,R1,sc08,T2,231,577,c432,"['c222', 'c432']",0.75
train_R1,261,G07,train,nominal,R1,R1,sc09,T3,20,50,c222,['c222'],1.0
train_R1,261,G07,train,nominal,R1,R1,sc09,T3,62,155,c222,"['c222', 'c421']",0.875
train_R1,261,G07,train,nominal,R1,R1,sc09,T3,105,262,c421,"['c222', 'c421']",0.6
train_R1,261,G07,train,nominal,R1,R1,sc09,T3,147,367,c222,['c222'],1.0
train_R1,261,G07,train,nominal,R1,R1,sc09,T3,190,475,c222,['c222'],1.0
train_R1,261,G07,train,nominal,R1,R1,sc09,T3,232,580,c424,"['c222', 'c424']",0.7692307692307693
train_R1,262,G07,train,nominal,R1,R1,sc10,T4,20,50,c142,"['c032', 'c142', 'c222']",0.425
train_R1,262,G07,train,nominal,R1,R1,sc10,T4,62,155,c032,"['c032', 'c222']",0.875
train_R1,262,G07,train,nominal,R1,R1,sc10,T4,104,260,c222,['c222'],1.0
train_R1,262,G07,train,nominal,R1,R1,sc10,T4,147,367,c222,"['c222', 'c230']",0.6
train_R1,262,G07,train,nominal,R1,R1,sc10,T4,189,472,c222,['c222'],1.0
train_R1,262,G07,train,nominal,R1,R1,sc10,T4,231,577,c222,['c222'],1.0
train_R1,263,G07,train,nominal,R1,R1,sc11,T5,20,50,c222,"['c023', 'c222']",0.875
train_R1,263,G07,train,nominal,R1,R1,sc11,T5,62,155,c023,"['c023', 'c312']",0.725
train_R1,263,G07,train,nominal,R1,R1,sc11,T5,104,260,c412,"['c222', 'c412']",0.725
train_R1,263,G07,train,nominal,R1,R1,sc11,T5,147,367,c222,"['c024', 'c222']",0.7
train_R1,263,G07,train,nominal,R1,R1,sc11,T5,189,472,c222,"['c203', 'c214', 'c222']",0.75
train_R1,263,G07,train,nominal,R1,R1,sc11,T5,231,577,c203,"['c203', 'c222']",0.75
train_R1,318,G08,train,low,R1,R1,sc06,T0,20,50,c243,"['c132', 'c240', 'c243']",0.425
train_R1,318,G08,train,low,R1,R1,sc06,T0,62,155,c222,['c222'],1.0
train_R1,318,G08,train,low,R1,R1,sc06,T0,104,260,c042,"['c042', 'c203']",0.575
train_R1,318,G08,train,low,R1,R1,sc06,T0,147,367,c203,"['c203', 'c424']",0.75
train_R1,318,G08,train,low,R1,R1,sc06,T0,189,472,c222,"['c222', 'c302', 'c320']",0.45
train_R1,318,G08,train,low,R1,R1,sc06,T0,231,577,c302,"['c222', 'c302']",0.75
train_R1,319,G08,train,low,R1,R1,sc07,T1,20,50,c214,"['c123', 'c214']",0.725
train_R1,319,G08,train,low,R1,R1,sc07,T1,62,155,c123,"['c123', 'c142', 'c222']",0.45
train_R1,319,G08,train,low,R1,R1,sc07,T1,104,260,c230,"['c222', 'c230']",0.725
train_R1,319,G08,train,low,R1,R1,sc07,T1,147,367,c222,['c222'],1.0
train_R1,319,G08,train,low,R1,R1,sc07,T1,189,472,c222,['c222'],1.0
train_R1,319,G08,train,low,R1,R1,sc07,T1,231,577,c222,"['c222', 'c312', 'c321']",0.4
train_R1,320,G08,train,low,R1,R1,sc08,T2,20,50,c241,"['c222', 'c241']",0.725
train_R1,320,G08,train,low,R1,R1,sc08,T2,62,155,c222,['c222'],1.0
train_R1,320,G08,train,low,R1,R1,sc08,T2,104,260,c222,"['c222', 'c420']",0.725
train_R1,320,G08,train,low,R1,R1,sc08,T2,147,367,c420,"['c204', 'c412', 'c420']",0.475
train_R1,320,G08,train,low,R1,R1,sc08,T2,189,472,c412,"['c222', 'c244', 'c412']",0.6
train_R1,320,G08,train,low,R1,R1,sc08,T2,231,577,c244,"['c244', 'c432']",0.75
train_R1,321,G08,train,low,R1,R1,sc09,T3,20,50,c213,"['c213', 'c222']",0.575
train_R1,321,G08,train,low,R1,R1,sc09,T3,62,155,c222,"['c032', 'c222']",0.6
train_R1,321,G08,train,low,R1,R1,sc09,T3,105,262,c222,['c222'],1.0
train_R1,321,G08,train,low,R1,R1,sc09,T3,147,367,c222,['c222'],1.0
train_R1,321,G08,train,low,R1,R1,sc09,T3,190,475,c222,"['c124', 'c222']",0.75
train_R1,321,G08,train,low,R1,R1,sc09,T3,232,580,c023,"['c023', 'c222']",0.7692307692307693
train_R1,322,G08,train,low,R1,R1,sc10,T4,20,50,c423,"['c222', 'c423']",0.575
train_R1,322,G08,train,low,R1,R1,sc10,T4,62,155,c222,['c222'],1.0
train_R1,322,G08,train,low,R1,R1,sc10,T4,104,260,c222,"['c222', 'c402']",0.725
train_R1,322,G08,train,low,R1,R1,sc10,T4,147,367,c402,"['c222', 'c402']",0.6
train_R1,322,G08,train,low,R1,R1,sc10,T4,189,472,c222,['c222'],1.0
train_R1,322,G08,train,low,R1,R1,sc10,T4,231,577,c222,['c222'],1.0
train_R1,323,G08,train,low,R1,R1,sc11,T5,20,50,c024,"['c024', 'c222']",0.725
train_R1,323,G08,train,low,R1,R1,sc11,T5,62,155,c222,"['c222', 'c442']",0.725
train_R1,323,G08,train,low,R1,R1,sc11,T5,104,260,c222,['c222'],1.0
train_R1,323,G08,train,low,R1,R1,sc11,T5,147,367,c222,['c222'],1.0
train_R1,323,G08,train,low,R1,R1,sc11,T5,189,472,c222,"['c222', 'c231', 'c421']",0.75
train_R1,323,G08,train,low,R1,R1,sc11,T5,231,577,c421,"['c222', 'c421']",0.75
train_R1,306,G08,train,mid,R1,R1,sc06,T0,20,50,c243,"['c132', 'c240', 'c243']",0.425
train_R1,306,G08,train,mid,R1,R1,sc06,T0,62,155,c222,['c222'],1.0
train_R1,306,G08,train,mid,R1,R1,sc06,T0,104,260,c042,"['c042', 'c203']",0.575
train_R1,306,G08,train,mid,R1,R1,sc06,T0,147,367,c203,"['c203', 'c424']",0.75
train_R1,306,G08,train,mid,R1,R1,sc06,T0,189,472,c222,"['c222', 'c302', 'c320']",0.45
train_R1,306,G08,train,mid,R1,R1,sc06,T0,231,577,c302,"['c222', 'c302']",0.75
train_R1,307,G08,train,mid,R1,R1,sc07,T1,20,50,c214,"['c123', 'c214']",0.725
train_R1,307,G08,train,mid,R1,R1,sc07,T1,62,155,c123,"['c123', 'c142', 'c222']",0.45
train_R1,307,G08,train,mid,R1,R1,sc07,T1,104,260,c230,"['c222', 'c230']",0.725
train_R1,307,G08,train,mid,R1,R1,sc07,T1,147,367,c222,['c222'],1.0
train_R1,307,G08,train,mid,R1,R1,sc07,T1,189,472,c222,['c222'],1.0
train_R1,307,G08,train,mid,R1,R1,sc07,T1,231,577,c222,"['c222', 'c312', 'c321']",0.4
train_R1,308,G08,train,mid,R1,R1,sc08,T2,20,50,c241,"['c222', 'c241']",0.725
train_R1,308,G08,train,mid,R1,R1,sc08,T2,62,155,c222,['c222'],1.0
train_R1,308,G08,train,mid,R1,R1,sc08,T2,104,260,c222,"['c222', 'c420']",0.725
train_R1,308,G08,train,mid,R1,R1,sc08,T2,147,367,c420,"['c204', 'c412', 'c420']",0.475
train_R1,308,G08,train,mid,R1,R1,sc08,T2,189,472,c412,"['c222', 'c244', 'c412']",0.6
train_R1,308,G08,train,mid,R1,R1,sc08,T2,231,577,c244,"['c244', 'c432']",0.75
train_R1,309,G08,train,mid,R1,R1,sc09,T3,20,50,c213,"['c213', 'c222']",0.575
train_R1,309,G08,train,mid,R1,R1,sc09,T3,62,155,c222,"['c032', 'c222']",0.6
train_R1,309,G08,train,mid,R1,R1,sc09,T3,105,262,c222,['c222'],1.0
train_R1,309,G08,train,mid,R1,R1,sc09,T3,147,367,c222,['c222'],1.0
train_R1,309,G08,train,mid,R1,R1,sc09,T3,190,475,c222,"['c124', 'c222']",0.75
train_R1,309,G08,train,mid,R1,R1,sc09,T3,232,580,c023,"['c023', 'c222']",0.7692307692307693
train_R1,310,G08,train,mid,R1,R1,sc10,T4,20,50,c423,"['c222', 'c423']",0.575
train_R1,310,G08,train,mid,R1,R1,sc10,T4,62,155,c222,['c222'],1.0
train_R1,310,G08,train,mid,R1,R1,sc10,T4,104,260,c222,"['c222', 'c402']",0.725
train_R1,310,G08,train,mid,R1,R1,sc10,T4,147,367,c402,"['c222', 'c402']",0.6
train_R1,310,G08,train,mid,R1,R1,sc10,T4,189,472,c222,['c222'],1.0
train_R1,310,G08,train,mid,R1,R1,sc10,T4,231,577,c222,['c222'],1.0
train_R1,311,G08,train,mid,R1,R1,sc11,T5,20,50,c024,"['c024', 'c222']",0.725
train_R1,311,G08,train,mid,R1,R1,sc11,T5,62,155,c222,"['c222', 'c442']",0.725
train_R1,311,G08,train,mid,R1,R1,sc11,T5,104,260,c222,['c222'],1.0
train_R1,311,G08,train,mid,R1,R1,sc11,T5,147,367,c222,['c222'],1.0
train_R1,311,G08,train,mid,R1,R1,sc11,T5,189,472,c222,"['c222', 'c231', 'c421']",0.75
train_R1,311,G08,train,mid,R1,R1,sc11,T5,231,577,c421,"['c222', 'c421']",0.75
train_R1,294,G08,train,nominal,R1,R1,sc06,T0,20,50,c243,"['c132', 'c240', 'c243']",0.425
train_R1,294,G08,train,nominal,R1,R1,sc06,T0,62,155,c222,['c222'],1.0
train_R1,294,G08,train,nominal,R1,R1,sc06,T0,104,260,c042,"['c042', 'c203']",0.575
train_R1,294,G08,train,nominal,R1,R1,sc06,T0,147,367,c203,"['c203', 'c424']",0.75
train_R1,294,G08,train,nominal,R1,R1,sc06,T0,189,472,c222,"['c222', 'c302', 'c320']",0.45
train_R1,294,G08,train,nominal,R1,R1,sc06,T0,231,577,c302,"['c222', 'c302']",0.75
train_R1,295,G08,train,nominal,R1,R1,sc07,T1,20,50,c214,"['c123', 'c214']",0.725
train_R1,295,G08,train,nominal,R1,R1,sc07,T1,62,155,c123,"['c123', 'c142', 'c222']",0.45
train_R1,295,G08,train,nominal,R1,R1,sc07,T1,104,260,c230,"['c222', 'c230']",0.725
train_R1,295,G08,train,nominal,R1,R1,sc07,T1,147,367,c222,['c222'],1.0
train_R1,295,G08,train,nominal,R1,R1,sc07,T1,189,472,c222,['c222'],1.0
train_R1,295,G08,train,nominal,R1,R1,sc07,T1,231,577,c222,"['c222', 'c312', 'c321']",0.4
train_R1,296,G08,train,nominal,R1,R1,sc08,T2,20,50,c241,"['c222', 'c241']",0.725
train_R1,296,G08,train,nominal,R1,R1,sc08,T2,62,155,c222,['c222'],1.0
train_R1,296,G08,train,nominal,R1,R1,sc08,T2,104,260,c222,"['c222', 'c420']",0.725
train_R1,296,G08,train,nominal,R1,R1,sc08,T2,147,367,c420,"['c204', 'c412', 'c420']",0.475
train_R1,296,G08,train,nominal,R1,R1,sc08,T2,189,472,c412,"['c222', 'c244', 'c412']",0.6
train_R1,296,G08,train,nominal,R1,R1,sc08,T2,231,577,c244,"['c244', 'c432']",0.75
train_R1,297,G08,train,nominal,R1,R1,sc09,T3,20,50,c213,"['c213', 'c222']",0.575
train_R1,297,G08,train,nominal,R1,R1,sc09,T3,62,155,c222,"['c032', 'c222']",0.6
train_R1,297,G08,train,nominal,R1,R1,sc09,T3,105,262,c222,['c222'],1.0
train_R1,297,G08,train,nominal,R1,R1,sc09,T3,147,367,c222,['c222'],1.0
train_R1,297,G08,train,nominal,R1,R1,sc09,T3,190,475,c222,"['c124', 'c222']",0.75
train_R1,297,G08,train,nominal,R1,R1,sc09,T3,232,580,c023,"['c023', 'c222']",0.7692307692307693
train_R1,298,G08,train,nominal,R1,R1,sc10,T4,20,50,c423,"['c222', 'c423']",0.575
train_R1,298,G08,train,nominal,R1,R1,sc10,T4,62,155,c222,['c222'],1.0
train_R1,298,G08,train,nominal,R1,R1,sc10,T4,104,260,c222,"['c222', 'c402']",0.725
train_R1,298,G08,train,nominal,R1,R1,sc10,T4,147,367,c402,"['c222', 'c402']",0.6
train_R1,298,G08,train,nominal,R1,R1,sc10,T4,189,472,c222,['c222'],1.0
train_R1,298,G08,train,nominal,R1,R1,sc10,T4,231,577,c222,['c222'],1.0
train_R1,299,G08,train,nominal,R1,R1,sc11,T5,20,50,c024,"['c024', 'c222']",0.725
train_R1,299,G08,train,nominal,R1,R1,sc11,T5,62,155,c222,"['c222', 'c442']",0.725
train_R1,299,G08,train,nominal,R1,R1,sc11,T5,104,260,c222,['c222'],1.0
train_R1,299,G08,train,nominal,R1,R1,sc11,T5,147,367,c222,['c222'],1.0
train_R1,299,G08,train,nominal,R1,R1,sc11,T5,189,472,c222,"['c222', 'c231', 'c421']",0.75
train_R1,299,G08,train,nominal,R1,R1,sc11,T5,231,577,c421,"['c222', 'c421']",0.75
train_R1,354,G09,train,low,R1,R1,sc06,T0,20,50,c222,['c222'],1.0
train_R1,354,G09,train,low,R1,R1,sc06,T0,62,155,c222,['c222'],1.0
train_R1,354,G09,train,low,R1,R1,sc06,T0,104,260,c222,['c222'],1.0
train_R1,354,G09,train,low,R1,R1,sc06,T0,147,367,c222,"['c214', 'c222']",0.75
train_R1,354,G09,train,low,R1,R1,sc06,T0,189,472,c222,"['c222', 'c312']",0.7
train_R1,354,G09,train,low,R1,R1,sc06,T0,231,577,c312,"['c240', 'c312']",0.75
train_R1,355,G09,train,low,R1,R1,sc07,T1,20,50,c222,"['c023', 'c222']",0.725
train_R1,355,G09,train,low,R1,R1,sc07,T1,62,155,c023,"['c023', 'c222', 'c420']",0.45
train_R1,355,G09,train,low,R1,R1,sc07,T1,104,260,c222,['c222'],1.0
train_R1,355,G09,train,low,R1,R1,sc07,T1,147,367,c222,['c222'],1.0
train_R1,355,G09,train,low,R1,R1,sc07,T1,189,472,c222,"['c222', 'c424']",0.55
train_R1,355,G09,train,low,R1,R1,sc07,T1,231,577,c222,['c222'],1.0
train_R1,356,G09,train,low,R1,R1,sc08,T2,20,50,c402,"['c402', 'c412']",0.725
train_R1,356,G09,train,low,R1,R1,sc08,T2,62,155,c132,"['c132', 'c321']",0.725
train_R1,356,G09,train,low,R1,R1,sc08,T2,104,260,c222,"['c222', 'c442']",0.725
train_R1,356,G09,train,low,R1,R1,sc08,T2,147,367,c442,"['c124', 'c222', 'c442']",0.475
train_R1,356,G09,train,low,R1,R1,sc08,T2,189,472,c222,"['c222', 'c423']",0.6
train_R1,356,G09,train,low,R1,R1,sc08,T2,231,577,c222,['c222'],1.0
train_R1,357,G09,train,low,R1,R1,sc09,T3,20,50,c320,"['c222', 'c320']",0.575
train_R1,357,G09,train,low,R1,R1,sc09,T3,62,155,c222,"['c032', 'c222']",0.6
train_R1,357,G09,train,low,R1,R1,sc09,T3,105,262,c222,"['c203', 'c222']",0.525
train_R1,357,G09,train,low,R1,R1,sc09,T3,147,367,c222,"['c042', 'c222']",0.55
train_R1,357,G09,train,low,R1,R1,sc09,T3,190,475,c222,"['c222', 'c432']",0.75
train_R1,357,G09,train,low,R1,R1,sc09,T3,232,580,c204,"['c204', 'c243']",0.7692307692307693
train_R1,358,G09,train,low,R1,R1,sc10,T4,20,50,c222,"['c222', 'c231']",0.7
train_R1,358,G09,train,low,R1,R1,sc10,T4,62,155,c222,"['c123', 'c222', 'c302']",0.75
train_R1,358,G09,train,low,R1,R1,sc10,T4,104,260,c302,"['c024', 'c222', 'c302']",0.6
train_R1,358,G09,train,low,R1,R1,sc10,T4,147,367,c024,"['c024', 'c222']",0.6
train_R1,358,G09,train,low,R1,R1,sc10,T4,189,472,c213,"['c213', 'c222']",0.7
train_R1,358,G09,train,low,R1,R1,sc10,T4,231,577,c222,['c222'],1.0
train_R1,359,G09,train,low,R1,R1,sc11,T5,20,50,c241,"['c222', 'c241']",0.725
train_R1,359,G09,train,low,R1,R1,sc11,T5,62,155,c222,"['c222', 'c244']",0.725
train_R1,359,G09,train,low,R1,R1,sc11,T5,104,260,c222,"['c142', 'c222']",0.725
train_R1,359,G09,train,low,R1,R1,sc11,T5,147,367,c142,"['c142', 'c222']",0.75
train_R1,359,G09,train,low,R1,R1,sc11,T5,189,472,c222,"['c222', 'c421']",0.85
train_R1,359,G09,train,low,R1,R1,sc11,T5,231,577,c421,"['c222', 'c230', 'c421']",0.45
train_R1,342,G09,train,mid,R1,R1,sc06,T0,20,50,c222,['c222'],1.0
train_R1,342,G09,train,mid,R1,R1,sc06,T0,62,155,c222,['c222'],1.0
train_R1,342,G09,train,mid,R1,R1,sc06,T0,104,260,c222,['c222'],1.0
train_R1,342,G09,train,mid,R1,R1,sc06,T0,147,367,c222,"['c214', 'c222']",0.75
train_R1,342,G09,train,mid,R1,R1,sc06,T0,189,472,c222,"['c222', 'c312']",0.7
train_R1,342,G09,train,mid,R1,R1,sc06,T0,231,577,c312,"['c240', 'c312']",0.75
train_R1,343,G09,train,mid,R1,R1,sc07,T1,20,50,c222,"['c023', 'c222']",0.725
train_R1,343,G09,train,mid,R1,R1,sc07,T1,62,155,c023,"['c023', 'c222', 'c420']",0.45
train_R1,343,G09,train,mid,R1,R1,sc07,T1,104,260,c222,['c222'],1.0
train_R1,343,G09,train,mid,R1,R1,sc07,T1,147,367,c222,['c222'],1.0
train_R1,343,G09,train,mid,R1,R1,sc07,T1,189,472,c222,"['c222', 'c424']",0.55
train_R1,343,G09,train,mid,R1,R1,sc07,T1,231,577,c222,['c222'],1.0
train_R1,344,G09,train,mid,R1,R1,sc08,T2,20,50,c402,"['c402', 'c412']",0.725
train_R1,344,G09,train,mid,R1,R1,sc08,T2,62,155,c132,"['c132', 'c321']",0.725
train_R1,344,G09,train,mid,R1,R1,sc08,T2,104,260,c222,"['c222', 'c442']",0.725
train_R1,344,G09,train,mid,R1,R1,sc08,T2,147,367,c442,"['c124', 'c222', 'c442']",0.475
train_R1,344,G09,train,mid,R1,R1,sc08,T2,189,472,c222,"['c222', 'c423']",0.6
train_R1,344,G09,train,mid,R1,R1,sc08,T2,231,577,c222,['c222'],1.0
train_R1,345,G09,train,mid,R1,R1,sc09,T3,20,50,c320,"['c222', 'c320']",0.575
train_R1,345,G09,train,mid,R1,R1,sc09,T3,62,155,c222,"['c032', 'c222']",0.6
train_R1,345,G09,train,mid,R1,R1,sc09,T3,105,262,c222,"['c203', 'c222']",0.525
train_R1,345,G09,train,mid,R1,R1,sc09,T3,147,367,c222,"['c042', 'c222']",0.55
train_R1,345,G09,train,mid,R1,R1,sc09,T3,190,475,c222,"['c222', 'c432']",0.75
train_R1,345,G09,train,mid,R1,R1,sc09,T3,232,580,c204,"['c204', 'c243']",0.7692307692307693
train_R1,346,G09,train,mid,R1,R1,sc10,T4,20,50,c222,"['c222', 'c231']",0.7
train_R1,346,G09,train,mid,R1,R1,sc10,T4,62,155,c222,"['c123', 'c222', 'c302']",0.75
train_R1,346,G09,train,mid,R1,R1,sc10,T4,104,260,c302,"['c024', 'c222', 'c302']",0.6
train_R1,346,G09,train,mid,R1,R1,sc10,T4,147,367,c024,"['c024', 'c222']",0.6
train_R1,346,G09,train,mid,R1,R1,sc10,T4,189,472,c213,"['c213', 'c222']",0.7
train_R1,346,G09,train,mid,R1,R1,sc10,T4,231,577,c222,['c222'],1.0
train_R1,347,G09,train,mid,R1,R1,sc11,T5,20,50,c241,"['c222', 'c241']",0.725
train_R1,347,G09,train,mid,R1,R1,sc11,T5,62,155,c222,"['c222', 'c244']",0.725
train_R1,347,G09,train,mid,R1,R1,sc11,T5,104,260,c222,"['c142', 'c222']",0.725
train_R1,347,G09,train,mid,R1,R1,sc11,T5,147,367,c142,"['c142', 'c222']",0.75
train_R1,347,G09,train,mid,R1,R1,sc11,T5,189,472,c222,"['c222', 'c421']",0.85
train_R1,347,G09,train,mid,R1,R1,sc11,T5,231,577,c421,"['c222', 'c230', 'c421']",0.45
train_R1,330,G09,train,nominal,R1,R1,sc06,T0,20,50,c222,['c222'],1.0
train_R1,330,G09,train,nominal,R1,R1,sc06,T0,62,155,c222,['c222'],1.0
train_R1,330,G09,train,nominal,R1,R1,sc06,T0,104,260,c222,['c222'],1.0
train_R1,330,G09,train,nominal,R1,R1,sc06,T0,147,367,c222,"['c214', 'c222']",0.75
train_R1,330,G09,train,nominal,R1,R1,sc06,T0,189,472,c222,"['c222', 'c312']",0.7
train_R1,330,G09,train,nominal,R1,R1,sc06,T0,231,577,c312,"['c240', 'c312']",0.75
train_R1,331,G09,train,nominal,R1,R1,sc07,T1,20,50,c222,"['c023', 'c222']",0.725
train_R1,331,G09,train,nominal,R1,R1,sc07,T1,62,155,c023,"['c023', 'c222', 'c420']",0.45
train_R1,331,G09,train,nominal,R1,R1,sc07,T1,104,260,c222,['c222'],1.0
train_R1,331,G09,train,nominal,R1,R1,sc07,T1,147,367,c222,['c222'],1.0
train_R1,331,G09,train,nominal,R1,R1,sc07,T1,189,472,c222,"['c222', 'c424']",0.55
train_R1,331,G09,train,nominal,R1,R1,sc07,T1,231,577,c222,['c222'],1.0
train_R1,332,G09,train,nominal,R1,R1,sc08,T2,20,50,c402,"['c402', 'c412']",0.725
train_R1,332,G09,train,nominal,R1,R1,sc08,T2,62,155,c132,"['c132', 'c321']",0.725
train_R1,332,G09,train,nominal,R1,R1,sc08,T2,104,260,c222,"['c222', 'c442']",0.725
train_R1,332,G09,train,nominal,R1,R1,sc08,T2,147,367,c442,"['c124', 'c222', 'c442']",0.475
train_R1,332,G09,train,nominal,R1,R1,sc08,T2,189,472,c222,"['c222', 'c423']",0.6
train_R1,332,G09,train,nominal,R1,R1,sc08,T2,231,577,c222,['c222'],1.0
train_R1,333,G09,train,nominal,R1,R1,sc09,T3,20,50,c320,"['c222', 'c320']",0.575
train_R1,333,G09,train,nominal,R1,R1,sc09,T3,62,155,c222,"['c032', 'c222']",0.6
train_R1,333,G09,train,nominal,R1,R1,sc09,T3,105,262,c222,"['c203', 'c222']",0.525
train_R1,333,G09,train,nominal,R1,R1,sc09,T3,147,367,c222,"['c042', 'c222']",0.55
train_R1,333,G09,train,nominal,R1,R1,sc09,T3,190,475,c222,"['c222', 'c432']",0.75
train_R1,333,G09,train,nominal,R1,R1,sc09,T3,232,580,c204,"['c204', 'c243']",0.7692307692307693
train_R1,334,G09,train,nominal,R1,R1,sc10,T4,20,50,c222,"['c222', 'c231']",0.7
train_R1,334,G09,train,nominal,R1,R1,sc10,T4,62,155,c222,"['c123', 'c222', 'c302']",0.75
train_R1,334,G09,train,nominal,R1,R1,sc10,T4,104,260,c302,"['c024', 'c222', 'c302']",0.6
train_R1,334,G09,train,nominal,R1,R1,sc10,T4,147,367,c024,"['c024', 'c222']",0.6
train_R1,334,G09,train,nominal,R1,R1,sc10,T4,189,472,c213,"['c213', 'c222']",0.7
train_R1,334,G09,train,nominal,R1,R1,sc10,T4,231,577,c222,['c222'],1.0
train_R1,335,G09,train,nominal,R1,R1,sc11,T5,20,50,c241,"['c222', 'c241']",0.725
train_R1,335,G09,train,nominal,R1,R1,sc11,T5,62,155,c222,"['c222', 'c244']",0.725
train_R1,335,G09,train,nominal,R1,R1,sc11,T5,104,260,c222,"['c142', 'c222']",0.725
train_R1,335,G09,train,nominal,R1,R1,sc11,T5,147,367,c142,"['c142', 'c222']",0.75
train_R1,335,G09,train,nominal,R1,R1,sc11,T5,189,472,c222,"['c222', 'c421']",0.85
train_R1,335,G09,train,nominal,R1,R1,sc11,T5,231,577,c421,"['c222', 'c230', 'c421']",0.45
train_R1,390,G10,train,low,R1,R1,sc06,T0,20,50,c222,"['c024', 'c222', 'c442']",0.425
train_R1,390,G10,train,low,R1,R1,sc06,T0,62,155,c222,['c222'],1.0
train_R1,390,G10,train,low,R1,R1,sc06,T0,104,260,c243,"['c222', 'c243']",0.575
train_R1,390,G10,train,low,R1,R1,sc06,T0,147,367,c222,"['c222', 'c240']",0.75
train_R1,390,G10,train,low,R1,R1,sc06,T0,189,472,c222,"['c124', 'c222']",0.55
train_R1,390,G10,train,low,R1,R1,sc06,T0,231,577,c222,"['c023', 'c222']",0.75
train_R1,391,G10,train,low,R1,R1,sc07,T1,20,50,c230,"['c230', 'c423']",0.725
train_R1,391,G10,train,low,R1,R1,sc07,T1,62,155,c423,"['c132', 'c222', 'c423']",0.45
train_R1,391,G10,train,low,R1,R1,sc07,T1,104,260,c042,"['c042', 'c432']",0.725
train_R1,391,G10,train,low,R1,R1,sc07,T1,147,367,c432,"['c402', 'c432']",0.6
train_R1,391,G10,train,low,R1,R1,sc07,T1,189,472,c312,"['c222', 'c312']",0.55
train_R1,391,G10,train,low,R1,R1,sc07,T1,231,577,c424,"['c214', 'c222', 'c424']",0.4
train_R1,392,G10,train,low,R1,R1,sc08,T2,20,50,c222,['c222'],1.0
train_R1,392,G10,train,low,R1,R1,sc08,T2,62,155,c420,"['c222', 'c420']",0.725
train_R1,392,G10,train,low,R1,R1,sc08,T2,104,260,c222,"['c222', 'c421']",0.725
train_R1,392,G10,train,low,R1,R1,sc08,T2,147,367,c421,"['c222', 'c421']",0.9
train_R1,392,G10,train,low,R1,R1,sc08,T2,189,472,c222,"['c222', 'c302']",0.6
train_R1,392,G10,train,low,R1,R1,sc08,T2,231,577,c222,"['c222', 'c321']",0.75
train_R1,393,G10,train,low,R1,R1,sc09,T3,20,50,c032,"['c032', 'c142']",0.575
train_R1,393,G10,train,low,R1,R1,sc09,T3,62,155,c142,"['c142', 'c222', 'c244']",0.6
train_R1,393,G10,train,low,R1,R1,sc09,T3,105,262,c222,"['c123', 'c222']",0.875
train_R1,393,G10,train,low,R1,R1,sc09,T3,147,367,c123,"['c123', 'c222']",0.725
train_R1,393,G10,train,low,R1,R1,sc09,T3,190,475,c222,"['c222', 'c241']",0.75
train_R1,393,G10,train,low,R1,R1,sc09,T3,232,580,c222,['c222'],1.0
train_R1,394,G10,train,low,R1,R1,sc10,T4,20,50,c222,['c222'],1.0
train_R1,394,G10,train,low,R1,R1,sc10,T4,62,155,c222,['c222'],1.0
train_R1,394,G10,train,low,R1,R1,sc10,T4,104,260,c222,"['c222', 'c231', 'c320']",0.6
train_R1,394,G10,train,low,R1,R1,sc10,T4,147,367,c320,"['c222', 'c320']",0.6
train_R1,394,G10,train,low,R1,R1,sc10,T4,189,472,c222,['c222'],1.0
train_R1,394,G10,train,low,R1,R1,sc10,T4,231,577,c213,"['c213', 'c222']",0.55
train_R1,395,G10,train,low,R1,R1,sc11,T5,20,50,c222,['c222'],1.0
train_R1,395,G10,train,low,R1,R1,sc11,T5,62,155,c222,"['c204', 'c222']",0.725
train_R1,395,G10,train,low,R1,R1,sc11,T5,104,260,c222,"['c203', 'c222']",0.725
train_R1,395,G10,train,low,R1,R1,sc11,T5,147,367,c203,"['c203', 'c222']",0.75
train_R1,395,G10,train,low,R1,R1,sc11,T5,189,472,c222,"['c222', 'c412']",0.75
train_R1,395,G10,train,low,R1,R1,sc11,T5,231,577,c222,['c222'],1.0
train_R1,378,G10,train,mid,R1,R1,sc06,T0,20,50,c222,"['c024', 'c222', 'c442']",0.425
train_R1,378,G10,train,mid,R1,R1,sc06,T0,62,155,c222,['c222'],1.0
train_R1,378,G10,train,mid,R1,R1,sc06,T0,104,260,c243,"['c222', 'c243']",0.575
train_R1,378,G10,train,mid,R1,R1,sc06,T0,147,367,c222,"['c222', 'c240']",0.75
train_R1,378,G10,train,mid,R1,R1,sc06,T0,189,472,c222,"['c124', 'c222']",0.55
train_R1,378,G10,train,mid,R1,R1,sc06,T0,231,577,c222,"['c023', 'c222']",0.75
train_R1,379,G10,train,mid,R1,R1,sc07,T1,20,50,c230,"['c230', 'c423']",0.725
train_R1,379,G10,train,mid,R1,R1,sc07,T1,62,155,c423,"['c132', 'c222', 'c423']",0.45
train_R1,379,G10,train,mid,R1,R1,sc07,T1,104,260,c042,"['c042', 'c432']",0.725
train_R1,379,G10,train,mid,R1,R1,sc07,T1,147,367,c432,"['c402', 'c432']",0.6
train_R1,379,G10,train,mid,R1,R1,sc07,T1,189,472,c312,"['c222', 'c312']",0.55
train_R1,379,G10,train,mid,R1,R1,sc07,T1,231,577,c424,"['c214', 'c222', 'c424']",0.4
train_R1,380,G10,train,mid,R1,R1,sc08,T2,20,50,c222,['c222'],1.0
train_R1,380,G10,train,mid,R1,R1,sc08,T2,62,155,c420,"['c222', 'c420']",0.725
train_R1,380,G10,train,mid,R1,R1,sc08,T2,104,260,c222,"['c222', 'c421']",0.725
train_R1,380,G10,train,mid,R1,R1,sc08,T2,147,367,c421,"['c222', 'c421']",0.9
train_R1,380,G10,train,mid,R1,R1,sc08,T2,189,472,c222,"['c222', 'c302']",0.6
train_R1,380,G10,train,mid,R1,R1,sc08,T2,231,577,c222,"['c222', 'c321']",0.75
train_R1,381,G10,train,mid,R1,R1,sc09,T3,20,50,c032,"['c032', 'c142']",0.575
train_R1,381,G10,train,mid,R1,R1,sc09,T3,62,155,c142,"['c142', 'c222', 'c244']",0.6
train_R1,381,G10,train,mid,R1,R1,sc09,T3,105,262,c222,"['c123', 'c222']",0.875
train_R1,381,G10,train,mid,R1,R1,sc09,T3,147,367,c123,"['c123', 'c222']",0.725
train_R1,381,G10,train,mid,R1,R1,sc09,T3,190,475,c222,"['c222', 'c241']",0.75
train_R1,381,G10,train,mid,R1,R1,sc09,T3,232,580,c222,['c222'],1.0
train_R1,382,G10,train,mid,R1,R1,sc10,T4,20,50,c222,['c222'],1.0
train_R1,382,G10,train,mid,R1,R1,sc10,T4,62,155,c222,['c222'],1.0
train_R1,382,G10,train,mid,R1,R1,sc10,T4,104,260,c222,"['c222', 'c231', 'c320']",0.6
train_R1,382,G10,train,mid,R1,R1,sc10,T4,147,367,c320,"['c222', 'c320']",0.6
train_R1,382,G10,train,mid,R1,R1,sc10,T4,189,472,c222,['c222'],1.0
train_R1,382,G10,train,mid,R1,R1,sc10,T4,231,577,c213,"['c213', 'c222']",0.55
train_R1,383,G10,train,mid,R1,R1,sc11,T5,20,50,c222,['c222'],1.0
train_R1,383,G10,train,mid,R1,R1,sc11,T5,62,155,c222,"['c204', 'c222']",0.725
train_R1,383,G10,train,mid,R1,R1,sc11,T5,104,260,c222,"['c203', 'c222']",0.725
train_R1,383,G10,train,mid,R1,R1,sc11,T5,147,367,c203,"['c203', 'c222']",0.75
train_R1,383,G10,train,mid,R1,R1,sc11,T5,189,472,c222,"['c222', 'c412']",0.75
train_R1,383,G10,train,mid,R1,R1,sc11,T5,231,577,c222,['c222'],1.0
train_R1,366,G10,train,nominal,R1,R1,sc06,T0,20,50,c222,"['c024', 'c222', 'c442']",0.425
train_R1,366,G10,train,nominal,R1,R1,sc06,T0,62,155,c222,['c222'],1.0
train_R1,366,G10,train,nominal,R1,R1,sc06,T0,104,260,c243,"['c222', 'c243']",0.575
train_R1,366,G10,train,nominal,R1,R1,sc06,T0,147,367,c222,"['c222', 'c240']",0.75
train_R1,366,G10,train,nominal,R1,R1,sc06,T0,189,472,c222,"['c124', 'c222']",0.55
train_R1,366,G10,train,nominal,R1,R1,sc06,T0,231,577,c222,"['c023', 'c222']",0.75
train_R1,367,G10,train,nominal,R1,R1,sc07,T1,20,50,c230,"['c230', 'c423']",0.725
train_R1,367,G10,train,nominal,R1,R1,sc07,T1,62,155,c423,"['c132', 'c222', 'c423']",0.45
train_R1,367,G10,train,nominal,R1,R1,sc07,T1,104,260,c042,"['c042', 'c432']",0.725
train_R1,367,G10,train,nominal,R1,R1,sc07,T1,147,367,c432,"['c402', 'c432']",0.6
train_R1,367,G10,train,nominal,R1,R1,sc07,T1,189,472,c312,"['c222', 'c312']",0.55
train_R1,367,G10,train,nominal,R1,R1,sc07,T1,231,577,c424,"['c214', 'c222', 'c424']",0.4
train_R1,368,G10,train,nominal,R1,R1,sc08,T2,20,50,c222,['c222'],1.0
train_R1,368,G10,train,nominal,R1,R1,sc08,T2,62,155,c420,"['c222', 'c420']",0.725
train_R1,368,G10,train,nominal,R1,R1,sc08,T2,104,260,c222,"['c222', 'c421']",0.725
train_R1,368,G10,train,nominal,R1,R1,sc08,T2,147,367,c421,"['c222', 'c421']",0.9
train_R1,368,G10,train,nominal,R1,R1,sc08,T2,189,472,c222,"['c222', 'c302']",0.6
train_R1,368,G10,train,nominal,R1,R1,sc08,T2,231,577,c222,"['c222', 'c321']",0.75
train_R1,369,G10,train,nominal,R1,R1,sc09,T3,20,50,c032,"['c032', 'c142']",0.575
train_R1,369,G10,train,nominal,R1,R1,sc09,T3,62,155,c142,"['c142', 'c222', 'c244']",0.6
train_R1,369,G10,train,nominal,R1,R1,sc09,T3,105,262,c222,"['c123', 'c222']",0.875
train_R1,369,G10,train,nominal,R1,R1,sc09,T3,147,367,c123,"['c123', 'c222']",0.725
train_R1,369,G10,train,nominal,R1,R1,sc09,T3,190,475,c222,"['c222', 'c241']",0.75
train_R1,369,G10,train,nominal,R1,R1,sc09,T3,232,580,c222,['c222'],1.0
train_R1,370,G10,train,nominal,R1,R1,sc10,T4,20,50,c222,['c222'],1.0
train_R1,370,G10,train,nominal,R1,R1,sc10,T4,62,155,c222,['c222'],1.0
train_R1,370,G10,train,nominal,R1,R1,sc10,T4,104,260,c222,"['c222', 'c231', 'c320']",0.6
train_R1,370,G10,train,nominal,R1,R1,sc10,T4,147,367,c320,"['c222', 'c320']",0.6
train_R1,370,G10,train,nominal,R1,R1,sc10,T4,189,472,c222,['c222'],1.0
train_R1,370,G10,train,nominal,R1,R1,sc10,T4,231,577,c213,"['c213', 'c222']",0.55
train_R1,371,G10,train,nominal,R1,R1,sc11,T5,20,50,c222,['c222'],1.0
train_R1,371,G10,train,nominal,R1,R1,sc11,T5,62,155,c222,"['c204', 'c222']",0.725
train_R1,371,G10,train,nominal,R1,R1,sc11,T5,104,260,c222,"['c203', 'c222']",0.725
train_R1,371,G10,train,nominal,R1,R1,sc11,T5,147,367,c203,"['c203', 'c222']",0.75
train_R1,371,G10,train,nominal,R1,R1,sc11,T5,189,472,c222,"['c222', 'c412']",0.75
train_R1,371,G10,train,nominal,R1,R1,sc11,T5,231,577,c222,['c222'],1.0
train_R1,426,G11,train,low,R1,R1,sc06,T0,20,50,c222,"['c213', 'c222']",0.7
train_R1,426,G11,train,low,R1,R1,sc06,T0,62,155,c032,"['c024', 'c032']",0.575
train_R1,426,G11,train,low,R1,R1,sc06,T0,104,260,c023,"['c023', 'c312']",0.575
train_R1,426,G11,train,low,R1,R1,sc06,T0,147,367,c312,"['c222', 'c312']",0.75
train_R1,426,G11,train,low,R1,R1,sc06,T0,189,472,c222,['c222'],1.0
train_R1,426,G11,train,low,R1,R1,sc06,T0,231,577,c222,"['c123', 'c222']",0.75
train_R1,427,G11,train,low,R1,R1,sc07,T1,20,50,c222,"['c214', 'c222']",0.725
train_R1,427,G11,train,low,R1,R1,sc07,T1,62,155,c214,"['c214', 'c222', 'c442']",0.45
train_R1,427,G11,train,low,R1,R1,sc07,T1,104,260,c222,"['c042', 'c222']",0.725
train_R1,427,G11,train,low,R1,R1,sc07,T1,147,367,c042,"['c042', 'c320']",0.6
train_R1,427,G11,train,low,R1,R1,sc07,T1,189,472,c222,"['c222', 'c231']",0.55
train_R1,427,G11,train,low,R1,R1,sc07,T1,231,577,c222,"['c142', 'c222']",0.7
train_R1,428,G11,train,low,R1,R1,sc08,T2,20,50,c243,"['c222', 'c243']",0.725
train_R1,428,G11,train,low,R1,R1,sc08,T2,62,155,c412,"['c222', 'c412']",0.725
train_R1,428,G11,train,low,R1,R1,sc08,T2,104,260,c132,"['c132', 'c241', 'c302']",0.425
train_R1,428,G11,train,low,R1,R1,sc08,T2,147,367,c302,"['c222', 'c302', 'c424']",0.475
train_R1,428,G11,train,low,R1,R1,sc08,T2,189,472,c222,"['c222', 'c240']",0.7
train_R1,428,G11,train,low,R1,R1,sc08,T2,231,577,c240,"['c222', 'c240']",0.75
train_R1,429,G11,train,low,R1,R1,sc09,T3,20,50,c432,"['c222', 'c432']",0.575
train_R1,429,G11,train,low,R1,R1,sc09,T3,62,155,c222,['c222'],1.0
train_R1,429,G11,train,low,R1,R1,sc09,T3,105,262,c222,"['c222', 'c423']",0.875
train_R1,429,G11,train,low,R1,R1,sc09,T3,147,367,c423,"['c204', 'c230', 'c423']",0.45
train_R1,429,G11,train,low,R1,R1,sc09,T3,190,475,c421,"['c222', 'c421']",0.75
train_R1,429,G11,train,low,R1,R1,sc09,T3,232,580,c222,['c222'],1.0
train_R1,430,G11,train,low,R1,R1,sc10,T4,20,50,c222,"['c222', 'c420']",0.725
train_R1,430,G11,train,low,R1,R1,sc10,T4,62,155,c420,"['c222', 'c420']",0.875
train_R1,430,G11,train,low,R1,R1,sc10,T4,104,260,c222,['c222'],1.0
train_R1,430,G11,train,low,R1,R1,sc10,T4,147,367,c222,['c222'],1.0
train_R1,430,G11,train,low,R1,R1,sc10,T4,189,472,c222,['c222'],1.0
train_R1,430,G11,train,low,R1,R1,sc10,T4,231,577,c222,['c222'],1.0
train_R1,431,G11,train,low,R1,R1,sc11,T5,20,50,c203,"['c203', 'c222', 'c402']",0.6
train_R1,431,G11,train,low,R1,R1,sc11,T5,62,155,c222,['c222'],1.0
train_R1,431,G11,train,low,R1,R1,sc11,T5,104,260,c222,"['c222', 'c321']",0.725
train_R1,431,G11,train,low,R1,R1,sc11,T5,147,367,c321,"['c124', 'c244', 'c321']",0.45
train_R1,431,G11,train,low,R1,R1,sc11,T5,189,472,c124,"['c124', 'c222']",0.9
train_R1,431,G11,train,low,R1,R1,sc11,T5,231,577,c222,['c222'],1.0
train_R1,414,G11,train,mid,R1,R1,sc06,T0,20,50,c222,"['c213', 'c222']",0.7
train_R1,414,G11,train,mid,R1,R1,sc06,T0,62,155,c032,"['c024', 'c032']",0.575
train_R1,414,G11,train,mid,R1,R1,sc06,T0,104,260,c023,"['c023', 'c312']",0.575
train_R1,414,G11,train,mid,R1,R1,sc06,T0,147,367,c312,"['c222', 'c312']",0.75
train_R1,414,G11,train,mid,R1,R1,sc06,T0,189,472,c222,['c222'],1.0
train_R1,414,G11,train,mid,R1,R1,sc06,T0,231,577,c222,"['c123', 'c222']",0.75
train_R1,415,G11,train,mid,R1,R1,sc07,T1,20,50,c222,"['c214', 'c222']",0.725
train_R1,415,G11,train,mid,R1,R1,sc07,T1,62,155,c214,"['c214', 'c222', 'c442']",0.45
train_R1,415,G11,train,mid,R1,R1,sc07,T1,104,260,c222,"['c042', 'c222']",0.725
train_R1,415,G11,train,mid,R1,R1,sc07,T1,147,367,c042,"['c042', 'c320']",0.6
train_R1,415,G11,train,mid,R1,R1,sc07,T1,189,472,c222,"['c222', 'c231']",0.55
train_R1,415,G11,train,mid,R1,R1,sc07,T1,231,577,c222,"['c142', 'c222']",0.7
train_R1,416,G11,train,mid,R1,R1,sc08,T2,20,50,c243,"['c222', 'c243']",0.725
train_R1,416,G11,train,mid,R1,R1,sc08,T2,62,155,c412,"['c222', 'c412']",0.725
train_R1,416,G11,train,mid,R1,R1,sc08,T2,104,260,c132,"['c132', 'c241', 'c302']",0.425
train_R1,416,G11,train,mid,R1,R1,sc08,T2,147,367,c302,"['c222', 'c302', 'c424']",0.475
train_R1,416,G11,train,mid,R1,R1,sc08,T2,189,472,c222,"['c222', 'c240']",0.7
train_R1,416,G11,train,mid,R1,R1,sc08,T2,231,577,c240,"['c222', 'c240']",0.75
train_R1,417,G11,train,mid,R1,R1,sc09,T3,20,50,c432,"['c222', 'c432']",0.575
train_R1,417,G11,train,mid,R1,R1,sc09,T3,62,155,c222,['c222'],1.0
train_R1,417,G11,train,mid,R1,R1,sc09,T3,105,262,c222,"['c222', 'c423']",0.875
train_R1,417,G11,train,mid,R1,R1,sc09,T3,147,367,c423,"['c204', 'c230', 'c423']",0.45
train_R1,417,G11,train,mid,R1,R1,sc09,T3,190,475,c421,"['c222', 'c421']",0.75
train_R1,417,G11,train,mid,R1,R1,sc09,T3,232,580,c222,['c222'],1.0
train_R1,418,G11,train,mid,R1,R1,sc10,T4,20,50,c222,"['c222', 'c420']",0.725
train_R1,418,G11,train,mid,R1,R1,sc10,T4,62,155,c420,"['c222', 'c420']",0.875
train_R1,418,G11,train,mid,R1,R1,sc10,T4,104,260,c222,['c222'],1.0
train_R1,418,G11,train,mid,R1,R1,sc10,T4,147,367,c222,['c222'],1.0
train_R1,418,G11,train,mid,R1,R1,sc10,T4,189,472,c222,['c222'],1.0
train_R1,418,G11,train,mid,R1,R1,sc10,T4,231,577,c222,['c222'],1.0
train_R1,419,G11,train,mid,R1,R1,sc11,T5,20,50,c203,"['c203', 'c222', 'c402']",0.6
train_R1,419,G11,train,mid,R1,R1,sc11,T5,62,155,c222,['c222'],1.0
train_R1,419,G11,train,mid,R1,R1,sc11,T5,104,260,c222,"['c222', 'c321']",0.725
train_R1,419,G11,train,mid,R1,R1,sc11,T5,147,367,c321,"['c124', 'c244', 'c321']",0.45
train_R1,419,G11,train,mid,R1,R1,sc11,T5,189,472,c124,"['c124', 'c222']",0.9
train_R1,419,G11,train,mid,R1,R1,sc11,T5,231,577,c222,['c222'],1.0
train_R1,402,G11,train,nominal,R1,R1,sc06,T0,20,50,c222,"['c213', 'c222']",0.7
train_R1,402,G11,train,nominal,R1,R1,sc06,T0,62,155,c032,"['c024', 'c032']",0.575
train_R1,402,G11,train,nominal,R1,R1,sc06,T0,104,260,c023,"['c023', 'c312']",0.575
train_R1,402,G11,train,nominal,R1,R1,sc06,T0,147,367,c312,"['c222', 'c312']",0.75
train_R1,402,G11,train,nominal,R1,R1,sc06,T0,189,472,c222,['c222'],1.0
train_R1,402,G11,train,nominal,R1,R1,sc06,T0,231,577,c222,"['c123', 'c222']",0.75
train_R1,403,G11,train,nominal,R1,R1,sc07,T1,20,50,c222,"['c214', 'c222']",0.725
train_R1,403,G11,train,nominal,R1,R1,sc07,T1,62,155,c214,"['c214', 'c222', 'c442']",0.45
train_R1,403,G11,train,nominal,R1,R1,sc07,T1,104,260,c222,"['c042', 'c222']",0.725
train_R1,403,G11,train,nominal,R1,R1,sc07,T1,147,367,c042,"['c042', 'c320']",0.6
train_R1,403,G11,train,nominal,R1,R1,sc07,T1,189,472,c222,"['c222', 'c231']",0.55
train_R1,403,G11,train,nominal,R1,R1,sc07,T1,231,577,c222,"['c142', 'c222']",0.7
train_R1,404,G11,train,nominal,R1,R1,sc08,T2,20,50,c243,"['c222', 'c243']",0.725
train_R1,404,G11,train,nominal,R1,R1,sc08,T2,62,155,c412,"['c222', 'c412']",0.725
train_R1,404,G11,train,nominal,R1,R1,sc08,T2,104,260,c132,"['c132', 'c241', 'c302']",0.425
train_R1,404,G11,train,nominal,R1,R1,sc08,T2,147,367,c302,"['c222', 'c302', 'c424']",0.475
train_R1,404,G11,train,nominal,R1,R1,sc08,T2,189,472,c222,"['c222', 'c240']",0.7
train_R1,404,G11,train,nominal,R1,R1,sc08,T2,231,577,c240,"['c222', 'c240']",0.75
train_R1,405,G11,train,nominal,R1,R1,sc09,T3,20,50,c432,"['c222', 'c432']",0.575
train_R1,405,G11,train,nominal,R1,R1,sc09,T3,62,155,c222,['c222'],1.0
train_R1,405,G11,train,nominal,R1,R1,sc09,T3,105,262,c222,"['c222', 'c423']",0.875
train_R1,405,G11,train,nominal,R1,R1,sc09,T3,147,367,c423,"['c204', 'c230', 'c423']",0.45
train_R1,405,G11,train,nominal,R1,R1,sc09,T3,190,475,c421,"['c222', 'c421']",0.75
train_R1,405,G11,train,nominal,R1,R1,sc09,T3,232,580,c222,['c222'],1.0
train_R1,406,G11,train,nominal,R1,R1,sc10,T4,20,50,c222,"['c222', 'c420']",0.725
train_R1,406,G11,train,nominal,R1,R1,sc10,T4,62,155,c420,"['c222', 'c420']",0.875
train_R1,406,G11,train,nominal,R1,R1,sc10,T4,104,260,c222,['c222'],1.0
train_R1,406,G11,train,nominal,R1,R1,sc10,T4,147,367,c222,['c222'],1.0
train_R1,406,G11,train,nominal,R1,R1,sc10,T4,189,472,c222,['c222'],1.0
train_R1,406,G11,train,nominal,R1,R1,sc10,T4,231,577,c222,['c222'],1.0
train_R1,407,G11,train,nominal,R1,R1,sc11,T5,20,50,c203,"['c203', 'c222', 'c402']",0.6
train_R1,407,G11,train,nominal,R1,R1,sc11,T5,62,155,c222,['c222'],1.0
train_R1,407,G11,train,nominal,R1,R1,sc11,T5,104,260,c222,"['c222', 'c321']",0.725
train_R1,407,G11,train,nominal,R1,R1,sc11,T5,147,367,c321,"['c124', 'c244', 'c321']",0.45
train_R1,407,G11,train,nominal,R1,R1,sc11,T5,189,472,c124,"['c124', 'c222']",0.9
train_R1,407,G11,train,nominal,R1,R1,sc11,T5,231,577,c222,['c222'],1.0
val,456,G12,val,low,P0_seen_cell,P0_seen_cell,sc00,T0,20,50,c032,"['c032', 'c232', 'c242']",0.425
val,456,G12,val,low,P0_seen_cell,P0_seen_cell,sc00,T0,62,155,c123,"['c123', 'c142']",0.575
val,456,G12,val,low,P0_seen_cell,P0_seen_cell,sc00,T0,104,260,c023,"['c023', 'c302']",0.575
val,456,G12,val,low,P0_seen_cell,P0_seen_cell,sc00,T0,147,367,c302,"['c240', 'c302']",0.75
val,456,G12,val,low,P0_seen_cell,P0_seen_cell,sc00,T0,189,472,c222,['c222'],1.0
val,456,G12,val,low,P0_seen_cell,P0_seen_cell,sc00,T0,231,577,c222,['c222'],1.0
val,457,G12,val,low,P0_seen_cell,P0_seen_cell,sc01,T1,20,50,c241,"['c204', 'c241']",0.725
val,457,G12,val,low,P0_seen_cell,P0_seen_cell,sc01,T1,62,155,c204,"['c042', 'c204', 'c422']",0.45
val,457,G12,val,low,P0_seen_cell,P0_seen_cell,sc01,T1,104,260,c202,"['c202', 'c244']",0.725
val,457,G12,val,low,P0_seen_cell,P0_seen_cell,sc01,T1,147,367,c244,"['c203', 'c244']",0.6
val,457,G12,val,low,P0_seen_cell,P0_seen_cell,sc01,T1,189,472,c214,"['c214', 'c222']",0.55
val,457,G12,val,low,P0_seen_cell,P0_seen_cell,sc01,T1,231,577,c222,['c222'],1.0
val,458,G12,val,low,P0_seen_cell,P0_seen_cell,sc02,T2,20,50,c122,"['c122', 'c322']",0.725
val,458,G12,val,low,P0_seen_cell,P0_seen_cell,sc02,T2,62,155,c124,"['c124', 'c243']",0.725
val,458,G12,val,low,P0_seen_cell,P0_seen_cell,sc02,T2,104,260,c024,"['c022', 'c024', 'c230']",0.425
val,458,G12,val,low,P0_seen_cell,P0_seen_cell,sc02,T2,147,367,c230,"['c222', 'c223', 'c230']",0.475
val,458,G12,val,low,P0_seen_cell,P0_seen_cell,sc02,T2,189,472,c222,['c222'],1.0
val,458,G12,val,low,P0_seen_cell,P0_seen_cell,sc02,T2,231,577,c222,['c222'],1.0
val,459,G12,val,low,P0_seen_cell,P0_seen_cell,sc03,T3,20,50,c132,"['c132', 'c224']",0.575
val,459,G12,val,low,P0_seen_cell,P0_seen_cell,sc03,T3,62,155,c224,"['c220', 'c224', 'c312']",0.6
val,459,G12,val,low,P0_seen_cell,P0_seen_cell,sc03,T3,105,262,c312,"['c212', 'c221', 'c312']",0.475
val,459,G12,val,low,P0_seen_cell,P0_seen_cell,sc03,T3,147,367,c221,"['c213', 'c221', 'c231']",0.45
val,459,G12,val,low,P0_seen_cell,P0_seen_cell,sc03,T3,190,475,c222,['c222'],1.0
val,459,G12,val,low,P0_seen_cell,P0_seen_cell,sc03,T3,232,580,c222,['c222'],1.0
val,460,G12,val,low,P1_heldout_pair,P1_heldout_pair,sc04,T4,20,50,c323,"['c121', 'c323']",0.725
val,460,G12,val,low,P1_heldout_pair,P1_heldout_pair,sc04,T4,62,155,c121,"['c121', 'c200', 'c233']",0.75
val,460,G12,val,low,P1_heldout_pair,P1_heldout_pair,sc04,T4,104,260,c200,"['c112', 'c200', 'c211']",0.6
val,460,G12,val,low,P1_heldout_pair,P1_heldout_pair,sc04,T4,147,367,c211,"['c002', 'c211']",0.6
val,460,G12,val,low,P1_heldout_pair,P1_heldout_pair,sc04,T4,189,472,c222,['c222'],1.0
val,460,G12,val,low,P1_heldout_pair,P1_heldout_pair,sc04,T4,231,577,c222,['c222'],1.0
val,461,G12,val,low,P1_heldout_pair,P1_heldout_pair,sc05,T5,20,50,c233,"['c020', 'c233']",0.725
val,461,G12,val,low,P1_heldout_pair,P1_heldout_pair,sc05,T5,62,155,c020,"['c020', 'c200']",0.725
val,461,G12,val,low,P1_heldout_pair,P1_heldout_pair,sc05,T5,104,260,c211,"['c211', 'c323']",0.725
val,461,G12,val,low,P1_heldout_pair,P1_heldout_pair,sc05,T5,147,367,c323,"['c002', 'c200', 'c323']",0.45
val,461,G12,val,low,P1_heldout_pair,P1_heldout_pair,sc05,T5,189,472,c200,"['c200', 'c222']",0.9
val,461,G12,val,low,P1_heldout_pair,P1_heldout_pair,sc05,T5,231,577,c222,['c222'],1.0
val,462,G12,val,low,P1_heldout_pair,P1_heldout_pair,sc06,T0,20,50,c121,"['c112', 'c121']",0.575
val,462,G12,val,low,P1_heldout_pair,P1_heldout_pair,sc06,T0,62,155,c332,"['c020', 'c332']",0.575
val,462,G12,val,low,P1_heldout_pair,P1_heldout_pair,sc06,T0,104,260,c020,"['c020', 'c121']",0.575
val,462,G12,val,low,P1_heldout_pair,P1_heldout_pair,sc06,T0,147,367,c121,"['c112', 'c121']",0.75
val,462,G12,val,low,P1_heldout_pair,P1_heldout_pair,sc06,T0,189,472,c222,['c222'],1.0
val,462,G12,val,low,P1_heldout_pair,P1_heldout_pair,sc06,T0,231,577,c222,['c222'],1.0
val,463,G12,val,low,P1_heldout_pair,P1_heldout_pair,sc07,T1,20,50,c332,"['c002', 'c332']",0.725
val,463,G12,val,low,P1_heldout_pair,P1_heldout_pair,sc07,T1,62,155,c002,"['c002', 'c112', 'c332']",0.45
val,463,G12,val,low,P1_heldout_pair,P1_heldout_pair,sc07,T1,104,260,c332,"['c233', 'c332']",0.725
val,463,G12,val,low,P1_heldout_pair,P1_heldout_pair,sc07,T1,147,367,c233,"['c211', 'c233']",0.6
val,463,G12,val,low,P1_heldout_pair,P1_heldout_pair,sc07,T1,189,472,c002,"['c002', 'c222']",0.55
val,463,G12,val,low,P1_heldout_pair,P1_heldout_pair,sc07,T1,231,577,c222,['c222'],1.0
val,464,G12,val,low,P2_triple,P2_triple,sc08,T2,20,50,c143,['c143'],1.0
val,464,G12,val,low,P2_triple,P2_triple,sc08,T2,62,155,c413,"['c144', 'c413']",0.725
val,464,G12,val,low,P2_triple,P2_triple,sc08,T2,104,260,c143,"['c044', 'c143', 'c144']",0.425
val,464,G12,val,low,P2_triple,P2_triple,sc08,T2,147,367,c044,"['c044', 'c222', 'c413']",0.475
val,464,G12,val,low,P2_triple,P2_triple,sc08,T2,189,472,c222,['c222'],1.0
val,464,G12,val,low,P2_triple,P2_triple,sc08,T2,231,577,c222,['c222'],1.0
val,465,G12,val,low,P2_triple,P2_triple,sc09,T3,20,50,c143,"['c143', 'c413']",0.575
val,465,G12,val,low,P2_triple,P2_triple,sc09,T3,62,155,c413,"['c043', 'c044', 'c413']",0.6
val,465,G12,val,low,P2_triple,P2_triple,sc09,T3,105,262,c043,"['c043', 'c413']",0.875
val,465,G12,val,low,P2_triple,P2_triple,sc09,T3,147,367,c413,"['c144', 'c413']",0.725
val,465,G12,val,low,P2_triple,P2_triple,sc09,T3,190,475,c222,['c222'],1.0
val,465,G12,val,low,P2_triple,P2_triple,sc09,T3,232,580,c222,['c222'],1.0
val,466,G12,val,low,P2_triple,P2_triple,sc10,T4,20,50,c144,"['c044', 'c143', 'c144']",0.425
val,466,G12,val,low,P2_triple,P2_triple,sc10,T4,62,155,c044,"['c044', 'c143', 'c144']",0.75
val,466,G12,val,low,P2_triple,P2_triple,sc10,T4,104,260,c143,"['c043', 'c143']",0.875
val,466,G12,val,low,P2_triple,P2_triple,sc10,T4,147,367,c043,['c043'],1.0
val,466,G12,val,low,P2_triple,P2_triple,sc10,T4,189,472,c222,['c222'],1.0
val,466,G12,val,low,P2_triple,P2_triple,sc10,T4,231,577,c222,['c222'],1.0
val,467,G12,val,low,P2_triple,P2_triple,sc11,T5,20,50,c143,"['c044', 'c143']",0.725
val,467,G12,val,low,P2_triple,P2_triple,sc11,T5,62,155,c044,['c044'],1.0
val,467,G12,val,low,P2_triple,P2_triple,sc11,T5,104,260,c043,"['c043', 'c144']",0.725
val,467,G12,val,low,P2_triple,P2_triple,sc11,T5,147,367,c144,"['c144', 'c413']",0.7
val,467,G12,val,low,P2_triple,P2_triple,sc11,T5,189,472,c144,"['c144', 'c222']",0.9
val,467,G12,val,low,P2_triple,P2_triple,sc11,T5,231,577,c222,['c222'],1.0
val,444,G12,val,mid,P0_seen_cell,P0_seen_cell,sc00,T0,20,50,c032,"['c032', 'c232', 'c242']",0.425
val,444,G12,val,mid,P0_seen_cell,P0_seen_cell,sc00,T0,62,155,c123,"['c123', 'c142']",0.575
val,444,G12,val,mid,P0_seen_cell,P0_seen_cell,sc00,T0,104,260,c023,"['c023', 'c302']",0.575
val,444,G12,val,mid,P0_seen_cell,P0_seen_cell,sc00,T0,147,367,c302,"['c240', 'c302']",0.75
val,444,G12,val,mid,P0_seen_cell,P0_seen_cell,sc00,T0,189,472,c222,['c222'],1.0
val,444,G12,val,mid,P0_seen_cell,P0_seen_cell,sc00,T0,231,577,c222,['c222'],1.0
val,445,G12,val,mid,P0_seen_cell,P0_seen_cell,sc01,T1,20,50,c241,"['c204', 'c241']",0.725
val,445,G12,val,mid,P0_seen_cell,P0_seen_cell,sc01,T1,62,155,c204,"['c042', 'c204', 'c422']",0.45
val,445,G12,val,mid,P0_seen_cell,P0_seen_cell,sc01,T1,104,260,c202,"['c202', 'c244']",0.725
val,445,G12,val,mid,P0_seen_cell,P0_seen_cell,sc01,T1,147,367,c244,"['c203', 'c244']",0.6
val,445,G12,val,mid,P0_seen_cell,P0_seen_cell,sc01,T1,189,472,c214,"['c214', 'c222']",0.55
val,445,G12,val,mid,P0_seen_cell,P0_seen_cell,sc01,T1,231,577,c222,['c222'],1.0
val,446,G12,val,mid,P0_seen_cell,P0_seen_cell,sc02,T2,20,50,c122,"['c122', 'c322']",0.725
val,446,G12,val,mid,P0_seen_cell,P0_seen_cell,sc02,T2,62,155,c124,"['c124', 'c243']",0.725
val,446,G12,val,mid,P0_seen_cell,P0_seen_cell,sc02,T2,104,260,c024,"['c022', 'c024', 'c230']",0.425
val,446,G12,val,mid,P0_seen_cell,P0_seen_cell,sc02,T2,147,367,c230,"['c222', 'c223', 'c230']",0.475
val,446,G12,val,mid,P0_seen_cell,P0_seen_cell,sc02,T2,189,472,c222,['c222'],1.0
val,446,G12,val,mid,P0_seen_cell,P0_seen_cell,sc02,T2,231,577,c222,['c222'],1.0
val,447,G12,val,mid,P0_seen_cell,P0_seen_cell,sc03,T3,20,50,c132,"['c132', 'c224']",0.575
val,447,G12,val,mid,P0_seen_cell,P0_seen_cell,sc03,T3,62,155,c224,"['c220', 'c224', 'c312']",0.6
val,447,G12,val,mid,P0_seen_cell,P0_seen_cell,sc03,T3,105,262,c312,"['c212', 'c221', 'c312']",0.475
val,447,G12,val,mid,P0_seen_cell,P0_seen_cell,sc03,T3,147,367,c221,"['c213', 'c221', 'c231']",0.45
val,447,G12,val,mid,P0_seen_cell,P0_seen_cell,sc03,T3,190,475,c222,['c222'],1.0
val,447,G12,val,mid,P0_seen_cell,P0_seen_cell,sc03,T3,232,580,c222,['c222'],1.0
val,448,G12,val,mid,P1_heldout_pair,P1_heldout_pair,sc04,T4,20,50,c323,"['c121', 'c323']",0.725
val,448,G12,val,mid,P1_heldout_pair,P1_heldout_pair,sc04,T4,62,155,c121,"['c121', 'c200', 'c233']",0.75
val,448,G12,val,mid,P1_heldout_pair,P1_heldout_pair,sc04,T4,104,260,c200,"['c112', 'c200', 'c211']",0.6
val,448,G12,val,mid,P1_heldout_pair,P1_heldout_pair,sc04,T4,147,367,c211,"['c002', 'c211']",0.6
val,448,G12,val,mid,P1_heldout_pair,P1_heldout_pair,sc04,T4,189,472,c222,['c222'],1.0
val,448,G12,val,mid,P1_heldout_pair,P1_heldout_pair,sc04,T4,231,577,c222,['c222'],1.0
val,449,G12,val,mid,P1_heldout_pair,P1_heldout_pair,sc05,T5,20,50,c233,"['c020', 'c233']",0.725
val,449,G12,val,mid,P1_heldout_pair,P1_heldout_pair,sc05,T5,62,155,c020,"['c020', 'c200']",0.725
val,449,G12,val,mid,P1_heldout_pair,P1_heldout_pair,sc05,T5,104,260,c211,"['c211', 'c323']",0.725
val,449,G12,val,mid,P1_heldout_pair,P1_heldout_pair,sc05,T5,147,367,c323,"['c002', 'c200', 'c323']",0.45
val,449,G12,val,mid,P1_heldout_pair,P1_heldout_pair,sc05,T5,189,472,c200,"['c200', 'c222']",0.9
val,449,G12,val,mid,P1_heldout_pair,P1_heldout_pair,sc05,T5,231,577,c222,['c222'],1.0
val,450,G12,val,mid,P1_heldout_pair,P1_heldout_pair,sc06,T0,20,50,c121,"['c112', 'c121']",0.575
val,450,G12,val,mid,P1_heldout_pair,P1_heldout_pair,sc06,T0,62,155,c332,"['c020', 'c332']",0.575
val,450,G12,val,mid,P1_heldout_pair,P1_heldout_pair,sc06,T0,104,260,c020,"['c020', 'c121']",0.575
val,450,G12,val,mid,P1_heldout_pair,P1_heldout_pair,sc06,T0,147,367,c121,"['c112', 'c121']",0.75
val,450,G12,val,mid,P1_heldout_pair,P1_heldout_pair,sc06,T0,189,472,c222,['c222'],1.0
val,450,G12,val,mid,P1_heldout_pair,P1_heldout_pair,sc06,T0,231,577,c222,['c222'],1.0
val,451,G12,val,mid,P1_heldout_pair,P1_heldout_pair,sc07,T1,20,50,c332,"['c002', 'c332']",0.725
val,451,G12,val,mid,P1_heldout_pair,P1_heldout_pair,sc07,T1,62,155,c002,"['c002', 'c112', 'c332']",0.45
val,451,G12,val,mid,P1_heldout_pair,P1_heldout_pair,sc07,T1,104,260,c332,"['c233', 'c332']",0.725
val,451,G12,val,mid,P1_heldout_pair,P1_heldout_pair,sc07,T1,147,367,c233,"['c211', 'c233']",0.6
val,451,G12,val,mid,P1_heldout_pair,P1_heldout_pair,sc07,T1,189,472,c002,"['c002', 'c222']",0.55
val,451,G12,val,mid,P1_heldout_pair,P1_heldout_pair,sc07,T1,231,577,c222,['c222'],1.0
val,452,G12,val,mid,P2_triple,P2_triple,sc08,T2,20,50,c143,['c143'],1.0
val,452,G12,val,mid,P2_triple,P2_triple,sc08,T2,62,155,c413,"['c144', 'c413']",0.725
val,452,G12,val,mid,P2_triple,P2_triple,sc08,T2,104,260,c143,"['c044', 'c143', 'c144']",0.425
val,452,G12,val,mid,P2_triple,P2_triple,sc08,T2,147,367,c044,"['c044', 'c222', 'c413']",0.475
val,452,G12,val,mid,P2_triple,P2_triple,sc08,T2,189,472,c222,['c222'],1.0
val,452,G12,val,mid,P2_triple,P2_triple,sc08,T2,231,577,c222,['c222'],1.0
val,453,G12,val,mid,P2_triple,P2_triple,sc09,T3,20,50,c143,"['c143', 'c413']",0.575
val,453,G12,val,mid,P2_triple,P2_triple,sc09,T3,62,155,c413,"['c043', 'c044', 'c413']",0.6
val,453,G12,val,mid,P2_triple,P2_triple,sc09,T3,105,262,c043,"['c043', 'c413']",0.875
val,453,G12,val,mid,P2_triple,P2_triple,sc09,T3,147,367,c413,"['c144', 'c413']",0.725
val,453,G12,val,mid,P2_triple,P2_triple,sc09,T3,190,475,c222,['c222'],1.0
val,453,G12,val,mid,P2_triple,P2_triple,sc09,T3,232,580,c222,['c222'],1.0
val,454,G12,val,mid,P2_triple,P2_triple,sc10,T4,20,50,c144,"['c044', 'c143', 'c144']",0.425
val,454,G12,val,mid,P2_triple,P2_triple,sc10,T4,62,155,c044,"['c044', 'c143', 'c144']",0.75
val,454,G12,val,mid,P2_triple,P2_triple,sc10,T4,104,260,c143,"['c043', 'c143']",0.875
val,454,G12,val,mid,P2_triple,P2_triple,sc10,T4,147,367,c043,['c043'],1.0
val,454,G12,val,mid,P2_triple,P2_triple,sc10,T4,189,472,c222,['c222'],1.0
val,454,G12,val,mid,P2_triple,P2_triple,sc10,T4,231,577,c222,['c222'],1.0
val,455,G12,val,mid,P2_triple,P2_triple,sc11,T5,20,50,c143,"['c044', 'c143']",0.725
val,455,G12,val,mid,P2_triple,P2_triple,sc11,T5,62,155,c044,['c044'],1.0
val,455,G12,val,mid,P2_triple,P2_triple,sc11,T5,104,260,c043,"['c043', 'c144']",0.725
val,455,G12,val,mid,P2_triple,P2_triple,sc11,T5,147,367,c144,"['c144', 'c413']",0.7
val,455,G12,val,mid,P2_triple,P2_triple,sc11,T5,189,472,c144,"['c144', 'c222']",0.9
val,455,G12,val,mid,P2_triple,P2_triple,sc11,T5,231,577,c222,['c222'],1.0
val,432,G12,val,nominal,P0_seen_cell,P0_seen_cell,sc00,T0,20,50,c032,"['c032', 'c232', 'c242']",0.425
val,432,G12,val,nominal,P0_seen_cell,P0_seen_cell,sc00,T0,62,155,c123,"['c123', 'c142']",0.575
val,432,G12,val,nominal,P0_seen_cell,P0_seen_cell,sc00,T0,104,260,c023,"['c023', 'c302']",0.575
val,432,G12,val,nominal,P0_seen_cell,P0_seen_cell,sc00,T0,147,367,c302,"['c240', 'c302']",0.75
val,432,G12,val,nominal,P0_seen_cell,P0_seen_cell,sc00,T0,189,472,c222,['c222'],1.0
val,432,G12,val,nominal,P0_seen_cell,P0_seen_cell,sc00,T0,231,577,c222,['c222'],1.0
val,433,G12,val,nominal,P0_seen_cell,P0_seen_cell,sc01,T1,20,50,c241,"['c204', 'c241']",0.725
val,433,G12,val,nominal,P0_seen_cell,P0_seen_cell,sc01,T1,62,155,c204,"['c042', 'c204', 'c422']",0.45
val,433,G12,val,nominal,P0_seen_cell,P0_seen_cell,sc01,T1,104,260,c202,"['c202', 'c244']",0.725
val,433,G12,val,nominal,P0_seen_cell,P0_seen_cell,sc01,T1,147,367,c244,"['c203', 'c244']",0.6
val,433,G12,val,nominal,P0_seen_cell,P0_seen_cell,sc01,T1,189,472,c214,"['c214', 'c222']",0.55
val,433,G12,val,nominal,P0_seen_cell,P0_seen_cell,sc01,T1,231,577,c222,['c222'],1.0
val,434,G12,val,nominal,P0_seen_cell,P0_seen_cell,sc02,T2,20,50,c122,"['c122', 'c322']",0.725
val,434,G12,val,nominal,P0_seen_cell,P0_seen_cell,sc02,T2,62,155,c124,"['c124', 'c243']",0.725
val,434,G12,val,nominal,P0_seen_cell,P0_seen_cell,sc02,T2,104,260,c024,"['c022', 'c024', 'c230']",0.425
val,434,G12,val,nominal,P0_seen_cell,P0_seen_cell,sc02,T2,147,367,c230,"['c222', 'c223', 'c230']",0.475
val,434,G12,val,nominal,P0_seen_cell,P0_seen_cell,sc02,T2,189,472,c222,['c222'],1.0
val,434,G12,val,nominal,P0_seen_cell,P0_seen_cell,sc02,T2,231,577,c222,['c222'],1.0
val,435,G12,val,nominal,P0_seen_cell,P0_seen_cell,sc03,T3,20,50,c132,"['c132', 'c224']",0.575
val,435,G12,val,nominal,P0_seen_cell,P0_seen_cell,sc03,T3,62,155,c224,"['c220', 'c224', 'c312']",0.6
val,435,G12,val,nominal,P0_seen_cell,P0_seen_cell,sc03,T3,105,262,c312,"['c212', 'c221', 'c312']",0.475
val,435,G12,val,nominal,P0_seen_cell,P0_seen_cell,sc03,T3,147,367,c221,"['c213', 'c221', 'c231']",0.45
val,435,G12,val,nominal,P0_seen_cell,P0_seen_cell,sc03,T3,190,475,c222,['c222'],1.0
val,435,G12,val,nominal,P0_seen_cell,P0_seen_cell,sc03,T3,232,580,c222,['c222'],1.0
val,436,G12,val,nominal,P1_heldout_pair,P1_heldout_pair,sc04,T4,20,50,c323,"['c121', 'c323']",0.725
val,436,G12,val,nominal,P1_heldout_pair,P1_heldout_pair,sc04,T4,62,155,c121,"['c121', 'c200', 'c233']",0.75
val,436,G12,val,nominal,P1_heldout_pair,P1_heldout_pair,sc04,T4,104,260,c200,"['c112', 'c200', 'c211']",0.6
val,436,G12,val,nominal,P1_heldout_pair,P1_heldout_pair,sc04,T4,147,367,c211,"['c002', 'c211']",0.6
val,436,G12,val,nominal,P1_heldout_pair,P1_heldout_pair,sc04,T4,189,472,c222,['c222'],1.0
val,436,G12,val,nominal,P1_heldout_pair,P1_heldout_pair,sc04,T4,231,577,c222,['c222'],1.0
val,437,G12,val,nominal,P1_heldout_pair,P1_heldout_pair,sc05,T5,20,50,c233,"['c020', 'c233']",0.725
val,437,G12,val,nominal,P1_heldout_pair,P1_heldout_pair,sc05,T5,62,155,c020,"['c020', 'c200']",0.725
val,437,G12,val,nominal,P1_heldout_pair,P1_heldout_pair,sc05,T5,104,260,c211,"['c211', 'c323']",0.725
val,437,G12,val,nominal,P1_heldout_pair,P1_heldout_pair,sc05,T5,147,367,c323,"['c002', 'c200', 'c323']",0.45
val,437,G12,val,nominal,P1_heldout_pair,P1_heldout_pair,sc05,T5,189,472,c200,"['c200', 'c222']",0.9
val,437,G12,val,nominal,P1_heldout_pair,P1_heldout_pair,sc05,T5,231,577,c222,['c222'],1.0
val,438,G12,val,nominal,P1_heldout_pair,P1_heldout_pair,sc06,T0,20,50,c121,"['c112', 'c121']",0.575
val,438,G12,val,nominal,P1_heldout_pair,P1_heldout_pair,sc06,T0,62,155,c332,"['c020', 'c332']",0.575
val,438,G12,val,nominal,P1_heldout_pair,P1_heldout_pair,sc06,T0,104,260,c020,"['c020', 'c121']",0.575
val,438,G12,val,nominal,P1_heldout_pair,P1_heldout_pair,sc06,T0,147,367,c121,"['c112', 'c121']",0.75
val,438,G12,val,nominal,P1_heldout_pair,P1_heldout_pair,sc06,T0,189,472,c222,['c222'],1.0
val,438,G12,val,nominal,P1_heldout_pair,P1_heldout_pair,sc06,T0,231,577,c222,['c222'],1.0
val,439,G12,val,nominal,P1_heldout_pair,P1_heldout_pair,sc07,T1,20,50,c332,"['c002', 'c332']",0.725
val,439,G12,val,nominal,P1_heldout_pair,P1_heldout_pair,sc07,T1,62,155,c002,"['c002', 'c112', 'c332']",0.45
val,439,G12,val,nominal,P1_heldout_pair,P1_heldout_pair,sc07,T1,104,260,c332,"['c233', 'c332']",0.725
val,439,G12,val,nominal,P1_heldout_pair,P1_heldout_pair,sc07,T1,147,367,c233,"['c211', 'c233']",0.6
val,439,G12,val,nominal,P1_heldout_pair,P1_heldout_pair,sc07,T1,189,472,c002,"['c002', 'c222']",0.55
val,439,G12,val,nominal,P1_heldout_pair,P1_heldout_pair,sc07,T1,231,577,c222,['c222'],1.0
val,440,G12,val,nominal,P2_triple,P2_triple,sc08,T2,20,50,c143,['c143'],1.0
val,440,G12,val,nominal,P2_triple,P2_triple,sc08,T2,62,155,c413,"['c144', 'c413']",0.725
val,440,G12,val,nominal,P2_triple,P2_triple,sc08,T2,104,260,c143,"['c044', 'c143', 'c144']",0.425
val,440,G12,val,nominal,P2_triple,P2_triple,sc08,T2,147,367,c044,"['c044', 'c222', 'c413']",0.475
val,440,G12,val,nominal,P2_triple,P2_triple,sc08,T2,189,472,c222,['c222'],1.0
val,440,G12,val,nominal,P2_triple,P2_triple,sc08,T2,231,577,c222,['c222'],1.0
val,441,G12,val,nominal,P2_triple,P2_triple,sc09,T3,20,50,c143,"['c143', 'c413']",0.575
val,441,G12,val,nominal,P2_triple,P2_triple,sc09,T3,62,155,c413,"['c043', 'c044', 'c413']",0.6
val,441,G12,val,nominal,P2_triple,P2_triple,sc09,T3,105,262,c043,"['c043', 'c413']",0.875
val,441,G12,val,nominal,P2_triple,P2_triple,sc09,T3,147,367,c413,"['c144', 'c413']",0.725
val,441,G12,val,nominal,P2_triple,P2_triple,sc09,T3,190,475,c222,['c222'],1.0
val,441,G12,val,nominal,P2_triple,P2_triple,sc09,T3,232,580,c222,['c222'],1.0
val,442,G12,val,nominal,P2_triple,P2_triple,sc10,T4,20,50,c144,"['c044', 'c143', 'c144']",0.425
val,442,G12,val,nominal,P2_triple,P2_triple,sc10,T4,62,155,c044,"['c044', 'c143', 'c144']",0.75
val,442,G12,val,nominal,P2_triple,P2_triple,sc10,T4,104,260,c143,"['c043', 'c143']",0.875
val,442,G12,val,nominal,P2_triple,P2_triple,sc10,T4,147,367,c043,['c043'],1.0
val,442,G12,val,nominal,P2_triple,P2_triple,sc10,T4,189,472,c222,['c222'],1.0
val,442,G12,val,nominal,P2_triple,P2_triple,sc10,T4,231,577,c222,['c222'],1.0
val,443,G12,val,nominal,P2_triple,P2_triple,sc11,T5,20,50,c143,"['c044', 'c143']",0.725
val,443,G12,val,nominal,P2_triple,P2_triple,sc11,T5,62,155,c044,['c044'],1.0
val,443,G12,val,nominal,P2_triple,P2_triple,sc11,T5,104,260,c043,"['c043', 'c144']",0.725
val,443,G12,val,nominal,P2_triple,P2_triple,sc11,T5,147,367,c144,"['c144', 'c413']",0.7
val,443,G12,val,nominal,P2_triple,P2_triple,sc11,T5,189,472,c144,"['c144', 'c222']",0.9
val,443,G12,val,nominal,P2_triple,P2_triple,sc11,T5,231,577,c222,['c222'],1.0
val,492,G13,val,low,P0_seen_cell,P0_seen_cell,sc00,T0,20,50,c242,"['c042', 'c232', 'c242']",0.425
val,492,G13,val,low,P0_seen_cell,P0_seen_cell,sc00,T0,24,60,c242,"['c022', 'c042', 'c232', 'c242']",0.45
val,492,G13,val,low,P0_seen_cell,P0_seen_cell,sc00,T0,27,67,c242,"['c022', 'c042', 'c232', 'c242']",0.45
val,492,G13,val,low,P0_seen_cell,P0_seen_cell,sc00,T0,31,77,c242,"['c022', 'c042', 'c232']",0.45
val,492,G13,val,low,P0_seen_cell,P0_seen_cell,sc00,T0,34,85,c042,"['c022', 'c042', 'c232']",0.45
val,492,G13,val,low,P0_seen_cell,P0_seen_cell,sc00,T0,38,95,c042,"['c022', 'c042', 'c232']",0.45
val,493,G13,val,low,P0_seen_cell,P0_seen_cell,sc01,T1,20,50,c132,"['c132', 'c203']",0.725
val,493,G13,val,low,P0_seen_cell,P0_seen_cell,sc01,T1,62,155,c203,"['c203', 'c204', 'c240']",0.45
val,493,G13,val,low,P0_seen_cell,P0_seen_cell,sc01,T1,104,260,c243,"['c223', 'c243']",0.725
val,493,G13,val,low,P0_seen_cell,P0_seen_cell,sc01,T1,147,367,c223,"['c220', 'c223']",0.6
val,493,G13,val,low,P0_seen_cell,P0_seen_cell,sc01,T1,189,472,c224,"['c222', 'c224']",0.55
val,493,G13,val,low,P0_seen_cell,P0_seen_cell,sc01,T1,231,577,c222,['c222'],1.0
val,494,G13,val,low,P0_seen_cell,P0_seen_cell,sc02,T2,20,50,c122,"['c032', 'c122']",0.725
val,494,G13,val,low,P0_seen_cell,P0_seen_cell,sc02,T2,62,155,c221,"['c124', 'c221']",0.725
val,494,G13,val,low,P0_seen_cell,P0_seen_cell,sc02,T2,104,260,c212,"['c212', 'c213', 'c312']",0.425
val,494,G13,val,low,P0_seen_cell,P0_seen_cell,sc02,T2,147,367,c312,"['c222', 'c231', 'c312']",0.475
val,494,G13,val,low,P0_seen_cell,P0_seen_cell,sc02,T2,189,472,c222,['c222'],1.0
val,494,G13,val,low,P0_seen_cell,P0_seen_cell,sc02,T2,231,577,c222,['c222'],1.0
val,495,G13,val,low,P0_seen_cell,P0_seen_cell,sc03,T3,20,50,c302,"['c302', 'c322']",0.575
val,495,G13,val,low,P0_seen_cell,P0_seen_cell,sc03,T3,62,155,c322,"['c142', 'c244', 'c322']",0.6
val,495,G13,val,low,P0_seen_cell,P0_seen_cell,sc03,T3,105,262,c244,"['c023', 'c024', 'c244']",0.475
val,495,G13,val,low,P0_seen_cell,P0_seen_cell,sc03,T3,147,367,c023,"['c023', 'c123', 'c422']",0.45
val,495,G13,val,low,P0_seen_cell,P0_seen_cell,sc03,T3,190,475,c222,['c222'],1.0
val,495,G13,val,low,P0_seen_cell,P0_seen_cell,sc03,T3,232,580,c222,['c222'],1.0
val,496,G13,val,low,P1_heldout_pair,P1_heldout_pair,sc04,T4,20,50,c200,"['c002', 'c200', 'c233']",0.425
val,496,G13,val,low,P1_heldout_pair,P1_heldout_pair,sc04,T4,62,155,c233,"['c121', 'c233', 'c323']",0.75
val,496,G13,val,low,P1_heldout_pair,P1_heldout_pair,sc04,T4,104,260,c323,"['c323', 'c332']",0.875
val,496,G13,val,low,P1_heldout_pair,P1_heldout_pair,sc04,T4,147,367,c332,"['c112', 'c332']",0.6
val,496,G13,val,low,P1_heldout_pair,P1_heldout_pair,sc04,T4,189,472,c222,['c222'],1.0
val,496,G13,val,low,P1_heldout_pair,P1_heldout_pair,sc04,T4,231,577,c222,['c222'],1.0
val,497,G13,val,low,P1_heldout_pair,P1_heldout_pair,sc05,T5,20,50,c020,"['c020', 'c112', 'c233']",0.6
val,497,G13,val,low,P1_heldout_pair,P1_heldout_pair,sc05,T5,62,155,c233,"['c200', 'c233']",0.725
val,497,G13,val,low,P1_heldout_pair,P1_heldout_pair,sc05,T5,104,260,c200,"['c200', 'c323']",0.725
val,497,G13,val,low,P1_heldout_pair,P1_heldout_pair,sc05,T5,147,367,c323,"['c112', 'c121', 'c323']",0.45
val,497,G13,val,low,P1_heldout_pair,P1_heldout_pair,sc05,T5,189,472,c112,"['c112', 'c222']",0.9
val,497,G13,val,low,P1_heldout_pair,P1_heldout_pair,sc05,T5,231,577,c222,['c222'],1.0
val,498,G13,val,low,P1_heldout_pair,P1_heldout_pair,sc06,T0,20,50,c211,"['c020', 'c121', 'c211']",0.425
val,498,G13,val,low,P1_heldout_pair,P1_heldout_pair,sc06,T0,62,155,c020,['c020'],1.0
val,498,G13,val,low,P1_heldout_pair,P1_heldout_pair,sc06,T0,104,260,c002,"['c002', 'c332']",0.575
val,498,G13,val,low,P1_heldout_pair,P1_heldout_pair,sc06,T0,147,367,c332,"['c211', 'c332']",0.75
val,498,G13,val,low,P1_heldout_pair,P1_heldout_pair,sc06,T0,189,472,c222,['c222'],1.0
val,498,G13,val,low,P1_heldout_pair,P1_heldout_pair,sc06,T0,231,577,c222,['c222'],1.0
val,499,G13,val,low,P1_heldout_pair,P1_heldout_pair,sc07,T1,20,50,c233,"['c112', 'c233']",0.725
val,499,G13,val,low,P1_heldout_pair,P1_heldout_pair,sc07,T1,62,155,c112,"['c002', 'c112', 'c323']",0.45
val,499,G13,val,low,P1_heldout_pair,P1_heldout_pair,sc07,T1,104,260,c121,"['c121', 'c332']",0.725
val,499,G13,val,low,P1_heldout_pair,P1_heldout_pair,sc07,T1,147,367,c332,"['c002', 'c332']",0.6
val,499,G13,val,low,P1_heldout_pair,P1_heldout_pair,sc07,T1,189,472,c211,"['c211', 'c222']",0.55
val,499,G13,val,low,P1_heldout_pair,P1_heldout_pair,sc07,T1,231,577,c222,['c222'],1.0
val,500,G13,val,low,P2_triple,P2_triple,sc08,T2,20,50,c143,"['c043', 'c143']",0.725
val,500,G13,val,low,P2_triple,P2_triple,sc08,T2,62,155,c043,"['c043', 'c044']",0.725
val,500,G13,val,low,P2_triple,P2_triple,sc08,T2,104,260,c144,['c144'],1.0
val,500,G13,val,low,P2_triple,P2_triple,sc08,T2,147,367,c144,"['c143', 'c144', 'c222']",0.475
val,500,G13,val,low,P2_triple,P2_triple,sc08,T2,189,472,c222,['c222'],1.0
val,500,G13,val,low,P2_triple,P2_triple,sc08,T2,231,577,c222,['c222'],1.0
val,501,G13,val,low,P2_triple,P2_triple,sc09,T3,20,50,c413,"['c043', 'c413']",0.575
val,501,G13,val,low,P2_triple,P2_triple,sc09,T3,62,155,c043,"['c043', 'c144', 'c413']",0.6
val,501,G13,val,low,P2_triple,P2_triple,sc09,T3,105,262,c413,"['c143', 'c413']",0.525
val,501,G13,val,low,P2_triple,P2_triple,sc09,T3,147,367,c413,"['c044', 'c144', 'c413']",0.45
val,501,G13,val,low,P2_triple,P2_triple,sc09,T3,190,475,c222,['c222'],1.0
val,501,G13,val,low,P2_triple,P2_triple,sc09,T3,232,580,c222,['c222'],1.0
val,502,G13,val,low,P2_triple,P2_triple,sc10,T4,20,50,c044,"['c044', 'c413']",0.575
val,502,G13,val,low,P2_triple,P2_triple,sc10,T4,62,155,c413,"['c143', 'c413']",0.875
val,502,G13,val,low,P2_triple,P2_triple,sc10,T4,104,260,c143,"['c044', 'c143', 'c413']",0.6
val,502,G13,val,low,P2_triple,P2_triple,sc10,T4,147,367,c044,"['c043', 'c044']",0.6
val,502,G13,val,low,P2_triple,P2_triple,sc10,T4,189,472,c222,['c222'],1.0
val,502,G13,val,low,P2_triple,P2_triple,sc10,T4,231,577,c222,['c222'],1.0
val,503,G13,val,low,P2_triple,P2_triple,sc11,T5,20,50,c043,"['c043', 'c144']",0.725
val,503,G13,val,low,P2_triple,P2_triple,sc11,T5,62,155,c144,"['c044', 'c144']",0.725
val,503,G13,val,low,P2_triple,P2_triple,sc11,T5,104,260,c143,"['c043', 'c143']",0.725
val,503,G13,val,low,P2_triple,P2_triple,sc11,T5,147,367,c043,"['c043', 'c044', 'c143']",0.45
val,503,G13,val,low,P2_triple,P2_triple,sc11,T5,189,472,c143,"['c143', 'c222']",0.9
val,503,G13,val,low,P2_triple,P2_triple,sc11,T5,231,577,c222,['c222'],1.0
val,480,G13,val,mid,P0_seen_cell,P0_seen_cell,sc00,T0,20,50,c242,"['c042', 'c232', 'c242']",0.425
val,480,G13,val,mid,P0_seen_cell,P0_seen_cell,sc00,T0,62,155,c022,"['c022', 'c241']",0.575
val,480,G13,val,mid,P0_seen_cell,P0_seen_cell,sc00,T0,104,260,c214,"['c202', 'c214']",0.575
val,480,G13,val,mid,P0_seen_cell,P0_seen_cell,sc00,T0,147,367,c202,"['c202', 'c230']",0.75
val,480,G13,val,mid,P0_seen_cell,P0_seen_cell,sc00,T0,189,472,c222,['c222'],1.0
val,480,G13,val,mid,P0_seen_cell,P0_seen_cell,sc00,T0,231,577,c222,['c222'],1.0
val,481,G13,val,mid,P0_seen_cell,P0_seen_cell,sc01,T1,20,50,c132,"['c132', 'c203']",0.725
val,481,G13,val,mid,P0_seen_cell,P0_seen_cell,sc01,T1,62,155,c203,"['c203', 'c204', 'c240']",0.45
val,481,G13,val,mid,P0_seen_cell,P0_seen_cell,sc01,T1,104,260,c243,"['c223', 'c243']",0.725
val,481,G13,val,mid,P0_seen_cell,P0_seen_cell,sc01,T1,147,367,c223,"['c220', 'c223']",0.6
val,481,G13,val,mid,P0_seen_cell,P0_seen_cell,sc01,T1,189,472,c224,"['c222', 'c224']",0.55
val,481,G13,val,mid,P0_seen_cell,P0_seen_cell,sc01,T1,231,577,c222,['c222'],1.0
val,482,G13,val,mid,P0_seen_cell,P0_seen_cell,sc02,T2,20,50,c122,"['c032', 'c122']",0.725
val,482,G13,val,mid,P0_seen_cell,P0_seen_cell,sc02,T2,62,155,c221,"['c124', 'c221']",0.725
val,482,G13,val,mid,P0_seen_cell,P0_seen_cell,sc02,T2,104,260,c212,"['c212', 'c213', 'c312']",0.425
val,482,G13,val,mid,P0_seen_cell,P0_seen_cell,sc02,T2,147,367,c312,"['c222', 'c231', 'c312']",0.475
val,482,G13,val,mid,P0_seen_cell,P0_seen_cell,sc02,T2,189,472,c222,['c222'],1.0
val,482,G13,val,mid,P0_seen_cell,P0_seen_cell,sc02,T2,231,577,c222,['c222'],1.0
val,483,G13,val,mid,P0_seen_cell,P0_seen_cell,sc03,T3,20,50,c302,"['c302', 'c322']",0.575
val,483,G13,val,mid,P0_seen_cell,P0_seen_cell,sc03,T3,62,155,c322,"['c142', 'c244', 'c322']",0.6
val,483,G13,val,mid,P0_seen_cell,P0_seen_cell,sc03,T3,105,262,c244,"['c023', 'c024', 'c244']",0.475
val,483,G13,val,mid,P0_seen_cell,P0_seen_cell,sc03,T3,147,367,c023,"['c023', 'c123', 'c422']",0.45
val,483,G13,val,mid,P0_seen_cell,P0_seen_cell,sc03,T3,190,475,c222,['c222'],1.0
val,483,G13,val,mid,P0_seen_cell,P0_seen_cell,sc03,T3,232,580,c222,['c222'],1.0
val,484,G13,val,mid,P1_heldout_pair,P1_heldout_pair,sc04,T4,20,50,c200,"['c002', 'c200', 'c233']",0.425
val,484,G13,val,mid,P1_heldout_pair,P1_heldout_pair,sc04,T4,62,155,c233,"['c121', 'c233', 'c323']",0.75
val,484,G13,val,mid,P1_heldout_pair,P1_heldout_pair,sc04,T4,104,260,c323,"['c323', 'c332']",0.875
val,484,G13,val,mid,P1_heldout_pair,P1_heldout_pair,sc04,T4,147,367,c332,"['c112', 'c332']",0.6
val,484,G13,val,mid,P1_heldout_pair,P1_heldout_pair,sc04,T4,189,472,c222,['c222'],1.0
val,484,G13,val,mid,P1_heldout_pair,P1_heldout_pair,sc04,T4,231,577,c222,['c222'],1.0
val,485,G13,val,mid,P1_heldout_pair,P1_heldout_pair,sc05,T5,20,50,c020,"['c020', 'c112', 'c233']",0.6
val,485,G13,val,mid,P1_heldout_pair,P1_heldout_pair,sc05,T5,62,155,c233,"['c200', 'c233']",0.725
val,485,G13,val,mid,P1_heldout_pair,P1_heldout_pair,sc05,T5,104,260,c200,"['c200', 'c323']",0.725
val,485,G13,val,mid,P1_heldout_pair,P1_heldout_pair,sc05,T5,147,367,c323,"['c112', 'c121', 'c323']",0.45
val,485,G13,val,mid,P1_heldout_pair,P1_heldout_pair,sc05,T5,189,472,c112,"['c112', 'c222']",0.9
val,485,G13,val,mid,P1_heldout_pair,P1_heldout_pair,sc05,T5,231,577,c222,['c222'],1.0
val,486,G13,val,mid,P1_heldout_pair,P1_heldout_pair,sc06,T0,20,50,c211,"['c020', 'c121', 'c211']",0.425
val,486,G13,val,mid,P1_heldout_pair,P1_heldout_pair,sc06,T0,62,155,c020,['c020'],1.0
val,486,G13,val,mid,P1_heldout_pair,P1_heldout_pair,sc06,T0,104,260,c002,"['c002', 'c332']",0.575
val,486,G13,val,mid,P1_heldout_pair,P1_heldout_pair,sc06,T0,147,367,c332,"['c211', 'c332']",0.75
val,486,G13,val,mid,P1_heldout_pair,P1_heldout_pair,sc06,T0,189,472,c222,['c222'],1.0
val,486,G13,val,mid,P1_heldout_pair,P1_heldout_pair,sc06,T0,231,577,c222,['c222'],1.0
val,487,G13,val,mid,P1_heldout_pair,P1_heldout_pair,sc07,T1,20,50,c233,"['c112', 'c233']",0.725
val,487,G13,val,mid,P1_heldout_pair,P1_heldout_pair,sc07,T1,62,155,c112,"['c002', 'c112', 'c323']",0.45
val,487,G13,val,mid,P1_heldout_pair,P1_heldout_pair,sc07,T1,104,260,c121,"['c121', 'c332']",0.725
val,487,G13,val,mid,P1_heldout_pair,P1_heldout_pair,sc07,T1,147,367,c332,"['c002', 'c332']",0.6
val,487,G13,val,mid,P1_heldout_pair,P1_heldout_pair,sc07,T1,189,472,c211,"['c211', 'c222']",0.55
val,487,G13,val,mid,P1_heldout_pair,P1_heldout_pair,sc07,T1,231,577,c222,['c222'],1.0
val,488,G13,val,mid,P2_triple,P2_triple,sc08,T2,20,50,c143,"['c043', 'c143']",0.725
val,488,G13,val,mid,P2_triple,P2_triple,sc08,T2,62,155,c043,"['c043', 'c044']",0.725
val,488,G13,val,mid,P2_triple,P2_triple,sc08,T2,104,260,c144,['c144'],1.0
val,488,G13,val,mid,P2_triple,P2_triple,sc08,T2,147,367,c144,"['c143', 'c144', 'c222']",0.475
val,488,G13,val,mid,P2_triple,P2_triple,sc08,T2,189,472,c222,['c222'],1.0
val,488,G13,val,mid,P2_triple,P2_triple,sc08,T2,231,577,c222,['c222'],1.0
val,489,G13,val,mid,P2_triple,P2_triple,sc09,T3,20,50,c413,"['c043', 'c413']",0.575
val,489,G13,val,mid,P2_triple,P2_triple,sc09,T3,62,155,c043,"['c043', 'c144', 'c413']",0.6
val,489,G13,val,mid,P2_triple,P2_triple,sc09,T3,105,262,c413,"['c143', 'c413']",0.525
val,489,G13,val,mid,P2_triple,P2_triple,sc09,T3,147,367,c413,"['c044', 'c144', 'c413']",0.45
val,489,G13,val,mid,P2_triple,P2_triple,sc09,T3,190,475,c222,['c222'],1.0
val,489,G13,val,mid,P2_triple,P2_triple,sc09,T3,232,580,c222,['c222'],1.0
val,490,G13,val,mid,P2_triple,P2_triple,sc10,T4,20,50,c044,"['c044', 'c413']",0.575
val,490,G13,val,mid,P2_triple,P2_triple,sc10,T4,62,155,c413,"['c143', 'c413']",0.875
val,490,G13,val,mid,P2_triple,P2_triple,sc10,T4,104,260,c143,"['c044', 'c143', 'c413']",0.6
val,490,G13,val,mid,P2_triple,P2_triple,sc10,T4,147,367,c044,"['c043', 'c044']",0.6
val,490,G13,val,mid,P2_triple,P2_triple,sc10,T4,189,472,c222,['c222'],1.0
val,490,G13,val,mid,P2_triple,P2_triple,sc10,T4,231,577,c222,['c222'],1.0
val,491,G13,val,mid,P2_triple,P2_triple,sc11,T5,20,50,c043,"['c043', 'c144']",0.725
val,491,G13,val,mid,P2_triple,P2_triple,sc11,T5,62,155,c144,"['c044', 'c144']",0.725
val,491,G13,val,mid,P2_triple,P2_triple,sc11,T5,104,260,c143,"['c043', 'c143']",0.725
val,491,G13,val,mid,P2_triple,P2_triple,sc11,T5,147,367,c043,"['c043', 'c044', 'c143']",0.45
val,491,G13,val,mid,P2_triple,P2_triple,sc11,T5,189,472,c143,"['c143', 'c222']",0.9
val,491,G13,val,mid,P2_triple,P2_triple,sc11,T5,231,577,c222,['c222'],1.0
val,468,G13,val,nominal,P0_seen_cell,P0_seen_cell,sc00,T0,20,50,c242,"['c042', 'c232', 'c242']",0.425
val,468,G13,val,nominal,P0_seen_cell,P0_seen_cell,sc00,T0,62,155,c022,"['c022', 'c241']",0.575
val,468,G13,val,nominal,P0_seen_cell,P0_seen_cell,sc00,T0,104,260,c214,"['c202', 'c214']",0.575
val,468,G13,val,nominal,P0_seen_cell,P0_seen_cell,sc00,T0,147,367,c202,"['c202', 'c230']",0.75
val,468,G13,val,nominal,P0_seen_cell,P0_seen_cell,sc00,T0,189,472,c222,['c222'],1.0
val,468,G13,val,nominal,P0_seen_cell,P0_seen_cell,sc00,T0,231,577,c222,['c222'],1.0
val,469,G13,val,nominal,P0_seen_cell,P0_seen_cell,sc01,T1,20,50,c132,"['c132', 'c203']",0.725
val,469,G13,val,nominal,P0_seen_cell,P0_seen_cell,sc01,T1,62,155,c203,"['c203', 'c204', 'c240']",0.45
val,469,G13,val,nominal,P0_seen_cell,P0_seen_cell,sc01,T1,104,260,c243,"['c223', 'c243']",0.725
val,469,G13,val,nominal,P0_seen_cell,P0_seen_cell,sc01,T1,147,367,c223,"['c220', 'c223']",0.6
val,469,G13,val,nominal,P0_seen_cell,P0_seen_cell,sc01,T1,189,472,c224,"['c222', 'c224']",0.55
val,469,G13,val,nominal,P0_seen_cell,P0_seen_cell,sc01,T1,231,577,c222,['c222'],1.0
val,470,G13,val,nominal,P0_seen_cell,P0_seen_cell,sc02,T2,20,50,c122,"['c032', 'c122']",0.725
val,470,G13,val,nominal,P0_seen_cell,P0_seen_cell,sc02,T2,62,155,c221,"['c124', 'c221']",0.725
val,470,G13,val,nominal,P0_seen_cell,P0_seen_cell,sc02,T2,104,260,c212,"['c212', 'c213', 'c312']",0.425
val,470,G13,val,nominal,P0_seen_cell,P0_seen_cell,sc02,T2,147,367,c312,"['c222', 'c231', 'c312']",0.475
val,470,G13,val,nominal,P0_seen_cell,P0_seen_cell,sc02,T2,189,472,c222,['c222'],1.0
val,470,G13,val,nominal,P0_seen_cell,P0_seen_cell,sc02,T2,231,577,c222,['c222'],1.0
val,471,G13,val,nominal,P0_seen_cell,P0_seen_cell,sc03,T3,20,50,c302,"['c302', 'c322']",0.575
val,471,G13,val,nominal,P0_seen_cell,P0_seen_cell,sc03,T3,62,155,c322,"['c142', 'c244', 'c322']",0.6
val,471,G13,val,nominal,P0_seen_cell,P0_seen_cell,sc03,T3,105,262,c244,"['c023', 'c024', 'c244']",0.475
val,471,G13,val,nominal,P0_seen_cell,P0_seen_cell,sc03,T3,147,367,c023,"['c023', 'c123', 'c422']",0.45
val,471,G13,val,nominal,P0_seen_cell,P0_seen_cell,sc03,T3,190,475,c222,['c222'],1.0
val,471,G13,val,nominal,P0_seen_cell,P0_seen_cell,sc03,T3,232,580,c222,['c222'],1.0
val,472,G13,val,nominal,P1_heldout_pair,P1_heldout_pair,sc04,T4,20,50,c200,"['c002', 'c200', 'c233']",0.425
val,472,G13,val,nominal,P1_heldout_pair,P1_heldout_pair,sc04,T4,62,155,c233,"['c121', 'c233', 'c323']",0.75
val,472,G13,val,nominal,P1_heldout_pair,P1_heldout_pair,sc04,T4,104,260,c323,"['c323', 'c332']",0.875
val,472,G13,val,nominal,P1_heldout_pair,P1_heldout_pair,sc04,T4,147,367,c332,"['c112', 'c332']",0.6
val,472,G13,val,nominal,P1_heldout_pair,P1_heldout_pair,sc04,T4,189,472,c222,['c222'],1.0
val,472,G13,val,nominal,P1_heldout_pair,P1_heldout_pair,sc04,T4,231,577,c222,['c222'],1.0
val,473,G13,val,nominal,P1_heldout_pair,P1_heldout_pair,sc05,T5,20,50,c020,"['c020', 'c112', 'c233']",0.6
val,473,G13,val,nominal,P1_heldout_pair,P1_heldout_pair,sc05,T5,62,155,c233,"['c200', 'c233']",0.725
val,473,G13,val,nominal,P1_heldout_pair,P1_heldout_pair,sc05,T5,104,260,c200,"['c200', 'c323']",0.725
val,473,G13,val,nominal,P1_heldout_pair,P1_heldout_pair,sc05,T5,147,367,c323,"['c112', 'c121', 'c323']",0.45
val,473,G13,val,nominal,P1_heldout_pair,P1_heldout_pair,sc05,T5,189,472,c112,"['c112', 'c222']",0.9
val,473,G13,val,nominal,P1_heldout_pair,P1_heldout_pair,sc05,T5,231,577,c222,['c222'],1.0
val,474,G13,val,nominal,P1_heldout_pair,P1_heldout_pair,sc06,T0,20,50,c211,"['c020', 'c121', 'c211']",0.425
val,474,G13,val,nominal,P1_heldout_pair,P1_heldout_pair,sc06,T0,62,155,c020,['c020'],1.0
val,474,G13,val,nominal,P1_heldout_pair,P1_heldout_pair,sc06,T0,104,260,c002,"['c002', 'c332']",0.575
val,474,G13,val,nominal,P1_heldout_pair,P1_heldout_pair,sc06,T0,147,367,c332,"['c211', 'c332']",0.75
val,474,G13,val,nominal,P1_heldout_pair,P1_heldout_pair,sc06,T0,189,472,c222,['c222'],1.0
val,474,G13,val,nominal,P1_heldout_pair,P1_heldout_pair,sc06,T0,231,577,c222,['c222'],1.0
val,475,G13,val,nominal,P1_heldout_pair,P1_heldout_pair,sc07,T1,20,50,c233,"['c112', 'c233']",0.725
val,475,G13,val,nominal,P1_heldout_pair,P1_heldout_pair,sc07,T1,62,155,c112,"['c002', 'c112', 'c323']",0.45
val,475,G13,val,nominal,P1_heldout_pair,P1_heldout_pair,sc07,T1,104,260,c121,"['c121', 'c332']",0.725
val,475,G13,val,nominal,P1_heldout_pair,P1_heldout_pair,sc07,T1,147,367,c332,"['c002', 'c332']",0.6
val,475,G13,val,nominal,P1_heldout_pair,P1_heldout_pair,sc07,T1,189,472,c211,"['c211', 'c222']",0.55
val,475,G13,val,nominal,P1_heldout_pair,P1_heldout_pair,sc07,T1,231,577,c222,['c222'],1.0
val,476,G13,val,nominal,P2_triple,P2_triple,sc08,T2,20,50,c143,"['c043', 'c143']",0.725
val,476,G13,val,nominal,P2_triple,P2_triple,sc08,T2,62,155,c043,"['c043', 'c044']",0.725
val,476,G13,val,nominal,P2_triple,P2_triple,sc08,T2,104,260,c144,['c144'],1.0
val,476,G13,val,nominal,P2_triple,P2_triple,sc08,T2,147,367,c144,"['c143', 'c144', 'c222']",0.475
val,476,G13,val,nominal,P2_triple,P2_triple,sc08,T2,189,472,c222,['c222'],1.0
val,476,G13,val,nominal,P2_triple,P2_triple,sc08,T2,231,577,c222,['c222'],1.0
val,477,G13,val,nominal,P2_triple,P2_triple,sc09,T3,20,50,c413,"['c043', 'c413']",0.575
val,477,G13,val,nominal,P2_triple,P2_triple,sc09,T3,62,155,c043,"['c043', 'c144', 'c413']",0.6
val,477,G13,val,nominal,P2_triple,P2_triple,sc09,T3,105,262,c413,"['c143', 'c413']",0.525
val,477,G13,val,nominal,P2_triple,P2_triple,sc09,T3,147,367,c413,"['c044', 'c144', 'c413']",0.45
val,477,G13,val,nominal,P2_triple,P2_triple,sc09,T3,190,475,c222,['c222'],1.0
val,477,G13,val,nominal,P2_triple,P2_triple,sc09,T3,232,580,c222,['c222'],1.0
val,478,G13,val,nominal,P2_triple,P2_triple,sc10,T4,20,50,c044,"['c044', 'c413']",0.575
val,478,G13,val,nominal,P2_triple,P2_triple,sc10,T4,62,155,c413,"['c143', 'c413']",0.875
val,478,G13,val,nominal,P2_triple,P2_triple,sc10,T4,104,260,c143,"['c044', 'c143', 'c413']",0.6
val,478,G13,val,nominal,P2_triple,P2_triple,sc10,T4,147,367,c044,"['c043', 'c044']",0.6
val,478,G13,val,nominal,P2_triple,P2_triple,sc10,T4,189,472,c222,['c222'],1.0
val,478,G13,val,nominal,P2_triple,P2_triple,sc10,T4,231,577,c222,['c222'],1.0
val,479,G13,val,nominal,P2_triple,P2_triple,sc11,T5,20,50,c043,"['c043', 'c144']",0.725
val,479,G13,val,nominal,P2_triple,P2_triple,sc11,T5,62,155,c144,"['c044', 'c144']",0.725
val,479,G13,val,nominal,P2_triple,P2_triple,sc11,T5,104,260,c143,"['c043', 'c143']",0.725
val,479,G13,val,nominal,P2_triple,P2_triple,sc11,T5,147,367,c043,"['c043', 'c044', 'c143']",0.45
val,479,G13,val,nominal,P2_triple,P2_triple,sc11,T5,189,472,c143,"['c143', 'c222']",0.9
val,479,G13,val,nominal,P2_triple,P2_triple,sc11,T5,231,577,c222,['c222'],1.0
val,528,G14,val,low,P0_seen_cell,P0_seen_cell,sc00,T0,20,50,c220,"['c220', 'c221', 'c241']",0.425
val,528,G14,val,low,P0_seen_cell,P0_seen_cell,sc00,T0,62,155,c204,"['c042', 'c204']",0.575
val,528,G14,val,low,P0_seen_cell,P0_seen_cell,sc00,T0,104,260,c023,"['c023', 'c024']",0.575
val,528,G14,val,low,P0_seen_cell,P0_seen_cell,sc00,T0,147,367,c024,"['c024', 'c302']",0.75
val,528,G14,val,low,P0_seen_cell,P0_seen_cell,sc00,T0,189,472,c222,['c222'],1.0
val,528,G14,val,low,P0_seen_cell,P0_seen_cell,sc00,T0,231,577,c222,['c222'],1.0
val,529,G14,val,low,P0_seen_cell,P0_seen_cell,sc01,T1,20,50,c213,"['c122', 'c213']",0.725
val,529,G14,val,low,P0_seen_cell,P0_seen_cell,sc01,T1,62,155,c122,"['c122', 'c224', 'c231']",0.45
val,529,G14,val,low,P0_seen_cell,P0_seen_cell,sc01,T1,104,260,c244,"['c142', 'c244']",0.725
val,529,G14,val,low,P0_seen_cell,P0_seen_cell,sc01,T1,147,367,c142,"['c142', 'c223']",0.6
val,529,G14,val,low,P0_seen_cell,P0_seen_cell,sc01,T1,189,472,c203,"['c203', 'c222']",0.55
val,529,G14,val,low,P0_seen_cell,P0_seen_cell,sc01,T1,231,577,c222,['c222'],1.0
val,530,G14,val,low,P0_seen_cell,P0_seen_cell,sc02,T2,20,50,c022,"['c022', 'c242']",0.725
val,530,G14,val,low,P0_seen_cell,P0_seen_cell,sc02,T2,62,155,c212,"['c212', 'c322']",0.725
val,530,G14,val,low,P0_seen_cell,P0_seen_cell,sc02,T2,104,260,c312,"['c124', 'c243', 'c312']",0.425
val,530,G14,val,low,P0_seen_cell,P0_seen_cell,sc02,T2,147,367,c124,"['c123', 'c124', 'c222']",0.475
val,530,G14,val,low,P0_seen_cell,P0_seen_cell,sc02,T2,189,472,c222,['c222'],1.0
val,530,G14,val,low,P0_seen_cell,P0_seen_cell,sc02,T2,231,577,c222,['c222'],1.0
val,531,G14,val,low,P0_seen_cell,P0_seen_cell,sc03,T3,20,50,c422,"['c214', 'c422']",0.575
val,531,G14,val,low,P0_seen_cell,P0_seen_cell,sc03,T3,62,155,c214,"['c032', 'c132', 'c214']",0.6
val,531,G14,val,low,P0_seen_cell,P0_seen_cell,sc03,T3,105,262,c032,"['c032', 'c202', 'c240']",0.475
val,531,G14,val,low,P0_seen_cell,P0_seen_cell,sc03,T3,147,367,c240,"['c230', 'c232', 'c240']",0.45
val,531,G14,val,low,P0_seen_cell,P0_seen_cell,sc03,T3,190,475,c222,['c222'],1.0
val,531,G14,val,low,P0_seen_cell,P0_seen_cell,sc03,T3,232,580,c222,['c222'],1.0
val,532,G14,val,low,P1_heldout_pair,P1_heldout_pair,sc04,T4,20,50,c200,"['c020', 'c200', 'c323']",0.425
val,532,G14,val,low,P1_heldout_pair,P1_heldout_pair,sc04,T4,62,155,c323,"['c002', 'c233', 'c323']",0.75
val,532,G14,val,low,P1_heldout_pair,P1_heldout_pair,sc04,T4,104,260,c002,"['c002', 'c323']",0.6
val,532,G14,val,low,P1_heldout_pair,P1_heldout_pair,sc04,T4,147,367,c002,"['c002', 'c332']",0.6
val,532,G14,val,low,P1_heldout_pair,P1_heldout_pair,sc04,T4,189,472,c222,['c222'],1.0
val,532,G14,val,low,P1_heldout_pair,P1_heldout_pair,sc04,T4,231,577,c222,['c222'],1.0
val,533,G14,val,low,P1_heldout_pair,P1_heldout_pair,sc05,T5,20,50,c020,"['c020', 'c121', 'c323']",0.6
val,533,G14,val,low,P1_heldout_pair,P1_heldout_pair,sc05,T5,62,155,c121,"['c112', 'c121']",0.725
val,533,G14,val,low,P1_heldout_pair,P1_heldout_pair,sc05,T5,104,260,c332,"['c233', 'c332']",0.725
val,533,G14,val,low,P1_heldout_pair,P1_heldout_pair,sc05,T5,147,367,c233,"['c002', 'c211', 'c233']",0.45
val,533,G14,val,low,P1_heldout_pair,P1_heldout_pair,sc05,T5,189,472,c211,"['c211', 'c222']",0.9
val,533,G14,val,low,P1_heldout_pair,P1_heldout_pair,sc05,T5,231,577,c222,['c222'],1.0
val,534,G14,val,low,P1_heldout_pair,P1_heldout_pair,sc06,T0,20,50,c112,"['c020', 'c112', 'c332']",0.425
val,534,G14,val,low,P1_heldout_pair,P1_heldout_pair,sc06,T0,62,155,c121,"['c020', 'c121']",0.575
val,534,G14,val,low,P1_heldout_pair,P1_heldout_pair,sc06,T0,104,260,c200,"['c200', 'c211']",0.575
val,534,G14,val,low,P1_heldout_pair,P1_heldout_pair,sc06,T0,147,367,c211,"['c112', 'c211']",0.75
val,534,G14,val,low,P1_heldout_pair,P1_heldout_pair,sc06,T0,189,472,c222,['c222'],1.0
val,534,G14,val,low,P1_heldout_pair,P1_heldout_pair,sc06,T0,231,577,c222,['c222'],1.0
val,535,G14,val,low,P1_heldout_pair,P1_heldout_pair,sc07,T1,20,50,c112,"['c112', 'c211']",0.725
val,535,G14,val,low,P1_heldout_pair,P1_heldout_pair,sc07,T1,62,155,c211,"['c002', 'c121', 'c211']",0.45
val,535,G14,val,low,P1_heldout_pair,P1_heldout_pair,sc07,T1,104,260,c200,"['c200', 'c332']",0.725
val,535,G14,val,low,P1_heldout_pair,P1_heldout_pair,sc07,T1,147,367,c332,"['c233', 'c332']",0.6
val,535,G14,val,low,P1_heldout_pair,P1_heldout_pair,sc07,T1,189,472,c121,"['c121', 'c222']",0.55
val,535,G14,val,low,P1_heldout_pair,P1_heldout_pair,sc07,T1,231,577,c222,['c222'],1.0
val,536,G14,val,low,P2_triple,P2_triple,sc08,T2,20,50,c043,['c043'],1.0
val,536,G14,val,low,P2_triple,P2_triple,sc08,T2,62,155,c143,"['c044', 'c143']",0.725
val,536,G14,val,low,P2_triple,P2_triple,sc08,T2,104,260,c144,"['c143', 'c144']",0.575
val,536,G14,val,low,P2_triple,P2_triple,sc08,T2,147,367,c143,"['c143', 'c144', 'c222']",0.475
val,536,G14,val,low,P2_triple,P2_triple,sc08,T2,189,472,c222,['c222'],1.0
val,536,G14,val,low,P2_triple,P2_triple,sc08,T2,231,577,c222,['c222'],1.0
val,537,G14,val,low,P2_triple,P2_triple,sc09,T3,20,50,c043,"['c043', 'c044']",0.575
val,537,G14,val,low,P2_triple,P2_triple,sc09,T3,62,155,c044,"['c044', 'c144', 'c413']",0.6
val,537,G14,val,low,P2_triple,P2_triple,sc09,T3,105,262,c144,"['c043', 'c144', 'c413']",0.475
val,537,G14,val,low,P2_triple,P2_triple,sc09,T3,147,367,c413,"['c143', 'c144', 'c413']",0.45
val,537,G14,val,low,P2_triple,P2_triple,sc09,T3,190,475,c222,['c222'],1.0
val,537,G14,val,low,P2_triple,P2_triple,sc09,T3,232,580,c222,['c222'],1.0
val,538,G14,val,low,P2_triple,P2_triple,sc10,T4,20,50,c044,"['c044', 'c413']",0.7
val,538,G14,val,low,P2_triple,P2_triple,sc10,T4,62,155,c044,"['c044', 'c143', 'c413']",0.75
val,538,G14,val,low,P2_triple,P2_triple,sc10,T4,104,260,c413,"['c144', 'c413']",0.875
val,538,G14,val,low,P2_triple,P2_triple,sc10,T4,147,367,c144,"['c144', 'c413']",0.6
val,538,G14,val,low,P2_triple,P2_triple,sc10,T4,189,472,c222,['c222'],1.0
val,538,G14,val,low,P2_triple,P2_triple,sc10,T4,231,577,c222,['c222'],1.0
val,539,G14,val,low,P2_triple,P2_triple,sc11,T5,20,50,c143,"['c043', 'c044', 'c143']",0.6
val,539,G14,val,low,P2_triple,P2_triple,sc11,T5,62,155,c043,"['c043', 'c413']",0.725
val,539,G14,val,low,P2_triple,P2_triple,sc11,T5,104,260,c144,"['c043', 'c144']",0.725
val,539,G14,val,low,P2_triple,P2_triple,sc11,T5,147,367,c043,"['c043', 'c044', 'c143']",0.45
val,539,G14,val,low,P2_triple,P2_triple,sc11,T5,189,472,c143,"['c143', 'c222']",0.9
val,539,G14,val,low,P2_triple,P2_triple,sc11,T5,231,577,c222,['c222'],1.0
val,516,G14,val,mid,P0_seen_cell,P0_seen_cell,sc00,T0,20,50,c220,"['c220', 'c221', 'c241']",0.425
val,516,G14,val,mid,P0_seen_cell,P0_seen_cell,sc00,T0,62,155,c204,"['c042', 'c204']",0.575
val,516,G14,val,mid,P0_seen_cell,P0_seen_cell,sc00,T0,104,260,c023,"['c023', 'c024']",0.575
val,516,G14,val,mid,P0_seen_cell,P0_seen_cell,sc00,T0,147,367,c024,"['c024', 'c302']",0.75
val,516,G14,val,mid,P0_seen_cell,P0_seen_cell,sc00,T0,189,472,c222,['c222'],1.0
val,516,G14,val,mid,P0_seen_cell,P0_seen_cell,sc00,T0,231,577,c222,['c222'],1.0
val,517,G14,val,mid,P0_seen_cell,P0_seen_cell,sc01,T1,20,50,c213,"['c122', 'c213']",0.725
val,517,G14,val,mid,P0_seen_cell,P0_seen_cell,sc01,T1,62,155,c122,"['c122', 'c224', 'c231']",0.45
val,517,G14,val,mid,P0_seen_cell,P0_seen_cell,sc01,T1,104,260,c244,"['c142', 'c244']",0.725
val,517,G14,val,mid,P0_seen_cell,P0_seen_cell,sc01,T1,147,367,c142,"['c142', 'c223']",0.6
val,517,G14,val,mid,P0_seen_cell,P0_seen_cell,sc01,T1,189,472,c203,"['c203', 'c222']",0.55
val,517,G14,val,mid,P0_seen_cell,P0_seen_cell,sc01,T1,231,577,c222,['c222'],1.0
val,518,G14,val,mid,P0_seen_cell,P0_seen_cell,sc02,T2,20,50,c022,"['c022', 'c242']",0.725
val,518,G14,val,mid,P0_seen_cell,P0_seen_cell,sc02,T2,62,155,c212,"['c212', 'c322']",0.725
val,518,G14,val,mid,P0_seen_cell,P0_seen_cell,sc02,T2,104,260,c312,"['c124', 'c243', 'c312']",0.425
val,518,G14,val,mid,P0_seen_cell,P0_seen_cell,sc02,T2,147,367,c124,"['c123', 'c124', 'c222']",0.475
val,518,G14,val,mid,P0_seen_cell,P0_seen_cell,sc02,T2,189,472,c222,['c222'],1.0
val,518,G14,val,mid,P0_seen_cell,P0_seen_cell,sc02,T2,231,577,c222,['c222'],1.0
val,519,G14,val,mid,P0_seen_cell,P0_seen_cell,sc03,T3,20,50,c422,"['c214', 'c422']",0.575
val,519,G14,val,mid,P0_seen_cell,P0_seen_cell,sc03,T3,62,155,c214,"['c032', 'c132', 'c214']",0.6
val,519,G14,val,mid,P0_seen_cell,P0_seen_cell,sc03,T3,105,262,c032,"['c032', 'c202', 'c240']",0.475
val,519,G14,val,mid,P0_seen_cell,P0_seen_cell,sc03,T3,147,367,c240,"['c230', 'c232', 'c240']",0.45
val,519,G14,val,mid,P0_seen_cell,P0_seen_cell,sc03,T3,190,475,c222,['c222'],1.0
val,519,G14,val,mid,P0_seen_cell,P0_seen_cell,sc03,T3,232,580,c222,['c222'],1.0
val,520,G14,val,mid,P1_heldout_pair,P1_heldout_pair,sc04,T4,20,50,c200,"['c020', 'c200', 'c323']",0.425
val,520,G14,val,mid,P1_heldout_pair,P1_heldout_pair,sc04,T4,62,155,c323,"['c002', 'c233', 'c323']",0.75
val,520,G14,val,mid,P1_heldout_pair,P1_heldout_pair,sc04,T4,104,260,c002,"['c002', 'c323']",0.6
val,520,G14,val,mid,P1_heldout_pair,P1_heldout_pair,sc04,T4,147,367,c002,"['c002', 'c332']",0.6
val,520,G14,val,mid,P1_heldout_pair,P1_heldout_pair,sc04,T4,189,472,c222,['c222'],1.0
val,520,G14,val,mid,P1_heldout_pair,P1_heldout_pair,sc04,T4,231,577,c222,['c222'],1.0
val,521,G14,val,mid,P1_heldout_pair,P1_heldout_pair,sc05,T5,20,50,c020,"['c020', 'c121', 'c323']",0.6
val,521,G14,val,mid,P1_heldout_pair,P1_heldout_pair,sc05,T5,62,155,c121,"['c112', 'c121']",0.725
val,521,G14,val,mid,P1_heldout_pair,P1_heldout_pair,sc05,T5,104,260,c332,"['c233', 'c332']",0.725
val,521,G14,val,mid,P1_heldout_pair,P1_heldout_pair,sc05,T5,147,367,c233,"['c002', 'c211', 'c233']",0.45
val,521,G14,val,mid,P1_heldout_pair,P1_heldout_pair,sc05,T5,189,472,c211,"['c211', 'c222']",0.9
val,521,G14,val,mid,P1_heldout_pair,P1_heldout_pair,sc05,T5,231,577,c222,['c222'],1.0
val,522,G14,val,mid,P1_heldout_pair,P1_heldout_pair,sc06,T0,20,50,c112,"['c020', 'c112', 'c332']",0.425
val,522,G14,val,mid,P1_heldout_pair,P1_heldout_pair,sc06,T0,62,155,c121,"['c020', 'c121']",0.575
val,522,G14,val,mid,P1_heldout_pair,P1_heldout_pair,sc06,T0,104,260,c200,"['c200', 'c211']",0.575
val,522,G14,val,mid,P1_heldout_pair,P1_heldout_pair,sc06,T0,147,367,c211,"['c112', 'c211']",0.75
val,522,G14,val,mid,P1_heldout_pair,P1_heldout_pair,sc06,T0,189,472,c222,['c222'],1.0
val,522,G14,val,mid,P1_heldout_pair,P1_heldout_pair,sc06,T0,231,577,c222,['c222'],1.0
val,523,G14,val,mid,P1_heldout_pair,P1_heldout_pair,sc07,T1,20,50,c112,"['c112', 'c211']",0.725
val,523,G14,val,mid,P1_heldout_pair,P1_heldout_pair,sc07,T1,62,155,c211,"['c002', 'c121', 'c211']",0.45
val,523,G14,val,mid,P1_heldout_pair,P1_heldout_pair,sc07,T1,104,260,c200,"['c200', 'c332']",0.725
val,523,G14,val,mid,P1_heldout_pair,P1_heldout_pair,sc07,T1,147,367,c332,"['c233', 'c332']",0.6
val,523,G14,val,mid,P1_heldout_pair,P1_heldout_pair,sc07,T1,189,472,c121,"['c121', 'c222']",0.55
val,523,G14,val,mid,P1_heldout_pair,P1_heldout_pair,sc07,T1,231,577,c222,['c222'],1.0
val,524,G14,val,mid,P2_triple,P2_triple,sc08,T2,20,50,c043,['c043'],1.0
val,524,G14,val,mid,P2_triple,P2_triple,sc08,T2,62,155,c143,"['c044', 'c143']",0.725
val,524,G14,val,mid,P2_triple,P2_triple,sc08,T2,104,260,c144,"['c143', 'c144']",0.575
val,524,G14,val,mid,P2_triple,P2_triple,sc08,T2,147,367,c143,"['c143', 'c144', 'c222']",0.475
val,524,G14,val,mid,P2_triple,P2_triple,sc08,T2,189,472,c222,['c222'],1.0
val,524,G14,val,mid,P2_triple,P2_triple,sc08,T2,231,577,c222,['c222'],1.0
val,525,G14,val,mid,P2_triple,P2_triple,sc09,T3,20,50,c043,"['c043', 'c044']",0.575
val,525,G14,val,mid,P2_triple,P2_triple,sc09,T3,62,155,c044,"['c044', 'c144', 'c413']",0.6
val,525,G14,val,mid,P2_triple,P2_triple,sc09,T3,105,262,c144,"['c043', 'c144', 'c413']",0.475
val,525,G14,val,mid,P2_triple,P2_triple,sc09,T3,147,367,c413,"['c143', 'c144', 'c413']",0.45
val,525,G14,val,mid,P2_triple,P2_triple,sc09,T3,190,475,c222,['c222'],1.0
val,525,G14,val,mid,P2_triple,P2_triple,sc09,T3,232,580,c222,['c222'],1.0
val,526,G14,val,mid,P2_triple,P2_triple,sc10,T4,20,50,c044,"['c044', 'c413']",0.7
val,526,G14,val,mid,P2_triple,P2_triple,sc10,T4,62,155,c044,"['c044', 'c143', 'c413']",0.75
val,526,G14,val,mid,P2_triple,P2_triple,sc10,T4,104,260,c413,"['c144', 'c413']",0.875
val,526,G14,val,mid,P2_triple,P2_triple,sc10,T4,147,367,c144,"['c144', 'c413']",0.6
val,526,G14,val,mid,P2_triple,P2_triple,sc10,T4,189,472,c222,['c222'],1.0
val,526,G14,val,mid,P2_triple,P2_triple,sc10,T4,231,577,c222,['c222'],1.0
val,527,G14,val,mid,P2_triple,P2_triple,sc11,T5,20,50,c143,"['c043', 'c044', 'c143']",0.6
val,527,G14,val,mid,P2_triple,P2_triple,sc11,T5,62,155,c043,"['c043', 'c413']",0.725
val,527,G14,val,mid,P2_triple,P2_triple,sc11,T5,104,260,c144,"['c043', 'c144']",0.725
val,527,G14,val,mid,P2_triple,P2_triple,sc11,T5,147,367,c043,"['c043', 'c044', 'c143']",0.45
val,527,G14,val,mid,P2_triple,P2_triple,sc11,T5,189,472,c143,"['c143', 'c222']",0.9
val,527,G14,val,mid,P2_triple,P2_triple,sc11,T5,231,577,c222,['c222'],1.0
val,504,G14,val,nominal,P0_seen_cell,P0_seen_cell,sc00,T0,20,50,c220,"['c220', 'c221', 'c241']",0.425
val,504,G14,val,nominal,P0_seen_cell,P0_seen_cell,sc00,T0,62,155,c204,"['c042', 'c204']",0.575
val,504,G14,val,nominal,P0_seen_cell,P0_seen_cell,sc00,T0,104,260,c023,"['c023', 'c024']",0.575
val,504,G14,val,nominal,P0_seen_cell,P0_seen_cell,sc00,T0,147,367,c024,"['c024', 'c302']",0.75
val,504,G14,val,nominal,P0_seen_cell,P0_seen_cell,sc00,T0,189,472,c222,['c222'],1.0
val,504,G14,val,nominal,P0_seen_cell,P0_seen_cell,sc00,T0,231,577,c222,['c222'],1.0
val,505,G14,val,nominal,P0_seen_cell,P0_seen_cell,sc01,T1,20,50,c213,"['c122', 'c213']",0.725
val,505,G14,val,nominal,P0_seen_cell,P0_seen_cell,sc01,T1,62,155,c122,"['c122', 'c224', 'c231']",0.45
val,505,G14,val,nominal,P0_seen_cell,P0_seen_cell,sc01,T1,104,260,c244,"['c142', 'c244']",0.725
val,505,G14,val,nominal,P0_seen_cell,P0_seen_cell,sc01,T1,147,367,c142,"['c142', 'c223']",0.6
val,505,G14,val,nominal,P0_seen_cell,P0_seen_cell,sc01,T1,189,472,c203,"['c203', 'c222']",0.55
val,505,G14,val,nominal,P0_seen_cell,P0_seen_cell,sc01,T1,231,577,c222,['c222'],1.0
val,506,G14,val,nominal,P0_seen_cell,P0_seen_cell,sc02,T2,20,50,c022,"['c022', 'c242']",0.725
val,506,G14,val,nominal,P0_seen_cell,P0_seen_cell,sc02,T2,62,155,c212,"['c212', 'c322']",0.725
val,506,G14,val,nominal,P0_seen_cell,P0_seen_cell,sc02,T2,104,260,c312,"['c124', 'c243', 'c312']",0.425
val,506,G14,val,nominal,P0_seen_cell,P0_seen_cell,sc02,T2,147,367,c124,"['c123', 'c124', 'c222']",0.475
val,506,G14,val,nominal,P0_seen_cell,P0_seen_cell,sc02,T2,189,472,c222,['c222'],1.0
val,506,G14,val,nominal,P0_seen_cell,P0_seen_cell,sc02,T2,231,577,c222,['c222'],1.0
val,507,G14,val,nominal,P0_seen_cell,P0_seen_cell,sc03,T3,20,50,c422,"['c214', 'c422']",0.575
val,507,G14,val,nominal,P0_seen_cell,P0_seen_cell,sc03,T3,62,155,c214,"['c032', 'c132', 'c214']",0.6
val,507,G14,val,nominal,P0_seen_cell,P0_seen_cell,sc03,T3,105,262,c032,"['c032', 'c202', 'c240']",0.475
val,507,G14,val,nominal,P0_seen_cell,P0_seen_cell,sc03,T3,147,367,c240,"['c230', 'c232', 'c240']",0.45
val,507,G14,val,nominal,P0_seen_cell,P0_seen_cell,sc03,T3,190,475,c222,['c222'],1.0
val,507,G14,val,nominal,P0_seen_cell,P0_seen_cell,sc03,T3,232,580,c222,['c222'],1.0
val,508,G14,val,nominal,P1_heldout_pair,P1_heldout_pair,sc04,T4,20,50,c200,"['c020', 'c200', 'c323']",0.425
val,508,G14,val,nominal,P1_heldout_pair,P1_heldout_pair,sc04,T4,62,155,c323,"['c002', 'c233', 'c323']",0.75
val,508,G14,val,nominal,P1_heldout_pair,P1_heldout_pair,sc04,T4,104,260,c002,"['c002', 'c323']",0.6
val,508,G14,val,nominal,P1_heldout_pair,P1_heldout_pair,sc04,T4,147,367,c002,"['c002', 'c332']",0.6
val,508,G14,val,nominal,P1_heldout_pair,P1_heldout_pair,sc04,T4,189,472,c222,['c222'],1.0
val,508,G14,val,nominal,P1_heldout_pair,P1_heldout_pair,sc04,T4,231,577,c222,['c222'],1.0
val,509,G14,val,nominal,P1_heldout_pair,P1_heldout_pair,sc05,T5,20,50,c020,"['c020', 'c121', 'c323']",0.6
val,509,G14,val,nominal,P1_heldout_pair,P1_heldout_pair,sc05,T5,62,155,c121,"['c112', 'c121']",0.725
val,509,G14,val,nominal,P1_heldout_pair,P1_heldout_pair,sc05,T5,104,260,c332,"['c233', 'c332']",0.725
val,509,G14,val,nominal,P1_heldout_pair,P1_heldout_pair,sc05,T5,147,367,c233,"['c002', 'c211', 'c233']",0.45
val,509,G14,val,nominal,P1_heldout_pair,P1_heldout_pair,sc05,T5,189,472,c211,"['c211', 'c222']",0.9
val,509,G14,val,nominal,P1_heldout_pair,P1_heldout_pair,sc05,T5,231,577,c222,['c222'],1.0
val,510,G14,val,nominal,P1_heldout_pair,P1_heldout_pair,sc06,T0,20,50,c112,"['c020', 'c112', 'c332']",0.425
val,510,G14,val,nominal,P1_heldout_pair,P1_heldout_pair,sc06,T0,62,155,c121,"['c020', 'c121']",0.575
val,510,G14,val,nominal,P1_heldout_pair,P1_heldout_pair,sc06,T0,104,260,c200,"['c200', 'c211']",0.575
val,510,G14,val,nominal,P1_heldout_pair,P1_heldout_pair,sc06,T0,147,367,c211,"['c112', 'c211']",0.75
val,510,G14,val,nominal,P1_heldout_pair,P1_heldout_pair,sc06,T0,189,472,c222,['c222'],1.0
val,510,G14,val,nominal,P1_heldout_pair,P1_heldout_pair,sc06,T0,231,577,c222,['c222'],1.0
val,511,G14,val,nominal,P1_heldout_pair,P1_heldout_pair,sc07,T1,20,50,c112,"['c112', 'c211']",0.725
val,511,G14,val,nominal,P1_heldout_pair,P1_heldout_pair,sc07,T1,62,155,c211,"['c002', 'c121', 'c211']",0.45
val,511,G14,val,nominal,P1_heldout_pair,P1_heldout_pair,sc07,T1,104,260,c200,"['c200', 'c332']",0.725
val,511,G14,val,nominal,P1_heldout_pair,P1_heldout_pair,sc07,T1,147,367,c332,"['c233', 'c332']",0.6
val,511,G14,val,nominal,P1_heldout_pair,P1_heldout_pair,sc07,T1,189,472,c121,"['c121', 'c222']",0.55
val,511,G14,val,nominal,P1_heldout_pair,P1_heldout_pair,sc07,T1,231,577,c222,['c222'],1.0
val,512,G14,val,nominal,P2_triple,P2_triple,sc08,T2,20,50,c043,['c043'],1.0
val,512,G14,val,nominal,P2_triple,P2_triple,sc08,T2,62,155,c143,"['c044', 'c143']",0.725
val,512,G14,val,nominal,P2_triple,P2_triple,sc08,T2,104,260,c144,"['c143', 'c144']",0.575
val,512,G14,val,nominal,P2_triple,P2_triple,sc08,T2,147,367,c143,"['c143', 'c144', 'c222']",0.475
val,512,G14,val,nominal,P2_triple,P2_triple,sc08,T2,189,472,c222,['c222'],1.0
val,512,G14,val,nominal,P2_triple,P2_triple,sc08,T2,231,577,c222,['c222'],1.0
val,513,G14,val,nominal,P2_triple,P2_triple,sc09,T3,20,50,c043,"['c043', 'c044']",0.575
val,513,G14,val,nominal,P2_triple,P2_triple,sc09,T3,62,155,c044,"['c044', 'c144', 'c413']",0.6
val,513,G14,val,nominal,P2_triple,P2_triple,sc09,T3,105,262,c144,"['c043', 'c144', 'c413']",0.475
val,513,G14,val,nominal,P2_triple,P2_triple,sc09,T3,147,367,c413,"['c143', 'c144', 'c413']",0.45
val,513,G14,val,nominal,P2_triple,P2_triple,sc09,T3,190,475,c222,['c222'],1.0
val,513,G14,val,nominal,P2_triple,P2_triple,sc09,T3,232,580,c222,['c222'],1.0
val,514,G14,val,nominal,P2_triple,P2_triple,sc10,T4,20,50,c044,"['c044', 'c413']",0.7
val,514,G14,val,nominal,P2_triple,P2_triple,sc10,T4,62,155,c044,"['c044', 'c143', 'c413']",0.75
val,514,G14,val,nominal,P2_triple,P2_triple,sc10,T4,104,260,c413,"['c144', 'c413']",0.875
val,514,G14,val,nominal,P2_triple,P2_triple,sc10,T4,147,367,c144,"['c144', 'c413']",0.6
val,514,G14,val,nominal,P2_triple,P2_triple,sc10,T4,189,472,c222,['c222'],1.0
val,514,G14,val,nominal,P2_triple,P2_triple,sc10,T4,231,577,c222,['c222'],1.0
val,515,G14,val,nominal,P2_triple,P2_triple,sc11,T5,20,50,c143,"['c043', 'c044', 'c143']",0.6
val,515,G14,val,nominal,P2_triple,P2_triple,sc11,T5,62,155,c043,"['c043', 'c413']",0.725
val,515,G14,val,nominal,P2_triple,P2_triple,sc11,T5,104,260,c144,"['c043', 'c144']",0.725
val,515,G14,val,nominal,P2_triple,P2_triple,sc11,T5,147,367,c043,"['c043', 'c044', 'c143']",0.45
val,515,G14,val,nominal,P2_triple,P2_triple,sc11,T5,189,472,c143,"['c143', 'c222']",0.9
val,515,G14,val,nominal,P2_triple,P2_triple,sc11,T5,231,577,c222,['c222'],1.0
val,564,G15,val,low,P0_seen_cell,P0_seen_cell,sc00,T0,20,50,c422,"['c024', 'c302', 'c422']",0.425
val,564,G15,val,low,P0_seen_cell,P0_seen_cell,sc00,T0,62,155,c022,"['c022', 'c231']",0.575
val,564,G15,val,low,P0_seen_cell,P0_seen_cell,sc00,T0,104,260,c243,"['c123', 'c243']",0.575
val,564,G15,val,low,P0_seen_cell,P0_seen_cell,sc00,T0,147,367,c123,"['c123', 'c241']",0.75
val,564,G15,val,low,P0_seen_cell,P0_seen_cell,sc00,T0,189,472,c222,['c222'],1.0
val,564,G15,val,low,P0_seen_cell,P0_seen_cell,sc00,T0,231,577,c222,['c222'],1.0
val,565,G15,val,low,P0_seen_cell,P0_seen_cell,sc01,T1,20,50,c242,"['c032', 'c242']",0.725
val,565,G15,val,low,P0_seen_cell,P0_seen_cell,sc01,T1,62,155,c032,"['c032', 'c220', 'c322']",0.45
val,565,G15,val,low,P0_seen_cell,P0_seen_cell,sc01,T1,104,260,c042,"['c042', 'c132']",0.725
val,565,G15,val,low,P0_seen_cell,P0_seen_cell,sc01,T1,147,367,c132,"['c132', 'c204']",0.6
val,565,G15,val,low,P0_seen_cell,P0_seen_cell,sc01,T1,189,472,c023,"['c023', 'c222']",0.55
val,565,G15,val,low,P0_seen_cell,P0_seen_cell,sc01,T1,231,577,c222,['c222'],1.0
val,566,G15,val,low,P0_seen_cell,P0_seen_cell,sc02,T2,20,50,c223,"['c203', 'c223']",0.725
val,566,G15,val,low,P0_seen_cell,P0_seen_cell,sc02,T2,62,155,c213,"['c213', 'c232']",0.725
val,566,G15,val,low,P0_seen_cell,P0_seen_cell,sc02,T2,104,260,c224,"['c202', 'c221', 'c224']",0.425
val,566,G15,val,low,P0_seen_cell,P0_seen_cell,sc02,T2,147,367,c221,"['c142', 'c221', 'c222']",0.475
val,566,G15,val,low,P0_seen_cell,P0_seen_cell,sc02,T2,189,472,c222,['c222'],1.0
val,566,G15,val,low,P0_seen_cell,P0_seen_cell,sc02,T2,231,577,c222,['c222'],1.0
val,567,G15,val,low,P0_seen_cell,P0_seen_cell,sc03,T3,20,50,c212,"['c212', 'c244']",0.575
val,567,G15,val,low,P0_seen_cell,P0_seen_cell,sc03,T3,62,155,c244,"['c240', 'c244', 'c312']",0.6
val,567,G15,val,low,P0_seen_cell,P0_seen_cell,sc03,T3,105,262,c240,"['c122', 'c124', 'c240']",0.475
val,567,G15,val,low,P0_seen_cell,P0_seen_cell,sc03,T3,147,367,c124,"['c124', 'c214', 'c230']",0.45
val,567,G15,val,low,P0_seen_cell,P0_seen_cell,sc03,T3,190,475,c222,['c222'],1.0
val,567,G15,val,low,P0_seen_cell,P0_seen_cell,sc03,T3,232,580,c222,['c222'],1.0
val,568,G15,val,low,P1_heldout_pair,P1_heldout_pair,sc04,T4,20,50,c323,"['c112', 'c323']",0.7
val,568,G15,val,low,P1_heldout_pair,P1_heldout_pair,sc04,T4,62,155,c323,"['c002', 'c323']",0.875
val,568,G15,val,low,P1_heldout_pair,P1_heldout_pair,sc04,T4,104,260,c002,"['c002', 'c233', 'c332']",0.6
val,568,G15,val,low,P1_heldout_pair,P1_heldout_pair,sc04,T4,147,367,c332,"['c020', 'c332']",0.6
val,568,G15,val,low,P1_heldout_pair,P1_heldout_pair,sc04,T4,189,472,c222,['c222'],1.0
val,568,G15,val,low,P1_heldout_pair,P1_heldout_pair,sc04,T4,231,577,c222,['c222'],1.0
val,569,G15,val,low,P1_heldout_pair,P1_heldout_pair,sc05,T5,20,50,c020,"['c002', 'c020', 'c200']",0.6
val,569,G15,val,low,P1_heldout_pair,P1_heldout_pair,sc05,T5,62,155,c002,"['c002', 'c233']",0.725
val,569,G15,val,low,P1_heldout_pair,P1_heldout_pair,sc05,T5,104,260,c002,"['c002', 'c112']",0.725
val,569,G15,val,low,P1_heldout_pair,P1_heldout_pair,sc05,T5,147,367,c112,"['c112', 'c121', 'c211']",0.45
val,569,G15,val,low,P1_heldout_pair,P1_heldout_pair,sc05,T5,189,472,c211,"['c211', 'c222']",0.9
val,569,G15,val,low,P1_heldout_pair,P1_heldout_pair,sc05,T5,231,577,c222,['c222'],1.0
val,570,G15,val,low,P1_heldout_pair,P1_heldout_pair,sc06,T0,20,50,c200,"['c002', 'c200', 'c233']",0.425
val,570,G15,val,low,P1_heldout_pair,P1_heldout_pair,sc06,T0,62,155,c112,"['c112', 'c332']",0.575
val,570,G15,val,low,P1_heldout_pair,P1_heldout_pair,sc06,T0,104,260,c121,"['c020', 'c121']",0.575
val,570,G15,val,low,P1_heldout_pair,P1_heldout_pair,sc06,T0,147,367,c020,"['c020', 'c121']",0.75
val,570,G15,val,low,P1_heldout_pair,P1_heldout_pair,sc06,T0,189,472,c222,['c222'],1.0
val,570,G15,val,low,P1_heldout_pair,P1_heldout_pair,sc06,T0,231,577,c222,['c222'],1.0
val,571,G15,val,low,P1_heldout_pair,P1_heldout_pair,sc07,T1,20,50,c121,"['c121', 'c332']",0.725
val,571,G15,val,low,P1_heldout_pair,P1_heldout_pair,sc07,T1,62,155,c332,"['c112', 'c200', 'c332']",0.45
val,571,G15,val,low,P1_heldout_pair,P1_heldout_pair,sc07,T1,104,260,c332,"['c020', 'c332']",0.725
val,571,G15,val,low,P1_heldout_pair,P1_heldout_pair,sc07,T1,147,367,c020,"['c020', 'c211']",0.6
val,571,G15,val,low,P1_heldout_pair,P1_heldout_pair,sc07,T1,189,472,c211,"['c211', 'c222']",0.55
val,571,G15,val,low,P1_heldout_pair,P1_heldout_pair,sc07,T1,231,577,c222,['c222'],1.0
val,572,G15,val,low,P2_triple,P2_triple,sc08,T2,20,50,c144,"['c044', 'c144']",0.725
val,572,G15,val,low,P2_triple,P2_triple,sc08,T2,62,155,c143,"['c044', 'c143']",0.725
val,572,G15,val,low,P2_triple,P2_triple,sc08,T2,104,260,c144,"['c043', 'c144', 'c413']",0.425
val,572,G15,val,low,P2_triple,P2_triple,sc08,T2,147,367,c413,"['c044', 'c222', 'c413']",0.475
val,572,G15,val,low,P2_triple,P2_triple,sc08,T2,189,472,c222,['c222'],1.0
val,572,G15,val,low,P2_triple,P2_triple,sc08,T2,231,577,c222,['c222'],1.0
val,573,G15,val,low,P2_triple,P2_triple,sc09,T3,20,50,c143,"['c044', 'c143']",0.575
val,573,G15,val,low,P2_triple,P2_triple,sc09,T3,62,155,c044,"['c044', 'c413']",0.725
val,573,G15,val,low,P2_triple,P2_triple,sc09,T3,105,262,c413,"['c043', 'c044', 'c413']",0.475
val,573,G15,val,low,P2_triple,P2_triple,sc09,T3,147,367,c044,"['c043', 'c044']",0.55
val,573,G15,val,low,P2_triple,P2_triple,sc09,T3,190,475,c222,['c222'],1.0
val,573,G15,val,low,P2_triple,P2_triple,sc09,T3,232,580,c222,['c222'],1.0
val,574,G15,val,low,P2_triple,P2_triple,sc10,T4,20,50,c144,"['c043', 'c143', 'c144']",0.425
val,574,G15,val,low,P2_triple,P2_triple,sc10,T4,62,155,c143,"['c043', 'c143', 'c413']",0.75
val,574,G15,val,low,P2_triple,P2_triple,sc10,T4,104,260,c043,"['c043', 'c143', 'c413']",0.6
val,574,G15,val,low,P2_triple,P2_triple,sc10,T4,147,367,c413,"['c143', 'c413']",0.6
val,574,G15,val,low,P2_triple,P2_triple,sc10,T4,189,472,c222,['c222'],1.0
val,574,G15,val,low,P2_triple,P2_triple,sc10,T4,231,577,c222,['c222'],1.0
val,575,G15,val,low,P2_triple,P2_triple,sc11,T5,20,50,c043,"['c043', 'c144']",0.725
val,575,G15,val,low,P2_triple,P2_triple,sc11,T5,62,155,c144,['c144'],1.0
val,575,G15,val,low,P2_triple,P2_triple,sc11,T5,104,260,c144,"['c144', 'c413']",0.725
val,575,G15,val,low,P2_triple,P2_triple,sc11,T5,147,367,c413,"['c143', 'c413']",0.75
val,575,G15,val,low,P2_triple,P2_triple,sc11,T5,189,472,c143,"['c143', 'c222']",0.9
val,575,G15,val,low,P2_triple,P2_triple,sc11,T5,231,577,c222,['c222'],1.0
val,552,G15,val,mid,P0_seen_cell,P0_seen_cell,sc00,T0,20,50,c422,"['c024', 'c302', 'c422']",0.425
val,552,G15,val,mid,P0_seen_cell,P0_seen_cell,sc00,T0,62,155,c022,"['c022', 'c231']",0.575
val,552,G15,val,mid,P0_seen_cell,P0_seen_cell,sc00,T0,104,260,c243,"['c123', 'c243']",0.575
val,552,G15,val,mid,P0_seen_cell,P0_seen_cell,sc00,T0,147,367,c123,"['c123', 'c241']",0.75
val,552,G15,val,mid,P0_seen_cell,P0_seen_cell,sc00,T0,189,472,c222,['c222'],1.0
val,552,G15,val,mid,P0_seen_cell,P0_seen_cell,sc00,T0,231,577,c222,['c222'],1.0
val,553,G15,val,mid,P0_seen_cell,P0_seen_cell,sc01,T1,20,50,c242,"['c032', 'c242']",0.725
val,553,G15,val,mid,P0_seen_cell,P0_seen_cell,sc01,T1,62,155,c032,"['c032', 'c220', 'c322']",0.45
val,553,G15,val,mid,P0_seen_cell,P0_seen_cell,sc01,T1,104,260,c042,"['c042', 'c132']",0.725
val,553,G15,val,mid,P0_seen_cell,P0_seen_cell,sc01,T1,147,367,c132,"['c132', 'c204']",0.6
val,553,G15,val,mid,P0_seen_cell,P0_seen_cell,sc01,T1,189,472,c023,"['c023', 'c222']",0.55
val,553,G15,val,mid,P0_seen_cell,P0_seen_cell,sc01,T1,231,577,c222,['c222'],1.0
val,554,G15,val,mid,P0_seen_cell,P0_seen_cell,sc02,T2,20,50,c223,"['c203', 'c223']",0.725
val,554,G15,val,mid,P0_seen_cell,P0_seen_cell,sc02,T2,62,155,c213,"['c213', 'c232']",0.725
val,554,G15,val,mid,P0_seen_cell,P0_seen_cell,sc02,T2,104,260,c224,"['c202', 'c221', 'c224']",0.425
val,554,G15,val,mid,P0_seen_cell,P0_seen_cell,sc02,T2,147,367,c221,"['c142', 'c221', 'c222']",0.475
val,554,G15,val,mid,P0_seen_cell,P0_seen_cell,sc02,T2,189,472,c222,['c222'],1.0
val,554,G15,val,mid,P0_seen_cell,P0_seen_cell,sc02,T2,231,577,c222,['c222'],1.0
val,555,G15,val,mid,P0_seen_cell,P0_seen_cell,sc03,T3,20,50,c212,"['c212', 'c244']",0.575
val,555,G15,val,mid,P0_seen_cell,P0_seen_cell,sc03,T3,62,155,c244,"['c240', 'c244', 'c312']",0.6
val,555,G15,val,mid,P0_seen_cell,P0_seen_cell,sc03,T3,105,262,c240,"['c122', 'c124', 'c240']",0.475
val,555,G15,val,mid,P0_seen_cell,P0_seen_cell,sc03,T3,147,367,c124,"['c124', 'c214', 'c230']",0.45
val,555,G15,val,mid,P0_seen_cell,P0_seen_cell,sc03,T3,190,475,c222,['c222'],1.0
val,555,G15,val,mid,P0_seen_cell,P0_seen_cell,sc03,T3,232,580,c222,['c222'],1.0
val,556,G15,val,mid,P1_heldout_pair,P1_heldout_pair,sc04,T4,20,50,c323,"['c112', 'c323']",0.7
val,556,G15,val,mid,P1_heldout_pair,P1_heldout_pair,sc04,T4,62,155,c323,"['c002', 'c323']",0.875
val,556,G15,val,mid,P1_heldout_pair,P1_heldout_pair,sc04,T4,104,260,c002,"['c002', 'c233', 'c332']",0.6
val,556,G15,val,mid,P1_heldout_pair,P1_heldout_pair,sc04,T4,147,367,c332,"['c020', 'c332']",0.6
val,556,G15,val,mid,P1_heldout_pair,P1_heldout_pair,sc04,T4,189,472,c222,['c222'],1.0
val,556,G15,val,mid,P1_heldout_pair,P1_heldout_pair,sc04,T4,231,577,c222,['c222'],1.0
val,557,G15,val,mid,P1_heldout_pair,P1_heldout_pair,sc05,T5,20,50,c020,"['c002', 'c020', 'c200']",0.6
val,557,G15,val,mid,P1_heldout_pair,P1_heldout_pair,sc05,T5,62,155,c002,"['c002', 'c233']",0.725
val,557,G15,val,mid,P1_heldout_pair,P1_heldout_pair,sc05,T5,104,260,c002,"['c002', 'c112']",0.725
val,557,G15,val,mid,P1_heldout_pair,P1_heldout_pair,sc05,T5,147,367,c112,"['c112', 'c121', 'c211']",0.45
val,557,G15,val,mid,P1_heldout_pair,P1_heldout_pair,sc05,T5,189,472,c211,"['c211', 'c222']",0.9
val,557,G15,val,mid,P1_heldout_pair,P1_heldout_pair,sc05,T5,231,577,c222,['c222'],1.0
val,558,G15,val,mid,P1_heldout_pair,P1_heldout_pair,sc06,T0,20,50,c200,"['c002', 'c200', 'c233']",0.425
val,558,G15,val,mid,P1_heldout_pair,P1_heldout_pair,sc06,T0,62,155,c112,"['c112', 'c332']",0.575
val,558,G15,val,mid,P1_heldout_pair,P1_heldout_pair,sc06,T0,104,260,c121,"['c020', 'c121']",0.575
val,558,G15,val,mid,P1_heldout_pair,P1_heldout_pair,sc06,T0,147,367,c020,"['c020', 'c121']",0.75
val,558,G15,val,mid,P1_heldout_pair,P1_heldout_pair,sc06,T0,189,472,c222,['c222'],1.0
val,558,G15,val,mid,P1_heldout_pair,P1_heldout_pair,sc06,T0,231,577,c222,['c222'],1.0
val,559,G15,val,mid,P1_heldout_pair,P1_heldout_pair,sc07,T1,20,50,c121,"['c121', 'c332']",0.725
val,559,G15,val,mid,P1_heldout_pair,P1_heldout_pair,sc07,T1,62,155,c332,"['c112', 'c200', 'c332']",0.45
val,559,G15,val,mid,P1_heldout_pair,P1_heldout_pair,sc07,T1,104,260,c332,"['c020', 'c332']",0.725
val,559,G15,val,mid,P1_heldout_pair,P1_heldout_pair,sc07,T1,147,367,c020,"['c020', 'c211']",0.6
val,559,G15,val,mid,P1_heldout_pair,P1_heldout_pair,sc07,T1,189,472,c211,"['c211', 'c222']",0.55
val,559,G15,val,mid,P1_heldout_pair,P1_heldout_pair,sc07,T1,231,577,c222,['c222'],1.0
val,560,G15,val,mid,P2_triple,P2_triple,sc08,T2,20,50,c144,"['c044', 'c144']",0.725
val,560,G15,val,mid,P2_triple,P2_triple,sc08,T2,62,155,c143,"['c044', 'c143']",0.725
val,560,G15,val,mid,P2_triple,P2_triple,sc08,T2,104,260,c144,"['c043', 'c144', 'c413']",0.425
val,560,G15,val,mid,P2_triple,P2_triple,sc08,T2,147,367,c413,"['c044', 'c222', 'c413']",0.475
val,560,G15,val,mid,P2_triple,P2_triple,sc08,T2,189,472,c222,['c222'],1.0
val,560,G15,val,mid,P2_triple,P2_triple,sc08,T2,231,577,c222,['c222'],1.0
val,561,G15,val,mid,P2_triple,P2_triple,sc09,T3,20,50,c143,"['c044', 'c143']",0.575
val,561,G15,val,mid,P2_triple,P2_triple,sc09,T3,62,155,c044,"['c044', 'c413']",0.725
val,561,G15,val,mid,P2_triple,P2_triple,sc09,T3,105,262,c413,"['c043', 'c044', 'c413']",0.475
val,561,G15,val,mid,P2_triple,P2_triple,sc09,T3,147,367,c044,"['c043', 'c044']",0.55
val,561,G15,val,mid,P2_triple,P2_triple,sc09,T3,190,475,c222,['c222'],1.0
val,561,G15,val,mid,P2_triple,P2_triple,sc09,T3,232,580,c222,['c222'],1.0
val,562,G15,val,mid,P2_triple,P2_triple,sc10,T4,20,50,c144,"['c043', 'c143', 'c144']",0.425
val,562,G15,val,mid,P2_triple,P2_triple,sc10,T4,62,155,c143,"['c043', 'c143', 'c413']",0.75
val,562,G15,val,mid,P2_triple,P2_triple,sc10,T4,104,260,c043,"['c043', 'c143', 'c413']",0.6
val,562,G15,val,mid,P2_triple,P2_triple,sc10,T4,147,367,c413,"['c143', 'c413']",0.6
val,562,G15,val,mid,P2_triple,P2_triple,sc10,T4,189,472,c222,['c222'],1.0
val,562,G15,val,mid,P2_triple,P2_triple,sc10,T4,231,577,c222,['c222'],1.0
val,563,G15,val,mid,P2_triple,P2_triple,sc11,T5,20,50,c043,"['c043', 'c144']",0.725
val,563,G15,val,mid,P2_triple,P2_triple,sc11,T5,62,155,c144,['c144'],1.0
val,563,G15,val,mid,P2_triple,P2_triple,sc11,T5,104,260,c144,"['c144', 'c413']",0.725
val,563,G15,val,mid,P2_triple,P2_triple,sc11,T5,147,367,c413,"['c143', 'c413']",0.75
val,563,G15,val,mid,P2_triple,P2_triple,sc11,T5,189,472,c143,"['c143', 'c222']",0.9
val,563,G15,val,mid,P2_triple,P2_triple,sc11,T5,231,577,c222,['c222'],1.0
val,540,G15,val,nominal,P0_seen_cell,P0_seen_cell,sc00,T0,20,50,c422,"['c024', 'c302', 'c422']",0.425
val,540,G15,val,nominal,P0_seen_cell,P0_seen_cell,sc00,T0,62,155,c022,"['c022', 'c231']",0.575
val,540,G15,val,nominal,P0_seen_cell,P0_seen_cell,sc00,T0,104,260,c243,"['c123', 'c243']",0.575
val,540,G15,val,nominal,P0_seen_cell,P0_seen_cell,sc00,T0,147,367,c123,"['c123', 'c241']",0.75
val,540,G15,val,nominal,P0_seen_cell,P0_seen_cell,sc00,T0,189,472,c222,['c222'],1.0
val,540,G15,val,nominal,P0_seen_cell,P0_seen_cell,sc00,T0,231,577,c222,['c222'],1.0
val,541,G15,val,nominal,P0_seen_cell,P0_seen_cell,sc01,T1,20,50,c242,"['c032', 'c242']",0.725
val,541,G15,val,nominal,P0_seen_cell,P0_seen_cell,sc01,T1,62,155,c032,"['c032', 'c220', 'c322']",0.45
val,541,G15,val,nominal,P0_seen_cell,P0_seen_cell,sc01,T1,104,260,c042,"['c042', 'c132']",0.725
val,541,G15,val,nominal,P0_seen_cell,P0_seen_cell,sc01,T1,147,367,c132,"['c132', 'c204']",0.6
val,541,G15,val,nominal,P0_seen_cell,P0_seen_cell,sc01,T1,189,472,c023,"['c023', 'c222']",0.55
val,541,G15,val,nominal,P0_seen_cell,P0_seen_cell,sc01,T1,231,577,c222,['c222'],1.0
val,542,G15,val,nominal,P0_seen_cell,P0_seen_cell,sc02,T2,20,50,c223,"['c203', 'c223']",0.725
val,542,G15,val,nominal,P0_seen_cell,P0_seen_cell,sc02,T2,62,155,c213,"['c213', 'c232']",0.725
val,542,G15,val,nominal,P0_seen_cell,P0_seen_cell,sc02,T2,104,260,c224,"['c202', 'c221', 'c224']",0.425
val,542,G15,val,nominal,P0_seen_cell,P0_seen_cell,sc02,T2,147,367,c221,"['c142', 'c221', 'c222']",0.475
val,542,G15,val,nominal,P0_seen_cell,P0_seen_cell,sc02,T2,189,472,c222,['c222'],1.0
val,542,G15,val,nominal,P0_seen_cell,P0_seen_cell,sc02,T2,231,577,c222,['c222'],1.0
val,543,G15,val,nominal,P0_seen_cell,P0_seen_cell,sc03,T3,20,50,c212,"['c212', 'c244']",0.575
val,543,G15,val,nominal,P0_seen_cell,P0_seen_cell,sc03,T3,62,155,c244,"['c240', 'c244', 'c312']",0.6
val,543,G15,val,nominal,P0_seen_cell,P0_seen_cell,sc03,T3,105,262,c240,"['c122', 'c124', 'c240']",0.475
val,543,G15,val,nominal,P0_seen_cell,P0_seen_cell,sc03,T3,147,367,c124,"['c124', 'c214', 'c230']",0.45
val,543,G15,val,nominal,P0_seen_cell,P0_seen_cell,sc03,T3,190,475,c222,['c222'],1.0
val,543,G15,val,nominal,P0_seen_cell,P0_seen_cell,sc03,T3,232,580,c222,['c222'],1.0
val,544,G15,val,nominal,P1_heldout_pair,P1_heldout_pair,sc04,T4,20,50,c323,"['c112', 'c323']",0.7
val,544,G15,val,nominal,P1_heldout_pair,P1_heldout_pair,sc04,T4,62,155,c323,"['c002', 'c323']",0.875
val,544,G15,val,nominal,P1_heldout_pair,P1_heldout_pair,sc04,T4,104,260,c002,"['c002', 'c233', 'c332']",0.6
val,544,G15,val,nominal,P1_heldout_pair,P1_heldout_pair,sc04,T4,147,367,c332,"['c020', 'c332']",0.6
val,544,G15,val,nominal,P1_heldout_pair,P1_heldout_pair,sc04,T4,189,472,c222,['c222'],1.0
val,544,G15,val,nominal,P1_heldout_pair,P1_heldout_pair,sc04,T4,231,577,c222,['c222'],1.0
val,545,G15,val,nominal,P1_heldout_pair,P1_heldout_pair,sc05,T5,20,50,c020,"['c002', 'c020', 'c200']",0.6
val,545,G15,val,nominal,P1_heldout_pair,P1_heldout_pair,sc05,T5,62,155,c002,"['c002', 'c233']",0.725
val,545,G15,val,nominal,P1_heldout_pair,P1_heldout_pair,sc05,T5,104,260,c002,"['c002', 'c112']",0.725
val,545,G15,val,nominal,P1_heldout_pair,P1_heldout_pair,sc05,T5,147,367,c112,"['c112', 'c121', 'c211']",0.45
val,545,G15,val,nominal,P1_heldout_pair,P1_heldout_pair,sc05,T5,189,472,c211,"['c211', 'c222']",0.9
val,545,G15,val,nominal,P1_heldout_pair,P1_heldout_pair,sc05,T5,231,577,c222,['c222'],1.0
val,546,G15,val,nominal,P1_heldout_pair,P1_heldout_pair,sc06,T0,20,50,c200,"['c002', 'c200', 'c233']",0.425
val,546,G15,val,nominal,P1_heldout_pair,P1_heldout_pair,sc06,T0,62,155,c112,"['c112', 'c332']",0.575
val,546,G15,val,nominal,P1_heldout_pair,P1_heldout_pair,sc06,T0,104,260,c121,"['c020', 'c121']",0.575
val,546,G15,val,nominal,P1_heldout_pair,P1_heldout_pair,sc06,T0,147,367,c020,"['c020', 'c121']",0.75
val,546,G15,val,nominal,P1_heldout_pair,P1_heldout_pair,sc06,T0,189,472,c222,['c222'],1.0
val,546,G15,val,nominal,P1_heldout_pair,P1_heldout_pair,sc06,T0,231,577,c222,['c222'],1.0
val,547,G15,val,nominal,P1_heldout_pair,P1_heldout_pair,sc07,T1,20,50,c121,"['c121', 'c332']",0.725
val,547,G15,val,nominal,P1_heldout_pair,P1_heldout_pair,sc07,T1,62,155,c332,"['c112', 'c200', 'c332']",0.45
val,547,G15,val,nominal,P1_heldout_pair,P1_heldout_pair,sc07,T1,104,260,c332,"['c020', 'c332']",0.725
val,547,G15,val,nominal,P1_heldout_pair,P1_heldout_pair,sc07,T1,147,367,c020,"['c020', 'c211']",0.6
val,547,G15,val,nominal,P1_heldout_pair,P1_heldout_pair,sc07,T1,189,472,c211,"['c211', 'c222']",0.55
val,547,G15,val,nominal,P1_heldout_pair,P1_heldout_pair,sc07,T1,231,577,c222,['c222'],1.0
val,548,G15,val,nominal,P2_triple,P2_triple,sc08,T2,20,50,c144,"['c044', 'c144']",0.725
val,548,G15,val,nominal,P2_triple,P2_triple,sc08,T2,62,155,c143,"['c044', 'c143']",0.725
val,548,G15,val,nominal,P2_triple,P2_triple,sc08,T2,104,260,c144,"['c043', 'c144', 'c413']",0.425
val,548,G15,val,nominal,P2_triple,P2_triple,sc08,T2,147,367,c413,"['c044', 'c222', 'c413']",0.475
val,548,G15,val,nominal,P2_triple,P2_triple,sc08,T2,189,472,c222,['c222'],1.0
val,548,G15,val,nominal,P2_triple,P2_triple,sc08,T2,231,577,c222,['c222'],1.0
val,549,G15,val,nominal,P2_triple,P2_triple,sc09,T3,20,50,c143,"['c044', 'c143']",0.575
val,549,G15,val,nominal,P2_triple,P2_triple,sc09,T3,62,155,c044,"['c044', 'c413']",0.725
val,549,G15,val,nominal,P2_triple,P2_triple,sc09,T3,105,262,c413,"['c043', 'c044', 'c413']",0.475
val,549,G15,val,nominal,P2_triple,P2_triple,sc09,T3,147,367,c044,"['c043', 'c044']",0.55
val,549,G15,val,nominal,P2_triple,P2_triple,sc09,T3,190,475,c222,['c222'],1.0
val,549,G15,val,nominal,P2_triple,P2_triple,sc09,T3,232,580,c222,['c222'],1.0
val,550,G15,val,nominal,P2_triple,P2_triple,sc10,T4,20,50,c144,"['c043', 'c143', 'c144']",0.425
val,550,G15,val,nominal,P2_triple,P2_triple,sc10,T4,62,155,c143,"['c043', 'c143', 'c413']",0.75
val,550,G15,val,nominal,P2_triple,P2_triple,sc10,T4,104,260,c043,"['c043', 'c143', 'c413']",0.6
val,550,G15,val,nominal,P2_triple,P2_triple,sc10,T4,147,367,c413,"['c143', 'c413']",0.6
val,550,G15,val,nominal,P2_triple,P2_triple,sc10,T4,189,472,c222,['c222'],1.0
val,550,G15,val,nominal,P2_triple,P2_triple,sc10,T4,231,577,c222,['c222'],1.0
val,551,G15,val,nominal,P2_triple,P2_triple,sc11,T5,20,50,c043,"['c043', 'c144']",0.725
val,551,G15,val,nominal,P2_triple,P2_triple,sc11,T5,62,155,c144,['c144'],1.0
val,551,G15,val,nominal,P2_triple,P2_triple,sc11,T5,104,260,c144,"['c144', 'c413']",0.725
val,551,G15,val,nominal,P2_triple,P2_triple,sc11,T5,147,367,c413,"['c143', 'c413']",0.75
val,551,G15,val,nominal,P2_triple,P2_triple,sc11,T5,189,472,c143,"['c143', 'c222']",0.9
val,551,G15,val,nominal,P2_triple,P2_triple,sc11,T5,231,577,c222,['c222'],1.0
val,600,G16,val,low,P0_seen_cell,P0_seen_cell,sc00,T0,20,50,c204,"['c204', 'c231', 'c244']",0.425
val,600,G16,val,low,P0_seen_cell,P0_seen_cell,sc00,T0,62,155,c422,"['c240', 'c422']",0.575
val,600,G16,val,low,P0_seen_cell,P0_seen_cell,sc00,T0,104,260,c213,"['c213', 'c232']",0.575
val,600,G16,val,low,P0_seen_cell,P0_seen_cell,sc00,T0,147,367,c232,"['c022', 'c232']",0.75
val,600,G16,val,low,P0_seen_cell,P0_seen_cell,sc00,T0,189,472,c222,['c222'],1.0
val,600,G16,val,low,P0_seen_cell,P0_seen_cell,sc00,T0,231,577,c222,['c222'],1.0
val,601,G16,val,low,P0_seen_cell,P0_seen_cell,sc01,T1,20,50,c122,"['c042', 'c122']",0.725
val,601,G16,val,low,P0_seen_cell,P0_seen_cell,sc01,T1,62,155,c042,"['c042', 'c132', 'c214']",0.45
val,601,G16,val,low,P0_seen_cell,P0_seen_cell,sc01,T1,104,260,c023,"['c023', 'c302']",0.725
val,601,G16,val,low,P0_seen_cell,P0_seen_cell,sc01,T1,147,367,c302,"['c212', 'c302']",0.6
val,601,G16,val,low,P0_seen_cell,P0_seen_cell,sc01,T1,189,472,c123,"['c123', 'c222']",0.55
val,601,G16,val,low,P0_seen_cell,P0_seen_cell,sc01,T1,231,577,c222,['c222'],1.0
val,602,G16,val,low,P0_seen_cell,P0_seen_cell,sc02,T2,20,50,c312,"['c124', 'c312']",0.725
val,602,G16,val,low,P0_seen_cell,P0_seen_cell,sc02,T2,62,155,c203,"['c203', 'c220']",0.725
val,602,G16,val,low,P0_seen_cell,P0_seen_cell,sc02,T2,104,260,c243,"['c223', 'c243', 'c322']",0.425
val,602,G16,val,low,P0_seen_cell,P0_seen_cell,sc02,T2,147,367,c322,"['c222', 'c242', 'c322']",0.475
val,602,G16,val,low,P0_seen_cell,P0_seen_cell,sc02,T2,189,472,c222,['c222'],1.0
val,602,G16,val,low,P0_seen_cell,P0_seen_cell,sc02,T2,231,577,c222,['c222'],1.0
val,603,G16,val,low,P0_seen_cell,P0_seen_cell,sc03,T3,20,50,c241,"['c142', 'c241']",0.575
val,603,G16,val,low,P0_seen_cell,P0_seen_cell,sc03,T3,62,155,c142,"['c024', 'c142', 'c202']",0.6
val,603,G16,val,low,P0_seen_cell,P0_seen_cell,sc03,T3,105,262,c202,"['c032', 'c202', 'c224']",0.475
val,603,G16,val,low,P0_seen_cell,P0_seen_cell,sc03,T3,147,367,c224,"['c221', 'c224', 'c230']",0.45
val,603,G16,val,low,P0_seen_cell,P0_seen_cell,sc03,T3,190,475,c222,['c222'],1.0
val,603,G16,val,low,P0_seen_cell,P0_seen_cell,sc03,T3,232,580,c222,['c222'],1.0
val,604,G16,val,low,P1_heldout_pair,P1_heldout_pair,sc04,T4,20,50,c112,"['c112', 'c121']",0.725
val,604,G16,val,low,P1_heldout_pair,P1_heldout_pair,sc04,T4,62,155,c121,"['c002', 'c121', 'c211']",0.75
val,604,G16,val,low,P1_heldout_pair,P1_heldout_pair,sc04,T4,104,260,c211,"['c200', 'c211', 'c332']",0.6
val,604,G16,val,low,P1_heldout_pair,P1_heldout_pair,sc04,T4,147,367,c332,"['c233', 'c332']",0.6
val,604,G16,val,low,P1_heldout_pair,P1_heldout_pair,sc04,T4,189,472,c222,['c222'],1.0
val,604,G16,val,low,P1_heldout_pair,P1_heldout_pair,sc04,T4,231,577,c222,['c222'],1.0
val,605,G16,val,low,P1_heldout_pair,P1_heldout_pair,sc05,T5,20,50,c002,"['c002', 'c020', 'c233']",0.6
val,605,G16,val,low,P1_heldout_pair,P1_heldout_pair,sc05,T5,62,155,c020,"['c020', 'c121']",0.725
val,605,G16,val,low,P1_heldout_pair,P1_heldout_pair,sc05,T5,104,260,c112,"['c112', 'c323']",0.725
val,605,G16,val,low,P1_heldout_pair,P1_heldout_pair,sc05,T5,147,367,c323,"['c002', 'c112', 'c323']",0.45
val,605,G16,val,low,P1_heldout_pair,P1_heldout_pair,sc05,T5,189,472,c112,"['c112', 'c222']",0.9
val,605,G16,val,low,P1_heldout_pair,P1_heldout_pair,sc05,T5,231,577,c222,['c222'],1.0
val,606,G16,val,low,P1_heldout_pair,P1_heldout_pair,sc06,T0,20,50,c002,"['c002', 'c020', 'c332']",0.425
val,606,G16,val,low,P1_heldout_pair,P1_heldout_pair,sc06,T0,62,155,c200,"['c200', 'c233']",0.575
val,606,G16,val,low,P1_heldout_pair,P1_heldout_pair,sc06,T0,104,260,c211,['c211'],1.0
val,606,G16,val,low,P1_heldout_pair,P1_heldout_pair,sc06,T0,147,367,c211,"['c200', 'c211']",0.75
val,606,G16,val,low,P1_heldout_pair,P1_heldout_pair,sc06,T0,189,472,c222,['c222'],1.0
val,606,G16,val,low,P1_heldout_pair,P1_heldout_pair,sc06,T0,231,577,c222,['c222'],1.0
val,607,G16,val,low,P1_heldout_pair,P1_heldout_pair,sc07,T1,20,50,c323,"['c121', 'c323']",0.725
val,607,G16,val,low,P1_heldout_pair,P1_heldout_pair,sc07,T1,62,155,c121,"['c121', 'c323']",0.55
val,607,G16,val,low,P1_heldout_pair,P1_heldout_pair,sc07,T1,104,260,c020,"['c020', 'c332']",0.725
val,607,G16,val,low,P1_heldout_pair,P1_heldout_pair,sc07,T1,147,367,c332,['c332'],1.0
val,607,G16,val,low,P1_heldout_pair,P1_heldout_pair,sc07,T1,189,472,c020,"['c020', 'c222']",0.55
val,607,G16,val,low,P1_heldout_pair,P1_heldout_pair,sc07,T1,231,577,c222,['c222'],1.0
val,608,G16,val,low,P2_triple,P2_triple,sc08,T2,20,50,c413,"['c144', 'c413']",0.725
val,608,G16,val,low,P2_triple,P2_triple,sc08,T2,62,155,c044,"['c044', 'c143']",0.725
val,608,G16,val,low,P2_triple,P2_triple,sc08,T2,104,260,c144,"['c044', 'c143', 'c144']",0.425
val,608,G16,val,low,P2_triple,P2_triple,sc08,T2,147,367,c143,"['c043', 'c143', 'c222']",0.475
val,608,G16,val,low,P2_triple,P2_triple,sc08,T2,189,472,c222,['c222'],1.0
val,608,G16,val,low,P2_triple,P2_triple,sc08,T2,231,577,c222,['c222'],1.0
val,609,G16,val,low,P2_triple,P2_triple,sc09,T3,20,50,c043,"['c043', 'c143']",0.575
val,609,G16,val,low,P2_triple,P2_triple,sc09,T3,62,155,c143,"['c044', 'c143', 'c144']",0.6
val,609,G16,val,low,P2_triple,P2_triple,sc09,T3,105,262,c144,"['c044', 'c143', 'c144']",0.475
val,609,G16,val,low,P2_triple,P2_triple,sc09,T3,147,367,c143,"['c143', 'c144']",0.725
val,609,G16,val,low,P2_triple,P2_triple,sc09,T3,190,475,c222,['c222'],1.0
val,609,G16,val,low,P2_triple,P2_triple,sc09,T3,232,580,c222,['c222'],1.0
val,610,G16,val,low,P2_triple,P2_triple,sc10,T4,20,50,c144,"['c044', 'c143', 'c144']",0.425
val,610,G16,val,low,P2_triple,P2_triple,sc10,T4,62,155,c143,"['c043', 'c143', 'c413']",0.75
val,610,G16,val,low,P2_triple,P2_triple,sc10,T4,104,260,c413,"['c043', 'c143', 'c413']",0.6
val,610,G16,val,low,P2_triple,P2_triple,sc10,T4,147,367,c043,"['c043', 'c413']",0.6
val,610,G16,val,low,P2_triple,P2_triple,sc10,T4,189,472,c222,['c222'],1.0
val,610,G16,val,low,P2_triple,P2_triple,sc10,T4,231,577,c222,['c222'],1.0
val,611,G16,val,low,P2_triple,P2_triple,sc11,T5,20,50,c143,"['c043', 'c143', 'c413']",0.6
val,611,G16,val,low,P2_triple,P2_triple,sc11,T5,62,155,c413,['c413'],1.0
val,611,G16,val,low,P2_triple,P2_triple,sc11,T5,104,260,c043,"['c043', 'c413']",0.725
val,611,G16,val,low,P2_triple,P2_triple,sc11,T5,147,367,c413,"['c044', 'c144', 'c413']",0.45
val,611,G16,val,low,P2_triple,P2_triple,sc11,T5,189,472,c044,"['c044', 'c222']",0.9
val,611,G16,val,low,P2_triple,P2_triple,sc11,T5,231,577,c222,['c222'],1.0
val,588,G16,val,mid,P0_seen_cell,P0_seen_cell,sc00,T0,20,50,c204,"['c204', 'c231', 'c244']",0.425
val,588,G16,val,mid,P0_seen_cell,P0_seen_cell,sc00,T0,62,155,c422,"['c240', 'c422']",0.575
val,588,G16,val,mid,P0_seen_cell,P0_seen_cell,sc00,T0,104,260,c213,"['c213', 'c232']",0.575
val,588,G16,val,mid,P0_seen_cell,P0_seen_cell,sc00,T0,147,367,c232,"['c022', 'c232']",0.75
val,588,G16,val,mid,P0_seen_cell,P0_seen_cell,sc00,T0,189,472,c222,['c222'],1.0
val,588,G16,val,mid,P0_seen_cell,P0_seen_cell,sc00,T0,231,577,c222,['c222'],1.0
val,589,G16,val,mid,P0_seen_cell,P0_seen_cell,sc01,T1,20,50,c122,"['c042', 'c122']",0.725
val,589,G16,val,mid,P0_seen_cell,P0_seen_cell,sc01,T1,62,155,c042,"['c042', 'c132', 'c214']",0.45
val,589,G16,val,mid,P0_seen_cell,P0_seen_cell,sc01,T1,104,260,c023,"['c023', 'c302']",0.725
val,589,G16,val,mid,P0_seen_cell,P0_seen_cell,sc01,T1,147,367,c302,"['c212', 'c302']",0.6
val,589,G16,val,mid,P0_seen_cell,P0_seen_cell,sc01,T1,189,472,c123,"['c123', 'c222']",0.55
val,589,G16,val,mid,P0_seen_cell,P0_seen_cell,sc01,T1,231,577,c222,['c222'],1.0
val,590,G16,val,mid,P0_seen_cell,P0_seen_cell,sc02,T2,20,50,c312,"['c124', 'c312']",0.725
val,590,G16,val,mid,P0_seen_cell,P0_seen_cell,sc02,T2,62,155,c203,"['c203', 'c220']",0.725
val,590,G16,val,mid,P0_seen_cell,P0_seen_cell,sc02,T2,104,260,c243,"['c223', 'c243', 'c322']",0.425
val,590,G16,val,mid,P0_seen_cell,P0_seen_cell,sc02,T2,147,367,c322,"['c222', 'c242', 'c322']",0.475
val,590,G16,val,mid,P0_seen_cell,P0_seen_cell,sc02,T2,189,472,c222,['c222'],1.0
val,590,G16,val,mid,P0_seen_cell,P0_seen_cell,sc02,T2,231,577,c222,['c222'],1.0
val,591,G16,val,mid,P0_seen_cell,P0_seen_cell,sc03,T3,20,50,c241,"['c142', 'c241']",0.575
val,591,G16,val,mid,P0_seen_cell,P0_seen_cell,sc03,T3,62,155,c142,"['c024', 'c142', 'c202']",0.6
val,591,G16,val,mid,P0_seen_cell,P0_seen_cell,sc03,T3,105,262,c202,"['c032', 'c202', 'c224']",0.475
val,591,G16,val,mid,P0_seen_cell,P0_seen_cell,sc03,T3,147,367,c224,"['c221', 'c224', 'c230']",0.45
val,591,G16,val,mid,P0_seen_cell,P0_seen_cell,sc03,T3,190,475,c222,['c222'],1.0
val,591,G16,val,mid,P0_seen_cell,P0_seen_cell,sc03,T3,232,580,c222,['c222'],1.0
val,592,G16,val,mid,P1_heldout_pair,P1_heldout_pair,sc04,T4,20,50,c112,"['c112', 'c121']",0.725
val,592,G16,val,mid,P1_heldout_pair,P1_heldout_pair,sc04,T4,62,155,c121,"['c002', 'c121', 'c211']",0.75
val,592,G16,val,mid,P1_heldout_pair,P1_heldout_pair,sc04,T4,104,260,c211,"['c200', 'c211', 'c332']",0.6
val,592,G16,val,mid,P1_heldout_pair,P1_heldout_pair,sc04,T4,147,367,c332,"['c233', 'c332']",0.6
val,592,G16,val,mid,P1_heldout_pair,P1_heldout_pair,sc04,T4,189,472,c222,['c222'],1.0
val,592,G16,val,mid,P1_heldout_pair,P1_heldout_pair,sc04,T4,231,577,c222,['c222'],1.0
val,593,G16,val,mid,P1_heldout_pair,P1_heldout_pair,sc05,T5,20,50,c002,"['c002', 'c020', 'c233']",0.6
val,593,G16,val,mid,P1_heldout_pair,P1_heldout_pair,sc05,T5,62,155,c020,"['c020', 'c121']",0.725
val,593,G16,val,mid,P1_heldout_pair,P1_heldout_pair,sc05,T5,104,260,c112,"['c112', 'c323']",0.725
val,593,G16,val,mid,P1_heldout_pair,P1_heldout_pair,sc05,T5,147,367,c323,"['c002', 'c112', 'c323']",0.45
val,593,G16,val,mid,P1_heldout_pair,P1_heldout_pair,sc05,T5,189,472,c112,"['c112', 'c222']",0.9
val,593,G16,val,mid,P1_heldout_pair,P1_heldout_pair,sc05,T5,231,577,c222,['c222'],1.0
val,594,G16,val,mid,P1_heldout_pair,P1_heldout_pair,sc06,T0,20,50,c002,"['c002', 'c020', 'c332']",0.425
val,594,G16,val,mid,P1_heldout_pair,P1_heldout_pair,sc06,T0,62,155,c200,"['c200', 'c233']",0.575
val,594,G16,val,mid,P1_heldout_pair,P1_heldout_pair,sc06,T0,104,260,c211,['c211'],1.0
val,594,G16,val,mid,P1_heldout_pair,P1_heldout_pair,sc06,T0,147,367,c211,"['c200', 'c211']",0.75
val,594,G16,val,mid,P1_heldout_pair,P1_heldout_pair,sc06,T0,189,472,c222,['c222'],1.0
val,594,G16,val,mid,P1_heldout_pair,P1_heldout_pair,sc06,T0,231,577,c222,['c222'],1.0
val,595,G16,val,mid,P1_heldout_pair,P1_heldout_pair,sc07,T1,20,50,c323,"['c121', 'c323']",0.725
val,595,G16,val,mid,P1_heldout_pair,P1_heldout_pair,sc07,T1,62,155,c121,"['c121', 'c323']",0.55
val,595,G16,val,mid,P1_heldout_pair,P1_heldout_pair,sc07,T1,104,260,c020,"['c020', 'c332']",0.725
val,595,G16,val,mid,P1_heldout_pair,P1_heldout_pair,sc07,T1,147,367,c332,['c332'],1.0
val,595,G16,val,mid,P1_heldout_pair,P1_heldout_pair,sc07,T1,189,472,c020,"['c020', 'c222']",0.55
val,595,G16,val,mid,P1_heldout_pair,P1_heldout_pair,sc07,T1,231,577,c222,['c222'],1.0
val,596,G16,val,mid,P2_triple,P2_triple,sc08,T2,20,50,c413,"['c144', 'c413']",0.725
val,596,G16,val,mid,P2_triple,P2_triple,sc08,T2,62,155,c044,"['c044', 'c143']",0.725
val,596,G16,val,mid,P2_triple,P2_triple,sc08,T2,104,260,c144,"['c044', 'c143', 'c144']",0.425
val,596,G16,val,mid,P2_triple,P2_triple,sc08,T2,147,367,c143,"['c043', 'c143', 'c222']",0.475
val,596,G16,val,mid,P2_triple,P2_triple,sc08,T2,189,472,c222,['c222'],1.0
val,596,G16,val,mid,P2_triple,P2_triple,sc08,T2,231,577,c222,['c222'],1.0
val,597,G16,val,mid,P2_triple,P2_triple,sc09,T3,20,50,c043,"['c043', 'c143']",0.575
val,597,G16,val,mid,P2_triple,P2_triple,sc09,T3,62,155,c143,"['c044', 'c143', 'c144']",0.6
val,597,G16,val,mid,P2_triple,P2_triple,sc09,T3,105,262,c144,"['c044', 'c143', 'c144']",0.475
val,597,G16,val,mid,P2_triple,P2_triple,sc09,T3,147,367,c143,"['c143', 'c144']",0.725
val,597,G16,val,mid,P2_triple,P2_triple,sc09,T3,190,475,c222,['c222'],1.0
val,597,G16,val,mid,P2_triple,P2_triple,sc09,T3,232,580,c222,['c222'],1.0
val,598,G16,val,mid,P2_triple,P2_triple,sc10,T4,20,50,c144,"['c044', 'c143', 'c144']",0.425
val,598,G16,val,mid,P2_triple,P2_triple,sc10,T4,62,155,c143,"['c043', 'c143', 'c413']",0.75
val,598,G16,val,mid,P2_triple,P2_triple,sc10,T4,104,260,c413,"['c043', 'c143', 'c413']",0.6
val,598,G16,val,mid,P2_triple,P2_triple,sc10,T4,147,367,c043,"['c043', 'c413']",0.6
val,598,G16,val,mid,P2_triple,P2_triple,sc10,T4,189,472,c222,['c222'],1.0
val,598,G16,val,mid,P2_triple,P2_triple,sc10,T4,231,577,c222,['c222'],1.0
val,599,G16,val,mid,P2_triple,P2_triple,sc11,T5,20,50,c143,"['c043', 'c143', 'c413']",0.6
val,599,G16,val,mid,P2_triple,P2_triple,sc11,T5,62,155,c413,['c413'],1.0
val,599,G16,val,mid,P2_triple,P2_triple,sc11,T5,104,260,c043,"['c043', 'c413']",0.725
val,599,G16,val,mid,P2_triple,P2_triple,sc11,T5,147,367,c413,"['c044', 'c144', 'c413']",0.45
val,599,G16,val,mid,P2_triple,P2_triple,sc11,T5,189,472,c044,"['c044', 'c222']",0.9
val,599,G16,val,mid,P2_triple,P2_triple,sc11,T5,231,577,c222,['c222'],1.0
val,576,G16,val,nominal,P0_seen_cell,P0_seen_cell,sc00,T0,20,50,c204,"['c204', 'c231', 'c244']",0.425
val,576,G16,val,nominal,P0_seen_cell,P0_seen_cell,sc00,T0,62,155,c422,"['c240', 'c422']",0.575
val,576,G16,val,nominal,P0_seen_cell,P0_seen_cell,sc00,T0,104,260,c213,"['c213', 'c232']",0.575
val,576,G16,val,nominal,P0_seen_cell,P0_seen_cell,sc00,T0,147,367,c232,"['c022', 'c232']",0.75
val,576,G16,val,nominal,P0_seen_cell,P0_seen_cell,sc00,T0,189,472,c222,['c222'],1.0
val,576,G16,val,nominal,P0_seen_cell,P0_seen_cell,sc00,T0,231,577,c222,['c222'],1.0
val,577,G16,val,nominal,P0_seen_cell,P0_seen_cell,sc01,T1,20,50,c122,"['c042', 'c122']",0.725
val,577,G16,val,nominal,P0_seen_cell,P0_seen_cell,sc01,T1,62,155,c042,"['c042', 'c132', 'c214']",0.45
val,577,G16,val,nominal,P0_seen_cell,P0_seen_cell,sc01,T1,104,260,c023,"['c023', 'c302']",0.725
val,577,G16,val,nominal,P0_seen_cell,P0_seen_cell,sc01,T1,147,367,c302,"['c212', 'c302']",0.6
val,577,G16,val,nominal,P0_seen_cell,P0_seen_cell,sc01,T1,189,472,c123,"['c123', 'c222']",0.55
val,577,G16,val,nominal,P0_seen_cell,P0_seen_cell,sc01,T1,231,577,c222,['c222'],1.0
val,578,G16,val,nominal,P0_seen_cell,P0_seen_cell,sc02,T2,20,50,c312,"['c124', 'c312']",0.725
val,578,G16,val,nominal,P0_seen_cell,P0_seen_cell,sc02,T2,62,155,c203,"['c203', 'c220']",0.725
val,578,G16,val,nominal,P0_seen_cell,P0_seen_cell,sc02,T2,104,260,c243,"['c223', 'c243', 'c322']",0.425
val,578,G16,val,nominal,P0_seen_cell,P0_seen_cell,sc02,T2,147,367,c322,"['c222', 'c242', 'c322']",0.475
val,578,G16,val,nominal,P0_seen_cell,P0_seen_cell,sc02,T2,189,472,c222,['c222'],1.0
val,578,G16,val,nominal,P0_seen_cell,P0_seen_cell,sc02,T2,231,577,c222,['c222'],1.0
val,579,G16,val,nominal,P0_seen_cell,P0_seen_cell,sc03,T3,20,50,c241,"['c142', 'c241']",0.575
val,579,G16,val,nominal,P0_seen_cell,P0_seen_cell,sc03,T3,62,155,c142,"['c024', 'c142', 'c202']",0.6
val,579,G16,val,nominal,P0_seen_cell,P0_seen_cell,sc03,T3,105,262,c202,"['c032', 'c202', 'c224']",0.475
val,579,G16,val,nominal,P0_seen_cell,P0_seen_cell,sc03,T3,147,367,c224,"['c221', 'c224', 'c230']",0.45
val,579,G16,val,nominal,P0_seen_cell,P0_seen_cell,sc03,T3,190,475,c222,['c222'],1.0
val,579,G16,val,nominal,P0_seen_cell,P0_seen_cell,sc03,T3,232,580,c222,['c222'],1.0
val,580,G16,val,nominal,P1_heldout_pair,P1_heldout_pair,sc04,T4,20,50,c112,"['c112', 'c121']",0.725
val,580,G16,val,nominal,P1_heldout_pair,P1_heldout_pair,sc04,T4,62,155,c121,"['c002', 'c121', 'c211']",0.75
val,580,G16,val,nominal,P1_heldout_pair,P1_heldout_pair,sc04,T4,104,260,c211,"['c200', 'c211', 'c332']",0.6
val,580,G16,val,nominal,P1_heldout_pair,P1_heldout_pair,sc04,T4,147,367,c332,"['c233', 'c332']",0.6
val,580,G16,val,nominal,P1_heldout_pair,P1_heldout_pair,sc04,T4,189,472,c222,['c222'],1.0
val,580,G16,val,nominal,P1_heldout_pair,P1_heldout_pair,sc04,T4,231,577,c222,['c222'],1.0
val,581,G16,val,nominal,P1_heldout_pair,P1_heldout_pair,sc05,T5,20,50,c002,"['c002', 'c020', 'c233']",0.6
val,581,G16,val,nominal,P1_heldout_pair,P1_heldout_pair,sc05,T5,62,155,c020,"['c020', 'c121']",0.725
val,581,G16,val,nominal,P1_heldout_pair,P1_heldout_pair,sc05,T5,104,260,c112,"['c112', 'c323']",0.725
val,581,G16,val,nominal,P1_heldout_pair,P1_heldout_pair,sc05,T5,147,367,c323,"['c002', 'c112', 'c323']",0.45
val,581,G16,val,nominal,P1_heldout_pair,P1_heldout_pair,sc05,T5,189,472,c112,"['c112', 'c222']",0.9
val,581,G16,val,nominal,P1_heldout_pair,P1_heldout_pair,sc05,T5,231,577,c222,['c222'],1.0
val,582,G16,val,nominal,P1_heldout_pair,P1_heldout_pair,sc06,T0,20,50,c002,"['c002', 'c020', 'c332']",0.425
val,582,G16,val,nominal,P1_heldout_pair,P1_heldout_pair,sc06,T0,62,155,c200,"['c200', 'c233']",0.575
val,582,G16,val,nominal,P1_heldout_pair,P1_heldout_pair,sc06,T0,104,260,c211,['c211'],1.0
val,582,G16,val,nominal,P1_heldout_pair,P1_heldout_pair,sc06,T0,147,367,c211,"['c200', 'c211']",0.75
val,582,G16,val,nominal,P1_heldout_pair,P1_heldout_pair,sc06,T0,189,472,c222,['c222'],1.0
val,582,G16,val,nominal,P1_heldout_pair,P1_heldout_pair,sc06,T0,231,577,c222,['c222'],1.0
val,583,G16,val,nominal,P1_heldout_pair,P1_heldout_pair,sc07,T1,20,50,c323,"['c121', 'c323']",0.725
val,583,G16,val,nominal,P1_heldout_pair,P1_heldout_pair,sc07,T1,62,155,c121,"['c121', 'c323']",0.55
val,583,G16,val,nominal,P1_heldout_pair,P1_heldout_pair,sc07,T1,104,260,c020,"['c020', 'c332']",0.725
val,583,G16,val,nominal,P1_heldout_pair,P1_heldout_pair,sc07,T1,147,367,c332,['c332'],1.0
val,583,G16,val,nominal,P1_heldout_pair,P1_heldout_pair,sc07,T1,189,472,c020,"['c020', 'c222']",0.55
val,583,G16,val,nominal,P1_heldout_pair,P1_heldout_pair,sc07,T1,231,577,c222,['c222'],1.0
val,584,G16,val,nominal,P2_triple,P2_triple,sc08,T2,20,50,c413,"['c144', 'c413']",0.725
val,584,G16,val,nominal,P2_triple,P2_triple,sc08,T2,62,155,c044,"['c044', 'c143']",0.725
val,584,G16,val,nominal,P2_triple,P2_triple,sc08,T2,104,260,c144,"['c044', 'c143', 'c144']",0.425
val,584,G16,val,nominal,P2_triple,P2_triple,sc08,T2,147,367,c143,"['c043', 'c143', 'c222']",0.475
val,584,G16,val,nominal,P2_triple,P2_triple,sc08,T2,189,472,c222,['c222'],1.0
val,584,G16,val,nominal,P2_triple,P2_triple,sc08,T2,231,577,c222,['c222'],1.0
val,585,G16,val,nominal,P2_triple,P2_triple,sc09,T3,20,50,c043,"['c043', 'c143']",0.575
val,585,G16,val,nominal,P2_triple,P2_triple,sc09,T3,62,155,c143,"['c044', 'c143', 'c144']",0.6
val,585,G16,val,nominal,P2_triple,P2_triple,sc09,T3,105,262,c144,"['c044', 'c143', 'c144']",0.475
val,585,G16,val,nominal,P2_triple,P2_triple,sc09,T3,147,367,c143,"['c143', 'c144']",0.725
val,585,G16,val,nominal,P2_triple,P2_triple,sc09,T3,190,475,c222,['c222'],1.0
val,585,G16,val,nominal,P2_triple,P2_triple,sc09,T3,232,580,c222,['c222'],1.0
val,586,G16,val,nominal,P2_triple,P2_triple,sc10,T4,20,50,c144,"['c044', 'c143', 'c144']",0.425
val,586,G16,val,nominal,P2_triple,P2_triple,sc10,T4,62,155,c143,"['c043', 'c143', 'c413']",0.75
val,586,G16,val,nominal,P2_triple,P2_triple,sc10,T4,104,260,c413,"['c043', 'c143', 'c413']",0.6
val,586,G16,val,nominal,P2_triple,P2_triple,sc10,T4,147,367,c043,"['c043', 'c413']",0.6
val,586,G16,val,nominal,P2_triple,P2_triple,sc10,T4,189,472,c222,['c222'],1.0
val,586,G16,val,nominal,P2_triple,P2_triple,sc10,T4,231,577,c222,['c222'],1.0
val,587,G16,val,nominal,P2_triple,P2_triple,sc11,T5,20,50,c143,"['c043', 'c143', 'c413']",0.6
val,587,G16,val,nominal,P2_triple,P2_triple,sc11,T5,62,155,c413,['c413'],1.0
val,587,G16,val,nominal,P2_triple,P2_triple,sc11,T5,104,260,c043,"['c043', 'c413']",0.725
val,587,G16,val,nominal,P2_triple,P2_triple,sc11,T5,147,367,c413,"['c044', 'c144', 'c413']",0.45
val,587,G16,val,nominal,P2_triple,P2_triple,sc11,T5,189,472,c044,"['c044', 'c222']",0.9
val,587,G16,val,nominal,P2_triple,P2_triple,sc11,T5,231,577,c222,['c222'],1.0
val,612,G17,val,nominal,P0_seen_cell,P0_seen_cell,sc00,T0,20,50,c212,"['c212', 'c231', 'c242']",0.425
val,612,G17,val,nominal,P0_seen_cell,P0_seen_cell,sc00,T0,62,155,c142,"['c042', 'c142']",0.575
val,612,G17,val,nominal,P0_seen_cell,P0_seen_cell,sc00,T0,104,260,c322,"['c221', 'c322']",0.575
val,612,G17,val,nominal,P0_seen_cell,P0_seen_cell,sc00,T0,147,367,c221,"['c214', 'c221']",0.75
val,612,G17,val,nominal,P0_seen_cell,P0_seen_cell,sc00,T0,189,472,c222,['c222'],1.0
val,612,G17,val,nominal,P0_seen_cell,P0_seen_cell,sc00,T0,231,577,c222,['c222'],1.0
val,613,G17,val,nominal,P0_seen_cell,P0_seen_cell,sc01,T1,20,50,c241,"['c024', 'c241']",0.725
val,613,G17,val,nominal,P0_seen_cell,P0_seen_cell,sc01,T1,62,155,c024,"['c024', 'c132', 'c224']",0.45
val,613,G17,val,nominal,P0_seen_cell,P0_seen_cell,sc01,T1,104,260,c220,"['c220', 'c302']",0.725
val,613,G17,val,nominal,P0_seen_cell,P0_seen_cell,sc01,T1,147,367,c302,"['c032', 'c302']",0.6
val,613,G17,val,nominal,P0_seen_cell,P0_seen_cell,sc01,T1,189,472,c232,"['c222', 'c232']",0.55
val,613,G17,val,nominal,P0_seen_cell,P0_seen_cell,sc01,T1,231,577,c222,['c222'],1.0
val,614,G17,val,nominal,P0_seen_cell,P0_seen_cell,sc02,T2,20,50,c123,"['c123', 'c213']",0.725
val,614,G17,val,nominal,P0_seen_cell,P0_seen_cell,sc02,T2,62,155,c312,"['c202', 'c312']",0.725
val,614,G17,val,nominal,P0_seen_cell,P0_seen_cell,sc02,T2,104,260,c240,"['c203', 'c204', 'c240']",0.425
val,614,G17,val,nominal,P0_seen_cell,P0_seen_cell,sc02,T2,147,367,c203,"['c023', 'c203', 'c222']",0.475
val,614,G17,val,nominal,P0_seen_cell,P0_seen_cell,sc02,T2,189,472,c222,['c222'],1.0
val,614,G17,val,nominal,P0_seen_cell,P0_seen_cell,sc02,T2,231,577,c222,['c222'],1.0
val,615,G17,val,nominal,P0_seen_cell,P0_seen_cell,sc03,T3,20,50,c223,"['c223', 'c230']",0.575
val,615,G17,val,nominal,P0_seen_cell,P0_seen_cell,sc03,T3,62,155,c230,"['c022', 'c230', 'c243']",0.6
val,615,G17,val,nominal,P0_seen_cell,P0_seen_cell,sc03,T3,105,262,c022,"['c022', 'c122', 'c422']",0.475
val,615,G17,val,nominal,P0_seen_cell,P0_seen_cell,sc03,T3,147,367,c122,"['c122', 'c124', 'c244']",0.45
val,615,G17,val,nominal,P0_seen_cell,P0_seen_cell,sc03,T3,190,475,c222,['c222'],1.0
val,615,G17,val,nominal,P0_seen_cell,P0_seen_cell,sc03,T3,232,580,c222,['c222'],1.0
val,616,G17,val,nominal,P1_heldout_pair,P1_heldout_pair,sc04,T4,20,50,c332,"['c020', 'c332']",0.7
val,616,G17,val,nominal,P1_heldout_pair,P1_heldout_pair,sc04,T4,62,155,c332,"['c020', 'c323', 'c332']",0.75
val,616,G17,val,nominal,P1_heldout_pair,P1_heldout_pair,sc04,T4,104,260,c020,"['c020', 'c121', 'c323']",0.6
val,616,G17,val,nominal,P1_heldout_pair,P1_heldout_pair,sc04,T4,147,367,c323,"['c002', 'c323']",0.6
val,616,G17,val,nominal,P1_heldout_pair,P1_heldout_pair,sc04,T4,189,472,c222,['c222'],1.0
val,616,G17,val,nominal,P1_heldout_pair,P1_heldout_pair,sc04,T4,231,577,c222,['c222'],1.0
val,617,G17,val,nominal,P1_heldout_pair,P1_heldout_pair,sc05,T5,20,50,c200,"['c200', 'c211']",0.6
val,617,G17,val,nominal,P1_heldout_pair,P1_heldout_pair,sc05,T5,62,155,c200,"['c121', 'c200']",0.725
val,617,G17,val,nominal,P1_heldout_pair,P1_heldout_pair,sc05,T5,104,260,c002,['c002'],1.0
val,617,G17,val,nominal,P1_heldout_pair,P1_heldout_pair,sc05,T5,147,367,c002,"['c002', 'c211', 'c332']",0.45
val,617,G17,val,nominal,P1_heldout_pair,P1_heldout_pair,sc05,T5,189,472,c211,"['c211', 'c222']",0.9
val,617,G17,val,nominal,P1_heldout_pair,P1_heldout_pair,sc05,T5,231,577,c222,['c222'],1.0
val,618,G17,val,nominal,P1_heldout_pair,P1_heldout_pair,sc06,T0,20,50,c112,"['c112', 'c323']",0.7
val,618,G17,val,nominal,P1_heldout_pair,P1_heldout_pair,sc06,T0,62,155,c332,"['c233', 'c332']",0.575
val,618,G17,val,nominal,P1_heldout_pair,P1_heldout_pair,sc06,T0,104,260,c233,"['c002', 'c233']",0.575
val,618,G17,val,nominal,P1_heldout_pair,P1_heldout_pair,sc06,T0,147,367,c002,"['c002', 'c121']",0.75
val,618,G17,val,nominal,P1_heldout_pair,P1_heldout_pair,sc06,T0,189,472,c222,['c222'],1.0
val,618,G17,val,nominal,P1_heldout_pair,P1_heldout_pair,sc06,T0,231,577,c222,['c222'],1.0
val,619,G17,val,nominal,P1_heldout_pair,P1_heldout_pair,sc07,T1,20,50,c020,"['c020', 'c121']",0.725
val,619,G17,val,nominal,P1_heldout_pair,P1_heldout_pair,sc07,T1,62,155,c121,"['c112', 'c121', 'c200']",0.45
val,619,G17,val,nominal,P1_heldout_pair,P1_heldout_pair,sc07,T1,104,260,c211,"['c112', 'c211']",0.725
val,619,G17,val,nominal,P1_heldout_pair,P1_heldout_pair,sc07,T1,147,367,c112,"['c020', 'c112']",0.6
val,619,G17,val,nominal,P1_heldout_pair,P1_heldout_pair,sc07,T1,189,472,c233,"['c222', 'c233']",0.55
val,619,G17,val,nominal,P1_heldout_pair,P1_heldout_pair,sc07,T1,231,577,c222,['c222'],1.0
val,620,G17,val,nominal,P2_triple,P2_triple,sc08,T2,20,50,c044,"['c044', 'c143']",0.725
val,620,G17,val,nominal,P2_triple,P2_triple,sc08,T2,62,155,c044,"['c043', 'c044']",0.725
val,620,G17,val,nominal,P2_triple,P2_triple,sc08,T2,104,260,c144,"['c043', 'c144']",0.575
val,620,G17,val,nominal,P2_triple,P2_triple,sc08,T2,147,367,c043,"['c043', 'c143', 'c222']",0.475
val,620,G17,val,nominal,P2_triple,P2_triple,sc08,T2,189,472,c222,['c222'],1.0
val,620,G17,val,nominal,P2_triple,P2_triple,sc08,T2,231,577,c222,['c222'],1.0
val,621,G17,val,nominal,P2_triple,P2_triple,sc09,T3,20,50,c043,"['c043', 'c144']",0.575
val,621,G17,val,nominal,P2_triple,P2_triple,sc09,T3,62,155,c144,"['c044', 'c144']",0.6
val,621,G17,val,nominal,P2_triple,P2_triple,sc09,T3,105,262,c144,"['c143', 'c144']",0.525
val,621,G17,val,nominal,P2_triple,P2_triple,sc09,T3,147,367,c144,"['c044', 'c144', 'c413']",0.45
val,621,G17,val,nominal,P2_triple,P2_triple,sc09,T3,190,475,c222,['c222'],1.0
val,621,G17,val,nominal,P2_triple,P2_triple,sc09,T3,232,580,c222,['c222'],1.0
val,622,G17,val,nominal,P2_triple,P2_triple,sc10,T4,20,50,c143,"['c044', 'c143', 'c413']",0.425
val,622,G17,val,nominal,P2_triple,P2_triple,sc10,T4,62,155,c413,['c413'],1.0
val,622,G17,val,nominal,P2_triple,P2_triple,sc10,T4,104,260,c413,"['c044', 'c143', 'c413']",0.6
val,622,G17,val,nominal,P2_triple,P2_triple,sc10,T4,147,367,c143,"['c143', 'c144']",0.6
val,622,G17,val,nominal,P2_triple,P2_triple,sc10,T4,189,472,c222,['c222'],1.0
val,622,G17,val,nominal,P2_triple,P2_triple,sc10,T4,231,577,c222,['c222'],1.0
val,623,G17,val,nominal,P2_triple,P2_triple,sc11,T5,20,50,c413,"['c043', 'c413']",0.875
val,623,G17,val,nominal,P2_triple,P2_triple,sc11,T5,62,155,c043,"['c043', 'c144']",0.725
val,623,G17,val,nominal,P2_triple,P2_triple,sc11,T5,104,260,c043,"['c043', 'c143']",0.725
val,623,G17,val,nominal,P2_triple,P2_triple,sc11,T5,147,367,c143,"['c143', 'c144']",0.55
val,623,G17,val,nominal,P2_triple,P2_triple,sc11,T5,189,472,c144,"['c144', 'c222']",0.9
val,623,G17,val,nominal,P2_triple,P2_triple,sc11,T5,231,577,c222,['c222'],1.0
val,624,G17,val,mid,P0_seen_cell,P0_seen_cell,sc00,T0,20,50,c212,"['c212', 'c231', 'c242']",0.425
val,624,G17,val,mid,P0_seen_cell,P0_seen_cell,sc00,T0,62,155,c142,"['c042', 'c142']",0.575
val,624,G17,val,mid,P0_seen_cell,P0_seen_cell,sc00,T0,104,260,c322,"['c221', 'c322']",0.575
val,624,G17,val,mid,P0_seen_cell,P0_seen_cell,sc00,T0,147,367,c221,"['c214', 'c221']",0.75
val,624,G17,val,mid,P0_seen_cell,P0_seen_cell,sc00,T0,189,472,c222,['c222'],1.0
val,624,G17,val,mid,P0_seen_cell,P0_seen_cell,sc00,T0,231,577,c222,['c222'],1.0
val,625,G17,val,mid,P0_seen_cell,P0_seen_cell,sc01,T1,20,50,c241,"['c024', 'c241']",0.725
val,625,G17,val,mid,P0_seen_cell,P0_seen_cell,sc01,T1,62,155,c024,"['c024', 'c132', 'c224']",0.45
val,625,G17,val,mid,P0_seen_cell,P0_seen_cell,sc01,T1,104,260,c220,"['c220', 'c302']",0.725
val,625,G17,val,mid,P0_seen_cell,P0_seen_cell,sc01,T1,147,367,c302,"['c032', 'c302']",0.6
val,625,G17,val,mid,P0_seen_cell,P0_seen_cell,sc01,T1,189,472,c232,"['c222', 'c232']",0.55
val,625,G17,val,mid,P0_seen_cell,P0_seen_cell,sc01,T1,231,577,c222,['c222'],1.0
val,626,G17,val,mid,P0_seen_cell,P0_seen_cell,sc02,T2,20,50,c123,"['c123', 'c213']",0.725
val,626,G17,val,mid,P0_seen_cell,P0_seen_cell,sc02,T2,62,155,c312,"['c202', 'c312']",0.725
val,626,G17,val,mid,P0_seen_cell,P0_seen_cell,sc02,T2,104,260,c240,"['c203', 'c204', 'c240']",0.425
val,626,G17,val,mid,P0_seen_cell,P0_seen_cell,sc02,T2,147,367,c203,"['c023', 'c203', 'c222']",0.475
val,626,G17,val,mid,P0_seen_cell,P0_seen_cell,sc02,T2,189,472,c222,['c222'],1.0
val,626,G17,val,mid,P0_seen_cell,P0_seen_cell,sc02,T2,231,577,c222,['c222'],1.0
val,627,G17,val,mid,P0_seen_cell,P0_seen_cell,sc03,T3,20,50,c223,"['c223', 'c230']",0.575
val,627,G17,val,mid,P0_seen_cell,P0_seen_cell,sc03,T3,62,155,c230,"['c022', 'c230', 'c243']",0.6
val,627,G17,val,mid,P0_seen_cell,P0_seen_cell,sc03,T3,105,262,c022,"['c022', 'c122', 'c422']",0.475
val,627,G17,val,mid,P0_seen_cell,P0_seen_cell,sc03,T3,147,367,c122,"['c122', 'c124', 'c244']",0.45
val,627,G17,val,mid,P0_seen_cell,P0_seen_cell,sc03,T3,190,475,c222,['c222'],1.0
val,627,G17,val,mid,P0_seen_cell,P0_seen_cell,sc03,T3,232,580,c222,['c222'],1.0
val,628,G17,val,mid,P1_heldout_pair,P1_heldout_pair,sc04,T4,20,50,c332,"['c020', 'c332']",0.7
val,628,G17,val,mid,P1_heldout_pair,P1_heldout_pair,sc04,T4,62,155,c332,"['c020', 'c323', 'c332']",0.75
val,628,G17,val,mid,P1_heldout_pair,P1_heldout_pair,sc04,T4,104,260,c020,"['c020', 'c121', 'c323']",0.6
val,628,G17,val,mid,P1_heldout_pair,P1_heldout_pair,sc04,T4,147,367,c323,"['c002', 'c323']",0.6
val,628,G17,val,mid,P1_heldout_pair,P1_heldout_pair,sc04,T4,189,472,c222,['c222'],1.0
val,628,G17,val,mid,P1_heldout_pair,P1_heldout_pair,sc04,T4,231,577,c222,['c222'],1.0
val,629,G17,val,mid,P1_heldout_pair,P1_heldout_pair,sc05,T5,20,50,c200,"['c200', 'c211']",0.6
val,629,G17,val,mid,P1_heldout_pair,P1_heldout_pair,sc05,T5,62,155,c200,"['c121', 'c200']",0.725
val,629,G17,val,mid,P1_heldout_pair,P1_heldout_pair,sc05,T5,104,260,c002,['c002'],1.0
val,629,G17,val,mid,P1_heldout_pair,P1_heldout_pair,sc05,T5,147,367,c002,"['c002', 'c211', 'c332']",0.45
val,629,G17,val,mid,P1_heldout_pair,P1_heldout_pair,sc05,T5,189,472,c211,"['c211', 'c222']",0.9
val,629,G17,val,mid,P1_heldout_pair,P1_heldout_pair,sc05,T5,231,577,c222,['c222'],1.0
val,630,G17,val,mid,P1_heldout_pair,P1_heldout_pair,sc06,T0,20,50,c112,"['c112', 'c323']",0.7
val,630,G17,val,mid,P1_heldout_pair,P1_heldout_pair,sc06,T0,62,155,c332,"['c233', 'c332']",0.575
val,630,G17,val,mid,P1_heldout_pair,P1_heldout_pair,sc06,T0,104,260,c233,"['c002', 'c233']",0.575
val,630,G17,val,mid,P1_heldout_pair,P1_heldout_pair,sc06,T0,147,367,c002,"['c002', 'c121']",0.75
val,630,G17,val,mid,P1_heldout_pair,P1_heldout_pair,sc06,T0,189,472,c222,['c222'],1.0
val,630,G17,val,mid,P1_heldout_pair,P1_heldout_pair,sc06,T0,231,577,c222,['c222'],1.0
val,631,G17,val,mid,P1_heldout_pair,P1_heldout_pair,sc07,T1,20,50,c020,"['c020', 'c121']",0.725
val,631,G17,val,mid,P1_heldout_pair,P1_heldout_pair,sc07,T1,62,155,c121,"['c112', 'c121', 'c200']",0.45
val,631,G17,val,mid,P1_heldout_pair,P1_heldout_pair,sc07,T1,104,260,c211,"['c112', 'c211']",0.725
val,631,G17,val,mid,P1_heldout_pair,P1_heldout_pair,sc07,T1,147,367,c112,"['c020', 'c112']",0.6
val,631,G17,val,mid,P1_heldout_pair,P1_heldout_pair,sc07,T1,189,472,c233,"['c222', 'c233']",0.55
val,631,G17,val,mid,P1_heldout_pair,P1_heldout_pair,sc07,T1,231,577,c222,['c222'],1.0
val,632,G17,val,mid,P2_triple,P2_triple,sc08,T2,20,50,c044,"['c044', 'c143']",0.725
val,632,G17,val,mid,P2_triple,P2_triple,sc08,T2,62,155,c044,"['c043', 'c044']",0.725
val,632,G17,val,mid,P2_triple,P2_triple,sc08,T2,104,260,c144,"['c043', 'c144']",0.575
val,632,G17,val,mid,P2_triple,P2_triple,sc08,T2,147,367,c043,"['c043', 'c143', 'c222']",0.475
val,632,G17,val,mid,P2_triple,P2_triple,sc08,T2,189,472,c222,['c222'],1.0
val,632,G17,val,mid,P2_triple,P2_triple,sc08,T2,231,577,c222,['c222'],1.0
val,633,G17,val,mid,P2_triple,P2_triple,sc09,T3,20,50,c043,"['c043', 'c144']",0.575
val,633,G17,val,mid,P2_triple,P2_triple,sc09,T3,62,155,c144,"['c044', 'c144']",0.6
val,633,G17,val,mid,P2_triple,P2_triple,sc09,T3,105,262,c144,"['c143', 'c144']",0.525
val,633,G17,val,mid,P2_triple,P2_triple,sc09,T3,147,367,c144,"['c044', 'c144', 'c413']",0.45
val,633,G17,val,mid,P2_triple,P2_triple,sc09,T3,190,475,c222,['c222'],1.0
val,633,G17,val,mid,P2_triple,P2_triple,sc09,T3,232,580,c222,['c222'],1.0
val,634,G17,val,mid,P2_triple,P2_triple,sc10,T4,20,50,c143,"['c044', 'c143', 'c413']",0.425
val,634,G17,val,mid,P2_triple,P2_triple,sc10,T4,62,155,c413,['c413'],1.0
val,634,G17,val,mid,P2_triple,P2_triple,sc10,T4,104,260,c413,"['c044', 'c143', 'c413']",0.6
val,634,G17,val,mid,P2_triple,P2_triple,sc10,T4,147,367,c143,"['c143', 'c144']",0.6
val,634,G17,val,mid,P2_triple,P2_triple,sc10,T4,189,472,c222,['c222'],1.0
val,634,G17,val,mid,P2_triple,P2_triple,sc10,T4,231,577,c222,['c222'],1.0
val,635,G17,val,mid,P2_triple,P2_triple,sc11,T5,20,50,c413,"['c043', 'c413']",0.875
val,635,G17,val,mid,P2_triple,P2_triple,sc11,T5,62,155,c043,"['c043', 'c144']",0.725
val,635,G17,val,mid,P2_triple,P2_triple,sc11,T5,104,260,c043,"['c043', 'c143']",0.725
val,635,G17,val,mid,P2_triple,P2_triple,sc11,T5,147,367,c143,"['c143', 'c144']",0.55
val,635,G17,val,mid,P2_triple,P2_triple,sc11,T5,189,472,c144,"['c144', 'c222']",0.9
val,635,G17,val,mid,P2_triple,P2_triple,sc11,T5,231,577,c222,['c222'],1.0
val,636,G17,val,low,P0_seen_cell,P0_seen_cell,sc00,T0,20,50,c212,"['c212', 'c231', 'c242']",0.425
val,636,G17,val,low,P0_seen_cell,P0_seen_cell,sc00,T0,62,155,c142,"['c042', 'c142']",0.575
val,636,G17,val,low,P0_seen_cell,P0_seen_cell,sc00,T0,104,260,c322,"['c221', 'c322']",0.575
val,636,G17,val,low,P0_seen_cell,P0_seen_cell,sc00,T0,147,367,c221,"['c214', 'c221']",0.75
val,636,G17,val,low,P0_seen_cell,P0_seen_cell,sc00,T0,189,472,c222,['c222'],1.0
val,636,G17,val,low,P0_seen_cell,P0_seen_cell,sc00,T0,231,577,c222,['c222'],1.0
val,637,G17,val,low,P0_seen_cell,P0_seen_cell,sc01,T1,20,50,c241,"['c024', 'c241']",0.725
val,637,G17,val,low,P0_seen_cell,P0_seen_cell,sc01,T1,62,155,c024,"['c024', 'c132', 'c224']",0.45
val,637,G17,val,low,P0_seen_cell,P0_seen_cell,sc01,T1,104,260,c220,"['c220', 'c302']",0.725
val,637,G17,val,low,P0_seen_cell,P0_seen_cell,sc01,T1,147,367,c302,"['c032', 'c302']",0.6
val,637,G17,val,low,P0_seen_cell,P0_seen_cell,sc01,T1,189,472,c232,"['c222', 'c232']",0.55
val,637,G17,val,low,P0_seen_cell,P0_seen_cell,sc01,T1,231,577,c222,['c222'],1.0
val,638,G17,val,low,P0_seen_cell,P0_seen_cell,sc02,T2,20,50,c123,"['c123', 'c213']",0.725
val,638,G17,val,low,P0_seen_cell,P0_seen_cell,sc02,T2,62,155,c312,"['c202', 'c312']",0.725
val,638,G17,val,low,P0_seen_cell,P0_seen_cell,sc02,T2,104,260,c240,"['c203', 'c204', 'c240']",0.425
val,638,G17,val,low,P0_seen_cell,P0_seen_cell,sc02,T2,147,367,c203,"['c023', 'c203', 'c222']",0.475
val,638,G17,val,low,P0_seen_cell,P0_seen_cell,sc02,T2,189,472,c222,['c222'],1.0
val,638,G17,val,low,P0_seen_cell,P0_seen_cell,sc02,T2,231,577,c222,['c222'],1.0
val,639,G17,val,low,P0_seen_cell,P0_seen_cell,sc03,T3,20,50,c223,"['c223', 'c230']",0.575
val,639,G17,val,low,P0_seen_cell,P0_seen_cell,sc03,T3,62,155,c230,"['c022', 'c230', 'c243']",0.6
val,639,G17,val,low,P0_seen_cell,P0_seen_cell,sc03,T3,105,262,c022,"['c022', 'c122', 'c422']",0.475
val,639,G17,val,low,P0_seen_cell,P0_seen_cell,sc03,T3,147,367,c122,"['c122', 'c124', 'c244']",0.45
val,639,G17,val,low,P0_seen_cell,P0_seen_cell,sc03,T3,190,475,c222,['c222'],1.0
val,639,G17,val,low,P0_seen_cell,P0_seen_cell,sc03,T3,232,580,c222,['c222'],1.0
val,640,G17,val,low,P1_heldout_pair,P1_heldout_pair,sc04,T4,20,50,c332,"['c020', 'c332']",0.7
val,640,G17,val,low,P1_heldout_pair,P1_heldout_pair,sc04,T4,62,155,c332,"['c020', 'c323', 'c332']",0.75
val,640,G17,val,low,P1_heldout_pair,P1_heldout_pair,sc04,T4,104,260,c020,"['c020', 'c121', 'c323']",0.6
val,640,G17,val,low,P1_heldout_pair,P1_heldout_pair,sc04,T4,147,367,c323,"['c002', 'c323']",0.6
val,640,G17,val,low,P1_heldout_pair,P1_heldout_pair,sc04,T4,189,472,c222,['c222'],1.0
val,640,G17,val,low,P1_heldout_pair,P1_heldout_pair,sc04,T4,231,577,c222,['c222'],1.0
val,641,G17,val,low,P1_heldout_pair,P1_heldout_pair,sc05,T5,20,50,c200,"['c200', 'c211']",0.6
val,641,G17,val,low,P1_heldout_pair,P1_heldout_pair,sc05,T5,62,155,c200,"['c121', 'c200']",0.725
val,641,G17,val,low,P1_heldout_pair,P1_heldout_pair,sc05,T5,104,260,c002,['c002'],1.0
val,641,G17,val,low,P1_heldout_pair,P1_heldout_pair,sc05,T5,147,367,c002,"['c002', 'c211', 'c332']",0.45
val,641,G17,val,low,P1_heldout_pair,P1_heldout_pair,sc05,T5,189,472,c211,"['c211', 'c222']",0.9
val,641,G17,val,low,P1_heldout_pair,P1_heldout_pair,sc05,T5,231,577,c222,['c222'],1.0
val,642,G17,val,low,P1_heldout_pair,P1_heldout_pair,sc06,T0,20,50,c112,"['c112', 'c323']",0.7
val,642,G17,val,low,P1_heldout_pair,P1_heldout_pair,sc06,T0,62,155,c332,"['c233', 'c332']",0.575
val,642,G17,val,low,P1_heldout_pair,P1_heldout_pair,sc06,T0,104,260,c233,"['c002', 'c233']",0.575
val,642,G17,val,low,P1_heldout_pair,P1_heldout_pair,sc06,T0,147,367,c002,"['c002', 'c121']",0.75
val,642,G17,val,low,P1_heldout_pair,P1_heldout_pair,sc06,T0,189,472,c222,['c222'],1.0
val,642,G17,val,low,P1_heldout_pair,P1_heldout_pair,sc06,T0,231,577,c222,['c222'],1.0
val,643,G17,val,low,P1_heldout_pair,P1_heldout_pair,sc07,T1,20,50,c020,"['c020', 'c121']",0.725
val,643,G17,val,low,P1_heldout_pair,P1_heldout_pair,sc07,T1,62,155,c121,"['c112', 'c121', 'c200']",0.45
val,643,G17,val,low,P1_heldout_pair,P1_heldout_pair,sc07,T1,104,260,c211,"['c112', 'c211']",0.725
val,643,G17,val,low,P1_heldout_pair,P1_heldout_pair,sc07,T1,147,367,c112,"['c020', 'c112']",0.6
val,643,G17,val,low,P1_heldout_pair,P1_heldout_pair,sc07,T1,189,472,c233,"['c222', 'c233']",0.55
val,643,G17,val,low,P1_heldout_pair,P1_heldout_pair,sc07,T1,231,577,c222,['c222'],1.0
val,644,G17,val,low,P2_triple,P2_triple,sc08,T2,20,50,c044,"['c044', 'c143']",0.725
val,644,G17,val,low,P2_triple,P2_triple,sc08,T2,62,155,c044,"['c043', 'c044']",0.725
val,644,G17,val,low,P2_triple,P2_triple,sc08,T2,104,260,c144,"['c043', 'c144']",0.575
val,644,G17,val,low,P2_triple,P2_triple,sc08,T2,147,367,c043,"['c043', 'c143', 'c222']",0.475
val,644,G17,val,low,P2_triple,P2_triple,sc08,T2,189,472,c222,['c222'],1.0
val,644,G17,val,low,P2_triple,P2_triple,sc08,T2,231,577,c222,['c222'],1.0
val,645,G17,val,low,P2_triple,P2_triple,sc09,T3,20,50,c043,"['c043', 'c144']",0.575
val,645,G17,val,low,P2_triple,P2_triple,sc09,T3,62,155,c144,"['c044', 'c144']",0.6
val,645,G17,val,low,P2_triple,P2_triple,sc09,T3,105,262,c144,"['c143', 'c144']",0.525
val,645,G17,val,low,P2_triple,P2_triple,sc09,T3,147,367,c144,"['c044', 'c144', 'c413']",0.45
val,645,G17,val,low,P2_triple,P2_triple,sc09,T3,190,475,c222,['c222'],1.0
val,645,G17,val,low,P2_triple,P2_triple,sc09,T3,232,580,c222,['c222'],1.0
val,646,G17,val,low,P2_triple,P2_triple,sc10,T4,20,50,c143,"['c044', 'c143', 'c413']",0.425
val,646,G17,val,low,P2_triple,P2_triple,sc10,T4,62,155,c413,['c413'],1.0
val,646,G17,val,low,P2_triple,P2_triple,sc10,T4,104,260,c413,"['c044', 'c143', 'c413']",0.6
val,646,G17,val,low,P2_triple,P2_triple,sc10,T4,147,367,c143,"['c143', 'c144']",0.6
val,646,G17,val,low,P2_triple,P2_triple,sc10,T4,189,472,c222,['c222'],1.0
val,646,G17,val,low,P2_triple,P2_triple,sc10,T4,231,577,c222,['c222'],1.0
val,647,G17,val,low,P2_triple,P2_triple,sc11,T5,20,50,c413,"['c043', 'c413']",0.875
val,647,G17,val,low,P2_triple,P2_triple,sc11,T5,62,155,c043,"['c043', 'c144']",0.725
val,647,G17,val,low,P2_triple,P2_triple,sc11,T5,104,260,c043,"['c043', 'c143']",0.725
val,647,G17,val,low,P2_triple,P2_triple,sc11,T5,147,367,c143,"['c143', 'c144']",0.55
val,647,G17,val,low,P2_triple,P2_triple,sc11,T5,189,472,c144,"['c144', 'c222']",0.9
val,647,G17,val,low,P2_triple,P2_triple,sc11,T5,231,577,c222,['c222'],1.0
test_all,648,G18,test,nominal,P0_seen_cell,P0_seen_cell,sc00,T0,20,50,c212,"['c212', 'c220', 'c230']",0.425
test_all,648,G18,test,nominal,P0_seen_cell,P0_seen_cell,sc00,T0,62,155,c204,"['c204', 'c224']",0.575
test_all,648,G18,test,nominal,P0_seen_cell,P0_seen_cell,sc00,T0,104,260,c422,"['c213', 'c422']",0.575
test_all,648,G18,test,nominal,P0_seen_cell,P0_seen_cell,sc00,T0,147,367,c213,"['c213', 'c241']",0.75
test_all,648,G18,test,nominal,P0_seen_cell,P0_seen_cell,sc00,T0,189,472,c222,['c222'],1.0
test_all,648,G18,test,nominal,P0_seen_cell,P0_seen_cell,sc00,T0,231,577,c222,['c222'],1.0
test_all,649,G18,test,nominal,P0_seen_cell,P0_seen_cell,sc01,T1,20,50,c132,"['c132', 'c312']",0.725
test_all,649,G18,test,nominal,P0_seen_cell,P0_seen_cell,sc01,T1,62,155,c312,"['c023', 'c312', 'c322']",0.45
test_all,649,G18,test,nominal,P0_seen_cell,P0_seen_cell,sc01,T1,104,260,c242,"['c231', 'c242']",0.725
test_all,649,G18,test,nominal,P0_seen_cell,P0_seen_cell,sc01,T1,147,367,c231,"['c231', 'c240']",0.6
test_all,649,G18,test,nominal,P0_seen_cell,P0_seen_cell,sc01,T1,189,472,c122,"['c122', 'c222']",0.55
test_all,649,G18,test,nominal,P0_seen_cell,P0_seen_cell,sc01,T1,231,577,c222,['c222'],1.0
test_all,650,G18,test,nominal,P0_seen_cell,P0_seen_cell,sc02,T2,20,50,c042,"['c042', 'c302']",0.725
test_all,650,G18,test,nominal,P0_seen_cell,P0_seen_cell,sc02,T2,62,155,c032,"['c032', 'c214']",0.725
test_all,650,G18,test,nominal,P0_seen_cell,P0_seen_cell,sc02,T2,104,260,c244,"['c022', 'c232', 'c244']",0.425
test_all,650,G18,test,nominal,P0_seen_cell,P0_seen_cell,sc02,T2,147,367,c232,"['c222', 'c232', 'c243']",0.475
test_all,650,G18,test,nominal,P0_seen_cell,P0_seen_cell,sc02,T2,189,472,c222,['c222'],1.0
test_all,650,G18,test,nominal,P0_seen_cell,P0_seen_cell,sc02,T2,231,577,c222,['c222'],1.0
test_all,651,G18,test,nominal,P0_seen_cell,P0_seen_cell,sc03,T3,20,50,c202,"['c123', 'c202']",0.575
test_all,651,G18,test,nominal,P0_seen_cell,P0_seen_cell,sc03,T3,62,155,c123,"['c123', 'c124', 'c221']",0.6
test_all,651,G18,test,nominal,P0_seen_cell,P0_seen_cell,sc03,T3,105,262,c124,"['c124', 'c203', 'c223']",0.475
test_all,651,G18,test,nominal,P0_seen_cell,P0_seen_cell,sc03,T3,147,367,c223,"['c024', 'c142', 'c223']",0.45
test_all,651,G18,test,nominal,P0_seen_cell,P0_seen_cell,sc03,T3,190,475,c222,['c222'],1.0
test_all,651,G18,test,nominal,P0_seen_cell,P0_seen_cell,sc03,T3,232,580,c222,['c222'],1.0
test_all,652,G18,test,nominal,P1_heldout_pair,P1_heldout_pair,sc04,T4,20,50,c201,"['c012', 'c021', 'c201']",0.425
test_all,652,G18,test,nominal,P1_heldout_pair,P1_heldout_pair,sc04,T4,62,155,c021,"['c012', 'c021', 'c324']",0.75
test_all,652,G18,test,nominal,P1_heldout_pair,P1_heldout_pair,sc04,T4,104,260,c324,"['c012', 'c120', 'c324']",0.6
test_all,652,G18,test,nominal,P1_heldout_pair,P1_heldout_pair,sc04,T4,147,367,c120,"['c021', 'c120']",0.6
test_all,652,G18,test,nominal,P1_heldout_pair,P1_heldout_pair,sc04,T4,189,472,c222,['c222'],1.0
test_all,652,G18,test,nominal,P1_heldout_pair,P1_heldout_pair,sc04,T4,231,577,c222,['c222'],1.0
test_all,653,G18,test,nominal,P1_heldout_pair,P1_heldout_pair,sc05,T5,20,50,c102,"['c012', 'c021', 'c102']",0.6
test_all,653,G18,test,nominal,P1_heldout_pair,P1_heldout_pair,sc05,T5,62,155,c021,"['c021', 'c342']",0.725
test_all,653,G18,test,nominal,P1_heldout_pair,P1_heldout_pair,sc05,T5,104,260,c201,"['c201', 'c210']",0.725
test_all,653,G18,test,nominal,P1_heldout_pair,P1_heldout_pair,sc05,T5,147,367,c210,"['c120', 'c201', 'c210']",0.45
test_all,653,G18,test,nominal,P1_heldout_pair,P1_heldout_pair,sc05,T5,189,472,c201,"['c201', 'c222']",0.9
test_all,653,G18,test,nominal,P1_heldout_pair,P1_heldout_pair,sc05,T5,231,577,c222,['c222'],1.0
test_all,654,G18,test,nominal,P1_heldout_pair,P1_heldout_pair,sc06,T0,20,50,c342,"['c210', 'c234', 'c342']",0.425
test_all,654,G18,test,nominal,P1_heldout_pair,P1_heldout_pair,sc06,T0,62,155,c324,['c324'],1.0
test_all,654,G18,test,nominal,P1_heldout_pair,P1_heldout_pair,sc06,T0,104,260,c102,"['c102', 'c234']",0.575
test_all,654,G18,test,nominal,P1_heldout_pair,P1_heldout_pair,sc06,T0,147,367,c234,"['c234', 'c342']",0.75
test_all,654,G18,test,nominal,P1_heldout_pair,P1_heldout_pair,sc06,T0,189,472,c222,['c222'],1.0
test_all,654,G18,test,nominal,P1_heldout_pair,P1_heldout_pair,sc06,T0,231,577,c222,['c222'],1.0
test_all,655,G18,test,nominal,P1_heldout_pair,P1_heldout_pair,sc07,T1,20,50,c120,"['c102', 'c120']",0.725
test_all,655,G18,test,nominal,P1_heldout_pair,P1_heldout_pair,sc07,T1,62,155,c102,"['c102', 'c120', 'c210']",0.45
test_all,655,G18,test,nominal,P1_heldout_pair,P1_heldout_pair,sc07,T1,104,260,c102,"['c102', 'c234']",0.725
test_all,655,G18,test,nominal,P1_heldout_pair,P1_heldout_pair,sc07,T1,147,367,c234,"['c021', 'c234']",0.6
test_all,655,G18,test,nominal,P1_heldout_pair,P1_heldout_pair,sc07,T1,189,472,c342,"['c222', 'c342']",0.55
test_all,655,G18,test,nominal,P1_heldout_pair,P1_heldout_pair,sc07,T1,231,577,c222,['c222'],1.0
test_all,656,G18,test,nominal,P2_triple,P2_triple,sc08,T2,20,50,c431,"['c431', 'c440']",0.725
test_all,656,G18,test,nominal,P2_triple,P2_triple,sc08,T2,62,155,c414,"['c414', 'c430']",0.725
test_all,656,G18,test,nominal,P2_triple,P2_triple,sc08,T2,104,260,c403,"['c403', 'c430']",0.575
test_all,656,G18,test,nominal,P2_triple,P2_triple,sc08,T2,147,367,c430,"['c222', 'c430', 'c443']",0.475
test_all,656,G18,test,nominal,P2_triple,P2_triple,sc08,T2,189,472,c222,['c222'],1.0
test_all,656,G18,test,nominal,P2_triple,P2_triple,sc08,T2,231,577,c222,['c222'],1.0
test_all,657,G18,test,nominal,P2_triple,P2_triple,sc09,T3,20,50,c404,"['c403', 'c404']",0.575
test_all,657,G18,test,nominal,P2_triple,P2_triple,sc09,T3,62,155,c403,"['c403', 'c430', 'c443']",0.6
test_all,657,G18,test,nominal,P2_triple,P2_triple,sc09,T3,105,262,c443,"['c403', 'c441', 'c443']",0.475
test_all,657,G18,test,nominal,P2_triple,P2_triple,sc09,T3,147,367,c403,"['c403', 'c414', 'c440']",0.45
test_all,657,G18,test,nominal,P2_triple,P2_triple,sc09,T3,190,475,c222,['c222'],1.0
test_all,657,G18,test,nominal,P2_triple,P2_triple,sc09,T3,232,580,c222,['c222'],1.0
test_all,658,G18,test,nominal,P2_triple,P2_triple,sc10,T4,20,50,c441,"['c440', 'c441']",0.7
test_all,658,G18,test,nominal,P2_triple,P2_triple,sc10,T4,62,155,c441,"['c441', 'c444']",0.875
test_all,658,G18,test,nominal,P2_triple,P2_triple,sc10,T4,104,260,c444,"['c404', 'c431', 'c444']",0.6
test_all,658,G18,test,nominal,P2_triple,P2_triple,sc10,T4,147,367,c404,"['c404', 'c444']",0.6
test_all,658,G18,test,nominal,P2_triple,P2_triple,sc10,T4,189,472,c222,['c222'],1.0
test_all,658,G18,test,nominal,P2_triple,P2_triple,sc10,T4,231,577,c222,['c222'],1.0
test_all,659,G18,test,nominal,P2_triple,P2_triple,sc11,T5,20,50,c431,"['c431', 'c441', 'c443']",0.6
test_all,659,G18,test,nominal,P2_triple,P2_triple,sc11,T5,62,155,c441,"['c441', 'c443']",0.725
test_all,659,G18,test,nominal,P2_triple,P2_triple,sc11,T5,104,260,c440,"['c414', 'c440']",0.725
test_all,659,G18,test,nominal,P2_triple,P2_triple,sc11,T5,147,367,c414,"['c404', 'c414', 'c444']",0.45
test_all,659,G18,test,nominal,P2_triple,P2_triple,sc11,T5,189,472,c444,"['c222', 'c444']",0.9
test_all,659,G18,test,nominal,P2_triple,P2_triple,sc11,T5,231,577,c222,['c222'],1.0
test_all,660,G18,test,mid,P0_seen_cell,P0_seen_cell,sc00,T0,20,50,c212,"['c212', 'c220', 'c230']",0.425
test_all,660,G18,test,mid,P0_seen_cell,P0_seen_cell,sc00,T0,62,155,c204,"['c204', 'c224']",0.575
test_all,660,G18,test,mid,P0_seen_cell,P0_seen_cell,sc00,T0,104,260,c422,"['c213', 'c422']",0.575
test_all,660,G18,test,mid,P0_seen_cell,P0_seen_cell,sc00,T0,147,367,c213,"['c213', 'c241']",0.75
test_all,660,G18,test,mid,P0_seen_cell,P0_seen_cell,sc00,T0,189,472,c222,['c222'],1.0
test_all,660,G18,test,mid,P0_seen_cell,P0_seen_cell,sc00,T0,231,577,c222,['c222'],1.0
test_all,661,G18,test,mid,P0_seen_cell,P0_seen_cell,sc01,T1,20,50,c132,"['c132', 'c312']",0.725
test_all,661,G18,test,mid,P0_seen_cell,P0_seen_cell,sc01,T1,62,155,c312,"['c023', 'c312', 'c322']",0.45
test_all,661,G18,test,mid,P0_seen_cell,P0_seen_cell,sc01,T1,104,260,c242,"['c231', 'c242']",0.725
test_all,661,G18,test,mid,P0_seen_cell,P0_seen_cell,sc01,T1,147,367,c231,"['c231', 'c240']",0.6
test_all,661,G18,test,mid,P0_seen_cell,P0_seen_cell,sc01,T1,189,472,c122,"['c122', 'c222']",0.55
test_all,661,G18,test,mid,P0_seen_cell,P0_seen_cell,sc01,T1,231,577,c222,['c222'],1.0
test_all,662,G18,test,mid,P0_seen_cell,P0_seen_cell,sc02,T2,20,50,c042,"['c042', 'c302']",0.725
test_all,662,G18,test,mid,P0_seen_cell,P0_seen_cell,sc02,T2,62,155,c032,"['c032', 'c214']",0.725
test_all,662,G18,test,mid,P0_seen_cell,P0_seen_cell,sc02,T2,104,260,c244,"['c022', 'c232', 'c244']",0.425
test_all,662,G18,test,mid,P0_seen_cell,P0_seen_cell,sc02,T2,147,367,c232,"['c222', 'c232', 'c243']",0.475
test_all,662,G18,test,mid,P0_seen_cell,P0_seen_cell,sc02,T2,189,472,c222,['c222'],1.0
test_all,662,G18,test,mid,P0_seen_cell,P0_seen_cell,sc02,T2,231,577,c222,['c222'],1.0
test_all,663,G18,test,mid,P0_seen_cell,P0_seen_cell,sc03,T3,20,50,c202,"['c123', 'c202']",0.575
test_all,663,G18,test,mid,P0_seen_cell,P0_seen_cell,sc03,T3,62,155,c123,"['c123', 'c124', 'c221']",0.6
test_all,663,G18,test,mid,P0_seen_cell,P0_seen_cell,sc03,T3,105,262,c124,"['c124', 'c203', 'c223']",0.475
test_all,663,G18,test,mid,P0_seen_cell,P0_seen_cell,sc03,T3,147,367,c223,"['c024', 'c142', 'c223']",0.45
test_all,663,G18,test,mid,P0_seen_cell,P0_seen_cell,sc03,T3,190,475,c222,['c222'],1.0
test_all,663,G18,test,mid,P0_seen_cell,P0_seen_cell,sc03,T3,232,580,c222,['c222'],1.0
test_all,664,G18,test,mid,P1_heldout_pair,P1_heldout_pair,sc04,T4,20,50,c201,"['c012', 'c021', 'c201']",0.425
test_all,664,G18,test,mid,P1_heldout_pair,P1_heldout_pair,sc04,T4,62,155,c021,"['c012', 'c021', 'c324']",0.75
test_all,664,G18,test,mid,P1_heldout_pair,P1_heldout_pair,sc04,T4,104,260,c324,"['c012', 'c120', 'c324']",0.6
test_all,664,G18,test,mid,P1_heldout_pair,P1_heldout_pair,sc04,T4,147,367,c120,"['c021', 'c120']",0.6
test_all,664,G18,test,mid,P1_heldout_pair,P1_heldout_pair,sc04,T4,189,472,c222,['c222'],1.0
test_all,664,G18,test,mid,P1_heldout_pair,P1_heldout_pair,sc04,T4,231,577,c222,['c222'],1.0
test_all,665,G18,test,mid,P1_heldout_pair,P1_heldout_pair,sc05,T5,20,50,c102,"['c012', 'c021', 'c102']",0.6
test_all,665,G18,test,mid,P1_heldout_pair,P1_heldout_pair,sc05,T5,62,155,c021,"['c021', 'c342']",0.725
test_all,665,G18,test,mid,P1_heldout_pair,P1_heldout_pair,sc05,T5,104,260,c201,"['c201', 'c210']",0.725
test_all,665,G18,test,mid,P1_heldout_pair,P1_heldout_pair,sc05,T5,147,367,c210,"['c120', 'c201', 'c210']",0.45
test_all,665,G18,test,mid,P1_heldout_pair,P1_heldout_pair,sc05,T5,189,472,c201,"['c201', 'c222']",0.9
test_all,665,G18,test,mid,P1_heldout_pair,P1_heldout_pair,sc05,T5,231,577,c222,['c222'],1.0
test_all,666,G18,test,mid,P1_heldout_pair,P1_heldout_pair,sc06,T0,20,50,c342,"['c210', 'c234', 'c342']",0.425
test_all,666,G18,test,mid,P1_heldout_pair,P1_heldout_pair,sc06,T0,62,155,c324,['c324'],1.0
test_all,666,G18,test,mid,P1_heldout_pair,P1_heldout_pair,sc06,T0,104,260,c102,"['c102', 'c234']",0.575
test_all,666,G18,test,mid,P1_heldout_pair,P1_heldout_pair,sc06,T0,147,367,c234,"['c234', 'c342']",0.75
test_all,666,G18,test,mid,P1_heldout_pair,P1_heldout_pair,sc06,T0,189,472,c222,['c222'],1.0
test_all,666,G18,test,mid,P1_heldout_pair,P1_heldout_pair,sc06,T0,231,577,c222,['c222'],1.0
test_all,667,G18,test,mid,P1_heldout_pair,P1_heldout_pair,sc07,T1,20,50,c120,"['c102', 'c120']",0.725
test_all,667,G18,test,mid,P1_heldout_pair,P1_heldout_pair,sc07,T1,62,155,c102,"['c102', 'c120', 'c210']",0.45
test_all,667,G18,test,mid,P1_heldout_pair,P1_heldout_pair,sc07,T1,104,260,c102,"['c102', 'c234']",0.725
test_all,667,G18,test,mid,P1_heldout_pair,P1_heldout_pair,sc07,T1,147,367,c234,"['c021', 'c234']",0.6
test_all,667,G18,test,mid,P1_heldout_pair,P1_heldout_pair,sc07,T1,189,472,c342,"['c222', 'c342']",0.55
test_all,667,G18,test,mid,P1_heldout_pair,P1_heldout_pair,sc07,T1,231,577,c222,['c222'],1.0
test_all,668,G18,test,mid,P2_triple,P2_triple,sc08,T2,20,50,c431,"['c431', 'c440']",0.725
test_all,668,G18,test,mid,P2_triple,P2_triple,sc08,T2,62,155,c414,"['c414', 'c430']",0.725
test_all,668,G18,test,mid,P2_triple,P2_triple,sc08,T2,104,260,c403,"['c403', 'c430']",0.575
test_all,668,G18,test,mid,P2_triple,P2_triple,sc08,T2,147,367,c430,"['c222', 'c430', 'c443']",0.475
test_all,668,G18,test,mid,P2_triple,P2_triple,sc08,T2,189,472,c222,['c222'],1.0
test_all,668,G18,test,mid,P2_triple,P2_triple,sc08,T2,231,577,c222,['c222'],1.0
test_all,669,G18,test,mid,P2_triple,P2_triple,sc09,T3,20,50,c404,"['c403', 'c404']",0.575
test_all,669,G18,test,mid,P2_triple,P2_triple,sc09,T3,62,155,c403,"['c403', 'c430', 'c443']",0.6
test_all,669,G18,test,mid,P2_triple,P2_triple,sc09,T3,105,262,c443,"['c403', 'c441', 'c443']",0.475
test_all,669,G18,test,mid,P2_triple,P2_triple,sc09,T3,147,367,c403,"['c403', 'c414', 'c440']",0.45
test_all,669,G18,test,mid,P2_triple,P2_triple,sc09,T3,190,475,c222,['c222'],1.0
test_all,669,G18,test,mid,P2_triple,P2_triple,sc09,T3,232,580,c222,['c222'],1.0
test_all,670,G18,test,mid,P2_triple,P2_triple,sc10,T4,20,50,c441,"['c440', 'c441']",0.7
test_all,670,G18,test,mid,P2_triple,P2_triple,sc10,T4,62,155,c441,"['c441', 'c444']",0.875
test_all,670,G18,test,mid,P2_triple,P2_triple,sc10,T4,104,260,c444,"['c404', 'c431', 'c444']",0.6
test_all,670,G18,test,mid,P2_triple,P2_triple,sc10,T4,147,367,c404,"['c404', 'c444']",0.6
test_all,670,G18,test,mid,P2_triple,P2_triple,sc10,T4,189,472,c222,['c222'],1.0
test_all,670,G18,test,mid,P2_triple,P2_triple,sc10,T4,231,577,c222,['c222'],1.0
test_all,671,G18,test,mid,P2_triple,P2_triple,sc11,T5,20,50,c431,"['c431', 'c441', 'c443']",0.6
test_all,671,G18,test,mid,P2_triple,P2_triple,sc11,T5,62,155,c441,"['c441', 'c443']",0.725
test_all,671,G18,test,mid,P2_triple,P2_triple,sc11,T5,104,260,c440,"['c414', 'c440']",0.725
test_all,671,G18,test,mid,P2_triple,P2_triple,sc11,T5,147,367,c414,"['c404', 'c414', 'c444']",0.45
test_all,671,G18,test,mid,P2_triple,P2_triple,sc11,T5,189,472,c444,"['c222', 'c444']",0.9
test_all,671,G18,test,mid,P2_triple,P2_triple,sc11,T5,231,577,c222,['c222'],1.0
test_all,672,G18,test,low,P0_seen_cell,P0_seen_cell,sc00,T0,20,50,c212,"['c212', 'c220', 'c230']",0.425
test_all,672,G18,test,low,P0_seen_cell,P0_seen_cell,sc00,T0,62,155,c204,"['c204', 'c224']",0.575
test_all,672,G18,test,low,P0_seen_cell,P0_seen_cell,sc00,T0,104,260,c422,"['c213', 'c422']",0.575
test_all,672,G18,test,low,P0_seen_cell,P0_seen_cell,sc00,T0,147,367,c213,"['c213', 'c241']",0.75
test_all,672,G18,test,low,P0_seen_cell,P0_seen_cell,sc00,T0,189,472,c222,['c222'],1.0
test_all,672,G18,test,low,P0_seen_cell,P0_seen_cell,sc00,T0,231,577,c222,['c222'],1.0
test_all,673,G18,test,low,P0_seen_cell,P0_seen_cell,sc01,T1,20,50,c132,"['c132', 'c312']",0.725
test_all,673,G18,test,low,P0_seen_cell,P0_seen_cell,sc01,T1,62,155,c312,"['c023', 'c312', 'c322']",0.45
test_all,673,G18,test,low,P0_seen_cell,P0_seen_cell,sc01,T1,104,260,c242,"['c231', 'c242']",0.725
test_all,673,G18,test,low,P0_seen_cell,P0_seen_cell,sc01,T1,147,367,c231,"['c231', 'c240']",0.6
test_all,673,G18,test,low,P0_seen_cell,P0_seen_cell,sc01,T1,189,472,c122,"['c122', 'c222']",0.55
test_all,673,G18,test,low,P0_seen_cell,P0_seen_cell,sc01,T1,231,577,c222,['c222'],1.0
test_all,674,G18,test,low,P0_seen_cell,P0_seen_cell,sc02,T2,20,50,c042,"['c042', 'c302']",0.725
test_all,674,G18,test,low,P0_seen_cell,P0_seen_cell,sc02,T2,62,155,c032,"['c032', 'c214']",0.725
test_all,674,G18,test,low,P0_seen_cell,P0_seen_cell,sc02,T2,104,260,c244,"['c022', 'c232', 'c244']",0.425
test_all,674,G18,test,low,P0_seen_cell,P0_seen_cell,sc02,T2,147,367,c232,"['c222', 'c232', 'c243']",0.475
test_all,674,G18,test,low,P0_seen_cell,P0_seen_cell,sc02,T2,189,472,c222,['c222'],1.0
test_all,674,G18,test,low,P0_seen_cell,P0_seen_cell,sc02,T2,231,577,c222,['c222'],1.0
test_all,675,G18,test,low,P0_seen_cell,P0_seen_cell,sc03,T3,20,50,c202,"['c123', 'c202']",0.575
test_all,675,G18,test,low,P0_seen_cell,P0_seen_cell,sc03,T3,62,155,c123,"['c123', 'c124', 'c221']",0.6
test_all,675,G18,test,low,P0_seen_cell,P0_seen_cell,sc03,T3,105,262,c124,"['c124', 'c203', 'c223']",0.475
test_all,675,G18,test,low,P0_seen_cell,P0_seen_cell,sc03,T3,147,367,c223,"['c024', 'c142', 'c223']",0.45
test_all,675,G18,test,low,P0_seen_cell,P0_seen_cell,sc03,T3,190,475,c222,['c222'],1.0
test_all,675,G18,test,low,P0_seen_cell,P0_seen_cell,sc03,T3,232,580,c222,['c222'],1.0
test_all,676,G18,test,low,P1_heldout_pair,P1_heldout_pair,sc04,T4,20,50,c201,"['c012', 'c021', 'c201']",0.425
test_all,676,G18,test,low,P1_heldout_pair,P1_heldout_pair,sc04,T4,62,155,c021,"['c012', 'c021', 'c324']",0.75
test_all,676,G18,test,low,P1_heldout_pair,P1_heldout_pair,sc04,T4,104,260,c324,"['c012', 'c120', 'c324']",0.6
test_all,676,G18,test,low,P1_heldout_pair,P1_heldout_pair,sc04,T4,147,367,c120,"['c021', 'c120']",0.6
test_all,676,G18,test,low,P1_heldout_pair,P1_heldout_pair,sc04,T4,189,472,c222,['c222'],1.0
test_all,676,G18,test,low,P1_heldout_pair,P1_heldout_pair,sc04,T4,231,577,c222,['c222'],1.0
test_all,677,G18,test,low,P1_heldout_pair,P1_heldout_pair,sc05,T5,20,50,c102,"['c012', 'c021', 'c102']",0.6
test_all,677,G18,test,low,P1_heldout_pair,P1_heldout_pair,sc05,T5,62,155,c021,"['c021', 'c342']",0.725
test_all,677,G18,test,low,P1_heldout_pair,P1_heldout_pair,sc05,T5,104,260,c201,"['c201', 'c210']",0.725
test_all,677,G18,test,low,P1_heldout_pair,P1_heldout_pair,sc05,T5,147,367,c210,"['c120', 'c201', 'c210']",0.45
test_all,677,G18,test,low,P1_heldout_pair,P1_heldout_pair,sc05,T5,189,472,c201,"['c201', 'c222']",0.9
test_all,677,G18,test,low,P1_heldout_pair,P1_heldout_pair,sc05,T5,231,577,c222,['c222'],1.0
test_all,678,G18,test,low,P1_heldout_pair,P1_heldout_pair,sc06,T0,20,50,c342,"['c210', 'c234', 'c342']",0.425
test_all,678,G18,test,low,P1_heldout_pair,P1_heldout_pair,sc06,T0,62,155,c324,['c324'],1.0
test_all,678,G18,test,low,P1_heldout_pair,P1_heldout_pair,sc06,T0,104,260,c102,"['c102', 'c234']",0.575
test_all,678,G18,test,low,P1_heldout_pair,P1_heldout_pair,sc06,T0,147,367,c234,"['c234', 'c342']",0.75
test_all,678,G18,test,low,P1_heldout_pair,P1_heldout_pair,sc06,T0,189,472,c222,['c222'],1.0
test_all,678,G18,test,low,P1_heldout_pair,P1_heldout_pair,sc06,T0,231,577,c222,['c222'],1.0
test_all,679,G18,test,low,P1_heldout_pair,P1_heldout_pair,sc07,T1,20,50,c120,"['c102', 'c120']",0.725
test_all,679,G18,test,low,P1_heldout_pair,P1_heldout_pair,sc07,T1,62,155,c102,"['c102', 'c120', 'c210']",0.45
test_all,679,G18,test,low,P1_heldout_pair,P1_heldout_pair,sc07,T1,104,260,c102,"['c102', 'c234']",0.725
test_all,679,G18,test,low,P1_heldout_pair,P1_heldout_pair,sc07,T1,147,367,c234,"['c021', 'c234']",0.6
test_all,679,G18,test,low,P1_heldout_pair,P1_heldout_pair,sc07,T1,189,472,c342,"['c222', 'c342']",0.55
test_all,679,G18,test,low,P1_heldout_pair,P1_heldout_pair,sc07,T1,231,577,c222,['c222'],1.0
test_all,680,G18,test,low,P2_triple,P2_triple,sc08,T2,20,50,c431,"['c431', 'c440']",0.725
test_all,680,G18,test,low,P2_triple,P2_triple,sc08,T2,62,155,c414,"['c414', 'c430']",0.725
test_all,680,G18,test,low,P2_triple,P2_triple,sc08,T2,104,260,c403,"['c403', 'c430']",0.575
test_all,680,G18,test,low,P2_triple,P2_triple,sc08,T2,147,367,c430,"['c222', 'c430', 'c443']",0.475
test_all,680,G18,test,low,P2_triple,P2_triple,sc08,T2,189,472,c222,['c222'],1.0
test_all,680,G18,test,low,P2_triple,P2_triple,sc08,T2,231,577,c222,['c222'],1.0
test_all,681,G18,test,low,P2_triple,P2_triple,sc09,T3,20,50,c404,"['c403', 'c404']",0.575
test_all,681,G18,test,low,P2_triple,P2_triple,sc09,T3,62,155,c403,"['c403', 'c430', 'c443']",0.6
test_all,681,G18,test,low,P2_triple,P2_triple,sc09,T3,105,262,c443,"['c403', 'c441', 'c443']",0.475
test_all,681,G18,test,low,P2_triple,P2_triple,sc09,T3,147,367,c403,"['c403', 'c414', 'c440']",0.45
test_all,681,G18,test,low,P2_triple,P2_triple,sc09,T3,190,475,c222,['c222'],1.0
test_all,681,G18,test,low,P2_triple,P2_triple,sc09,T3,232,580,c222,['c222'],1.0
test_all,682,G18,test,low,P2_triple,P2_triple,sc10,T4,20,50,c441,"['c440', 'c441']",0.7
test_all,682,G18,test,low,P2_triple,P2_triple,sc10,T4,62,155,c441,"['c441', 'c444']",0.875
test_all,682,G18,test,low,P2_triple,P2_triple,sc10,T4,104,260,c444,"['c404', 'c431', 'c444']",0.6
test_all,682,G18,test,low,P2_triple,P2_triple,sc10,T4,147,367,c404,"['c404', 'c444']",0.6
test_all,682,G18,test,low,P2_triple,P2_triple,sc10,T4,189,472,c222,['c222'],1.0
test_all,682,G18,test,low,P2_triple,P2_triple,sc10,T4,231,577,c222,['c222'],1.0
test_all,683,G18,test,low,P2_triple,P2_triple,sc11,T5,20,50,c431,"['c431', 'c441', 'c443']",0.6
test_all,683,G18,test,low,P2_triple,P2_triple,sc11,T5,62,155,c441,"['c441', 'c443']",0.725
test_all,683,G18,test,low,P2_triple,P2_triple,sc11,T5,104,260,c440,"['c414', 'c440']",0.725
test_all,683,G18,test,low,P2_triple,P2_triple,sc11,T5,147,367,c414,"['c404', 'c414', 'c444']",0.45
test_all,683,G18,test,low,P2_triple,P2_triple,sc11,T5,189,472,c444,"['c222', 'c444']",0.9
test_all,683,G18,test,low,P2_triple,P2_triple,sc11,T5,231,577,c222,['c222'],1.0
test_all,684,G19,test,nominal,P0_seen_cell,P0_seen_cell,sc00,T0,20,50,c220,"['c220', 'c224', 'c231']",0.425
test_all,684,G19,test,nominal,P0_seen_cell,P0_seen_cell,sc00,T0,62,155,c242,"['c241', 'c242']",0.575
test_all,684,G19,test,nominal,P0_seen_cell,P0_seen_cell,sc00,T0,104,260,c202,"['c202', 'c232']",0.575
test_all,684,G19,test,nominal,P0_seen_cell,P0_seen_cell,sc00,T0,147,367,c232,"['c203', 'c232']",0.75
test_all,684,G19,test,nominal,P0_seen_cell,P0_seen_cell,sc00,T0,189,472,c222,['c222'],1.0
test_all,684,G19,test,nominal,P0_seen_cell,P0_seen_cell,sc00,T0,231,577,c222,['c222'],1.0
test_all,685,G19,test,nominal,P0_seen_cell,P0_seen_cell,sc01,T1,20,50,c124,"['c124', 'c230']",0.725
test_all,685,G19,test,nominal,P0_seen_cell,P0_seen_cell,sc01,T1,62,155,c230,"['c230', 'c312', 'c322']",0.45
test_all,685,G19,test,nominal,P0_seen_cell,P0_seen_cell,sc01,T1,104,260,c221,"['c042', 'c221']",0.725
test_all,685,G19,test,nominal,P0_seen_cell,P0_seen_cell,sc01,T1,147,367,c042,"['c042', 'c122']",0.6
test_all,685,G19,test,nominal,P0_seen_cell,P0_seen_cell,sc01,T1,189,472,c243,"['c222', 'c243']",0.55
test_all,685,G19,test,nominal,P0_seen_cell,P0_seen_cell,sc01,T1,231,577,c222,['c222'],1.0
test_all,686,G19,test,nominal,P0_seen_cell,P0_seen_cell,sc02,T2,20,50,c244,"['c213', 'c244']",0.725
test_all,686,G19,test,nominal,P0_seen_cell,P0_seen_cell,sc02,T2,62,155,c132,"['c132', 'c142']",0.725
test_all,686,G19,test,nominal,P0_seen_cell,P0_seen_cell,sc02,T2,104,260,c023,"['c023', 'c032', 'c240']",0.425
test_all,686,G19,test,nominal,P0_seen_cell,P0_seen_cell,sc02,T2,147,367,c032,"['c022', 'c032', 'c222']",0.475
test_all,686,G19,test,nominal,P0_seen_cell,P0_seen_cell,sc02,T2,189,472,c222,['c222'],1.0
test_all,686,G19,test,nominal,P0_seen_cell,P0_seen_cell,sc02,T2,231,577,c222,['c222'],1.0
test_all,687,G19,test,nominal,P0_seen_cell,P0_seen_cell,sc03,T3,20,50,c214,"['c204', 'c214']",0.575
test_all,687,G19,test,nominal,P0_seen_cell,P0_seen_cell,sc03,T3,62,155,c204,"['c204', 'c212', 'c302']",0.6
test_all,687,G19,test,nominal,P0_seen_cell,P0_seen_cell,sc03,T3,105,262,c212,"['c024', 'c212', 'c422']",0.475
test_all,687,G19,test,nominal,P0_seen_cell,P0_seen_cell,sc03,T3,147,367,c024,"['c024', 'c123', 'c223']",0.45
test_all,687,G19,test,nominal,P0_seen_cell,P0_seen_cell,sc03,T3,190,475,c222,['c222'],1.0
test_all,687,G19,test,nominal,P0_seen_cell,P0_seen_cell,sc03,T3,232,580,c222,['c222'],1.0
test_all,688,G19,test,nominal,P1_heldout_pair,P1_heldout_pair,sc04,T4,20,50,c021,"['c021', 'c201']",0.725
test_all,688,G19,test,nominal,P1_heldout_pair,P1_heldout_pair,sc04,T4,62,155,c201,"['c120', 'c201', 'c342']",0.75
test_all,688,G19,test,nominal,P1_heldout_pair,P1_heldout_pair,sc04,T4,104,260,c120,"['c012', 'c120']",0.6
test_all,688,G19,test,nominal,P1_heldout_pair,P1_heldout_pair,sc04,T4,147,367,c120,"['c120', 'c201']",0.6
test_all,688,G19,test,nominal,P1_heldout_pair,P1_heldout_pair,sc04,T4,189,472,c222,['c222'],1.0
test_all,688,G19,test,nominal,P1_heldout_pair,P1_heldout_pair,sc04,T4,231,577,c222,['c222'],1.0
test_all,689,G19,test,nominal,P1_heldout_pair,P1_heldout_pair,sc05,T5,20,50,c021,"['c021', 'c201', 'c210']",0.6
test_all,689,G19,test,nominal,P1_heldout_pair,P1_heldout_pair,sc05,T5,62,155,c210,"['c210', 'c324']",0.725
test_all,689,G19,test,nominal,P1_heldout_pair,P1_heldout_pair,sc05,T5,104,260,c102,"['c102', 'c234']",0.725
test_all,689,G19,test,nominal,P1_heldout_pair,P1_heldout_pair,sc05,T5,147,367,c234,"['c234', 'c324']",0.7
test_all,689,G19,test,nominal,P1_heldout_pair,P1_heldout_pair,sc05,T5,189,472,c234,"['c222', 'c234']",0.9
test_all,689,G19,test,nominal,P1_heldout_pair,P1_heldout_pair,sc05,T5,231,577,c222,['c222'],1.0
test_all,690,G19,test,nominal,P1_heldout_pair,P1_heldout_pair,sc06,T0,20,50,c234,"['c012', 'c120', 'c234']",0.425
test_all,690,G19,test,nominal,P1_heldout_pair,P1_heldout_pair,sc06,T0,62,155,c012,"['c012', 'c021']",0.575
test_all,690,G19,test,nominal,P1_heldout_pair,P1_heldout_pair,sc06,T0,104,260,c102,"['c102', 'c210']",0.575
test_all,690,G19,test,nominal,P1_heldout_pair,P1_heldout_pair,sc06,T0,147,367,c210,"['c102', 'c210']",0.75
test_all,690,G19,test,nominal,P1_heldout_pair,P1_heldout_pair,sc06,T0,189,472,c222,['c222'],1.0
test_all,690,G19,test,nominal,P1_heldout_pair,P1_heldout_pair,sc06,T0,231,577,c222,['c222'],1.0
test_all,691,G19,test,nominal,P1_heldout_pair,P1_heldout_pair,sc07,T1,20,50,c342,"['c210', 'c342']",0.725
test_all,691,G19,test,nominal,P1_heldout_pair,P1_heldout_pair,sc07,T1,62,155,c210,"['c120', 'c210', 'c342']",0.45
test_all,691,G19,test,nominal,P1_heldout_pair,P1_heldout_pair,sc07,T1,104,260,c102,"['c102', 'c324']",0.725
test_all,691,G19,test,nominal,P1_heldout_pair,P1_heldout_pair,sc07,T1,147,367,c324,"['c324', 'c342']",0.6
test_all,691,G19,test,nominal,P1_heldout_pair,P1_heldout_pair,sc07,T1,189,472,c012,"['c012', 'c222']",0.55
test_all,691,G19,test,nominal,P1_heldout_pair,P1_heldout_pair,sc07,T1,231,577,c222,['c222'],1.0
test_all,692,G19,test,nominal,P2_triple,P2_triple,sc08,T2,20,50,c403,"['c403', 'c443']",0.725
test_all,692,G19,test,nominal,P2_triple,P2_triple,sc08,T2,62,155,c430,"['c430', 'c444']",0.725
test_all,692,G19,test,nominal,P2_triple,P2_triple,sc08,T2,104,260,c441,"['c441', 'c443']",0.725
test_all,692,G19,test,nominal,P2_triple,P2_triple,sc08,T2,147,367,c443,"['c222', 'c443', 'c444']",0.475
test_all,692,G19,test,nominal,P2_triple,P2_triple,sc08,T2,189,472,c222,['c222'],1.0
test_all,692,G19,test,nominal,P2_triple,P2_triple,sc08,T2,231,577,c222,['c222'],1.0
test_all,693,G19,test,nominal,P2_triple,P2_triple,sc09,T3,20,50,c441,"['c404', 'c441']",0.575
test_all,693,G19,test,nominal,P2_triple,P2_triple,sc09,T3,62,155,c404,"['c404', 'c431', 'c440']",0.6
test_all,693,G19,test,nominal,P2_triple,P2_triple,sc09,T3,105,262,c431,"['c431', 'c440']",0.875
test_all,693,G19,test,nominal,P2_triple,P2_triple,sc09,T3,147,367,c440,"['c404', 'c430', 'c440']",0.45
test_all,693,G19,test,nominal,P2_triple,P2_triple,sc09,T3,190,475,c222,['c222'],1.0
test_all,693,G19,test,nominal,P2_triple,P2_triple,sc09,T3,232,580,c222,['c222'],1.0
test_all,694,G19,test,nominal,P2_triple,P2_triple,sc10,T4,20,50,c414,"['c403', 'c414', 'c430']",0.425
test_all,694,G19,test,nominal,P2_triple,P2_triple,sc10,T4,62,155,c430,"['c430', 'c440', 'c444']",0.75
test_all,694,G19,test,nominal,P2_triple,P2_triple,sc10,T4,104,260,c440,"['c404', 'c440', 'c443']",0.6
test_all,694,G19,test,nominal,P2_triple,P2_triple,sc10,T4,147,367,c443,"['c443', 'c444']",0.6
test_all,694,G19,test,nominal,P2_triple,P2_triple,sc10,T4,189,472,c222,['c222'],1.0
test_all,694,G19,test,nominal,P2_triple,P2_triple,sc10,T4,231,577,c222,['c222'],1.0
test_all,695,G19,test,nominal,P2_triple,P2_triple,sc11,T5,20,50,c403,"['c403', 'c430', 'c441']",0.6
test_all,695,G19,test,nominal,P2_triple,P2_triple,sc11,T5,62,155,c430,"['c430', 'c443']",0.725
test_all,695,G19,test,nominal,P2_triple,P2_triple,sc11,T5,104,260,c414,['c414'],1.0
test_all,695,G19,test,nominal,P2_triple,P2_triple,sc11,T5,147,367,c414,"['c414', 'c431', 'c440']",0.45
test_all,695,G19,test,nominal,P2_triple,P2_triple,sc11,T5,189,472,c431,"['c222', 'c431']",0.9
test_all,695,G19,test,nominal,P2_triple,P2_triple,sc11,T5,231,577,c222,['c222'],1.0
test_all,696,G19,test,mid,P0_seen_cell,P0_seen_cell,sc00,T0,20,50,c220,"['c220', 'c224', 'c231']",0.425
test_all,696,G19,test,mid,P0_seen_cell,P0_seen_cell,sc00,T0,62,155,c242,"['c241', 'c242']",0.575
test_all,696,G19,test,mid,P0_seen_cell,P0_seen_cell,sc00,T0,104,260,c202,"['c202', 'c232']",0.575
test_all,696,G19,test,mid,P0_seen_cell,P0_seen_cell,sc00,T0,147,367,c232,"['c203', 'c232']",0.75
test_all,696,G19,test,mid,P0_seen_cell,P0_seen_cell,sc00,T0,189,472,c222,['c222'],1.0
test_all,696,G19,test,mid,P0_seen_cell,P0_seen_cell,sc00,T0,231,577,c222,['c222'],1.0
test_all,697,G19,test,mid,P0_seen_cell,P0_seen_cell,sc01,T1,20,50,c124,"['c124', 'c230']",0.725
test_all,697,G19,test,mid,P0_seen_cell,P0_seen_cell,sc01,T1,62,155,c230,"['c230', 'c312', 'c322']",0.45
test_all,697,G19,test,mid,P0_seen_cell,P0_seen_cell,sc01,T1,104,260,c221,"['c042', 'c221']",0.725
test_all,697,G19,test,mid,P0_seen_cell,P0_seen_cell,sc01,T1,147,367,c042,"['c042', 'c122']",0.6
test_all,697,G19,test,mid,P0_seen_cell,P0_seen_cell,sc01,T1,189,472,c243,"['c222', 'c243']",0.55
test_all,697,G19,test,mid,P0_seen_cell,P0_seen_cell,sc01,T1,231,577,c222,['c222'],1.0
test_all,698,G19,test,mid,P0_seen_cell,P0_seen_cell,sc02,T2,20,50,c244,"['c213', 'c244']",0.725
test_all,698,G19,test,mid,P0_seen_cell,P0_seen_cell,sc02,T2,62,155,c132,"['c132', 'c142']",0.725
test_all,698,G19,test,mid,P0_seen_cell,P0_seen_cell,sc02,T2,104,260,c023,"['c023', 'c032', 'c240']",0.425
test_all,698,G19,test,mid,P0_seen_cell,P0_seen_cell,sc02,T2,147,367,c032,"['c022', 'c032', 'c222']",0.475
test_all,698,G19,test,mid,P0_seen_cell,P0_seen_cell,sc02,T2,189,472,c222,['c222'],1.0
test_all,698,G19,test,mid,P0_seen_cell,P0_seen_cell,sc02,T2,231,577,c222,['c222'],1.0
test_all,699,G19,test,mid,P0_seen_cell,P0_seen_cell,sc03,T3,20,50,c214,"['c204', 'c214']",0.575
test_all,699,G19,test,mid,P0_seen_cell,P0_seen_cell,sc03,T3,62,155,c204,"['c204', 'c212', 'c302']",0.6
test_all,699,G19,test,mid,P0_seen_cell,P0_seen_cell,sc03,T3,105,262,c212,"['c024', 'c212', 'c422']",0.475
test_all,699,G19,test,mid,P0_seen_cell,P0_seen_cell,sc03,T3,147,367,c024,"['c024', 'c123', 'c223']",0.45
test_all,699,G19,test,mid,P0_seen_cell,P0_seen_cell,sc03,T3,190,475,c222,['c222'],1.0
test_all,699,G19,test,mid,P0_seen_cell,P0_seen_cell,sc03,T3,232,580,c222,['c222'],1.0
test_all,700,G19,test,mid,P1_heldout_pair,P1_heldout_pair,sc04,T4,20,50,c021,"['c021', 'c201']",0.725
test_all,700,G19,test,mid,P1_heldout_pair,P1_heldout_pair,sc04,T4,62,155,c201,"['c120', 'c201', 'c342']",0.75
test_all,700,G19,test,mid,P1_heldout_pair,P1_heldout_pair,sc04,T4,104,260,c120,"['c012', 'c120']",0.6
test_all,700,G19,test,mid,P1_heldout_pair,P1_heldout_pair,sc04,T4,147,367,c120,"['c120', 'c201']",0.6
test_all,700,G19,test,mid,P1_heldout_pair,P1_heldout_pair,sc04,T4,189,472,c222,['c222'],1.0
test_all,700,G19,test,mid,P1_heldout_pair,P1_heldout_pair,sc04,T4,231,577,c222,['c222'],1.0
test_all,701,G19,test,mid,P1_heldout_pair,P1_heldout_pair,sc05,T5,20,50,c021,"['c021', 'c201', 'c210']",0.6
test_all,701,G19,test,mid,P1_heldout_pair,P1_heldout_pair,sc05,T5,62,155,c210,"['c210', 'c324']",0.725
test_all,701,G19,test,mid,P1_heldout_pair,P1_heldout_pair,sc05,T5,104,260,c102,"['c102', 'c234']",0.725
test_all,701,G19,test,mid,P1_heldout_pair,P1_heldout_pair,sc05,T5,147,367,c234,"['c234', 'c324']",0.7
test_all,701,G19,test,mid,P1_heldout_pair,P1_heldout_pair,sc05,T5,189,472,c234,"['c222', 'c234']",0.9
test_all,701,G19,test,mid,P1_heldout_pair,P1_heldout_pair,sc05,T5,231,577,c222,['c222'],1.0
test_all,702,G19,test,mid,P1_heldout_pair,P1_heldout_pair,sc06,T0,20,50,c234,"['c012', 'c120', 'c234']",0.425
test_all,702,G19,test,mid,P1_heldout_pair,P1_heldout_pair,sc06,T0,62,155,c012,"['c012', 'c021']",0.575
test_all,702,G19,test,mid,P1_heldout_pair,P1_heldout_pair,sc06,T0,104,260,c102,"['c102', 'c210']",0.575
test_all,702,G19,test,mid,P1_heldout_pair,P1_heldout_pair,sc06,T0,147,367,c210,"['c102', 'c210']",0.75
test_all,702,G19,test,mid,P1_heldout_pair,P1_heldout_pair,sc06,T0,189,472,c222,['c222'],1.0
test_all,702,G19,test,mid,P1_heldout_pair,P1_heldout_pair,sc06,T0,231,577,c222,['c222'],1.0
test_all,703,G19,test,mid,P1_heldout_pair,P1_heldout_pair,sc07,T1,20,50,c342,"['c210', 'c342']",0.725
test_all,703,G19,test,mid,P1_heldout_pair,P1_heldout_pair,sc07,T1,62,155,c210,"['c120', 'c210', 'c342']",0.45
test_all,703,G19,test,mid,P1_heldout_pair,P1_heldout_pair,sc07,T1,104,260,c102,"['c102', 'c324']",0.725
test_all,703,G19,test,mid,P1_heldout_pair,P1_heldout_pair,sc07,T1,147,367,c324,"['c324', 'c342']",0.6
test_all,703,G19,test,mid,P1_heldout_pair,P1_heldout_pair,sc07,T1,189,472,c012,"['c012', 'c222']",0.55
test_all,703,G19,test,mid,P1_heldout_pair,P1_heldout_pair,sc07,T1,231,577,c222,['c222'],1.0
test_all,704,G19,test,mid,P2_triple,P2_triple,sc08,T2,20,50,c403,"['c403', 'c443']",0.725
test_all,704,G19,test,mid,P2_triple,P2_triple,sc08,T2,62,155,c430,"['c430', 'c444']",0.725
test_all,704,G19,test,mid,P2_triple,P2_triple,sc08,T2,104,260,c441,"['c441', 'c443']",0.725
test_all,704,G19,test,mid,P2_triple,P2_triple,sc08,T2,147,367,c443,"['c222', 'c443', 'c444']",0.475
test_all,704,G19,test,mid,P2_triple,P2_triple,sc08,T2,189,472,c222,['c222'],1.0
test_all,704,G19,test,mid,P2_triple,P2_triple,sc08,T2,231,577,c222,['c222'],1.0
test_all,705,G19,test,mid,P2_triple,P2_triple,sc09,T3,20,50,c441,"['c404', 'c441']",0.575
test_all,705,G19,test,mid,P2_triple,P2_triple,sc09,T3,62,155,c404,"['c404', 'c431', 'c440']",0.6
test_all,705,G19,test,mid,P2_triple,P2_triple,sc09,T3,105,262,c431,"['c431', 'c440']",0.875
test_all,705,G19,test,mid,P2_triple,P2_triple,sc09,T3,147,367,c440,"['c404', 'c430', 'c440']",0.45
test_all,705,G19,test,mid,P2_triple,P2_triple,sc09,T3,190,475,c222,['c222'],1.0
test_all,705,G19,test,mid,P2_triple,P2_triple,sc09,T3,232,580,c222,['c222'],1.0
test_all,706,G19,test,mid,P2_triple,P2_triple,sc10,T4,20,50,c414,"['c403', 'c414', 'c430']",0.425
test_all,706,G19,test,mid,P2_triple,P2_triple,sc10,T4,62,155,c430,"['c430', 'c440', 'c444']",0.75
test_all,706,G19,test,mid,P2_triple,P2_triple,sc10,T4,104,260,c440,"['c404', 'c440', 'c443']",0.6
test_all,706,G19,test,mid,P2_triple,P2_triple,sc10,T4,147,367,c443,"['c443', 'c444']",0.6
test_all,706,G19,test,mid,P2_triple,P2_triple,sc10,T4,189,472,c222,['c222'],1.0
test_all,706,G19,test,mid,P2_triple,P2_triple,sc10,T4,231,577,c222,['c222'],1.0
test_all,707,G19,test,mid,P2_triple,P2_triple,sc11,T5,20,50,c403,"['c403', 'c430', 'c441']",0.6
test_all,707,G19,test,mid,P2_triple,P2_triple,sc11,T5,62,155,c430,"['c430', 'c443']",0.725
test_all,707,G19,test,mid,P2_triple,P2_triple,sc11,T5,104,260,c414,['c414'],1.0
test_all,707,G19,test,mid,P2_triple,P2_triple,sc11,T5,147,367,c414,"['c414', 'c431', 'c440']",0.45
test_all,707,G19,test,mid,P2_triple,P2_triple,sc11,T5,189,472,c431,"['c222', 'c431']",0.9
test_all,707,G19,test,mid,P2_triple,P2_triple,sc11,T5,231,577,c222,['c222'],1.0
test_all,708,G19,test,low,P0_seen_cell,P0_seen_cell,sc00,T0,20,50,c220,"['c220', 'c224', 'c231']",0.425
test_all,708,G19,test,low,P0_seen_cell,P0_seen_cell,sc00,T0,62,155,c242,"['c241', 'c242']",0.575
test_all,708,G19,test,low,P0_seen_cell,P0_seen_cell,sc00,T0,104,260,c202,"['c202', 'c232']",0.575
test_all,708,G19,test,low,P0_seen_cell,P0_seen_cell,sc00,T0,147,367,c232,"['c203', 'c232']",0.75
test_all,708,G19,test,low,P0_seen_cell,P0_seen_cell,sc00,T0,189,472,c222,['c222'],1.0
test_all,708,G19,test,low,P0_seen_cell,P0_seen_cell,sc00,T0,231,577,c222,['c222'],1.0
test_all,709,G19,test,low,P0_seen_cell,P0_seen_cell,sc01,T1,20,50,c124,"['c124', 'c230']",0.725
test_all,709,G19,test,low,P0_seen_cell,P0_seen_cell,sc01,T1,62,155,c230,"['c230', 'c312', 'c322']",0.45
test_all,709,G19,test,low,P0_seen_cell,P0_seen_cell,sc01,T1,104,260,c221,"['c042', 'c221']",0.725
test_all,709,G19,test,low,P0_seen_cell,P0_seen_cell,sc01,T1,147,367,c042,"['c042', 'c122']",0.6
test_all,709,G19,test,low,P0_seen_cell,P0_seen_cell,sc01,T1,189,472,c243,"['c222', 'c243']",0.55
test_all,709,G19,test,low,P0_seen_cell,P0_seen_cell,sc01,T1,231,577,c222,['c222'],1.0
test_all,710,G19,test,low,P0_seen_cell,P0_seen_cell,sc02,T2,20,50,c244,"['c213', 'c244']",0.725
test_all,710,G19,test,low,P0_seen_cell,P0_seen_cell,sc02,T2,62,155,c132,"['c132', 'c142']",0.725
test_all,710,G19,test,low,P0_seen_cell,P0_seen_cell,sc02,T2,104,260,c023,"['c023', 'c032', 'c240']",0.425
test_all,710,G19,test,low,P0_seen_cell,P0_seen_cell,sc02,T2,147,367,c032,"['c022', 'c032', 'c222']",0.475
test_all,710,G19,test,low,P0_seen_cell,P0_seen_cell,sc02,T2,189,472,c222,['c222'],1.0
test_all,710,G19,test,low,P0_seen_cell,P0_seen_cell,sc02,T2,231,577,c222,['c222'],1.0
test_all,711,G19,test,low,P0_seen_cell,P0_seen_cell,sc03,T3,20,50,c214,"['c204', 'c214']",0.575
test_all,711,G19,test,low,P0_seen_cell,P0_seen_cell,sc03,T3,62,155,c204,"['c204', 'c212', 'c302']",0.6
test_all,711,G19,test,low,P0_seen_cell,P0_seen_cell,sc03,T3,105,262,c212,"['c024', 'c212', 'c422']",0.475
test_all,711,G19,test,low,P0_seen_cell,P0_seen_cell,sc03,T3,147,367,c024,"['c024', 'c123', 'c223']",0.45
test_all,711,G19,test,low,P0_seen_cell,P0_seen_cell,sc03,T3,190,475,c222,['c222'],1.0
test_all,711,G19,test,low,P0_seen_cell,P0_seen_cell,sc03,T3,232,580,c222,['c222'],1.0
test_all,712,G19,test,low,P1_heldout_pair,P1_heldout_pair,sc04,T4,20,50,c021,"['c021', 'c201']",0.725
test_all,712,G19,test,low,P1_heldout_pair,P1_heldout_pair,sc04,T4,62,155,c201,"['c120', 'c201', 'c342']",0.75
test_all,712,G19,test,low,P1_heldout_pair,P1_heldout_pair,sc04,T4,104,260,c120,"['c012', 'c120']",0.6
test_all,712,G19,test,low,P1_heldout_pair,P1_heldout_pair,sc04,T4,147,367,c120,"['c120', 'c201']",0.6
test_all,712,G19,test,low,P1_heldout_pair,P1_heldout_pair,sc04,T4,189,472,c222,['c222'],1.0
test_all,712,G19,test,low,P1_heldout_pair,P1_heldout_pair,sc04,T4,231,577,c222,['c222'],1.0
test_all,713,G19,test,low,P1_heldout_pair,P1_heldout_pair,sc05,T5,20,50,c021,"['c021', 'c201', 'c210']",0.6
test_all,713,G19,test,low,P1_heldout_pair,P1_heldout_pair,sc05,T5,62,155,c210,"['c210', 'c324']",0.725
test_all,713,G19,test,low,P1_heldout_pair,P1_heldout_pair,sc05,T5,104,260,c102,"['c102', 'c234']",0.725
test_all,713,G19,test,low,P1_heldout_pair,P1_heldout_pair,sc05,T5,147,367,c234,"['c234', 'c324']",0.7
test_all,713,G19,test,low,P1_heldout_pair,P1_heldout_pair,sc05,T5,189,472,c234,"['c222', 'c234']",0.9
test_all,713,G19,test,low,P1_heldout_pair,P1_heldout_pair,sc05,T5,231,577,c222,['c222'],1.0
test_all,714,G19,test,low,P1_heldout_pair,P1_heldout_pair,sc06,T0,20,50,c234,"['c012', 'c120', 'c234']",0.425
test_all,714,G19,test,low,P1_heldout_pair,P1_heldout_pair,sc06,T0,62,155,c012,"['c012', 'c021']",0.575
test_all,714,G19,test,low,P1_heldout_pair,P1_heldout_pair,sc06,T0,104,260,c102,"['c102', 'c210']",0.575
test_all,714,G19,test,low,P1_heldout_pair,P1_heldout_pair,sc06,T0,147,367,c210,"['c102', 'c210']",0.75
test_all,714,G19,test,low,P1_heldout_pair,P1_heldout_pair,sc06,T0,189,472,c222,['c222'],1.0
test_all,714,G19,test,low,P1_heldout_pair,P1_heldout_pair,sc06,T0,231,577,c222,['c222'],1.0
test_all,715,G19,test,low,P1_heldout_pair,P1_heldout_pair,sc07,T1,20,50,c342,"['c210', 'c342']",0.725
test_all,715,G19,test,low,P1_heldout_pair,P1_heldout_pair,sc07,T1,62,155,c210,"['c120', 'c210', 'c342']",0.45
test_all,715,G19,test,low,P1_heldout_pair,P1_heldout_pair,sc07,T1,104,260,c102,"['c102', 'c324']",0.725
test_all,715,G19,test,low,P1_heldout_pair,P1_heldout_pair,sc07,T1,147,367,c324,"['c324', 'c342']",0.6
test_all,715,G19,test,low,P1_heldout_pair,P1_heldout_pair,sc07,T1,189,472,c012,"['c012', 'c222']",0.55
test_all,715,G19,test,low,P1_heldout_pair,P1_heldout_pair,sc07,T1,231,577,c222,['c222'],1.0
test_all,716,G19,test,low,P2_triple,P2_triple,sc08,T2,20,50,c403,"['c403', 'c443']",0.725
test_all,716,G19,test,low,P2_triple,P2_triple,sc08,T2,62,155,c430,"['c430', 'c444']",0.725
test_all,716,G19,test,low,P2_triple,P2_triple,sc08,T2,104,260,c441,"['c441', 'c443']",0.725
test_all,716,G19,test,low,P2_triple,P2_triple,sc08,T2,147,367,c443,"['c222', 'c443', 'c444']",0.475
test_all,716,G19,test,low,P2_triple,P2_triple,sc08,T2,189,472,c222,['c222'],1.0
test_all,716,G19,test,low,P2_triple,P2_triple,sc08,T2,231,577,c222,['c222'],1.0
test_all,717,G19,test,low,P2_triple,P2_triple,sc09,T3,20,50,c441,"['c404', 'c441']",0.575
test_all,717,G19,test,low,P2_triple,P2_triple,sc09,T3,62,155,c404,"['c404', 'c431', 'c440']",0.6
test_all,717,G19,test,low,P2_triple,P2_triple,sc09,T3,105,262,c431,"['c431', 'c440']",0.875
test_all,717,G19,test,low,P2_triple,P2_triple,sc09,T3,147,367,c440,"['c404', 'c430', 'c440']",0.45
test_all,717,G19,test,low,P2_triple,P2_triple,sc09,T3,190,475,c222,['c222'],1.0
test_all,717,G19,test,low,P2_triple,P2_triple,sc09,T3,232,580,c222,['c222'],1.0
test_all,718,G19,test,low,P2_triple,P2_triple,sc10,T4,20,50,c414,"['c403', 'c414', 'c430']",0.425
test_all,718,G19,test,low,P2_triple,P2_triple,sc10,T4,62,155,c430,"['c430', 'c440', 'c444']",0.75
test_all,718,G19,test,low,P2_triple,P2_triple,sc10,T4,104,260,c440,"['c404', 'c440', 'c443']",0.6
test_all,718,G19,test,low,P2_triple,P2_triple,sc10,T4,147,367,c443,"['c443', 'c444']",0.6
test_all,718,G19,test,low,P2_triple,P2_triple,sc10,T4,189,472,c222,['c222'],1.0
test_all,718,G19,test,low,P2_triple,P2_triple,sc10,T4,231,577,c222,['c222'],1.0
test_all,719,G19,test,low,P2_triple,P2_triple,sc11,T5,20,50,c403,"['c403', 'c430', 'c441']",0.6
test_all,719,G19,test,low,P2_triple,P2_triple,sc11,T5,62,155,c430,"['c430', 'c443']",0.725
test_all,719,G19,test,low,P2_triple,P2_triple,sc11,T5,104,260,c414,['c414'],1.0
test_all,719,G19,test,low,P2_triple,P2_triple,sc11,T5,147,367,c414,"['c414', 'c431', 'c440']",0.45
test_all,719,G19,test,low,P2_triple,P2_triple,sc11,T5,189,472,c431,"['c222', 'c431']",0.9
test_all,719,G19,test,low,P2_triple,P2_triple,sc11,T5,231,577,c222,['c222'],1.0
test_all,720,G20,test,nominal,P0_seen_cell,P0_seen_cell,sc00,T0,20,50,c241,"['c024', 'c230', 'c241']",0.425
test_all,720,G20,test,nominal,P0_seen_cell,P0_seen_cell,sc00,T0,62,155,c240,"['c240', 'c302']",0.575
test_all,720,G20,test,nominal,P0_seen_cell,P0_seen_cell,sc00,T0,104,260,c243,"['c042', 'c243']",0.575
test_all,720,G20,test,nominal,P0_seen_cell,P0_seen_cell,sc00,T0,147,367,c042,"['c042', 'c221']",0.75
test_all,720,G20,test,nominal,P0_seen_cell,P0_seen_cell,sc00,T0,189,472,c222,['c222'],1.0
test_all,720,G20,test,nominal,P0_seen_cell,P0_seen_cell,sc00,T0,231,577,c222,['c222'],1.0
test_all,721,G20,test,nominal,P0_seen_cell,P0_seen_cell,sc01,T1,20,50,c212,"['c123', 'c212']",0.725
test_all,721,G20,test,nominal,P0_seen_cell,P0_seen_cell,sc01,T1,62,155,c123,"['c123', 'c204', 'c220']",0.45
test_all,721,G20,test,nominal,P0_seen_cell,P0_seen_cell,sc01,T1,104,260,c232,"['c214', 'c232']",0.725
test_all,721,G20,test,nominal,P0_seen_cell,P0_seen_cell,sc01,T1,147,367,c214,"['c202', 'c214']",0.6
test_all,721,G20,test,nominal,P0_seen_cell,P0_seen_cell,sc01,T1,189,472,c244,"['c222', 'c244']",0.55
test_all,721,G20,test,nominal,P0_seen_cell,P0_seen_cell,sc01,T1,231,577,c222,['c222'],1.0
test_all,722,G20,test,nominal,P0_seen_cell,P0_seen_cell,sc02,T2,20,50,c312,"['c223', 'c312']",0.725
test_all,722,G20,test,nominal,P0_seen_cell,P0_seen_cell,sc02,T2,62,155,c213,"['c124', 'c213']",0.725
test_all,722,G20,test,nominal,P0_seen_cell,P0_seen_cell,sc02,T2,104,260,c032,"['c023', 'c032', 'c122']",0.425
test_all,722,G20,test,nominal,P0_seen_cell,P0_seen_cell,sc02,T2,147,367,c122,"['c122', 'c222', 'c322']",0.475
test_all,722,G20,test,nominal,P0_seen_cell,P0_seen_cell,sc02,T2,189,472,c222,['c222'],1.0
test_all,722,G20,test,nominal,P0_seen_cell,P0_seen_cell,sc02,T2,231,577,c222,['c222'],1.0
test_all,723,G20,test,nominal,P0_seen_cell,P0_seen_cell,sc03,T3,20,50,c132,"['c132', 'c242']",0.575
test_all,723,G20,test,nominal,P0_seen_cell,P0_seen_cell,sc03,T3,62,155,c242,"['c022', 'c203', 'c242']",0.6
test_all,723,G20,test,nominal,P0_seen_cell,P0_seen_cell,sc03,T3,105,262,c022,"['c022', 'c224', 'c231']",0.475
test_all,723,G20,test,nominal,P0_seen_cell,P0_seen_cell,sc03,T3,147,367,c224,"['c142', 'c224', 'c422']",0.45
test_all,723,G20,test,nominal,P0_seen_cell,P0_seen_cell,sc03,T3,190,475,c222,['c222'],1.0
test_all,723,G20,test,nominal,P0_seen_cell,P0_seen_cell,sc03,T3,232,580,c222,['c222'],1.0
test_all,724,G20,test,nominal,P1_heldout_pair,P1_heldout_pair,sc04,T4,20,50,c021,"['c021', 'c120', 'c234']",0.425
test_all,724,G20,test,nominal,P1_heldout_pair,P1_heldout_pair,sc04,T4,62,155,c234,"['c120', 'c234', 'c342']",0.75
test_all,724,G20,test,nominal,P1_heldout_pair,P1_heldout_pair,sc04,T4,104,260,c120,"['c120', 'c201', 'c342']",0.6
test_all,724,G20,test,nominal,P1_heldout_pair,P1_heldout_pair,sc04,T4,147,367,c342,"['c210', 'c342']",0.6
test_all,724,G20,test,nominal,P1_heldout_pair,P1_heldout_pair,sc04,T4,189,472,c222,['c222'],1.0
test_all,724,G20,test,nominal,P1_heldout_pair,P1_heldout_pair,sc04,T4,231,577,c222,['c222'],1.0
test_all,725,G20,test,nominal,P1_heldout_pair,P1_heldout_pair,sc05,T5,20,50,c210,"['c210', 'c324', 'c342']",0.6
test_all,725,G20,test,nominal,P1_heldout_pair,P1_heldout_pair,sc05,T5,62,155,c342,"['c102', 'c342']",0.725
test_all,725,G20,test,nominal,P1_heldout_pair,P1_heldout_pair,sc05,T5,104,260,c201,"['c021', 'c201']",0.725
test_all,725,G20,test,nominal,P1_heldout_pair,P1_heldout_pair,sc05,T5,147,367,c021,"['c012', 'c021', 'c120']",0.45
test_all,725,G20,test,nominal,P1_heldout_pair,P1_heldout_pair,sc05,T5,189,472,c120,"['c120', 'c222']",0.9
test_all,725,G20,test,nominal,P1_heldout_pair,P1_heldout_pair,sc05,T5,231,577,c222,['c222'],1.0
test_all,726,G20,test,nominal,P1_heldout_pair,P1_heldout_pair,sc06,T0,20,50,c342,"['c012', 'c102', 'c342']",0.425
test_all,726,G20,test,nominal,P1_heldout_pair,P1_heldout_pair,sc06,T0,62,155,c210,"['c210', 'c234']",0.575
test_all,726,G20,test,nominal,P1_heldout_pair,P1_heldout_pair,sc06,T0,104,260,c201,"['c201', 'c324']",0.575
test_all,726,G20,test,nominal,P1_heldout_pair,P1_heldout_pair,sc06,T0,147,367,c324,"['c120', 'c324']",0.75
test_all,726,G20,test,nominal,P1_heldout_pair,P1_heldout_pair,sc06,T0,189,472,c222,['c222'],1.0
test_all,726,G20,test,nominal,P1_heldout_pair,P1_heldout_pair,sc06,T0,231,577,c222,['c222'],1.0
test_all,727,G20,test,nominal,P1_heldout_pair,P1_heldout_pair,sc07,T1,20,50,c102,"['c021', 'c102']",0.725
test_all,727,G20,test,nominal,P1_heldout_pair,P1_heldout_pair,sc07,T1,62,155,c021,"['c012', 'c021', 'c102']",0.45
test_all,727,G20,test,nominal,P1_heldout_pair,P1_heldout_pair,sc07,T1,104,260,c012,"['c012', 'c021']",0.725
test_all,727,G20,test,nominal,P1_heldout_pair,P1_heldout_pair,sc07,T1,147,367,c021,"['c021', 'c324']",0.6
test_all,727,G20,test,nominal,P1_heldout_pair,P1_heldout_pair,sc07,T1,189,472,c234,"['c222', 'c234']",0.55
test_all,727,G20,test,nominal,P1_heldout_pair,P1_heldout_pair,sc07,T1,231,577,c222,['c222'],1.0
test_all,728,G20,test,nominal,P2_triple,P2_triple,sc08,T2,20,50,c443,"['c441', 'c443']",0.725
test_all,728,G20,test,nominal,P2_triple,P2_triple,sc08,T2,62,155,c444,"['c414', 'c444']",0.725
test_all,728,G20,test,nominal,P2_triple,P2_triple,sc08,T2,104,260,c430,"['c403', 'c430', 'c441']",0.425
test_all,728,G20,test,nominal,P2_triple,P2_triple,sc08,T2,147,367,c403,"['c222', 'c403', 'c404']",0.475
test_all,728,G20,test,nominal,P2_triple,P2_triple,sc08,T2,189,472,c222,['c222'],1.0
test_all,728,G20,test,nominal,P2_triple,P2_triple,sc08,T2,231,577,c222,['c222'],1.0
test_all,729,G20,test,nominal,P2_triple,P2_triple,sc09,T3,20,50,c431,"['c403', 'c431']",0.575
test_all,729,G20,test,nominal,P2_triple,P2_triple,sc09,T3,62,155,c403,"['c403', 'c414', 'c444']",0.6
test_all,729,G20,test,nominal,P2_triple,P2_triple,sc09,T3,105,262,c414,"['c414', 'c440', 'c441']",0.475
test_all,729,G20,test,nominal,P2_triple,P2_triple,sc09,T3,147,367,c440,"['c430', 'c440']",0.55
test_all,729,G20,test,nominal,P2_triple,P2_triple,sc09,T3,190,475,c222,['c222'],1.0
test_all,729,G20,test,nominal,P2_triple,P2_triple,sc09,T3,232,580,c222,['c222'],1.0
test_all,730,G20,test,nominal,P2_triple,P2_triple,sc10,T4,20,50,c430,"['c430', 'c443']",0.725
test_all,730,G20,test,nominal,P2_triple,P2_triple,sc10,T4,62,155,c443,"['c440', 'c443']",0.875
test_all,730,G20,test,nominal,P2_triple,P2_triple,sc10,T4,104,260,c440,"['c403', 'c431', 'c440']",0.6
test_all,730,G20,test,nominal,P2_triple,P2_triple,sc10,T4,147,367,c431,"['c431', 'c441']",0.6
test_all,730,G20,test,nominal,P2_triple,P2_triple,sc10,T4,189,472,c222,['c222'],1.0
test_all,730,G20,test,nominal,P2_triple,P2_triple,sc10,T4,231,577,c222,['c222'],1.0
test_all,731,G20,test,nominal,P2_triple,P2_triple,sc11,T5,20,50,c443,"['c404', 'c443', 'c444']",0.6
test_all,731,G20,test,nominal,P2_triple,P2_triple,sc11,T5,62,155,c444,['c444'],1.0
test_all,731,G20,test,nominal,P2_triple,P2_triple,sc11,T5,104,260,c431,"['c404', 'c431']",0.725
test_all,731,G20,test,nominal,P2_triple,P2_triple,sc11,T5,147,367,c404,"['c404', 'c414', 'c443']",0.45
test_all,731,G20,test,nominal,P2_triple,P2_triple,sc11,T5,189,472,c414,"['c222', 'c414']",0.9
test_all,731,G20,test,nominal,P2_triple,P2_triple,sc11,T5,231,577,c222,['c222'],1.0
test_all,732,G20,test,mid,P0_seen_cell,P0_seen_cell,sc00,T0,20,50,c241,"['c024', 'c230', 'c241']",0.425
test_all,732,G20,test,mid,P0_seen_cell,P0_seen_cell,sc00,T0,62,155,c240,"['c240', 'c302']",0.575
test_all,732,G20,test,mid,P0_seen_cell,P0_seen_cell,sc00,T0,104,260,c243,"['c042', 'c243']",0.575
test_all,732,G20,test,mid,P0_seen_cell,P0_seen_cell,sc00,T0,147,367,c042,"['c042', 'c221']",0.75
test_all,732,G20,test,mid,P0_seen_cell,P0_seen_cell,sc00,T0,189,472,c222,['c222'],1.0
test_all,732,G20,test,mid,P0_seen_cell,P0_seen_cell,sc00,T0,231,577,c222,['c222'],1.0
test_all,733,G20,test,mid,P0_seen_cell,P0_seen_cell,sc01,T1,20,50,c212,"['c123', 'c212']",0.725
test_all,733,G20,test,mid,P0_seen_cell,P0_seen_cell,sc01,T1,62,155,c123,"['c123', 'c204', 'c220']",0.45
test_all,733,G20,test,mid,P0_seen_cell,P0_seen_cell,sc01,T1,104,260,c232,"['c214', 'c232']",0.725
test_all,733,G20,test,mid,P0_seen_cell,P0_seen_cell,sc01,T1,147,367,c214,"['c202', 'c214']",0.6
test_all,733,G20,test,mid,P0_seen_cell,P0_seen_cell,sc01,T1,189,472,c244,"['c222', 'c244']",0.55
test_all,733,G20,test,mid,P0_seen_cell,P0_seen_cell,sc01,T1,231,577,c222,['c222'],1.0
test_all,734,G20,test,mid,P0_seen_cell,P0_seen_cell,sc02,T2,20,50,c312,"['c223', 'c312']",0.725
test_all,734,G20,test,mid,P0_seen_cell,P0_seen_cell,sc02,T2,62,155,c213,"['c124', 'c213']",0.725
test_all,734,G20,test,mid,P0_seen_cell,P0_seen_cell,sc02,T2,104,260,c032,"['c023', 'c032', 'c122']",0.425
test_all,734,G20,test,mid,P0_seen_cell,P0_seen_cell,sc02,T2,147,367,c122,"['c122', 'c222', 'c322']",0.475
test_all,734,G20,test,mid,P0_seen_cell,P0_seen_cell,sc02,T2,189,472,c222,['c222'],1.0
test_all,734,G20,test,mid,P0_seen_cell,P0_seen_cell,sc02,T2,231,577,c222,['c222'],1.0
test_all,735,G20,test,mid,P0_seen_cell,P0_seen_cell,sc03,T3,20,50,c132,"['c132', 'c242']",0.575
test_all,735,G20,test,mid,P0_seen_cell,P0_seen_cell,sc03,T3,62,155,c242,"['c022', 'c203', 'c242']",0.6
test_all,735,G20,test,mid,P0_seen_cell,P0_seen_cell,sc03,T3,105,262,c022,"['c022', 'c224', 'c231']",0.475
test_all,735,G20,test,mid,P0_seen_cell,P0_seen_cell,sc03,T3,147,367,c224,"['c142', 'c224', 'c422']",0.45
test_all,735,G20,test,mid,P0_seen_cell,P0_seen_cell,sc03,T3,190,475,c222,['c222'],1.0
test_all,735,G20,test,mid,P0_seen_cell,P0_seen_cell,sc03,T3,232,580,c222,['c222'],1.0
test_all,736,G20,test,mid,P1_heldout_pair,P1_heldout_pair,sc04,T4,20,50,c021,"['c021', 'c120', 'c234']",0.425
test_all,736,G20,test,mid,P1_heldout_pair,P1_heldout_pair,sc04,T4,62,155,c234,"['c120', 'c234', 'c342']",0.75
test_all,736,G20,test,mid,P1_heldout_pair,P1_heldout_pair,sc04,T4,104,260,c120,"['c120', 'c201', 'c342']",0.6
test_all,736,G20,test,mid,P1_heldout_pair,P1_heldout_pair,sc04,T4,147,367,c342,"['c210', 'c342']",0.6
test_all,736,G20,test,mid,P1_heldout_pair,P1_heldout_pair,sc04,T4,189,472,c222,['c222'],1.0
test_all,736,G20,test,mid,P1_heldout_pair,P1_heldout_pair,sc04,T4,231,577,c222,['c222'],1.0
test_all,737,G20,test,mid,P1_heldout_pair,P1_heldout_pair,sc05,T5,20,50,c210,"['c210', 'c324', 'c342']",0.6
test_all,737,G20,test,mid,P1_heldout_pair,P1_heldout_pair,sc05,T5,62,155,c342,"['c102', 'c342']",0.725
test_all,737,G20,test,mid,P1_heldout_pair,P1_heldout_pair,sc05,T5,104,260,c201,"['c021', 'c201']",0.725
test_all,737,G20,test,mid,P1_heldout_pair,P1_heldout_pair,sc05,T5,147,367,c021,"['c012', 'c021', 'c120']",0.45
test_all,737,G20,test,mid,P1_heldout_pair,P1_heldout_pair,sc05,T5,189,472,c120,"['c120', 'c222']",0.9
test_all,737,G20,test,mid,P1_heldout_pair,P1_heldout_pair,sc05,T5,231,577,c222,['c222'],1.0
test_all,738,G20,test,mid,P1_heldout_pair,P1_heldout_pair,sc06,T0,20,50,c342,"['c012', 'c102', 'c342']",0.425
test_all,738,G20,test,mid,P1_heldout_pair,P1_heldout_pair,sc06,T0,62,155,c210,"['c210', 'c234']",0.575
test_all,738,G20,test,mid,P1_heldout_pair,P1_heldout_pair,sc06,T0,104,260,c201,"['c201', 'c324']",0.575
test_all,738,G20,test,mid,P1_heldout_pair,P1_heldout_pair,sc06,T0,147,367,c324,"['c120', 'c324']",0.75
test_all,738,G20,test,mid,P1_heldout_pair,P1_heldout_pair,sc06,T0,189,472,c222,['c222'],1.0
test_all,738,G20,test,mid,P1_heldout_pair,P1_heldout_pair,sc06,T0,231,577,c222,['c222'],1.0
test_all,739,G20,test,mid,P1_heldout_pair,P1_heldout_pair,sc07,T1,20,50,c102,"['c021', 'c102']",0.725
test_all,739,G20,test,mid,P1_heldout_pair,P1_heldout_pair,sc07,T1,62,155,c021,"['c012', 'c021', 'c102']",0.45
test_all,739,G20,test,mid,P1_heldout_pair,P1_heldout_pair,sc07,T1,104,260,c012,"['c012', 'c021']",0.725
test_all,739,G20,test,mid,P1_heldout_pair,P1_heldout_pair,sc07,T1,147,367,c021,"['c021', 'c324']",0.6
test_all,739,G20,test,mid,P1_heldout_pair,P1_heldout_pair,sc07,T1,189,472,c234,"['c222', 'c234']",0.55
test_all,739,G20,test,mid,P1_heldout_pair,P1_heldout_pair,sc07,T1,231,577,c222,['c222'],1.0
test_all,740,G20,test,mid,P2_triple,P2_triple,sc08,T2,20,50,c443,"['c441', 'c443']",0.725
test_all,740,G20,test,mid,P2_triple,P2_triple,sc08,T2,62,155,c444,"['c414', 'c444']",0.725
test_all,740,G20,test,mid,P2_triple,P2_triple,sc08,T2,104,260,c430,"['c403', 'c430', 'c441']",0.425
test_all,740,G20,test,mid,P2_triple,P2_triple,sc08,T2,147,367,c403,"['c222', 'c403', 'c404']",0.475
test_all,740,G20,test,mid,P2_triple,P2_triple,sc08,T2,189,472,c222,['c222'],1.0
test_all,740,G20,test,mid,P2_triple,P2_triple,sc08,T2,231,577,c222,['c222'],1.0
test_all,741,G20,test,mid,P2_triple,P2_triple,sc09,T3,20,50,c431,"['c403', 'c431']",0.575
test_all,741,G20,test,mid,P2_triple,P2_triple,sc09,T3,62,155,c403,"['c403', 'c414', 'c444']",0.6
test_all,741,G20,test,mid,P2_triple,P2_triple,sc09,T3,105,262,c414,"['c414', 'c440', 'c441']",0.475
test_all,741,G20,test,mid,P2_triple,P2_triple,sc09,T3,147,367,c440,"['c430', 'c440']",0.55
test_all,741,G20,test,mid,P2_triple,P2_triple,sc09,T3,190,475,c222,['c222'],1.0
test_all,741,G20,test,mid,P2_triple,P2_triple,sc09,T3,232,580,c222,['c222'],1.0
test_all,742,G20,test,mid,P2_triple,P2_triple,sc10,T4,20,50,c430,"['c430', 'c443']",0.725
test_all,742,G20,test,mid,P2_triple,P2_triple,sc10,T4,62,155,c443,"['c440', 'c443']",0.875
test_all,742,G20,test,mid,P2_triple,P2_triple,sc10,T4,104,260,c440,"['c403', 'c431', 'c440']",0.6
test_all,742,G20,test,mid,P2_triple,P2_triple,sc10,T4,147,367,c431,"['c431', 'c441']",0.6
test_all,742,G20,test,mid,P2_triple,P2_triple,sc10,T4,189,472,c222,['c222'],1.0
test_all,742,G20,test,mid,P2_triple,P2_triple,sc10,T4,231,577,c222,['c222'],1.0
test_all,743,G20,test,mid,P2_triple,P2_triple,sc11,T5,20,50,c443,"['c404', 'c443', 'c444']",0.6
test_all,743,G20,test,mid,P2_triple,P2_triple,sc11,T5,62,155,c444,['c444'],1.0
test_all,743,G20,test,mid,P2_triple,P2_triple,sc11,T5,104,260,c431,"['c404', 'c431']",0.725
test_all,743,G20,test,mid,P2_triple,P2_triple,sc11,T5,147,367,c404,"['c404', 'c414', 'c443']",0.45
test_all,743,G20,test,mid,P2_triple,P2_triple,sc11,T5,189,472,c414,"['c222', 'c414']",0.9
test_all,743,G20,test,mid,P2_triple,P2_triple,sc11,T5,231,577,c222,['c222'],1.0
test_all,744,G20,test,low,P0_seen_cell,P0_seen_cell,sc00,T0,20,50,c241,"['c024', 'c230', 'c241']",0.425
test_all,744,G20,test,low,P0_seen_cell,P0_seen_cell,sc00,T0,62,155,c240,"['c240', 'c302']",0.575
test_all,744,G20,test,low,P0_seen_cell,P0_seen_cell,sc00,T0,104,260,c243,"['c042', 'c243']",0.575
test_all,744,G20,test,low,P0_seen_cell,P0_seen_cell,sc00,T0,147,367,c042,"['c042', 'c221']",0.75
test_all,744,G20,test,low,P0_seen_cell,P0_seen_cell,sc00,T0,189,472,c222,['c222'],1.0
test_all,744,G20,test,low,P0_seen_cell,P0_seen_cell,sc00,T0,231,577,c222,['c222'],1.0
test_all,745,G20,test,low,P0_seen_cell,P0_seen_cell,sc01,T1,20,50,c212,"['c123', 'c212']",0.725
test_all,745,G20,test,low,P0_seen_cell,P0_seen_cell,sc01,T1,62,155,c123,"['c123', 'c204', 'c220']",0.45
test_all,745,G20,test,low,P0_seen_cell,P0_seen_cell,sc01,T1,104,260,c232,"['c214', 'c232']",0.725
test_all,745,G20,test,low,P0_seen_cell,P0_seen_cell,sc01,T1,147,367,c214,"['c202', 'c214']",0.6
test_all,745,G20,test,low,P0_seen_cell,P0_seen_cell,sc01,T1,189,472,c244,"['c222', 'c244']",0.55
test_all,745,G20,test,low,P0_seen_cell,P0_seen_cell,sc01,T1,231,577,c222,['c222'],1.0
test_all,746,G20,test,low,P0_seen_cell,P0_seen_cell,sc02,T2,20,50,c312,"['c223', 'c312']",0.725
test_all,746,G20,test,low,P0_seen_cell,P0_seen_cell,sc02,T2,62,155,c213,"['c124', 'c213']",0.725
test_all,746,G20,test,low,P0_seen_cell,P0_seen_cell,sc02,T2,104,260,c032,"['c023', 'c032', 'c122']",0.425
test_all,746,G20,test,low,P0_seen_cell,P0_seen_cell,sc02,T2,147,367,c122,"['c122', 'c222', 'c322']",0.475
test_all,746,G20,test,low,P0_seen_cell,P0_seen_cell,sc02,T2,189,472,c222,['c222'],1.0
test_all,746,G20,test,low,P0_seen_cell,P0_seen_cell,sc02,T2,231,577,c222,['c222'],1.0
test_all,747,G20,test,low,P0_seen_cell,P0_seen_cell,sc03,T3,20,50,c132,"['c132', 'c242']",0.575
test_all,747,G20,test,low,P0_seen_cell,P0_seen_cell,sc03,T3,62,155,c242,"['c022', 'c203', 'c242']",0.6
test_all,747,G20,test,low,P0_seen_cell,P0_seen_cell,sc03,T3,105,262,c022,"['c022', 'c224', 'c231']",0.475
test_all,747,G20,test,low,P0_seen_cell,P0_seen_cell,sc03,T3,147,367,c224,"['c142', 'c224', 'c422']",0.45
test_all,747,G20,test,low,P0_seen_cell,P0_seen_cell,sc03,T3,190,475,c222,['c222'],1.0
test_all,747,G20,test,low,P0_seen_cell,P0_seen_cell,sc03,T3,232,580,c222,['c222'],1.0
test_all,748,G20,test,low,P1_heldout_pair,P1_heldout_pair,sc04,T4,20,50,c021,"['c021', 'c120', 'c234']",0.425
test_all,748,G20,test,low,P1_heldout_pair,P1_heldout_pair,sc04,T4,62,155,c234,"['c120', 'c234', 'c342']",0.75
test_all,748,G20,test,low,P1_heldout_pair,P1_heldout_pair,sc04,T4,104,260,c120,"['c120', 'c201', 'c342']",0.6
test_all,748,G20,test,low,P1_heldout_pair,P1_heldout_pair,sc04,T4,147,367,c342,"['c210', 'c342']",0.6
test_all,748,G20,test,low,P1_heldout_pair,P1_heldout_pair,sc04,T4,189,472,c222,['c222'],1.0
test_all,748,G20,test,low,P1_heldout_pair,P1_heldout_pair,sc04,T4,231,577,c222,['c222'],1.0
test_all,749,G20,test,low,P1_heldout_pair,P1_heldout_pair,sc05,T5,20,50,c210,"['c210', 'c324', 'c342']",0.6
test_all,749,G20,test,low,P1_heldout_pair,P1_heldout_pair,sc05,T5,62,155,c342,"['c102', 'c342']",0.725
test_all,749,G20,test,low,P1_heldout_pair,P1_heldout_pair,sc05,T5,104,260,c201,"['c021', 'c201']",0.725
test_all,749,G20,test,low,P1_heldout_pair,P1_heldout_pair,sc05,T5,147,367,c021,"['c012', 'c021', 'c120']",0.45
test_all,749,G20,test,low,P1_heldout_pair,P1_heldout_pair,sc05,T5,189,472,c120,"['c120', 'c222']",0.9
test_all,749,G20,test,low,P1_heldout_pair,P1_heldout_pair,sc05,T5,231,577,c222,['c222'],1.0
test_all,750,G20,test,low,P1_heldout_pair,P1_heldout_pair,sc06,T0,20,50,c342,"['c012', 'c102', 'c342']",0.425
test_all,750,G20,test,low,P1_heldout_pair,P1_heldout_pair,sc06,T0,62,155,c210,"['c210', 'c234']",0.575
test_all,750,G20,test,low,P1_heldout_pair,P1_heldout_pair,sc06,T0,104,260,c201,"['c201', 'c324']",0.575
test_all,750,G20,test,low,P1_heldout_pair,P1_heldout_pair,sc06,T0,147,367,c324,"['c120', 'c324']",0.75
test_all,750,G20,test,low,P1_heldout_pair,P1_heldout_pair,sc06,T0,189,472,c222,['c222'],1.0
test_all,750,G20,test,low,P1_heldout_pair,P1_heldout_pair,sc06,T0,231,577,c222,['c222'],1.0
test_all,751,G20,test,low,P1_heldout_pair,P1_heldout_pair,sc07,T1,20,50,c102,"['c021', 'c102']",0.725
test_all,751,G20,test,low,P1_heldout_pair,P1_heldout_pair,sc07,T1,62,155,c021,"['c012', 'c021', 'c102']",0.45
test_all,751,G20,test,low,P1_heldout_pair,P1_heldout_pair,sc07,T1,104,260,c012,"['c012', 'c021']",0.725
test_all,751,G20,test,low,P1_heldout_pair,P1_heldout_pair,sc07,T1,147,367,c021,"['c021', 'c324']",0.6
test_all,751,G20,test,low,P1_heldout_pair,P1_heldout_pair,sc07,T1,189,472,c234,"['c222', 'c234']",0.55
test_all,751,G20,test,low,P1_heldout_pair,P1_heldout_pair,sc07,T1,231,577,c222,['c222'],1.0
test_all,752,G20,test,low,P2_triple,P2_triple,sc08,T2,20,50,c443,"['c441', 'c443']",0.725
test_all,752,G20,test,low,P2_triple,P2_triple,sc08,T2,62,155,c444,"['c414', 'c444']",0.725
test_all,752,G20,test,low,P2_triple,P2_triple,sc08,T2,104,260,c430,"['c403', 'c430', 'c441']",0.425
test_all,752,G20,test,low,P2_triple,P2_triple,sc08,T2,147,367,c403,"['c222', 'c403', 'c404']",0.475
test_all,752,G20,test,low,P2_triple,P2_triple,sc08,T2,189,472,c222,['c222'],1.0
test_all,752,G20,test,low,P2_triple,P2_triple,sc08,T2,231,577,c222,['c222'],1.0
test_all,753,G20,test,low,P2_triple,P2_triple,sc09,T3,20,50,c431,"['c403', 'c431']",0.575
test_all,753,G20,test,low,P2_triple,P2_triple,sc09,T3,62,155,c403,"['c403', 'c414', 'c444']",0.6
test_all,753,G20,test,low,P2_triple,P2_triple,sc09,T3,105,262,c414,"['c414', 'c440', 'c441']",0.475
test_all,753,G20,test,low,P2_triple,P2_triple,sc09,T3,147,367,c440,"['c430', 'c440']",0.55
test_all,753,G20,test,low,P2_triple,P2_triple,sc09,T3,190,475,c222,['c222'],1.0
test_all,753,G20,test,low,P2_triple,P2_triple,sc09,T3,232,580,c222,['c222'],1.0
test_all,754,G20,test,low,P2_triple,P2_triple,sc10,T4,20,50,c430,"['c430', 'c443']",0.725
test_all,754,G20,test,low,P2_triple,P2_triple,sc10,T4,62,155,c443,"['c440', 'c443']",0.875
test_all,754,G20,test,low,P2_triple,P2_triple,sc10,T4,104,260,c440,"['c403', 'c431', 'c440']",0.6
test_all,754,G20,test,low,P2_triple,P2_triple,sc10,T4,147,367,c431,"['c431', 'c441']",0.6
test_all,754,G20,test,low,P2_triple,P2_triple,sc10,T4,189,472,c222,['c222'],1.0
test_all,754,G20,test,low,P2_triple,P2_triple,sc10,T4,231,577,c222,['c222'],1.0
test_all,755,G20,test,low,P2_triple,P2_triple,sc11,T5,20,50,c443,"['c404', 'c443', 'c444']",0.6
test_all,755,G20,test,low,P2_triple,P2_triple,sc11,T5,62,155,c444,['c444'],1.0
test_all,755,G20,test,low,P2_triple,P2_triple,sc11,T5,104,260,c431,"['c404', 'c431']",0.725
test_all,755,G20,test,low,P2_triple,P2_triple,sc11,T5,147,367,c404,"['c404', 'c414', 'c443']",0.45
test_all,755,G20,test,low,P2_triple,P2_triple,sc11,T5,189,472,c414,"['c222', 'c414']",0.9
test_all,755,G20,test,low,P2_triple,P2_triple,sc11,T5,231,577,c222,['c222'],1.0
test_all,756,G21,test,nominal,P0_seen_cell,P0_seen_cell,sc00,T0,20,50,c322,"['c242', 'c312', 'c322']",0.425
test_all,756,G21,test,nominal,P0_seen_cell,P0_seen_cell,sc00,T0,62,155,c024,"['c024', 'c122']",0.575
test_all,756,G21,test,nominal,P0_seen_cell,P0_seen_cell,sc00,T0,104,260,c132,"['c023', 'c132']",0.575
test_all,756,G21,test,nominal,P0_seen_cell,P0_seen_cell,sc00,T0,147,367,c023,"['c023', 'c212']",0.75
test_all,756,G21,test,nominal,P0_seen_cell,P0_seen_cell,sc00,T0,189,472,c222,['c222'],1.0
test_all,756,G21,test,nominal,P0_seen_cell,P0_seen_cell,sc00,T0,231,577,c222,['c222'],1.0
test_all,757,G21,test,nominal,P0_seen_cell,P0_seen_cell,sc01,T1,20,50,c032,"['c032', 'c243']",0.725
test_all,757,G21,test,nominal,P0_seen_cell,P0_seen_cell,sc01,T1,62,155,c243,"['c223', 'c230', 'c243']",0.45
test_all,757,G21,test,nominal,P0_seen_cell,P0_seen_cell,sc01,T1,104,260,c123,"['c123', 'c302']",0.725
test_all,757,G21,test,nominal,P0_seen_cell,P0_seen_cell,sc01,T1,147,367,c302,"['c203', 'c302']",0.6
test_all,757,G21,test,nominal,P0_seen_cell,P0_seen_cell,sc01,T1,189,472,c124,"['c124', 'c222']",0.55
test_all,757,G21,test,nominal,P0_seen_cell,P0_seen_cell,sc01,T1,231,577,c222,['c222'],1.0
test_all,758,G21,test,nominal,P0_seen_cell,P0_seen_cell,sc02,T2,20,50,c214,"['c214', 'c240']",0.725
test_all,758,G21,test,nominal,P0_seen_cell,P0_seen_cell,sc02,T2,62,155,c022,"['c022', 'c202']",0.725
test_all,758,G21,test,nominal,P0_seen_cell,P0_seen_cell,sc02,T2,104,260,c213,"['c213', 'c221', 'c232']",0.425
test_all,758,G21,test,nominal,P0_seen_cell,P0_seen_cell,sc02,T2,147,367,c232,"['c222', 'c232', 'c244']",0.475
test_all,758,G21,test,nominal,P0_seen_cell,P0_seen_cell,sc02,T2,189,472,c222,['c222'],1.0
test_all,758,G21,test,nominal,P0_seen_cell,P0_seen_cell,sc02,T2,231,577,c222,['c222'],1.0
test_all,759,G21,test,nominal,P0_seen_cell,P0_seen_cell,sc03,T3,20,50,c231,"['c204', 'c231']",0.575
test_all,759,G21,test,nominal,P0_seen_cell,P0_seen_cell,sc03,T3,62,155,c204,"['c204', 'c241', 'c422']",0.6
test_all,759,G21,test,nominal,P0_seen_cell,P0_seen_cell,sc03,T3,105,262,c241,"['c042', 'c142', 'c241']",0.475
test_all,759,G21,test,nominal,P0_seen_cell,P0_seen_cell,sc03,T3,147,367,c042,"['c042', 'c220', 'c224']",0.45
test_all,759,G21,test,nominal,P0_seen_cell,P0_seen_cell,sc03,T3,190,475,c222,['c222'],1.0
test_all,759,G21,test,nominal,P0_seen_cell,P0_seen_cell,sc03,T3,232,580,c222,['c222'],1.0
test_all,760,G21,test,nominal,P1_heldout_pair,P1_heldout_pair,sc04,T4,20,50,c324,"['c324', 'c342']",0.725
test_all,760,G21,test,nominal,P1_heldout_pair,P1_heldout_pair,sc04,T4,62,155,c342,"['c120', 'c210', 'c342']",0.75
test_all,760,G21,test,nominal,P1_heldout_pair,P1_heldout_pair,sc04,T4,104,260,c120,"['c012', 'c102', 'c120']",0.6
test_all,760,G21,test,nominal,P1_heldout_pair,P1_heldout_pair,sc04,T4,147,367,c102,['c102'],1.0
test_all,760,G21,test,nominal,P1_heldout_pair,P1_heldout_pair,sc04,T4,189,472,c222,['c222'],1.0
test_all,760,G21,test,nominal,P1_heldout_pair,P1_heldout_pair,sc04,T4,231,577,c222,['c222'],1.0
test_all,761,G21,test,nominal,P1_heldout_pair,P1_heldout_pair,sc05,T5,20,50,c342,"['c102', 'c201', 'c342']",0.6
test_all,761,G21,test,nominal,P1_heldout_pair,P1_heldout_pair,sc05,T5,62,155,c102,"['c102', 'c234']",0.725
test_all,761,G21,test,nominal,P1_heldout_pair,P1_heldout_pair,sc05,T5,104,260,c120,"['c012', 'c120']",0.725
test_all,761,G21,test,nominal,P1_heldout_pair,P1_heldout_pair,sc05,T5,147,367,c012,"['c012', 'c021', 'c120']",0.45
test_all,761,G21,test,nominal,P1_heldout_pair,P1_heldout_pair,sc05,T5,189,472,c120,"['c120', 'c222']",0.9
test_all,761,G21,test,nominal,P1_heldout_pair,P1_heldout_pair,sc05,T5,231,577,c222,['c222'],1.0
test_all,762,G21,test,nominal,P1_heldout_pair,P1_heldout_pair,sc06,T0,20,50,c324,"['c021', 'c324', 'c342']",0.425
test_all,762,G21,test,nominal,P1_heldout_pair,P1_heldout_pair,sc06,T0,62,155,c021,"['c012', 'c021']",0.575
test_all,762,G21,test,nominal,P1_heldout_pair,P1_heldout_pair,sc06,T0,104,260,c234,"['c201', 'c234']",0.575
test_all,762,G21,test,nominal,P1_heldout_pair,P1_heldout_pair,sc06,T0,147,367,c201,"['c102', 'c201']",0.75
test_all,762,G21,test,nominal,P1_heldout_pair,P1_heldout_pair,sc06,T0,189,472,c222,['c222'],1.0
test_all,762,G21,test,nominal,P1_heldout_pair,P1_heldout_pair,sc06,T0,231,577,c222,['c222'],1.0
test_all,763,G21,test,nominal,P1_heldout_pair,P1_heldout_pair,sc07,T1,20,50,c012,"['c012', 'c120']",0.725
test_all,763,G21,test,nominal,P1_heldout_pair,P1_heldout_pair,sc07,T1,62,155,c120,"['c120', 'c210', 'c234']",0.45
test_all,763,G21,test,nominal,P1_heldout_pair,P1_heldout_pair,sc07,T1,104,260,c201,"['c201', 'c342']",0.725
test_all,763,G21,test,nominal,P1_heldout_pair,P1_heldout_pair,sc07,T1,147,367,c342,"['c210', 'c342']",0.6
test_all,763,G21,test,nominal,P1_heldout_pair,P1_heldout_pair,sc07,T1,189,472,c021,"['c021', 'c222']",0.55
test_all,763,G21,test,nominal,P1_heldout_pair,P1_heldout_pair,sc07,T1,231,577,c222,['c222'],1.0
test_all,764,G21,test,nominal,P2_triple,P2_triple,sc08,T2,20,50,c430,"['c430', 'c431']",0.725
test_all,764,G21,test,nominal,P2_triple,P2_triple,sc08,T2,62,155,c441,"['c441', 'c444']",0.725
test_all,764,G21,test,nominal,P2_triple,P2_triple,sc08,T2,104,260,c444,"['c404', 'c441', 'c444']",0.425
test_all,764,G21,test,nominal,P2_triple,P2_triple,sc08,T2,147,367,c441,"['c222', 'c441', 'c444']",0.475
test_all,764,G21,test,nominal,P2_triple,P2_triple,sc08,T2,189,472,c222,['c222'],1.0
test_all,764,G21,test,nominal,P2_triple,P2_triple,sc08,T2,231,577,c222,['c222'],1.0
test_all,765,G21,test,nominal,P2_triple,P2_triple,sc09,T3,20,50,c431,"['c403', 'c431']",0.575
test_all,765,G21,test,nominal,P2_triple,P2_triple,sc09,T3,62,155,c403,"['c403', 'c440']",0.875
test_all,765,G21,test,nominal,P2_triple,P2_triple,sc09,T3,105,262,c440,"['c404', 'c440']",0.525
test_all,765,G21,test,nominal,P2_triple,P2_triple,sc09,T3,147,367,c440,"['c440', 'c441', 'c443']",0.45
test_all,765,G21,test,nominal,P2_triple,P2_triple,sc09,T3,190,475,c222,['c222'],1.0
test_all,765,G21,test,nominal,P2_triple,P2_triple,sc09,T3,232,580,c222,['c222'],1.0
test_all,766,G21,test,nominal,P2_triple,P2_triple,sc10,T4,20,50,c414,"['c414', 'c431', 'c441']",0.425
test_all,766,G21,test,nominal,P2_triple,P2_triple,sc10,T4,62,155,c431,"['c430', 'c431', 'c440']",0.75
test_all,766,G21,test,nominal,P2_triple,P2_triple,sc10,T4,104,260,c440,"['c404', 'c440', 'c443']",0.6
test_all,766,G21,test,nominal,P2_triple,P2_triple,sc10,T4,147,367,c404,"['c404', 'c440']",0.6
test_all,766,G21,test,nominal,P2_triple,P2_triple,sc10,T4,189,472,c222,['c222'],1.0
test_all,766,G21,test,nominal,P2_triple,P2_triple,sc10,T4,231,577,c222,['c222'],1.0
test_all,767,G21,test,nominal,P2_triple,P2_triple,sc11,T5,20,50,c430,"['c414', 'c430', 'c444']",0.6
test_all,767,G21,test,nominal,P2_triple,P2_triple,sc11,T5,62,155,c414,"['c414', 'c430']",0.725
test_all,767,G21,test,nominal,P2_triple,P2_triple,sc11,T5,104,260,c414,"['c403', 'c414']",0.725
test_all,767,G21,test,nominal,P2_triple,P2_triple,sc11,T5,147,367,c403,"['c403', 'c443']",0.75
test_all,767,G21,test,nominal,P2_triple,P2_triple,sc11,T5,189,472,c443,"['c222', 'c443']",0.9
test_all,767,G21,test,nominal,P2_triple,P2_triple,sc11,T5,231,577,c222,['c222'],1.0
test_all,768,G21,test,mid,P0_seen_cell,P0_seen_cell,sc00,T0,20,50,c322,"['c242', 'c312', 'c322']",0.425
test_all,768,G21,test,mid,P0_seen_cell,P0_seen_cell,sc00,T0,62,155,c024,"['c024', 'c122']",0.575
test_all,768,G21,test,mid,P0_seen_cell,P0_seen_cell,sc00,T0,104,260,c132,"['c023', 'c132']",0.575
test_all,768,G21,test,mid,P0_seen_cell,P0_seen_cell,sc00,T0,147,367,c023,"['c023', 'c212']",0.75
test_all,768,G21,test,mid,P0_seen_cell,P0_seen_cell,sc00,T0,189,472,c222,['c222'],1.0
test_all,768,G21,test,mid,P0_seen_cell,P0_seen_cell,sc00,T0,231,577,c222,['c222'],1.0
test_all,769,G21,test,mid,P0_seen_cell,P0_seen_cell,sc01,T1,20,50,c032,"['c032', 'c243']",0.725
test_all,769,G21,test,mid,P0_seen_cell,P0_seen_cell,sc01,T1,62,155,c243,"['c223', 'c230', 'c243']",0.45
test_all,769,G21,test,mid,P0_seen_cell,P0_seen_cell,sc01,T1,104,260,c123,"['c123', 'c302']",0.725
test_all,769,G21,test,mid,P0_seen_cell,P0_seen_cell,sc01,T1,147,367,c302,"['c203', 'c302']",0.6
test_all,769,G21,test,mid,P0_seen_cell,P0_seen_cell,sc01,T1,189,472,c124,"['c124', 'c222']",0.55
test_all,769,G21,test,mid,P0_seen_cell,P0_seen_cell,sc01,T1,231,577,c222,['c222'],1.0
test_all,770,G21,test,mid,P0_seen_cell,P0_seen_cell,sc02,T2,20,50,c214,"['c214', 'c240']",0.725
test_all,770,G21,test,mid,P0_seen_cell,P0_seen_cell,sc02,T2,62,155,c022,"['c022', 'c202']",0.725
test_all,770,G21,test,mid,P0_seen_cell,P0_seen_cell,sc02,T2,104,260,c213,"['c213', 'c221', 'c232']",0.425
test_all,770,G21,test,mid,P0_seen_cell,P0_seen_cell,sc02,T2,147,367,c232,"['c222', 'c232', 'c244']",0.475
test_all,770,G21,test,mid,P0_seen_cell,P0_seen_cell,sc02,T2,189,472,c222,['c222'],1.0
test_all,770,G21,test,mid,P0_seen_cell,P0_seen_cell,sc02,T2,231,577,c222,['c222'],1.0
test_all,771,G21,test,mid,P0_seen_cell,P0_seen_cell,sc03,T3,20,50,c231,"['c204', 'c231']",0.575
test_all,771,G21,test,mid,P0_seen_cell,P0_seen_cell,sc03,T3,62,155,c204,"['c204', 'c241', 'c422']",0.6
test_all,771,G21,test,mid,P0_seen_cell,P0_seen_cell,sc03,T3,105,262,c241,"['c042', 'c142', 'c241']",0.475
test_all,771,G21,test,mid,P0_seen_cell,P0_seen_cell,sc03,T3,147,367,c042,"['c042', 'c220', 'c224']",0.45
test_all,771,G21,test,mid,P0_seen_cell,P0_seen_cell,sc03,T3,190,475,c222,['c222'],1.0
test_all,771,G21,test,mid,P0_seen_cell,P0_seen_cell,sc03,T3,232,580,c222,['c222'],1.0
test_all,772,G21,test,mid,P1_heldout_pair,P1_heldout_pair,sc04,T4,20,50,c324,"['c324', 'c342']",0.725
test_all,772,G21,test,mid,P1_heldout_pair,P1_heldout_pair,sc04,T4,62,155,c342,"['c120', 'c210', 'c342']",0.75
test_all,772,G21,test,mid,P1_heldout_pair,P1_heldout_pair,sc04,T4,104,260,c120,"['c012', 'c102', 'c120']",0.6
test_all,772,G21,test,mid,P1_heldout_pair,P1_heldout_pair,sc04,T4,147,367,c102,['c102'],1.0
test_all,772,G21,test,mid,P1_heldout_pair,P1_heldout_pair,sc04,T4,189,472,c222,['c222'],1.0
test_all,772,G21,test,mid,P1_heldout_pair,P1_heldout_pair,sc04,T4,231,577,c222,['c222'],1.0
test_all,773,G21,test,mid,P1_heldout_pair,P1_heldout_pair,sc05,T5,20,50,c342,"['c102', 'c201', 'c342']",0.6
test_all,773,G21,test,mid,P1_heldout_pair,P1_heldout_pair,sc05,T5,62,155,c102,"['c102', 'c234']",0.725
test_all,773,G21,test,mid,P1_heldout_pair,P1_heldout_pair,sc05,T5,104,260,c120,"['c012', 'c120']",0.725
test_all,773,G21,test,mid,P1_heldout_pair,P1_heldout_pair,sc05,T5,147,367,c012,"['c012', 'c021', 'c120']",0.45
test_all,773,G21,test,mid,P1_heldout_pair,P1_heldout_pair,sc05,T5,189,472,c120,"['c120', 'c222']",0.9
test_all,773,G21,test,mid,P1_heldout_pair,P1_heldout_pair,sc05,T5,231,577,c222,['c222'],1.0
test_all,774,G21,test,mid,P1_heldout_pair,P1_heldout_pair,sc06,T0,20,50,c324,"['c021', 'c324', 'c342']",0.425
test_all,774,G21,test,mid,P1_heldout_pair,P1_heldout_pair,sc06,T0,62,155,c021,"['c012', 'c021']",0.575
test_all,774,G21,test,mid,P1_heldout_pair,P1_heldout_pair,sc06,T0,104,260,c234,"['c201', 'c234']",0.575
test_all,774,G21,test,mid,P1_heldout_pair,P1_heldout_pair,sc06,T0,147,367,c201,"['c102', 'c201']",0.75
test_all,774,G21,test,mid,P1_heldout_pair,P1_heldout_pair,sc06,T0,189,472,c222,['c222'],1.0
test_all,774,G21,test,mid,P1_heldout_pair,P1_heldout_pair,sc06,T0,231,577,c222,['c222'],1.0
test_all,775,G21,test,mid,P1_heldout_pair,P1_heldout_pair,sc07,T1,20,50,c012,"['c012', 'c120']",0.725
test_all,775,G21,test,mid,P1_heldout_pair,P1_heldout_pair,sc07,T1,62,155,c120,"['c120', 'c210', 'c234']",0.45
test_all,775,G21,test,mid,P1_heldout_pair,P1_heldout_pair,sc07,T1,104,260,c201,"['c201', 'c342']",0.725
test_all,775,G21,test,mid,P1_heldout_pair,P1_heldout_pair,sc07,T1,147,367,c342,"['c210', 'c342']",0.6
test_all,775,G21,test,mid,P1_heldout_pair,P1_heldout_pair,sc07,T1,189,472,c021,"['c021', 'c222']",0.55
test_all,775,G21,test,mid,P1_heldout_pair,P1_heldout_pair,sc07,T1,231,577,c222,['c222'],1.0
test_all,776,G21,test,mid,P2_triple,P2_triple,sc08,T2,20,50,c430,"['c430', 'c431']",0.725
test_all,776,G21,test,mid,P2_triple,P2_triple,sc08,T2,62,155,c441,"['c441', 'c444']",0.725
test_all,776,G21,test,mid,P2_triple,P2_triple,sc08,T2,104,260,c444,"['c404', 'c441', 'c444']",0.425
test_all,776,G21,test,mid,P2_triple,P2_triple,sc08,T2,147,367,c441,"['c222', 'c441', 'c444']",0.475
test_all,776,G21,test,mid,P2_triple,P2_triple,sc08,T2,189,472,c222,['c222'],1.0
test_all,776,G21,test,mid,P2_triple,P2_triple,sc08,T2,231,577,c222,['c222'],1.0
test_all,777,G21,test,mid,P2_triple,P2_triple,sc09,T3,20,50,c431,"['c403', 'c431']",0.575
test_all,777,G21,test,mid,P2_triple,P2_triple,sc09,T3,62,155,c403,"['c403', 'c440']",0.875
test_all,777,G21,test,mid,P2_triple,P2_triple,sc09,T3,105,262,c440,"['c404', 'c440']",0.525
test_all,777,G21,test,mid,P2_triple,P2_triple,sc09,T3,147,367,c440,"['c440', 'c441', 'c443']",0.45
test_all,777,G21,test,mid,P2_triple,P2_triple,sc09,T3,190,475,c222,['c222'],1.0
test_all,777,G21,test,mid,P2_triple,P2_triple,sc09,T3,232,580,c222,['c222'],1.0
test_all,778,G21,test,mid,P2_triple,P2_triple,sc10,T4,20,50,c414,"['c414', 'c431', 'c441']",0.425
test_all,778,G21,test,mid,P2_triple,P2_triple,sc10,T4,62,155,c431,"['c430', 'c431', 'c440']",0.75
test_all,778,G21,test,mid,P2_triple,P2_triple,sc10,T4,104,260,c440,"['c404', 'c440', 'c443']",0.6
test_all,778,G21,test,mid,P2_triple,P2_triple,sc10,T4,147,367,c404,"['c404', 'c440']",0.6
test_all,778,G21,test,mid,P2_triple,P2_triple,sc10,T4,189,472,c222,['c222'],1.0
test_all,778,G21,test,mid,P2_triple,P2_triple,sc10,T4,231,577,c222,['c222'],1.0
test_all,779,G21,test,mid,P2_triple,P2_triple,sc11,T5,20,50,c430,"['c414', 'c430', 'c444']",0.6
test_all,779,G21,test,mid,P2_triple,P2_triple,sc11,T5,62,155,c414,"['c414', 'c430']",0.725
test_all,779,G21,test,mid,P2_triple,P2_triple,sc11,T5,104,260,c414,"['c403', 'c414']",0.725
test_all,779,G21,test,mid,P2_triple,P2_triple,sc11,T5,147,367,c403,"['c403', 'c443']",0.75
test_all,779,G21,test,mid,P2_triple,P2_triple,sc11,T5,189,472,c443,"['c222', 'c443']",0.9
test_all,779,G21,test,mid,P2_triple,P2_triple,sc11,T5,231,577,c222,['c222'],1.0
test_all,780,G21,test,low,P0_seen_cell,P0_seen_cell,sc00,T0,20,50,c322,"['c242', 'c312', 'c322']",0.425
test_all,780,G21,test,low,P0_seen_cell,P0_seen_cell,sc00,T0,62,155,c024,"['c024', 'c122']",0.575
test_all,780,G21,test,low,P0_seen_cell,P0_seen_cell,sc00,T0,104,260,c132,"['c023', 'c132']",0.575
test_all,780,G21,test,low,P0_seen_cell,P0_seen_cell,sc00,T0,147,367,c023,"['c023', 'c212']",0.75
test_all,780,G21,test,low,P0_seen_cell,P0_seen_cell,sc00,T0,189,472,c222,['c222'],1.0
test_all,780,G21,test,low,P0_seen_cell,P0_seen_cell,sc00,T0,231,577,c222,['c222'],1.0
test_all,781,G21,test,low,P0_seen_cell,P0_seen_cell,sc01,T1,20,50,c032,"['c032', 'c243']",0.725
test_all,781,G21,test,low,P0_seen_cell,P0_seen_cell,sc01,T1,62,155,c243,"['c223', 'c230', 'c243']",0.45
test_all,781,G21,test,low,P0_seen_cell,P0_seen_cell,sc01,T1,104,260,c123,"['c123', 'c302']",0.725
test_all,781,G21,test,low,P0_seen_cell,P0_seen_cell,sc01,T1,147,367,c302,"['c203', 'c302']",0.6
test_all,781,G21,test,low,P0_seen_cell,P0_seen_cell,sc01,T1,189,472,c124,"['c124', 'c222']",0.55
test_all,781,G21,test,low,P0_seen_cell,P0_seen_cell,sc01,T1,231,577,c222,['c222'],1.0
test_all,782,G21,test,low,P0_seen_cell,P0_seen_cell,sc02,T2,20,50,c214,"['c214', 'c240']",0.725
test_all,782,G21,test,low,P0_seen_cell,P0_seen_cell,sc02,T2,62,155,c022,"['c022', 'c202']",0.725
test_all,782,G21,test,low,P0_seen_cell,P0_seen_cell,sc02,T2,104,260,c213,"['c213', 'c221', 'c232']",0.425
test_all,782,G21,test,low,P0_seen_cell,P0_seen_cell,sc02,T2,147,367,c232,"['c222', 'c232', 'c244']",0.475
test_all,782,G21,test,low,P0_seen_cell,P0_seen_cell,sc02,T2,189,472,c222,['c222'],1.0
test_all,782,G21,test,low,P0_seen_cell,P0_seen_cell,sc02,T2,231,577,c222,['c222'],1.0
test_all,783,G21,test,low,P0_seen_cell,P0_seen_cell,sc03,T3,20,50,c231,"['c204', 'c231']",0.575
test_all,783,G21,test,low,P0_seen_cell,P0_seen_cell,sc03,T3,62,155,c204,"['c204', 'c241', 'c422']",0.6
test_all,783,G21,test,low,P0_seen_cell,P0_seen_cell,sc03,T3,105,262,c241,"['c042', 'c142', 'c241']",0.475
test_all,783,G21,test,low,P0_seen_cell,P0_seen_cell,sc03,T3,147,367,c042,"['c042', 'c220', 'c224']",0.45
test_all,783,G21,test,low,P0_seen_cell,P0_seen_cell,sc03,T3,190,475,c222,['c222'],1.0
test_all,783,G21,test,low,P0_seen_cell,P0_seen_cell,sc03,T3,232,580,c222,['c222'],1.0
test_all,784,G21,test,low,P1_heldout_pair,P1_heldout_pair,sc04,T4,20,50,c324,"['c324', 'c342']",0.725
test_all,784,G21,test,low,P1_heldout_pair,P1_heldout_pair,sc04,T4,62,155,c342,"['c120', 'c210', 'c342']",0.75
test_all,784,G21,test,low,P1_heldout_pair,P1_heldout_pair,sc04,T4,104,260,c120,"['c012', 'c102', 'c120']",0.6
test_all,784,G21,test,low,P1_heldout_pair,P1_heldout_pair,sc04,T4,147,367,c102,['c102'],1.0
test_all,784,G21,test,low,P1_heldout_pair,P1_heldout_pair,sc04,T4,189,472,c222,['c222'],1.0
test_all,784,G21,test,low,P1_heldout_pair,P1_heldout_pair,sc04,T4,231,577,c222,['c222'],1.0
test_all,785,G21,test,low,P1_heldout_pair,P1_heldout_pair,sc05,T5,20,50,c342,"['c102', 'c201', 'c342']",0.6
test_all,785,G21,test,low,P1_heldout_pair,P1_heldout_pair,sc05,T5,62,155,c102,"['c102', 'c234']",0.725
test_all,785,G21,test,low,P1_heldout_pair,P1_heldout_pair,sc05,T5,104,260,c120,"['c012', 'c120']",0.725
test_all,785,G21,test,low,P1_heldout_pair,P1_heldout_pair,sc05,T5,147,367,c012,"['c012', 'c021', 'c120']",0.45
test_all,785,G21,test,low,P1_heldout_pair,P1_heldout_pair,sc05,T5,189,472,c120,"['c120', 'c222']",0.9
test_all,785,G21,test,low,P1_heldout_pair,P1_heldout_pair,sc05,T5,231,577,c222,['c222'],1.0
test_all,786,G21,test,low,P1_heldout_pair,P1_heldout_pair,sc06,T0,20,50,c324,"['c021', 'c324', 'c342']",0.425
test_all,786,G21,test,low,P1_heldout_pair,P1_heldout_pair,sc06,T0,62,155,c021,"['c012', 'c021']",0.575
test_all,786,G21,test,low,P1_heldout_pair,P1_heldout_pair,sc06,T0,104,260,c234,"['c201', 'c234']",0.575
test_all,786,G21,test,low,P1_heldout_pair,P1_heldout_pair,sc06,T0,147,367,c201,"['c102', 'c201']",0.75
test_all,786,G21,test,low,P1_heldout_pair,P1_heldout_pair,sc06,T0,189,472,c222,['c222'],1.0
test_all,786,G21,test,low,P1_heldout_pair,P1_heldout_pair,sc06,T0,231,577,c222,['c222'],1.0
test_all,787,G21,test,low,P1_heldout_pair,P1_heldout_pair,sc07,T1,20,50,c012,"['c012', 'c120']",0.725
test_all,787,G21,test,low,P1_heldout_pair,P1_heldout_pair,sc07,T1,62,155,c120,"['c120', 'c210', 'c234']",0.45
test_all,787,G21,test,low,P1_heldout_pair,P1_heldout_pair,sc07,T1,104,260,c201,"['c201', 'c342']",0.725
test_all,787,G21,test,low,P1_heldout_pair,P1_heldout_pair,sc07,T1,147,367,c342,"['c210', 'c342']",0.6
test_all,787,G21,test,low,P1_heldout_pair,P1_heldout_pair,sc07,T1,189,472,c021,"['c021', 'c222']",0.55
test_all,787,G21,test,low,P1_heldout_pair,P1_heldout_pair,sc07,T1,231,577,c222,['c222'],1.0
test_all,788,G21,test,low,P2_triple,P2_triple,sc08,T2,20,50,c430,"['c430', 'c431']",0.725
test_all,788,G21,test,low,P2_triple,P2_triple,sc08,T2,62,155,c441,"['c441', 'c444']",0.725
test_all,788,G21,test,low,P2_triple,P2_triple,sc08,T2,104,260,c444,"['c404', 'c441', 'c444']",0.425
test_all,788,G21,test,low,P2_triple,P2_triple,sc08,T2,147,367,c441,"['c222', 'c441', 'c444']",0.475
test_all,788,G21,test,low,P2_triple,P2_triple,sc08,T2,189,472,c222,['c222'],1.0
test_all,788,G21,test,low,P2_triple,P2_triple,sc08,T2,231,577,c222,['c222'],1.0
test_all,789,G21,test,low,P2_triple,P2_triple,sc09,T3,20,50,c431,"['c403', 'c431']",0.575
test_all,789,G21,test,low,P2_triple,P2_triple,sc09,T3,62,155,c403,"['c403', 'c440']",0.875
test_all,789,G21,test,low,P2_triple,P2_triple,sc09,T3,105,262,c440,"['c404', 'c440']",0.525
test_all,789,G21,test,low,P2_triple,P2_triple,sc09,T3,147,367,c440,"['c440', 'c441', 'c443']",0.45
test_all,789,G21,test,low,P2_triple,P2_triple,sc09,T3,190,475,c222,['c222'],1.0
test_all,789,G21,test,low,P2_triple,P2_triple,sc09,T3,232,580,c222,['c222'],1.0
test_all,790,G21,test,low,P2_triple,P2_triple,sc10,T4,20,50,c414,"['c414', 'c431', 'c441']",0.425
test_all,790,G21,test,low,P2_triple,P2_triple,sc10,T4,62,155,c431,"['c430', 'c431', 'c440']",0.75
test_all,790,G21,test,low,P2_triple,P2_triple,sc10,T4,104,260,c440,"['c404', 'c440', 'c443']",0.6
test_all,790,G21,test,low,P2_triple,P2_triple,sc10,T4,147,367,c404,"['c404', 'c440']",0.6
test_all,790,G21,test,low,P2_triple,P2_triple,sc10,T4,189,472,c222,['c222'],1.0
test_all,790,G21,test,low,P2_triple,P2_triple,sc10,T4,231,577,c222,['c222'],1.0
test_all,791,G21,test,low,P2_triple,P2_triple,sc11,T5,20,50,c430,"['c414', 'c430', 'c444']",0.6
test_all,791,G21,test,low,P2_triple,P2_triple,sc11,T5,62,155,c414,"['c414', 'c430']",0.725
test_all,791,G21,test,low,P2_triple,P2_triple,sc11,T5,104,260,c414,"['c403', 'c414']",0.725
test_all,791,G21,test,low,P2_triple,P2_triple,sc11,T5,147,367,c403,"['c403', 'c443']",0.75
test_all,791,G21,test,low,P2_triple,P2_triple,sc11,T5,189,472,c443,"['c222', 'c443']",0.9
test_all,791,G21,test,low,P2_triple,P2_triple,sc11,T5,231,577,c222,['c222'],1.0
test_all,792,G22,test,nominal,P0_seen_cell,P0_seen_cell,sc00,T0,20,50,c212,"['c142', 'c212', 'c232']",0.425
test_all,792,G22,test,nominal,P0_seen_cell,P0_seen_cell,sc00,T0,62,155,c224,"['c213', 'c224']",0.575
test_all,792,G22,test,nominal,P0_seen_cell,P0_seen_cell,sc00,T0,104,260,c022,"['c022', 'c230']",0.575
test_all,792,G22,test,nominal,P0_seen_cell,P0_seen_cell,sc00,T0,147,367,c230,"['c122', 'c230']",0.75
test_all,792,G22,test,nominal,P0_seen_cell,P0_seen_cell,sc00,T0,189,472,c222,['c222'],1.0
test_all,792,G22,test,nominal,P0_seen_cell,P0_seen_cell,sc00,T0,231,577,c222,['c222'],1.0
test_all,793,G22,test,nominal,P0_seen_cell,P0_seen_cell,sc01,T1,20,50,c240,"['c204', 'c240']",0.725
test_all,793,G22,test,nominal,P0_seen_cell,P0_seen_cell,sc01,T1,62,155,c204,"['c024', 'c204', 'c221']",0.45
test_all,793,G22,test,nominal,P0_seen_cell,P0_seen_cell,sc01,T1,104,260,c214,"['c214', 'c231']",0.725
test_all,793,G22,test,nominal,P0_seen_cell,P0_seen_cell,sc01,T1,147,367,c231,"['c032', 'c231']",0.6
test_all,793,G22,test,nominal,P0_seen_cell,P0_seen_cell,sc01,T1,189,472,c312,"['c222', 'c312']",0.55
test_all,793,G22,test,nominal,P0_seen_cell,P0_seen_cell,sc01,T1,231,577,c222,['c222'],1.0
test_all,794,G22,test,nominal,P0_seen_cell,P0_seen_cell,sc02,T2,20,50,c302,"['c241', 'c302']",0.725
test_all,794,G22,test,nominal,P0_seen_cell,P0_seen_cell,sc02,T2,62,155,c243,"['c124', 'c243']",0.725
test_all,794,G22,test,nominal,P0_seen_cell,P0_seen_cell,sc02,T2,104,260,c242,"['c220', 'c242', 'c422']",0.425
test_all,794,G22,test,nominal,P0_seen_cell,P0_seen_cell,sc02,T2,147,367,c422,"['c222', 'c322', 'c422']",0.475
test_all,794,G22,test,nominal,P0_seen_cell,P0_seen_cell,sc02,T2,189,472,c222,['c222'],1.0
test_all,794,G22,test,nominal,P0_seen_cell,P0_seen_cell,sc02,T2,231,577,c222,['c222'],1.0
test_all,795,G22,test,nominal,P0_seen_cell,P0_seen_cell,sc03,T3,20,50,c023,"['c023', 'c223']",0.575
test_all,795,G22,test,nominal,P0_seen_cell,P0_seen_cell,sc03,T3,62,155,c223,"['c202', 'c203', 'c223']",0.6
test_all,795,G22,test,nominal,P0_seen_cell,P0_seen_cell,sc03,T3,105,262,c203,"['c042', 'c203', 'c244']",0.475
test_all,795,G22,test,nominal,P0_seen_cell,P0_seen_cell,sc03,T3,147,367,c244,"['c123', 'c132', 'c244']",0.45
test_all,795,G22,test,nominal,P0_seen_cell,P0_seen_cell,sc03,T3,190,475,c222,['c222'],1.0
test_all,795,G22,test,nominal,P0_seen_cell,P0_seen_cell,sc03,T3,232,580,c222,['c222'],1.0
test_all,796,G22,test,nominal,P1_heldout_pair,P1_heldout_pair,sc04,T4,20,50,c120,"['c120', 'c234']",0.725
test_all,796,G22,test,nominal,P1_heldout_pair,P1_heldout_pair,sc04,T4,62,155,c234,"['c201', 'c234']",0.75
test_all,796,G22,test,nominal,P1_heldout_pair,P1_heldout_pair,sc04,T4,104,260,c234,"['c021', 'c120', 'c234']",0.6
test_all,796,G22,test,nominal,P1_heldout_pair,P1_heldout_pair,sc04,T4,147,367,c021,"['c021', 'c342']",0.6
test_all,796,G22,test,nominal,P1_heldout_pair,P1_heldout_pair,sc04,T4,189,472,c222,['c222'],1.0
test_all,796,G22,test,nominal,P1_heldout_pair,P1_heldout_pair,sc04,T4,231,577,c222,['c222'],1.0
test_all,797,G22,test,nominal,P1_heldout_pair,P1_heldout_pair,sc05,T5,20,50,c324,"['c021', 'c324', 'c342']",0.6
test_all,797,G22,test,nominal,P1_heldout_pair,P1_heldout_pair,sc05,T5,62,155,c342,"['c021', 'c342']",0.725
test_all,797,G22,test,nominal,P1_heldout_pair,P1_heldout_pair,sc05,T5,104,260,c234,"['c234', 'c342']",0.725
test_all,797,G22,test,nominal,P1_heldout_pair,P1_heldout_pair,sc05,T5,147,367,c342,"['c012', 'c021', 'c342']",0.45
test_all,797,G22,test,nominal,P1_heldout_pair,P1_heldout_pair,sc05,T5,189,472,c012,"['c012', 'c222']",0.9
test_all,797,G22,test,nominal,P1_heldout_pair,P1_heldout_pair,sc05,T5,231,577,c222,['c222'],1.0
test_all,798,G22,test,nominal,P1_heldout_pair,P1_heldout_pair,sc06,T0,20,50,c102,"['c102', 'c342']",0.7
test_all,798,G22,test,nominal,P1_heldout_pair,P1_heldout_pair,sc06,T0,62,155,c210,"['c012', 'c210']",0.575
test_all,798,G22,test,nominal,P1_heldout_pair,P1_heldout_pair,sc06,T0,104,260,c201,"['c120', 'c201']",0.575
test_all,798,G22,test,nominal,P1_heldout_pair,P1_heldout_pair,sc06,T0,147,367,c120,"['c120', 'c324']",0.75
test_all,798,G22,test,nominal,P1_heldout_pair,P1_heldout_pair,sc06,T0,189,472,c222,['c222'],1.0
test_all,798,G22,test,nominal,P1_heldout_pair,P1_heldout_pair,sc06,T0,231,577,c222,['c222'],1.0
test_all,799,G22,test,nominal,P1_heldout_pair,P1_heldout_pair,sc07,T1,20,50,c012,['c012'],1.0
test_all,799,G22,test,nominal,P1_heldout_pair,P1_heldout_pair,sc07,T1,62,155,c012,"['c012', 'c210', 'c324']",0.45
test_all,799,G22,test,nominal,P1_heldout_pair,P1_heldout_pair,sc07,T1,104,260,c210,"['c201', 'c210']",0.725
test_all,799,G22,test,nominal,P1_heldout_pair,P1_heldout_pair,sc07,T1,147,367,c201,"['c102', 'c201']",0.6
test_all,799,G22,test,nominal,P1_heldout_pair,P1_heldout_pair,sc07,T1,189,472,c102,"['c102', 'c222']",0.55
test_all,799,G22,test,nominal,P1_heldout_pair,P1_heldout_pair,sc07,T1,231,577,c222,['c222'],1.0
test_all,800,G22,test,nominal,P2_triple,P2_triple,sc08,T2,20,50,c404,"['c404', 'c444']",0.725
test_all,800,G22,test,nominal,P2_triple,P2_triple,sc08,T2,62,155,c431,"['c431', 'c440']",0.725
test_all,800,G22,test,nominal,P2_triple,P2_triple,sc08,T2,104,260,c430,"['c430', 'c441']",0.575
test_all,800,G22,test,nominal,P2_triple,P2_triple,sc08,T2,147,367,c441,"['c222', 'c441', 'c443']",0.475
test_all,800,G22,test,nominal,P2_triple,P2_triple,sc08,T2,189,472,c222,['c222'],1.0
test_all,800,G22,test,nominal,P2_triple,P2_triple,sc08,T2,231,577,c222,['c222'],1.0
test_all,801,G22,test,nominal,P2_triple,P2_triple,sc09,T3,20,50,c440,"['c430', 'c440']",0.575
test_all,801,G22,test,nominal,P2_triple,P2_triple,sc09,T3,62,155,c430,"['c403', 'c430', 'c431']",0.6
test_all,801,G22,test,nominal,P2_triple,P2_triple,sc09,T3,105,262,c431,"['c414', 'c431']",0.525
test_all,801,G22,test,nominal,P2_triple,P2_triple,sc09,T3,147,367,c431,"['c431', 'c443', 'c444']",0.45
test_all,801,G22,test,nominal,P2_triple,P2_triple,sc09,T3,190,475,c222,['c222'],1.0
test_all,801,G22,test,nominal,P2_triple,P2_triple,sc09,T3,232,580,c222,['c222'],1.0
test_all,802,G22,test,nominal,P2_triple,P2_triple,sc10,T4,20,50,c444,"['c443', 'c444']",0.575
test_all,802,G22,test,nominal,P2_triple,P2_triple,sc10,T4,62,155,c443,"['c404', 'c443', 'c444']",0.75
test_all,802,G22,test,nominal,P2_triple,P2_triple,sc10,T4,104,260,c444,"['c414', 'c441', 'c444']",0.6
test_all,802,G22,test,nominal,P2_triple,P2_triple,sc10,T4,147,367,c414,"['c414', 'c441']",0.6
test_all,802,G22,test,nominal,P2_triple,P2_triple,sc10,T4,189,472,c222,['c222'],1.0
test_all,802,G22,test,nominal,P2_triple,P2_triple,sc10,T4,231,577,c222,['c222'],1.0
test_all,803,G22,test,nominal,P2_triple,P2_triple,sc11,T5,20,50,c430,"['c403', 'c404', 'c430']",0.6
test_all,803,G22,test,nominal,P2_triple,P2_triple,sc11,T5,62,155,c404,"['c404', 'c414']",0.725
test_all,803,G22,test,nominal,P2_triple,P2_triple,sc11,T5,104,260,c440,"['c403', 'c440']",0.725
test_all,803,G22,test,nominal,P2_triple,P2_triple,sc11,T5,147,367,c403,"['c403', 'c430', 'c440']",0.45
test_all,803,G22,test,nominal,P2_triple,P2_triple,sc11,T5,189,472,c430,"['c222', 'c430']",0.9
test_all,803,G22,test,nominal,P2_triple,P2_triple,sc11,T5,231,577,c222,['c222'],1.0
test_all,804,G22,test,mid,P0_seen_cell,P0_seen_cell,sc00,T0,20,50,c212,"['c142', 'c212', 'c232']",0.425
test_all,804,G22,test,mid,P0_seen_cell,P0_seen_cell,sc00,T0,62,155,c224,"['c213', 'c224']",0.575
test_all,804,G22,test,mid,P0_seen_cell,P0_seen_cell,sc00,T0,104,260,c022,"['c022', 'c230']",0.575
test_all,804,G22,test,mid,P0_seen_cell,P0_seen_cell,sc00,T0,147,367,c230,"['c122', 'c230']",0.75
test_all,804,G22,test,mid,P0_seen_cell,P0_seen_cell,sc00,T0,189,472,c222,['c222'],1.0
test_all,804,G22,test,mid,P0_seen_cell,P0_seen_cell,sc00,T0,231,577,c222,['c222'],1.0
test_all,805,G22,test,mid,P0_seen_cell,P0_seen_cell,sc01,T1,20,50,c240,"['c204', 'c240']",0.725
test_all,805,G22,test,mid,P0_seen_cell,P0_seen_cell,sc01,T1,62,155,c204,"['c024', 'c204', 'c221']",0.45
test_all,805,G22,test,mid,P0_seen_cell,P0_seen_cell,sc01,T1,104,260,c214,"['c214', 'c231']",0.725
test_all,805,G22,test,mid,P0_seen_cell,P0_seen_cell,sc01,T1,147,367,c231,"['c032', 'c231']",0.6
test_all,805,G22,test,mid,P0_seen_cell,P0_seen_cell,sc01,T1,189,472,c312,"['c222', 'c312']",0.55
test_all,805,G22,test,mid,P0_seen_cell,P0_seen_cell,sc01,T1,231,577,c222,['c222'],1.0
test_all,806,G22,test,mid,P0_seen_cell,P0_seen_cell,sc02,T2,20,50,c302,"['c241', 'c302']",0.725
test_all,806,G22,test,mid,P0_seen_cell,P0_seen_cell,sc02,T2,62,155,c243,"['c124', 'c243']",0.725
test_all,806,G22,test,mid,P0_seen_cell,P0_seen_cell,sc02,T2,104,260,c242,"['c220', 'c242', 'c422']",0.425
test_all,806,G22,test,mid,P0_seen_cell,P0_seen_cell,sc02,T2,147,367,c422,"['c222', 'c322', 'c422']",0.475
test_all,806,G22,test,mid,P0_seen_cell,P0_seen_cell,sc02,T2,189,472,c222,['c222'],1.0
test_all,806,G22,test,mid,P0_seen_cell,P0_seen_cell,sc02,T2,231,577,c222,['c222'],1.0
test_all,807,G22,test,mid,P0_seen_cell,P0_seen_cell,sc03,T3,20,50,c023,"['c023', 'c223']",0.575
test_all,807,G22,test,mid,P0_seen_cell,P0_seen_cell,sc03,T3,62,155,c223,"['c202', 'c203', 'c223']",0.6
test_all,807,G22,test,mid,P0_seen_cell,P0_seen_cell,sc03,T3,105,262,c203,"['c042', 'c203', 'c244']",0.475
test_all,807,G22,test,mid,P0_seen_cell,P0_seen_cell,sc03,T3,147,367,c244,"['c123', 'c132', 'c244']",0.45
test_all,807,G22,test,mid,P0_seen_cell,P0_seen_cell,sc03,T3,190,475,c222,['c222'],1.0
test_all,807,G22,test,mid,P0_seen_cell,P0_seen_cell,sc03,T3,232,580,c222,['c222'],1.0
test_all,808,G22,test,mid,P1_heldout_pair,P1_heldout_pair,sc04,T4,20,50,c120,"['c120', 'c234']",0.725
test_all,808,G22,test,mid,P1_heldout_pair,P1_heldout_pair,sc04,T4,62,155,c234,"['c201', 'c234']",0.75
test_all,808,G22,test,mid,P1_heldout_pair,P1_heldout_pair,sc04,T4,104,260,c234,"['c021', 'c120', 'c234']",0.6
test_all,808,G22,test,mid,P1_heldout_pair,P1_heldout_pair,sc04,T4,147,367,c021,"['c021', 'c342']",0.6
test_all,808,G22,test,mid,P1_heldout_pair,P1_heldout_pair,sc04,T4,189,472,c222,['c222'],1.0
test_all,808,G22,test,mid,P1_heldout_pair,P1_heldout_pair,sc04,T4,231,577,c222,['c222'],1.0
test_all,809,G22,test,mid,P1_heldout_pair,P1_heldout_pair,sc05,T5,20,50,c324,"['c021', 'c324', 'c342']",0.6
test_all,809,G22,test,mid,P1_heldout_pair,P1_heldout_pair,sc05,T5,62,155,c342,"['c021', 'c342']",0.725
test_all,809,G22,test,mid,P1_heldout_pair,P1_heldout_pair,sc05,T5,104,260,c234,"['c234', 'c342']",0.725
test_all,809,G22,test,mid,P1_heldout_pair,P1_heldout_pair,sc05,T5,147,367,c342,"['c012', 'c021', 'c342']",0.45
test_all,809,G22,test,mid,P1_heldout_pair,P1_heldout_pair,sc05,T5,189,472,c012,"['c012', 'c222']",0.9
test_all,809,G22,test,mid,P1_heldout_pair,P1_heldout_pair,sc05,T5,231,577,c222,['c222'],1.0
test_all,810,G22,test,mid,P1_heldout_pair,P1_heldout_pair,sc06,T0,20,50,c102,"['c102', 'c342']",0.7
test_all,810,G22,test,mid,P1_heldout_pair,P1_heldout_pair,sc06,T0,62,155,c210,"['c012', 'c210']",0.575
test_all,810,G22,test,mid,P1_heldout_pair,P1_heldout_pair,sc06,T0,104,260,c201,"['c120', 'c201']",0.575
test_all,810,G22,test,mid,P1_heldout_pair,P1_heldout_pair,sc06,T0,147,367,c120,"['c120', 'c324']",0.75
test_all,810,G22,test,mid,P1_heldout_pair,P1_heldout_pair,sc06,T0,189,472,c222,['c222'],1.0
test_all,810,G22,test,mid,P1_heldout_pair,P1_heldout_pair,sc06,T0,231,577,c222,['c222'],1.0
test_all,811,G22,test,mid,P1_heldout_pair,P1_heldout_pair,sc07,T1,20,50,c012,['c012'],1.0
test_all,811,G22,test,mid,P1_heldout_pair,P1_heldout_pair,sc07,T1,62,155,c012,"['c012', 'c210', 'c324']",0.45
test_all,811,G22,test,mid,P1_heldout_pair,P1_heldout_pair,sc07,T1,104,260,c210,"['c201', 'c210']",0.725
test_all,811,G22,test,mid,P1_heldout_pair,P1_heldout_pair,sc07,T1,147,367,c201,"['c102', 'c201']",0.6
test_all,811,G22,test,mid,P1_heldout_pair,P1_heldout_pair,sc07,T1,189,472,c102,"['c102', 'c222']",0.55
test_all,811,G22,test,mid,P1_heldout_pair,P1_heldout_pair,sc07,T1,231,577,c222,['c222'],1.0
test_all,812,G22,test,mid,P2_triple,P2_triple,sc08,T2,20,50,c404,"['c404', 'c444']",0.725
test_all,812,G22,test,mid,P2_triple,P2_triple,sc08,T2,62,155,c431,"['c431', 'c440']",0.725
test_all,812,G22,test,mid,P2_triple,P2_triple,sc08,T2,104,260,c430,"['c430', 'c441']",0.575
test_all,812,G22,test,mid,P2_triple,P2_triple,sc08,T2,147,367,c441,"['c222', 'c441', 'c443']",0.475
test_all,812,G22,test,mid,P2_triple,P2_triple,sc08,T2,189,472,c222,['c222'],1.0
test_all,812,G22,test,mid,P2_triple,P2_triple,sc08,T2,231,577,c222,['c222'],1.0
test_all,813,G22,test,mid,P2_triple,P2_triple,sc09,T3,20,50,c440,"['c430', 'c440']",0.575
test_all,813,G22,test,mid,P2_triple,P2_triple,sc09,T3,62,155,c430,"['c403', 'c430', 'c431']",0.6
test_all,813,G22,test,mid,P2_triple,P2_triple,sc09,T3,105,262,c431,"['c414', 'c431']",0.525
test_all,813,G22,test,mid,P2_triple,P2_triple,sc09,T3,147,367,c431,"['c431', 'c443', 'c444']",0.45
test_all,813,G22,test,mid,P2_triple,P2_triple,sc09,T3,190,475,c222,['c222'],1.0
test_all,813,G22,test,mid,P2_triple,P2_triple,sc09,T3,232,580,c222,['c222'],1.0
test_all,814,G22,test,mid,P2_triple,P2_triple,sc10,T4,20,50,c444,"['c443', 'c444']",0.575
test_all,814,G22,test,mid,P2_triple,P2_triple,sc10,T4,62,155,c443,"['c404', 'c443', 'c444']",0.75
test_all,814,G22,test,mid,P2_triple,P2_triple,sc10,T4,104,260,c444,"['c414', 'c441', 'c444']",0.6
test_all,814,G22,test,mid,P2_triple,P2_triple,sc10,T4,147,367,c414,"['c414', 'c441']",0.6
test_all,814,G22,test,mid,P2_triple,P2_triple,sc10,T4,189,472,c222,['c222'],1.0
test_all,814,G22,test,mid,P2_triple,P2_triple,sc10,T4,231,577,c222,['c222'],1.0
test_all,815,G22,test,mid,P2_triple,P2_triple,sc11,T5,20,50,c430,"['c403', 'c404', 'c430']",0.6
test_all,815,G22,test,mid,P2_triple,P2_triple,sc11,T5,62,155,c404,"['c404', 'c414']",0.725
test_all,815,G22,test,mid,P2_triple,P2_triple,sc11,T5,104,260,c440,"['c403', 'c440']",0.725
test_all,815,G22,test,mid,P2_triple,P2_triple,sc11,T5,147,367,c403,"['c403', 'c430', 'c440']",0.45
test_all,815,G22,test,mid,P2_triple,P2_triple,sc11,T5,189,472,c430,"['c222', 'c430']",0.9
test_all,815,G22,test,mid,P2_triple,P2_triple,sc11,T5,231,577,c222,['c222'],1.0
test_all,816,G22,test,low,P0_seen_cell,P0_seen_cell,sc00,T0,20,50,c212,"['c142', 'c212', 'c232']",0.425
test_all,816,G22,test,low,P0_seen_cell,P0_seen_cell,sc00,T0,62,155,c224,"['c213', 'c224']",0.575
test_all,816,G22,test,low,P0_seen_cell,P0_seen_cell,sc00,T0,104,260,c022,"['c022', 'c230']",0.575
test_all,816,G22,test,low,P0_seen_cell,P0_seen_cell,sc00,T0,147,367,c230,"['c122', 'c230']",0.75
test_all,816,G22,test,low,P0_seen_cell,P0_seen_cell,sc00,T0,189,472,c222,['c222'],1.0
test_all,816,G22,test,low,P0_seen_cell,P0_seen_cell,sc00,T0,231,577,c222,['c222'],1.0
test_all,817,G22,test,low,P0_seen_cell,P0_seen_cell,sc01,T1,20,50,c240,"['c204', 'c240']",0.725
test_all,817,G22,test,low,P0_seen_cell,P0_seen_cell,sc01,T1,62,155,c204,"['c024', 'c204', 'c221']",0.45
test_all,817,G22,test,low,P0_seen_cell,P0_seen_cell,sc01,T1,104,260,c214,"['c214', 'c231']",0.725
test_all,817,G22,test,low,P0_seen_cell,P0_seen_cell,sc01,T1,147,367,c231,"['c032', 'c231']",0.6
test_all,817,G22,test,low,P0_seen_cell,P0_seen_cell,sc01,T1,189,472,c312,"['c222', 'c312']",0.55
test_all,817,G22,test,low,P0_seen_cell,P0_seen_cell,sc01,T1,231,577,c222,['c222'],1.0
test_all,818,G22,test,low,P0_seen_cell,P0_seen_cell,sc02,T2,20,50,c302,"['c241', 'c302']",0.725
test_all,818,G22,test,low,P0_seen_cell,P0_seen_cell,sc02,T2,62,155,c243,"['c124', 'c243']",0.725
test_all,818,G22,test,low,P0_seen_cell,P0_seen_cell,sc02,T2,104,260,c242,"['c220', 'c242', 'c422']",0.425
test_all,818,G22,test,low,P0_seen_cell,P0_seen_cell,sc02,T2,147,367,c422,"['c222', 'c322', 'c422']",0.475
test_all,818,G22,test,low,P0_seen_cell,P0_seen_cell,sc02,T2,189,472,c222,['c222'],1.0
test_all,818,G22,test,low,P0_seen_cell,P0_seen_cell,sc02,T2,231,577,c222,['c222'],1.0
test_all,819,G22,test,low,P0_seen_cell,P0_seen_cell,sc03,T3,20,50,c023,"['c023', 'c223']",0.575
test_all,819,G22,test,low,P0_seen_cell,P0_seen_cell,sc03,T3,62,155,c223,"['c202', 'c203', 'c223']",0.6
test_all,819,G22,test,low,P0_seen_cell,P0_seen_cell,sc03,T3,105,262,c203,"['c042', 'c203', 'c244']",0.475
test_all,819,G22,test,low,P0_seen_cell,P0_seen_cell,sc03,T3,147,367,c244,"['c123', 'c132', 'c244']",0.45
test_all,819,G22,test,low,P0_seen_cell,P0_seen_cell,sc03,T3,190,475,c222,['c222'],1.0
test_all,819,G22,test,low,P0_seen_cell,P0_seen_cell,sc03,T3,232,580,c222,['c222'],1.0
test_all,820,G22,test,low,P1_heldout_pair,P1_heldout_pair,sc04,T4,20,50,c120,"['c120', 'c234']",0.725
test_all,820,G22,test,low,P1_heldout_pair,P1_heldout_pair,sc04,T4,62,155,c234,"['c201', 'c234']",0.75
test_all,820,G22,test,low,P1_heldout_pair,P1_heldout_pair,sc04,T4,104,260,c234,"['c021', 'c120', 'c234']",0.6
test_all,820,G22,test,low,P1_heldout_pair,P1_heldout_pair,sc04,T4,147,367,c021,"['c021', 'c342']",0.6
test_all,820,G22,test,low,P1_heldout_pair,P1_heldout_pair,sc04,T4,189,472,c222,['c222'],1.0
test_all,820,G22,test,low,P1_heldout_pair,P1_heldout_pair,sc04,T4,231,577,c222,['c222'],1.0
test_all,821,G22,test,low,P1_heldout_pair,P1_heldout_pair,sc05,T5,20,50,c324,"['c021', 'c324', 'c342']",0.6
test_all,821,G22,test,low,P1_heldout_pair,P1_heldout_pair,sc05,T5,62,155,c342,"['c021', 'c342']",0.725
test_all,821,G22,test,low,P1_heldout_pair,P1_heldout_pair,sc05,T5,104,260,c234,"['c234', 'c342']",0.725
test_all,821,G22,test,low,P1_heldout_pair,P1_heldout_pair,sc05,T5,147,367,c342,"['c012', 'c021', 'c342']",0.45
test_all,821,G22,test,low,P1_heldout_pair,P1_heldout_pair,sc05,T5,189,472,c012,"['c012', 'c222']",0.9
test_all,821,G22,test,low,P1_heldout_pair,P1_heldout_pair,sc05,T5,231,577,c222,['c222'],1.0
test_all,822,G22,test,low,P1_heldout_pair,P1_heldout_pair,sc06,T0,20,50,c102,"['c102', 'c342']",0.7
test_all,822,G22,test,low,P1_heldout_pair,P1_heldout_pair,sc06,T0,62,155,c210,"['c012', 'c210']",0.575
test_all,822,G22,test,low,P1_heldout_pair,P1_heldout_pair,sc06,T0,104,260,c201,"['c120', 'c201']",0.575
test_all,822,G22,test,low,P1_heldout_pair,P1_heldout_pair,sc06,T0,147,367,c120,"['c120', 'c324']",0.75
test_all,822,G22,test,low,P1_heldout_pair,P1_heldout_pair,sc06,T0,189,472,c222,['c222'],1.0
test_all,822,G22,test,low,P1_heldout_pair,P1_heldout_pair,sc06,T0,231,577,c222,['c222'],1.0
test_all,823,G22,test,low,P1_heldout_pair,P1_heldout_pair,sc07,T1,20,50,c012,['c012'],1.0
test_all,823,G22,test,low,P1_heldout_pair,P1_heldout_pair,sc07,T1,62,155,c012,"['c012', 'c210', 'c324']",0.45
test_all,823,G22,test,low,P1_heldout_pair,P1_heldout_pair,sc07,T1,104,260,c210,"['c201', 'c210']",0.725
test_all,823,G22,test,low,P1_heldout_pair,P1_heldout_pair,sc07,T1,147,367,c201,"['c102', 'c201']",0.6
test_all,823,G22,test,low,P1_heldout_pair,P1_heldout_pair,sc07,T1,189,472,c102,"['c102', 'c222']",0.55
test_all,823,G22,test,low,P1_heldout_pair,P1_heldout_pair,sc07,T1,231,577,c222,['c222'],1.0
test_all,824,G22,test,low,P2_triple,P2_triple,sc08,T2,20,50,c404,"['c404', 'c444']",0.725
test_all,824,G22,test,low,P2_triple,P2_triple,sc08,T2,62,155,c431,"['c431', 'c440']",0.725
test_all,824,G22,test,low,P2_triple,P2_triple,sc08,T2,104,260,c430,"['c430', 'c441']",0.575
test_all,824,G22,test,low,P2_triple,P2_triple,sc08,T2,147,367,c441,"['c222', 'c441', 'c443']",0.475
test_all,824,G22,test,low,P2_triple,P2_triple,sc08,T2,189,472,c222,['c222'],1.0
test_all,824,G22,test,low,P2_triple,P2_triple,sc08,T2,231,577,c222,['c222'],1.0
test_all,825,G22,test,low,P2_triple,P2_triple,sc09,T3,20,50,c440,"['c430', 'c440']",0.575
test_all,825,G22,test,low,P2_triple,P2_triple,sc09,T3,62,155,c430,"['c403', 'c430', 'c431']",0.6
test_all,825,G22,test,low,P2_triple,P2_triple,sc09,T3,105,262,c431,"['c414', 'c431']",0.525
test_all,825,G22,test,low,P2_triple,P2_triple,sc09,T3,147,367,c431,"['c431', 'c443', 'c444']",0.45
test_all,825,G22,test,low,P2_triple,P2_triple,sc09,T3,190,475,c222,['c222'],1.0
test_all,825,G22,test,low,P2_triple,P2_triple,sc09,T3,232,580,c222,['c222'],1.0
test_all,826,G22,test,low,P2_triple,P2_triple,sc10,T4,20,50,c444,"['c443', 'c444']",0.575
test_all,826,G22,test,low,P2_triple,P2_triple,sc10,T4,62,155,c443,"['c404', 'c443', 'c444']",0.75
test_all,826,G22,test,low,P2_triple,P2_triple,sc10,T4,104,260,c444,"['c414', 'c441', 'c444']",0.6
test_all,826,G22,test,low,P2_triple,P2_triple,sc10,T4,147,367,c414,"['c414', 'c441']",0.6
test_all,826,G22,test,low,P2_triple,P2_triple,sc10,T4,189,472,c222,['c222'],1.0
test_all,826,G22,test,low,P2_triple,P2_triple,sc10,T4,231,577,c222,['c222'],1.0
test_all,827,G22,test,low,P2_triple,P2_triple,sc11,T5,20,50,c430,"['c403', 'c404', 'c430']",0.6
test_all,827,G22,test,low,P2_triple,P2_triple,sc11,T5,62,155,c404,"['c404', 'c414']",0.725
test_all,827,G22,test,low,P2_triple,P2_triple,sc11,T5,104,260,c440,"['c403', 'c440']",0.725
test_all,827,G22,test,low,P2_triple,P2_triple,sc11,T5,147,367,c403,"['c403', 'c430', 'c440']",0.45
test_all,827,G22,test,low,P2_triple,P2_triple,sc11,T5,189,472,c430,"['c222', 'c430']",0.9
test_all,827,G22,test,low,P2_triple,P2_triple,sc11,T5,231,577,c222,['c222'],1.0
test_all,828,G23,test,nominal,P0_seen_cell,P0_seen_cell,sc00,T0,20,50,c213,"['c022', 'c132', 'c213']",0.425
test_all,828,G23,test,nominal,P0_seen_cell,P0_seen_cell,sc00,T0,62,155,c221,"['c214', 'c221']",0.575
test_all,828,G23,test,nominal,P0_seen_cell,P0_seen_cell,sc00,T0,104,260,c232,"['c232', 'c422']",0.575
test_all,828,G23,test,nominal,P0_seen_cell,P0_seen_cell,sc00,T0,147,367,c422,"['c241', 'c422']",0.75
test_all,828,G23,test,nominal,P0_seen_cell,P0_seen_cell,sc00,T0,189,472,c222,['c222'],1.0
test_all,828,G23,test,nominal,P0_seen_cell,P0_seen_cell,sc00,T0,231,577,c222,['c222'],1.0
test_all,829,G23,test,nominal,P0_seen_cell,P0_seen_cell,sc01,T1,20,50,c122,"['c122', 'c243']",0.725
test_all,829,G23,test,nominal,P0_seen_cell,P0_seen_cell,sc01,T1,62,155,c243,"['c124', 'c240', 'c243']",0.45
test_all,829,G23,test,nominal,P0_seen_cell,P0_seen_cell,sc01,T1,104,260,c220,"['c032', 'c220']",0.725
test_all,829,G23,test,nominal,P0_seen_cell,P0_seen_cell,sc01,T1,147,367,c032,"['c032', 'c123']",0.6
test_all,829,G23,test,nominal,P0_seen_cell,P0_seen_cell,sc01,T1,189,472,c244,"['c222', 'c244']",0.55
test_all,829,G23,test,nominal,P0_seen_cell,P0_seen_cell,sc01,T1,231,577,c222,['c222'],1.0
test_all,830,G23,test,nominal,P0_seen_cell,P0_seen_cell,sc02,T2,20,50,c223,"['c223', 'c302']",0.725
test_all,830,G23,test,nominal,P0_seen_cell,P0_seen_cell,sc02,T2,62,155,c203,"['c203', 'c224']",0.725
test_all,830,G23,test,nominal,P0_seen_cell,P0_seen_cell,sc02,T2,104,260,c042,"['c024', 'c042', 'c322']",0.425
test_all,830,G23,test,nominal,P0_seen_cell,P0_seen_cell,sc02,T2,147,367,c322,"['c142', 'c222', 'c322']",0.475
test_all,830,G23,test,nominal,P0_seen_cell,P0_seen_cell,sc02,T2,189,472,c222,['c222'],1.0
test_all,830,G23,test,nominal,P0_seen_cell,P0_seen_cell,sc02,T2,231,577,c222,['c222'],1.0
test_all,831,G23,test,nominal,P0_seen_cell,P0_seen_cell,sc03,T3,20,50,c231,"['c230', 'c231']",0.575
test_all,831,G23,test,nominal,P0_seen_cell,P0_seen_cell,sc03,T3,62,155,c230,"['c202', 'c230', 'c312']",0.6
test_all,831,G23,test,nominal,P0_seen_cell,P0_seen_cell,sc03,T3,105,262,c202,"['c023', 'c202', 'c242']",0.475
test_all,831,G23,test,nominal,P0_seen_cell,P0_seen_cell,sc03,T3,147,367,c023,"['c023', 'c204', 'c212']",0.45
test_all,831,G23,test,nominal,P0_seen_cell,P0_seen_cell,sc03,T3,190,475,c222,['c222'],1.0
test_all,831,G23,test,nominal,P0_seen_cell,P0_seen_cell,sc03,T3,232,580,c222,['c222'],1.0
test_all,832,G23,test,nominal,P1_heldout_pair,P1_heldout_pair,sc04,T4,20,50,c120,"['c120', 'c342']",0.7
test_all,832,G23,test,nominal,P1_heldout_pair,P1_heldout_pair,sc04,T4,62,155,c120,"['c012', 'c120']",0.75
test_all,832,G23,test,nominal,P1_heldout_pair,P1_heldout_pair,sc04,T4,104,260,c120,"['c120', 'c201', 'c234']",0.6
test_all,832,G23,test,nominal,P1_heldout_pair,P1_heldout_pair,sc04,T4,147,367,c234,"['c021', 'c234']",0.6
test_all,832,G23,test,nominal,P1_heldout_pair,P1_heldout_pair,sc04,T4,189,472,c222,['c222'],1.0
test_all,832,G23,test,nominal,P1_heldout_pair,P1_heldout_pair,sc04,T4,231,577,c222,['c222'],1.0
test_all,833,G23,test,nominal,P1_heldout_pair,P1_heldout_pair,sc05,T5,20,50,c342,"['c021', 'c102', 'c342']",0.6
test_all,833,G23,test,nominal,P1_heldout_pair,P1_heldout_pair,sc05,T5,62,155,c021,"['c021', 'c201']",0.725
test_all,833,G23,test,nominal,P1_heldout_pair,P1_heldout_pair,sc05,T5,104,260,c342,"['c324', 'c342']",0.725
test_all,833,G23,test,nominal,P1_heldout_pair,P1_heldout_pair,sc05,T5,147,367,c324,"['c012', 'c234', 'c324']",0.45
test_all,833,G23,test,nominal,P1_heldout_pair,P1_heldout_pair,sc05,T5,189,472,c012,"['c012', 'c222']",0.9
test_all,833,G23,test,nominal,P1_heldout_pair,P1_heldout_pair,sc05,T5,231,577,c222,['c222'],1.0
test_all,834,G23,test,nominal,P1_heldout_pair,P1_heldout_pair,sc06,T0,20,50,c210,"['c102', 'c210', 'c234']",0.425
test_all,834,G23,test,nominal,P1_heldout_pair,P1_heldout_pair,sc06,T0,62,155,c021,"['c012', 'c021']",0.575
test_all,834,G23,test,nominal,P1_heldout_pair,P1_heldout_pair,sc06,T0,104,260,c210,"['c210', 'c324']",0.575
test_all,834,G23,test,nominal,P1_heldout_pair,P1_heldout_pair,sc06,T0,147,367,c324,"['c102', 'c324']",0.75
test_all,834,G23,test,nominal,P1_heldout_pair,P1_heldout_pair,sc06,T0,189,472,c222,['c222'],1.0
test_all,834,G23,test,nominal,P1_heldout_pair,P1_heldout_pair,sc06,T0,231,577,c222,['c222'],1.0
test_all,835,G23,test,nominal,P1_heldout_pair,P1_heldout_pair,sc07,T1,20,50,c210,"['c201', 'c210']",0.725
test_all,835,G23,test,nominal,P1_heldout_pair,P1_heldout_pair,sc07,T1,62,155,c201,"['c012', 'c120', 'c201']",0.45
test_all,835,G23,test,nominal,P1_heldout_pair,P1_heldout_pair,sc07,T1,104,260,c102,"['c102', 'c342']",0.725
test_all,835,G23,test,nominal,P1_heldout_pair,P1_heldout_pair,sc07,T1,147,367,c342,"['c021', 'c342']",0.6
test_all,835,G23,test,nominal,P1_heldout_pair,P1_heldout_pair,sc07,T1,189,472,c324,"['c222', 'c324']",0.55
test_all,835,G23,test,nominal,P1_heldout_pair,P1_heldout_pair,sc07,T1,231,577,c222,['c222'],1.0
test_all,836,G23,test,nominal,P2_triple,P2_triple,sc08,T2,20,50,c414,"['c414', 'c441']",0.725
test_all,836,G23,test,nominal,P2_triple,P2_triple,sc08,T2,62,155,c404,"['c404', 'c441']",0.725
test_all,836,G23,test,nominal,P2_triple,P2_triple,sc08,T2,104,260,c431,"['c431', 'c440', 'c443']",0.425
test_all,836,G23,test,nominal,P2_triple,P2_triple,sc08,T2,147,367,c440,"['c222', 'c403', 'c440']",0.475
test_all,836,G23,test,nominal,P2_triple,P2_triple,sc08,T2,189,472,c222,['c222'],1.0
test_all,836,G23,test,nominal,P2_triple,P2_triple,sc08,T2,231,577,c222,['c222'],1.0
test_all,837,G23,test,nominal,P2_triple,P2_triple,sc09,T3,20,50,c444,"['c430', 'c444']",0.575
test_all,837,G23,test,nominal,P2_triple,P2_triple,sc09,T3,62,155,c430,"['c430', 'c444']",0.6
test_all,837,G23,test,nominal,P2_triple,P2_triple,sc09,T3,105,262,c430,"['c430', 'c443', 'c444']",0.475
test_all,837,G23,test,nominal,P2_triple,P2_triple,sc09,T3,147,367,c444,"['c431', 'c441', 'c444']",0.45
test_all,837,G23,test,nominal,P2_triple,P2_triple,sc09,T3,190,475,c222,['c222'],1.0
test_all,837,G23,test,nominal,P2_triple,P2_triple,sc09,T3,232,580,c222,['c222'],1.0
test_all,838,G23,test,nominal,P2_triple,P2_triple,sc10,T4,20,50,c403,"['c403', 'c443']",0.7
test_all,838,G23,test,nominal,P2_triple,P2_triple,sc10,T4,62,155,c403,"['c403', 'c414']",0.875
test_all,838,G23,test,nominal,P2_triple,P2_triple,sc10,T4,104,260,c414,"['c414', 'c430', 'c441']",0.6
test_all,838,G23,test,nominal,P2_triple,P2_triple,sc10,T4,147,367,c430,"['c430', 'c440']",0.6
test_all,838,G23,test,nominal,P2_triple,P2_triple,sc10,T4,189,472,c222,['c222'],1.0
test_all,838,G23,test,nominal,P2_triple,P2_triple,sc10,T4,231,577,c222,['c222'],1.0
test_all,839,G23,test,nominal,P2_triple,P2_triple,sc11,T5,20,50,c430,"['c404', 'c430', 'c443']",0.6
test_all,839,G23,test,nominal,P2_triple,P2_triple,sc11,T5,62,155,c443,"['c440', 'c443']",0.725
test_all,839,G23,test,nominal,P2_triple,P2_triple,sc11,T5,104,260,c404,"['c404', 'c431']",0.725
test_all,839,G23,test,nominal,P2_triple,P2_triple,sc11,T5,147,367,c431,"['c431', 'c440', 'c444']",0.45
test_all,839,G23,test,nominal,P2_triple,P2_triple,sc11,T5,189,472,c444,"['c222', 'c444']",0.9
test_all,839,G23,test,nominal,P2_triple,P2_triple,sc11,T5,231,577,c222,['c222'],1.0
test_all,840,G23,test,mid,P0_seen_cell,P0_seen_cell,sc00,T0,20,50,c213,"['c022', 'c132', 'c213']",0.425
test_all,840,G23,test,mid,P0_seen_cell,P0_seen_cell,sc00,T0,62,155,c221,"['c214', 'c221']",0.575
test_all,840,G23,test,mid,P0_seen_cell,P0_seen_cell,sc00,T0,104,260,c232,"['c232', 'c422']",0.575
test_all,840,G23,test,mid,P0_seen_cell,P0_seen_cell,sc00,T0,147,367,c422,"['c241', 'c422']",0.75
test_all,840,G23,test,mid,P0_seen_cell,P0_seen_cell,sc00,T0,189,472,c222,['c222'],1.0
test_all,840,G23,test,mid,P0_seen_cell,P0_seen_cell,sc00,T0,231,577,c222,['c222'],1.0
test_all,841,G23,test,mid,P0_seen_cell,P0_seen_cell,sc01,T1,20,50,c122,"['c122', 'c243']",0.725
test_all,841,G23,test,mid,P0_seen_cell,P0_seen_cell,sc01,T1,62,155,c243,"['c124', 'c240', 'c243']",0.45
test_all,841,G23,test,mid,P0_seen_cell,P0_seen_cell,sc01,T1,104,260,c220,"['c032', 'c220']",0.725
test_all,841,G23,test,mid,P0_seen_cell,P0_seen_cell,sc01,T1,147,367,c032,"['c032', 'c123']",0.6
test_all,841,G23,test,mid,P0_seen_cell,P0_seen_cell,sc01,T1,189,472,c244,"['c222', 'c244']",0.55
test_all,841,G23,test,mid,P0_seen_cell,P0_seen_cell,sc01,T1,231,577,c222,['c222'],1.0
test_all,842,G23,test,mid,P0_seen_cell,P0_seen_cell,sc02,T2,20,50,c223,"['c223', 'c302']",0.725
test_all,842,G23,test,mid,P0_seen_cell,P0_seen_cell,sc02,T2,62,155,c203,"['c203', 'c224']",0.725
test_all,842,G23,test,mid,P0_seen_cell,P0_seen_cell,sc02,T2,104,260,c042,"['c024', 'c042', 'c322']",0.425
test_all,842,G23,test,mid,P0_seen_cell,P0_seen_cell,sc02,T2,147,367,c322,"['c142', 'c222', 'c322']",0.475
test_all,842,G23,test,mid,P0_seen_cell,P0_seen_cell,sc02,T2,189,472,c222,['c222'],1.0
test_all,842,G23,test,mid,P0_seen_cell,P0_seen_cell,sc02,T2,231,577,c222,['c222'],1.0
test_all,843,G23,test,mid,P0_seen_cell,P0_seen_cell,sc03,T3,20,50,c231,"['c230', 'c231']",0.575
test_all,843,G23,test,mid,P0_seen_cell,P0_seen_cell,sc03,T3,62,155,c230,"['c202', 'c230', 'c312']",0.6
test_all,843,G23,test,mid,P0_seen_cell,P0_seen_cell,sc03,T3,105,262,c202,"['c023', 'c202', 'c242']",0.475
test_all,843,G23,test,mid,P0_seen_cell,P0_seen_cell,sc03,T3,147,367,c023,"['c023', 'c204', 'c212']",0.45
test_all,843,G23,test,mid,P0_seen_cell,P0_seen_cell,sc03,T3,190,475,c222,['c222'],1.0
test_all,843,G23,test,mid,P0_seen_cell,P0_seen_cell,sc03,T3,232,580,c222,['c222'],1.0
test_all,844,G23,test,mid,P1_heldout_pair,P1_heldout_pair,sc04,T4,20,50,c120,"['c120', 'c342']",0.7
test_all,844,G23,test,mid,P1_heldout_pair,P1_heldout_pair,sc04,T4,62,155,c120,"['c012', 'c120']",0.75
test_all,844,G23,test,mid,P1_heldout_pair,P1_heldout_pair,sc04,T4,104,260,c120,"['c120', 'c201', 'c234']",0.6
test_all,844,G23,test,mid,P1_heldout_pair,P1_heldout_pair,sc04,T4,147,367,c234,"['c021', 'c234']",0.6
test_all,844,G23,test,mid,P1_heldout_pair,P1_heldout_pair,sc04,T4,189,472,c222,['c222'],1.0
test_all,844,G23,test,mid,P1_heldout_pair,P1_heldout_pair,sc04,T4,231,577,c222,['c222'],1.0
test_all,845,G23,test,mid,P1_heldout_pair,P1_heldout_pair,sc05,T5,20,50,c342,"['c021', 'c102', 'c342']",0.6
test_all,845,G23,test,mid,P1_heldout_pair,P1_heldout_pair,sc05,T5,62,155,c021,"['c021', 'c201']",0.725
test_all,845,G23,test,mid,P1_heldout_pair,P1_heldout_pair,sc05,T5,104,260,c342,"['c324', 'c342']",0.725
test_all,845,G23,test,mid,P1_heldout_pair,P1_heldout_pair,sc05,T5,147,367,c324,"['c012', 'c234', 'c324']",0.45
test_all,845,G23,test,mid,P1_heldout_pair,P1_heldout_pair,sc05,T5,189,472,c012,"['c012', 'c222']",0.9
test_all,845,G23,test,mid,P1_heldout_pair,P1_heldout_pair,sc05,T5,231,577,c222,['c222'],1.0
test_all,846,G23,test,mid,P1_heldout_pair,P1_heldout_pair,sc06,T0,20,50,c210,"['c102', 'c210', 'c234']",0.425
test_all,846,G23,test,mid,P1_heldout_pair,P1_heldout_pair,sc06,T0,62,155,c021,"['c012', 'c021']",0.575
test_all,846,G23,test,mid,P1_heldout_pair,P1_heldout_pair,sc06,T0,104,260,c210,"['c210', 'c324']",0.575
test_all,846,G23,test,mid,P1_heldout_pair,P1_heldout_pair,sc06,T0,147,367,c324,"['c102', 'c324']",0.75
test_all,846,G23,test,mid,P1_heldout_pair,P1_heldout_pair,sc06,T0,189,472,c222,['c222'],1.0
test_all,846,G23,test,mid,P1_heldout_pair,P1_heldout_pair,sc06,T0,231,577,c222,['c222'],1.0
test_all,847,G23,test,mid,P1_heldout_pair,P1_heldout_pair,sc07,T1,20,50,c210,"['c201', 'c210']",0.725
test_all,847,G23,test,mid,P1_heldout_pair,P1_heldout_pair,sc07,T1,62,155,c201,"['c012', 'c120', 'c201']",0.45
test_all,847,G23,test,mid,P1_heldout_pair,P1_heldout_pair,sc07,T1,104,260,c102,"['c102', 'c342']",0.725
test_all,847,G23,test,mid,P1_heldout_pair,P1_heldout_pair,sc07,T1,147,367,c342,"['c021', 'c342']",0.6
test_all,847,G23,test,mid,P1_heldout_pair,P1_heldout_pair,sc07,T1,189,472,c324,"['c222', 'c324']",0.55
test_all,847,G23,test,mid,P1_heldout_pair,P1_heldout_pair,sc07,T1,231,577,c222,['c222'],1.0
test_all,848,G23,test,mid,P2_triple,P2_triple,sc08,T2,20,50,c414,"['c414', 'c441']",0.725
test_all,848,G23,test,mid,P2_triple,P2_triple,sc08,T2,62,155,c404,"['c404', 'c441']",0.725
test_all,848,G23,test,mid,P2_triple,P2_triple,sc08,T2,104,260,c431,"['c431', 'c440', 'c443']",0.425
test_all,848,G23,test,mid,P2_triple,P2_triple,sc08,T2,147,367,c440,"['c222', 'c403', 'c440']",0.475
test_all,848,G23,test,mid,P2_triple,P2_triple,sc08,T2,189,472,c222,['c222'],1.0
test_all,848,G23,test,mid,P2_triple,P2_triple,sc08,T2,231,577,c222,['c222'],1.0
test_all,849,G23,test,mid,P2_triple,P2_triple,sc09,T3,20,50,c444,"['c430', 'c444']",0.575
test_all,849,G23,test,mid,P2_triple,P2_triple,sc09,T3,62,155,c430,"['c430', 'c444']",0.6
test_all,849,G23,test,mid,P2_triple,P2_triple,sc09,T3,105,262,c430,"['c430', 'c443', 'c444']",0.475
test_all,849,G23,test,mid,P2_triple,P2_triple,sc09,T3,147,367,c444,"['c431', 'c441', 'c444']",0.45
test_all,849,G23,test,mid,P2_triple,P2_triple,sc09,T3,190,475,c222,['c222'],1.0
test_all,849,G23,test,mid,P2_triple,P2_triple,sc09,T3,232,580,c222,['c222'],1.0
test_all,850,G23,test,mid,P2_triple,P2_triple,sc10,T4,20,50,c403,"['c403', 'c443']",0.7
test_all,850,G23,test,mid,P2_triple,P2_triple,sc10,T4,62,155,c403,"['c403', 'c414']",0.875
test_all,850,G23,test,mid,P2_triple,P2_triple,sc10,T4,104,260,c414,"['c414', 'c430', 'c441']",0.6
test_all,850,G23,test,mid,P2_triple,P2_triple,sc10,T4,147,367,c430,"['c430', 'c440']",0.6
test_all,850,G23,test,mid,P2_triple,P2_triple,sc10,T4,189,472,c222,['c222'],1.0
test_all,850,G23,test,mid,P2_triple,P2_triple,sc10,T4,231,577,c222,['c222'],1.0
test_all,851,G23,test,mid,P2_triple,P2_triple,sc11,T5,20,50,c430,"['c404', 'c430', 'c443']",0.6
test_all,851,G23,test,mid,P2_triple,P2_triple,sc11,T5,62,155,c443,"['c440', 'c443']",0.725
test_all,851,G23,test,mid,P2_triple,P2_triple,sc11,T5,104,260,c404,"['c404', 'c431']",0.725
test_all,851,G23,test,mid,P2_triple,P2_triple,sc11,T5,147,367,c431,"['c431', 'c440', 'c444']",0.45
test_all,851,G23,test,mid,P2_triple,P2_triple,sc11,T5,189,472,c444,"['c222', 'c444']",0.9
test_all,851,G23,test,mid,P2_triple,P2_triple,sc11,T5,231,577,c222,['c222'],1.0
test_all,852,G23,test,low,P0_seen_cell,P0_seen_cell,sc00,T0,20,50,c213,"['c022', 'c132', 'c213']",0.425
test_all,852,G23,test,low,P0_seen_cell,P0_seen_cell,sc00,T0,62,155,c221,"['c214', 'c221']",0.575
test_all,852,G23,test,low,P0_seen_cell,P0_seen_cell,sc00,T0,104,260,c232,"['c232', 'c422']",0.575
test_all,852,G23,test,low,P0_seen_cell,P0_seen_cell,sc00,T0,147,367,c422,"['c241', 'c422']",0.75
test_all,852,G23,test,low,P0_seen_cell,P0_seen_cell,sc00,T0,189,472,c222,['c222'],1.0
test_all,852,G23,test,low,P0_seen_cell,P0_seen_cell,sc00,T0,231,577,c222,['c222'],1.0
test_all,853,G23,test,low,P0_seen_cell,P0_seen_cell,sc01,T1,20,50,c122,"['c122', 'c243']",0.725
test_all,853,G23,test,low,P0_seen_cell,P0_seen_cell,sc01,T1,62,155,c243,"['c124', 'c240', 'c243']",0.45
test_all,853,G23,test,low,P0_seen_cell,P0_seen_cell,sc01,T1,104,260,c220,"['c032', 'c220']",0.725
test_all,853,G23,test,low,P0_seen_cell,P0_seen_cell,sc01,T1,147,367,c032,"['c032', 'c123']",0.6
test_all,853,G23,test,low,P0_seen_cell,P0_seen_cell,sc01,T1,189,472,c244,"['c222', 'c244']",0.55
test_all,853,G23,test,low,P0_seen_cell,P0_seen_cell,sc01,T1,231,577,c222,['c222'],1.0
test_all,854,G23,test,low,P0_seen_cell,P0_seen_cell,sc02,T2,20,50,c223,"['c223', 'c302']",0.725
test_all,854,G23,test,low,P0_seen_cell,P0_seen_cell,sc02,T2,62,155,c203,"['c203', 'c224']",0.725
test_all,854,G23,test,low,P0_seen_cell,P0_seen_cell,sc02,T2,104,260,c042,"['c024', 'c042', 'c322']",0.425
test_all,854,G23,test,low,P0_seen_cell,P0_seen_cell,sc02,T2,147,367,c322,"['c142', 'c222', 'c322']",0.475
test_all,854,G23,test,low,P0_seen_cell,P0_seen_cell,sc02,T2,189,472,c222,['c222'],1.0
test_all,854,G23,test,low,P0_seen_cell,P0_seen_cell,sc02,T2,231,577,c222,['c222'],1.0
test_all,855,G23,test,low,P0_seen_cell,P0_seen_cell,sc03,T3,20,50,c231,"['c230', 'c231']",0.575
test_all,855,G23,test,low,P0_seen_cell,P0_seen_cell,sc03,T3,62,155,c230,"['c202', 'c230', 'c312']",0.6
test_all,855,G23,test,low,P0_seen_cell,P0_seen_cell,sc03,T3,105,262,c202,"['c023', 'c202', 'c242']",0.475
test_all,855,G23,test,low,P0_seen_cell,P0_seen_cell,sc03,T3,147,367,c023,"['c023', 'c204', 'c212']",0.45
test_all,855,G23,test,low,P0_seen_cell,P0_seen_cell,sc03,T3,190,475,c222,['c222'],1.0
test_all,855,G23,test,low,P0_seen_cell,P0_seen_cell,sc03,T3,232,580,c222,['c222'],1.0
test_all,856,G23,test,low,P1_heldout_pair,P1_heldout_pair,sc04,T4,20,50,c120,"['c120', 'c342']",0.7
test_all,856,G23,test,low,P1_heldout_pair,P1_heldout_pair,sc04,T4,62,155,c120,"['c012', 'c120']",0.75
test_all,856,G23,test,low,P1_heldout_pair,P1_heldout_pair,sc04,T4,104,260,c120,"['c120', 'c201', 'c234']",0.6
test_all,856,G23,test,low,P1_heldout_pair,P1_heldout_pair,sc04,T4,147,367,c234,"['c021', 'c234']",0.6
test_all,856,G23,test,low,P1_heldout_pair,P1_heldout_pair,sc04,T4,189,472,c222,['c222'],1.0
test_all,856,G23,test,low,P1_heldout_pair,P1_heldout_pair,sc04,T4,231,577,c222,['c222'],1.0
test_all,857,G23,test,low,P1_heldout_pair,P1_heldout_pair,sc05,T5,20,50,c342,"['c021', 'c102', 'c342']",0.6
test_all,857,G23,test,low,P1_heldout_pair,P1_heldout_pair,sc05,T5,62,155,c021,"['c021', 'c201']",0.725
test_all,857,G23,test,low,P1_heldout_pair,P1_heldout_pair,sc05,T5,104,260,c342,"['c324', 'c342']",0.725
test_all,857,G23,test,low,P1_heldout_pair,P1_heldout_pair,sc05,T5,147,367,c324,"['c012', 'c234', 'c324']",0.45
test_all,857,G23,test,low,P1_heldout_pair,P1_heldout_pair,sc05,T5,189,472,c012,"['c012', 'c222']",0.9
test_all,857,G23,test,low,P1_heldout_pair,P1_heldout_pair,sc05,T5,231,577,c222,['c222'],1.0
test_all,858,G23,test,low,P1_heldout_pair,P1_heldout_pair,sc06,T0,20,50,c210,"['c102', 'c210', 'c234']",0.425
test_all,858,G23,test,low,P1_heldout_pair,P1_heldout_pair,sc06,T0,62,155,c021,"['c012', 'c021']",0.575
test_all,858,G23,test,low,P1_heldout_pair,P1_heldout_pair,sc06,T0,104,260,c210,"['c210', 'c324']",0.575
test_all,858,G23,test,low,P1_heldout_pair,P1_heldout_pair,sc06,T0,147,367,c324,"['c102', 'c324']",0.75
test_all,858,G23,test,low,P1_heldout_pair,P1_heldout_pair,sc06,T0,189,472,c222,['c222'],1.0
test_all,858,G23,test,low,P1_heldout_pair,P1_heldout_pair,sc06,T0,231,577,c222,['c222'],1.0
test_all,859,G23,test,low,P1_heldout_pair,P1_heldout_pair,sc07,T1,20,50,c210,"['c201', 'c210']",0.725
test_all,859,G23,test,low,P1_heldout_pair,P1_heldout_pair,sc07,T1,62,155,c201,"['c012', 'c120', 'c201']",0.45
test_all,859,G23,test,low,P1_heldout_pair,P1_heldout_pair,sc07,T1,104,260,c102,"['c102', 'c342']",0.725
test_all,859,G23,test,low,P1_heldout_pair,P1_heldout_pair,sc07,T1,147,367,c342,"['c021', 'c342']",0.6
test_all,859,G23,test,low,P1_heldout_pair,P1_heldout_pair,sc07,T1,189,472,c324,"['c222', 'c324']",0.55
test_all,859,G23,test,low,P1_heldout_pair,P1_heldout_pair,sc07,T1,231,577,c222,['c222'],1.0
test_all,860,G23,test,low,P2_triple,P2_triple,sc08,T2,20,50,c414,"['c414', 'c441']",0.725
test_all,860,G23,test,low,P2_triple,P2_triple,sc08,T2,62,155,c404,"['c404', 'c441']",0.725
test_all,860,G23,test,low,P2_triple,P2_triple,sc08,T2,104,260,c431,"['c431', 'c440', 'c443']",0.425
test_all,860,G23,test,low,P2_triple,P2_triple,sc08,T2,147,367,c440,"['c222', 'c403', 'c440']",0.475
test_all,860,G23,test,low,P2_triple,P2_triple,sc08,T2,189,472,c222,['c222'],1.0
test_all,860,G23,test,low,P2_triple,P2_triple,sc08,T2,231,577,c222,['c222'],1.0
test_all,861,G23,test,low,P2_triple,P2_triple,sc09,T3,20,50,c444,"['c430', 'c444']",0.575
test_all,861,G23,test,low,P2_triple,P2_triple,sc09,T3,62,155,c430,"['c430', 'c444']",0.6
test_all,861,G23,test,low,P2_triple,P2_triple,sc09,T3,105,262,c430,"['c430', 'c443', 'c444']",0.475
test_all,861,G23,test,low,P2_triple,P2_triple,sc09,T3,147,367,c444,"['c431', 'c441', 'c444']",0.45
test_all,861,G23,test,low,P2_triple,P2_triple,sc09,T3,190,475,c222,['c222'],1.0
test_all,861,G23,test,low,P2_triple,P2_triple,sc09,T3,232,580,c222,['c222'],1.0
test_all,862,G23,test,low,P2_triple,P2_triple,sc10,T4,20,50,c403,"['c403', 'c443']",0.7
test_all,862,G23,test,low,P2_triple,P2_triple,sc10,T4,62,155,c403,"['c403', 'c414']",0.875
test_all,862,G23,test,low,P2_triple,P2_triple,sc10,T4,104,260,c414,"['c414', 'c430', 'c441']",0.6
test_all,862,G23,test,low,P2_triple,P2_triple,sc10,T4,147,367,c430,"['c430', 'c440']",0.6
test_all,862,G23,test,low,P2_triple,P2_triple,sc10,T4,189,472,c222,['c222'],1.0
test_all,862,G23,test,low,P2_triple,P2_triple,sc10,T4,231,577,c222,['c222'],1.0
test_all,863,G23,test,low,P2_triple,P2_triple,sc11,T5,20,50,c430,"['c404', 'c430', 'c443']",0.6
test_all,863,G23,test,low,P2_triple,P2_triple,sc11,T5,62,155,c443,"['c440', 'c443']",0.725
test_all,863,G23,test,low,P2_triple,P2_triple,sc11,T5,104,260,c404,"['c404', 'c431']",0.725
test_all,863,G23,test,low,P2_triple,P2_triple,sc11,T5,147,367,c431,"['c431', 'c440', 'c444']",0.45
test_all,863,G23,test,low,P2_triple,P2_triple,sc11,T5,189,472,c444,"['c222', 'c444']",0.9
test_all,863,G23,test,low,P2_triple,P2_triple,sc11,T5,231,577,c222,['c222'],1.0
test_P0,648,G18,test,nominal,P0_seen_cell,P0_seen_cell,sc00,T0,20,50,c212,"['c212', 'c220', 'c230']",0.425
test_P0,648,G18,test,nominal,P0_seen_cell,P0_seen_cell,sc00,T0,62,155,c204,"['c204', 'c224']",0.575
test_P0,648,G18,test,nominal,P0_seen_cell,P0_seen_cell,sc00,T0,104,260,c422,"['c213', 'c422']",0.575
test_P0,648,G18,test,nominal,P0_seen_cell,P0_seen_cell,sc00,T0,147,367,c213,"['c213', 'c241']",0.75
test_P0,648,G18,test,nominal,P0_seen_cell,P0_seen_cell,sc00,T0,189,472,c222,['c222'],1.0
test_P0,648,G18,test,nominal,P0_seen_cell,P0_seen_cell,sc00,T0,231,577,c222,['c222'],1.0
test_P0,649,G18,test,nominal,P0_seen_cell,P0_seen_cell,sc01,T1,20,50,c132,"['c132', 'c312']",0.725
test_P0,649,G18,test,nominal,P0_seen_cell,P0_seen_cell,sc01,T1,62,155,c312,"['c023', 'c312', 'c322']",0.45
test_P0,649,G18,test,nominal,P0_seen_cell,P0_seen_cell,sc01,T1,104,260,c242,"['c231', 'c242']",0.725
test_P0,649,G18,test,nominal,P0_seen_cell,P0_seen_cell,sc01,T1,147,367,c231,"['c231', 'c240']",0.6
test_P0,649,G18,test,nominal,P0_seen_cell,P0_seen_cell,sc01,T1,189,472,c122,"['c122', 'c222']",0.55
test_P0,649,G18,test,nominal,P0_seen_cell,P0_seen_cell,sc01,T1,231,577,c222,['c222'],1.0
test_P0,650,G18,test,nominal,P0_seen_cell,P0_seen_cell,sc02,T2,20,50,c042,"['c042', 'c302']",0.725
test_P0,650,G18,test,nominal,P0_seen_cell,P0_seen_cell,sc02,T2,62,155,c032,"['c032', 'c214']",0.725
test_P0,650,G18,test,nominal,P0_seen_cell,P0_seen_cell,sc02,T2,104,260,c244,"['c022', 'c232', 'c244']",0.425
test_P0,650,G18,test,nominal,P0_seen_cell,P0_seen_cell,sc02,T2,147,367,c232,"['c222', 'c232', 'c243']",0.475
test_P0,650,G18,test,nominal,P0_seen_cell,P0_seen_cell,sc02,T2,189,472,c222,['c222'],1.0
test_P0,650,G18,test,nominal,P0_seen_cell,P0_seen_cell,sc02,T2,231,577,c222,['c222'],1.0
test_P0,651,G18,test,nominal,P0_seen_cell,P0_seen_cell,sc03,T3,20,50,c202,"['c123', 'c202']",0.575
test_P0,651,G18,test,nominal,P0_seen_cell,P0_seen_cell,sc03,T3,62,155,c123,"['c123', 'c124', 'c221']",0.6
test_P0,651,G18,test,nominal,P0_seen_cell,P0_seen_cell,sc03,T3,105,262,c124,"['c124', 'c203', 'c223']",0.475
test_P0,651,G18,test,nominal,P0_seen_cell,P0_seen_cell,sc03,T3,147,367,c223,"['c024', 'c142', 'c223']",0.45
test_P0,651,G18,test,nominal,P0_seen_cell,P0_seen_cell,sc03,T3,190,475,c222,['c222'],1.0
test_P0,651,G18,test,nominal,P0_seen_cell,P0_seen_cell,sc03,T3,232,580,c222,['c222'],1.0
test_P0,660,G18,test,mid,P0_seen_cell,P0_seen_cell,sc00,T0,20,50,c212,"['c212', 'c220', 'c230']",0.425
test_P0,660,G18,test,mid,P0_seen_cell,P0_seen_cell,sc00,T0,62,155,c204,"['c204', 'c224']",0.575
test_P0,660,G18,test,mid,P0_seen_cell,P0_seen_cell,sc00,T0,104,260,c422,"['c213', 'c422']",0.575
test_P0,660,G18,test,mid,P0_seen_cell,P0_seen_cell,sc00,T0,147,367,c213,"['c213', 'c241']",0.75
test_P0,660,G18,test,mid,P0_seen_cell,P0_seen_cell,sc00,T0,189,472,c222,['c222'],1.0
test_P0,660,G18,test,mid,P0_seen_cell,P0_seen_cell,sc00,T0,231,577,c222,['c222'],1.0
test_P0,661,G18,test,mid,P0_seen_cell,P0_seen_cell,sc01,T1,20,50,c132,"['c132', 'c312']",0.725
test_P0,661,G18,test,mid,P0_seen_cell,P0_seen_cell,sc01,T1,62,155,c312,"['c023', 'c312', 'c322']",0.45
test_P0,661,G18,test,mid,P0_seen_cell,P0_seen_cell,sc01,T1,104,260,c242,"['c231', 'c242']",0.725
test_P0,661,G18,test,mid,P0_seen_cell,P0_seen_cell,sc01,T1,147,367,c231,"['c231', 'c240']",0.6
test_P0,661,G18,test,mid,P0_seen_cell,P0_seen_cell,sc01,T1,189,472,c122,"['c122', 'c222']",0.55
test_P0,661,G18,test,mid,P0_seen_cell,P0_seen_cell,sc01,T1,231,577,c222,['c222'],1.0
test_P0,662,G18,test,mid,P0_seen_cell,P0_seen_cell,sc02,T2,20,50,c042,"['c042', 'c302']",0.725
test_P0,662,G18,test,mid,P0_seen_cell,P0_seen_cell,sc02,T2,62,155,c032,"['c032', 'c214']",0.725
test_P0,662,G18,test,mid,P0_seen_cell,P0_seen_cell,sc02,T2,104,260,c244,"['c022', 'c232', 'c244']",0.425
test_P0,662,G18,test,mid,P0_seen_cell,P0_seen_cell,sc02,T2,147,367,c232,"['c222', 'c232', 'c243']",0.475
test_P0,662,G18,test,mid,P0_seen_cell,P0_seen_cell,sc02,T2,189,472,c222,['c222'],1.0
test_P0,662,G18,test,mid,P0_seen_cell,P0_seen_cell,sc02,T2,231,577,c222,['c222'],1.0
test_P0,663,G18,test,mid,P0_seen_cell,P0_seen_cell,sc03,T3,20,50,c202,"['c123', 'c202']",0.575
test_P0,663,G18,test,mid,P0_seen_cell,P0_seen_cell,sc03,T3,62,155,c123,"['c123', 'c124', 'c221']",0.6
test_P0,663,G18,test,mid,P0_seen_cell,P0_seen_cell,sc03,T3,105,262,c124,"['c124', 'c203', 'c223']",0.475
test_P0,663,G18,test,mid,P0_seen_cell,P0_seen_cell,sc03,T3,147,367,c223,"['c024', 'c142', 'c223']",0.45
test_P0,663,G18,test,mid,P0_seen_cell,P0_seen_cell,sc03,T3,190,475,c222,['c222'],1.0
test_P0,663,G18,test,mid,P0_seen_cell,P0_seen_cell,sc03,T3,232,580,c222,['c222'],1.0
test_P0,672,G18,test,low,P0_seen_cell,P0_seen_cell,sc00,T0,20,50,c212,"['c212', 'c220', 'c230']",0.425
test_P0,672,G18,test,low,P0_seen_cell,P0_seen_cell,sc00,T0,62,155,c204,"['c204', 'c224']",0.575
test_P0,672,G18,test,low,P0_seen_cell,P0_seen_cell,sc00,T0,104,260,c422,"['c213', 'c422']",0.575
test_P0,672,G18,test,low,P0_seen_cell,P0_seen_cell,sc00,T0,147,367,c213,"['c213', 'c241']",0.75
test_P0,672,G18,test,low,P0_seen_cell,P0_seen_cell,sc00,T0,189,472,c222,['c222'],1.0
test_P0,672,G18,test,low,P0_seen_cell,P0_seen_cell,sc00,T0,231,577,c222,['c222'],1.0
test_P0,673,G18,test,low,P0_seen_cell,P0_seen_cell,sc01,T1,20,50,c132,"['c132', 'c312']",0.725
test_P0,673,G18,test,low,P0_seen_cell,P0_seen_cell,sc01,T1,62,155,c312,"['c023', 'c312', 'c322']",0.45
test_P0,673,G18,test,low,P0_seen_cell,P0_seen_cell,sc01,T1,104,260,c242,"['c231', 'c242']",0.725
test_P0,673,G18,test,low,P0_seen_cell,P0_seen_cell,sc01,T1,147,367,c231,"['c231', 'c240']",0.6
test_P0,673,G18,test,low,P0_seen_cell,P0_seen_cell,sc01,T1,189,472,c122,"['c122', 'c222']",0.55
test_P0,673,G18,test,low,P0_seen_cell,P0_seen_cell,sc01,T1,231,577,c222,['c222'],1.0
test_P0,674,G18,test,low,P0_seen_cell,P0_seen_cell,sc02,T2,20,50,c042,"['c042', 'c302']",0.725
test_P0,674,G18,test,low,P0_seen_cell,P0_seen_cell,sc02,T2,62,155,c032,"['c032', 'c214']",0.725
test_P0,674,G18,test,low,P0_seen_cell,P0_seen_cell,sc02,T2,104,260,c244,"['c022', 'c232', 'c244']",0.425
test_P0,674,G18,test,low,P0_seen_cell,P0_seen_cell,sc02,T2,147,367,c232,"['c222', 'c232', 'c243']",0.475
test_P0,674,G18,test,low,P0_seen_cell,P0_seen_cell,sc02,T2,189,472,c222,['c222'],1.0
test_P0,674,G18,test,low,P0_seen_cell,P0_seen_cell,sc02,T2,231,577,c222,['c222'],1.0
test_P0,675,G18,test,low,P0_seen_cell,P0_seen_cell,sc03,T3,20,50,c202,"['c123', 'c202']",0.575
test_P0,675,G18,test,low,P0_seen_cell,P0_seen_cell,sc03,T3,62,155,c123,"['c123', 'c124', 'c221']",0.6
test_P0,675,G18,test,low,P0_seen_cell,P0_seen_cell,sc03,T3,105,262,c124,"['c124', 'c203', 'c223']",0.475
test_P0,675,G18,test,low,P0_seen_cell,P0_seen_cell,sc03,T3,147,367,c223,"['c024', 'c142', 'c223']",0.45
test_P0,675,G18,test,low,P0_seen_cell,P0_seen_cell,sc03,T3,190,475,c222,['c222'],1.0
test_P0,675,G18,test,low,P0_seen_cell,P0_seen_cell,sc03,T3,232,580,c222,['c222'],1.0
test_P0,684,G19,test,nominal,P0_seen_cell,P0_seen_cell,sc00,T0,20,50,c220,"['c220', 'c224', 'c231']",0.425
test_P0,684,G19,test,nominal,P0_seen_cell,P0_seen_cell,sc00,T0,62,155,c242,"['c241', 'c242']",0.575
test_P0,684,G19,test,nominal,P0_seen_cell,P0_seen_cell,sc00,T0,104,260,c202,"['c202', 'c232']",0.575
test_P0,684,G19,test,nominal,P0_seen_cell,P0_seen_cell,sc00,T0,147,367,c232,"['c203', 'c232']",0.75
test_P0,684,G19,test,nominal,P0_seen_cell,P0_seen_cell,sc00,T0,189,472,c222,['c222'],1.0
test_P0,684,G19,test,nominal,P0_seen_cell,P0_seen_cell,sc00,T0,231,577,c222,['c222'],1.0
test_P0,685,G19,test,nominal,P0_seen_cell,P0_seen_cell,sc01,T1,20,50,c124,"['c124', 'c230']",0.725
test_P0,685,G19,test,nominal,P0_seen_cell,P0_seen_cell,sc01,T1,62,155,c230,"['c230', 'c312', 'c322']",0.45
test_P0,685,G19,test,nominal,P0_seen_cell,P0_seen_cell,sc01,T1,104,260,c221,"['c042', 'c221']",0.725
test_P0,685,G19,test,nominal,P0_seen_cell,P0_seen_cell,sc01,T1,147,367,c042,"['c042', 'c122']",0.6
test_P0,685,G19,test,nominal,P0_seen_cell,P0_seen_cell,sc01,T1,189,472,c243,"['c222', 'c243']",0.55
test_P0,685,G19,test,nominal,P0_seen_cell,P0_seen_cell,sc01,T1,231,577,c222,['c222'],1.0
test_P0,686,G19,test,nominal,P0_seen_cell,P0_seen_cell,sc02,T2,20,50,c244,"['c213', 'c244']",0.725
test_P0,686,G19,test,nominal,P0_seen_cell,P0_seen_cell,sc02,T2,62,155,c132,"['c132', 'c142']",0.725
test_P0,686,G19,test,nominal,P0_seen_cell,P0_seen_cell,sc02,T2,104,260,c023,"['c023', 'c032', 'c240']",0.425
test_P0,686,G19,test,nominal,P0_seen_cell,P0_seen_cell,sc02,T2,147,367,c032,"['c022', 'c032', 'c222']",0.475
test_P0,686,G19,test,nominal,P0_seen_cell,P0_seen_cell,sc02,T2,189,472,c222,['c222'],1.0
test_P0,686,G19,test,nominal,P0_seen_cell,P0_seen_cell,sc02,T2,231,577,c222,['c222'],1.0
test_P0,687,G19,test,nominal,P0_seen_cell,P0_seen_cell,sc03,T3,20,50,c214,"['c204', 'c214']",0.575
test_P0,687,G19,test,nominal,P0_seen_cell,P0_seen_cell,sc03,T3,62,155,c204,"['c204', 'c212', 'c302']",0.6
test_P0,687,G19,test,nominal,P0_seen_cell,P0_seen_cell,sc03,T3,105,262,c212,"['c024', 'c212', 'c422']",0.475
test_P0,687,G19,test,nominal,P0_seen_cell,P0_seen_cell,sc03,T3,147,367,c024,"['c024', 'c123', 'c223']",0.45
test_P0,687,G19,test,nominal,P0_seen_cell,P0_seen_cell,sc03,T3,190,475,c222,['c222'],1.0
test_P0,687,G19,test,nominal,P0_seen_cell,P0_seen_cell,sc03,T3,232,580,c222,['c222'],1.0
test_P0,696,G19,test,mid,P0_seen_cell,P0_seen_cell,sc00,T0,20,50,c220,"['c220', 'c224', 'c231']",0.425
test_P0,696,G19,test,mid,P0_seen_cell,P0_seen_cell,sc00,T0,62,155,c242,"['c241', 'c242']",0.575
test_P0,696,G19,test,mid,P0_seen_cell,P0_seen_cell,sc00,T0,104,260,c202,"['c202', 'c232']",0.575
test_P0,696,G19,test,mid,P0_seen_cell,P0_seen_cell,sc00,T0,147,367,c232,"['c203', 'c232']",0.75
test_P0,696,G19,test,mid,P0_seen_cell,P0_seen_cell,sc00,T0,189,472,c222,['c222'],1.0
test_P0,696,G19,test,mid,P0_seen_cell,P0_seen_cell,sc00,T0,231,577,c222,['c222'],1.0
test_P0,697,G19,test,mid,P0_seen_cell,P0_seen_cell,sc01,T1,20,50,c124,"['c124', 'c230']",0.725
test_P0,697,G19,test,mid,P0_seen_cell,P0_seen_cell,sc01,T1,62,155,c230,"['c230', 'c312', 'c322']",0.45
test_P0,697,G19,test,mid,P0_seen_cell,P0_seen_cell,sc01,T1,104,260,c221,"['c042', 'c221']",0.725
test_P0,697,G19,test,mid,P0_seen_cell,P0_seen_cell,sc01,T1,147,367,c042,"['c042', 'c122']",0.6
test_P0,697,G19,test,mid,P0_seen_cell,P0_seen_cell,sc01,T1,189,472,c243,"['c222', 'c243']",0.55
test_P0,697,G19,test,mid,P0_seen_cell,P0_seen_cell,sc01,T1,231,577,c222,['c222'],1.0
test_P0,698,G19,test,mid,P0_seen_cell,P0_seen_cell,sc02,T2,20,50,c244,"['c213', 'c244']",0.725
test_P0,698,G19,test,mid,P0_seen_cell,P0_seen_cell,sc02,T2,62,155,c132,"['c132', 'c142']",0.725
test_P0,698,G19,test,mid,P0_seen_cell,P0_seen_cell,sc02,T2,104,260,c023,"['c023', 'c032', 'c240']",0.425
test_P0,698,G19,test,mid,P0_seen_cell,P0_seen_cell,sc02,T2,147,367,c032,"['c022', 'c032', 'c222']",0.475
test_P0,698,G19,test,mid,P0_seen_cell,P0_seen_cell,sc02,T2,189,472,c222,['c222'],1.0
test_P0,698,G19,test,mid,P0_seen_cell,P0_seen_cell,sc02,T2,231,577,c222,['c222'],1.0
test_P0,699,G19,test,mid,P0_seen_cell,P0_seen_cell,sc03,T3,20,50,c214,"['c204', 'c214']",0.575
test_P0,699,G19,test,mid,P0_seen_cell,P0_seen_cell,sc03,T3,62,155,c204,"['c204', 'c212', 'c302']",0.6
test_P0,699,G19,test,mid,P0_seen_cell,P0_seen_cell,sc03,T3,105,262,c212,"['c024', 'c212', 'c422']",0.475
test_P0,699,G19,test,mid,P0_seen_cell,P0_seen_cell,sc03,T3,147,367,c024,"['c024', 'c123', 'c223']",0.45
test_P0,699,G19,test,mid,P0_seen_cell,P0_seen_cell,sc03,T3,190,475,c222,['c222'],1.0
test_P0,699,G19,test,mid,P0_seen_cell,P0_seen_cell,sc03,T3,232,580,c222,['c222'],1.0
test_P0,708,G19,test,low,P0_seen_cell,P0_seen_cell,sc00,T0,20,50,c220,"['c220', 'c224', 'c231']",0.425
test_P0,708,G19,test,low,P0_seen_cell,P0_seen_cell,sc00,T0,62,155,c242,"['c241', 'c242']",0.575
test_P0,708,G19,test,low,P0_seen_cell,P0_seen_cell,sc00,T0,104,260,c202,"['c202', 'c232']",0.575
test_P0,708,G19,test,low,P0_seen_cell,P0_seen_cell,sc00,T0,147,367,c232,"['c203', 'c232']",0.75
test_P0,708,G19,test,low,P0_seen_cell,P0_seen_cell,sc00,T0,189,472,c222,['c222'],1.0
test_P0,708,G19,test,low,P0_seen_cell,P0_seen_cell,sc00,T0,231,577,c222,['c222'],1.0
test_P0,709,G19,test,low,P0_seen_cell,P0_seen_cell,sc01,T1,20,50,c124,"['c124', 'c230']",0.725
test_P0,709,G19,test,low,P0_seen_cell,P0_seen_cell,sc01,T1,62,155,c230,"['c230', 'c312', 'c322']",0.45
test_P0,709,G19,test,low,P0_seen_cell,P0_seen_cell,sc01,T1,104,260,c221,"['c042', 'c221']",0.725
test_P0,709,G19,test,low,P0_seen_cell,P0_seen_cell,sc01,T1,147,367,c042,"['c042', 'c122']",0.6
test_P0,709,G19,test,low,P0_seen_cell,P0_seen_cell,sc01,T1,189,472,c243,"['c222', 'c243']",0.55
test_P0,709,G19,test,low,P0_seen_cell,P0_seen_cell,sc01,T1,231,577,c222,['c222'],1.0
test_P0,710,G19,test,low,P0_seen_cell,P0_seen_cell,sc02,T2,20,50,c244,"['c213', 'c244']",0.725
test_P0,710,G19,test,low,P0_seen_cell,P0_seen_cell,sc02,T2,62,155,c132,"['c132', 'c142']",0.725
test_P0,710,G19,test,low,P0_seen_cell,P0_seen_cell,sc02,T2,104,260,c023,"['c023', 'c032', 'c240']",0.425
test_P0,710,G19,test,low,P0_seen_cell,P0_seen_cell,sc02,T2,147,367,c032,"['c022', 'c032', 'c222']",0.475
test_P0,710,G19,test,low,P0_seen_cell,P0_seen_cell,sc02,T2,189,472,c222,['c222'],1.0
test_P0,710,G19,test,low,P0_seen_cell,P0_seen_cell,sc02,T2,231,577,c222,['c222'],1.0
test_P0,711,G19,test,low,P0_seen_cell,P0_seen_cell,sc03,T3,20,50,c214,"['c204', 'c214']",0.575
test_P0,711,G19,test,low,P0_seen_cell,P0_seen_cell,sc03,T3,62,155,c204,"['c204', 'c212', 'c302']",0.6
test_P0,711,G19,test,low,P0_seen_cell,P0_seen_cell,sc03,T3,105,262,c212,"['c024', 'c212', 'c422']",0.475
test_P0,711,G19,test,low,P0_seen_cell,P0_seen_cell,sc03,T3,147,367,c024,"['c024', 'c123', 'c223']",0.45
test_P0,711,G19,test,low,P0_seen_cell,P0_seen_cell,sc03,T3,190,475,c222,['c222'],1.0
test_P0,711,G19,test,low,P0_seen_cell,P0_seen_cell,sc03,T3,232,580,c222,['c222'],1.0
test_P0,720,G20,test,nominal,P0_seen_cell,P0_seen_cell,sc00,T0,20,50,c241,"['c024', 'c230', 'c241']",0.425
test_P0,720,G20,test,nominal,P0_seen_cell,P0_seen_cell,sc00,T0,62,155,c240,"['c240', 'c302']",0.575
test_P0,720,G20,test,nominal,P0_seen_cell,P0_seen_cell,sc00,T0,104,260,c243,"['c042', 'c243']",0.575
test_P0,720,G20,test,nominal,P0_seen_cell,P0_seen_cell,sc00,T0,147,367,c042,"['c042', 'c221']",0.75
test_P0,720,G20,test,nominal,P0_seen_cell,P0_seen_cell,sc00,T0,189,472,c222,['c222'],1.0
test_P0,720,G20,test,nominal,P0_seen_cell,P0_seen_cell,sc00,T0,231,577,c222,['c222'],1.0
test_P0,721,G20,test,nominal,P0_seen_cell,P0_seen_cell,sc01,T1,20,50,c212,"['c123', 'c212']",0.725
test_P0,721,G20,test,nominal,P0_seen_cell,P0_seen_cell,sc01,T1,62,155,c123,"['c123', 'c204', 'c220']",0.45
test_P0,721,G20,test,nominal,P0_seen_cell,P0_seen_cell,sc01,T1,104,260,c232,"['c214', 'c232']",0.725
test_P0,721,G20,test,nominal,P0_seen_cell,P0_seen_cell,sc01,T1,147,367,c214,"['c202', 'c214']",0.6
test_P0,721,G20,test,nominal,P0_seen_cell,P0_seen_cell,sc01,T1,189,472,c244,"['c222', 'c244']",0.55
test_P0,721,G20,test,nominal,P0_seen_cell,P0_seen_cell,sc01,T1,231,577,c222,['c222'],1.0
test_P0,722,G20,test,nominal,P0_seen_cell,P0_seen_cell,sc02,T2,20,50,c312,"['c223', 'c312']",0.725
test_P0,722,G20,test,nominal,P0_seen_cell,P0_seen_cell,sc02,T2,62,155,c213,"['c124', 'c213']",0.725
test_P0,722,G20,test,nominal,P0_seen_cell,P0_seen_cell,sc02,T2,104,260,c032,"['c023', 'c032', 'c122']",0.425
test_P0,722,G20,test,nominal,P0_seen_cell,P0_seen_cell,sc02,T2,147,367,c122,"['c122', 'c222', 'c322']",0.475
test_P0,722,G20,test,nominal,P0_seen_cell,P0_seen_cell,sc02,T2,189,472,c222,['c222'],1.0
test_P0,722,G20,test,nominal,P0_seen_cell,P0_seen_cell,sc02,T2,231,577,c222,['c222'],1.0
test_P0,723,G20,test,nominal,P0_seen_cell,P0_seen_cell,sc03,T3,20,50,c132,"['c132', 'c242']",0.575
test_P0,723,G20,test,nominal,P0_seen_cell,P0_seen_cell,sc03,T3,62,155,c242,"['c022', 'c203', 'c242']",0.6
test_P0,723,G20,test,nominal,P0_seen_cell,P0_seen_cell,sc03,T3,105,262,c022,"['c022', 'c224', 'c231']",0.475
test_P0,723,G20,test,nominal,P0_seen_cell,P0_seen_cell,sc03,T3,147,367,c224,"['c142', 'c224', 'c422']",0.45
test_P0,723,G20,test,nominal,P0_seen_cell,P0_seen_cell,sc03,T3,190,475,c222,['c222'],1.0
test_P0,723,G20,test,nominal,P0_seen_cell,P0_seen_cell,sc03,T3,232,580,c222,['c222'],1.0
test_P0,732,G20,test,mid,P0_seen_cell,P0_seen_cell,sc00,T0,20,50,c241,"['c024', 'c230', 'c241']",0.425
test_P0,732,G20,test,mid,P0_seen_cell,P0_seen_cell,sc00,T0,62,155,c240,"['c240', 'c302']",0.575
test_P0,732,G20,test,mid,P0_seen_cell,P0_seen_cell,sc00,T0,104,260,c243,"['c042', 'c243']",0.575
test_P0,732,G20,test,mid,P0_seen_cell,P0_seen_cell,sc00,T0,147,367,c042,"['c042', 'c221']",0.75
test_P0,732,G20,test,mid,P0_seen_cell,P0_seen_cell,sc00,T0,189,472,c222,['c222'],1.0
test_P0,732,G20,test,mid,P0_seen_cell,P0_seen_cell,sc00,T0,231,577,c222,['c222'],1.0
test_P0,733,G20,test,mid,P0_seen_cell,P0_seen_cell,sc01,T1,20,50,c212,"['c123', 'c212']",0.725
test_P0,733,G20,test,mid,P0_seen_cell,P0_seen_cell,sc01,T1,62,155,c123,"['c123', 'c204', 'c220']",0.45
test_P0,733,G20,test,mid,P0_seen_cell,P0_seen_cell,sc01,T1,104,260,c232,"['c214', 'c232']",0.725
test_P0,733,G20,test,mid,P0_seen_cell,P0_seen_cell,sc01,T1,147,367,c214,"['c202', 'c214']",0.6
test_P0,733,G20,test,mid,P0_seen_cell,P0_seen_cell,sc01,T1,189,472,c244,"['c222', 'c244']",0.55
test_P0,733,G20,test,mid,P0_seen_cell,P0_seen_cell,sc01,T1,231,577,c222,['c222'],1.0
test_P0,734,G20,test,mid,P0_seen_cell,P0_seen_cell,sc02,T2,20,50,c312,"['c223', 'c312']",0.725
test_P0,734,G20,test,mid,P0_seen_cell,P0_seen_cell,sc02,T2,62,155,c213,"['c124', 'c213']",0.725
test_P0,734,G20,test,mid,P0_seen_cell,P0_seen_cell,sc02,T2,104,260,c032,"['c023', 'c032', 'c122']",0.425
test_P0,734,G20,test,mid,P0_seen_cell,P0_seen_cell,sc02,T2,147,367,c122,"['c122', 'c222', 'c322']",0.475
test_P0,734,G20,test,mid,P0_seen_cell,P0_seen_cell,sc02,T2,189,472,c222,['c222'],1.0
test_P0,734,G20,test,mid,P0_seen_cell,P0_seen_cell,sc02,T2,231,577,c222,['c222'],1.0
test_P0,735,G20,test,mid,P0_seen_cell,P0_seen_cell,sc03,T3,20,50,c132,"['c132', 'c242']",0.575
test_P0,735,G20,test,mid,P0_seen_cell,P0_seen_cell,sc03,T3,62,155,c242,"['c022', 'c203', 'c242']",0.6
test_P0,735,G20,test,mid,P0_seen_cell,P0_seen_cell,sc03,T3,105,262,c022,"['c022', 'c224', 'c231']",0.475
test_P0,735,G20,test,mid,P0_seen_cell,P0_seen_cell,sc03,T3,147,367,c224,"['c142', 'c224', 'c422']",0.45
test_P0,735,G20,test,mid,P0_seen_cell,P0_seen_cell,sc03,T3,190,475,c222,['c222'],1.0
test_P0,735,G20,test,mid,P0_seen_cell,P0_seen_cell,sc03,T3,232,580,c222,['c222'],1.0
test_P0,744,G20,test,low,P0_seen_cell,P0_seen_cell,sc00,T0,20,50,c241,"['c024', 'c230', 'c241']",0.425
test_P0,744,G20,test,low,P0_seen_cell,P0_seen_cell,sc00,T0,62,155,c240,"['c240', 'c302']",0.575
test_P0,744,G20,test,low,P0_seen_cell,P0_seen_cell,sc00,T0,104,260,c243,"['c042', 'c243']",0.575
test_P0,744,G20,test,low,P0_seen_cell,P0_seen_cell,sc00,T0,147,367,c042,"['c042', 'c221']",0.75
test_P0,744,G20,test,low,P0_seen_cell,P0_seen_cell,sc00,T0,189,472,c222,['c222'],1.0
test_P0,744,G20,test,low,P0_seen_cell,P0_seen_cell,sc00,T0,231,577,c222,['c222'],1.0
test_P0,745,G20,test,low,P0_seen_cell,P0_seen_cell,sc01,T1,20,50,c212,"['c123', 'c212']",0.725
test_P0,745,G20,test,low,P0_seen_cell,P0_seen_cell,sc01,T1,62,155,c123,"['c123', 'c204', 'c220']",0.45
test_P0,745,G20,test,low,P0_seen_cell,P0_seen_cell,sc01,T1,104,260,c232,"['c214', 'c232']",0.725
test_P0,745,G20,test,low,P0_seen_cell,P0_seen_cell,sc01,T1,147,367,c214,"['c202', 'c214']",0.6
test_P0,745,G20,test,low,P0_seen_cell,P0_seen_cell,sc01,T1,189,472,c244,"['c222', 'c244']",0.55
test_P0,745,G20,test,low,P0_seen_cell,P0_seen_cell,sc01,T1,231,577,c222,['c222'],1.0
test_P0,746,G20,test,low,P0_seen_cell,P0_seen_cell,sc02,T2,20,50,c312,"['c223', 'c312']",0.725
test_P0,746,G20,test,low,P0_seen_cell,P0_seen_cell,sc02,T2,62,155,c213,"['c124', 'c213']",0.725
test_P0,746,G20,test,low,P0_seen_cell,P0_seen_cell,sc02,T2,104,260,c032,"['c023', 'c032', 'c122']",0.425
test_P0,746,G20,test,low,P0_seen_cell,P0_seen_cell,sc02,T2,147,367,c122,"['c122', 'c222', 'c322']",0.475
test_P0,746,G20,test,low,P0_seen_cell,P0_seen_cell,sc02,T2,189,472,c222,['c222'],1.0
test_P0,746,G20,test,low,P0_seen_cell,P0_seen_cell,sc02,T2,231,577,c222,['c222'],1.0
test_P0,747,G20,test,low,P0_seen_cell,P0_seen_cell,sc03,T3,20,50,c132,"['c132', 'c242']",0.575
test_P0,747,G20,test,low,P0_seen_cell,P0_seen_cell,sc03,T3,62,155,c242,"['c022', 'c203', 'c242']",0.6
test_P0,747,G20,test,low,P0_seen_cell,P0_seen_cell,sc03,T3,105,262,c022,"['c022', 'c224', 'c231']",0.475
test_P0,747,G20,test,low,P0_seen_cell,P0_seen_cell,sc03,T3,147,367,c224,"['c142', 'c224', 'c422']",0.45
test_P0,747,G20,test,low,P0_seen_cell,P0_seen_cell,sc03,T3,190,475,c222,['c222'],1.0
test_P0,747,G20,test,low,P0_seen_cell,P0_seen_cell,sc03,T3,232,580,c222,['c222'],1.0
test_P0,756,G21,test,nominal,P0_seen_cell,P0_seen_cell,sc00,T0,20,50,c322,"['c242', 'c312', 'c322']",0.425
test_P0,756,G21,test,nominal,P0_seen_cell,P0_seen_cell,sc00,T0,62,155,c024,"['c024', 'c122']",0.575
test_P0,756,G21,test,nominal,P0_seen_cell,P0_seen_cell,sc00,T0,104,260,c132,"['c023', 'c132']",0.575
test_P0,756,G21,test,nominal,P0_seen_cell,P0_seen_cell,sc00,T0,147,367,c023,"['c023', 'c212']",0.75
test_P0,756,G21,test,nominal,P0_seen_cell,P0_seen_cell,sc00,T0,189,472,c222,['c222'],1.0
test_P0,756,G21,test,nominal,P0_seen_cell,P0_seen_cell,sc00,T0,231,577,c222,['c222'],1.0
test_P0,757,G21,test,nominal,P0_seen_cell,P0_seen_cell,sc01,T1,20,50,c032,"['c032', 'c243']",0.725
test_P0,757,G21,test,nominal,P0_seen_cell,P0_seen_cell,sc01,T1,62,155,c243,"['c223', 'c230', 'c243']",0.45
test_P0,757,G21,test,nominal,P0_seen_cell,P0_seen_cell,sc01,T1,104,260,c123,"['c123', 'c302']",0.725
test_P0,757,G21,test,nominal,P0_seen_cell,P0_seen_cell,sc01,T1,147,367,c302,"['c203', 'c302']",0.6
test_P0,757,G21,test,nominal,P0_seen_cell,P0_seen_cell,sc01,T1,189,472,c124,"['c124', 'c222']",0.55
test_P0,757,G21,test,nominal,P0_seen_cell,P0_seen_cell,sc01,T1,231,577,c222,['c222'],1.0
test_P0,758,G21,test,nominal,P0_seen_cell,P0_seen_cell,sc02,T2,20,50,c214,"['c214', 'c240']",0.725
test_P0,758,G21,test,nominal,P0_seen_cell,P0_seen_cell,sc02,T2,62,155,c022,"['c022', 'c202']",0.725
test_P0,758,G21,test,nominal,P0_seen_cell,P0_seen_cell,sc02,T2,104,260,c213,"['c213', 'c221', 'c232']",0.425
test_P0,758,G21,test,nominal,P0_seen_cell,P0_seen_cell,sc02,T2,147,367,c232,"['c222', 'c232', 'c244']",0.475
test_P0,758,G21,test,nominal,P0_seen_cell,P0_seen_cell,sc02,T2,189,472,c222,['c222'],1.0
test_P0,758,G21,test,nominal,P0_seen_cell,P0_seen_cell,sc02,T2,231,577,c222,['c222'],1.0
test_P0,759,G21,test,nominal,P0_seen_cell,P0_seen_cell,sc03,T3,20,50,c231,"['c204', 'c231']",0.575
test_P0,759,G21,test,nominal,P0_seen_cell,P0_seen_cell,sc03,T3,62,155,c204,"['c204', 'c241', 'c422']",0.6
test_P0,759,G21,test,nominal,P0_seen_cell,P0_seen_cell,sc03,T3,105,262,c241,"['c042', 'c142', 'c241']",0.475
test_P0,759,G21,test,nominal,P0_seen_cell,P0_seen_cell,sc03,T3,147,367,c042,"['c042', 'c220', 'c224']",0.45
test_P0,759,G21,test,nominal,P0_seen_cell,P0_seen_cell,sc03,T3,190,475,c222,['c222'],1.0
test_P0,759,G21,test,nominal,P0_seen_cell,P0_seen_cell,sc03,T3,232,580,c222,['c222'],1.0
test_P0,768,G21,test,mid,P0_seen_cell,P0_seen_cell,sc00,T0,20,50,c322,"['c242', 'c312', 'c322']",0.425
test_P0,768,G21,test,mid,P0_seen_cell,P0_seen_cell,sc00,T0,62,155,c024,"['c024', 'c122']",0.575
test_P0,768,G21,test,mid,P0_seen_cell,P0_seen_cell,sc00,T0,104,260,c132,"['c023', 'c132']",0.575
test_P0,768,G21,test,mid,P0_seen_cell,P0_seen_cell,sc00,T0,147,367,c023,"['c023', 'c212']",0.75
test_P0,768,G21,test,mid,P0_seen_cell,P0_seen_cell,sc00,T0,189,472,c222,['c222'],1.0
test_P0,768,G21,test,mid,P0_seen_cell,P0_seen_cell,sc00,T0,231,577,c222,['c222'],1.0
test_P0,769,G21,test,mid,P0_seen_cell,P0_seen_cell,sc01,T1,20,50,c032,"['c032', 'c243']",0.725
test_P0,769,G21,test,mid,P0_seen_cell,P0_seen_cell,sc01,T1,62,155,c243,"['c223', 'c230', 'c243']",0.45
test_P0,769,G21,test,mid,P0_seen_cell,P0_seen_cell,sc01,T1,104,260,c123,"['c123', 'c302']",0.725
test_P0,769,G21,test,mid,P0_seen_cell,P0_seen_cell,sc01,T1,147,367,c302,"['c203', 'c302']",0.6
test_P0,769,G21,test,mid,P0_seen_cell,P0_seen_cell,sc01,T1,189,472,c124,"['c124', 'c222']",0.55
test_P0,769,G21,test,mid,P0_seen_cell,P0_seen_cell,sc01,T1,231,577,c222,['c222'],1.0
test_P0,770,G21,test,mid,P0_seen_cell,P0_seen_cell,sc02,T2,20,50,c214,"['c214', 'c240']",0.725
test_P0,770,G21,test,mid,P0_seen_cell,P0_seen_cell,sc02,T2,62,155,c022,"['c022', 'c202']",0.725
test_P0,770,G21,test,mid,P0_seen_cell,P0_seen_cell,sc02,T2,104,260,c213,"['c213', 'c221', 'c232']",0.425
test_P0,770,G21,test,mid,P0_seen_cell,P0_seen_cell,sc02,T2,147,367,c232,"['c222', 'c232', 'c244']",0.475
test_P0,770,G21,test,mid,P0_seen_cell,P0_seen_cell,sc02,T2,189,472,c222,['c222'],1.0
test_P0,770,G21,test,mid,P0_seen_cell,P0_seen_cell,sc02,T2,231,577,c222,['c222'],1.0
test_P0,771,G21,test,mid,P0_seen_cell,P0_seen_cell,sc03,T3,20,50,c231,"['c204', 'c231']",0.575
test_P0,771,G21,test,mid,P0_seen_cell,P0_seen_cell,sc03,T3,62,155,c204,"['c204', 'c241', 'c422']",0.6
test_P0,771,G21,test,mid,P0_seen_cell,P0_seen_cell,sc03,T3,105,262,c241,"['c042', 'c142', 'c241']",0.475
test_P0,771,G21,test,mid,P0_seen_cell,P0_seen_cell,sc03,T3,147,367,c042,"['c042', 'c220', 'c224']",0.45
test_P0,771,G21,test,mid,P0_seen_cell,P0_seen_cell,sc03,T3,190,475,c222,['c222'],1.0
test_P0,771,G21,test,mid,P0_seen_cell,P0_seen_cell,sc03,T3,232,580,c222,['c222'],1.0
test_P0,780,G21,test,low,P0_seen_cell,P0_seen_cell,sc00,T0,20,50,c322,"['c242', 'c312', 'c322']",0.425
test_P0,780,G21,test,low,P0_seen_cell,P0_seen_cell,sc00,T0,62,155,c024,"['c024', 'c122']",0.575
test_P0,780,G21,test,low,P0_seen_cell,P0_seen_cell,sc00,T0,104,260,c132,"['c023', 'c132']",0.575
test_P0,780,G21,test,low,P0_seen_cell,P0_seen_cell,sc00,T0,147,367,c023,"['c023', 'c212']",0.75
test_P0,780,G21,test,low,P0_seen_cell,P0_seen_cell,sc00,T0,189,472,c222,['c222'],1.0
test_P0,780,G21,test,low,P0_seen_cell,P0_seen_cell,sc00,T0,231,577,c222,['c222'],1.0
test_P0,781,G21,test,low,P0_seen_cell,P0_seen_cell,sc01,T1,20,50,c032,"['c032', 'c243']",0.725
test_P0,781,G21,test,low,P0_seen_cell,P0_seen_cell,sc01,T1,62,155,c243,"['c223', 'c230', 'c243']",0.45
test_P0,781,G21,test,low,P0_seen_cell,P0_seen_cell,sc01,T1,104,260,c123,"['c123', 'c302']",0.725
test_P0,781,G21,test,low,P0_seen_cell,P0_seen_cell,sc01,T1,147,367,c302,"['c203', 'c302']",0.6
test_P0,781,G21,test,low,P0_seen_cell,P0_seen_cell,sc01,T1,189,472,c124,"['c124', 'c222']",0.55
test_P0,781,G21,test,low,P0_seen_cell,P0_seen_cell,sc01,T1,231,577,c222,['c222'],1.0
test_P0,782,G21,test,low,P0_seen_cell,P0_seen_cell,sc02,T2,20,50,c214,"['c214', 'c240']",0.725
test_P0,782,G21,test,low,P0_seen_cell,P0_seen_cell,sc02,T2,62,155,c022,"['c022', 'c202']",0.725
test_P0,782,G21,test,low,P0_seen_cell,P0_seen_cell,sc02,T2,104,260,c213,"['c213', 'c221', 'c232']",0.425
test_P0,782,G21,test,low,P0_seen_cell,P0_seen_cell,sc02,T2,147,367,c232,"['c222', 'c232', 'c244']",0.475
test_P0,782,G21,test,low,P0_seen_cell,P0_seen_cell,sc02,T2,189,472,c222,['c222'],1.0
test_P0,782,G21,test,low,P0_seen_cell,P0_seen_cell,sc02,T2,231,577,c222,['c222'],1.0
test_P0,783,G21,test,low,P0_seen_cell,P0_seen_cell,sc03,T3,20,50,c231,"['c204', 'c231']",0.575
test_P0,783,G21,test,low,P0_seen_cell,P0_seen_cell,sc03,T3,62,155,c204,"['c204', 'c241', 'c422']",0.6
test_P0,783,G21,test,low,P0_seen_cell,P0_seen_cell,sc03,T3,105,262,c241,"['c042', 'c142', 'c241']",0.475
test_P0,783,G21,test,low,P0_seen_cell,P0_seen_cell,sc03,T3,147,367,c042,"['c042', 'c220', 'c224']",0.45
test_P0,783,G21,test,low,P0_seen_cell,P0_seen_cell,sc03,T3,190,475,c222,['c222'],1.0
test_P0,783,G21,test,low,P0_seen_cell,P0_seen_cell,sc03,T3,232,580,c222,['c222'],1.0
test_P0,792,G22,test,nominal,P0_seen_cell,P0_seen_cell,sc00,T0,20,50,c212,"['c142', 'c212', 'c232']",0.425
test_P0,792,G22,test,nominal,P0_seen_cell,P0_seen_cell,sc00,T0,62,155,c224,"['c213', 'c224']",0.575
test_P0,792,G22,test,nominal,P0_seen_cell,P0_seen_cell,sc00,T0,104,260,c022,"['c022', 'c230']",0.575
test_P0,792,G22,test,nominal,P0_seen_cell,P0_seen_cell,sc00,T0,147,367,c230,"['c122', 'c230']",0.75
test_P0,792,G22,test,nominal,P0_seen_cell,P0_seen_cell,sc00,T0,189,472,c222,['c222'],1.0
test_P0,792,G22,test,nominal,P0_seen_cell,P0_seen_cell,sc00,T0,231,577,c222,['c222'],1.0
test_P0,793,G22,test,nominal,P0_seen_cell,P0_seen_cell,sc01,T1,20,50,c240,"['c204', 'c240']",0.725
test_P0,793,G22,test,nominal,P0_seen_cell,P0_seen_cell,sc01,T1,62,155,c204,"['c024', 'c204', 'c221']",0.45
test_P0,793,G22,test,nominal,P0_seen_cell,P0_seen_cell,sc01,T1,104,260,c214,"['c214', 'c231']",0.725
test_P0,793,G22,test,nominal,P0_seen_cell,P0_seen_cell,sc01,T1,147,367,c231,"['c032', 'c231']",0.6
test_P0,793,G22,test,nominal,P0_seen_cell,P0_seen_cell,sc01,T1,189,472,c312,"['c222', 'c312']",0.55
test_P0,793,G22,test,nominal,P0_seen_cell,P0_seen_cell,sc01,T1,231,577,c222,['c222'],1.0
test_P0,794,G22,test,nominal,P0_seen_cell,P0_seen_cell,sc02,T2,20,50,c302,"['c241', 'c302']",0.725
test_P0,794,G22,test,nominal,P0_seen_cell,P0_seen_cell,sc02,T2,62,155,c243,"['c124', 'c243']",0.725
test_P0,794,G22,test,nominal,P0_seen_cell,P0_seen_cell,sc02,T2,104,260,c242,"['c220', 'c242', 'c422']",0.425
test_P0,794,G22,test,nominal,P0_seen_cell,P0_seen_cell,sc02,T2,147,367,c422,"['c222', 'c322', 'c422']",0.475
test_P0,794,G22,test,nominal,P0_seen_cell,P0_seen_cell,sc02,T2,189,472,c222,['c222'],1.0
test_P0,794,G22,test,nominal,P0_seen_cell,P0_seen_cell,sc02,T2,231,577,c222,['c222'],1.0
test_P0,795,G22,test,nominal,P0_seen_cell,P0_seen_cell,sc03,T3,20,50,c023,"['c023', 'c223']",0.575
test_P0,795,G22,test,nominal,P0_seen_cell,P0_seen_cell,sc03,T3,62,155,c223,"['c202', 'c203', 'c223']",0.6
test_P0,795,G22,test,nominal,P0_seen_cell,P0_seen_cell,sc03,T3,105,262,c203,"['c042', 'c203', 'c244']",0.475
test_P0,795,G22,test,nominal,P0_seen_cell,P0_seen_cell,sc03,T3,147,367,c244,"['c123', 'c132', 'c244']",0.45
test_P0,795,G22,test,nominal,P0_seen_cell,P0_seen_cell,sc03,T3,190,475,c222,['c222'],1.0
test_P0,795,G22,test,nominal,P0_seen_cell,P0_seen_cell,sc03,T3,232,580,c222,['c222'],1.0
test_P0,804,G22,test,mid,P0_seen_cell,P0_seen_cell,sc00,T0,20,50,c212,"['c142', 'c212', 'c232']",0.425
test_P0,804,G22,test,mid,P0_seen_cell,P0_seen_cell,sc00,T0,62,155,c224,"['c213', 'c224']",0.575
test_P0,804,G22,test,mid,P0_seen_cell,P0_seen_cell,sc00,T0,104,260,c022,"['c022', 'c230']",0.575
test_P0,804,G22,test,mid,P0_seen_cell,P0_seen_cell,sc00,T0,147,367,c230,"['c122', 'c230']",0.75
test_P0,804,G22,test,mid,P0_seen_cell,P0_seen_cell,sc00,T0,189,472,c222,['c222'],1.0
test_P0,804,G22,test,mid,P0_seen_cell,P0_seen_cell,sc00,T0,231,577,c222,['c222'],1.0
test_P0,805,G22,test,mid,P0_seen_cell,P0_seen_cell,sc01,T1,20,50,c240,"['c204', 'c240']",0.725
test_P0,805,G22,test,mid,P0_seen_cell,P0_seen_cell,sc01,T1,62,155,c204,"['c024', 'c204', 'c221']",0.45
test_P0,805,G22,test,mid,P0_seen_cell,P0_seen_cell,sc01,T1,104,260,c214,"['c214', 'c231']",0.725
test_P0,805,G22,test,mid,P0_seen_cell,P0_seen_cell,sc01,T1,147,367,c231,"['c032', 'c231']",0.6
test_P0,805,G22,test,mid,P0_seen_cell,P0_seen_cell,sc01,T1,189,472,c312,"['c222', 'c312']",0.55
test_P0,805,G22,test,mid,P0_seen_cell,P0_seen_cell,sc01,T1,231,577,c222,['c222'],1.0
test_P0,806,G22,test,mid,P0_seen_cell,P0_seen_cell,sc02,T2,20,50,c302,"['c241', 'c302']",0.725
test_P0,806,G22,test,mid,P0_seen_cell,P0_seen_cell,sc02,T2,62,155,c243,"['c124', 'c243']",0.725
test_P0,806,G22,test,mid,P0_seen_cell,P0_seen_cell,sc02,T2,104,260,c242,"['c220', 'c242', 'c422']",0.425
test_P0,806,G22,test,mid,P0_seen_cell,P0_seen_cell,sc02,T2,147,367,c422,"['c222', 'c322', 'c422']",0.475
test_P0,806,G22,test,mid,P0_seen_cell,P0_seen_cell,sc02,T2,189,472,c222,['c222'],1.0
test_P0,806,G22,test,mid,P0_seen_cell,P0_seen_cell,sc02,T2,231,577,c222,['c222'],1.0
test_P0,807,G22,test,mid,P0_seen_cell,P0_seen_cell,sc03,T3,20,50,c023,"['c023', 'c223']",0.575
test_P0,807,G22,test,mid,P0_seen_cell,P0_seen_cell,sc03,T3,62,155,c223,"['c202', 'c203', 'c223']",0.6
test_P0,807,G22,test,mid,P0_seen_cell,P0_seen_cell,sc03,T3,105,262,c203,"['c042', 'c203', 'c244']",0.475
test_P0,807,G22,test,mid,P0_seen_cell,P0_seen_cell,sc03,T3,147,367,c244,"['c123', 'c132', 'c244']",0.45
test_P0,807,G22,test,mid,P0_seen_cell,P0_seen_cell,sc03,T3,190,475,c222,['c222'],1.0
test_P0,807,G22,test,mid,P0_seen_cell,P0_seen_cell,sc03,T3,232,580,c222,['c222'],1.0
test_P0,816,G22,test,low,P0_seen_cell,P0_seen_cell,sc00,T0,20,50,c212,"['c142', 'c212', 'c232']",0.425
test_P0,816,G22,test,low,P0_seen_cell,P0_seen_cell,sc00,T0,62,155,c224,"['c213', 'c224']",0.575
test_P0,816,G22,test,low,P0_seen_cell,P0_seen_cell,sc00,T0,104,260,c022,"['c022', 'c230']",0.575
test_P0,816,G22,test,low,P0_seen_cell,P0_seen_cell,sc00,T0,147,367,c230,"['c122', 'c230']",0.75
test_P0,816,G22,test,low,P0_seen_cell,P0_seen_cell,sc00,T0,189,472,c222,['c222'],1.0
test_P0,816,G22,test,low,P0_seen_cell,P0_seen_cell,sc00,T0,231,577,c222,['c222'],1.0
test_P0,817,G22,test,low,P0_seen_cell,P0_seen_cell,sc01,T1,20,50,c240,"['c204', 'c240']",0.725
test_P0,817,G22,test,low,P0_seen_cell,P0_seen_cell,sc01,T1,62,155,c204,"['c024', 'c204', 'c221']",0.45
test_P0,817,G22,test,low,P0_seen_cell,P0_seen_cell,sc01,T1,104,260,c214,"['c214', 'c231']",0.725
test_P0,817,G22,test,low,P0_seen_cell,P0_seen_cell,sc01,T1,147,367,c231,"['c032', 'c231']",0.6
test_P0,817,G22,test,low,P0_seen_cell,P0_seen_cell,sc01,T1,189,472,c312,"['c222', 'c312']",0.55
test_P0,817,G22,test,low,P0_seen_cell,P0_seen_cell,sc01,T1,231,577,c222,['c222'],1.0
test_P0,818,G22,test,low,P0_seen_cell,P0_seen_cell,sc02,T2,20,50,c302,"['c241', 'c302']",0.725
test_P0,818,G22,test,low,P0_seen_cell,P0_seen_cell,sc02,T2,62,155,c243,"['c124', 'c243']",0.725
test_P0,818,G22,test,low,P0_seen_cell,P0_seen_cell,sc02,T2,104,260,c242,"['c220', 'c242', 'c422']",0.425
test_P0,818,G22,test,low,P0_seen_cell,P0_seen_cell,sc02,T2,147,367,c422,"['c222', 'c322', 'c422']",0.475
test_P0,818,G22,test,low,P0_seen_cell,P0_seen_cell,sc02,T2,189,472,c222,['c222'],1.0
test_P0,818,G22,test,low,P0_seen_cell,P0_seen_cell,sc02,T2,231,577,c222,['c222'],1.0
test_P0,819,G22,test,low,P0_seen_cell,P0_seen_cell,sc03,T3,20,50,c023,"['c023', 'c223']",0.575
test_P0,819,G22,test,low,P0_seen_cell,P0_seen_cell,sc03,T3,62,155,c223,"['c202', 'c203', 'c223']",0.6
test_P0,819,G22,test,low,P0_seen_cell,P0_seen_cell,sc03,T3,105,262,c203,"['c042', 'c203', 'c244']",0.475
test_P0,819,G22,test,low,P0_seen_cell,P0_seen_cell,sc03,T3,147,367,c244,"['c123', 'c132', 'c244']",0.45
test_P0,819,G22,test,low,P0_seen_cell,P0_seen_cell,sc03,T3,190,475,c222,['c222'],1.0
test_P0,819,G22,test,low,P0_seen_cell,P0_seen_cell,sc03,T3,232,580,c222,['c222'],1.0
test_P0,828,G23,test,nominal,P0_seen_cell,P0_seen_cell,sc00,T0,20,50,c213,"['c022', 'c132', 'c213']",0.425
test_P0,828,G23,test,nominal,P0_seen_cell,P0_seen_cell,sc00,T0,62,155,c221,"['c214', 'c221']",0.575
test_P0,828,G23,test,nominal,P0_seen_cell,P0_seen_cell,sc00,T0,104,260,c232,"['c232', 'c422']",0.575
test_P0,828,G23,test,nominal,P0_seen_cell,P0_seen_cell,sc00,T0,147,367,c422,"['c241', 'c422']",0.75
test_P0,828,G23,test,nominal,P0_seen_cell,P0_seen_cell,sc00,T0,189,472,c222,['c222'],1.0
test_P0,828,G23,test,nominal,P0_seen_cell,P0_seen_cell,sc00,T0,231,577,c222,['c222'],1.0
test_P0,829,G23,test,nominal,P0_seen_cell,P0_seen_cell,sc01,T1,20,50,c122,"['c122', 'c243']",0.725
test_P0,829,G23,test,nominal,P0_seen_cell,P0_seen_cell,sc01,T1,62,155,c243,"['c124', 'c240', 'c243']",0.45
test_P0,829,G23,test,nominal,P0_seen_cell,P0_seen_cell,sc01,T1,104,260,c220,"['c032', 'c220']",0.725
test_P0,829,G23,test,nominal,P0_seen_cell,P0_seen_cell,sc01,T1,147,367,c032,"['c032', 'c123']",0.6
test_P0,829,G23,test,nominal,P0_seen_cell,P0_seen_cell,sc01,T1,189,472,c244,"['c222', 'c244']",0.55
test_P0,829,G23,test,nominal,P0_seen_cell,P0_seen_cell,sc01,T1,231,577,c222,['c222'],1.0
test_P0,830,G23,test,nominal,P0_seen_cell,P0_seen_cell,sc02,T2,20,50,c223,"['c223', 'c302']",0.725
test_P0,830,G23,test,nominal,P0_seen_cell,P0_seen_cell,sc02,T2,62,155,c203,"['c203', 'c224']",0.725
test_P0,830,G23,test,nominal,P0_seen_cell,P0_seen_cell,sc02,T2,104,260,c042,"['c024', 'c042', 'c322']",0.425
test_P0,830,G23,test,nominal,P0_seen_cell,P0_seen_cell,sc02,T2,147,367,c322,"['c142', 'c222', 'c322']",0.475
test_P0,830,G23,test,nominal,P0_seen_cell,P0_seen_cell,sc02,T2,189,472,c222,['c222'],1.0
test_P0,830,G23,test,nominal,P0_seen_cell,P0_seen_cell,sc02,T2,231,577,c222,['c222'],1.0
test_P0,831,G23,test,nominal,P0_seen_cell,P0_seen_cell,sc03,T3,20,50,c231,"['c230', 'c231']",0.575
test_P0,831,G23,test,nominal,P0_seen_cell,P0_seen_cell,sc03,T3,62,155,c230,"['c202', 'c230', 'c312']",0.6
test_P0,831,G23,test,nominal,P0_seen_cell,P0_seen_cell,sc03,T3,105,262,c202,"['c023', 'c202', 'c242']",0.475
test_P0,831,G23,test,nominal,P0_seen_cell,P0_seen_cell,sc03,T3,147,367,c023,"['c023', 'c204', 'c212']",0.45
test_P0,831,G23,test,nominal,P0_seen_cell,P0_seen_cell,sc03,T3,190,475,c222,['c222'],1.0
test_P0,831,G23,test,nominal,P0_seen_cell,P0_seen_cell,sc03,T3,232,580,c222,['c222'],1.0
test_P0,840,G23,test,mid,P0_seen_cell,P0_seen_cell,sc00,T0,20,50,c213,"['c022', 'c132', 'c213']",0.425
test_P0,840,G23,test,mid,P0_seen_cell,P0_seen_cell,sc00,T0,62,155,c221,"['c214', 'c221']",0.575
test_P0,840,G23,test,mid,P0_seen_cell,P0_seen_cell,sc00,T0,104,260,c232,"['c232', 'c422']",0.575
test_P0,840,G23,test,mid,P0_seen_cell,P0_seen_cell,sc00,T0,147,367,c422,"['c241', 'c422']",0.75
test_P0,840,G23,test,mid,P0_seen_cell,P0_seen_cell,sc00,T0,189,472,c222,['c222'],1.0
test_P0,840,G23,test,mid,P0_seen_cell,P0_seen_cell,sc00,T0,231,577,c222,['c222'],1.0
test_P0,841,G23,test,mid,P0_seen_cell,P0_seen_cell,sc01,T1,20,50,c122,"['c122', 'c243']",0.725
test_P0,841,G23,test,mid,P0_seen_cell,P0_seen_cell,sc01,T1,62,155,c243,"['c124', 'c240', 'c243']",0.45
test_P0,841,G23,test,mid,P0_seen_cell,P0_seen_cell,sc01,T1,104,260,c220,"['c032', 'c220']",0.725
test_P0,841,G23,test,mid,P0_seen_cell,P0_seen_cell,sc01,T1,147,367,c032,"['c032', 'c123']",0.6
test_P0,841,G23,test,mid,P0_seen_cell,P0_seen_cell,sc01,T1,189,472,c244,"['c222', 'c244']",0.55
test_P0,841,G23,test,mid,P0_seen_cell,P0_seen_cell,sc01,T1,231,577,c222,['c222'],1.0
test_P0,842,G23,test,mid,P0_seen_cell,P0_seen_cell,sc02,T2,20,50,c223,"['c223', 'c302']",0.725
test_P0,842,G23,test,mid,P0_seen_cell,P0_seen_cell,sc02,T2,62,155,c203,"['c203', 'c224']",0.725
test_P0,842,G23,test,mid,P0_seen_cell,P0_seen_cell,sc02,T2,104,260,c042,"['c024', 'c042', 'c322']",0.425
test_P0,842,G23,test,mid,P0_seen_cell,P0_seen_cell,sc02,T2,147,367,c322,"['c142', 'c222', 'c322']",0.475
test_P0,842,G23,test,mid,P0_seen_cell,P0_seen_cell,sc02,T2,189,472,c222,['c222'],1.0
test_P0,842,G23,test,mid,P0_seen_cell,P0_seen_cell,sc02,T2,231,577,c222,['c222'],1.0
test_P0,843,G23,test,mid,P0_seen_cell,P0_seen_cell,sc03,T3,20,50,c231,"['c230', 'c231']",0.575
test_P0,843,G23,test,mid,P0_seen_cell,P0_seen_cell,sc03,T3,62,155,c230,"['c202', 'c230', 'c312']",0.6
test_P0,843,G23,test,mid,P0_seen_cell,P0_seen_cell,sc03,T3,105,262,c202,"['c023', 'c202', 'c242']",0.475
test_P0,843,G23,test,mid,P0_seen_cell,P0_seen_cell,sc03,T3,147,367,c023,"['c023', 'c204', 'c212']",0.45
test_P0,843,G23,test,mid,P0_seen_cell,P0_seen_cell,sc03,T3,190,475,c222,['c222'],1.0
test_P0,843,G23,test,mid,P0_seen_cell,P0_seen_cell,sc03,T3,232,580,c222,['c222'],1.0
test_P0,852,G23,test,low,P0_seen_cell,P0_seen_cell,sc00,T0,20,50,c213,"['c022', 'c132', 'c213']",0.425
test_P0,852,G23,test,low,P0_seen_cell,P0_seen_cell,sc00,T0,62,155,c221,"['c214', 'c221']",0.575
test_P0,852,G23,test,low,P0_seen_cell,P0_seen_cell,sc00,T0,104,260,c232,"['c232', 'c422']",0.575
test_P0,852,G23,test,low,P0_seen_cell,P0_seen_cell,sc00,T0,147,367,c422,"['c241', 'c422']",0.75
test_P0,852,G23,test,low,P0_seen_cell,P0_seen_cell,sc00,T0,189,472,c222,['c222'],1.0
test_P0,852,G23,test,low,P0_seen_cell,P0_seen_cell,sc00,T0,231,577,c222,['c222'],1.0
test_P0,853,G23,test,low,P0_seen_cell,P0_seen_cell,sc01,T1,20,50,c122,"['c122', 'c243']",0.725
test_P0,853,G23,test,low,P0_seen_cell,P0_seen_cell,sc01,T1,62,155,c243,"['c124', 'c240', 'c243']",0.45
test_P0,853,G23,test,low,P0_seen_cell,P0_seen_cell,sc01,T1,104,260,c220,"['c032', 'c220']",0.725
test_P0,853,G23,test,low,P0_seen_cell,P0_seen_cell,sc01,T1,147,367,c032,"['c032', 'c123']",0.6
test_P0,853,G23,test,low,P0_seen_cell,P0_seen_cell,sc01,T1,189,472,c244,"['c222', 'c244']",0.55
test_P0,853,G23,test,low,P0_seen_cell,P0_seen_cell,sc01,T1,231,577,c222,['c222'],1.0
test_P0,854,G23,test,low,P0_seen_cell,P0_seen_cell,sc02,T2,20,50,c223,"['c223', 'c302']",0.725
test_P0,854,G23,test,low,P0_seen_cell,P0_seen_cell,sc02,T2,62,155,c203,"['c203', 'c224']",0.725
test_P0,854,G23,test,low,P0_seen_cell,P0_seen_cell,sc02,T2,104,260,c042,"['c024', 'c042', 'c322']",0.425
test_P0,854,G23,test,low,P0_seen_cell,P0_seen_cell,sc02,T2,147,367,c322,"['c142', 'c222', 'c322']",0.475
test_P0,854,G23,test,low,P0_seen_cell,P0_seen_cell,sc02,T2,189,472,c222,['c222'],1.0
test_P0,854,G23,test,low,P0_seen_cell,P0_seen_cell,sc02,T2,231,577,c222,['c222'],1.0
test_P0,855,G23,test,low,P0_seen_cell,P0_seen_cell,sc03,T3,20,50,c231,"['c230', 'c231']",0.575
test_P0,855,G23,test,low,P0_seen_cell,P0_seen_cell,sc03,T3,62,155,c230,"['c202', 'c230', 'c312']",0.6
test_P0,855,G23,test,low,P0_seen_cell,P0_seen_cell,sc03,T3,105,262,c202,"['c023', 'c202', 'c242']",0.475
test_P0,855,G23,test,low,P0_seen_cell,P0_seen_cell,sc03,T3,147,367,c023,"['c023', 'c204', 'c212']",0.45
test_P0,855,G23,test,low,P0_seen_cell,P0_seen_cell,sc03,T3,190,475,c222,['c222'],1.0
test_P0,855,G23,test,low,P0_seen_cell,P0_seen_cell,sc03,T3,232,580,c222,['c222'],1.0
test_P1,652,G18,test,nominal,P1_heldout_pair,P1_heldout_pair,sc04,T4,20,50,c201,"['c012', 'c021', 'c201']",0.425
test_P1,652,G18,test,nominal,P1_heldout_pair,P1_heldout_pair,sc04,T4,62,155,c021,"['c012', 'c021', 'c324']",0.75
test_P1,652,G18,test,nominal,P1_heldout_pair,P1_heldout_pair,sc04,T4,104,260,c324,"['c012', 'c120', 'c324']",0.6
test_P1,652,G18,test,nominal,P1_heldout_pair,P1_heldout_pair,sc04,T4,147,367,c120,"['c021', 'c120']",0.6
test_P1,652,G18,test,nominal,P1_heldout_pair,P1_heldout_pair,sc04,T4,189,472,c222,['c222'],1.0
test_P1,652,G18,test,nominal,P1_heldout_pair,P1_heldout_pair,sc04,T4,231,577,c222,['c222'],1.0
test_P1,653,G18,test,nominal,P1_heldout_pair,P1_heldout_pair,sc05,T5,20,50,c102,"['c012', 'c021', 'c102']",0.6
test_P1,653,G18,test,nominal,P1_heldout_pair,P1_heldout_pair,sc05,T5,62,155,c021,"['c021', 'c342']",0.725
test_P1,653,G18,test,nominal,P1_heldout_pair,P1_heldout_pair,sc05,T5,104,260,c201,"['c201', 'c210']",0.725
test_P1,653,G18,test,nominal,P1_heldout_pair,P1_heldout_pair,sc05,T5,147,367,c210,"['c120', 'c201', 'c210']",0.45
test_P1,653,G18,test,nominal,P1_heldout_pair,P1_heldout_pair,sc05,T5,189,472,c201,"['c201', 'c222']",0.9
test_P1,653,G18,test,nominal,P1_heldout_pair,P1_heldout_pair,sc05,T5,231,577,c222,['c222'],1.0
test_P1,654,G18,test,nominal,P1_heldout_pair,P1_heldout_pair,sc06,T0,20,50,c342,"['c210', 'c234', 'c342']",0.425
test_P1,654,G18,test,nominal,P1_heldout_pair,P1_heldout_pair,sc06,T0,62,155,c324,['c324'],1.0
test_P1,654,G18,test,nominal,P1_heldout_pair,P1_heldout_pair,sc06,T0,104,260,c102,"['c102', 'c234']",0.575
test_P1,654,G18,test,nominal,P1_heldout_pair,P1_heldout_pair,sc06,T0,147,367,c234,"['c234', 'c342']",0.75
test_P1,654,G18,test,nominal,P1_heldout_pair,P1_heldout_pair,sc06,T0,189,472,c222,['c222'],1.0
test_P1,654,G18,test,nominal,P1_heldout_pair,P1_heldout_pair,sc06,T0,231,577,c222,['c222'],1.0
test_P1,655,G18,test,nominal,P1_heldout_pair,P1_heldout_pair,sc07,T1,20,50,c120,"['c102', 'c120']",0.725
test_P1,655,G18,test,nominal,P1_heldout_pair,P1_heldout_pair,sc07,T1,62,155,c102,"['c102', 'c120', 'c210']",0.45
test_P1,655,G18,test,nominal,P1_heldout_pair,P1_heldout_pair,sc07,T1,104,260,c102,"['c102', 'c234']",0.725
test_P1,655,G18,test,nominal,P1_heldout_pair,P1_heldout_pair,sc07,T1,147,367,c234,"['c021', 'c234']",0.6
test_P1,655,G18,test,nominal,P1_heldout_pair,P1_heldout_pair,sc07,T1,189,472,c342,"['c222', 'c342']",0.55
test_P1,655,G18,test,nominal,P1_heldout_pair,P1_heldout_pair,sc07,T1,231,577,c222,['c222'],1.0
test_P1,664,G18,test,mid,P1_heldout_pair,P1_heldout_pair,sc04,T4,20,50,c201,"['c012', 'c021', 'c201']",0.425
test_P1,664,G18,test,mid,P1_heldout_pair,P1_heldout_pair,sc04,T4,62,155,c021,"['c012', 'c021', 'c324']",0.75
test_P1,664,G18,test,mid,P1_heldout_pair,P1_heldout_pair,sc04,T4,104,260,c324,"['c012', 'c120', 'c324']",0.6
test_P1,664,G18,test,mid,P1_heldout_pair,P1_heldout_pair,sc04,T4,147,367,c120,"['c021', 'c120']",0.6
test_P1,664,G18,test,mid,P1_heldout_pair,P1_heldout_pair,sc04,T4,189,472,c222,['c222'],1.0
test_P1,664,G18,test,mid,P1_heldout_pair,P1_heldout_pair,sc04,T4,231,577,c222,['c222'],1.0
test_P1,665,G18,test,mid,P1_heldout_pair,P1_heldout_pair,sc05,T5,20,50,c102,"['c012', 'c021', 'c102']",0.6
test_P1,665,G18,test,mid,P1_heldout_pair,P1_heldout_pair,sc05,T5,62,155,c021,"['c021', 'c342']",0.725
test_P1,665,G18,test,mid,P1_heldout_pair,P1_heldout_pair,sc05,T5,104,260,c201,"['c201', 'c210']",0.725
test_P1,665,G18,test,mid,P1_heldout_pair,P1_heldout_pair,sc05,T5,147,367,c210,"['c120', 'c201', 'c210']",0.45
test_P1,665,G18,test,mid,P1_heldout_pair,P1_heldout_pair,sc05,T5,189,472,c201,"['c201', 'c222']",0.9
test_P1,665,G18,test,mid,P1_heldout_pair,P1_heldout_pair,sc05,T5,231,577,c222,['c222'],1.0
test_P1,666,G18,test,mid,P1_heldout_pair,P1_heldout_pair,sc06,T0,20,50,c342,"['c210', 'c234', 'c342']",0.425
test_P1,666,G18,test,mid,P1_heldout_pair,P1_heldout_pair,sc06,T0,62,155,c324,['c324'],1.0
test_P1,666,G18,test,mid,P1_heldout_pair,P1_heldout_pair,sc06,T0,104,260,c102,"['c102', 'c234']",0.575
test_P1,666,G18,test,mid,P1_heldout_pair,P1_heldout_pair,sc06,T0,147,367,c234,"['c234', 'c342']",0.75
test_P1,666,G18,test,mid,P1_heldout_pair,P1_heldout_pair,sc06,T0,189,472,c222,['c222'],1.0
test_P1,666,G18,test,mid,P1_heldout_pair,P1_heldout_pair,sc06,T0,231,577,c222,['c222'],1.0
test_P1,667,G18,test,mid,P1_heldout_pair,P1_heldout_pair,sc07,T1,20,50,c120,"['c102', 'c120']",0.725
test_P1,667,G18,test,mid,P1_heldout_pair,P1_heldout_pair,sc07,T1,62,155,c102,"['c102', 'c120', 'c210']",0.45
test_P1,667,G18,test,mid,P1_heldout_pair,P1_heldout_pair,sc07,T1,104,260,c102,"['c102', 'c234']",0.725
test_P1,667,G18,test,mid,P1_heldout_pair,P1_heldout_pair,sc07,T1,147,367,c234,"['c021', 'c234']",0.6
test_P1,667,G18,test,mid,P1_heldout_pair,P1_heldout_pair,sc07,T1,189,472,c342,"['c222', 'c342']",0.55
test_P1,667,G18,test,mid,P1_heldout_pair,P1_heldout_pair,sc07,T1,231,577,c222,['c222'],1.0
test_P1,676,G18,test,low,P1_heldout_pair,P1_heldout_pair,sc04,T4,20,50,c201,"['c012', 'c021', 'c201']",0.425
test_P1,676,G18,test,low,P1_heldout_pair,P1_heldout_pair,sc04,T4,62,155,c021,"['c012', 'c021', 'c324']",0.75
test_P1,676,G18,test,low,P1_heldout_pair,P1_heldout_pair,sc04,T4,104,260,c324,"['c012', 'c120', 'c324']",0.6
test_P1,676,G18,test,low,P1_heldout_pair,P1_heldout_pair,sc04,T4,147,367,c120,"['c021', 'c120']",0.6
test_P1,676,G18,test,low,P1_heldout_pair,P1_heldout_pair,sc04,T4,189,472,c222,['c222'],1.0
test_P1,676,G18,test,low,P1_heldout_pair,P1_heldout_pair,sc04,T4,231,577,c222,['c222'],1.0
test_P1,677,G18,test,low,P1_heldout_pair,P1_heldout_pair,sc05,T5,20,50,c102,"['c012', 'c021', 'c102']",0.6
test_P1,677,G18,test,low,P1_heldout_pair,P1_heldout_pair,sc05,T5,62,155,c021,"['c021', 'c342']",0.725
test_P1,677,G18,test,low,P1_heldout_pair,P1_heldout_pair,sc05,T5,104,260,c201,"['c201', 'c210']",0.725
test_P1,677,G18,test,low,P1_heldout_pair,P1_heldout_pair,sc05,T5,147,367,c210,"['c120', 'c201', 'c210']",0.45
test_P1,677,G18,test,low,P1_heldout_pair,P1_heldout_pair,sc05,T5,189,472,c201,"['c201', 'c222']",0.9
test_P1,677,G18,test,low,P1_heldout_pair,P1_heldout_pair,sc05,T5,231,577,c222,['c222'],1.0
test_P1,678,G18,test,low,P1_heldout_pair,P1_heldout_pair,sc06,T0,20,50,c342,"['c210', 'c234', 'c342']",0.425
test_P1,678,G18,test,low,P1_heldout_pair,P1_heldout_pair,sc06,T0,62,155,c324,['c324'],1.0
test_P1,678,G18,test,low,P1_heldout_pair,P1_heldout_pair,sc06,T0,104,260,c102,"['c102', 'c234']",0.575
test_P1,678,G18,test,low,P1_heldout_pair,P1_heldout_pair,sc06,T0,147,367,c234,"['c234', 'c342']",0.75
test_P1,678,G18,test,low,P1_heldout_pair,P1_heldout_pair,sc06,T0,189,472,c222,['c222'],1.0
test_P1,678,G18,test,low,P1_heldout_pair,P1_heldout_pair,sc06,T0,231,577,c222,['c222'],1.0
test_P1,679,G18,test,low,P1_heldout_pair,P1_heldout_pair,sc07,T1,20,50,c120,"['c102', 'c120']",0.725
test_P1,679,G18,test,low,P1_heldout_pair,P1_heldout_pair,sc07,T1,62,155,c102,"['c102', 'c120', 'c210']",0.45
test_P1,679,G18,test,low,P1_heldout_pair,P1_heldout_pair,sc07,T1,104,260,c102,"['c102', 'c234']",0.725
test_P1,679,G18,test,low,P1_heldout_pair,P1_heldout_pair,sc07,T1,147,367,c234,"['c021', 'c234']",0.6
test_P1,679,G18,test,low,P1_heldout_pair,P1_heldout_pair,sc07,T1,189,472,c342,"['c222', 'c342']",0.55
test_P1,679,G18,test,low,P1_heldout_pair,P1_heldout_pair,sc07,T1,231,577,c222,['c222'],1.0
test_P1,688,G19,test,nominal,P1_heldout_pair,P1_heldout_pair,sc04,T4,20,50,c021,"['c021', 'c201']",0.725
test_P1,688,G19,test,nominal,P1_heldout_pair,P1_heldout_pair,sc04,T4,62,155,c201,"['c120', 'c201', 'c342']",0.75
test_P1,688,G19,test,nominal,P1_heldout_pair,P1_heldout_pair,sc04,T4,104,260,c120,"['c012', 'c120']",0.6
test_P1,688,G19,test,nominal,P1_heldout_pair,P1_heldout_pair,sc04,T4,147,367,c120,"['c120', 'c201']",0.6
test_P1,688,G19,test,nominal,P1_heldout_pair,P1_heldout_pair,sc04,T4,189,472,c222,['c222'],1.0
test_P1,688,G19,test,nominal,P1_heldout_pair,P1_heldout_pair,sc04,T4,231,577,c222,['c222'],1.0
test_P1,689,G19,test,nominal,P1_heldout_pair,P1_heldout_pair,sc05,T5,20,50,c021,"['c021', 'c201', 'c210']",0.6
test_P1,689,G19,test,nominal,P1_heldout_pair,P1_heldout_pair,sc05,T5,62,155,c210,"['c210', 'c324']",0.725
test_P1,689,G19,test,nominal,P1_heldout_pair,P1_heldout_pair,sc05,T5,104,260,c102,"['c102', 'c234']",0.725
test_P1,689,G19,test,nominal,P1_heldout_pair,P1_heldout_pair,sc05,T5,147,367,c234,"['c234', 'c324']",0.7
test_P1,689,G19,test,nominal,P1_heldout_pair,P1_heldout_pair,sc05,T5,189,472,c234,"['c222', 'c234']",0.9
test_P1,689,G19,test,nominal,P1_heldout_pair,P1_heldout_pair,sc05,T5,231,577,c222,['c222'],1.0
test_P1,690,G19,test,nominal,P1_heldout_pair,P1_heldout_pair,sc06,T0,20,50,c234,"['c012', 'c120', 'c234']",0.425
test_P1,690,G19,test,nominal,P1_heldout_pair,P1_heldout_pair,sc06,T0,62,155,c012,"['c012', 'c021']",0.575
test_P1,690,G19,test,nominal,P1_heldout_pair,P1_heldout_pair,sc06,T0,104,260,c102,"['c102', 'c210']",0.575
test_P1,690,G19,test,nominal,P1_heldout_pair,P1_heldout_pair,sc06,T0,147,367,c210,"['c102', 'c210']",0.75
test_P1,690,G19,test,nominal,P1_heldout_pair,P1_heldout_pair,sc06,T0,189,472,c222,['c222'],1.0
test_P1,690,G19,test,nominal,P1_heldout_pair,P1_heldout_pair,sc06,T0,231,577,c222,['c222'],1.0
test_P1,691,G19,test,nominal,P1_heldout_pair,P1_heldout_pair,sc07,T1,20,50,c342,"['c210', 'c342']",0.725
test_P1,691,G19,test,nominal,P1_heldout_pair,P1_heldout_pair,sc07,T1,62,155,c210,"['c120', 'c210', 'c342']",0.45
test_P1,691,G19,test,nominal,P1_heldout_pair,P1_heldout_pair,sc07,T1,104,260,c102,"['c102', 'c324']",0.725
test_P1,691,G19,test,nominal,P1_heldout_pair,P1_heldout_pair,sc07,T1,147,367,c324,"['c324', 'c342']",0.6
test_P1,691,G19,test,nominal,P1_heldout_pair,P1_heldout_pair,sc07,T1,189,472,c012,"['c012', 'c222']",0.55
test_P1,691,G19,test,nominal,P1_heldout_pair,P1_heldout_pair,sc07,T1,231,577,c222,['c222'],1.0
test_P1,700,G19,test,mid,P1_heldout_pair,P1_heldout_pair,sc04,T4,20,50,c021,"['c021', 'c201']",0.725
test_P1,700,G19,test,mid,P1_heldout_pair,P1_heldout_pair,sc04,T4,62,155,c201,"['c120', 'c201', 'c342']",0.75
test_P1,700,G19,test,mid,P1_heldout_pair,P1_heldout_pair,sc04,T4,104,260,c120,"['c012', 'c120']",0.6
test_P1,700,G19,test,mid,P1_heldout_pair,P1_heldout_pair,sc04,T4,147,367,c120,"['c120', 'c201']",0.6
test_P1,700,G19,test,mid,P1_heldout_pair,P1_heldout_pair,sc04,T4,189,472,c222,['c222'],1.0
test_P1,700,G19,test,mid,P1_heldout_pair,P1_heldout_pair,sc04,T4,231,577,c222,['c222'],1.0
test_P1,701,G19,test,mid,P1_heldout_pair,P1_heldout_pair,sc05,T5,20,50,c021,"['c021', 'c201', 'c210']",0.6
test_P1,701,G19,test,mid,P1_heldout_pair,P1_heldout_pair,sc05,T5,62,155,c210,"['c210', 'c324']",0.725
test_P1,701,G19,test,mid,P1_heldout_pair,P1_heldout_pair,sc05,T5,104,260,c102,"['c102', 'c234']",0.725
test_P1,701,G19,test,mid,P1_heldout_pair,P1_heldout_pair,sc05,T5,147,367,c234,"['c234', 'c324']",0.7
test_P1,701,G19,test,mid,P1_heldout_pair,P1_heldout_pair,sc05,T5,189,472,c234,"['c222', 'c234']",0.9
test_P1,701,G19,test,mid,P1_heldout_pair,P1_heldout_pair,sc05,T5,231,577,c222,['c222'],1.0
test_P1,702,G19,test,mid,P1_heldout_pair,P1_heldout_pair,sc06,T0,20,50,c234,"['c012', 'c120', 'c234']",0.425
test_P1,702,G19,test,mid,P1_heldout_pair,P1_heldout_pair,sc06,T0,62,155,c012,"['c012', 'c021']",0.575
test_P1,702,G19,test,mid,P1_heldout_pair,P1_heldout_pair,sc06,T0,104,260,c102,"['c102', 'c210']",0.575
test_P1,702,G19,test,mid,P1_heldout_pair,P1_heldout_pair,sc06,T0,147,367,c210,"['c102', 'c210']",0.75
test_P1,702,G19,test,mid,P1_heldout_pair,P1_heldout_pair,sc06,T0,189,472,c222,['c222'],1.0
test_P1,702,G19,test,mid,P1_heldout_pair,P1_heldout_pair,sc06,T0,231,577,c222,['c222'],1.0
test_P1,703,G19,test,mid,P1_heldout_pair,P1_heldout_pair,sc07,T1,20,50,c342,"['c210', 'c342']",0.725
test_P1,703,G19,test,mid,P1_heldout_pair,P1_heldout_pair,sc07,T1,62,155,c210,"['c120', 'c210', 'c342']",0.45
test_P1,703,G19,test,mid,P1_heldout_pair,P1_heldout_pair,sc07,T1,104,260,c102,"['c102', 'c324']",0.725
test_P1,703,G19,test,mid,P1_heldout_pair,P1_heldout_pair,sc07,T1,147,367,c324,"['c324', 'c342']",0.6
test_P1,703,G19,test,mid,P1_heldout_pair,P1_heldout_pair,sc07,T1,189,472,c012,"['c012', 'c222']",0.55
test_P1,703,G19,test,mid,P1_heldout_pair,P1_heldout_pair,sc07,T1,231,577,c222,['c222'],1.0
test_P1,712,G19,test,low,P1_heldout_pair,P1_heldout_pair,sc04,T4,20,50,c021,"['c021', 'c201']",0.725
test_P1,712,G19,test,low,P1_heldout_pair,P1_heldout_pair,sc04,T4,62,155,c201,"['c120', 'c201', 'c342']",0.75
test_P1,712,G19,test,low,P1_heldout_pair,P1_heldout_pair,sc04,T4,104,260,c120,"['c012', 'c120']",0.6
test_P1,712,G19,test,low,P1_heldout_pair,P1_heldout_pair,sc04,T4,147,367,c120,"['c120', 'c201']",0.6
test_P1,712,G19,test,low,P1_heldout_pair,P1_heldout_pair,sc04,T4,189,472,c222,['c222'],1.0
test_P1,712,G19,test,low,P1_heldout_pair,P1_heldout_pair,sc04,T4,231,577,c222,['c222'],1.0
test_P1,713,G19,test,low,P1_heldout_pair,P1_heldout_pair,sc05,T5,20,50,c021,"['c021', 'c201', 'c210']",0.6
test_P1,713,G19,test,low,P1_heldout_pair,P1_heldout_pair,sc05,T5,62,155,c210,"['c210', 'c324']",0.725
test_P1,713,G19,test,low,P1_heldout_pair,P1_heldout_pair,sc05,T5,104,260,c102,"['c102', 'c234']",0.725
test_P1,713,G19,test,low,P1_heldout_pair,P1_heldout_pair,sc05,T5,147,367,c234,"['c234', 'c324']",0.7
test_P1,713,G19,test,low,P1_heldout_pair,P1_heldout_pair,sc05,T5,189,472,c234,"['c222', 'c234']",0.9
test_P1,713,G19,test,low,P1_heldout_pair,P1_heldout_pair,sc05,T5,231,577,c222,['c222'],1.0
test_P1,714,G19,test,low,P1_heldout_pair,P1_heldout_pair,sc06,T0,20,50,c234,"['c012', 'c120', 'c234']",0.425
test_P1,714,G19,test,low,P1_heldout_pair,P1_heldout_pair,sc06,T0,62,155,c012,"['c012', 'c021']",0.575
test_P1,714,G19,test,low,P1_heldout_pair,P1_heldout_pair,sc06,T0,104,260,c102,"['c102', 'c210']",0.575
test_P1,714,G19,test,low,P1_heldout_pair,P1_heldout_pair,sc06,T0,147,367,c210,"['c102', 'c210']",0.75
test_P1,714,G19,test,low,P1_heldout_pair,P1_heldout_pair,sc06,T0,189,472,c222,['c222'],1.0
test_P1,714,G19,test,low,P1_heldout_pair,P1_heldout_pair,sc06,T0,231,577,c222,['c222'],1.0
test_P1,715,G19,test,low,P1_heldout_pair,P1_heldout_pair,sc07,T1,20,50,c342,"['c210', 'c342']",0.725
test_P1,715,G19,test,low,P1_heldout_pair,P1_heldout_pair,sc07,T1,62,155,c210,"['c120', 'c210', 'c342']",0.45
test_P1,715,G19,test,low,P1_heldout_pair,P1_heldout_pair,sc07,T1,104,260,c102,"['c102', 'c324']",0.725
test_P1,715,G19,test,low,P1_heldout_pair,P1_heldout_pair,sc07,T1,147,367,c324,"['c324', 'c342']",0.6
test_P1,715,G19,test,low,P1_heldout_pair,P1_heldout_pair,sc07,T1,189,472,c012,"['c012', 'c222']",0.55
test_P1,715,G19,test,low,P1_heldout_pair,P1_heldout_pair,sc07,T1,231,577,c222,['c222'],1.0
test_P1,724,G20,test,nominal,P1_heldout_pair,P1_heldout_pair,sc04,T4,20,50,c021,"['c021', 'c120', 'c234']",0.425
test_P1,724,G20,test,nominal,P1_heldout_pair,P1_heldout_pair,sc04,T4,62,155,c234,"['c120', 'c234', 'c342']",0.75
test_P1,724,G20,test,nominal,P1_heldout_pair,P1_heldout_pair,sc04,T4,104,260,c120,"['c120', 'c201', 'c342']",0.6
test_P1,724,G20,test,nominal,P1_heldout_pair,P1_heldout_pair,sc04,T4,147,367,c342,"['c210', 'c342']",0.6
test_P1,724,G20,test,nominal,P1_heldout_pair,P1_heldout_pair,sc04,T4,189,472,c222,['c222'],1.0
test_P1,724,G20,test,nominal,P1_heldout_pair,P1_heldout_pair,sc04,T4,231,577,c222,['c222'],1.0
test_P1,725,G20,test,nominal,P1_heldout_pair,P1_heldout_pair,sc05,T5,20,50,c210,"['c210', 'c324', 'c342']",0.6
test_P1,725,G20,test,nominal,P1_heldout_pair,P1_heldout_pair,sc05,T5,62,155,c342,"['c102', 'c342']",0.725
test_P1,725,G20,test,nominal,P1_heldout_pair,P1_heldout_pair,sc05,T5,104,260,c201,"['c021', 'c201']",0.725
test_P1,725,G20,test,nominal,P1_heldout_pair,P1_heldout_pair,sc05,T5,147,367,c021,"['c012', 'c021', 'c120']",0.45
test_P1,725,G20,test,nominal,P1_heldout_pair,P1_heldout_pair,sc05,T5,189,472,c120,"['c120', 'c222']",0.9
test_P1,725,G20,test,nominal,P1_heldout_pair,P1_heldout_pair,sc05,T5,231,577,c222,['c222'],1.0
test_P1,726,G20,test,nominal,P1_heldout_pair,P1_heldout_pair,sc06,T0,20,50,c342,"['c012', 'c102', 'c342']",0.425
test_P1,726,G20,test,nominal,P1_heldout_pair,P1_heldout_pair,sc06,T0,62,155,c210,"['c210', 'c234']",0.575
test_P1,726,G20,test,nominal,P1_heldout_pair,P1_heldout_pair,sc06,T0,104,260,c201,"['c201', 'c324']",0.575
test_P1,726,G20,test,nominal,P1_heldout_pair,P1_heldout_pair,sc06,T0,147,367,c324,"['c120', 'c324']",0.75
test_P1,726,G20,test,nominal,P1_heldout_pair,P1_heldout_pair,sc06,T0,189,472,c222,['c222'],1.0
test_P1,726,G20,test,nominal,P1_heldout_pair,P1_heldout_pair,sc06,T0,231,577,c222,['c222'],1.0
test_P1,727,G20,test,nominal,P1_heldout_pair,P1_heldout_pair,sc07,T1,20,50,c102,"['c021', 'c102']",0.725
test_P1,727,G20,test,nominal,P1_heldout_pair,P1_heldout_pair,sc07,T1,62,155,c021,"['c012', 'c021', 'c102']",0.45
test_P1,727,G20,test,nominal,P1_heldout_pair,P1_heldout_pair,sc07,T1,104,260,c012,"['c012', 'c021']",0.725
test_P1,727,G20,test,nominal,P1_heldout_pair,P1_heldout_pair,sc07,T1,147,367,c021,"['c021', 'c324']",0.6
test_P1,727,G20,test,nominal,P1_heldout_pair,P1_heldout_pair,sc07,T1,189,472,c234,"['c222', 'c234']",0.55
test_P1,727,G20,test,nominal,P1_heldout_pair,P1_heldout_pair,sc07,T1,231,577,c222,['c222'],1.0
test_P1,736,G20,test,mid,P1_heldout_pair,P1_heldout_pair,sc04,T4,20,50,c021,"['c021', 'c120', 'c234']",0.425
test_P1,736,G20,test,mid,P1_heldout_pair,P1_heldout_pair,sc04,T4,62,155,c234,"['c120', 'c234', 'c342']",0.75
test_P1,736,G20,test,mid,P1_heldout_pair,P1_heldout_pair,sc04,T4,104,260,c120,"['c120', 'c201', 'c342']",0.6
test_P1,736,G20,test,mid,P1_heldout_pair,P1_heldout_pair,sc04,T4,147,367,c342,"['c210', 'c342']",0.6
test_P1,736,G20,test,mid,P1_heldout_pair,P1_heldout_pair,sc04,T4,189,472,c222,['c222'],1.0
test_P1,736,G20,test,mid,P1_heldout_pair,P1_heldout_pair,sc04,T4,231,577,c222,['c222'],1.0
test_P1,737,G20,test,mid,P1_heldout_pair,P1_heldout_pair,sc05,T5,20,50,c210,"['c210', 'c324', 'c342']",0.6
test_P1,737,G20,test,mid,P1_heldout_pair,P1_heldout_pair,sc05,T5,62,155,c342,"['c102', 'c342']",0.725
test_P1,737,G20,test,mid,P1_heldout_pair,P1_heldout_pair,sc05,T5,104,260,c201,"['c021', 'c201']",0.725
test_P1,737,G20,test,mid,P1_heldout_pair,P1_heldout_pair,sc05,T5,147,367,c021,"['c012', 'c021', 'c120']",0.45
test_P1,737,G20,test,mid,P1_heldout_pair,P1_heldout_pair,sc05,T5,189,472,c120,"['c120', 'c222']",0.9
test_P1,737,G20,test,mid,P1_heldout_pair,P1_heldout_pair,sc05,T5,231,577,c222,['c222'],1.0
test_P1,738,G20,test,mid,P1_heldout_pair,P1_heldout_pair,sc06,T0,20,50,c342,"['c012', 'c102', 'c342']",0.425
test_P1,738,G20,test,mid,P1_heldout_pair,P1_heldout_pair,sc06,T0,62,155,c210,"['c210', 'c234']",0.575
test_P1,738,G20,test,mid,P1_heldout_pair,P1_heldout_pair,sc06,T0,104,260,c201,"['c201', 'c324']",0.575
test_P1,738,G20,test,mid,P1_heldout_pair,P1_heldout_pair,sc06,T0,147,367,c324,"['c120', 'c324']",0.75
test_P1,738,G20,test,mid,P1_heldout_pair,P1_heldout_pair,sc06,T0,189,472,c222,['c222'],1.0
test_P1,738,G20,test,mid,P1_heldout_pair,P1_heldout_pair,sc06,T0,231,577,c222,['c222'],1.0
test_P1,739,G20,test,mid,P1_heldout_pair,P1_heldout_pair,sc07,T1,20,50,c102,"['c021', 'c102']",0.725
test_P1,739,G20,test,mid,P1_heldout_pair,P1_heldout_pair,sc07,T1,62,155,c021,"['c012', 'c021', 'c102']",0.45
test_P1,739,G20,test,mid,P1_heldout_pair,P1_heldout_pair,sc07,T1,104,260,c012,"['c012', 'c021']",0.725
test_P1,739,G20,test,mid,P1_heldout_pair,P1_heldout_pair,sc07,T1,147,367,c021,"['c021', 'c324']",0.6
test_P1,739,G20,test,mid,P1_heldout_pair,P1_heldout_pair,sc07,T1,189,472,c234,"['c222', 'c234']",0.55
test_P1,739,G20,test,mid,P1_heldout_pair,P1_heldout_pair,sc07,T1,231,577,c222,['c222'],1.0
test_P1,748,G20,test,low,P1_heldout_pair,P1_heldout_pair,sc04,T4,20,50,c021,"['c021', 'c120', 'c234']",0.425
test_P1,748,G20,test,low,P1_heldout_pair,P1_heldout_pair,sc04,T4,62,155,c234,"['c120', 'c234', 'c342']",0.75
test_P1,748,G20,test,low,P1_heldout_pair,P1_heldout_pair,sc04,T4,104,260,c120,"['c120', 'c201', 'c342']",0.6
test_P1,748,G20,test,low,P1_heldout_pair,P1_heldout_pair,sc04,T4,147,367,c342,"['c210', 'c342']",0.6
test_P1,748,G20,test,low,P1_heldout_pair,P1_heldout_pair,sc04,T4,189,472,c222,['c222'],1.0
test_P1,748,G20,test,low,P1_heldout_pair,P1_heldout_pair,sc04,T4,231,577,c222,['c222'],1.0
test_P1,749,G20,test,low,P1_heldout_pair,P1_heldout_pair,sc05,T5,20,50,c210,"['c210', 'c324', 'c342']",0.6
test_P1,749,G20,test,low,P1_heldout_pair,P1_heldout_pair,sc05,T5,62,155,c342,"['c102', 'c342']",0.725
test_P1,749,G20,test,low,P1_heldout_pair,P1_heldout_pair,sc05,T5,104,260,c201,"['c021', 'c201']",0.725
test_P1,749,G20,test,low,P1_heldout_pair,P1_heldout_pair,sc05,T5,147,367,c021,"['c012', 'c021', 'c120']",0.45
test_P1,749,G20,test,low,P1_heldout_pair,P1_heldout_pair,sc05,T5,189,472,c120,"['c120', 'c222']",0.9
test_P1,749,G20,test,low,P1_heldout_pair,P1_heldout_pair,sc05,T5,231,577,c222,['c222'],1.0
test_P1,750,G20,test,low,P1_heldout_pair,P1_heldout_pair,sc06,T0,20,50,c342,"['c012', 'c102', 'c342']",0.425
test_P1,750,G20,test,low,P1_heldout_pair,P1_heldout_pair,sc06,T0,62,155,c210,"['c210', 'c234']",0.575
test_P1,750,G20,test,low,P1_heldout_pair,P1_heldout_pair,sc06,T0,104,260,c201,"['c201', 'c324']",0.575
test_P1,750,G20,test,low,P1_heldout_pair,P1_heldout_pair,sc06,T0,147,367,c324,"['c120', 'c324']",0.75
test_P1,750,G20,test,low,P1_heldout_pair,P1_heldout_pair,sc06,T0,189,472,c222,['c222'],1.0
test_P1,750,G20,test,low,P1_heldout_pair,P1_heldout_pair,sc06,T0,231,577,c222,['c222'],1.0
test_P1,751,G20,test,low,P1_heldout_pair,P1_heldout_pair,sc07,T1,20,50,c102,"['c021', 'c102']",0.725
test_P1,751,G20,test,low,P1_heldout_pair,P1_heldout_pair,sc07,T1,62,155,c021,"['c012', 'c021', 'c102']",0.45
test_P1,751,G20,test,low,P1_heldout_pair,P1_heldout_pair,sc07,T1,104,260,c012,"['c012', 'c021']",0.725
test_P1,751,G20,test,low,P1_heldout_pair,P1_heldout_pair,sc07,T1,147,367,c021,"['c021', 'c324']",0.6
test_P1,751,G20,test,low,P1_heldout_pair,P1_heldout_pair,sc07,T1,189,472,c234,"['c222', 'c234']",0.55
test_P1,751,G20,test,low,P1_heldout_pair,P1_heldout_pair,sc07,T1,231,577,c222,['c222'],1.0
test_P1,760,G21,test,nominal,P1_heldout_pair,P1_heldout_pair,sc04,T4,20,50,c324,"['c324', 'c342']",0.725
test_P1,760,G21,test,nominal,P1_heldout_pair,P1_heldout_pair,sc04,T4,62,155,c342,"['c120', 'c210', 'c342']",0.75
test_P1,760,G21,test,nominal,P1_heldout_pair,P1_heldout_pair,sc04,T4,104,260,c120,"['c012', 'c102', 'c120']",0.6
test_P1,760,G21,test,nominal,P1_heldout_pair,P1_heldout_pair,sc04,T4,147,367,c102,['c102'],1.0
test_P1,760,G21,test,nominal,P1_heldout_pair,P1_heldout_pair,sc04,T4,189,472,c222,['c222'],1.0
test_P1,760,G21,test,nominal,P1_heldout_pair,P1_heldout_pair,sc04,T4,231,577,c222,['c222'],1.0
test_P1,761,G21,test,nominal,P1_heldout_pair,P1_heldout_pair,sc05,T5,20,50,c342,"['c102', 'c201', 'c342']",0.6
test_P1,761,G21,test,nominal,P1_heldout_pair,P1_heldout_pair,sc05,T5,62,155,c102,"['c102', 'c234']",0.725
test_P1,761,G21,test,nominal,P1_heldout_pair,P1_heldout_pair,sc05,T5,104,260,c120,"['c012', 'c120']",0.725
test_P1,761,G21,test,nominal,P1_heldout_pair,P1_heldout_pair,sc05,T5,147,367,c012,"['c012', 'c021', 'c120']",0.45
test_P1,761,G21,test,nominal,P1_heldout_pair,P1_heldout_pair,sc05,T5,189,472,c120,"['c120', 'c222']",0.9
test_P1,761,G21,test,nominal,P1_heldout_pair,P1_heldout_pair,sc05,T5,231,577,c222,['c222'],1.0
test_P1,762,G21,test,nominal,P1_heldout_pair,P1_heldout_pair,sc06,T0,20,50,c324,"['c021', 'c324', 'c342']",0.425
test_P1,762,G21,test,nominal,P1_heldout_pair,P1_heldout_pair,sc06,T0,62,155,c021,"['c012', 'c021']",0.575
test_P1,762,G21,test,nominal,P1_heldout_pair,P1_heldout_pair,sc06,T0,104,260,c234,"['c201', 'c234']",0.575
test_P1,762,G21,test,nominal,P1_heldout_pair,P1_heldout_pair,sc06,T0,147,367,c201,"['c102', 'c201']",0.75
test_P1,762,G21,test,nominal,P1_heldout_pair,P1_heldout_pair,sc06,T0,189,472,c222,['c222'],1.0
test_P1,762,G21,test,nominal,P1_heldout_pair,P1_heldout_pair,sc06,T0,231,577,c222,['c222'],1.0
test_P1,763,G21,test,nominal,P1_heldout_pair,P1_heldout_pair,sc07,T1,20,50,c012,"['c012', 'c120']",0.725
test_P1,763,G21,test,nominal,P1_heldout_pair,P1_heldout_pair,sc07,T1,62,155,c120,"['c120', 'c210', 'c234']",0.45
test_P1,763,G21,test,nominal,P1_heldout_pair,P1_heldout_pair,sc07,T1,104,260,c201,"['c201', 'c342']",0.725
test_P1,763,G21,test,nominal,P1_heldout_pair,P1_heldout_pair,sc07,T1,147,367,c342,"['c210', 'c342']",0.6
test_P1,763,G21,test,nominal,P1_heldout_pair,P1_heldout_pair,sc07,T1,189,472,c021,"['c021', 'c222']",0.55
test_P1,763,G21,test,nominal,P1_heldout_pair,P1_heldout_pair,sc07,T1,231,577,c222,['c222'],1.0
test_P1,772,G21,test,mid,P1_heldout_pair,P1_heldout_pair,sc04,T4,20,50,c324,"['c324', 'c342']",0.725
test_P1,772,G21,test,mid,P1_heldout_pair,P1_heldout_pair,sc04,T4,62,155,c342,"['c120', 'c210', 'c342']",0.75
test_P1,772,G21,test,mid,P1_heldout_pair,P1_heldout_pair,sc04,T4,104,260,c120,"['c012', 'c102', 'c120']",0.6
test_P1,772,G21,test,mid,P1_heldout_pair,P1_heldout_pair,sc04,T4,147,367,c102,['c102'],1.0
test_P1,772,G21,test,mid,P1_heldout_pair,P1_heldout_pair,sc04,T4,189,472,c222,['c222'],1.0
test_P1,772,G21,test,mid,P1_heldout_pair,P1_heldout_pair,sc04,T4,231,577,c222,['c222'],1.0
test_P1,773,G21,test,mid,P1_heldout_pair,P1_heldout_pair,sc05,T5,20,50,c342,"['c102', 'c201', 'c342']",0.6
test_P1,773,G21,test,mid,P1_heldout_pair,P1_heldout_pair,sc05,T5,62,155,c102,"['c102', 'c234']",0.725
test_P1,773,G21,test,mid,P1_heldout_pair,P1_heldout_pair,sc05,T5,104,260,c120,"['c012', 'c120']",0.725
test_P1,773,G21,test,mid,P1_heldout_pair,P1_heldout_pair,sc05,T5,147,367,c012,"['c012', 'c021', 'c120']",0.45
test_P1,773,G21,test,mid,P1_heldout_pair,P1_heldout_pair,sc05,T5,189,472,c120,"['c120', 'c222']",0.9
test_P1,773,G21,test,mid,P1_heldout_pair,P1_heldout_pair,sc05,T5,231,577,c222,['c222'],1.0
test_P1,774,G21,test,mid,P1_heldout_pair,P1_heldout_pair,sc06,T0,20,50,c324,"['c021', 'c324', 'c342']",0.425
test_P1,774,G21,test,mid,P1_heldout_pair,P1_heldout_pair,sc06,T0,62,155,c021,"['c012', 'c021']",0.575
test_P1,774,G21,test,mid,P1_heldout_pair,P1_heldout_pair,sc06,T0,104,260,c234,"['c201', 'c234']",0.575
test_P1,774,G21,test,mid,P1_heldout_pair,P1_heldout_pair,sc06,T0,147,367,c201,"['c102', 'c201']",0.75
test_P1,774,G21,test,mid,P1_heldout_pair,P1_heldout_pair,sc06,T0,189,472,c222,['c222'],1.0
test_P1,774,G21,test,mid,P1_heldout_pair,P1_heldout_pair,sc06,T0,231,577,c222,['c222'],1.0
test_P1,775,G21,test,mid,P1_heldout_pair,P1_heldout_pair,sc07,T1,20,50,c012,"['c012', 'c120']",0.725
test_P1,775,G21,test,mid,P1_heldout_pair,P1_heldout_pair,sc07,T1,62,155,c120,"['c120', 'c210', 'c234']",0.45
test_P1,775,G21,test,mid,P1_heldout_pair,P1_heldout_pair,sc07,T1,104,260,c201,"['c201', 'c342']",0.725
test_P1,775,G21,test,mid,P1_heldout_pair,P1_heldout_pair,sc07,T1,147,367,c342,"['c210', 'c342']",0.6
test_P1,775,G21,test,mid,P1_heldout_pair,P1_heldout_pair,sc07,T1,189,472,c021,"['c021', 'c222']",0.55
test_P1,775,G21,test,mid,P1_heldout_pair,P1_heldout_pair,sc07,T1,231,577,c222,['c222'],1.0
test_P1,784,G21,test,low,P1_heldout_pair,P1_heldout_pair,sc04,T4,20,50,c324,"['c324', 'c342']",0.725
test_P1,784,G21,test,low,P1_heldout_pair,P1_heldout_pair,sc04,T4,62,155,c342,"['c120', 'c210', 'c342']",0.75
test_P1,784,G21,test,low,P1_heldout_pair,P1_heldout_pair,sc04,T4,104,260,c120,"['c012', 'c102', 'c120']",0.6
test_P1,784,G21,test,low,P1_heldout_pair,P1_heldout_pair,sc04,T4,147,367,c102,['c102'],1.0
test_P1,784,G21,test,low,P1_heldout_pair,P1_heldout_pair,sc04,T4,189,472,c222,['c222'],1.0
test_P1,784,G21,test,low,P1_heldout_pair,P1_heldout_pair,sc04,T4,231,577,c222,['c222'],1.0
test_P1,785,G21,test,low,P1_heldout_pair,P1_heldout_pair,sc05,T5,20,50,c342,"['c102', 'c201', 'c342']",0.6
test_P1,785,G21,test,low,P1_heldout_pair,P1_heldout_pair,sc05,T5,62,155,c102,"['c102', 'c234']",0.725
test_P1,785,G21,test,low,P1_heldout_pair,P1_heldout_pair,sc05,T5,104,260,c120,"['c012', 'c120']",0.725
test_P1,785,G21,test,low,P1_heldout_pair,P1_heldout_pair,sc05,T5,147,367,c012,"['c012', 'c021', 'c120']",0.45
test_P1,785,G21,test,low,P1_heldout_pair,P1_heldout_pair,sc05,T5,189,472,c120,"['c120', 'c222']",0.9
test_P1,785,G21,test,low,P1_heldout_pair,P1_heldout_pair,sc05,T5,231,577,c222,['c222'],1.0
test_P1,786,G21,test,low,P1_heldout_pair,P1_heldout_pair,sc06,T0,20,50,c324,"['c021', 'c324', 'c342']",0.425
test_P1,786,G21,test,low,P1_heldout_pair,P1_heldout_pair,sc06,T0,62,155,c021,"['c012', 'c021']",0.575
test_P1,786,G21,test,low,P1_heldout_pair,P1_heldout_pair,sc06,T0,104,260,c234,"['c201', 'c234']",0.575
test_P1,786,G21,test,low,P1_heldout_pair,P1_heldout_pair,sc06,T0,147,367,c201,"['c102', 'c201']",0.75
test_P1,786,G21,test,low,P1_heldout_pair,P1_heldout_pair,sc06,T0,189,472,c222,['c222'],1.0
test_P1,786,G21,test,low,P1_heldout_pair,P1_heldout_pair,sc06,T0,231,577,c222,['c222'],1.0
test_P1,787,G21,test,low,P1_heldout_pair,P1_heldout_pair,sc07,T1,20,50,c012,"['c012', 'c120']",0.725
test_P1,787,G21,test,low,P1_heldout_pair,P1_heldout_pair,sc07,T1,62,155,c120,"['c120', 'c210', 'c234']",0.45
test_P1,787,G21,test,low,P1_heldout_pair,P1_heldout_pair,sc07,T1,104,260,c201,"['c201', 'c342']",0.725
test_P1,787,G21,test,low,P1_heldout_pair,P1_heldout_pair,sc07,T1,147,367,c342,"['c210', 'c342']",0.6
test_P1,787,G21,test,low,P1_heldout_pair,P1_heldout_pair,sc07,T1,189,472,c021,"['c021', 'c222']",0.55
test_P1,787,G21,test,low,P1_heldout_pair,P1_heldout_pair,sc07,T1,231,577,c222,['c222'],1.0
test_P1,796,G22,test,nominal,P1_heldout_pair,P1_heldout_pair,sc04,T4,20,50,c120,"['c120', 'c234']",0.725
test_P1,796,G22,test,nominal,P1_heldout_pair,P1_heldout_pair,sc04,T4,62,155,c234,"['c201', 'c234']",0.75
test_P1,796,G22,test,nominal,P1_heldout_pair,P1_heldout_pair,sc04,T4,104,260,c234,"['c021', 'c120', 'c234']",0.6
test_P1,796,G22,test,nominal,P1_heldout_pair,P1_heldout_pair,sc04,T4,147,367,c021,"['c021', 'c342']",0.6
test_P1,796,G22,test,nominal,P1_heldout_pair,P1_heldout_pair,sc04,T4,189,472,c222,['c222'],1.0
test_P1,796,G22,test,nominal,P1_heldout_pair,P1_heldout_pair,sc04,T4,231,577,c222,['c222'],1.0
test_P1,797,G22,test,nominal,P1_heldout_pair,P1_heldout_pair,sc05,T5,20,50,c324,"['c021', 'c324', 'c342']",0.6
test_P1,797,G22,test,nominal,P1_heldout_pair,P1_heldout_pair,sc05,T5,62,155,c342,"['c021', 'c342']",0.725
test_P1,797,G22,test,nominal,P1_heldout_pair,P1_heldout_pair,sc05,T5,104,260,c234,"['c234', 'c342']",0.725
test_P1,797,G22,test,nominal,P1_heldout_pair,P1_heldout_pair,sc05,T5,147,367,c342,"['c012', 'c021', 'c342']",0.45
test_P1,797,G22,test,nominal,P1_heldout_pair,P1_heldout_pair,sc05,T5,189,472,c012,"['c012', 'c222']",0.9
test_P1,797,G22,test,nominal,P1_heldout_pair,P1_heldout_pair,sc05,T5,231,577,c222,['c222'],1.0
test_P1,798,G22,test,nominal,P1_heldout_pair,P1_heldout_pair,sc06,T0,20,50,c102,"['c102', 'c342']",0.7
test_P1,798,G22,test,nominal,P1_heldout_pair,P1_heldout_pair,sc06,T0,62,155,c210,"['c012', 'c210']",0.575
test_P1,798,G22,test,nominal,P1_heldout_pair,P1_heldout_pair,sc06,T0,104,260,c201,"['c120', 'c201']",0.575
test_P1,798,G22,test,nominal,P1_heldout_pair,P1_heldout_pair,sc06,T0,147,367,c120,"['c120', 'c324']",0.75
test_P1,798,G22,test,nominal,P1_heldout_pair,P1_heldout_pair,sc06,T0,189,472,c222,['c222'],1.0
test_P1,798,G22,test,nominal,P1_heldout_pair,P1_heldout_pair,sc06,T0,231,577,c222,['c222'],1.0
test_P1,799,G22,test,nominal,P1_heldout_pair,P1_heldout_pair,sc07,T1,20,50,c012,['c012'],1.0
test_P1,799,G22,test,nominal,P1_heldout_pair,P1_heldout_pair,sc07,T1,62,155,c012,"['c012', 'c210', 'c324']",0.45
test_P1,799,G22,test,nominal,P1_heldout_pair,P1_heldout_pair,sc07,T1,104,260,c210,"['c201', 'c210']",0.725
test_P1,799,G22,test,nominal,P1_heldout_pair,P1_heldout_pair,sc07,T1,147,367,c201,"['c102', 'c201']",0.6
test_P1,799,G22,test,nominal,P1_heldout_pair,P1_heldout_pair,sc07,T1,189,472,c102,"['c102', 'c222']",0.55
test_P1,799,G22,test,nominal,P1_heldout_pair,P1_heldout_pair,sc07,T1,231,577,c222,['c222'],1.0
test_P1,808,G22,test,mid,P1_heldout_pair,P1_heldout_pair,sc04,T4,20,50,c120,"['c120', 'c234']",0.725
test_P1,808,G22,test,mid,P1_heldout_pair,P1_heldout_pair,sc04,T4,62,155,c234,"['c201', 'c234']",0.75
test_P1,808,G22,test,mid,P1_heldout_pair,P1_heldout_pair,sc04,T4,104,260,c234,"['c021', 'c120', 'c234']",0.6
test_P1,808,G22,test,mid,P1_heldout_pair,P1_heldout_pair,sc04,T4,147,367,c021,"['c021', 'c342']",0.6
test_P1,808,G22,test,mid,P1_heldout_pair,P1_heldout_pair,sc04,T4,189,472,c222,['c222'],1.0
test_P1,808,G22,test,mid,P1_heldout_pair,P1_heldout_pair,sc04,T4,231,577,c222,['c222'],1.0
test_P1,809,G22,test,mid,P1_heldout_pair,P1_heldout_pair,sc05,T5,20,50,c324,"['c021', 'c324', 'c342']",0.6
test_P1,809,G22,test,mid,P1_heldout_pair,P1_heldout_pair,sc05,T5,62,155,c342,"['c021', 'c342']",0.725
test_P1,809,G22,test,mid,P1_heldout_pair,P1_heldout_pair,sc05,T5,104,260,c234,"['c234', 'c342']",0.725
test_P1,809,G22,test,mid,P1_heldout_pair,P1_heldout_pair,sc05,T5,147,367,c342,"['c012', 'c021', 'c342']",0.45
test_P1,809,G22,test,mid,P1_heldout_pair,P1_heldout_pair,sc05,T5,189,472,c012,"['c012', 'c222']",0.9
test_P1,809,G22,test,mid,P1_heldout_pair,P1_heldout_pair,sc05,T5,231,577,c222,['c222'],1.0
test_P1,810,G22,test,mid,P1_heldout_pair,P1_heldout_pair,sc06,T0,20,50,c102,"['c102', 'c342']",0.7
test_P1,810,G22,test,mid,P1_heldout_pair,P1_heldout_pair,sc06,T0,62,155,c210,"['c012', 'c210']",0.575
test_P1,810,G22,test,mid,P1_heldout_pair,P1_heldout_pair,sc06,T0,104,260,c201,"['c120', 'c201']",0.575
test_P1,810,G22,test,mid,P1_heldout_pair,P1_heldout_pair,sc06,T0,147,367,c120,"['c120', 'c324']",0.75
test_P1,810,G22,test,mid,P1_heldout_pair,P1_heldout_pair,sc06,T0,189,472,c222,['c222'],1.0
test_P1,810,G22,test,mid,P1_heldout_pair,P1_heldout_pair,sc06,T0,231,577,c222,['c222'],1.0
test_P1,811,G22,test,mid,P1_heldout_pair,P1_heldout_pair,sc07,T1,20,50,c012,['c012'],1.0
test_P1,811,G22,test,mid,P1_heldout_pair,P1_heldout_pair,sc07,T1,62,155,c012,"['c012', 'c210', 'c324']",0.45
test_P1,811,G22,test,mid,P1_heldout_pair,P1_heldout_pair,sc07,T1,104,260,c210,"['c201', 'c210']",0.725
test_P1,811,G22,test,mid,P1_heldout_pair,P1_heldout_pair,sc07,T1,147,367,c201,"['c102', 'c201']",0.6
test_P1,811,G22,test,mid,P1_heldout_pair,P1_heldout_pair,sc07,T1,189,472,c102,"['c102', 'c222']",0.55
test_P1,811,G22,test,mid,P1_heldout_pair,P1_heldout_pair,sc07,T1,231,577,c222,['c222'],1.0
test_P1,820,G22,test,low,P1_heldout_pair,P1_heldout_pair,sc04,T4,20,50,c120,"['c120', 'c234']",0.725
test_P1,820,G22,test,low,P1_heldout_pair,P1_heldout_pair,sc04,T4,62,155,c234,"['c201', 'c234']",0.75
test_P1,820,G22,test,low,P1_heldout_pair,P1_heldout_pair,sc04,T4,104,260,c234,"['c021', 'c120', 'c234']",0.6
test_P1,820,G22,test,low,P1_heldout_pair,P1_heldout_pair,sc04,T4,147,367,c021,"['c021', 'c342']",0.6
test_P1,820,G22,test,low,P1_heldout_pair,P1_heldout_pair,sc04,T4,189,472,c222,['c222'],1.0
test_P1,820,G22,test,low,P1_heldout_pair,P1_heldout_pair,sc04,T4,231,577,c222,['c222'],1.0
test_P1,821,G22,test,low,P1_heldout_pair,P1_heldout_pair,sc05,T5,20,50,c324,"['c021', 'c324', 'c342']",0.6
test_P1,821,G22,test,low,P1_heldout_pair,P1_heldout_pair,sc05,T5,62,155,c342,"['c021', 'c342']",0.725
test_P1,821,G22,test,low,P1_heldout_pair,P1_heldout_pair,sc05,T5,104,260,c234,"['c234', 'c342']",0.725
test_P1,821,G22,test,low,P1_heldout_pair,P1_heldout_pair,sc05,T5,147,367,c342,"['c012', 'c021', 'c342']",0.45
test_P1,821,G22,test,low,P1_heldout_pair,P1_heldout_pair,sc05,T5,189,472,c012,"['c012', 'c222']",0.9
test_P1,821,G22,test,low,P1_heldout_pair,P1_heldout_pair,sc05,T5,231,577,c222,['c222'],1.0
test_P1,822,G22,test,low,P1_heldout_pair,P1_heldout_pair,sc06,T0,20,50,c102,"['c102', 'c342']",0.7
test_P1,822,G22,test,low,P1_heldout_pair,P1_heldout_pair,sc06,T0,62,155,c210,"['c012', 'c210']",0.575
test_P1,822,G22,test,low,P1_heldout_pair,P1_heldout_pair,sc06,T0,104,260,c201,"['c120', 'c201']",0.575
test_P1,822,G22,test,low,P1_heldout_pair,P1_heldout_pair,sc06,T0,147,367,c120,"['c120', 'c324']",0.75
test_P1,822,G22,test,low,P1_heldout_pair,P1_heldout_pair,sc06,T0,189,472,c222,['c222'],1.0
test_P1,822,G22,test,low,P1_heldout_pair,P1_heldout_pair,sc06,T0,231,577,c222,['c222'],1.0
test_P1,823,G22,test,low,P1_heldout_pair,P1_heldout_pair,sc07,T1,20,50,c012,['c012'],1.0
test_P1,823,G22,test,low,P1_heldout_pair,P1_heldout_pair,sc07,T1,62,155,c012,"['c012', 'c210', 'c324']",0.45
test_P1,823,G22,test,low,P1_heldout_pair,P1_heldout_pair,sc07,T1,104,260,c210,"['c201', 'c210']",0.725
test_P1,823,G22,test,low,P1_heldout_pair,P1_heldout_pair,sc07,T1,147,367,c201,"['c102', 'c201']",0.6
test_P1,823,G22,test,low,P1_heldout_pair,P1_heldout_pair,sc07,T1,189,472,c102,"['c102', 'c222']",0.55
test_P1,823,G22,test,low,P1_heldout_pair,P1_heldout_pair,sc07,T1,231,577,c222,['c222'],1.0
test_P1,832,G23,test,nominal,P1_heldout_pair,P1_heldout_pair,sc04,T4,20,50,c120,"['c120', 'c342']",0.7
test_P1,832,G23,test,nominal,P1_heldout_pair,P1_heldout_pair,sc04,T4,62,155,c120,"['c012', 'c120']",0.75
test_P1,832,G23,test,nominal,P1_heldout_pair,P1_heldout_pair,sc04,T4,104,260,c120,"['c120', 'c201', 'c234']",0.6
test_P1,832,G23,test,nominal,P1_heldout_pair,P1_heldout_pair,sc04,T4,147,367,c234,"['c021', 'c234']",0.6
test_P1,832,G23,test,nominal,P1_heldout_pair,P1_heldout_pair,sc04,T4,189,472,c222,['c222'],1.0
test_P1,832,G23,test,nominal,P1_heldout_pair,P1_heldout_pair,sc04,T4,231,577,c222,['c222'],1.0
test_P1,833,G23,test,nominal,P1_heldout_pair,P1_heldout_pair,sc05,T5,20,50,c342,"['c021', 'c102', 'c342']",0.6
test_P1,833,G23,test,nominal,P1_heldout_pair,P1_heldout_pair,sc05,T5,62,155,c021,"['c021', 'c201']",0.725
test_P1,833,G23,test,nominal,P1_heldout_pair,P1_heldout_pair,sc05,T5,104,260,c342,"['c324', 'c342']",0.725
test_P1,833,G23,test,nominal,P1_heldout_pair,P1_heldout_pair,sc05,T5,147,367,c324,"['c012', 'c234', 'c324']",0.45
test_P1,833,G23,test,nominal,P1_heldout_pair,P1_heldout_pair,sc05,T5,189,472,c012,"['c012', 'c222']",0.9
test_P1,833,G23,test,nominal,P1_heldout_pair,P1_heldout_pair,sc05,T5,231,577,c222,['c222'],1.0
test_P1,834,G23,test,nominal,P1_heldout_pair,P1_heldout_pair,sc06,T0,20,50,c210,"['c102', 'c210', 'c234']",0.425
test_P1,834,G23,test,nominal,P1_heldout_pair,P1_heldout_pair,sc06,T0,62,155,c021,"['c012', 'c021']",0.575
test_P1,834,G23,test,nominal,P1_heldout_pair,P1_heldout_pair,sc06,T0,104,260,c210,"['c210', 'c324']",0.575
test_P1,834,G23,test,nominal,P1_heldout_pair,P1_heldout_pair,sc06,T0,147,367,c324,"['c102', 'c324']",0.75
test_P1,834,G23,test,nominal,P1_heldout_pair,P1_heldout_pair,sc06,T0,189,472,c222,['c222'],1.0
test_P1,834,G23,test,nominal,P1_heldout_pair,P1_heldout_pair,sc06,T0,231,577,c222,['c222'],1.0
test_P1,835,G23,test,nominal,P1_heldout_pair,P1_heldout_pair,sc07,T1,20,50,c210,"['c201', 'c210']",0.725
test_P1,835,G23,test,nominal,P1_heldout_pair,P1_heldout_pair,sc07,T1,62,155,c201,"['c012', 'c120', 'c201']",0.45
test_P1,835,G23,test,nominal,P1_heldout_pair,P1_heldout_pair,sc07,T1,104,260,c102,"['c102', 'c342']",0.725
test_P1,835,G23,test,nominal,P1_heldout_pair,P1_heldout_pair,sc07,T1,147,367,c342,"['c021', 'c342']",0.6
test_P1,835,G23,test,nominal,P1_heldout_pair,P1_heldout_pair,sc07,T1,189,472,c324,"['c222', 'c324']",0.55
test_P1,835,G23,test,nominal,P1_heldout_pair,P1_heldout_pair,sc07,T1,231,577,c222,['c222'],1.0
test_P1,844,G23,test,mid,P1_heldout_pair,P1_heldout_pair,sc04,T4,20,50,c120,"['c120', 'c342']",0.7
test_P1,844,G23,test,mid,P1_heldout_pair,P1_heldout_pair,sc04,T4,62,155,c120,"['c012', 'c120']",0.75
test_P1,844,G23,test,mid,P1_heldout_pair,P1_heldout_pair,sc04,T4,104,260,c120,"['c120', 'c201', 'c234']",0.6
test_P1,844,G23,test,mid,P1_heldout_pair,P1_heldout_pair,sc04,T4,147,367,c234,"['c021', 'c234']",0.6
test_P1,844,G23,test,mid,P1_heldout_pair,P1_heldout_pair,sc04,T4,189,472,c222,['c222'],1.0
test_P1,844,G23,test,mid,P1_heldout_pair,P1_heldout_pair,sc04,T4,231,577,c222,['c222'],1.0
test_P1,845,G23,test,mid,P1_heldout_pair,P1_heldout_pair,sc05,T5,20,50,c342,"['c021', 'c102', 'c342']",0.6
test_P1,845,G23,test,mid,P1_heldout_pair,P1_heldout_pair,sc05,T5,62,155,c021,"['c021', 'c201']",0.725
test_P1,845,G23,test,mid,P1_heldout_pair,P1_heldout_pair,sc05,T5,104,260,c342,"['c324', 'c342']",0.725
test_P1,845,G23,test,mid,P1_heldout_pair,P1_heldout_pair,sc05,T5,147,367,c324,"['c012', 'c234', 'c324']",0.45
test_P1,845,G23,test,mid,P1_heldout_pair,P1_heldout_pair,sc05,T5,189,472,c012,"['c012', 'c222']",0.9
test_P1,845,G23,test,mid,P1_heldout_pair,P1_heldout_pair,sc05,T5,231,577,c222,['c222'],1.0
test_P1,846,G23,test,mid,P1_heldout_pair,P1_heldout_pair,sc06,T0,20,50,c210,"['c102', 'c210', 'c234']",0.425
test_P1,846,G23,test,mid,P1_heldout_pair,P1_heldout_pair,sc06,T0,62,155,c021,"['c012', 'c021']",0.575
test_P1,846,G23,test,mid,P1_heldout_pair,P1_heldout_pair,sc06,T0,104,260,c210,"['c210', 'c324']",0.575
test_P1,846,G23,test,mid,P1_heldout_pair,P1_heldout_pair,sc06,T0,147,367,c324,"['c102', 'c324']",0.75
test_P1,846,G23,test,mid,P1_heldout_pair,P1_heldout_pair,sc06,T0,189,472,c222,['c222'],1.0
test_P1,846,G23,test,mid,P1_heldout_pair,P1_heldout_pair,sc06,T0,231,577,c222,['c222'],1.0
test_P1,847,G23,test,mid,P1_heldout_pair,P1_heldout_pair,sc07,T1,20,50,c210,"['c201', 'c210']",0.725
test_P1,847,G23,test,mid,P1_heldout_pair,P1_heldout_pair,sc07,T1,62,155,c201,"['c012', 'c120', 'c201']",0.45
test_P1,847,G23,test,mid,P1_heldout_pair,P1_heldout_pair,sc07,T1,104,260,c102,"['c102', 'c342']",0.725
test_P1,847,G23,test,mid,P1_heldout_pair,P1_heldout_pair,sc07,T1,147,367,c342,"['c021', 'c342']",0.6
test_P1,847,G23,test,mid,P1_heldout_pair,P1_heldout_pair,sc07,T1,189,472,c324,"['c222', 'c324']",0.55
test_P1,847,G23,test,mid,P1_heldout_pair,P1_heldout_pair,sc07,T1,231,577,c222,['c222'],1.0
test_P1,856,G23,test,low,P1_heldout_pair,P1_heldout_pair,sc04,T4,20,50,c120,"['c120', 'c342']",0.7
test_P1,856,G23,test,low,P1_heldout_pair,P1_heldout_pair,sc04,T4,62,155,c120,"['c012', 'c120']",0.75
test_P1,856,G23,test,low,P1_heldout_pair,P1_heldout_pair,sc04,T4,104,260,c120,"['c120', 'c201', 'c234']",0.6
test_P1,856,G23,test,low,P1_heldout_pair,P1_heldout_pair,sc04,T4,147,367,c234,"['c021', 'c234']",0.6
test_P1,856,G23,test,low,P1_heldout_pair,P1_heldout_pair,sc04,T4,189,472,c222,['c222'],1.0
test_P1,856,G23,test,low,P1_heldout_pair,P1_heldout_pair,sc04,T4,231,577,c222,['c222'],1.0
test_P1,857,G23,test,low,P1_heldout_pair,P1_heldout_pair,sc05,T5,20,50,c342,"['c021', 'c102', 'c342']",0.6
test_P1,857,G23,test,low,P1_heldout_pair,P1_heldout_pair,sc05,T5,62,155,c021,"['c021', 'c201']",0.725
test_P1,857,G23,test,low,P1_heldout_pair,P1_heldout_pair,sc05,T5,104,260,c342,"['c324', 'c342']",0.725
test_P1,857,G23,test,low,P1_heldout_pair,P1_heldout_pair,sc05,T5,147,367,c324,"['c012', 'c234', 'c324']",0.45
test_P1,857,G23,test,low,P1_heldout_pair,P1_heldout_pair,sc05,T5,189,472,c012,"['c012', 'c222']",0.9
test_P1,857,G23,test,low,P1_heldout_pair,P1_heldout_pair,sc05,T5,231,577,c222,['c222'],1.0
test_P1,858,G23,test,low,P1_heldout_pair,P1_heldout_pair,sc06,T0,20,50,c210,"['c102', 'c210', 'c234']",0.425
test_P1,858,G23,test,low,P1_heldout_pair,P1_heldout_pair,sc06,T0,62,155,c021,"['c012', 'c021']",0.575
test_P1,858,G23,test,low,P1_heldout_pair,P1_heldout_pair,sc06,T0,104,260,c210,"['c210', 'c324']",0.575
test_P1,858,G23,test,low,P1_heldout_pair,P1_heldout_pair,sc06,T0,147,367,c324,"['c102', 'c324']",0.75
test_P1,858,G23,test,low,P1_heldout_pair,P1_heldout_pair,sc06,T0,189,472,c222,['c222'],1.0
test_P1,858,G23,test,low,P1_heldout_pair,P1_heldout_pair,sc06,T0,231,577,c222,['c222'],1.0
test_P1,859,G23,test,low,P1_heldout_pair,P1_heldout_pair,sc07,T1,20,50,c210,"['c201', 'c210']",0.725
test_P1,859,G23,test,low,P1_heldout_pair,P1_heldout_pair,sc07,T1,62,155,c201,"['c012', 'c120', 'c201']",0.45
test_P1,859,G23,test,low,P1_heldout_pair,P1_heldout_pair,sc07,T1,104,260,c102,"['c102', 'c342']",0.725
test_P1,859,G23,test,low,P1_heldout_pair,P1_heldout_pair,sc07,T1,147,367,c342,"['c021', 'c342']",0.6
test_P1,859,G23,test,low,P1_heldout_pair,P1_heldout_pair,sc07,T1,189,472,c324,"['c222', 'c324']",0.55
test_P1,859,G23,test,low,P1_heldout_pair,P1_heldout_pair,sc07,T1,231,577,c222,['c222'],1.0
test_P2,656,G18,test,nominal,P2_triple,P2_triple,sc08,T2,20,50,c431,"['c431', 'c440']",0.725
test_P2,656,G18,test,nominal,P2_triple,P2_triple,sc08,T2,62,155,c414,"['c414', 'c430']",0.725
test_P2,656,G18,test,nominal,P2_triple,P2_triple,sc08,T2,104,260,c403,"['c403', 'c430']",0.575
test_P2,656,G18,test,nominal,P2_triple,P2_triple,sc08,T2,147,367,c430,"['c222', 'c430', 'c443']",0.475
test_P2,656,G18,test,nominal,P2_triple,P2_triple,sc08,T2,189,472,c222,['c222'],1.0
test_P2,656,G18,test,nominal,P2_triple,P2_triple,sc08,T2,231,577,c222,['c222'],1.0
test_P2,657,G18,test,nominal,P2_triple,P2_triple,sc09,T3,20,50,c404,"['c403', 'c404']",0.575
test_P2,657,G18,test,nominal,P2_triple,P2_triple,sc09,T3,62,155,c403,"['c403', 'c430', 'c443']",0.6
test_P2,657,G18,test,nominal,P2_triple,P2_triple,sc09,T3,105,262,c443,"['c403', 'c441', 'c443']",0.475
test_P2,657,G18,test,nominal,P2_triple,P2_triple,sc09,T3,147,367,c403,"['c403', 'c414', 'c440']",0.45
test_P2,657,G18,test,nominal,P2_triple,P2_triple,sc09,T3,190,475,c222,['c222'],1.0
test_P2,657,G18,test,nominal,P2_triple,P2_triple,sc09,T3,232,580,c222,['c222'],1.0
test_P2,658,G18,test,nominal,P2_triple,P2_triple,sc10,T4,20,50,c441,"['c440', 'c441']",0.7
test_P2,658,G18,test,nominal,P2_triple,P2_triple,sc10,T4,62,155,c441,"['c441', 'c444']",0.875
test_P2,658,G18,test,nominal,P2_triple,P2_triple,sc10,T4,104,260,c444,"['c404', 'c431', 'c444']",0.6
test_P2,658,G18,test,nominal,P2_triple,P2_triple,sc10,T4,147,367,c404,"['c404', 'c444']",0.6
test_P2,658,G18,test,nominal,P2_triple,P2_triple,sc10,T4,189,472,c222,['c222'],1.0
test_P2,658,G18,test,nominal,P2_triple,P2_triple,sc10,T4,231,577,c222,['c222'],1.0
test_P2,659,G18,test,nominal,P2_triple,P2_triple,sc11,T5,20,50,c431,"['c431', 'c441', 'c443']",0.6
test_P2,659,G18,test,nominal,P2_triple,P2_triple,sc11,T5,62,155,c441,"['c441', 'c443']",0.725
test_P2,659,G18,test,nominal,P2_triple,P2_triple,sc11,T5,104,260,c440,"['c414', 'c440']",0.725
test_P2,659,G18,test,nominal,P2_triple,P2_triple,sc11,T5,147,367,c414,"['c404', 'c414', 'c444']",0.45
test_P2,659,G18,test,nominal,P2_triple,P2_triple,sc11,T5,189,472,c444,"['c222', 'c444']",0.9
test_P2,659,G18,test,nominal,P2_triple,P2_triple,sc11,T5,231,577,c222,['c222'],1.0
test_P2,668,G18,test,mid,P2_triple,P2_triple,sc08,T2,20,50,c431,"['c431', 'c440']",0.725
test_P2,668,G18,test,mid,P2_triple,P2_triple,sc08,T2,62,155,c414,"['c414', 'c430']",0.725
test_P2,668,G18,test,mid,P2_triple,P2_triple,sc08,T2,104,260,c403,"['c403', 'c430']",0.575
test_P2,668,G18,test,mid,P2_triple,P2_triple,sc08,T2,147,367,c430,"['c222', 'c430', 'c443']",0.475
test_P2,668,G18,test,mid,P2_triple,P2_triple,sc08,T2,189,472,c222,['c222'],1.0
test_P2,668,G18,test,mid,P2_triple,P2_triple,sc08,T2,231,577,c222,['c222'],1.0
test_P2,669,G18,test,mid,P2_triple,P2_triple,sc09,T3,20,50,c404,"['c403', 'c404']",0.575
test_P2,669,G18,test,mid,P2_triple,P2_triple,sc09,T3,62,155,c403,"['c403', 'c430', 'c443']",0.6
test_P2,669,G18,test,mid,P2_triple,P2_triple,sc09,T3,105,262,c443,"['c403', 'c441', 'c443']",0.475
test_P2,669,G18,test,mid,P2_triple,P2_triple,sc09,T3,147,367,c403,"['c403', 'c414', 'c440']",0.45
test_P2,669,G18,test,mid,P2_triple,P2_triple,sc09,T3,190,475,c222,['c222'],1.0
test_P2,669,G18,test,mid,P2_triple,P2_triple,sc09,T3,232,580,c222,['c222'],1.0
test_P2,670,G18,test,mid,P2_triple,P2_triple,sc10,T4,20,50,c441,"['c440', 'c441']",0.7
test_P2,670,G18,test,mid,P2_triple,P2_triple,sc10,T4,62,155,c441,"['c441', 'c444']",0.875
test_P2,670,G18,test,mid,P2_triple,P2_triple,sc10,T4,104,260,c444,"['c404', 'c431', 'c444']",0.6
test_P2,670,G18,test,mid,P2_triple,P2_triple,sc10,T4,147,367,c404,"['c404', 'c444']",0.6
test_P2,670,G18,test,mid,P2_triple,P2_triple,sc10,T4,189,472,c222,['c222'],1.0
test_P2,670,G18,test,mid,P2_triple,P2_triple,sc10,T4,231,577,c222,['c222'],1.0
test_P2,671,G18,test,mid,P2_triple,P2_triple,sc11,T5,20,50,c431,"['c431', 'c441', 'c443']",0.6
test_P2,671,G18,test,mid,P2_triple,P2_triple,sc11,T5,62,155,c441,"['c441', 'c443']",0.725
test_P2,671,G18,test,mid,P2_triple,P2_triple,sc11,T5,104,260,c440,"['c414', 'c440']",0.725
test_P2,671,G18,test,mid,P2_triple,P2_triple,sc11,T5,147,367,c414,"['c404', 'c414', 'c444']",0.45
test_P2,671,G18,test,mid,P2_triple,P2_triple,sc11,T5,189,472,c444,"['c222', 'c444']",0.9
test_P2,671,G18,test,mid,P2_triple,P2_triple,sc11,T5,231,577,c222,['c222'],1.0
test_P2,680,G18,test,low,P2_triple,P2_triple,sc08,T2,20,50,c431,"['c431', 'c440']",0.725
test_P2,680,G18,test,low,P2_triple,P2_triple,sc08,T2,62,155,c414,"['c414', 'c430']",0.725
test_P2,680,G18,test,low,P2_triple,P2_triple,sc08,T2,104,260,c403,"['c403', 'c430']",0.575
test_P2,680,G18,test,low,P2_triple,P2_triple,sc08,T2,147,367,c430,"['c222', 'c430', 'c443']",0.475
test_P2,680,G18,test,low,P2_triple,P2_triple,sc08,T2,189,472,c222,['c222'],1.0
test_P2,680,G18,test,low,P2_triple,P2_triple,sc08,T2,231,577,c222,['c222'],1.0
test_P2,681,G18,test,low,P2_triple,P2_triple,sc09,T3,20,50,c404,"['c403', 'c404']",0.575
test_P2,681,G18,test,low,P2_triple,P2_triple,sc09,T3,62,155,c403,"['c403', 'c430', 'c443']",0.6
test_P2,681,G18,test,low,P2_triple,P2_triple,sc09,T3,105,262,c443,"['c403', 'c441', 'c443']",0.475
test_P2,681,G18,test,low,P2_triple,P2_triple,sc09,T3,147,367,c403,"['c403', 'c414', 'c440']",0.45
test_P2,681,G18,test,low,P2_triple,P2_triple,sc09,T3,190,475,c222,['c222'],1.0
test_P2,681,G18,test,low,P2_triple,P2_triple,sc09,T3,232,580,c222,['c222'],1.0
test_P2,682,G18,test,low,P2_triple,P2_triple,sc10,T4,20,50,c441,"['c440', 'c441']",0.7
test_P2,682,G18,test,low,P2_triple,P2_triple,sc10,T4,62,155,c441,"['c441', 'c444']",0.875
test_P2,682,G18,test,low,P2_triple,P2_triple,sc10,T4,104,260,c444,"['c404', 'c431', 'c444']",0.6
test_P2,682,G18,test,low,P2_triple,P2_triple,sc10,T4,147,367,c404,"['c404', 'c444']",0.6
test_P2,682,G18,test,low,P2_triple,P2_triple,sc10,T4,189,472,c222,['c222'],1.0
test_P2,682,G18,test,low,P2_triple,P2_triple,sc10,T4,231,577,c222,['c222'],1.0
test_P2,683,G18,test,low,P2_triple,P2_triple,sc11,T5,20,50,c431,"['c431', 'c441', 'c443']",0.6
test_P2,683,G18,test,low,P2_triple,P2_triple,sc11,T5,62,155,c441,"['c441', 'c443']",0.725
test_P2,683,G18,test,low,P2_triple,P2_triple,sc11,T5,104,260,c440,"['c414', 'c440']",0.725
test_P2,683,G18,test,low,P2_triple,P2_triple,sc11,T5,147,367,c414,"['c404', 'c414', 'c444']",0.45
test_P2,683,G18,test,low,P2_triple,P2_triple,sc11,T5,189,472,c444,"['c222', 'c444']",0.9
test_P2,683,G18,test,low,P2_triple,P2_triple,sc11,T5,231,577,c222,['c222'],1.0
test_P2,692,G19,test,nominal,P2_triple,P2_triple,sc08,T2,20,50,c403,"['c403', 'c443']",0.725
test_P2,692,G19,test,nominal,P2_triple,P2_triple,sc08,T2,62,155,c430,"['c430', 'c444']",0.725
test_P2,692,G19,test,nominal,P2_triple,P2_triple,sc08,T2,104,260,c441,"['c441', 'c443']",0.725
test_P2,692,G19,test,nominal,P2_triple,P2_triple,sc08,T2,147,367,c443,"['c222', 'c443', 'c444']",0.475
test_P2,692,G19,test,nominal,P2_triple,P2_triple,sc08,T2,189,472,c222,['c222'],1.0
test_P2,692,G19,test,nominal,P2_triple,P2_triple,sc08,T2,231,577,c222,['c222'],1.0
test_P2,693,G19,test,nominal,P2_triple,P2_triple,sc09,T3,20,50,c441,"['c404', 'c441']",0.575
test_P2,693,G19,test,nominal,P2_triple,P2_triple,sc09,T3,62,155,c404,"['c404', 'c431', 'c440']",0.6
test_P2,693,G19,test,nominal,P2_triple,P2_triple,sc09,T3,105,262,c431,"['c431', 'c440']",0.875
test_P2,693,G19,test,nominal,P2_triple,P2_triple,sc09,T3,147,367,c440,"['c404', 'c430', 'c440']",0.45
test_P2,693,G19,test,nominal,P2_triple,P2_triple,sc09,T3,190,475,c222,['c222'],1.0
test_P2,693,G19,test,nominal,P2_triple,P2_triple,sc09,T3,232,580,c222,['c222'],1.0
test_P2,694,G19,test,nominal,P2_triple,P2_triple,sc10,T4,20,50,c414,"['c403', 'c414', 'c430']",0.425
test_P2,694,G19,test,nominal,P2_triple,P2_triple,sc10,T4,62,155,c430,"['c430', 'c440', 'c444']",0.75
test_P2,694,G19,test,nominal,P2_triple,P2_triple,sc10,T4,104,260,c440,"['c404', 'c440', 'c443']",0.6
test_P2,694,G19,test,nominal,P2_triple,P2_triple,sc10,T4,147,367,c443,"['c443', 'c444']",0.6
test_P2,694,G19,test,nominal,P2_triple,P2_triple,sc10,T4,189,472,c222,['c222'],1.0
test_P2,694,G19,test,nominal,P2_triple,P2_triple,sc10,T4,231,577,c222,['c222'],1.0
test_P2,695,G19,test,nominal,P2_triple,P2_triple,sc11,T5,20,50,c403,"['c403', 'c430', 'c441']",0.6
test_P2,695,G19,test,nominal,P2_triple,P2_triple,sc11,T5,62,155,c430,"['c430', 'c443']",0.725
test_P2,695,G19,test,nominal,P2_triple,P2_triple,sc11,T5,104,260,c414,['c414'],1.0
test_P2,695,G19,test,nominal,P2_triple,P2_triple,sc11,T5,147,367,c414,"['c414', 'c431', 'c440']",0.45
test_P2,695,G19,test,nominal,P2_triple,P2_triple,sc11,T5,189,472,c431,"['c222', 'c431']",0.9
test_P2,695,G19,test,nominal,P2_triple,P2_triple,sc11,T5,231,577,c222,['c222'],1.0
test_P2,704,G19,test,mid,P2_triple,P2_triple,sc08,T2,20,50,c403,"['c403', 'c443']",0.725
test_P2,704,G19,test,mid,P2_triple,P2_triple,sc08,T2,62,155,c430,"['c430', 'c444']",0.725
test_P2,704,G19,test,mid,P2_triple,P2_triple,sc08,T2,104,260,c441,"['c441', 'c443']",0.725
test_P2,704,G19,test,mid,P2_triple,P2_triple,sc08,T2,147,367,c443,"['c222', 'c443', 'c444']",0.475
test_P2,704,G19,test,mid,P2_triple,P2_triple,sc08,T2,189,472,c222,['c222'],1.0
test_P2,704,G19,test,mid,P2_triple,P2_triple,sc08,T2,231,577,c222,['c222'],1.0
test_P2,705,G19,test,mid,P2_triple,P2_triple,sc09,T3,20,50,c441,"['c404', 'c441']",0.575
test_P2,705,G19,test,mid,P2_triple,P2_triple,sc09,T3,62,155,c404,"['c404', 'c431', 'c440']",0.6
test_P2,705,G19,test,mid,P2_triple,P2_triple,sc09,T3,105,262,c431,"['c431', 'c440']",0.875
test_P2,705,G19,test,mid,P2_triple,P2_triple,sc09,T3,147,367,c440,"['c404', 'c430', 'c440']",0.45
test_P2,705,G19,test,mid,P2_triple,P2_triple,sc09,T3,190,475,c222,['c222'],1.0
test_P2,705,G19,test,mid,P2_triple,P2_triple,sc09,T3,232,580,c222,['c222'],1.0
test_P2,706,G19,test,mid,P2_triple,P2_triple,sc10,T4,20,50,c414,"['c403', 'c414', 'c430']",0.425
test_P2,706,G19,test,mid,P2_triple,P2_triple,sc10,T4,62,155,c430,"['c430', 'c440', 'c444']",0.75
test_P2,706,G19,test,mid,P2_triple,P2_triple,sc10,T4,104,260,c440,"['c404', 'c440', 'c443']",0.6
test_P2,706,G19,test,mid,P2_triple,P2_triple,sc10,T4,147,367,c443,"['c443', 'c444']",0.6
test_P2,706,G19,test,mid,P2_triple,P2_triple,sc10,T4,189,472,c222,['c222'],1.0
test_P2,706,G19,test,mid,P2_triple,P2_triple,sc10,T4,231,577,c222,['c222'],1.0
test_P2,707,G19,test,mid,P2_triple,P2_triple,sc11,T5,20,50,c403,"['c403', 'c430', 'c441']",0.6
test_P2,707,G19,test,mid,P2_triple,P2_triple,sc11,T5,62,155,c430,"['c430', 'c443']",0.725
test_P2,707,G19,test,mid,P2_triple,P2_triple,sc11,T5,104,260,c414,['c414'],1.0
test_P2,707,G19,test,mid,P2_triple,P2_triple,sc11,T5,147,367,c414,"['c414', 'c431', 'c440']",0.45
test_P2,707,G19,test,mid,P2_triple,P2_triple,sc11,T5,189,472,c431,"['c222', 'c431']",0.9
test_P2,707,G19,test,mid,P2_triple,P2_triple,sc11,T5,231,577,c222,['c222'],1.0
test_P2,716,G19,test,low,P2_triple,P2_triple,sc08,T2,20,50,c403,"['c403', 'c443']",0.725
test_P2,716,G19,test,low,P2_triple,P2_triple,sc08,T2,62,155,c430,"['c430', 'c444']",0.725
test_P2,716,G19,test,low,P2_triple,P2_triple,sc08,T2,104,260,c441,"['c441', 'c443']",0.725
test_P2,716,G19,test,low,P2_triple,P2_triple,sc08,T2,147,367,c443,"['c222', 'c443', 'c444']",0.475
test_P2,716,G19,test,low,P2_triple,P2_triple,sc08,T2,189,472,c222,['c222'],1.0
test_P2,716,G19,test,low,P2_triple,P2_triple,sc08,T2,231,577,c222,['c222'],1.0
test_P2,717,G19,test,low,P2_triple,P2_triple,sc09,T3,20,50,c441,"['c404', 'c441']",0.575
test_P2,717,G19,test,low,P2_triple,P2_triple,sc09,T3,62,155,c404,"['c404', 'c431', 'c440']",0.6
test_P2,717,G19,test,low,P2_triple,P2_triple,sc09,T3,105,262,c431,"['c431', 'c440']",0.875
test_P2,717,G19,test,low,P2_triple,P2_triple,sc09,T3,147,367,c440,"['c404', 'c430', 'c440']",0.45
test_P2,717,G19,test,low,P2_triple,P2_triple,sc09,T3,190,475,c222,['c222'],1.0
test_P2,717,G19,test,low,P2_triple,P2_triple,sc09,T3,232,580,c222,['c222'],1.0
test_P2,718,G19,test,low,P2_triple,P2_triple,sc10,T4,20,50,c414,"['c403', 'c414', 'c430']",0.425
test_P2,718,G19,test,low,P2_triple,P2_triple,sc10,T4,62,155,c430,"['c430', 'c440', 'c444']",0.75
test_P2,718,G19,test,low,P2_triple,P2_triple,sc10,T4,104,260,c440,"['c404', 'c440', 'c443']",0.6
test_P2,718,G19,test,low,P2_triple,P2_triple,sc10,T4,147,367,c443,"['c443', 'c444']",0.6
test_P2,718,G19,test,low,P2_triple,P2_triple,sc10,T4,189,472,c222,['c222'],1.0
test_P2,718,G19,test,low,P2_triple,P2_triple,sc10,T4,231,577,c222,['c222'],1.0
test_P2,719,G19,test,low,P2_triple,P2_triple,sc11,T5,20,50,c403,"['c403', 'c430', 'c441']",0.6
test_P2,719,G19,test,low,P2_triple,P2_triple,sc11,T5,62,155,c430,"['c430', 'c443']",0.725
test_P2,719,G19,test,low,P2_triple,P2_triple,sc11,T5,104,260,c414,['c414'],1.0
test_P2,719,G19,test,low,P2_triple,P2_triple,sc11,T5,147,367,c414,"['c414', 'c431', 'c440']",0.45
test_P2,719,G19,test,low,P2_triple,P2_triple,sc11,T5,189,472,c431,"['c222', 'c431']",0.9
test_P2,719,G19,test,low,P2_triple,P2_triple,sc11,T5,231,577,c222,['c222'],1.0
test_P2,728,G20,test,nominal,P2_triple,P2_triple,sc08,T2,20,50,c443,"['c441', 'c443']",0.725
test_P2,728,G20,test,nominal,P2_triple,P2_triple,sc08,T2,62,155,c444,"['c414', 'c444']",0.725
test_P2,728,G20,test,nominal,P2_triple,P2_triple,sc08,T2,104,260,c430,"['c403', 'c430', 'c441']",0.425
test_P2,728,G20,test,nominal,P2_triple,P2_triple,sc08,T2,147,367,c403,"['c222', 'c403', 'c404']",0.475
test_P2,728,G20,test,nominal,P2_triple,P2_triple,sc08,T2,189,472,c222,['c222'],1.0
test_P2,728,G20,test,nominal,P2_triple,P2_triple,sc08,T2,231,577,c222,['c222'],1.0
test_P2,729,G20,test,nominal,P2_triple,P2_triple,sc09,T3,20,50,c431,"['c403', 'c431']",0.575
test_P2,729,G20,test,nominal,P2_triple,P2_triple,sc09,T3,62,155,c403,"['c403', 'c414', 'c444']",0.6
test_P2,729,G20,test,nominal,P2_triple,P2_triple,sc09,T3,105,262,c414,"['c414', 'c440', 'c441']",0.475
test_P2,729,G20,test,nominal,P2_triple,P2_triple,sc09,T3,147,367,c440,"['c430', 'c440']",0.55
test_P2,729,G20,test,nominal,P2_triple,P2_triple,sc09,T3,190,475,c222,['c222'],1.0
test_P2,729,G20,test,nominal,P2_triple,P2_triple,sc09,T3,232,580,c222,['c222'],1.0
test_P2,730,G20,test,nominal,P2_triple,P2_triple,sc10,T4,20,50,c430,"['c430', 'c443']",0.725
test_P2,730,G20,test,nominal,P2_triple,P2_triple,sc10,T4,62,155,c443,"['c440', 'c443']",0.875
test_P2,730,G20,test,nominal,P2_triple,P2_triple,sc10,T4,104,260,c440,"['c403', 'c431', 'c440']",0.6
test_P2,730,G20,test,nominal,P2_triple,P2_triple,sc10,T4,147,367,c431,"['c431', 'c441']",0.6
test_P2,730,G20,test,nominal,P2_triple,P2_triple,sc10,T4,189,472,c222,['c222'],1.0
test_P2,730,G20,test,nominal,P2_triple,P2_triple,sc10,T4,231,577,c222,['c222'],1.0
test_P2,731,G20,test,nominal,P2_triple,P2_triple,sc11,T5,20,50,c443,"['c404', 'c443', 'c444']",0.6
test_P2,731,G20,test,nominal,P2_triple,P2_triple,sc11,T5,62,155,c444,['c444'],1.0
test_P2,731,G20,test,nominal,P2_triple,P2_triple,sc11,T5,104,260,c431,"['c404', 'c431']",0.725
test_P2,731,G20,test,nominal,P2_triple,P2_triple,sc11,T5,147,367,c404,"['c404', 'c414', 'c443']",0.45
test_P2,731,G20,test,nominal,P2_triple,P2_triple,sc11,T5,189,472,c414,"['c222', 'c414']",0.9
test_P2,731,G20,test,nominal,P2_triple,P2_triple,sc11,T5,231,577,c222,['c222'],1.0
test_P2,740,G20,test,mid,P2_triple,P2_triple,sc08,T2,20,50,c443,"['c441', 'c443']",0.725
test_P2,740,G20,test,mid,P2_triple,P2_triple,sc08,T2,62,155,c444,"['c414', 'c444']",0.725
test_P2,740,G20,test,mid,P2_triple,P2_triple,sc08,T2,104,260,c430,"['c403', 'c430', 'c441']",0.425
test_P2,740,G20,test,mid,P2_triple,P2_triple,sc08,T2,147,367,c403,"['c222', 'c403', 'c404']",0.475
test_P2,740,G20,test,mid,P2_triple,P2_triple,sc08,T2,189,472,c222,['c222'],1.0
test_P2,740,G20,test,mid,P2_triple,P2_triple,sc08,T2,231,577,c222,['c222'],1.0
test_P2,741,G20,test,mid,P2_triple,P2_triple,sc09,T3,20,50,c431,"['c403', 'c431']",0.575
test_P2,741,G20,test,mid,P2_triple,P2_triple,sc09,T3,62,155,c403,"['c403', 'c414', 'c444']",0.6
test_P2,741,G20,test,mid,P2_triple,P2_triple,sc09,T3,105,262,c414,"['c414', 'c440', 'c441']",0.475
test_P2,741,G20,test,mid,P2_triple,P2_triple,sc09,T3,147,367,c440,"['c430', 'c440']",0.55
test_P2,741,G20,test,mid,P2_triple,P2_triple,sc09,T3,190,475,c222,['c222'],1.0
test_P2,741,G20,test,mid,P2_triple,P2_triple,sc09,T3,232,580,c222,['c222'],1.0
test_P2,742,G20,test,mid,P2_triple,P2_triple,sc10,T4,20,50,c430,"['c430', 'c443']",0.725
test_P2,742,G20,test,mid,P2_triple,P2_triple,sc10,T4,62,155,c443,"['c440', 'c443']",0.875
test_P2,742,G20,test,mid,P2_triple,P2_triple,sc10,T4,104,260,c440,"['c403', 'c431', 'c440']",0.6
test_P2,742,G20,test,mid,P2_triple,P2_triple,sc10,T4,147,367,c431,"['c431', 'c441']",0.6
test_P2,742,G20,test,mid,P2_triple,P2_triple,sc10,T4,189,472,c222,['c222'],1.0
test_P2,742,G20,test,mid,P2_triple,P2_triple,sc10,T4,231,577,c222,['c222'],1.0
test_P2,743,G20,test,mid,P2_triple,P2_triple,sc11,T5,20,50,c443,"['c404', 'c443', 'c444']",0.6
test_P2,743,G20,test,mid,P2_triple,P2_triple,sc11,T5,62,155,c444,['c444'],1.0
test_P2,743,G20,test,mid,P2_triple,P2_triple,sc11,T5,104,260,c431,"['c404', 'c431']",0.725
test_P2,743,G20,test,mid,P2_triple,P2_triple,sc11,T5,147,367,c404,"['c404', 'c414', 'c443']",0.45
test_P2,743,G20,test,mid,P2_triple,P2_triple,sc11,T5,189,472,c414,"['c222', 'c414']",0.9
test_P2,743,G20,test,mid,P2_triple,P2_triple,sc11,T5,231,577,c222,['c222'],1.0
test_P2,752,G20,test,low,P2_triple,P2_triple,sc08,T2,20,50,c443,"['c441', 'c443']",0.725
test_P2,752,G20,test,low,P2_triple,P2_triple,sc08,T2,62,155,c444,"['c414', 'c444']",0.725
test_P2,752,G20,test,low,P2_triple,P2_triple,sc08,T2,104,260,c430,"['c403', 'c430', 'c441']",0.425
test_P2,752,G20,test,low,P2_triple,P2_triple,sc08,T2,147,367,c403,"['c222', 'c403', 'c404']",0.475
test_P2,752,G20,test,low,P2_triple,P2_triple,sc08,T2,189,472,c222,['c222'],1.0
test_P2,752,G20,test,low,P2_triple,P2_triple,sc08,T2,231,577,c222,['c222'],1.0
test_P2,753,G20,test,low,P2_triple,P2_triple,sc09,T3,20,50,c431,"['c403', 'c431']",0.575
test_P2,753,G20,test,low,P2_triple,P2_triple,sc09,T3,62,155,c403,"['c403', 'c414', 'c444']",0.6
test_P2,753,G20,test,low,P2_triple,P2_triple,sc09,T3,105,262,c414,"['c414', 'c440', 'c441']",0.475
test_P2,753,G20,test,low,P2_triple,P2_triple,sc09,T3,147,367,c440,"['c430', 'c440']",0.55
test_P2,753,G20,test,low,P2_triple,P2_triple,sc09,T3,190,475,c222,['c222'],1.0
test_P2,753,G20,test,low,P2_triple,P2_triple,sc09,T3,232,580,c222,['c222'],1.0
test_P2,754,G20,test,low,P2_triple,P2_triple,sc10,T4,20,50,c430,"['c430', 'c443']",0.725
test_P2,754,G20,test,low,P2_triple,P2_triple,sc10,T4,62,155,c443,"['c440', 'c443']",0.875
test_P2,754,G20,test,low,P2_triple,P2_triple,sc10,T4,104,260,c440,"['c403', 'c431', 'c440']",0.6
test_P2,754,G20,test,low,P2_triple,P2_triple,sc10,T4,147,367,c431,"['c431', 'c441']",0.6
test_P2,754,G20,test,low,P2_triple,P2_triple,sc10,T4,189,472,c222,['c222'],1.0
test_P2,754,G20,test,low,P2_triple,P2_triple,sc10,T4,231,577,c222,['c222'],1.0
test_P2,755,G20,test,low,P2_triple,P2_triple,sc11,T5,20,50,c443,"['c404', 'c443', 'c444']",0.6
test_P2,755,G20,test,low,P2_triple,P2_triple,sc11,T5,62,155,c444,['c444'],1.0
test_P2,755,G20,test,low,P2_triple,P2_triple,sc11,T5,104,260,c431,"['c404', 'c431']",0.725
test_P2,755,G20,test,low,P2_triple,P2_triple,sc11,T5,147,367,c404,"['c404', 'c414', 'c443']",0.45
test_P2,755,G20,test,low,P2_triple,P2_triple,sc11,T5,189,472,c414,"['c222', 'c414']",0.9
test_P2,755,G20,test,low,P2_triple,P2_triple,sc11,T5,231,577,c222,['c222'],1.0
test_P2,764,G21,test,nominal,P2_triple,P2_triple,sc08,T2,20,50,c430,"['c430', 'c431']",0.725
test_P2,764,G21,test,nominal,P2_triple,P2_triple,sc08,T2,62,155,c441,"['c441', 'c444']",0.725
test_P2,764,G21,test,nominal,P2_triple,P2_triple,sc08,T2,104,260,c444,"['c404', 'c441', 'c444']",0.425
test_P2,764,G21,test,nominal,P2_triple,P2_triple,sc08,T2,147,367,c441,"['c222', 'c441', 'c444']",0.475
test_P2,764,G21,test,nominal,P2_triple,P2_triple,sc08,T2,189,472,c222,['c222'],1.0
test_P2,764,G21,test,nominal,P2_triple,P2_triple,sc08,T2,231,577,c222,['c222'],1.0
test_P2,765,G21,test,nominal,P2_triple,P2_triple,sc09,T3,20,50,c431,"['c403', 'c431']",0.575
test_P2,765,G21,test,nominal,P2_triple,P2_triple,sc09,T3,62,155,c403,"['c403', 'c440']",0.875
test_P2,765,G21,test,nominal,P2_triple,P2_triple,sc09,T3,105,262,c440,"['c404', 'c440']",0.525
test_P2,765,G21,test,nominal,P2_triple,P2_triple,sc09,T3,147,367,c440,"['c440', 'c441', 'c443']",0.45
test_P2,765,G21,test,nominal,P2_triple,P2_triple,sc09,T3,190,475,c222,['c222'],1.0
test_P2,765,G21,test,nominal,P2_triple,P2_triple,sc09,T3,232,580,c222,['c222'],1.0
test_P2,766,G21,test,nominal,P2_triple,P2_triple,sc10,T4,20,50,c414,"['c414', 'c431', 'c441']",0.425
test_P2,766,G21,test,nominal,P2_triple,P2_triple,sc10,T4,62,155,c431,"['c430', 'c431', 'c440']",0.75
test_P2,766,G21,test,nominal,P2_triple,P2_triple,sc10,T4,104,260,c440,"['c404', 'c440', 'c443']",0.6
test_P2,766,G21,test,nominal,P2_triple,P2_triple,sc10,T4,147,367,c404,"['c404', 'c440']",0.6
test_P2,766,G21,test,nominal,P2_triple,P2_triple,sc10,T4,189,472,c222,['c222'],1.0
test_P2,766,G21,test,nominal,P2_triple,P2_triple,sc10,T4,231,577,c222,['c222'],1.0
test_P2,767,G21,test,nominal,P2_triple,P2_triple,sc11,T5,20,50,c430,"['c414', 'c430', 'c444']",0.6
test_P2,767,G21,test,nominal,P2_triple,P2_triple,sc11,T5,62,155,c414,"['c414', 'c430']",0.725
test_P2,767,G21,test,nominal,P2_triple,P2_triple,sc11,T5,104,260,c414,"['c403', 'c414']",0.725
test_P2,767,G21,test,nominal,P2_triple,P2_triple,sc11,T5,147,367,c403,"['c403', 'c443']",0.75
test_P2,767,G21,test,nominal,P2_triple,P2_triple,sc11,T5,189,472,c443,"['c222', 'c443']",0.9
test_P2,767,G21,test,nominal,P2_triple,P2_triple,sc11,T5,231,577,c222,['c222'],1.0
test_P2,776,G21,test,mid,P2_triple,P2_triple,sc08,T2,20,50,c430,"['c430', 'c431']",0.725
test_P2,776,G21,test,mid,P2_triple,P2_triple,sc08,T2,62,155,c441,"['c441', 'c444']",0.725
test_P2,776,G21,test,mid,P2_triple,P2_triple,sc08,T2,104,260,c444,"['c404', 'c441', 'c444']",0.425
test_P2,776,G21,test,mid,P2_triple,P2_triple,sc08,T2,147,367,c441,"['c222', 'c441', 'c444']",0.475
test_P2,776,G21,test,mid,P2_triple,P2_triple,sc08,T2,189,472,c222,['c222'],1.0
test_P2,776,G21,test,mid,P2_triple,P2_triple,sc08,T2,231,577,c222,['c222'],1.0
test_P2,777,G21,test,mid,P2_triple,P2_triple,sc09,T3,20,50,c431,"['c403', 'c431']",0.575
test_P2,777,G21,test,mid,P2_triple,P2_triple,sc09,T3,62,155,c403,"['c403', 'c440']",0.875
test_P2,777,G21,test,mid,P2_triple,P2_triple,sc09,T3,105,262,c440,"['c404', 'c440']",0.525
test_P2,777,G21,test,mid,P2_triple,P2_triple,sc09,T3,147,367,c440,"['c440', 'c441', 'c443']",0.45
test_P2,777,G21,test,mid,P2_triple,P2_triple,sc09,T3,190,475,c222,['c222'],1.0
test_P2,777,G21,test,mid,P2_triple,P2_triple,sc09,T3,232,580,c222,['c222'],1.0
test_P2,778,G21,test,mid,P2_triple,P2_triple,sc10,T4,20,50,c414,"['c414', 'c431', 'c441']",0.425
test_P2,778,G21,test,mid,P2_triple,P2_triple,sc10,T4,62,155,c431,"['c430', 'c431', 'c440']",0.75
test_P2,778,G21,test,mid,P2_triple,P2_triple,sc10,T4,104,260,c440,"['c404', 'c440', 'c443']",0.6
test_P2,778,G21,test,mid,P2_triple,P2_triple,sc10,T4,147,367,c404,"['c404', 'c440']",0.6
test_P2,778,G21,test,mid,P2_triple,P2_triple,sc10,T4,189,472,c222,['c222'],1.0
test_P2,778,G21,test,mid,P2_triple,P2_triple,sc10,T4,231,577,c222,['c222'],1.0
test_P2,779,G21,test,mid,P2_triple,P2_triple,sc11,T5,20,50,c430,"['c414', 'c430', 'c444']",0.6
test_P2,779,G21,test,mid,P2_triple,P2_triple,sc11,T5,62,155,c414,"['c414', 'c430']",0.725
test_P2,779,G21,test,mid,P2_triple,P2_triple,sc11,T5,104,260,c414,"['c403', 'c414']",0.725
test_P2,779,G21,test,mid,P2_triple,P2_triple,sc11,T5,147,367,c403,"['c403', 'c443']",0.75
test_P2,779,G21,test,mid,P2_triple,P2_triple,sc11,T5,189,472,c443,"['c222', 'c443']",0.9
test_P2,779,G21,test,mid,P2_triple,P2_triple,sc11,T5,231,577,c222,['c222'],1.0
test_P2,788,G21,test,low,P2_triple,P2_triple,sc08,T2,20,50,c430,"['c430', 'c431']",0.725
test_P2,788,G21,test,low,P2_triple,P2_triple,sc08,T2,62,155,c441,"['c441', 'c444']",0.725
test_P2,788,G21,test,low,P2_triple,P2_triple,sc08,T2,104,260,c444,"['c404', 'c441', 'c444']",0.425
test_P2,788,G21,test,low,P2_triple,P2_triple,sc08,T2,147,367,c441,"['c222', 'c441', 'c444']",0.475
test_P2,788,G21,test,low,P2_triple,P2_triple,sc08,T2,189,472,c222,['c222'],1.0
test_P2,788,G21,test,low,P2_triple,P2_triple,sc08,T2,231,577,c222,['c222'],1.0
test_P2,789,G21,test,low,P2_triple,P2_triple,sc09,T3,20,50,c431,"['c403', 'c431']",0.575
test_P2,789,G21,test,low,P2_triple,P2_triple,sc09,T3,62,155,c403,"['c403', 'c440']",0.875
test_P2,789,G21,test,low,P2_triple,P2_triple,sc09,T3,105,262,c440,"['c404', 'c440']",0.525
test_P2,789,G21,test,low,P2_triple,P2_triple,sc09,T3,147,367,c440,"['c440', 'c441', 'c443']",0.45
test_P2,789,G21,test,low,P2_triple,P2_triple,sc09,T3,190,475,c222,['c222'],1.0
test_P2,789,G21,test,low,P2_triple,P2_triple,sc09,T3,232,580,c222,['c222'],1.0
test_P2,790,G21,test,low,P2_triple,P2_triple,sc10,T4,20,50,c414,"['c414', 'c431', 'c441']",0.425
test_P2,790,G21,test,low,P2_triple,P2_triple,sc10,T4,62,155,c431,"['c430', 'c431', 'c440']",0.75
test_P2,790,G21,test,low,P2_triple,P2_triple,sc10,T4,104,260,c440,"['c404', 'c440', 'c443']",0.6
test_P2,790,G21,test,low,P2_triple,P2_triple,sc10,T4,147,367,c404,"['c404', 'c440']",0.6
test_P2,790,G21,test,low,P2_triple,P2_triple,sc10,T4,189,472,c222,['c222'],1.0
test_P2,790,G21,test,low,P2_triple,P2_triple,sc10,T4,231,577,c222,['c222'],1.0
test_P2,791,G21,test,low,P2_triple,P2_triple,sc11,T5,20,50,c430,"['c414', 'c430', 'c444']",0.6
test_P2,791,G21,test,low,P2_triple,P2_triple,sc11,T5,62,155,c414,"['c414', 'c430']",0.725
test_P2,791,G21,test,low,P2_triple,P2_triple,sc11,T5,104,260,c414,"['c403', 'c414']",0.725
test_P2,791,G21,test,low,P2_triple,P2_triple,sc11,T5,147,367,c403,"['c403', 'c443']",0.75
test_P2,791,G21,test,low,P2_triple,P2_triple,sc11,T5,189,472,c443,"['c222', 'c443']",0.9
test_P2,791,G21,test,low,P2_triple,P2_triple,sc11,T5,231,577,c222,['c222'],1.0
test_P2,800,G22,test,nominal,P2_triple,P2_triple,sc08,T2,20,50,c404,"['c404', 'c444']",0.725
test_P2,800,G22,test,nominal,P2_triple,P2_triple,sc08,T2,62,155,c431,"['c431', 'c440']",0.725
test_P2,800,G22,test,nominal,P2_triple,P2_triple,sc08,T2,104,260,c430,"['c430', 'c441']",0.575
test_P2,800,G22,test,nominal,P2_triple,P2_triple,sc08,T2,147,367,c441,"['c222', 'c441', 'c443']",0.475
test_P2,800,G22,test,nominal,P2_triple,P2_triple,sc08,T2,189,472,c222,['c222'],1.0
test_P2,800,G22,test,nominal,P2_triple,P2_triple,sc08,T2,231,577,c222,['c222'],1.0
test_P2,801,G22,test,nominal,P2_triple,P2_triple,sc09,T3,20,50,c440,"['c430', 'c440']",0.575
test_P2,801,G22,test,nominal,P2_triple,P2_triple,sc09,T3,62,155,c430,"['c403', 'c430', 'c431']",0.6
test_P2,801,G22,test,nominal,P2_triple,P2_triple,sc09,T3,105,262,c431,"['c414', 'c431']",0.525
test_P2,801,G22,test,nominal,P2_triple,P2_triple,sc09,T3,147,367,c431,"['c431', 'c443', 'c444']",0.45
test_P2,801,G22,test,nominal,P2_triple,P2_triple,sc09,T3,190,475,c222,['c222'],1.0
test_P2,801,G22,test,nominal,P2_triple,P2_triple,sc09,T3,232,580,c222,['c222'],1.0
test_P2,802,G22,test,nominal,P2_triple,P2_triple,sc10,T4,20,50,c444,"['c443', 'c444']",0.575
test_P2,802,G22,test,nominal,P2_triple,P2_triple,sc10,T4,62,155,c443,"['c404', 'c443', 'c444']",0.75
test_P2,802,G22,test,nominal,P2_triple,P2_triple,sc10,T4,104,260,c444,"['c414', 'c441', 'c444']",0.6
test_P2,802,G22,test,nominal,P2_triple,P2_triple,sc10,T4,147,367,c414,"['c414', 'c441']",0.6
test_P2,802,G22,test,nominal,P2_triple,P2_triple,sc10,T4,189,472,c222,['c222'],1.0
test_P2,802,G22,test,nominal,P2_triple,P2_triple,sc10,T4,231,577,c222,['c222'],1.0
test_P2,803,G22,test,nominal,P2_triple,P2_triple,sc11,T5,20,50,c430,"['c403', 'c404', 'c430']",0.6
test_P2,803,G22,test,nominal,P2_triple,P2_triple,sc11,T5,62,155,c404,"['c404', 'c414']",0.725
test_P2,803,G22,test,nominal,P2_triple,P2_triple,sc11,T5,104,260,c440,"['c403', 'c440']",0.725
test_P2,803,G22,test,nominal,P2_triple,P2_triple,sc11,T5,147,367,c403,"['c403', 'c430', 'c440']",0.45
test_P2,803,G22,test,nominal,P2_triple,P2_triple,sc11,T5,189,472,c430,"['c222', 'c430']",0.9
test_P2,803,G22,test,nominal,P2_triple,P2_triple,sc11,T5,231,577,c222,['c222'],1.0
test_P2,812,G22,test,mid,P2_triple,P2_triple,sc08,T2,20,50,c404,"['c404', 'c444']",0.725
test_P2,812,G22,test,mid,P2_triple,P2_triple,sc08,T2,62,155,c431,"['c431', 'c440']",0.725
test_P2,812,G22,test,mid,P2_triple,P2_triple,sc08,T2,104,260,c430,"['c430', 'c441']",0.575
test_P2,812,G22,test,mid,P2_triple,P2_triple,sc08,T2,147,367,c441,"['c222', 'c441', 'c443']",0.475
test_P2,812,G22,test,mid,P2_triple,P2_triple,sc08,T2,189,472,c222,['c222'],1.0
test_P2,812,G22,test,mid,P2_triple,P2_triple,sc08,T2,231,577,c222,['c222'],1.0
test_P2,813,G22,test,mid,P2_triple,P2_triple,sc09,T3,20,50,c440,"['c430', 'c440']",0.575
test_P2,813,G22,test,mid,P2_triple,P2_triple,sc09,T3,62,155,c430,"['c403', 'c430', 'c431']",0.6
test_P2,813,G22,test,mid,P2_triple,P2_triple,sc09,T3,105,262,c431,"['c414', 'c431']",0.525
test_P2,813,G22,test,mid,P2_triple,P2_triple,sc09,T3,147,367,c431,"['c431', 'c443', 'c444']",0.45
test_P2,813,G22,test,mid,P2_triple,P2_triple,sc09,T3,190,475,c222,['c222'],1.0
test_P2,813,G22,test,mid,P2_triple,P2_triple,sc09,T3,232,580,c222,['c222'],1.0
test_P2,814,G22,test,mid,P2_triple,P2_triple,sc10,T4,20,50,c444,"['c443', 'c444']",0.575
test_P2,814,G22,test,mid,P2_triple,P2_triple,sc10,T4,62,155,c443,"['c404', 'c443', 'c444']",0.75
test_P2,814,G22,test,mid,P2_triple,P2_triple,sc10,T4,104,260,c444,"['c414', 'c441', 'c444']",0.6
test_P2,814,G22,test,mid,P2_triple,P2_triple,sc10,T4,147,367,c414,"['c414', 'c441']",0.6
test_P2,814,G22,test,mid,P2_triple,P2_triple,sc10,T4,189,472,c222,['c222'],1.0
test_P2,814,G22,test,mid,P2_triple,P2_triple,sc10,T4,231,577,c222,['c222'],1.0
test_P2,815,G22,test,mid,P2_triple,P2_triple,sc11,T5,20,50,c430,"['c403', 'c404', 'c430']",0.6
test_P2,815,G22,test,mid,P2_triple,P2_triple,sc11,T5,62,155,c404,"['c404', 'c414']",0.725
test_P2,815,G22,test,mid,P2_triple,P2_triple,sc11,T5,104,260,c440,"['c403', 'c440']",0.725
test_P2,815,G22,test,mid,P2_triple,P2_triple,sc11,T5,147,367,c403,"['c403', 'c430', 'c440']",0.45
test_P2,815,G22,test,mid,P2_triple,P2_triple,sc11,T5,189,472,c430,"['c222', 'c430']",0.9
test_P2,815,G22,test,mid,P2_triple,P2_triple,sc11,T5,231,577,c222,['c222'],1.0
test_P2,824,G22,test,low,P2_triple,P2_triple,sc08,T2,20,50,c404,"['c404', 'c444']",0.725
test_P2,824,G22,test,low,P2_triple,P2_triple,sc08,T2,62,155,c431,"['c431', 'c440']",0.725
test_P2,824,G22,test,low,P2_triple,P2_triple,sc08,T2,104,260,c430,"['c430', 'c441']",0.575
test_P2,824,G22,test,low,P2_triple,P2_triple,sc08,T2,147,367,c441,"['c222', 'c441', 'c443']",0.475
test_P2,824,G22,test,low,P2_triple,P2_triple,sc08,T2,189,472,c222,['c222'],1.0
test_P2,824,G22,test,low,P2_triple,P2_triple,sc08,T2,231,577,c222,['c222'],1.0
test_P2,825,G22,test,low,P2_triple,P2_triple,sc09,T3,20,50,c440,"['c430', 'c440']",0.575
test_P2,825,G22,test,low,P2_triple,P2_triple,sc09,T3,62,155,c430,"['c403', 'c430', 'c431']",0.6
test_P2,825,G22,test,low,P2_triple,P2_triple,sc09,T3,105,262,c431,"['c414', 'c431']",0.525
test_P2,825,G22,test,low,P2_triple,P2_triple,sc09,T3,147,367,c431,"['c431', 'c443', 'c444']",0.45
test_P2,825,G22,test,low,P2_triple,P2_triple,sc09,T3,190,475,c222,['c222'],1.0
test_P2,825,G22,test,low,P2_triple,P2_triple,sc09,T3,232,580,c222,['c222'],1.0
test_P2,826,G22,test,low,P2_triple,P2_triple,sc10,T4,20,50,c444,"['c443', 'c444']",0.575
test_P2,826,G22,test,low,P2_triple,P2_triple,sc10,T4,62,155,c443,"['c404', 'c443', 'c444']",0.75
test_P2,826,G22,test,low,P2_triple,P2_triple,sc10,T4,104,260,c444,"['c414', 'c441', 'c444']",0.6
test_P2,826,G22,test,low,P2_triple,P2_triple,sc10,T4,147,367,c414,"['c414', 'c441']",0.6
test_P2,826,G22,test,low,P2_triple,P2_triple,sc10,T4,189,472,c222,['c222'],1.0
test_P2,826,G22,test,low,P2_triple,P2_triple,sc10,T4,231,577,c222,['c222'],1.0
test_P2,827,G22,test,low,P2_triple,P2_triple,sc11,T5,20,50,c430,"['c403', 'c404', 'c430']",0.6
test_P2,827,G22,test,low,P2_triple,P2_triple,sc11,T5,62,155,c404,"['c404', 'c414']",0.725
test_P2,827,G22,test,low,P2_triple,P2_triple,sc11,T5,104,260,c440,"['c403', 'c440']",0.725
test_P2,827,G22,test,low,P2_triple,P2_triple,sc11,T5,147,367,c403,"['c403', 'c430', 'c440']",0.45
test_P2,827,G22,test,low,P2_triple,P2_triple,sc11,T5,189,472,c430,"['c222', 'c430']",0.9
test_P2,827,G22,test,low,P2_triple,P2_triple,sc11,T5,231,577,c222,['c222'],1.0
test_P2,836,G23,test,nominal,P2_triple,P2_triple,sc08,T2,20,50,c414,"['c414', 'c441']",0.725
test_P2,836,G23,test,nominal,P2_triple,P2_triple,sc08,T2,62,155,c404,"['c404', 'c441']",0.725
test_P2,836,G23,test,nominal,P2_triple,P2_triple,sc08,T2,104,260,c431,"['c431', 'c440', 'c443']",0.425
test_P2,836,G23,test,nominal,P2_triple,P2_triple,sc08,T2,147,367,c440,"['c222', 'c403', 'c440']",0.475
test_P2,836,G23,test,nominal,P2_triple,P2_triple,sc08,T2,189,472,c222,['c222'],1.0
test_P2,836,G23,test,nominal,P2_triple,P2_triple,sc08,T2,231,577,c222,['c222'],1.0
test_P2,837,G23,test,nominal,P2_triple,P2_triple,sc09,T3,20,50,c444,"['c430', 'c444']",0.575
test_P2,837,G23,test,nominal,P2_triple,P2_triple,sc09,T3,62,155,c430,"['c430', 'c444']",0.6
test_P2,837,G23,test,nominal,P2_triple,P2_triple,sc09,T3,105,262,c430,"['c430', 'c443', 'c444']",0.475
test_P2,837,G23,test,nominal,P2_triple,P2_triple,sc09,T3,147,367,c444,"['c431', 'c441', 'c444']",0.45
test_P2,837,G23,test,nominal,P2_triple,P2_triple,sc09,T3,190,475,c222,['c222'],1.0
test_P2,837,G23,test,nominal,P2_triple,P2_triple,sc09,T3,232,580,c222,['c222'],1.0
test_P2,838,G23,test,nominal,P2_triple,P2_triple,sc10,T4,20,50,c403,"['c403', 'c443']",0.7
test_P2,838,G23,test,nominal,P2_triple,P2_triple,sc10,T4,62,155,c403,"['c403', 'c414']",0.875
test_P2,838,G23,test,nominal,P2_triple,P2_triple,sc10,T4,104,260,c414,"['c414', 'c430', 'c441']",0.6
test_P2,838,G23,test,nominal,P2_triple,P2_triple,sc10,T4,147,367,c430,"['c430', 'c440']",0.6
test_P2,838,G23,test,nominal,P2_triple,P2_triple,sc10,T4,189,472,c222,['c222'],1.0
test_P2,838,G23,test,nominal,P2_triple,P2_triple,sc10,T4,231,577,c222,['c222'],1.0
test_P2,839,G23,test,nominal,P2_triple,P2_triple,sc11,T5,20,50,c430,"['c404', 'c430', 'c443']",0.6
test_P2,839,G23,test,nominal,P2_triple,P2_triple,sc11,T5,62,155,c443,"['c440', 'c443']",0.725
test_P2,839,G23,test,nominal,P2_triple,P2_triple,sc11,T5,104,260,c404,"['c404', 'c431']",0.725
test_P2,839,G23,test,nominal,P2_triple,P2_triple,sc11,T5,147,367,c431,"['c431', 'c440', 'c444']",0.45
test_P2,839,G23,test,nominal,P2_triple,P2_triple,sc11,T5,189,472,c444,"['c222', 'c444']",0.9
test_P2,839,G23,test,nominal,P2_triple,P2_triple,sc11,T5,231,577,c222,['c222'],1.0
test_P2,848,G23,test,mid,P2_triple,P2_triple,sc08,T2,20,50,c414,"['c414', 'c441']",0.725
test_P2,848,G23,test,mid,P2_triple,P2_triple,sc08,T2,62,155,c404,"['c404', 'c441']",0.725
test_P2,848,G23,test,mid,P2_triple,P2_triple,sc08,T2,104,260,c431,"['c431', 'c440', 'c443']",0.425
test_P2,848,G23,test,mid,P2_triple,P2_triple,sc08,T2,147,367,c440,"['c222', 'c403', 'c440']",0.475
test_P2,848,G23,test,mid,P2_triple,P2_triple,sc08,T2,189,472,c222,['c222'],1.0
test_P2,848,G23,test,mid,P2_triple,P2_triple,sc08,T2,231,577,c222,['c222'],1.0
test_P2,849,G23,test,mid,P2_triple,P2_triple,sc09,T3,20,50,c444,"['c430', 'c444']",0.575
test_P2,849,G23,test,mid,P2_triple,P2_triple,sc09,T3,62,155,c430,"['c430', 'c444']",0.6
test_P2,849,G23,test,mid,P2_triple,P2_triple,sc09,T3,105,262,c430,"['c430', 'c443', 'c444']",0.475
test_P2,849,G23,test,mid,P2_triple,P2_triple,sc09,T3,147,367,c444,"['c431', 'c441', 'c444']",0.45
test_P2,849,G23,test,mid,P2_triple,P2_triple,sc09,T3,190,475,c222,['c222'],1.0
test_P2,849,G23,test,mid,P2_triple,P2_triple,sc09,T3,232,580,c222,['c222'],1.0
test_P2,850,G23,test,mid,P2_triple,P2_triple,sc10,T4,20,50,c403,"['c403', 'c443']",0.7
test_P2,850,G23,test,mid,P2_triple,P2_triple,sc10,T4,62,155,c403,"['c403', 'c414']",0.875
test_P2,850,G23,test,mid,P2_triple,P2_triple,sc10,T4,104,260,c414,"['c414', 'c430', 'c441']",0.6
test_P2,850,G23,test,mid,P2_triple,P2_triple,sc10,T4,147,367,c430,"['c430', 'c440']",0.6
test_P2,850,G23,test,mid,P2_triple,P2_triple,sc10,T4,189,472,c222,['c222'],1.0
test_P2,850,G23,test,mid,P2_triple,P2_triple,sc10,T4,231,577,c222,['c222'],1.0
test_P2,851,G23,test,mid,P2_triple,P2_triple,sc11,T5,20,50,c430,"['c404', 'c430', 'c443']",0.6
test_P2,851,G23,test,mid,P2_triple,P2_triple,sc11,T5,62,155,c443,"['c440', 'c443']",0.725
test_P2,851,G23,test,mid,P2_triple,P2_triple,sc11,T5,104,260,c404,"['c404', 'c431']",0.725
test_P2,851,G23,test,mid,P2_triple,P2_triple,sc11,T5,147,367,c431,"['c431', 'c440', 'c444']",0.45
test_P2,851,G23,test,mid,P2_triple,P2_triple,sc11,T5,189,472,c444,"['c222', 'c444']",0.9
test_P2,851,G23,test,mid,P2_triple,P2_triple,sc11,T5,231,577,c222,['c222'],1.0
test_P2,860,G23,test,low,P2_triple,P2_triple,sc08,T2,20,50,c414,"['c414', 'c441']",0.725
test_P2,860,G23,test,low,P2_triple,P2_triple,sc08,T2,62,155,c404,"['c404', 'c441']",0.725
test_P2,860,G23,test,low,P2_triple,P2_triple,sc08,T2,104,260,c431,"['c431', 'c440', 'c443']",0.425
test_P2,860,G23,test,low,P2_triple,P2_triple,sc08,T2,147,367,c440,"['c222', 'c403', 'c440']",0.475
test_P2,860,G23,test,low,P2_triple,P2_triple,sc08,T2,189,472,c222,['c222'],1.0
test_P2,860,G23,test,low,P2_triple,P2_triple,sc08,T2,231,577,c222,['c222'],1.0
test_P2,861,G23,test,low,P2_triple,P2_triple,sc09,T3,20,50,c444,"['c430', 'c444']",0.575
test_P2,861,G23,test,low,P2_triple,P2_triple,sc09,T3,62,155,c430,"['c430', 'c444']",0.6
test_P2,861,G23,test,low,P2_triple,P2_triple,sc09,T3,105,262,c430,"['c430', 'c443', 'c444']",0.475
test_P2,861,G23,test,low,P2_triple,P2_triple,sc09,T3,147,367,c444,"['c431', 'c441', 'c444']",0.45
test_P2,861,G23,test,low,P2_triple,P2_triple,sc09,T3,190,475,c222,['c222'],1.0
test_P2,861,G23,test,low,P2_triple,P2_triple,sc09,T3,232,580,c222,['c222'],1.0
test_P2,862,G23,test,low,P2_triple,P2_triple,sc10,T4,20,50,c403,"['c403', 'c443']",0.7
test_P2,862,G23,test,low,P2_triple,P2_triple,sc10,T4,62,155,c403,"['c403', 'c414']",0.875
test_P2,862,G23,test,low,P2_triple,P2_triple,sc10,T4,104,260,c414,"['c414', 'c430', 'c441']",0.6
test_P2,862,G23,test,low,P2_triple,P2_triple,sc10,T4,147,367,c430,"['c430', 'c440']",0.6
test_P2,862,G23,test,low,P2_triple,P2_triple,sc10,T4,189,472,c222,['c222'],1.0
test_P2,862,G23,test,low,P2_triple,P2_triple,sc10,T4,231,577,c222,['c222'],1.0
test_P2,863,G23,test,low,P2_triple,P2_triple,sc11,T5,20,50,c430,"['c404', 'c430', 'c443']",0.6
test_P2,863,G23,test,low,P2_triple,P2_triple,sc11,T5,62,155,c443,"['c440', 'c443']",0.725
test_P2,863,G23,test,low,P2_triple,P2_triple,sc11,T5,104,260,c404,"['c404', 'c431']",0.725
test_P2,863,G23,test,low,P2_triple,P2_triple,sc11,T5,147,367,c431,"['c431', 'c440', 'c444']",0.45
test_P2,863,G23,test,low,P2_triple,P2_triple,sc11,T5,189,472,c444,"['c222', 'c444']",0.9
test_P2,863,G23,test,low,P2_triple,P2_triple,sc11,T5,231,577,c222,['c222'],1.0
