episode_id,condition,command_family,anchor_group,rep,friction,split,origin_grid,origin_tick,origin_time,history_grid,future_grid,history_src_tick,future_src_tick,row_index,split_label
48,normal,Q1_straight,AQ6,0,1.0,A_unseen_anchor_seen_family,20,50,1.0,"(1, 20)","(21, 60)","(2, 50)","(52, 150)",0,A_unseen_anchor_seen_family
48,normal,Q1_straight,AQ6,0,1.0,A_unseen_anchor_seen_family,23,57,1.1400000000000001,"(4, 23)","(24, 63)","(10, 57)","(60, 157)",1,A_unseen_anchor_seen_family
48,normal,Q1_straight,AQ6,0,1.0,A_unseen_anchor_seen_family,25,62,1.24,"(6, 25)","(26, 65)","(15, 62)","(65, 162)",2,A_unseen_anchor_seen_family
48,normal,Q1_straight,AQ6,0,1.0,A_unseen_anchor_seen_family,28,70,1.4000000000000001,"(9, 28)","(29, 68)","(22, 70)","(72, 170)",3,A_unseen_anchor_seen_family
48,normal,Q1_straight,AQ6,0,1.0,A_unseen_anchor_seen_family,31,77,1.54,"(12, 31)","(32, 71)","(30, 77)","(80, 177)",4,A_unseen_anchor_seen_family
48,normal,Q1_straight,AQ6,0,1.0,A_unseen_anchor_seen_family,34,85,1.7,"(15, 34)","(35, 74)","(37, 85)","(87, 185)",5,A_unseen_anchor_seen_family
48,normal,Q1_straight,AQ6,0,1.0,A_unseen_anchor_seen_family,36,90,1.8,"(17, 36)","(37, 76)","(42, 90)","(92, 190)",6,A_unseen_anchor_seen_family
48,normal,Q1_straight,AQ6,0,1.0,A_unseen_anchor_seen_family,39,97,1.94,"(20, 39)","(40, 79)","(50, 97)","(100, 197)",7,A_unseen_anchor_seen_family
49,normal,Q2_lateral,AQ6,0,1.0,A_unseen_anchor_seen_family,20,50,1.0,"(1, 20)","(21, 60)","(2, 50)","(52, 150)",8,A_unseen_anchor_seen_family
49,normal,Q2_lateral,AQ6,0,1.0,A_unseen_anchor_seen_family,23,57,1.1400000000000001,"(4, 23)","(24, 63)","(10, 57)","(60, 157)",9,A_unseen_anchor_seen_family
49,normal,Q2_lateral,AQ6,0,1.0,A_unseen_anchor_seen_family,25,62,1.24,"(6, 25)","(26, 65)","(15, 62)","(65, 162)",10,A_unseen_anchor_seen_family
49,normal,Q2_lateral,AQ6,0,1.0,A_unseen_anchor_seen_family,28,70,1.4000000000000001,"(9, 28)","(29, 68)","(22, 70)","(72, 170)",11,A_unseen_anchor_seen_family
49,normal,Q2_lateral,AQ6,0,1.0,A_unseen_anchor_seen_family,31,77,1.54,"(12, 31)","(32, 71)","(30, 77)","(80, 177)",12,A_unseen_anchor_seen_family
49,normal,Q2_lateral,AQ6,0,1.0,A_unseen_anchor_seen_family,34,85,1.7,"(15, 34)","(35, 74)","(37, 85)","(87, 185)",13,A_unseen_anchor_seen_family
49,normal,Q2_lateral,AQ6,0,1.0,A_unseen_anchor_seen_family,36,90,1.8,"(17, 36)","(37, 76)","(42, 90)","(92, 190)",14,A_unseen_anchor_seen_family
49,normal,Q2_lateral,AQ6,0,1.0,A_unseen_anchor_seen_family,39,97,1.94,"(20, 39)","(40, 79)","(50, 97)","(100, 197)",15,A_unseen_anchor_seen_family
50,normal,Q3_turn,AQ6,0,1.0,A_unseen_anchor_seen_family,20,50,1.0,"(1, 20)","(21, 60)","(2, 50)","(52, 150)",16,A_unseen_anchor_seen_family
50,normal,Q3_turn,AQ6,0,1.0,A_unseen_anchor_seen_family,23,57,1.1400000000000001,"(4, 23)","(24, 63)","(10, 57)","(60, 157)",17,A_unseen_anchor_seen_family
50,normal,Q3_turn,AQ6,0,1.0,A_unseen_anchor_seen_family,25,62,1.24,"(6, 25)","(26, 65)","(15, 62)","(65, 162)",18,A_unseen_anchor_seen_family
50,normal,Q3_turn,AQ6,0,1.0,A_unseen_anchor_seen_family,28,70,1.4000000000000001,"(9, 28)","(29, 68)","(22, 70)","(72, 170)",19,A_unseen_anchor_seen_family
50,normal,Q3_turn,AQ6,0,1.0,A_unseen_anchor_seen_family,31,77,1.54,"(12, 31)","(32, 71)","(30, 77)","(80, 177)",20,A_unseen_anchor_seen_family
50,normal,Q3_turn,AQ6,0,1.0,A_unseen_anchor_seen_family,34,85,1.7,"(15, 34)","(35, 74)","(37, 85)","(87, 185)",21,A_unseen_anchor_seen_family
50,normal,Q3_turn,AQ6,0,1.0,A_unseen_anchor_seen_family,36,90,1.8,"(17, 36)","(37, 76)","(42, 90)","(92, 190)",22,A_unseen_anchor_seen_family
50,normal,Q3_turn,AQ6,0,1.0,A_unseen_anchor_seen_family,39,97,1.94,"(20, 39)","(40, 79)","(50, 97)","(100, 197)",23,A_unseen_anchor_seen_family
52,normal,Q1_straight,AQ6,1,1.0,A_unseen_anchor_seen_family,20,50,1.0,"(1, 20)","(21, 60)","(2, 50)","(52, 150)",24,A_unseen_anchor_seen_family
52,normal,Q1_straight,AQ6,1,1.0,A_unseen_anchor_seen_family,23,57,1.1400000000000001,"(4, 23)","(24, 63)","(10, 57)","(60, 157)",25,A_unseen_anchor_seen_family
52,normal,Q1_straight,AQ6,1,1.0,A_unseen_anchor_seen_family,27,67,1.34,"(8, 27)","(28, 67)","(20, 67)","(70, 167)",26,A_unseen_anchor_seen_family
52,normal,Q1_straight,AQ6,1,1.0,A_unseen_anchor_seen_family,30,75,1.5,"(11, 30)","(31, 70)","(27, 75)","(77, 175)",27,A_unseen_anchor_seen_family
52,normal,Q1_straight,AQ6,1,1.0,A_unseen_anchor_seen_family,33,82,1.6400000000000001,"(14, 33)","(34, 73)","(35, 82)","(85, 182)",28,A_unseen_anchor_seen_family
52,normal,Q1_straight,AQ6,1,1.0,A_unseen_anchor_seen_family,36,90,1.8,"(17, 36)","(37, 76)","(42, 90)","(92, 190)",29,A_unseen_anchor_seen_family
52,normal,Q1_straight,AQ6,1,1.0,A_unseen_anchor_seen_family,40,100,2.0,"(21, 40)","(41, 80)","(52, 100)","(102, 200)",30,A_unseen_anchor_seen_family
52,normal,Q1_straight,AQ6,1,1.0,A_unseen_anchor_seen_family,43,107,2.14,"(24, 43)","(44, 83)","(60, 107)","(110, 207)",31,A_unseen_anchor_seen_family
53,normal,Q2_lateral,AQ6,1,1.0,A_unseen_anchor_seen_family,20,50,1.0,"(1, 20)","(21, 60)","(2, 50)","(52, 150)",32,A_unseen_anchor_seen_family
53,normal,Q2_lateral,AQ6,1,1.0,A_unseen_anchor_seen_family,23,57,1.1400000000000001,"(4, 23)","(24, 63)","(10, 57)","(60, 157)",33,A_unseen_anchor_seen_family
53,normal,Q2_lateral,AQ6,1,1.0,A_unseen_anchor_seen_family,27,67,1.34,"(8, 27)","(28, 67)","(20, 67)","(70, 167)",34,A_unseen_anchor_seen_family
53,normal,Q2_lateral,AQ6,1,1.0,A_unseen_anchor_seen_family,30,75,1.5,"(11, 30)","(31, 70)","(27, 75)","(77, 175)",35,A_unseen_anchor_seen_family
53,normal,Q2_lateral,AQ6,1,1.0,A_unseen_anchor_seen_family,33,82,1.6400000000000001,"(14, 33)","(34, 73)","(35, 82)","(85, 182)",36,A_unseen_anchor_seen_family
53,normal,Q2_lateral,AQ6,1,1.0,A_unseen_anchor_seen_family,36,90,1.8,"(17, 36)","(37, 76)","(42, 90)","(92, 190)",37,A_unseen_anchor_seen_family
53,normal,Q2_lateral,AQ6,1,1.0,A_unseen_anchor_seen_family,40,100,2.0,"(21, 40)","(41, 80)","(52, 100)","(102, 200)",38,A_unseen_anchor_seen_family
53,normal,Q2_lateral,AQ6,1,1.0,A_unseen_anchor_seen_family,43,107,2.14,"(24, 43)","(44, 83)","(60, 107)","(110, 207)",39,A_unseen_anchor_seen_family
54,normal,Q3_turn,AQ6,1,1.0,A_unseen_anchor_seen_family,20,50,1.0,"(1, 20)","(21, 60)","(2, 50)","(52, 150)",40,A_unseen_anchor_seen_family
54,normal,Q3_turn,AQ6,1,1.0,A_unseen_anchor_seen_family,23,57,1.1400000000000001,"(4, 23)","(24, 63)","(10, 57)","(60, 157)",41,A_unseen_anchor_seen_family
54,normal,Q3_turn,AQ6,1,1.0,A_unseen_anchor_seen_family,27,67,1.34,"(8, 27)","(28, 67)","(20, 67)","(70, 167)",42,A_unseen_anchor_seen_family
54,normal,Q3_turn,AQ6,1,1.0,A_unseen_anchor_seen_family,30,75,1.5,"(11, 30)","(31, 70)","(27, 75)","(77, 175)",43,A_unseen_anchor_seen_family
54,normal,Q3_turn,AQ6,1,1.0,A_unseen_anchor_seen_family,33,82,1.6400000000000001,"(14, 33)","(34, 73)","(35, 82)","(85, 182)",44,A_unseen_anchor_seen_family
54,normal,Q3_turn,AQ6,1,1.0,A_unseen_anchor_seen_family,36,90,1.8,"(17, 36)","(37, 76)","(42, 90)","(92, 190)",45,A_unseen_anchor_seen_family
54,normal,Q3_turn,AQ6,1,1.0,A_unseen_anchor_seen_family,40,100,2.0,"(21, 40)","(41, 80)","(52, 100)","(102, 200)",46,A_unseen_anchor_seen_family
54,normal,Q3_turn,AQ6,1,1.0,A_unseen_anchor_seen_family,43,107,2.14,"(24, 43)","(44, 83)","(60, 107)","(110, 207)",47,A_unseen_anchor_seen_family
56,normal,Q1_straight,AQ7,0,1.0,A_unseen_anchor_seen_family,20,50,1.0,"(1, 20)","(21, 60)","(2, 50)","(52, 150)",48,A_unseen_anchor_seen_family
56,normal,Q1_straight,AQ7,0,1.0,A_unseen_anchor_seen_family,23,57,1.1400000000000001,"(4, 23)","(24, 63)","(10, 57)","(60, 157)",49,A_unseen_anchor_seen_family
56,normal,Q1_straight,AQ7,0,1.0,A_unseen_anchor_seen_family,25,62,1.24,"(6, 25)","(26, 65)","(15, 62)","(65, 162)",50,A_unseen_anchor_seen_family
56,normal,Q1_straight,AQ7,0,1.0,A_unseen_anchor_seen_family,28,70,1.4000000000000001,"(9, 28)","(29, 68)","(22, 70)","(72, 170)",51,A_unseen_anchor_seen_family
56,normal,Q1_straight,AQ7,0,1.0,A_unseen_anchor_seen_family,31,77,1.54,"(12, 31)","(32, 71)","(30, 77)","(80, 177)",52,A_unseen_anchor_seen_family
56,normal,Q1_straight,AQ7,0,1.0,A_unseen_anchor_seen_family,34,85,1.7,"(15, 34)","(35, 74)","(37, 85)","(87, 185)",53,A_unseen_anchor_seen_family
56,normal,Q1_straight,AQ7,0,1.0,A_unseen_anchor_seen_family,36,90,1.8,"(17, 36)","(37, 76)","(42, 90)","(92, 190)",54,A_unseen_anchor_seen_family
56,normal,Q1_straight,AQ7,0,1.0,A_unseen_anchor_seen_family,39,97,1.94,"(20, 39)","(40, 79)","(50, 97)","(100, 197)",55,A_unseen_anchor_seen_family
57,normal,Q2_lateral,AQ7,0,1.0,A_unseen_anchor_seen_family,20,50,1.0,"(1, 20)","(21, 60)","(2, 50)","(52, 150)",56,A_unseen_anchor_seen_family
57,normal,Q2_lateral,AQ7,0,1.0,A_unseen_anchor_seen_family,23,57,1.1400000000000001,"(4, 23)","(24, 63)","(10, 57)","(60, 157)",57,A_unseen_anchor_seen_family
57,normal,Q2_lateral,AQ7,0,1.0,A_unseen_anchor_seen_family,25,62,1.24,"(6, 25)","(26, 65)","(15, 62)","(65, 162)",58,A_unseen_anchor_seen_family
57,normal,Q2_lateral,AQ7,0,1.0,A_unseen_anchor_seen_family,28,70,1.4000000000000001,"(9, 28)","(29, 68)","(22, 70)","(72, 170)",59,A_unseen_anchor_seen_family
57,normal,Q2_lateral,AQ7,0,1.0,A_unseen_anchor_seen_family,31,77,1.54,"(12, 31)","(32, 71)","(30, 77)","(80, 177)",60,A_unseen_anchor_seen_family
57,normal,Q2_lateral,AQ7,0,1.0,A_unseen_anchor_seen_family,34,85,1.7,"(15, 34)","(35, 74)","(37, 85)","(87, 185)",61,A_unseen_anchor_seen_family
57,normal,Q2_lateral,AQ7,0,1.0,A_unseen_anchor_seen_family,36,90,1.8,"(17, 36)","(37, 76)","(42, 90)","(92, 190)",62,A_unseen_anchor_seen_family
57,normal,Q2_lateral,AQ7,0,1.0,A_unseen_anchor_seen_family,39,97,1.94,"(20, 39)","(40, 79)","(50, 97)","(100, 197)",63,A_unseen_anchor_seen_family
58,normal,Q3_turn,AQ7,0,1.0,A_unseen_anchor_seen_family,20,50,1.0,"(1, 20)","(21, 60)","(2, 50)","(52, 150)",64,A_unseen_anchor_seen_family
58,normal,Q3_turn,AQ7,0,1.0,A_unseen_anchor_seen_family,23,57,1.1400000000000001,"(4, 23)","(24, 63)","(10, 57)","(60, 157)",65,A_unseen_anchor_seen_family
58,normal,Q3_turn,AQ7,0,1.0,A_unseen_anchor_seen_family,25,62,1.24,"(6, 25)","(26, 65)","(15, 62)","(65, 162)",66,A_unseen_anchor_seen_family
58,normal,Q3_turn,AQ7,0,1.0,A_unseen_anchor_seen_family,28,70,1.4000000000000001,"(9, 28)","(29, 68)","(22, 70)","(72, 170)",67,A_unseen_anchor_seen_family
58,normal,Q3_turn,AQ7,0,1.0,A_unseen_anchor_seen_family,31,77,1.54,"(12, 31)","(32, 71)","(30, 77)","(80, 177)",68,A_unseen_anchor_seen_family
58,normal,Q3_turn,AQ7,0,1.0,A_unseen_anchor_seen_family,34,85,1.7,"(15, 34)","(35, 74)","(37, 85)","(87, 185)",69,A_unseen_anchor_seen_family
58,normal,Q3_turn,AQ7,0,1.0,A_unseen_anchor_seen_family,36,90,1.8,"(17, 36)","(37, 76)","(42, 90)","(92, 190)",70,A_unseen_anchor_seen_family
58,normal,Q3_turn,AQ7,0,1.0,A_unseen_anchor_seen_family,39,97,1.94,"(20, 39)","(40, 79)","(50, 97)","(100, 197)",71,A_unseen_anchor_seen_family
60,normal,Q1_straight,AQ7,1,1.0,A_unseen_anchor_seen_family,20,50,1.0,"(1, 20)","(21, 60)","(2, 50)","(52, 150)",72,A_unseen_anchor_seen_family
60,normal,Q1_straight,AQ7,1,1.0,A_unseen_anchor_seen_family,23,57,1.1400000000000001,"(4, 23)","(24, 63)","(10, 57)","(60, 157)",73,A_unseen_anchor_seen_family
60,normal,Q1_straight,AQ7,1,1.0,A_unseen_anchor_seen_family,25,62,1.24,"(6, 25)","(26, 65)","(15, 62)","(65, 162)",74,A_unseen_anchor_seen_family
60,normal,Q1_straight,AQ7,1,1.0,A_unseen_anchor_seen_family,28,70,1.4000000000000001,"(9, 28)","(29, 68)","(22, 70)","(72, 170)",75,A_unseen_anchor_seen_family
60,normal,Q1_straight,AQ7,1,1.0,A_unseen_anchor_seen_family,31,77,1.54,"(12, 31)","(32, 71)","(30, 77)","(80, 177)",76,A_unseen_anchor_seen_family
60,normal,Q1_straight,AQ7,1,1.0,A_unseen_anchor_seen_family,34,85,1.7,"(15, 34)","(35, 74)","(37, 85)","(87, 185)",77,A_unseen_anchor_seen_family
60,normal,Q1_straight,AQ7,1,1.0,A_unseen_anchor_seen_family,36,90,1.8,"(17, 36)","(37, 76)","(42, 90)","(92, 190)",78,A_unseen_anchor_seen_family
60,normal,Q1_straight,AQ7,1,1.0,A_unseen_anchor_seen_family,39,97,1.94,"(20, 39)","(40, 79)","(50, 97)","(100, 197)",79,A_unseen_anchor_seen_family
61,normal,Q2_lateral,AQ7,1,1.0,A_unseen_anchor_seen_family,20,50,1.0,"(1, 20)","(21, 60)","(2, 50)","(52, 150)",80,A_unseen_anchor_seen_family
61,normal,Q2_lateral,AQ7,1,1.0,A_unseen_anchor_seen_family,22,55,1.1,"(3, 22)","(23, 62)","(7, 55)","(57, 155)",81,A_unseen_anchor_seen_family
61,normal,Q2_lateral,AQ7,1,1.0,A_unseen_anchor_seen_family,25,62,1.24,"(6, 25)","(26, 65)","(15, 62)","(65, 162)",82,A_unseen_anchor_seen_family
61,normal,Q2_lateral,AQ7,1,1.0,A_unseen_anchor_seen_family,27,67,1.34,"(8, 27)","(28, 67)","(20, 67)","(70, 167)",83,A_unseen_anchor_seen_family
61,normal,Q2_lateral,AQ7,1,1.0,A_unseen_anchor_seen_family,30,75,1.5,"(11, 30)","(31, 70)","(27, 75)","(77, 175)",84,A_unseen_anchor_seen_family
61,normal,Q2_lateral,AQ7,1,1.0,A_unseen_anchor_seen_family,32,80,1.6,"(13, 32)","(33, 72)","(32, 80)","(82, 180)",85,A_unseen_anchor_seen_family
61,normal,Q2_lateral,AQ7,1,1.0,A_unseen_anchor_seen_family,35,87,1.74,"(16, 35)","(36, 75)","(40, 87)","(90, 187)",86,A_unseen_anchor_seen_family
61,normal,Q2_lateral,AQ7,1,1.0,A_unseen_anchor_seen_family,37,92,1.84,"(18, 37)","(38, 77)","(45, 92)","(95, 192)",87,A_unseen_anchor_seen_family
62,normal,Q3_turn,AQ7,1,1.0,A_unseen_anchor_seen_family,20,50,1.0,"(1, 20)","(21, 60)","(2, 50)","(52, 150)",88,A_unseen_anchor_seen_family
62,normal,Q3_turn,AQ7,1,1.0,A_unseen_anchor_seen_family,22,55,1.1,"(3, 22)","(23, 62)","(7, 55)","(57, 155)",89,A_unseen_anchor_seen_family
62,normal,Q3_turn,AQ7,1,1.0,A_unseen_anchor_seen_family,25,62,1.24,"(6, 25)","(26, 65)","(15, 62)","(65, 162)",90,A_unseen_anchor_seen_family
62,normal,Q3_turn,AQ7,1,1.0,A_unseen_anchor_seen_family,27,67,1.34,"(8, 27)","(28, 67)","(20, 67)","(70, 167)",91,A_unseen_anchor_seen_family
62,normal,Q3_turn,AQ7,1,1.0,A_unseen_anchor_seen_family,30,75,1.5,"(11, 30)","(31, 70)","(27, 75)","(77, 175)",92,A_unseen_anchor_seen_family
62,normal,Q3_turn,AQ7,1,1.0,A_unseen_anchor_seen_family,32,80,1.6,"(13, 32)","(33, 72)","(32, 80)","(82, 180)",93,A_unseen_anchor_seen_family
62,normal,Q3_turn,AQ7,1,1.0,A_unseen_anchor_seen_family,35,87,1.74,"(16, 35)","(36, 75)","(40, 87)","(90, 187)",94,A_unseen_anchor_seen_family
62,normal,Q3_turn,AQ7,1,1.0,A_unseen_anchor_seen_family,37,92,1.84,"(18, 37)","(38, 77)","(45, 92)","(95, 192)",95,A_unseen_anchor_seen_family
128,friction_mid,Q1_straight,AQ6,0,0.6,A_unseen_anchor_seen_family,20,50,1.0,"(1, 20)","(21, 60)","(2, 50)","(52, 150)",96,A_unseen_anchor_seen_family
128,friction_mid,Q1_straight,AQ6,0,0.6,A_unseen_anchor_seen_family,23,57,1.1400000000000001,"(4, 23)","(24, 63)","(10, 57)","(60, 157)",97,A_unseen_anchor_seen_family
128,friction_mid,Q1_straight,AQ6,0,0.6,A_unseen_anchor_seen_family,25,62,1.24,"(6, 25)","(26, 65)","(15, 62)","(65, 162)",98,A_unseen_anchor_seen_family
128,friction_mid,Q1_straight,AQ6,0,0.6,A_unseen_anchor_seen_family,28,70,1.4000000000000001,"(9, 28)","(29, 68)","(22, 70)","(72, 170)",99,A_unseen_anchor_seen_family
128,friction_mid,Q1_straight,AQ6,0,0.6,A_unseen_anchor_seen_family,31,77,1.54,"(12, 31)","(32, 71)","(30, 77)","(80, 177)",100,A_unseen_anchor_seen_family
128,friction_mid,Q1_straight,AQ6,0,0.6,A_unseen_anchor_seen_family,34,85,1.7,"(15, 34)","(35, 74)","(37, 85)","(87, 185)",101,A_unseen_anchor_seen_family
128,friction_mid,Q1_straight,AQ6,0,0.6,A_unseen_anchor_seen_family,36,90,1.8,"(17, 36)","(37, 76)","(42, 90)","(92, 190)",102,A_unseen_anchor_seen_family
128,friction_mid,Q1_straight,AQ6,0,0.6,A_unseen_anchor_seen_family,39,97,1.94,"(20, 39)","(40, 79)","(50, 97)","(100, 197)",103,A_unseen_anchor_seen_family
129,friction_mid,Q2_lateral,AQ6,0,0.6,A_unseen_anchor_seen_family,20,50,1.0,"(1, 20)","(21, 60)","(2, 50)","(52, 150)",104,A_unseen_anchor_seen_family
129,friction_mid,Q2_lateral,AQ6,0,0.6,A_unseen_anchor_seen_family,23,57,1.1400000000000001,"(4, 23)","(24, 63)","(10, 57)","(60, 157)",105,A_unseen_anchor_seen_family
129,friction_mid,Q2_lateral,AQ6,0,0.6,A_unseen_anchor_seen_family,25,62,1.24,"(6, 25)","(26, 65)","(15, 62)","(65, 162)",106,A_unseen_anchor_seen_family
129,friction_mid,Q2_lateral,AQ6,0,0.6,A_unseen_anchor_seen_family,28,70,1.4000000000000001,"(9, 28)","(29, 68)","(22, 70)","(72, 170)",107,A_unseen_anchor_seen_family
129,friction_mid,Q2_lateral,AQ6,0,0.6,A_unseen_anchor_seen_family,31,77,1.54,"(12, 31)","(32, 71)","(30, 77)","(80, 177)",108,A_unseen_anchor_seen_family
129,friction_mid,Q2_lateral,AQ6,0,0.6,A_unseen_anchor_seen_family,34,85,1.7,"(15, 34)","(35, 74)","(37, 85)","(87, 185)",109,A_unseen_anchor_seen_family
129,friction_mid,Q2_lateral,AQ6,0,0.6,A_unseen_anchor_seen_family,36,90,1.8,"(17, 36)","(37, 76)","(42, 90)","(92, 190)",110,A_unseen_anchor_seen_family
129,friction_mid,Q2_lateral,AQ6,0,0.6,A_unseen_anchor_seen_family,39,97,1.94,"(20, 39)","(40, 79)","(50, 97)","(100, 197)",111,A_unseen_anchor_seen_family
130,friction_mid,Q3_turn,AQ6,0,0.6,A_unseen_anchor_seen_family,20,50,1.0,"(1, 20)","(21, 60)","(2, 50)","(52, 150)",112,A_unseen_anchor_seen_family
130,friction_mid,Q3_turn,AQ6,0,0.6,A_unseen_anchor_seen_family,23,57,1.1400000000000001,"(4, 23)","(24, 63)","(10, 57)","(60, 157)",113,A_unseen_anchor_seen_family
130,friction_mid,Q3_turn,AQ6,0,0.6,A_unseen_anchor_seen_family,25,62,1.24,"(6, 25)","(26, 65)","(15, 62)","(65, 162)",114,A_unseen_anchor_seen_family
130,friction_mid,Q3_turn,AQ6,0,0.6,A_unseen_anchor_seen_family,28,70,1.4000000000000001,"(9, 28)","(29, 68)","(22, 70)","(72, 170)",115,A_unseen_anchor_seen_family
130,friction_mid,Q3_turn,AQ6,0,0.6,A_unseen_anchor_seen_family,31,77,1.54,"(12, 31)","(32, 71)","(30, 77)","(80, 177)",116,A_unseen_anchor_seen_family
130,friction_mid,Q3_turn,AQ6,0,0.6,A_unseen_anchor_seen_family,34,85,1.7,"(15, 34)","(35, 74)","(37, 85)","(87, 185)",117,A_unseen_anchor_seen_family
130,friction_mid,Q3_turn,AQ6,0,0.6,A_unseen_anchor_seen_family,36,90,1.8,"(17, 36)","(37, 76)","(42, 90)","(92, 190)",118,A_unseen_anchor_seen_family
130,friction_mid,Q3_turn,AQ6,0,0.6,A_unseen_anchor_seen_family,39,97,1.94,"(20, 39)","(40, 79)","(50, 97)","(100, 197)",119,A_unseen_anchor_seen_family
132,friction_mid,Q1_straight,AQ6,1,0.6,A_unseen_anchor_seen_family,20,50,1.0,"(1, 20)","(21, 60)","(2, 50)","(52, 150)",120,A_unseen_anchor_seen_family
132,friction_mid,Q1_straight,AQ6,1,0.6,A_unseen_anchor_seen_family,23,57,1.1400000000000001,"(4, 23)","(24, 63)","(10, 57)","(60, 157)",121,A_unseen_anchor_seen_family
132,friction_mid,Q1_straight,AQ6,1,0.6,A_unseen_anchor_seen_family,27,67,1.34,"(8, 27)","(28, 67)","(20, 67)","(70, 167)",122,A_unseen_anchor_seen_family
132,friction_mid,Q1_straight,AQ6,1,0.6,A_unseen_anchor_seen_family,30,75,1.5,"(11, 30)","(31, 70)","(27, 75)","(77, 175)",123,A_unseen_anchor_seen_family
132,friction_mid,Q1_straight,AQ6,1,0.6,A_unseen_anchor_seen_family,33,82,1.6400000000000001,"(14, 33)","(34, 73)","(35, 82)","(85, 182)",124,A_unseen_anchor_seen_family
132,friction_mid,Q1_straight,AQ6,1,0.6,A_unseen_anchor_seen_family,36,90,1.8,"(17, 36)","(37, 76)","(42, 90)","(92, 190)",125,A_unseen_anchor_seen_family
132,friction_mid,Q1_straight,AQ6,1,0.6,A_unseen_anchor_seen_family,40,100,2.0,"(21, 40)","(41, 80)","(52, 100)","(102, 200)",126,A_unseen_anchor_seen_family
132,friction_mid,Q1_straight,AQ6,1,0.6,A_unseen_anchor_seen_family,43,107,2.14,"(24, 43)","(44, 83)","(60, 107)","(110, 207)",127,A_unseen_anchor_seen_family
133,friction_mid,Q2_lateral,AQ6,1,0.6,A_unseen_anchor_seen_family,20,50,1.0,"(1, 20)","(21, 60)","(2, 50)","(52, 150)",128,A_unseen_anchor_seen_family
133,friction_mid,Q2_lateral,AQ6,1,0.6,A_unseen_anchor_seen_family,23,57,1.1400000000000001,"(4, 23)","(24, 63)","(10, 57)","(60, 157)",129,A_unseen_anchor_seen_family
133,friction_mid,Q2_lateral,AQ6,1,0.6,A_unseen_anchor_seen_family,27,67,1.34,"(8, 27)","(28, 67)","(20, 67)","(70, 167)",130,A_unseen_anchor_seen_family
133,friction_mid,Q2_lateral,AQ6,1,0.6,A_unseen_anchor_seen_family,30,75,1.5,"(11, 30)","(31, 70)","(27, 75)","(77, 175)",131,A_unseen_anchor_seen_family
133,friction_mid,Q2_lateral,AQ6,1,0.6,A_unseen_anchor_seen_family,33,82,1.6400000000000001,"(14, 33)","(34, 73)","(35, 82)","(85, 182)",132,A_unseen_anchor_seen_family
133,friction_mid,Q2_lateral,AQ6,1,0.6,A_unseen_anchor_seen_family,36,90,1.8,"(17, 36)","(37, 76)","(42, 90)","(92, 190)",133,A_unseen_anchor_seen_family
133,friction_mid,Q2_lateral,AQ6,1,0.6,A_unseen_anchor_seen_family,40,100,2.0,"(21, 40)","(41, 80)","(52, 100)","(102, 200)",134,A_unseen_anchor_seen_family
133,friction_mid,Q2_lateral,AQ6,1,0.6,A_unseen_anchor_seen_family,43,107,2.14,"(24, 43)","(44, 83)","(60, 107)","(110, 207)",135,A_unseen_anchor_seen_family
134,friction_mid,Q3_turn,AQ6,1,0.6,A_unseen_anchor_seen_family,20,50,1.0,"(1, 20)","(21, 60)","(2, 50)","(52, 150)",136,A_unseen_anchor_seen_family
134,friction_mid,Q3_turn,AQ6,1,0.6,A_unseen_anchor_seen_family,23,57,1.1400000000000001,"(4, 23)","(24, 63)","(10, 57)","(60, 157)",137,A_unseen_anchor_seen_family
134,friction_mid,Q3_turn,AQ6,1,0.6,A_unseen_anchor_seen_family,27,67,1.34,"(8, 27)","(28, 67)","(20, 67)","(70, 167)",138,A_unseen_anchor_seen_family
134,friction_mid,Q3_turn,AQ6,1,0.6,A_unseen_anchor_seen_family,30,75,1.5,"(11, 30)","(31, 70)","(27, 75)","(77, 175)",139,A_unseen_anchor_seen_family
134,friction_mid,Q3_turn,AQ6,1,0.6,A_unseen_anchor_seen_family,33,82,1.6400000000000001,"(14, 33)","(34, 73)","(35, 82)","(85, 182)",140,A_unseen_anchor_seen_family
134,friction_mid,Q3_turn,AQ6,1,0.6,A_unseen_anchor_seen_family,36,90,1.8,"(17, 36)","(37, 76)","(42, 90)","(92, 190)",141,A_unseen_anchor_seen_family
134,friction_mid,Q3_turn,AQ6,1,0.6,A_unseen_anchor_seen_family,40,100,2.0,"(21, 40)","(41, 80)","(52, 100)","(102, 200)",142,A_unseen_anchor_seen_family
134,friction_mid,Q3_turn,AQ6,1,0.6,A_unseen_anchor_seen_family,43,107,2.14,"(24, 43)","(44, 83)","(60, 107)","(110, 207)",143,A_unseen_anchor_seen_family
136,friction_mid,Q1_straight,AQ7,0,0.6,A_unseen_anchor_seen_family,20,50,1.0,"(1, 20)","(21, 60)","(2, 50)","(52, 150)",144,A_unseen_anchor_seen_family
136,friction_mid,Q1_straight,AQ7,0,0.6,A_unseen_anchor_seen_family,23,57,1.1400000000000001,"(4, 23)","(24, 63)","(10, 57)","(60, 157)",145,A_unseen_anchor_seen_family
136,friction_mid,Q1_straight,AQ7,0,0.6,A_unseen_anchor_seen_family,25,62,1.24,"(6, 25)","(26, 65)","(15, 62)","(65, 162)",146,A_unseen_anchor_seen_family
136,friction_mid,Q1_straight,AQ7,0,0.6,A_unseen_anchor_seen_family,28,70,1.4000000000000001,"(9, 28)","(29, 68)","(22, 70)","(72, 170)",147,A_unseen_anchor_seen_family
136,friction_mid,Q1_straight,AQ7,0,0.6,A_unseen_anchor_seen_family,31,77,1.54,"(12, 31)","(32, 71)","(30, 77)","(80, 177)",148,A_unseen_anchor_seen_family
136,friction_mid,Q1_straight,AQ7,0,0.6,A_unseen_anchor_seen_family,34,85,1.7,"(15, 34)","(35, 74)","(37, 85)","(87, 185)",149,A_unseen_anchor_seen_family
136,friction_mid,Q1_straight,AQ7,0,0.6,A_unseen_anchor_seen_family,36,90,1.8,"(17, 36)","(37, 76)","(42, 90)","(92, 190)",150,A_unseen_anchor_seen_family
136,friction_mid,Q1_straight,AQ7,0,0.6,A_unseen_anchor_seen_family,39,97,1.94,"(20, 39)","(40, 79)","(50, 97)","(100, 197)",151,A_unseen_anchor_seen_family
137,friction_mid,Q2_lateral,AQ7,0,0.6,A_unseen_anchor_seen_family,20,50,1.0,"(1, 20)","(21, 60)","(2, 50)","(52, 150)",152,A_unseen_anchor_seen_family
137,friction_mid,Q2_lateral,AQ7,0,0.6,A_unseen_anchor_seen_family,23,57,1.1400000000000001,"(4, 23)","(24, 63)","(10, 57)","(60, 157)",153,A_unseen_anchor_seen_family
137,friction_mid,Q2_lateral,AQ7,0,0.6,A_unseen_anchor_seen_family,25,62,1.24,"(6, 25)","(26, 65)","(15, 62)","(65, 162)",154,A_unseen_anchor_seen_family
137,friction_mid,Q2_lateral,AQ7,0,0.6,A_unseen_anchor_seen_family,28,70,1.4000000000000001,"(9, 28)","(29, 68)","(22, 70)","(72, 170)",155,A_unseen_anchor_seen_family
137,friction_mid,Q2_lateral,AQ7,0,0.6,A_unseen_anchor_seen_family,31,77,1.54,"(12, 31)","(32, 71)","(30, 77)","(80, 177)",156,A_unseen_anchor_seen_family
137,friction_mid,Q2_lateral,AQ7,0,0.6,A_unseen_anchor_seen_family,34,85,1.7,"(15, 34)","(35, 74)","(37, 85)","(87, 185)",157,A_unseen_anchor_seen_family
137,friction_mid,Q2_lateral,AQ7,0,0.6,A_unseen_anchor_seen_family,36,90,1.8,"(17, 36)","(37, 76)","(42, 90)","(92, 190)",158,A_unseen_anchor_seen_family
137,friction_mid,Q2_lateral,AQ7,0,0.6,A_unseen_anchor_seen_family,39,97,1.94,"(20, 39)","(40, 79)","(50, 97)","(100, 197)",159,A_unseen_anchor_seen_family
138,friction_mid,Q3_turn,AQ7,0,0.6,A_unseen_anchor_seen_family,20,50,1.0,"(1, 20)","(21, 60)","(2, 50)","(52, 150)",160,A_unseen_anchor_seen_family
138,friction_mid,Q3_turn,AQ7,0,0.6,A_unseen_anchor_seen_family,23,57,1.1400000000000001,"(4, 23)","(24, 63)","(10, 57)","(60, 157)",161,A_unseen_anchor_seen_family
138,friction_mid,Q3_turn,AQ7,0,0.6,A_unseen_anchor_seen_family,25,62,1.24,"(6, 25)","(26, 65)","(15, 62)","(65, 162)",162,A_unseen_anchor_seen_family
138,friction_mid,Q3_turn,AQ7,0,0.6,A_unseen_anchor_seen_family,28,70,1.4000000000000001,"(9, 28)","(29, 68)","(22, 70)","(72, 170)",163,A_unseen_anchor_seen_family
138,friction_mid,Q3_turn,AQ7,0,0.6,A_unseen_anchor_seen_family,31,77,1.54,"(12, 31)","(32, 71)","(30, 77)","(80, 177)",164,A_unseen_anchor_seen_family
138,friction_mid,Q3_turn,AQ7,0,0.6,A_unseen_anchor_seen_family,34,85,1.7,"(15, 34)","(35, 74)","(37, 85)","(87, 185)",165,A_unseen_anchor_seen_family
138,friction_mid,Q3_turn,AQ7,0,0.6,A_unseen_anchor_seen_family,36,90,1.8,"(17, 36)","(37, 76)","(42, 90)","(92, 190)",166,A_unseen_anchor_seen_family
138,friction_mid,Q3_turn,AQ7,0,0.6,A_unseen_anchor_seen_family,39,97,1.94,"(20, 39)","(40, 79)","(50, 97)","(100, 197)",167,A_unseen_anchor_seen_family
140,friction_mid,Q1_straight,AQ7,1,0.6,A_unseen_anchor_seen_family,20,50,1.0,"(1, 20)","(21, 60)","(2, 50)","(52, 150)",168,A_unseen_anchor_seen_family
140,friction_mid,Q1_straight,AQ7,1,0.6,A_unseen_anchor_seen_family,23,57,1.1400000000000001,"(4, 23)","(24, 63)","(10, 57)","(60, 157)",169,A_unseen_anchor_seen_family
140,friction_mid,Q1_straight,AQ7,1,0.6,A_unseen_anchor_seen_family,25,62,1.24,"(6, 25)","(26, 65)","(15, 62)","(65, 162)",170,A_unseen_anchor_seen_family
140,friction_mid,Q1_straight,AQ7,1,0.6,A_unseen_anchor_seen_family,28,70,1.4000000000000001,"(9, 28)","(29, 68)","(22, 70)","(72, 170)",171,A_unseen_anchor_seen_family
140,friction_mid,Q1_straight,AQ7,1,0.6,A_unseen_anchor_seen_family,31,77,1.54,"(12, 31)","(32, 71)","(30, 77)","(80, 177)",172,A_unseen_anchor_seen_family
140,friction_mid,Q1_straight,AQ7,1,0.6,A_unseen_anchor_seen_family,34,85,1.7,"(15, 34)","(35, 74)","(37, 85)","(87, 185)",173,A_unseen_anchor_seen_family
140,friction_mid,Q1_straight,AQ7,1,0.6,A_unseen_anchor_seen_family,36,90,1.8,"(17, 36)","(37, 76)","(42, 90)","(92, 190)",174,A_unseen_anchor_seen_family
140,friction_mid,Q1_straight,AQ7,1,0.6,A_unseen_anchor_seen_family,39,97,1.94,"(20, 39)","(40, 79)","(50, 97)","(100, 197)",175,A_unseen_anchor_seen_family
141,friction_mid,Q2_lateral,AQ7,1,0.6,A_unseen_anchor_seen_family,20,50,1.0,"(1, 20)","(21, 60)","(2, 50)","(52, 150)",176,A_unseen_anchor_seen_family
141,friction_mid,Q2_lateral,AQ7,1,0.6,A_unseen_anchor_seen_family,22,55,1.1,"(3, 22)","(23, 62)","(7, 55)","(57, 155)",177,A_unseen_anchor_seen_family
141,friction_mid,Q2_lateral,AQ7,1,0.6,A_unseen_anchor_seen_family,25,62,1.24,"(6, 25)","(26, 65)","(15, 62)","(65, 162)",178,A_unseen_anchor_seen_family
141,friction_mid,Q2_lateral,AQ7,1,0.6,A_unseen_anchor_seen_family,27,67,1.34,"(8, 27)","(28, 67)","(20, 67)","(70, 167)",179,A_unseen_anchor_seen_family
141,friction_mid,Q2_lateral,AQ7,1,0.6,A_unseen_anchor_seen_family,30,75,1.5,"(11, 30)","(31, 70)","(27, 75)","(77, 175)",180,A_unseen_anchor_seen_family
141,friction_mid,Q2_lateral,AQ7,1,0.6,A_unseen_anchor_seen_family,32,80,1.6,"(13, 32)","(33, 72)","(32, 80)","(82, 180)",181,A_unseen_anchor_seen_family
141,friction_mid,Q2_lateral,AQ7,1,0.6,A_unseen_anchor_seen_family,35,87,1.74,"(16, 35)","(36, 75)","(40, 87)","(90, 187)",182,A_unseen_anchor_seen_family
141,friction_mid,Q2_lateral,AQ7,1,0.6,A_unseen_anchor_seen_family,37,92,1.84,"(18, 37)","(38, 77)","(45, 92)","(95, 192)",183,A_unseen_anchor_seen_family
142,friction_mid,Q3_turn,AQ7,1,0.6,A_unseen_anchor_seen_family,20,50,1.0,"(1, 20)","(21, 60)","(2, 50)","(52, 150)",184,A_unseen_anchor_seen_family
142,friction_mid,Q3_turn,AQ7,1,0.6,A_unseen_anchor_seen_family,22,55,1.1,"(3, 22)","(23, 62)","(7, 55)","(57, 155)",185,A_unseen_anchor_seen_family
142,friction_mid,Q3_turn,AQ7,1,0.6,A_unseen_anchor_seen_family,25,62,1.24,"(6, 25)","(26, 65)","(15, 62)","(65, 162)",186,A_unseen_anchor_seen_family
142,friction_mid,Q3_turn,AQ7,1,0.6,A_unseen_anchor_seen_family,27,67,1.34,"(8, 27)","(28, 67)","(20, 67)","(70, 167)",187,A_unseen_anchor_seen_family
142,friction_mid,Q3_turn,AQ7,1,0.6,A_unseen_anchor_seen_family,30,75,1.5,"(11, 30)","(31, 70)","(27, 75)","(77, 175)",188,A_unseen_anchor_seen_family
142,friction_mid,Q3_turn,AQ7,1,0.6,A_unseen_anchor_seen_family,32,80,1.6,"(13, 32)","(33, 72)","(32, 80)","(82, 180)",189,A_unseen_anchor_seen_family
142,friction_mid,Q3_turn,AQ7,1,0.6,A_unseen_anchor_seen_family,35,87,1.74,"(16, 35)","(36, 75)","(40, 87)","(90, 187)",190,A_unseen_anchor_seen_family
142,friction_mid,Q3_turn,AQ7,1,0.6,A_unseen_anchor_seen_family,37,92,1.84,"(18, 37)","(38, 77)","(45, 92)","(95, 192)",191,A_unseen_anchor_seen_family
208,friction_low,Q1_straight,AQ6,0,0.3,A_unseen_anchor_seen_family,20,50,1.0,"(1, 20)","(21, 60)","(2, 50)","(52, 150)",192,A_unseen_anchor_seen_family
208,friction_low,Q1_straight,AQ6,0,0.3,A_unseen_anchor_seen_family,23,57,1.1400000000000001,"(4, 23)","(24, 63)","(10, 57)","(60, 157)",193,A_unseen_anchor_seen_family
208,friction_low,Q1_straight,AQ6,0,0.3,A_unseen_anchor_seen_family,25,62,1.24,"(6, 25)","(26, 65)","(15, 62)","(65, 162)",194,A_unseen_anchor_seen_family
208,friction_low,Q1_straight,AQ6,0,0.3,A_unseen_anchor_seen_family,28,70,1.4000000000000001,"(9, 28)","(29, 68)","(22, 70)","(72, 170)",195,A_unseen_anchor_seen_family
208,friction_low,Q1_straight,AQ6,0,0.3,A_unseen_anchor_seen_family,31,77,1.54,"(12, 31)","(32, 71)","(30, 77)","(80, 177)",196,A_unseen_anchor_seen_family
208,friction_low,Q1_straight,AQ6,0,0.3,A_unseen_anchor_seen_family,34,85,1.7,"(15, 34)","(35, 74)","(37, 85)","(87, 185)",197,A_unseen_anchor_seen_family
208,friction_low,Q1_straight,AQ6,0,0.3,A_unseen_anchor_seen_family,36,90,1.8,"(17, 36)","(37, 76)","(42, 90)","(92, 190)",198,A_unseen_anchor_seen_family
208,friction_low,Q1_straight,AQ6,0,0.3,A_unseen_anchor_seen_family,39,97,1.94,"(20, 39)","(40, 79)","(50, 97)","(100, 197)",199,A_unseen_anchor_seen_family
209,friction_low,Q2_lateral,AQ6,0,0.3,A_unseen_anchor_seen_family,20,50,1.0,"(1, 20)","(21, 60)","(2, 50)","(52, 150)",200,A_unseen_anchor_seen_family
209,friction_low,Q2_lateral,AQ6,0,0.3,A_unseen_anchor_seen_family,23,57,1.1400000000000001,"(4, 23)","(24, 63)","(10, 57)","(60, 157)",201,A_unseen_anchor_seen_family
209,friction_low,Q2_lateral,AQ6,0,0.3,A_unseen_anchor_seen_family,25,62,1.24,"(6, 25)","(26, 65)","(15, 62)","(65, 162)",202,A_unseen_anchor_seen_family
209,friction_low,Q2_lateral,AQ6,0,0.3,A_unseen_anchor_seen_family,28,70,1.4000000000000001,"(9, 28)","(29, 68)","(22, 70)","(72, 170)",203,A_unseen_anchor_seen_family
209,friction_low,Q2_lateral,AQ6,0,0.3,A_unseen_anchor_seen_family,31,77,1.54,"(12, 31)","(32, 71)","(30, 77)","(80, 177)",204,A_unseen_anchor_seen_family
209,friction_low,Q2_lateral,AQ6,0,0.3,A_unseen_anchor_seen_family,34,85,1.7,"(15, 34)","(35, 74)","(37, 85)","(87, 185)",205,A_unseen_anchor_seen_family
209,friction_low,Q2_lateral,AQ6,0,0.3,A_unseen_anchor_seen_family,36,90,1.8,"(17, 36)","(37, 76)","(42, 90)","(92, 190)",206,A_unseen_anchor_seen_family
209,friction_low,Q2_lateral,AQ6,0,0.3,A_unseen_anchor_seen_family,39,97,1.94,"(20, 39)","(40, 79)","(50, 97)","(100, 197)",207,A_unseen_anchor_seen_family
210,friction_low,Q3_turn,AQ6,0,0.3,A_unseen_anchor_seen_family,20,50,1.0,"(1, 20)","(21, 60)","(2, 50)","(52, 150)",208,A_unseen_anchor_seen_family
210,friction_low,Q3_turn,AQ6,0,0.3,A_unseen_anchor_seen_family,23,57,1.1400000000000001,"(4, 23)","(24, 63)","(10, 57)","(60, 157)",209,A_unseen_anchor_seen_family
210,friction_low,Q3_turn,AQ6,0,0.3,A_unseen_anchor_seen_family,25,62,1.24,"(6, 25)","(26, 65)","(15, 62)","(65, 162)",210,A_unseen_anchor_seen_family
210,friction_low,Q3_turn,AQ6,0,0.3,A_unseen_anchor_seen_family,28,70,1.4000000000000001,"(9, 28)","(29, 68)","(22, 70)","(72, 170)",211,A_unseen_anchor_seen_family
210,friction_low,Q3_turn,AQ6,0,0.3,A_unseen_anchor_seen_family,31,77,1.54,"(12, 31)","(32, 71)","(30, 77)","(80, 177)",212,A_unseen_anchor_seen_family
210,friction_low,Q3_turn,AQ6,0,0.3,A_unseen_anchor_seen_family,34,85,1.7,"(15, 34)","(35, 74)","(37, 85)","(87, 185)",213,A_unseen_anchor_seen_family
210,friction_low,Q3_turn,AQ6,0,0.3,A_unseen_anchor_seen_family,36,90,1.8,"(17, 36)","(37, 76)","(42, 90)","(92, 190)",214,A_unseen_anchor_seen_family
210,friction_low,Q3_turn,AQ6,0,0.3,A_unseen_anchor_seen_family,39,97,1.94,"(20, 39)","(40, 79)","(50, 97)","(100, 197)",215,A_unseen_anchor_seen_family
212,friction_low,Q1_straight,AQ6,1,0.3,A_unseen_anchor_seen_family,20,50,1.0,"(1, 20)","(21, 60)","(2, 50)","(52, 150)",216,A_unseen_anchor_seen_family
212,friction_low,Q1_straight,AQ6,1,0.3,A_unseen_anchor_seen_family,23,57,1.1400000000000001,"(4, 23)","(24, 63)","(10, 57)","(60, 157)",217,A_unseen_anchor_seen_family
212,friction_low,Q1_straight,AQ6,1,0.3,A_unseen_anchor_seen_family,27,67,1.34,"(8, 27)","(28, 67)","(20, 67)","(70, 167)",218,A_unseen_anchor_seen_family
212,friction_low,Q1_straight,AQ6,1,0.3,A_unseen_anchor_seen_family,30,75,1.5,"(11, 30)","(31, 70)","(27, 75)","(77, 175)",219,A_unseen_anchor_seen_family
212,friction_low,Q1_straight,AQ6,1,0.3,A_unseen_anchor_seen_family,33,82,1.6400000000000001,"(14, 33)","(34, 73)","(35, 82)","(85, 182)",220,A_unseen_anchor_seen_family
212,friction_low,Q1_straight,AQ6,1,0.3,A_unseen_anchor_seen_family,36,90,1.8,"(17, 36)","(37, 76)","(42, 90)","(92, 190)",221,A_unseen_anchor_seen_family
212,friction_low,Q1_straight,AQ6,1,0.3,A_unseen_anchor_seen_family,40,100,2.0,"(21, 40)","(41, 80)","(52, 100)","(102, 200)",222,A_unseen_anchor_seen_family
212,friction_low,Q1_straight,AQ6,1,0.3,A_unseen_anchor_seen_family,43,107,2.14,"(24, 43)","(44, 83)","(60, 107)","(110, 207)",223,A_unseen_anchor_seen_family
213,friction_low,Q2_lateral,AQ6,1,0.3,A_unseen_anchor_seen_family,20,50,1.0,"(1, 20)","(21, 60)","(2, 50)","(52, 150)",224,A_unseen_anchor_seen_family
213,friction_low,Q2_lateral,AQ6,1,0.3,A_unseen_anchor_seen_family,23,57,1.1400000000000001,"(4, 23)","(24, 63)","(10, 57)","(60, 157)",225,A_unseen_anchor_seen_family
213,friction_low,Q2_lateral,AQ6,1,0.3,A_unseen_anchor_seen_family,27,67,1.34,"(8, 27)","(28, 67)","(20, 67)","(70, 167)",226,A_unseen_anchor_seen_family
213,friction_low,Q2_lateral,AQ6,1,0.3,A_unseen_anchor_seen_family,30,75,1.5,"(11, 30)","(31, 70)","(27, 75)","(77, 175)",227,A_unseen_anchor_seen_family
213,friction_low,Q2_lateral,AQ6,1,0.3,A_unseen_anchor_seen_family,33,82,1.6400000000000001,"(14, 33)","(34, 73)","(35, 82)","(85, 182)",228,A_unseen_anchor_seen_family
213,friction_low,Q2_lateral,AQ6,1,0.3,A_unseen_anchor_seen_family,36,90,1.8,"(17, 36)","(37, 76)","(42, 90)","(92, 190)",229,A_unseen_anchor_seen_family
213,friction_low,Q2_lateral,AQ6,1,0.3,A_unseen_anchor_seen_family,40,100,2.0,"(21, 40)","(41, 80)","(52, 100)","(102, 200)",230,A_unseen_anchor_seen_family
213,friction_low,Q2_lateral,AQ6,1,0.3,A_unseen_anchor_seen_family,43,107,2.14,"(24, 43)","(44, 83)","(60, 107)","(110, 207)",231,A_unseen_anchor_seen_family
214,friction_low,Q3_turn,AQ6,1,0.3,A_unseen_anchor_seen_family,20,50,1.0,"(1, 20)","(21, 60)","(2, 50)","(52, 150)",232,A_unseen_anchor_seen_family
214,friction_low,Q3_turn,AQ6,1,0.3,A_unseen_anchor_seen_family,23,57,1.1400000000000001,"(4, 23)","(24, 63)","(10, 57)","(60, 157)",233,A_unseen_anchor_seen_family
214,friction_low,Q3_turn,AQ6,1,0.3,A_unseen_anchor_seen_family,27,67,1.34,"(8, 27)","(28, 67)","(20, 67)","(70, 167)",234,A_unseen_anchor_seen_family
214,friction_low,Q3_turn,AQ6,1,0.3,A_unseen_anchor_seen_family,30,75,1.5,"(11, 30)","(31, 70)","(27, 75)","(77, 175)",235,A_unseen_anchor_seen_family
214,friction_low,Q3_turn,AQ6,1,0.3,A_unseen_anchor_seen_family,33,82,1.6400000000000001,"(14, 33)","(34, 73)","(35, 82)","(85, 182)",236,A_unseen_anchor_seen_family
214,friction_low,Q3_turn,AQ6,1,0.3,A_unseen_anchor_seen_family,36,90,1.8,"(17, 36)","(37, 76)","(42, 90)","(92, 190)",237,A_unseen_anchor_seen_family
214,friction_low,Q3_turn,AQ6,1,0.3,A_unseen_anchor_seen_family,40,100,2.0,"(21, 40)","(41, 80)","(52, 100)","(102, 200)",238,A_unseen_anchor_seen_family
214,friction_low,Q3_turn,AQ6,1,0.3,A_unseen_anchor_seen_family,43,107,2.14,"(24, 43)","(44, 83)","(60, 107)","(110, 207)",239,A_unseen_anchor_seen_family
216,friction_low,Q1_straight,AQ7,0,0.3,A_unseen_anchor_seen_family,20,50,1.0,"(1, 20)","(21, 60)","(2, 50)","(52, 150)",240,A_unseen_anchor_seen_family
216,friction_low,Q1_straight,AQ7,0,0.3,A_unseen_anchor_seen_family,23,57,1.1400000000000001,"(4, 23)","(24, 63)","(10, 57)","(60, 157)",241,A_unseen_anchor_seen_family
216,friction_low,Q1_straight,AQ7,0,0.3,A_unseen_anchor_seen_family,25,62,1.24,"(6, 25)","(26, 65)","(15, 62)","(65, 162)",242,A_unseen_anchor_seen_family
216,friction_low,Q1_straight,AQ7,0,0.3,A_unseen_anchor_seen_family,28,70,1.4000000000000001,"(9, 28)","(29, 68)","(22, 70)","(72, 170)",243,A_unseen_anchor_seen_family
216,friction_low,Q1_straight,AQ7,0,0.3,A_unseen_anchor_seen_family,31,77,1.54,"(12, 31)","(32, 71)","(30, 77)","(80, 177)",244,A_unseen_anchor_seen_family
216,friction_low,Q1_straight,AQ7,0,0.3,A_unseen_anchor_seen_family,34,85,1.7,"(15, 34)","(35, 74)","(37, 85)","(87, 185)",245,A_unseen_anchor_seen_family
216,friction_low,Q1_straight,AQ7,0,0.3,A_unseen_anchor_seen_family,36,90,1.8,"(17, 36)","(37, 76)","(42, 90)","(92, 190)",246,A_unseen_anchor_seen_family
216,friction_low,Q1_straight,AQ7,0,0.3,A_unseen_anchor_seen_family,39,97,1.94,"(20, 39)","(40, 79)","(50, 97)","(100, 197)",247,A_unseen_anchor_seen_family
217,friction_low,Q2_lateral,AQ7,0,0.3,A_unseen_anchor_seen_family,20,50,1.0,"(1, 20)","(21, 60)","(2, 50)","(52, 150)",248,A_unseen_anchor_seen_family
217,friction_low,Q2_lateral,AQ7,0,0.3,A_unseen_anchor_seen_family,23,57,1.1400000000000001,"(4, 23)","(24, 63)","(10, 57)","(60, 157)",249,A_unseen_anchor_seen_family
217,friction_low,Q2_lateral,AQ7,0,0.3,A_unseen_anchor_seen_family,25,62,1.24,"(6, 25)","(26, 65)","(15, 62)","(65, 162)",250,A_unseen_anchor_seen_family
217,friction_low,Q2_lateral,AQ7,0,0.3,A_unseen_anchor_seen_family,28,70,1.4000000000000001,"(9, 28)","(29, 68)","(22, 70)","(72, 170)",251,A_unseen_anchor_seen_family
217,friction_low,Q2_lateral,AQ7,0,0.3,A_unseen_anchor_seen_family,31,77,1.54,"(12, 31)","(32, 71)","(30, 77)","(80, 177)",252,A_unseen_anchor_seen_family
217,friction_low,Q2_lateral,AQ7,0,0.3,A_unseen_anchor_seen_family,34,85,1.7,"(15, 34)","(35, 74)","(37, 85)","(87, 185)",253,A_unseen_anchor_seen_family
217,friction_low,Q2_lateral,AQ7,0,0.3,A_unseen_anchor_seen_family,36,90,1.8,"(17, 36)","(37, 76)","(42, 90)","(92, 190)",254,A_unseen_anchor_seen_family
217,friction_low,Q2_lateral,AQ7,0,0.3,A_unseen_anchor_seen_family,39,97,1.94,"(20, 39)","(40, 79)","(50, 97)","(100, 197)",255,A_unseen_anchor_seen_family
218,friction_low,Q3_turn,AQ7,0,0.3,A_unseen_anchor_seen_family,20,50,1.0,"(1, 20)","(21, 60)","(2, 50)","(52, 150)",256,A_unseen_anchor_seen_family
218,friction_low,Q3_turn,AQ7,0,0.3,A_unseen_anchor_seen_family,23,57,1.1400000000000001,"(4, 23)","(24, 63)","(10, 57)","(60, 157)",257,A_unseen_anchor_seen_family
218,friction_low,Q3_turn,AQ7,0,0.3,A_unseen_anchor_seen_family,25,62,1.24,"(6, 25)","(26, 65)","(15, 62)","(65, 162)",258,A_unseen_anchor_seen_family
218,friction_low,Q3_turn,AQ7,0,0.3,A_unseen_anchor_seen_family,28,70,1.4000000000000001,"(9, 28)","(29, 68)","(22, 70)","(72, 170)",259,A_unseen_anchor_seen_family
218,friction_low,Q3_turn,AQ7,0,0.3,A_unseen_anchor_seen_family,31,77,1.54,"(12, 31)","(32, 71)","(30, 77)","(80, 177)",260,A_unseen_anchor_seen_family
218,friction_low,Q3_turn,AQ7,0,0.3,A_unseen_anchor_seen_family,34,85,1.7,"(15, 34)","(35, 74)","(37, 85)","(87, 185)",261,A_unseen_anchor_seen_family
218,friction_low,Q3_turn,AQ7,0,0.3,A_unseen_anchor_seen_family,36,90,1.8,"(17, 36)","(37, 76)","(42, 90)","(92, 190)",262,A_unseen_anchor_seen_family
218,friction_low,Q3_turn,AQ7,0,0.3,A_unseen_anchor_seen_family,39,97,1.94,"(20, 39)","(40, 79)","(50, 97)","(100, 197)",263,A_unseen_anchor_seen_family
220,friction_low,Q1_straight,AQ7,1,0.3,A_unseen_anchor_seen_family,20,50,1.0,"(1, 20)","(21, 60)","(2, 50)","(52, 150)",264,A_unseen_anchor_seen_family
220,friction_low,Q1_straight,AQ7,1,0.3,A_unseen_anchor_seen_family,23,57,1.1400000000000001,"(4, 23)","(24, 63)","(10, 57)","(60, 157)",265,A_unseen_anchor_seen_family
220,friction_low,Q1_straight,AQ7,1,0.3,A_unseen_anchor_seen_family,25,62,1.24,"(6, 25)","(26, 65)","(15, 62)","(65, 162)",266,A_unseen_anchor_seen_family
220,friction_low,Q1_straight,AQ7,1,0.3,A_unseen_anchor_seen_family,28,70,1.4000000000000001,"(9, 28)","(29, 68)","(22, 70)","(72, 170)",267,A_unseen_anchor_seen_family
220,friction_low,Q1_straight,AQ7,1,0.3,A_unseen_anchor_seen_family,31,77,1.54,"(12, 31)","(32, 71)","(30, 77)","(80, 177)",268,A_unseen_anchor_seen_family
220,friction_low,Q1_straight,AQ7,1,0.3,A_unseen_anchor_seen_family,34,85,1.7,"(15, 34)","(35, 74)","(37, 85)","(87, 185)",269,A_unseen_anchor_seen_family
220,friction_low,Q1_straight,AQ7,1,0.3,A_unseen_anchor_seen_family,36,90,1.8,"(17, 36)","(37, 76)","(42, 90)","(92, 190)",270,A_unseen_anchor_seen_family
220,friction_low,Q1_straight,AQ7,1,0.3,A_unseen_anchor_seen_family,39,97,1.94,"(20, 39)","(40, 79)","(50, 97)","(100, 197)",271,A_unseen_anchor_seen_family
221,friction_low,Q2_lateral,AQ7,1,0.3,A_unseen_anchor_seen_family,20,50,1.0,"(1, 20)","(21, 60)","(2, 50)","(52, 150)",272,A_unseen_anchor_seen_family
221,friction_low,Q2_lateral,AQ7,1,0.3,A_unseen_anchor_seen_family,22,55,1.1,"(3, 22)","(23, 62)","(7, 55)","(57, 155)",273,A_unseen_anchor_seen_family
221,friction_low,Q2_lateral,AQ7,1,0.3,A_unseen_anchor_seen_family,25,62,1.24,"(6, 25)","(26, 65)","(15, 62)","(65, 162)",274,A_unseen_anchor_seen_family
221,friction_low,Q2_lateral,AQ7,1,0.3,A_unseen_anchor_seen_family,27,67,1.34,"(8, 27)","(28, 67)","(20, 67)","(70, 167)",275,A_unseen_anchor_seen_family
221,friction_low,Q2_lateral,AQ7,1,0.3,A_unseen_anchor_seen_family,30,75,1.5,"(11, 30)","(31, 70)","(27, 75)","(77, 175)",276,A_unseen_anchor_seen_family
221,friction_low,Q2_lateral,AQ7,1,0.3,A_unseen_anchor_seen_family,32,80,1.6,"(13, 32)","(33, 72)","(32, 80)","(82, 180)",277,A_unseen_anchor_seen_family
221,friction_low,Q2_lateral,AQ7,1,0.3,A_unseen_anchor_seen_family,35,87,1.74,"(16, 35)","(36, 75)","(40, 87)","(90, 187)",278,A_unseen_anchor_seen_family
221,friction_low,Q2_lateral,AQ7,1,0.3,A_unseen_anchor_seen_family,37,92,1.84,"(18, 37)","(38, 77)","(45, 92)","(95, 192)",279,A_unseen_anchor_seen_family
222,friction_low,Q3_turn,AQ7,1,0.3,A_unseen_anchor_seen_family,20,50,1.0,"(1, 20)","(21, 60)","(2, 50)","(52, 150)",280,A_unseen_anchor_seen_family
222,friction_low,Q3_turn,AQ7,1,0.3,A_unseen_anchor_seen_family,22,55,1.1,"(3, 22)","(23, 62)","(7, 55)","(57, 155)",281,A_unseen_anchor_seen_family
222,friction_low,Q3_turn,AQ7,1,0.3,A_unseen_anchor_seen_family,25,62,1.24,"(6, 25)","(26, 65)","(15, 62)","(65, 162)",282,A_unseen_anchor_seen_family
222,friction_low,Q3_turn,AQ7,1,0.3,A_unseen_anchor_seen_family,27,67,1.34,"(8, 27)","(28, 67)","(20, 67)","(70, 167)",283,A_unseen_anchor_seen_family
222,friction_low,Q3_turn,AQ7,1,0.3,A_unseen_anchor_seen_family,30,75,1.5,"(11, 30)","(31, 70)","(27, 75)","(77, 175)",284,A_unseen_anchor_seen_family
222,friction_low,Q3_turn,AQ7,1,0.3,A_unseen_anchor_seen_family,32,80,1.6,"(13, 32)","(33, 72)","(32, 80)","(82, 180)",285,A_unseen_anchor_seen_family
222,friction_low,Q3_turn,AQ7,1,0.3,A_unseen_anchor_seen_family,35,87,1.74,"(16, 35)","(36, 75)","(40, 87)","(90, 187)",286,A_unseen_anchor_seen_family
222,friction_low,Q3_turn,AQ7,1,0.3,A_unseen_anchor_seen_family,37,92,1.84,"(18, 37)","(38, 77)","(45, 92)","(95, 192)",287,A_unseen_anchor_seen_family
3,normal,Q4_combo,AQ0,0,1.0,B_seen_anchor_unseen_family,20,50,1.0,"(1, 20)","(21, 60)","(2, 50)","(52, 150)",0,B_seen_anchor_unseen_family
3,normal,Q4_combo,AQ0,0,1.0,B_seen_anchor_unseen_family,23,57,1.1400000000000001,"(4, 23)","(24, 63)","(10, 57)","(60, 157)",1,B_seen_anchor_unseen_family
3,normal,Q4_combo,AQ0,0,1.0,B_seen_anchor_unseen_family,25,62,1.24,"(6, 25)","(26, 65)","(15, 62)","(65, 162)",2,B_seen_anchor_unseen_family
3,normal,Q4_combo,AQ0,0,1.0,B_seen_anchor_unseen_family,28,70,1.4000000000000001,"(9, 28)","(29, 68)","(22, 70)","(72, 170)",3,B_seen_anchor_unseen_family
3,normal,Q4_combo,AQ0,0,1.0,B_seen_anchor_unseen_family,31,77,1.54,"(12, 31)","(32, 71)","(30, 77)","(80, 177)",4,B_seen_anchor_unseen_family
3,normal,Q4_combo,AQ0,0,1.0,B_seen_anchor_unseen_family,34,85,1.7,"(15, 34)","(35, 74)","(37, 85)","(87, 185)",5,B_seen_anchor_unseen_family
3,normal,Q4_combo,AQ0,0,1.0,B_seen_anchor_unseen_family,36,90,1.8,"(17, 36)","(37, 76)","(42, 90)","(92, 190)",6,B_seen_anchor_unseen_family
3,normal,Q4_combo,AQ0,0,1.0,B_seen_anchor_unseen_family,39,97,1.94,"(20, 39)","(40, 79)","(50, 97)","(100, 197)",7,B_seen_anchor_unseen_family
7,normal,Q4_combo,AQ0,1,1.0,B_seen_anchor_unseen_family,20,50,1.0,"(1, 20)","(21, 60)","(2, 50)","(52, 150)",8,B_seen_anchor_unseen_family
7,normal,Q4_combo,AQ0,1,1.0,B_seen_anchor_unseen_family,23,57,1.1400000000000001,"(4, 23)","(24, 63)","(10, 57)","(60, 157)",9,B_seen_anchor_unseen_family
7,normal,Q4_combo,AQ0,1,1.0,B_seen_anchor_unseen_family,26,65,1.3,"(7, 26)","(27, 66)","(17, 65)","(67, 165)",10,B_seen_anchor_unseen_family
7,normal,Q4_combo,AQ0,1,1.0,B_seen_anchor_unseen_family,29,72,1.44,"(10, 29)","(30, 69)","(25, 72)","(75, 172)",11,B_seen_anchor_unseen_family
7,normal,Q4_combo,AQ0,1,1.0,B_seen_anchor_unseen_family,32,80,1.6,"(13, 32)","(33, 72)","(32, 80)","(82, 180)",12,B_seen_anchor_unseen_family
7,normal,Q4_combo,AQ0,1,1.0,B_seen_anchor_unseen_family,35,87,1.74,"(16, 35)","(36, 75)","(40, 87)","(90, 187)",13,B_seen_anchor_unseen_family
7,normal,Q4_combo,AQ0,1,1.0,B_seen_anchor_unseen_family,38,95,1.9000000000000001,"(19, 38)","(39, 78)","(47, 95)","(97, 195)",14,B_seen_anchor_unseen_family
7,normal,Q4_combo,AQ0,1,1.0,B_seen_anchor_unseen_family,41,102,2.04,"(22, 41)","(42, 81)","(55, 102)","(105, 202)",15,B_seen_anchor_unseen_family
11,normal,Q4_combo,AQ1,0,1.0,B_seen_anchor_unseen_family,20,50,1.0,"(1, 20)","(21, 60)","(2, 50)","(52, 150)",16,B_seen_anchor_unseen_family
11,normal,Q4_combo,AQ1,0,1.0,B_seen_anchor_unseen_family,23,57,1.1400000000000001,"(4, 23)","(24, 63)","(10, 57)","(60, 157)",17,B_seen_anchor_unseen_family
11,normal,Q4_combo,AQ1,0,1.0,B_seen_anchor_unseen_family,25,62,1.24,"(6, 25)","(26, 65)","(15, 62)","(65, 162)",18,B_seen_anchor_unseen_family
11,normal,Q4_combo,AQ1,0,1.0,B_seen_anchor_unseen_family,28,70,1.4000000000000001,"(9, 28)","(29, 68)","(22, 70)","(72, 170)",19,B_seen_anchor_unseen_family
11,normal,Q4_combo,AQ1,0,1.0,B_seen_anchor_unseen_family,31,77,1.54,"(12, 31)","(32, 71)","(30, 77)","(80, 177)",20,B_seen_anchor_unseen_family
11,normal,Q4_combo,AQ1,0,1.0,B_seen_anchor_unseen_family,34,85,1.7,"(15, 34)","(35, 74)","(37, 85)","(87, 185)",21,B_seen_anchor_unseen_family
11,normal,Q4_combo,AQ1,0,1.0,B_seen_anchor_unseen_family,36,90,1.8,"(17, 36)","(37, 76)","(42, 90)","(92, 190)",22,B_seen_anchor_unseen_family
11,normal,Q4_combo,AQ1,0,1.0,B_seen_anchor_unseen_family,39,97,1.94,"(20, 39)","(40, 79)","(50, 97)","(100, 197)",23,B_seen_anchor_unseen_family
15,normal,Q4_combo,AQ1,1,1.0,B_seen_anchor_unseen_family,20,50,1.0,"(1, 20)","(21, 60)","(2, 50)","(52, 150)",24,B_seen_anchor_unseen_family
15,normal,Q4_combo,AQ1,1,1.0,B_seen_anchor_unseen_family,23,57,1.1400000000000001,"(4, 23)","(24, 63)","(10, 57)","(60, 157)",25,B_seen_anchor_unseen_family
15,normal,Q4_combo,AQ1,1,1.0,B_seen_anchor_unseen_family,26,65,1.3,"(7, 26)","(27, 66)","(17, 65)","(67, 165)",26,B_seen_anchor_unseen_family
15,normal,Q4_combo,AQ1,1,1.0,B_seen_anchor_unseen_family,29,72,1.44,"(10, 29)","(30, 69)","(25, 72)","(75, 172)",27,B_seen_anchor_unseen_family
15,normal,Q4_combo,AQ1,1,1.0,B_seen_anchor_unseen_family,33,82,1.6400000000000001,"(14, 33)","(34, 73)","(35, 82)","(85, 182)",28,B_seen_anchor_unseen_family
15,normal,Q4_combo,AQ1,1,1.0,B_seen_anchor_unseen_family,36,90,1.8,"(17, 36)","(37, 76)","(42, 90)","(92, 190)",29,B_seen_anchor_unseen_family
15,normal,Q4_combo,AQ1,1,1.0,B_seen_anchor_unseen_family,39,97,1.94,"(20, 39)","(40, 79)","(50, 97)","(100, 197)",30,B_seen_anchor_unseen_family
15,normal,Q4_combo,AQ1,1,1.0,B_seen_anchor_unseen_family,42,105,2.1,"(23, 42)","(43, 82)","(57, 105)","(107, 205)",31,B_seen_anchor_unseen_family
19,normal,Q4_combo,AQ2,0,1.0,B_seen_anchor_unseen_family,20,50,1.0,"(1, 20)","(21, 60)","(2, 50)","(52, 150)",32,B_seen_anchor_unseen_family
19,normal,Q4_combo,AQ2,0,1.0,B_seen_anchor_unseen_family,23,57,1.1400000000000001,"(4, 23)","(24, 63)","(10, 57)","(60, 157)",33,B_seen_anchor_unseen_family
19,normal,Q4_combo,AQ2,0,1.0,B_seen_anchor_unseen_family,25,62,1.24,"(6, 25)","(26, 65)","(15, 62)","(65, 162)",34,B_seen_anchor_unseen_family
19,normal,Q4_combo,AQ2,0,1.0,B_seen_anchor_unseen_family,28,70,1.4000000000000001,"(9, 28)","(29, 68)","(22, 70)","(72, 170)",35,B_seen_anchor_unseen_family
19,normal,Q4_combo,AQ2,0,1.0,B_seen_anchor_unseen_family,31,77,1.54,"(12, 31)","(32, 71)","(30, 77)","(80, 177)",36,B_seen_anchor_unseen_family
19,normal,Q4_combo,AQ2,0,1.0,B_seen_anchor_unseen_family,34,85,1.7,"(15, 34)","(35, 74)","(37, 85)","(87, 185)",37,B_seen_anchor_unseen_family
19,normal,Q4_combo,AQ2,0,1.0,B_seen_anchor_unseen_family,36,90,1.8,"(17, 36)","(37, 76)","(42, 90)","(92, 190)",38,B_seen_anchor_unseen_family
19,normal,Q4_combo,AQ2,0,1.0,B_seen_anchor_unseen_family,39,97,1.94,"(20, 39)","(40, 79)","(50, 97)","(100, 197)",39,B_seen_anchor_unseen_family
23,normal,Q4_combo,AQ2,1,1.0,B_seen_anchor_unseen_family,20,50,1.0,"(1, 20)","(21, 60)","(2, 50)","(52, 150)",40,B_seen_anchor_unseen_family
23,normal,Q4_combo,AQ2,1,1.0,B_seen_anchor_unseen_family,23,57,1.1400000000000001,"(4, 23)","(24, 63)","(10, 57)","(60, 157)",41,B_seen_anchor_unseen_family
23,normal,Q4_combo,AQ2,1,1.0,B_seen_anchor_unseen_family,26,65,1.3,"(7, 26)","(27, 66)","(17, 65)","(67, 165)",42,B_seen_anchor_unseen_family
23,normal,Q4_combo,AQ2,1,1.0,B_seen_anchor_unseen_family,29,72,1.44,"(10, 29)","(30, 69)","(25, 72)","(75, 172)",43,B_seen_anchor_unseen_family
23,normal,Q4_combo,AQ2,1,1.0,B_seen_anchor_unseen_family,32,80,1.6,"(13, 32)","(33, 72)","(32, 80)","(82, 180)",44,B_seen_anchor_unseen_family
23,normal,Q4_combo,AQ2,1,1.0,B_seen_anchor_unseen_family,35,87,1.74,"(16, 35)","(36, 75)","(40, 87)","(90, 187)",45,B_seen_anchor_unseen_family
23,normal,Q4_combo,AQ2,1,1.0,B_seen_anchor_unseen_family,38,95,1.9000000000000001,"(19, 38)","(39, 78)","(47, 95)","(97, 195)",46,B_seen_anchor_unseen_family
23,normal,Q4_combo,AQ2,1,1.0,B_seen_anchor_unseen_family,41,102,2.04,"(22, 41)","(42, 81)","(55, 102)","(105, 202)",47,B_seen_anchor_unseen_family
27,normal,Q4_combo,AQ3,0,1.0,B_seen_anchor_unseen_family,20,50,1.0,"(1, 20)","(21, 60)","(2, 50)","(52, 150)",48,B_seen_anchor_unseen_family
27,normal,Q4_combo,AQ3,0,1.0,B_seen_anchor_unseen_family,23,57,1.1400000000000001,"(4, 23)","(24, 63)","(10, 57)","(60, 157)",49,B_seen_anchor_unseen_family
27,normal,Q4_combo,AQ3,0,1.0,B_seen_anchor_unseen_family,25,62,1.24,"(6, 25)","(26, 65)","(15, 62)","(65, 162)",50,B_seen_anchor_unseen_family
27,normal,Q4_combo,AQ3,0,1.0,B_seen_anchor_unseen_family,28,70,1.4000000000000001,"(9, 28)","(29, 68)","(22, 70)","(72, 170)",51,B_seen_anchor_unseen_family
27,normal,Q4_combo,AQ3,0,1.0,B_seen_anchor_unseen_family,31,77,1.54,"(12, 31)","(32, 71)","(30, 77)","(80, 177)",52,B_seen_anchor_unseen_family
27,normal,Q4_combo,AQ3,0,1.0,B_seen_anchor_unseen_family,34,85,1.7,"(15, 34)","(35, 74)","(37, 85)","(87, 185)",53,B_seen_anchor_unseen_family
27,normal,Q4_combo,AQ3,0,1.0,B_seen_anchor_unseen_family,36,90,1.8,"(17, 36)","(37, 76)","(42, 90)","(92, 190)",54,B_seen_anchor_unseen_family
27,normal,Q4_combo,AQ3,0,1.0,B_seen_anchor_unseen_family,39,97,1.94,"(20, 39)","(40, 79)","(50, 97)","(100, 197)",55,B_seen_anchor_unseen_family
31,normal,Q4_combo,AQ3,1,1.0,B_seen_anchor_unseen_family,20,50,1.0,"(1, 20)","(21, 60)","(2, 50)","(52, 150)",56,B_seen_anchor_unseen_family
31,normal,Q4_combo,AQ3,1,1.0,B_seen_anchor_unseen_family,23,57,1.1400000000000001,"(4, 23)","(24, 63)","(10, 57)","(60, 157)",57,B_seen_anchor_unseen_family
31,normal,Q4_combo,AQ3,1,1.0,B_seen_anchor_unseen_family,25,62,1.24,"(6, 25)","(26, 65)","(15, 62)","(65, 162)",58,B_seen_anchor_unseen_family
31,normal,Q4_combo,AQ3,1,1.0,B_seen_anchor_unseen_family,28,70,1.4000000000000001,"(9, 28)","(29, 68)","(22, 70)","(72, 170)",59,B_seen_anchor_unseen_family
31,normal,Q4_combo,AQ3,1,1.0,B_seen_anchor_unseen_family,31,77,1.54,"(12, 31)","(32, 71)","(30, 77)","(80, 177)",60,B_seen_anchor_unseen_family
31,normal,Q4_combo,AQ3,1,1.0,B_seen_anchor_unseen_family,34,85,1.7,"(15, 34)","(35, 74)","(37, 85)","(87, 185)",61,B_seen_anchor_unseen_family
31,normal,Q4_combo,AQ3,1,1.0,B_seen_anchor_unseen_family,36,90,1.8,"(17, 36)","(37, 76)","(42, 90)","(92, 190)",62,B_seen_anchor_unseen_family
31,normal,Q4_combo,AQ3,1,1.0,B_seen_anchor_unseen_family,39,97,1.94,"(20, 39)","(40, 79)","(50, 97)","(100, 197)",63,B_seen_anchor_unseen_family
35,normal,Q4_combo,AQ4,0,1.0,B_seen_anchor_unseen_family,20,50,1.0,"(1, 20)","(21, 60)","(2, 50)","(52, 150)",64,B_seen_anchor_unseen_family
35,normal,Q4_combo,AQ4,0,1.0,B_seen_anchor_unseen_family,23,57,1.1400000000000001,"(4, 23)","(24, 63)","(10, 57)","(60, 157)",65,B_seen_anchor_unseen_family
35,normal,Q4_combo,AQ4,0,1.0,B_seen_anchor_unseen_family,25,62,1.24,"(6, 25)","(26, 65)","(15, 62)","(65, 162)",66,B_seen_anchor_unseen_family
35,normal,Q4_combo,AQ4,0,1.0,B_seen_anchor_unseen_family,28,70,1.4000000000000001,"(9, 28)","(29, 68)","(22, 70)","(72, 170)",67,B_seen_anchor_unseen_family
35,normal,Q4_combo,AQ4,0,1.0,B_seen_anchor_unseen_family,31,77,1.54,"(12, 31)","(32, 71)","(30, 77)","(80, 177)",68,B_seen_anchor_unseen_family
35,normal,Q4_combo,AQ4,0,1.0,B_seen_anchor_unseen_family,34,85,1.7,"(15, 34)","(35, 74)","(37, 85)","(87, 185)",69,B_seen_anchor_unseen_family
35,normal,Q4_combo,AQ4,0,1.0,B_seen_anchor_unseen_family,36,90,1.8,"(17, 36)","(37, 76)","(42, 90)","(92, 190)",70,B_seen_anchor_unseen_family
35,normal,Q4_combo,AQ4,0,1.0,B_seen_anchor_unseen_family,39,97,1.94,"(20, 39)","(40, 79)","(50, 97)","(100, 197)",71,B_seen_anchor_unseen_family
39,normal,Q4_combo,AQ4,1,1.0,B_seen_anchor_unseen_family,20,50,1.0,"(1, 20)","(21, 60)","(2, 50)","(52, 150)",72,B_seen_anchor_unseen_family
39,normal,Q4_combo,AQ4,1,1.0,B_seen_anchor_unseen_family,23,57,1.1400000000000001,"(4, 23)","(24, 63)","(10, 57)","(60, 157)",73,B_seen_anchor_unseen_family
39,normal,Q4_combo,AQ4,1,1.0,B_seen_anchor_unseen_family,26,65,1.3,"(7, 26)","(27, 66)","(17, 65)","(67, 165)",74,B_seen_anchor_unseen_family
39,normal,Q4_combo,AQ4,1,1.0,B_seen_anchor_unseen_family,29,72,1.44,"(10, 29)","(30, 69)","(25, 72)","(75, 172)",75,B_seen_anchor_unseen_family
39,normal,Q4_combo,AQ4,1,1.0,B_seen_anchor_unseen_family,32,80,1.6,"(13, 32)","(33, 72)","(32, 80)","(82, 180)",76,B_seen_anchor_unseen_family
39,normal,Q4_combo,AQ4,1,1.0,B_seen_anchor_unseen_family,35,87,1.74,"(16, 35)","(36, 75)","(40, 87)","(90, 187)",77,B_seen_anchor_unseen_family
39,normal,Q4_combo,AQ4,1,1.0,B_seen_anchor_unseen_family,38,95,1.9000000000000001,"(19, 38)","(39, 78)","(47, 95)","(97, 195)",78,B_seen_anchor_unseen_family
39,normal,Q4_combo,AQ4,1,1.0,B_seen_anchor_unseen_family,41,102,2.04,"(22, 41)","(42, 81)","(55, 102)","(105, 202)",79,B_seen_anchor_unseen_family
83,friction_mid,Q4_combo,AQ0,0,0.6,B_seen_anchor_unseen_family,20,50,1.0,"(1, 20)","(21, 60)","(2, 50)","(52, 150)",80,B_seen_anchor_unseen_family
83,friction_mid,Q4_combo,AQ0,0,0.6,B_seen_anchor_unseen_family,23,57,1.1400000000000001,"(4, 23)","(24, 63)","(10, 57)","(60, 157)",81,B_seen_anchor_unseen_family
83,friction_mid,Q4_combo,AQ0,0,0.6,B_seen_anchor_unseen_family,25,62,1.24,"(6, 25)","(26, 65)","(15, 62)","(65, 162)",82,B_seen_anchor_unseen_family
83,friction_mid,Q4_combo,AQ0,0,0.6,B_seen_anchor_unseen_family,28,70,1.4000000000000001,"(9, 28)","(29, 68)","(22, 70)","(72, 170)",83,B_seen_anchor_unseen_family
83,friction_mid,Q4_combo,AQ0,0,0.6,B_seen_anchor_unseen_family,31,77,1.54,"(12, 31)","(32, 71)","(30, 77)","(80, 177)",84,B_seen_anchor_unseen_family
83,friction_mid,Q4_combo,AQ0,0,0.6,B_seen_anchor_unseen_family,34,85,1.7,"(15, 34)","(35, 74)","(37, 85)","(87, 185)",85,B_seen_anchor_unseen_family
83,friction_mid,Q4_combo,AQ0,0,0.6,B_seen_anchor_unseen_family,36,90,1.8,"(17, 36)","(37, 76)","(42, 90)","(92, 190)",86,B_seen_anchor_unseen_family
83,friction_mid,Q4_combo,AQ0,0,0.6,B_seen_anchor_unseen_family,39,97,1.94,"(20, 39)","(40, 79)","(50, 97)","(100, 197)",87,B_seen_anchor_unseen_family
87,friction_mid,Q4_combo,AQ0,1,0.6,B_seen_anchor_unseen_family,20,50,1.0,"(1, 20)","(21, 60)","(2, 50)","(52, 150)",88,B_seen_anchor_unseen_family
87,friction_mid,Q4_combo,AQ0,1,0.6,B_seen_anchor_unseen_family,23,57,1.1400000000000001,"(4, 23)","(24, 63)","(10, 57)","(60, 157)",89,B_seen_anchor_unseen_family
87,friction_mid,Q4_combo,AQ0,1,0.6,B_seen_anchor_unseen_family,26,65,1.3,"(7, 26)","(27, 66)","(17, 65)","(67, 165)",90,B_seen_anchor_unseen_family
87,friction_mid,Q4_combo,AQ0,1,0.6,B_seen_anchor_unseen_family,29,72,1.44,"(10, 29)","(30, 69)","(25, 72)","(75, 172)",91,B_seen_anchor_unseen_family
87,friction_mid,Q4_combo,AQ0,1,0.6,B_seen_anchor_unseen_family,32,80,1.6,"(13, 32)","(33, 72)","(32, 80)","(82, 180)",92,B_seen_anchor_unseen_family
87,friction_mid,Q4_combo,AQ0,1,0.6,B_seen_anchor_unseen_family,35,87,1.74,"(16, 35)","(36, 75)","(40, 87)","(90, 187)",93,B_seen_anchor_unseen_family
87,friction_mid,Q4_combo,AQ0,1,0.6,B_seen_anchor_unseen_family,38,95,1.9000000000000001,"(19, 38)","(39, 78)","(47, 95)","(97, 195)",94,B_seen_anchor_unseen_family
87,friction_mid,Q4_combo,AQ0,1,0.6,B_seen_anchor_unseen_family,41,102,2.04,"(22, 41)","(42, 81)","(55, 102)","(105, 202)",95,B_seen_anchor_unseen_family
91,friction_mid,Q4_combo,AQ1,0,0.6,B_seen_anchor_unseen_family,20,50,1.0,"(1, 20)","(21, 60)","(2, 50)","(52, 150)",96,B_seen_anchor_unseen_family
91,friction_mid,Q4_combo,AQ1,0,0.6,B_seen_anchor_unseen_family,23,57,1.1400000000000001,"(4, 23)","(24, 63)","(10, 57)","(60, 157)",97,B_seen_anchor_unseen_family
91,friction_mid,Q4_combo,AQ1,0,0.6,B_seen_anchor_unseen_family,25,62,1.24,"(6, 25)","(26, 65)","(15, 62)","(65, 162)",98,B_seen_anchor_unseen_family
91,friction_mid,Q4_combo,AQ1,0,0.6,B_seen_anchor_unseen_family,28,70,1.4000000000000001,"(9, 28)","(29, 68)","(22, 70)","(72, 170)",99,B_seen_anchor_unseen_family
91,friction_mid,Q4_combo,AQ1,0,0.6,B_seen_anchor_unseen_family,31,77,1.54,"(12, 31)","(32, 71)","(30, 77)","(80, 177)",100,B_seen_anchor_unseen_family
91,friction_mid,Q4_combo,AQ1,0,0.6,B_seen_anchor_unseen_family,34,85,1.7,"(15, 34)","(35, 74)","(37, 85)","(87, 185)",101,B_seen_anchor_unseen_family
91,friction_mid,Q4_combo,AQ1,0,0.6,B_seen_anchor_unseen_family,36,90,1.8,"(17, 36)","(37, 76)","(42, 90)","(92, 190)",102,B_seen_anchor_unseen_family
91,friction_mid,Q4_combo,AQ1,0,0.6,B_seen_anchor_unseen_family,39,97,1.94,"(20, 39)","(40, 79)","(50, 97)","(100, 197)",103,B_seen_anchor_unseen_family
95,friction_mid,Q4_combo,AQ1,1,0.6,B_seen_anchor_unseen_family,20,50,1.0,"(1, 20)","(21, 60)","(2, 50)","(52, 150)",104,B_seen_anchor_unseen_family
95,friction_mid,Q4_combo,AQ1,1,0.6,B_seen_anchor_unseen_family,23,57,1.1400000000000001,"(4, 23)","(24, 63)","(10, 57)","(60, 157)",105,B_seen_anchor_unseen_family
95,friction_mid,Q4_combo,AQ1,1,0.6,B_seen_anchor_unseen_family,26,65,1.3,"(7, 26)","(27, 66)","(17, 65)","(67, 165)",106,B_seen_anchor_unseen_family
95,friction_mid,Q4_combo,AQ1,1,0.6,B_seen_anchor_unseen_family,29,72,1.44,"(10, 29)","(30, 69)","(25, 72)","(75, 172)",107,B_seen_anchor_unseen_family
95,friction_mid,Q4_combo,AQ1,1,0.6,B_seen_anchor_unseen_family,33,82,1.6400000000000001,"(14, 33)","(34, 73)","(35, 82)","(85, 182)",108,B_seen_anchor_unseen_family
95,friction_mid,Q4_combo,AQ1,1,0.6,B_seen_anchor_unseen_family,36,90,1.8,"(17, 36)","(37, 76)","(42, 90)","(92, 190)",109,B_seen_anchor_unseen_family
95,friction_mid,Q4_combo,AQ1,1,0.6,B_seen_anchor_unseen_family,39,97,1.94,"(20, 39)","(40, 79)","(50, 97)","(100, 197)",110,B_seen_anchor_unseen_family
95,friction_mid,Q4_combo,AQ1,1,0.6,B_seen_anchor_unseen_family,42,105,2.1,"(23, 42)","(43, 82)","(57, 105)","(107, 205)",111,B_seen_anchor_unseen_family
99,friction_mid,Q4_combo,AQ2,0,0.6,B_seen_anchor_unseen_family,20,50,1.0,"(1, 20)","(21, 60)","(2, 50)","(52, 150)",112,B_seen_anchor_unseen_family
99,friction_mid,Q4_combo,AQ2,0,0.6,B_seen_anchor_unseen_family,23,57,1.1400000000000001,"(4, 23)","(24, 63)","(10, 57)","(60, 157)",113,B_seen_anchor_unseen_family
99,friction_mid,Q4_combo,AQ2,0,0.6,B_seen_anchor_unseen_family,25,62,1.24,"(6, 25)","(26, 65)","(15, 62)","(65, 162)",114,B_seen_anchor_unseen_family
99,friction_mid,Q4_combo,AQ2,0,0.6,B_seen_anchor_unseen_family,28,70,1.4000000000000001,"(9, 28)","(29, 68)","(22, 70)","(72, 170)",115,B_seen_anchor_unseen_family
99,friction_mid,Q4_combo,AQ2,0,0.6,B_seen_anchor_unseen_family,31,77,1.54,"(12, 31)","(32, 71)","(30, 77)","(80, 177)",116,B_seen_anchor_unseen_family
99,friction_mid,Q4_combo,AQ2,0,0.6,B_seen_anchor_unseen_family,34,85,1.7,"(15, 34)","(35, 74)","(37, 85)","(87, 185)",117,B_seen_anchor_unseen_family
99,friction_mid,Q4_combo,AQ2,0,0.6,B_seen_anchor_unseen_family,36,90,1.8,"(17, 36)","(37, 76)","(42, 90)","(92, 190)",118,B_seen_anchor_unseen_family
99,friction_mid,Q4_combo,AQ2,0,0.6,B_seen_anchor_unseen_family,39,97,1.94,"(20, 39)","(40, 79)","(50, 97)","(100, 197)",119,B_seen_anchor_unseen_family
103,friction_mid,Q4_combo,AQ2,1,0.6,B_seen_anchor_unseen_family,20,50,1.0,"(1, 20)","(21, 60)","(2, 50)","(52, 150)",120,B_seen_anchor_unseen_family
103,friction_mid,Q4_combo,AQ2,1,0.6,B_seen_anchor_unseen_family,23,57,1.1400000000000001,"(4, 23)","(24, 63)","(10, 57)","(60, 157)",121,B_seen_anchor_unseen_family
103,friction_mid,Q4_combo,AQ2,1,0.6,B_seen_anchor_unseen_family,26,65,1.3,"(7, 26)","(27, 66)","(17, 65)","(67, 165)",122,B_seen_anchor_unseen_family
103,friction_mid,Q4_combo,AQ2,1,0.6,B_seen_anchor_unseen_family,29,72,1.44,"(10, 29)","(30, 69)","(25, 72)","(75, 172)",123,B_seen_anchor_unseen_family
103,friction_mid,Q4_combo,AQ2,1,0.6,B_seen_anchor_unseen_family,32,80,1.6,"(13, 32)","(33, 72)","(32, 80)","(82, 180)",124,B_seen_anchor_unseen_family
103,friction_mid,Q4_combo,AQ2,1,0.6,B_seen_anchor_unseen_family,35,87,1.74,"(16, 35)","(36, 75)","(40, 87)","(90, 187)",125,B_seen_anchor_unseen_family
103,friction_mid,Q4_combo,AQ2,1,0.6,B_seen_anchor_unseen_family,38,95,1.9000000000000001,"(19, 38)","(39, 78)","(47, 95)","(97, 195)",126,B_seen_anchor_unseen_family
103,friction_mid,Q4_combo,AQ2,1,0.6,B_seen_anchor_unseen_family,41,102,2.04,"(22, 41)","(42, 81)","(55, 102)","(105, 202)",127,B_seen_anchor_unseen_family
107,friction_mid,Q4_combo,AQ3,0,0.6,B_seen_anchor_unseen_family,20,50,1.0,"(1, 20)","(21, 60)","(2, 50)","(52, 150)",128,B_seen_anchor_unseen_family
107,friction_mid,Q4_combo,AQ3,0,0.6,B_seen_anchor_unseen_family,23,57,1.1400000000000001,"(4, 23)","(24, 63)","(10, 57)","(60, 157)",129,B_seen_anchor_unseen_family
107,friction_mid,Q4_combo,AQ3,0,0.6,B_seen_anchor_unseen_family,25,62,1.24,"(6, 25)","(26, 65)","(15, 62)","(65, 162)",130,B_seen_anchor_unseen_family
107,friction_mid,Q4_combo,AQ3,0,0.6,B_seen_anchor_unseen_family,28,70,1.4000000000000001,"(9, 28)","(29, 68)","(22, 70)","(72, 170)",131,B_seen_anchor_unseen_family
107,friction_mid,Q4_combo,AQ3,0,0.6,B_seen_anchor_unseen_family,31,77,1.54,"(12, 31)","(32, 71)","(30, 77)","(80, 177)",132,B_seen_anchor_unseen_family
107,friction_mid,Q4_combo,AQ3,0,0.6,B_seen_anchor_unseen_family,34,85,1.7,"(15, 34)","(35, 74)","(37, 85)","(87, 185)",133,B_seen_anchor_unseen_family
107,friction_mid,Q4_combo,AQ3,0,0.6,B_seen_anchor_unseen_family,36,90,1.8,"(17, 36)","(37, 76)","(42, 90)","(92, 190)",134,B_seen_anchor_unseen_family
107,friction_mid,Q4_combo,AQ3,0,0.6,B_seen_anchor_unseen_family,39,97,1.94,"(20, 39)","(40, 79)","(50, 97)","(100, 197)",135,B_seen_anchor_unseen_family
111,friction_mid,Q4_combo,AQ3,1,0.6,B_seen_anchor_unseen_family,20,50,1.0,"(1, 20)","(21, 60)","(2, 50)","(52, 150)",136,B_seen_anchor_unseen_family
111,friction_mid,Q4_combo,AQ3,1,0.6,B_seen_anchor_unseen_family,23,57,1.1400000000000001,"(4, 23)","(24, 63)","(10, 57)","(60, 157)",137,B_seen_anchor_unseen_family
111,friction_mid,Q4_combo,AQ3,1,0.6,B_seen_anchor_unseen_family,25,62,1.24,"(6, 25)","(26, 65)","(15, 62)","(65, 162)",138,B_seen_anchor_unseen_family
111,friction_mid,Q4_combo,AQ3,1,0.6,B_seen_anchor_unseen_family,28,70,1.4000000000000001,"(9, 28)","(29, 68)","(22, 70)","(72, 170)",139,B_seen_anchor_unseen_family
111,friction_mid,Q4_combo,AQ3,1,0.6,B_seen_anchor_unseen_family,31,77,1.54,"(12, 31)","(32, 71)","(30, 77)","(80, 177)",140,B_seen_anchor_unseen_family
111,friction_mid,Q4_combo,AQ3,1,0.6,B_seen_anchor_unseen_family,34,85,1.7,"(15, 34)","(35, 74)","(37, 85)","(87, 185)",141,B_seen_anchor_unseen_family
111,friction_mid,Q4_combo,AQ3,1,0.6,B_seen_anchor_unseen_family,36,90,1.8,"(17, 36)","(37, 76)","(42, 90)","(92, 190)",142,B_seen_anchor_unseen_family
111,friction_mid,Q4_combo,AQ3,1,0.6,B_seen_anchor_unseen_family,39,97,1.94,"(20, 39)","(40, 79)","(50, 97)","(100, 197)",143,B_seen_anchor_unseen_family
115,friction_mid,Q4_combo,AQ4,0,0.6,B_seen_anchor_unseen_family,20,50,1.0,"(1, 20)","(21, 60)","(2, 50)","(52, 150)",144,B_seen_anchor_unseen_family
115,friction_mid,Q4_combo,AQ4,0,0.6,B_seen_anchor_unseen_family,23,57,1.1400000000000001,"(4, 23)","(24, 63)","(10, 57)","(60, 157)",145,B_seen_anchor_unseen_family
115,friction_mid,Q4_combo,AQ4,0,0.6,B_seen_anchor_unseen_family,25,62,1.24,"(6, 25)","(26, 65)","(15, 62)","(65, 162)",146,B_seen_anchor_unseen_family
115,friction_mid,Q4_combo,AQ4,0,0.6,B_seen_anchor_unseen_family,28,70,1.4000000000000001,"(9, 28)","(29, 68)","(22, 70)","(72, 170)",147,B_seen_anchor_unseen_family
115,friction_mid,Q4_combo,AQ4,0,0.6,B_seen_anchor_unseen_family,31,77,1.54,"(12, 31)","(32, 71)","(30, 77)","(80, 177)",148,B_seen_anchor_unseen_family
115,friction_mid,Q4_combo,AQ4,0,0.6,B_seen_anchor_unseen_family,34,85,1.7,"(15, 34)","(35, 74)","(37, 85)","(87, 185)",149,B_seen_anchor_unseen_family
115,friction_mid,Q4_combo,AQ4,0,0.6,B_seen_anchor_unseen_family,36,90,1.8,"(17, 36)","(37, 76)","(42, 90)","(92, 190)",150,B_seen_anchor_unseen_family
115,friction_mid,Q4_combo,AQ4,0,0.6,B_seen_anchor_unseen_family,39,97,1.94,"(20, 39)","(40, 79)","(50, 97)","(100, 197)",151,B_seen_anchor_unseen_family
119,friction_mid,Q4_combo,AQ4,1,0.6,B_seen_anchor_unseen_family,20,50,1.0,"(1, 20)","(21, 60)","(2, 50)","(52, 150)",152,B_seen_anchor_unseen_family
119,friction_mid,Q4_combo,AQ4,1,0.6,B_seen_anchor_unseen_family,23,57,1.1400000000000001,"(4, 23)","(24, 63)","(10, 57)","(60, 157)",153,B_seen_anchor_unseen_family
119,friction_mid,Q4_combo,AQ4,1,0.6,B_seen_anchor_unseen_family,26,65,1.3,"(7, 26)","(27, 66)","(17, 65)","(67, 165)",154,B_seen_anchor_unseen_family
119,friction_mid,Q4_combo,AQ4,1,0.6,B_seen_anchor_unseen_family,29,72,1.44,"(10, 29)","(30, 69)","(25, 72)","(75, 172)",155,B_seen_anchor_unseen_family
119,friction_mid,Q4_combo,AQ4,1,0.6,B_seen_anchor_unseen_family,32,80,1.6,"(13, 32)","(33, 72)","(32, 80)","(82, 180)",156,B_seen_anchor_unseen_family
119,friction_mid,Q4_combo,AQ4,1,0.6,B_seen_anchor_unseen_family,35,87,1.74,"(16, 35)","(36, 75)","(40, 87)","(90, 187)",157,B_seen_anchor_unseen_family
119,friction_mid,Q4_combo,AQ4,1,0.6,B_seen_anchor_unseen_family,38,95,1.9000000000000001,"(19, 38)","(39, 78)","(47, 95)","(97, 195)",158,B_seen_anchor_unseen_family
119,friction_mid,Q4_combo,AQ4,1,0.6,B_seen_anchor_unseen_family,41,102,2.04,"(22, 41)","(42, 81)","(55, 102)","(105, 202)",159,B_seen_anchor_unseen_family
163,friction_low,Q4_combo,AQ0,0,0.3,B_seen_anchor_unseen_family,20,50,1.0,"(1, 20)","(21, 60)","(2, 50)","(52, 150)",160,B_seen_anchor_unseen_family
163,friction_low,Q4_combo,AQ0,0,0.3,B_seen_anchor_unseen_family,23,57,1.1400000000000001,"(4, 23)","(24, 63)","(10, 57)","(60, 157)",161,B_seen_anchor_unseen_family
163,friction_low,Q4_combo,AQ0,0,0.3,B_seen_anchor_unseen_family,25,62,1.24,"(6, 25)","(26, 65)","(15, 62)","(65, 162)",162,B_seen_anchor_unseen_family
163,friction_low,Q4_combo,AQ0,0,0.3,B_seen_anchor_unseen_family,28,70,1.4000000000000001,"(9, 28)","(29, 68)","(22, 70)","(72, 170)",163,B_seen_anchor_unseen_family
163,friction_low,Q4_combo,AQ0,0,0.3,B_seen_anchor_unseen_family,31,77,1.54,"(12, 31)","(32, 71)","(30, 77)","(80, 177)",164,B_seen_anchor_unseen_family
163,friction_low,Q4_combo,AQ0,0,0.3,B_seen_anchor_unseen_family,34,85,1.7,"(15, 34)","(35, 74)","(37, 85)","(87, 185)",165,B_seen_anchor_unseen_family
163,friction_low,Q4_combo,AQ0,0,0.3,B_seen_anchor_unseen_family,36,90,1.8,"(17, 36)","(37, 76)","(42, 90)","(92, 190)",166,B_seen_anchor_unseen_family
163,friction_low,Q4_combo,AQ0,0,0.3,B_seen_anchor_unseen_family,39,97,1.94,"(20, 39)","(40, 79)","(50, 97)","(100, 197)",167,B_seen_anchor_unseen_family
167,friction_low,Q4_combo,AQ0,1,0.3,B_seen_anchor_unseen_family,20,50,1.0,"(1, 20)","(21, 60)","(2, 50)","(52, 150)",168,B_seen_anchor_unseen_family
167,friction_low,Q4_combo,AQ0,1,0.3,B_seen_anchor_unseen_family,23,57,1.1400000000000001,"(4, 23)","(24, 63)","(10, 57)","(60, 157)",169,B_seen_anchor_unseen_family
167,friction_low,Q4_combo,AQ0,1,0.3,B_seen_anchor_unseen_family,26,65,1.3,"(7, 26)","(27, 66)","(17, 65)","(67, 165)",170,B_seen_anchor_unseen_family
167,friction_low,Q4_combo,AQ0,1,0.3,B_seen_anchor_unseen_family,29,72,1.44,"(10, 29)","(30, 69)","(25, 72)","(75, 172)",171,B_seen_anchor_unseen_family
167,friction_low,Q4_combo,AQ0,1,0.3,B_seen_anchor_unseen_family,32,80,1.6,"(13, 32)","(33, 72)","(32, 80)","(82, 180)",172,B_seen_anchor_unseen_family
167,friction_low,Q4_combo,AQ0,1,0.3,B_seen_anchor_unseen_family,35,87,1.74,"(16, 35)","(36, 75)","(40, 87)","(90, 187)",173,B_seen_anchor_unseen_family
167,friction_low,Q4_combo,AQ0,1,0.3,B_seen_anchor_unseen_family,38,95,1.9000000000000001,"(19, 38)","(39, 78)","(47, 95)","(97, 195)",174,B_seen_anchor_unseen_family
167,friction_low,Q4_combo,AQ0,1,0.3,B_seen_anchor_unseen_family,41,102,2.04,"(22, 41)","(42, 81)","(55, 102)","(105, 202)",175,B_seen_anchor_unseen_family
171,friction_low,Q4_combo,AQ1,0,0.3,B_seen_anchor_unseen_family,20,50,1.0,"(1, 20)","(21, 60)","(2, 50)","(52, 150)",176,B_seen_anchor_unseen_family
171,friction_low,Q4_combo,AQ1,0,0.3,B_seen_anchor_unseen_family,23,57,1.1400000000000001,"(4, 23)","(24, 63)","(10, 57)","(60, 157)",177,B_seen_anchor_unseen_family
171,friction_low,Q4_combo,AQ1,0,0.3,B_seen_anchor_unseen_family,25,62,1.24,"(6, 25)","(26, 65)","(15, 62)","(65, 162)",178,B_seen_anchor_unseen_family
171,friction_low,Q4_combo,AQ1,0,0.3,B_seen_anchor_unseen_family,28,70,1.4000000000000001,"(9, 28)","(29, 68)","(22, 70)","(72, 170)",179,B_seen_anchor_unseen_family
171,friction_low,Q4_combo,AQ1,0,0.3,B_seen_anchor_unseen_family,31,77,1.54,"(12, 31)","(32, 71)","(30, 77)","(80, 177)",180,B_seen_anchor_unseen_family
171,friction_low,Q4_combo,AQ1,0,0.3,B_seen_anchor_unseen_family,34,85,1.7,"(15, 34)","(35, 74)","(37, 85)","(87, 185)",181,B_seen_anchor_unseen_family
171,friction_low,Q4_combo,AQ1,0,0.3,B_seen_anchor_unseen_family,36,90,1.8,"(17, 36)","(37, 76)","(42, 90)","(92, 190)",182,B_seen_anchor_unseen_family
171,friction_low,Q4_combo,AQ1,0,0.3,B_seen_anchor_unseen_family,39,97,1.94,"(20, 39)","(40, 79)","(50, 97)","(100, 197)",183,B_seen_anchor_unseen_family
175,friction_low,Q4_combo,AQ1,1,0.3,B_seen_anchor_unseen_family,20,50,1.0,"(1, 20)","(21, 60)","(2, 50)","(52, 150)",184,B_seen_anchor_unseen_family
175,friction_low,Q4_combo,AQ1,1,0.3,B_seen_anchor_unseen_family,23,57,1.1400000000000001,"(4, 23)","(24, 63)","(10, 57)","(60, 157)",185,B_seen_anchor_unseen_family
175,friction_low,Q4_combo,AQ1,1,0.3,B_seen_anchor_unseen_family,26,65,1.3,"(7, 26)","(27, 66)","(17, 65)","(67, 165)",186,B_seen_anchor_unseen_family
175,friction_low,Q4_combo,AQ1,1,0.3,B_seen_anchor_unseen_family,29,72,1.44,"(10, 29)","(30, 69)","(25, 72)","(75, 172)",187,B_seen_anchor_unseen_family
175,friction_low,Q4_combo,AQ1,1,0.3,B_seen_anchor_unseen_family,33,82,1.6400000000000001,"(14, 33)","(34, 73)","(35, 82)","(85, 182)",188,B_seen_anchor_unseen_family
175,friction_low,Q4_combo,AQ1,1,0.3,B_seen_anchor_unseen_family,36,90,1.8,"(17, 36)","(37, 76)","(42, 90)","(92, 190)",189,B_seen_anchor_unseen_family
175,friction_low,Q4_combo,AQ1,1,0.3,B_seen_anchor_unseen_family,39,97,1.94,"(20, 39)","(40, 79)","(50, 97)","(100, 197)",190,B_seen_anchor_unseen_family
175,friction_low,Q4_combo,AQ1,1,0.3,B_seen_anchor_unseen_family,42,105,2.1,"(23, 42)","(43, 82)","(57, 105)","(107, 205)",191,B_seen_anchor_unseen_family
179,friction_low,Q4_combo,AQ2,0,0.3,B_seen_anchor_unseen_family,20,50,1.0,"(1, 20)","(21, 60)","(2, 50)","(52, 150)",192,B_seen_anchor_unseen_family
179,friction_low,Q4_combo,AQ2,0,0.3,B_seen_anchor_unseen_family,23,57,1.1400000000000001,"(4, 23)","(24, 63)","(10, 57)","(60, 157)",193,B_seen_anchor_unseen_family
179,friction_low,Q4_combo,AQ2,0,0.3,B_seen_anchor_unseen_family,25,62,1.24,"(6, 25)","(26, 65)","(15, 62)","(65, 162)",194,B_seen_anchor_unseen_family
179,friction_low,Q4_combo,AQ2,0,0.3,B_seen_anchor_unseen_family,28,70,1.4000000000000001,"(9, 28)","(29, 68)","(22, 70)","(72, 170)",195,B_seen_anchor_unseen_family
179,friction_low,Q4_combo,AQ2,0,0.3,B_seen_anchor_unseen_family,31,77,1.54,"(12, 31)","(32, 71)","(30, 77)","(80, 177)",196,B_seen_anchor_unseen_family
179,friction_low,Q4_combo,AQ2,0,0.3,B_seen_anchor_unseen_family,34,85,1.7,"(15, 34)","(35, 74)","(37, 85)","(87, 185)",197,B_seen_anchor_unseen_family
179,friction_low,Q4_combo,AQ2,0,0.3,B_seen_anchor_unseen_family,36,90,1.8,"(17, 36)","(37, 76)","(42, 90)","(92, 190)",198,B_seen_anchor_unseen_family
179,friction_low,Q4_combo,AQ2,0,0.3,B_seen_anchor_unseen_family,39,97,1.94,"(20, 39)","(40, 79)","(50, 97)","(100, 197)",199,B_seen_anchor_unseen_family
183,friction_low,Q4_combo,AQ2,1,0.3,B_seen_anchor_unseen_family,20,50,1.0,"(1, 20)","(21, 60)","(2, 50)","(52, 150)",200,B_seen_anchor_unseen_family
183,friction_low,Q4_combo,AQ2,1,0.3,B_seen_anchor_unseen_family,23,57,1.1400000000000001,"(4, 23)","(24, 63)","(10, 57)","(60, 157)",201,B_seen_anchor_unseen_family
183,friction_low,Q4_combo,AQ2,1,0.3,B_seen_anchor_unseen_family,26,65,1.3,"(7, 26)","(27, 66)","(17, 65)","(67, 165)",202,B_seen_anchor_unseen_family
183,friction_low,Q4_combo,AQ2,1,0.3,B_seen_anchor_unseen_family,29,72,1.44,"(10, 29)","(30, 69)","(25, 72)","(75, 172)",203,B_seen_anchor_unseen_family
183,friction_low,Q4_combo,AQ2,1,0.3,B_seen_anchor_unseen_family,32,80,1.6,"(13, 32)","(33, 72)","(32, 80)","(82, 180)",204,B_seen_anchor_unseen_family
183,friction_low,Q4_combo,AQ2,1,0.3,B_seen_anchor_unseen_family,35,87,1.74,"(16, 35)","(36, 75)","(40, 87)","(90, 187)",205,B_seen_anchor_unseen_family
183,friction_low,Q4_combo,AQ2,1,0.3,B_seen_anchor_unseen_family,38,95,1.9000000000000001,"(19, 38)","(39, 78)","(47, 95)","(97, 195)",206,B_seen_anchor_unseen_family
183,friction_low,Q4_combo,AQ2,1,0.3,B_seen_anchor_unseen_family,41,102,2.04,"(22, 41)","(42, 81)","(55, 102)","(105, 202)",207,B_seen_anchor_unseen_family
187,friction_low,Q4_combo,AQ3,0,0.3,B_seen_anchor_unseen_family,20,50,1.0,"(1, 20)","(21, 60)","(2, 50)","(52, 150)",208,B_seen_anchor_unseen_family
187,friction_low,Q4_combo,AQ3,0,0.3,B_seen_anchor_unseen_family,23,57,1.1400000000000001,"(4, 23)","(24, 63)","(10, 57)","(60, 157)",209,B_seen_anchor_unseen_family
187,friction_low,Q4_combo,AQ3,0,0.3,B_seen_anchor_unseen_family,25,62,1.24,"(6, 25)","(26, 65)","(15, 62)","(65, 162)",210,B_seen_anchor_unseen_family
187,friction_low,Q4_combo,AQ3,0,0.3,B_seen_anchor_unseen_family,28,70,1.4000000000000001,"(9, 28)","(29, 68)","(22, 70)","(72, 170)",211,B_seen_anchor_unseen_family
187,friction_low,Q4_combo,AQ3,0,0.3,B_seen_anchor_unseen_family,31,77,1.54,"(12, 31)","(32, 71)","(30, 77)","(80, 177)",212,B_seen_anchor_unseen_family
187,friction_low,Q4_combo,AQ3,0,0.3,B_seen_anchor_unseen_family,34,85,1.7,"(15, 34)","(35, 74)","(37, 85)","(87, 185)",213,B_seen_anchor_unseen_family
187,friction_low,Q4_combo,AQ3,0,0.3,B_seen_anchor_unseen_family,36,90,1.8,"(17, 36)","(37, 76)","(42, 90)","(92, 190)",214,B_seen_anchor_unseen_family
187,friction_low,Q4_combo,AQ3,0,0.3,B_seen_anchor_unseen_family,39,97,1.94,"(20, 39)","(40, 79)","(50, 97)","(100, 197)",215,B_seen_anchor_unseen_family
191,friction_low,Q4_combo,AQ3,1,0.3,B_seen_anchor_unseen_family,20,50,1.0,"(1, 20)","(21, 60)","(2, 50)","(52, 150)",216,B_seen_anchor_unseen_family
191,friction_low,Q4_combo,AQ3,1,0.3,B_seen_anchor_unseen_family,23,57,1.1400000000000001,"(4, 23)","(24, 63)","(10, 57)","(60, 157)",217,B_seen_anchor_unseen_family
191,friction_low,Q4_combo,AQ3,1,0.3,B_seen_anchor_unseen_family,25,62,1.24,"(6, 25)","(26, 65)","(15, 62)","(65, 162)",218,B_seen_anchor_unseen_family
191,friction_low,Q4_combo,AQ3,1,0.3,B_seen_anchor_unseen_family,28,70,1.4000000000000001,"(9, 28)","(29, 68)","(22, 70)","(72, 170)",219,B_seen_anchor_unseen_family
191,friction_low,Q4_combo,AQ3,1,0.3,B_seen_anchor_unseen_family,31,77,1.54,"(12, 31)","(32, 71)","(30, 77)","(80, 177)",220,B_seen_anchor_unseen_family
191,friction_low,Q4_combo,AQ3,1,0.3,B_seen_anchor_unseen_family,34,85,1.7,"(15, 34)","(35, 74)","(37, 85)","(87, 185)",221,B_seen_anchor_unseen_family
191,friction_low,Q4_combo,AQ3,1,0.3,B_seen_anchor_unseen_family,36,90,1.8,"(17, 36)","(37, 76)","(42, 90)","(92, 190)",222,B_seen_anchor_unseen_family
191,friction_low,Q4_combo,AQ3,1,0.3,B_seen_anchor_unseen_family,39,97,1.94,"(20, 39)","(40, 79)","(50, 97)","(100, 197)",223,B_seen_anchor_unseen_family
195,friction_low,Q4_combo,AQ4,0,0.3,B_seen_anchor_unseen_family,20,50,1.0,"(1, 20)","(21, 60)","(2, 50)","(52, 150)",224,B_seen_anchor_unseen_family
195,friction_low,Q4_combo,AQ4,0,0.3,B_seen_anchor_unseen_family,23,57,1.1400000000000001,"(4, 23)","(24, 63)","(10, 57)","(60, 157)",225,B_seen_anchor_unseen_family
195,friction_low,Q4_combo,AQ4,0,0.3,B_seen_anchor_unseen_family,25,62,1.24,"(6, 25)","(26, 65)","(15, 62)","(65, 162)",226,B_seen_anchor_unseen_family
195,friction_low,Q4_combo,AQ4,0,0.3,B_seen_anchor_unseen_family,28,70,1.4000000000000001,"(9, 28)","(29, 68)","(22, 70)","(72, 170)",227,B_seen_anchor_unseen_family
195,friction_low,Q4_combo,AQ4,0,0.3,B_seen_anchor_unseen_family,31,77,1.54,"(12, 31)","(32, 71)","(30, 77)","(80, 177)",228,B_seen_anchor_unseen_family
195,friction_low,Q4_combo,AQ4,0,0.3,B_seen_anchor_unseen_family,34,85,1.7,"(15, 34)","(35, 74)","(37, 85)","(87, 185)",229,B_seen_anchor_unseen_family
195,friction_low,Q4_combo,AQ4,0,0.3,B_seen_anchor_unseen_family,36,90,1.8,"(17, 36)","(37, 76)","(42, 90)","(92, 190)",230,B_seen_anchor_unseen_family
195,friction_low,Q4_combo,AQ4,0,0.3,B_seen_anchor_unseen_family,39,97,1.94,"(20, 39)","(40, 79)","(50, 97)","(100, 197)",231,B_seen_anchor_unseen_family
199,friction_low,Q4_combo,AQ4,1,0.3,B_seen_anchor_unseen_family,20,50,1.0,"(1, 20)","(21, 60)","(2, 50)","(52, 150)",232,B_seen_anchor_unseen_family
199,friction_low,Q4_combo,AQ4,1,0.3,B_seen_anchor_unseen_family,23,57,1.1400000000000001,"(4, 23)","(24, 63)","(10, 57)","(60, 157)",233,B_seen_anchor_unseen_family
199,friction_low,Q4_combo,AQ4,1,0.3,B_seen_anchor_unseen_family,26,65,1.3,"(7, 26)","(27, 66)","(17, 65)","(67, 165)",234,B_seen_anchor_unseen_family
199,friction_low,Q4_combo,AQ4,1,0.3,B_seen_anchor_unseen_family,29,72,1.44,"(10, 29)","(30, 69)","(25, 72)","(75, 172)",235,B_seen_anchor_unseen_family
199,friction_low,Q4_combo,AQ4,1,0.3,B_seen_anchor_unseen_family,32,80,1.6,"(13, 32)","(33, 72)","(32, 80)","(82, 180)",236,B_seen_anchor_unseen_family
199,friction_low,Q4_combo,AQ4,1,0.3,B_seen_anchor_unseen_family,35,87,1.74,"(16, 35)","(36, 75)","(40, 87)","(90, 187)",237,B_seen_anchor_unseen_family
199,friction_low,Q4_combo,AQ4,1,0.3,B_seen_anchor_unseen_family,38,95,1.9000000000000001,"(19, 38)","(39, 78)","(47, 95)","(97, 195)",238,B_seen_anchor_unseen_family
199,friction_low,Q4_combo,AQ4,1,0.3,B_seen_anchor_unseen_family,41,102,2.04,"(22, 41)","(42, 81)","(55, 102)","(105, 202)",239,B_seen_anchor_unseen_family
51,normal,Q4_combo,AQ6,0,1.0,C_unseen_anchor_unseen_family,20,50,1.0,"(1, 20)","(21, 60)","(2, 50)","(52, 150)",0,C_unseen_anchor_unseen_family
51,normal,Q4_combo,AQ6,0,1.0,C_unseen_anchor_unseen_family,23,57,1.1400000000000001,"(4, 23)","(24, 63)","(10, 57)","(60, 157)",1,C_unseen_anchor_unseen_family
51,normal,Q4_combo,AQ6,0,1.0,C_unseen_anchor_unseen_family,25,62,1.24,"(6, 25)","(26, 65)","(15, 62)","(65, 162)",2,C_unseen_anchor_unseen_family
51,normal,Q4_combo,AQ6,0,1.0,C_unseen_anchor_unseen_family,28,70,1.4000000000000001,"(9, 28)","(29, 68)","(22, 70)","(72, 170)",3,C_unseen_anchor_unseen_family
51,normal,Q4_combo,AQ6,0,1.0,C_unseen_anchor_unseen_family,31,77,1.54,"(12, 31)","(32, 71)","(30, 77)","(80, 177)",4,C_unseen_anchor_unseen_family
51,normal,Q4_combo,AQ6,0,1.0,C_unseen_anchor_unseen_family,34,85,1.7,"(15, 34)","(35, 74)","(37, 85)","(87, 185)",5,C_unseen_anchor_unseen_family
51,normal,Q4_combo,AQ6,0,1.0,C_unseen_anchor_unseen_family,36,90,1.8,"(17, 36)","(37, 76)","(42, 90)","(92, 190)",6,C_unseen_anchor_unseen_family
51,normal,Q4_combo,AQ6,0,1.0,C_unseen_anchor_unseen_family,39,97,1.94,"(20, 39)","(40, 79)","(50, 97)","(100, 197)",7,C_unseen_anchor_unseen_family
55,normal,Q4_combo,AQ6,1,1.0,C_unseen_anchor_unseen_family,20,50,1.0,"(1, 20)","(21, 60)","(2, 50)","(52, 150)",8,C_unseen_anchor_unseen_family
55,normal,Q4_combo,AQ6,1,1.0,C_unseen_anchor_unseen_family,23,57,1.1400000000000001,"(4, 23)","(24, 63)","(10, 57)","(60, 157)",9,C_unseen_anchor_unseen_family
55,normal,Q4_combo,AQ6,1,1.0,C_unseen_anchor_unseen_family,27,67,1.34,"(8, 27)","(28, 67)","(20, 67)","(70, 167)",10,C_unseen_anchor_unseen_family
55,normal,Q4_combo,AQ6,1,1.0,C_unseen_anchor_unseen_family,30,75,1.5,"(11, 30)","(31, 70)","(27, 75)","(77, 175)",11,C_unseen_anchor_unseen_family
55,normal,Q4_combo,AQ6,1,1.0,C_unseen_anchor_unseen_family,33,82,1.6400000000000001,"(14, 33)","(34, 73)","(35, 82)","(85, 182)",12,C_unseen_anchor_unseen_family
55,normal,Q4_combo,AQ6,1,1.0,C_unseen_anchor_unseen_family,36,90,1.8,"(17, 36)","(37, 76)","(42, 90)","(92, 190)",13,C_unseen_anchor_unseen_family
55,normal,Q4_combo,AQ6,1,1.0,C_unseen_anchor_unseen_family,40,100,2.0,"(21, 40)","(41, 80)","(52, 100)","(102, 200)",14,C_unseen_anchor_unseen_family
55,normal,Q4_combo,AQ6,1,1.0,C_unseen_anchor_unseen_family,43,107,2.14,"(24, 43)","(44, 83)","(60, 107)","(110, 207)",15,C_unseen_anchor_unseen_family
59,normal,Q4_combo,AQ7,0,1.0,C_unseen_anchor_unseen_family,20,50,1.0,"(1, 20)","(21, 60)","(2, 50)","(52, 150)",16,C_unseen_anchor_unseen_family
59,normal,Q4_combo,AQ7,0,1.0,C_unseen_anchor_unseen_family,23,57,1.1400000000000001,"(4, 23)","(24, 63)","(10, 57)","(60, 157)",17,C_unseen_anchor_unseen_family
59,normal,Q4_combo,AQ7,0,1.0,C_unseen_anchor_unseen_family,25,62,1.24,"(6, 25)","(26, 65)","(15, 62)","(65, 162)",18,C_unseen_anchor_unseen_family
59,normal,Q4_combo,AQ7,0,1.0,C_unseen_anchor_unseen_family,28,70,1.4000000000000001,"(9, 28)","(29, 68)","(22, 70)","(72, 170)",19,C_unseen_anchor_unseen_family
59,normal,Q4_combo,AQ7,0,1.0,C_unseen_anchor_unseen_family,31,77,1.54,"(12, 31)","(32, 71)","(30, 77)","(80, 177)",20,C_unseen_anchor_unseen_family
59,normal,Q4_combo,AQ7,0,1.0,C_unseen_anchor_unseen_family,34,85,1.7,"(15, 34)","(35, 74)","(37, 85)","(87, 185)",21,C_unseen_anchor_unseen_family
59,normal,Q4_combo,AQ7,0,1.0,C_unseen_anchor_unseen_family,36,90,1.8,"(17, 36)","(37, 76)","(42, 90)","(92, 190)",22,C_unseen_anchor_unseen_family
59,normal,Q4_combo,AQ7,0,1.0,C_unseen_anchor_unseen_family,39,97,1.94,"(20, 39)","(40, 79)","(50, 97)","(100, 197)",23,C_unseen_anchor_unseen_family
63,normal,Q4_combo,AQ7,1,1.0,C_unseen_anchor_unseen_family,20,50,1.0,"(1, 20)","(21, 60)","(2, 50)","(52, 150)",24,C_unseen_anchor_unseen_family
63,normal,Q4_combo,AQ7,1,1.0,C_unseen_anchor_unseen_family,22,55,1.1,"(3, 22)","(23, 62)","(7, 55)","(57, 155)",25,C_unseen_anchor_unseen_family
63,normal,Q4_combo,AQ7,1,1.0,C_unseen_anchor_unseen_family,25,62,1.24,"(6, 25)","(26, 65)","(15, 62)","(65, 162)",26,C_unseen_anchor_unseen_family
63,normal,Q4_combo,AQ7,1,1.0,C_unseen_anchor_unseen_family,27,67,1.34,"(8, 27)","(28, 67)","(20, 67)","(70, 167)",27,C_unseen_anchor_unseen_family
63,normal,Q4_combo,AQ7,1,1.0,C_unseen_anchor_unseen_family,30,75,1.5,"(11, 30)","(31, 70)","(27, 75)","(77, 175)",28,C_unseen_anchor_unseen_family
63,normal,Q4_combo,AQ7,1,1.0,C_unseen_anchor_unseen_family,32,80,1.6,"(13, 32)","(33, 72)","(32, 80)","(82, 180)",29,C_unseen_anchor_unseen_family
63,normal,Q4_combo,AQ7,1,1.0,C_unseen_anchor_unseen_family,35,87,1.74,"(16, 35)","(36, 75)","(40, 87)","(90, 187)",30,C_unseen_anchor_unseen_family
63,normal,Q4_combo,AQ7,1,1.0,C_unseen_anchor_unseen_family,37,92,1.84,"(18, 37)","(38, 77)","(45, 92)","(95, 192)",31,C_unseen_anchor_unseen_family
131,friction_mid,Q4_combo,AQ6,0,0.6,C_unseen_anchor_unseen_family,20,50,1.0,"(1, 20)","(21, 60)","(2, 50)","(52, 150)",32,C_unseen_anchor_unseen_family
131,friction_mid,Q4_combo,AQ6,0,0.6,C_unseen_anchor_unseen_family,23,57,1.1400000000000001,"(4, 23)","(24, 63)","(10, 57)","(60, 157)",33,C_unseen_anchor_unseen_family
131,friction_mid,Q4_combo,AQ6,0,0.6,C_unseen_anchor_unseen_family,25,62,1.24,"(6, 25)","(26, 65)","(15, 62)","(65, 162)",34,C_unseen_anchor_unseen_family
131,friction_mid,Q4_combo,AQ6,0,0.6,C_unseen_anchor_unseen_family,28,70,1.4000000000000001,"(9, 28)","(29, 68)","(22, 70)","(72, 170)",35,C_unseen_anchor_unseen_family
131,friction_mid,Q4_combo,AQ6,0,0.6,C_unseen_anchor_unseen_family,31,77,1.54,"(12, 31)","(32, 71)","(30, 77)","(80, 177)",36,C_unseen_anchor_unseen_family
131,friction_mid,Q4_combo,AQ6,0,0.6,C_unseen_anchor_unseen_family,34,85,1.7,"(15, 34)","(35, 74)","(37, 85)","(87, 185)",37,C_unseen_anchor_unseen_family
131,friction_mid,Q4_combo,AQ6,0,0.6,C_unseen_anchor_unseen_family,36,90,1.8,"(17, 36)","(37, 76)","(42, 90)","(92, 190)",38,C_unseen_anchor_unseen_family
131,friction_mid,Q4_combo,AQ6,0,0.6,C_unseen_anchor_unseen_family,39,97,1.94,"(20, 39)","(40, 79)","(50, 97)","(100, 197)",39,C_unseen_anchor_unseen_family
135,friction_mid,Q4_combo,AQ6,1,0.6,C_unseen_anchor_unseen_family,20,50,1.0,"(1, 20)","(21, 60)","(2, 50)","(52, 150)",40,C_unseen_anchor_unseen_family
135,friction_mid,Q4_combo,AQ6,1,0.6,C_unseen_anchor_unseen_family,23,57,1.1400000000000001,"(4, 23)","(24, 63)","(10, 57)","(60, 157)",41,C_unseen_anchor_unseen_family
135,friction_mid,Q4_combo,AQ6,1,0.6,C_unseen_anchor_unseen_family,27,67,1.34,"(8, 27)","(28, 67)","(20, 67)","(70, 167)",42,C_unseen_anchor_unseen_family
135,friction_mid,Q4_combo,AQ6,1,0.6,C_unseen_anchor_unseen_family,30,75,1.5,"(11, 30)","(31, 70)","(27, 75)","(77, 175)",43,C_unseen_anchor_unseen_family
135,friction_mid,Q4_combo,AQ6,1,0.6,C_unseen_anchor_unseen_family,33,82,1.6400000000000001,"(14, 33)","(34, 73)","(35, 82)","(85, 182)",44,C_unseen_anchor_unseen_family
135,friction_mid,Q4_combo,AQ6,1,0.6,C_unseen_anchor_unseen_family,36,90,1.8,"(17, 36)","(37, 76)","(42, 90)","(92, 190)",45,C_unseen_anchor_unseen_family
135,friction_mid,Q4_combo,AQ6,1,0.6,C_unseen_anchor_unseen_family,40,100,2.0,"(21, 40)","(41, 80)","(52, 100)","(102, 200)",46,C_unseen_anchor_unseen_family
135,friction_mid,Q4_combo,AQ6,1,0.6,C_unseen_anchor_unseen_family,43,107,2.14,"(24, 43)","(44, 83)","(60, 107)","(110, 207)",47,C_unseen_anchor_unseen_family
139,friction_mid,Q4_combo,AQ7,0,0.6,C_unseen_anchor_unseen_family,20,50,1.0,"(1, 20)","(21, 60)","(2, 50)","(52, 150)",48,C_unseen_anchor_unseen_family
139,friction_mid,Q4_combo,AQ7,0,0.6,C_unseen_anchor_unseen_family,23,57,1.1400000000000001,"(4, 23)","(24, 63)","(10, 57)","(60, 157)",49,C_unseen_anchor_unseen_family
139,friction_mid,Q4_combo,AQ7,0,0.6,C_unseen_anchor_unseen_family,25,62,1.24,"(6, 25)","(26, 65)","(15, 62)","(65, 162)",50,C_unseen_anchor_unseen_family
139,friction_mid,Q4_combo,AQ7,0,0.6,C_unseen_anchor_unseen_family,28,70,1.4000000000000001,"(9, 28)","(29, 68)","(22, 70)","(72, 170)",51,C_unseen_anchor_unseen_family
139,friction_mid,Q4_combo,AQ7,0,0.6,C_unseen_anchor_unseen_family,31,77,1.54,"(12, 31)","(32, 71)","(30, 77)","(80, 177)",52,C_unseen_anchor_unseen_family
139,friction_mid,Q4_combo,AQ7,0,0.6,C_unseen_anchor_unseen_family,34,85,1.7,"(15, 34)","(35, 74)","(37, 85)","(87, 185)",53,C_unseen_anchor_unseen_family
139,friction_mid,Q4_combo,AQ7,0,0.6,C_unseen_anchor_unseen_family,36,90,1.8,"(17, 36)","(37, 76)","(42, 90)","(92, 190)",54,C_unseen_anchor_unseen_family
139,friction_mid,Q4_combo,AQ7,0,0.6,C_unseen_anchor_unseen_family,39,97,1.94,"(20, 39)","(40, 79)","(50, 97)","(100, 197)",55,C_unseen_anchor_unseen_family
143,friction_mid,Q4_combo,AQ7,1,0.6,C_unseen_anchor_unseen_family,20,50,1.0,"(1, 20)","(21, 60)","(2, 50)","(52, 150)",56,C_unseen_anchor_unseen_family
143,friction_mid,Q4_combo,AQ7,1,0.6,C_unseen_anchor_unseen_family,22,55,1.1,"(3, 22)","(23, 62)","(7, 55)","(57, 155)",57,C_unseen_anchor_unseen_family
143,friction_mid,Q4_combo,AQ7,1,0.6,C_unseen_anchor_unseen_family,25,62,1.24,"(6, 25)","(26, 65)","(15, 62)","(65, 162)",58,C_unseen_anchor_unseen_family
143,friction_mid,Q4_combo,AQ7,1,0.6,C_unseen_anchor_unseen_family,27,67,1.34,"(8, 27)","(28, 67)","(20, 67)","(70, 167)",59,C_unseen_anchor_unseen_family
143,friction_mid,Q4_combo,AQ7,1,0.6,C_unseen_anchor_unseen_family,30,75,1.5,"(11, 30)","(31, 70)","(27, 75)","(77, 175)",60,C_unseen_anchor_unseen_family
143,friction_mid,Q4_combo,AQ7,1,0.6,C_unseen_anchor_unseen_family,32,80,1.6,"(13, 32)","(33, 72)","(32, 80)","(82, 180)",61,C_unseen_anchor_unseen_family
143,friction_mid,Q4_combo,AQ7,1,0.6,C_unseen_anchor_unseen_family,35,87,1.74,"(16, 35)","(36, 75)","(40, 87)","(90, 187)",62,C_unseen_anchor_unseen_family
143,friction_mid,Q4_combo,AQ7,1,0.6,C_unseen_anchor_unseen_family,37,92,1.84,"(18, 37)","(38, 77)","(45, 92)","(95, 192)",63,C_unseen_anchor_unseen_family
211,friction_low,Q4_combo,AQ6,0,0.3,C_unseen_anchor_unseen_family,20,50,1.0,"(1, 20)","(21, 60)","(2, 50)","(52, 150)",64,C_unseen_anchor_unseen_family
211,friction_low,Q4_combo,AQ6,0,0.3,C_unseen_anchor_unseen_family,23,57,1.1400000000000001,"(4, 23)","(24, 63)","(10, 57)","(60, 157)",65,C_unseen_anchor_unseen_family
211,friction_low,Q4_combo,AQ6,0,0.3,C_unseen_anchor_unseen_family,25,62,1.24,"(6, 25)","(26, 65)","(15, 62)","(65, 162)",66,C_unseen_anchor_unseen_family
211,friction_low,Q4_combo,AQ6,0,0.3,C_unseen_anchor_unseen_family,28,70,1.4000000000000001,"(9, 28)","(29, 68)","(22, 70)","(72, 170)",67,C_unseen_anchor_unseen_family
211,friction_low,Q4_combo,AQ6,0,0.3,C_unseen_anchor_unseen_family,31,77,1.54,"(12, 31)","(32, 71)","(30, 77)","(80, 177)",68,C_unseen_anchor_unseen_family
211,friction_low,Q4_combo,AQ6,0,0.3,C_unseen_anchor_unseen_family,34,85,1.7,"(15, 34)","(35, 74)","(37, 85)","(87, 185)",69,C_unseen_anchor_unseen_family
211,friction_low,Q4_combo,AQ6,0,0.3,C_unseen_anchor_unseen_family,36,90,1.8,"(17, 36)","(37, 76)","(42, 90)","(92, 190)",70,C_unseen_anchor_unseen_family
211,friction_low,Q4_combo,AQ6,0,0.3,C_unseen_anchor_unseen_family,39,97,1.94,"(20, 39)","(40, 79)","(50, 97)","(100, 197)",71,C_unseen_anchor_unseen_family
215,friction_low,Q4_combo,AQ6,1,0.3,C_unseen_anchor_unseen_family,20,50,1.0,"(1, 20)","(21, 60)","(2, 50)","(52, 150)",72,C_unseen_anchor_unseen_family
215,friction_low,Q4_combo,AQ6,1,0.3,C_unseen_anchor_unseen_family,23,57,1.1400000000000001,"(4, 23)","(24, 63)","(10, 57)","(60, 157)",73,C_unseen_anchor_unseen_family
215,friction_low,Q4_combo,AQ6,1,0.3,C_unseen_anchor_unseen_family,27,67,1.34,"(8, 27)","(28, 67)","(20, 67)","(70, 167)",74,C_unseen_anchor_unseen_family
215,friction_low,Q4_combo,AQ6,1,0.3,C_unseen_anchor_unseen_family,30,75,1.5,"(11, 30)","(31, 70)","(27, 75)","(77, 175)",75,C_unseen_anchor_unseen_family
215,friction_low,Q4_combo,AQ6,1,0.3,C_unseen_anchor_unseen_family,33,82,1.6400000000000001,"(14, 33)","(34, 73)","(35, 82)","(85, 182)",76,C_unseen_anchor_unseen_family
215,friction_low,Q4_combo,AQ6,1,0.3,C_unseen_anchor_unseen_family,36,90,1.8,"(17, 36)","(37, 76)","(42, 90)","(92, 190)",77,C_unseen_anchor_unseen_family
215,friction_low,Q4_combo,AQ6,1,0.3,C_unseen_anchor_unseen_family,40,100,2.0,"(21, 40)","(41, 80)","(52, 100)","(102, 200)",78,C_unseen_anchor_unseen_family
215,friction_low,Q4_combo,AQ6,1,0.3,C_unseen_anchor_unseen_family,43,107,2.14,"(24, 43)","(44, 83)","(60, 107)","(110, 207)",79,C_unseen_anchor_unseen_family
219,friction_low,Q4_combo,AQ7,0,0.3,C_unseen_anchor_unseen_family,20,50,1.0,"(1, 20)","(21, 60)","(2, 50)","(52, 150)",80,C_unseen_anchor_unseen_family
219,friction_low,Q4_combo,AQ7,0,0.3,C_unseen_anchor_unseen_family,23,57,1.1400000000000001,"(4, 23)","(24, 63)","(10, 57)","(60, 157)",81,C_unseen_anchor_unseen_family
219,friction_low,Q4_combo,AQ7,0,0.3,C_unseen_anchor_unseen_family,25,62,1.24,"(6, 25)","(26, 65)","(15, 62)","(65, 162)",82,C_unseen_anchor_unseen_family
219,friction_low,Q4_combo,AQ7,0,0.3,C_unseen_anchor_unseen_family,28,70,1.4000000000000001,"(9, 28)","(29, 68)","(22, 70)","(72, 170)",83,C_unseen_anchor_unseen_family
219,friction_low,Q4_combo,AQ7,0,0.3,C_unseen_anchor_unseen_family,31,77,1.54,"(12, 31)","(32, 71)","(30, 77)","(80, 177)",84,C_unseen_anchor_unseen_family
219,friction_low,Q4_combo,AQ7,0,0.3,C_unseen_anchor_unseen_family,34,85,1.7,"(15, 34)","(35, 74)","(37, 85)","(87, 185)",85,C_unseen_anchor_unseen_family
219,friction_low,Q4_combo,AQ7,0,0.3,C_unseen_anchor_unseen_family,36,90,1.8,"(17, 36)","(37, 76)","(42, 90)","(92, 190)",86,C_unseen_anchor_unseen_family
219,friction_low,Q4_combo,AQ7,0,0.3,C_unseen_anchor_unseen_family,39,97,1.94,"(20, 39)","(40, 79)","(50, 97)","(100, 197)",87,C_unseen_anchor_unseen_family
223,friction_low,Q4_combo,AQ7,1,0.3,C_unseen_anchor_unseen_family,20,50,1.0,"(1, 20)","(21, 60)","(2, 50)","(52, 150)",88,C_unseen_anchor_unseen_family
223,friction_low,Q4_combo,AQ7,1,0.3,C_unseen_anchor_unseen_family,22,55,1.1,"(3, 22)","(23, 62)","(7, 55)","(57, 155)",89,C_unseen_anchor_unseen_family
223,friction_low,Q4_combo,AQ7,1,0.3,C_unseen_anchor_unseen_family,25,62,1.24,"(6, 25)","(26, 65)","(15, 62)","(65, 162)",90,C_unseen_anchor_unseen_family
223,friction_low,Q4_combo,AQ7,1,0.3,C_unseen_anchor_unseen_family,27,67,1.34,"(8, 27)","(28, 67)","(20, 67)","(70, 167)",91,C_unseen_anchor_unseen_family
223,friction_low,Q4_combo,AQ7,1,0.3,C_unseen_anchor_unseen_family,30,75,1.5,"(11, 30)","(31, 70)","(27, 75)","(77, 175)",92,C_unseen_anchor_unseen_family
223,friction_low,Q4_combo,AQ7,1,0.3,C_unseen_anchor_unseen_family,32,80,1.6,"(13, 32)","(33, 72)","(32, 80)","(82, 180)",93,C_unseen_anchor_unseen_family
223,friction_low,Q4_combo,AQ7,1,0.3,C_unseen_anchor_unseen_family,35,87,1.74,"(16, 35)","(36, 75)","(40, 87)","(90, 187)",94,C_unseen_anchor_unseen_family
223,friction_low,Q4_combo,AQ7,1,0.3,C_unseen_anchor_unseen_family,37,92,1.84,"(18, 37)","(38, 77)","(45, 92)","(95, 192)",95,C_unseen_anchor_unseen_family
43,normal,Q4_combo,AQ5,0,1.0,supp_AQ5xQ4,20,50,1.0,"(1, 20)","(21, 60)","(2, 50)","(52, 150)",0,supp_AQ5xQ4
43,normal,Q4_combo,AQ5,0,1.0,supp_AQ5xQ4,23,57,1.1400000000000001,"(4, 23)","(24, 63)","(10, 57)","(60, 157)",1,supp_AQ5xQ4
43,normal,Q4_combo,AQ5,0,1.0,supp_AQ5xQ4,25,62,1.24,"(6, 25)","(26, 65)","(15, 62)","(65, 162)",2,supp_AQ5xQ4
43,normal,Q4_combo,AQ5,0,1.0,supp_AQ5xQ4,28,70,1.4000000000000001,"(9, 28)","(29, 68)","(22, 70)","(72, 170)",3,supp_AQ5xQ4
43,normal,Q4_combo,AQ5,0,1.0,supp_AQ5xQ4,31,77,1.54,"(12, 31)","(32, 71)","(30, 77)","(80, 177)",4,supp_AQ5xQ4
43,normal,Q4_combo,AQ5,0,1.0,supp_AQ5xQ4,34,85,1.7,"(15, 34)","(35, 74)","(37, 85)","(87, 185)",5,supp_AQ5xQ4
43,normal,Q4_combo,AQ5,0,1.0,supp_AQ5xQ4,36,90,1.8,"(17, 36)","(37, 76)","(42, 90)","(92, 190)",6,supp_AQ5xQ4
43,normal,Q4_combo,AQ5,0,1.0,supp_AQ5xQ4,39,97,1.94,"(20, 39)","(40, 79)","(50, 97)","(100, 197)",7,supp_AQ5xQ4
47,normal,Q4_combo,AQ5,1,1.0,supp_AQ5xQ4,20,50,1.0,"(1, 20)","(21, 60)","(2, 50)","(52, 150)",8,supp_AQ5xQ4
47,normal,Q4_combo,AQ5,1,1.0,supp_AQ5xQ4,24,60,1.2,"(5, 24)","(25, 64)","(12, 60)","(62, 160)",9,supp_AQ5xQ4
47,normal,Q4_combo,AQ5,1,1.0,supp_AQ5xQ4,27,67,1.34,"(8, 27)","(28, 67)","(20, 67)","(70, 167)",10,supp_AQ5xQ4
47,normal,Q4_combo,AQ5,1,1.0,supp_AQ5xQ4,31,77,1.54,"(12, 31)","(32, 71)","(30, 77)","(80, 177)",11,supp_AQ5xQ4
47,normal,Q4_combo,AQ5,1,1.0,supp_AQ5xQ4,34,85,1.7,"(15, 34)","(35, 74)","(37, 85)","(87, 185)",12,supp_AQ5xQ4
47,normal,Q4_combo,AQ5,1,1.0,supp_AQ5xQ4,38,95,1.9000000000000001,"(19, 38)","(39, 78)","(47, 95)","(97, 195)",13,supp_AQ5xQ4
47,normal,Q4_combo,AQ5,1,1.0,supp_AQ5xQ4,41,102,2.04,"(22, 41)","(42, 81)","(55, 102)","(105, 202)",14,supp_AQ5xQ4
47,normal,Q4_combo,AQ5,1,1.0,supp_AQ5xQ4,45,112,2.24,"(26, 45)","(46, 85)","(65, 112)","(115, 212)",15,supp_AQ5xQ4
123,friction_mid,Q4_combo,AQ5,0,0.6,supp_AQ5xQ4,20,50,1.0,"(1, 20)","(21, 60)","(2, 50)","(52, 150)",16,supp_AQ5xQ4
123,friction_mid,Q4_combo,AQ5,0,0.6,supp_AQ5xQ4,23,57,1.1400000000000001,"(4, 23)","(24, 63)","(10, 57)","(60, 157)",17,supp_AQ5xQ4
123,friction_mid,Q4_combo,AQ5,0,0.6,supp_AQ5xQ4,25,62,1.24,"(6, 25)","(26, 65)","(15, 62)","(65, 162)",18,supp_AQ5xQ4
123,friction_mid,Q4_combo,AQ5,0,0.6,supp_AQ5xQ4,28,70,1.4000000000000001,"(9, 28)","(29, 68)","(22, 70)","(72, 170)",19,supp_AQ5xQ4
123,friction_mid,Q4_combo,AQ5,0,0.6,supp_AQ5xQ4,31,77,1.54,"(12, 31)","(32, 71)","(30, 77)","(80, 177)",20,supp_AQ5xQ4
123,friction_mid,Q4_combo,AQ5,0,0.6,supp_AQ5xQ4,34,85,1.7,"(15, 34)","(35, 74)","(37, 85)","(87, 185)",21,supp_AQ5xQ4
123,friction_mid,Q4_combo,AQ5,0,0.6,supp_AQ5xQ4,36,90,1.8,"(17, 36)","(37, 76)","(42, 90)","(92, 190)",22,supp_AQ5xQ4
123,friction_mid,Q4_combo,AQ5,0,0.6,supp_AQ5xQ4,39,97,1.94,"(20, 39)","(40, 79)","(50, 97)","(100, 197)",23,supp_AQ5xQ4
127,friction_mid,Q4_combo,AQ5,1,0.6,supp_AQ5xQ4,20,50,1.0,"(1, 20)","(21, 60)","(2, 50)","(52, 150)",24,supp_AQ5xQ4
127,friction_mid,Q4_combo,AQ5,1,0.6,supp_AQ5xQ4,24,60,1.2,"(5, 24)","(25, 64)","(12, 60)","(62, 160)",25,supp_AQ5xQ4
127,friction_mid,Q4_combo,AQ5,1,0.6,supp_AQ5xQ4,27,67,1.34,"(8, 27)","(28, 67)","(20, 67)","(70, 167)",26,supp_AQ5xQ4
127,friction_mid,Q4_combo,AQ5,1,0.6,supp_AQ5xQ4,31,77,1.54,"(12, 31)","(32, 71)","(30, 77)","(80, 177)",27,supp_AQ5xQ4
127,friction_mid,Q4_combo,AQ5,1,0.6,supp_AQ5xQ4,34,85,1.7,"(15, 34)","(35, 74)","(37, 85)","(87, 185)",28,supp_AQ5xQ4
127,friction_mid,Q4_combo,AQ5,1,0.6,supp_AQ5xQ4,38,95,1.9000000000000001,"(19, 38)","(39, 78)","(47, 95)","(97, 195)",29,supp_AQ5xQ4
127,friction_mid,Q4_combo,AQ5,1,0.6,supp_AQ5xQ4,41,102,2.04,"(22, 41)","(42, 81)","(55, 102)","(105, 202)",30,supp_AQ5xQ4
127,friction_mid,Q4_combo,AQ5,1,0.6,supp_AQ5xQ4,45,112,2.24,"(26, 45)","(46, 85)","(65, 112)","(115, 212)",31,supp_AQ5xQ4
203,friction_low,Q4_combo,AQ5,0,0.3,supp_AQ5xQ4,20,50,1.0,"(1, 20)","(21, 60)","(2, 50)","(52, 150)",32,supp_AQ5xQ4
203,friction_low,Q4_combo,AQ5,0,0.3,supp_AQ5xQ4,23,57,1.1400000000000001,"(4, 23)","(24, 63)","(10, 57)","(60, 157)",33,supp_AQ5xQ4
203,friction_low,Q4_combo,AQ5,0,0.3,supp_AQ5xQ4,25,62,1.24,"(6, 25)","(26, 65)","(15, 62)","(65, 162)",34,supp_AQ5xQ4
203,friction_low,Q4_combo,AQ5,0,0.3,supp_AQ5xQ4,28,70,1.4000000000000001,"(9, 28)","(29, 68)","(22, 70)","(72, 170)",35,supp_AQ5xQ4
203,friction_low,Q4_combo,AQ5,0,0.3,supp_AQ5xQ4,31,77,1.54,"(12, 31)","(32, 71)","(30, 77)","(80, 177)",36,supp_AQ5xQ4
203,friction_low,Q4_combo,AQ5,0,0.3,supp_AQ5xQ4,34,85,1.7,"(15, 34)","(35, 74)","(37, 85)","(87, 185)",37,supp_AQ5xQ4
203,friction_low,Q4_combo,AQ5,0,0.3,supp_AQ5xQ4,36,90,1.8,"(17, 36)","(37, 76)","(42, 90)","(92, 190)",38,supp_AQ5xQ4
203,friction_low,Q4_combo,AQ5,0,0.3,supp_AQ5xQ4,39,97,1.94,"(20, 39)","(40, 79)","(50, 97)","(100, 197)",39,supp_AQ5xQ4
207,friction_low,Q4_combo,AQ5,1,0.3,supp_AQ5xQ4,20,50,1.0,"(1, 20)","(21, 60)","(2, 50)","(52, 150)",40,supp_AQ5xQ4
207,friction_low,Q4_combo,AQ5,1,0.3,supp_AQ5xQ4,24,60,1.2,"(5, 24)","(25, 64)","(12, 60)","(62, 160)",41,supp_AQ5xQ4
207,friction_low,Q4_combo,AQ5,1,0.3,supp_AQ5xQ4,27,67,1.34,"(8, 27)","(28, 67)","(20, 67)","(70, 167)",42,supp_AQ5xQ4
207,friction_low,Q4_combo,AQ5,1,0.3,supp_AQ5xQ4,31,77,1.54,"(12, 31)","(32, 71)","(30, 77)","(80, 177)",43,supp_AQ5xQ4
207,friction_low,Q4_combo,AQ5,1,0.3,supp_AQ5xQ4,34,85,1.7,"(15, 34)","(35, 74)","(37, 85)","(87, 185)",44,supp_AQ5xQ4
207,friction_low,Q4_combo,AQ5,1,0.3,supp_AQ5xQ4,38,95,1.9000000000000001,"(19, 38)","(39, 78)","(47, 95)","(97, 195)",45,supp_AQ5xQ4
207,friction_low,Q4_combo,AQ5,1,0.3,supp_AQ5xQ4,41,102,2.04,"(22, 41)","(42, 81)","(55, 102)","(105, 202)",46,supp_AQ5xQ4
207,friction_low,Q4_combo,AQ5,1,0.3,supp_AQ5xQ4,45,112,2.24,"(26, 45)","(46, 85)","(65, 112)","(115, 212)",47,supp_AQ5xQ4
